PDGFD	4.63101195459687
SLC40A1	4.23584447972051
LRRC32	4.22345402620509
SLC1A3	4.19309543234705
PPL	4.18849672990892
MAFB	4.18342064139195
SPON1	4.04041896771743
FABP3	4.01295487036814
CFH	3.98182483227183
ABCA9	3.97748465367412
BEX4	3.87202938749233
ADAMTS12	3.87084573336248
APOE	3.84549009017608
BCL2	3.82820053432633
HMGCS1	3.80448307244818
PCSK9	3.80142000321477
PDGFRL	3.77742835078719
PROS1	3.77065884577942
MSMO1	3.71681354622694
RRAGD	3.69516113087175
MVD	3.66415144319639
ABCA6	3.66406862321193
VEGFB	3.65390321040579
FMO1	3.63556902116858
DEPP1	3.63269817566612
SETBP1	3.63086304799073
MAN1C1	3.62342082347158
ZNF704	3.60687361920485
IDI1	3.60675661204688
INMT	3.59805677961122
PRXL2A	3.5760292204142
INSIG1	3.55851109612652
OGN	3.55457458290057
CREG1	3.54415738458488
SLC7A8	3.51162205552421
CORO7	3.50037672287224
STEAP4	3.49094076258987
GPNMB	3.4824326306947
PLXDC1	3.47528982731904
SLC39A8	3.45781553692173
RARRES2	3.45130885237103
ACSS2	3.45006520973174
CYP27A1	3.44600075771855
AKNA	3.44157881215424
RSPO3	3.43277239316432
AMDHD2	3.43075502794854
PDPN	3.43059795992473
VSTM4	3.42891466855402
GPRC5B	3.41498305546265
PPARGC1A	3.36648506267008
CNTN1	3.36222858512517
MARCKSL1	3.35432523271279
CLIC2	3.33365444385737
PLD1	3.32347019128265
SLC6A15	3.3227464819
PTGES	3.31726897885934
NCR3LG1	3.30861865712285
ABCB4	3.28757444091361
FASN	3.28071677393813
STON2	3.27441017773596
CLCN7	3.2618522159209
CLCN6	3.25489300743549
THRB	3.25386199573108
TNFAIP6	3.24085349153416
MAN1A1	3.2395712840549
CYP51A1	3.23329509233172
RAB3IL1	3.22459934267302
SV2A	3.21798723885105
PNRC1	3.20704857696031
FRRS1	3.20062104711123
APOD	3.19927204212922
ADH1B	3.1979781962046
MYLIP	3.19334681718364
BCL2L11	3.19254529345938
DHCR7	3.18863137907762
ARHGEF3	3.18852289545345
C1QTNF6	3.18191458382839
HMGCR	3.1643099527022
ABCA1	3.16214512889903
TXLNB	3.15492833233956
MTSS1	3.15389595691813
MDK	3.15308134143615
ARHGAP26	3.13993572163024
CTNS	3.13540288871086
C2	3.13239339336659
BMF	3.12871875727943
SQLE	3.12213436704837
SLIT3	3.11665399583179
RXFP1	3.11187033250319
CLN3	3.10907892790427
TMEM176B	3.10561768131577
RUBCNL	3.10415590927777
CCDC69	3.09552217219754
STUM	3.09533046790787
TRIM63	3.08827140598701
GPC3	3.08604665472304
GNPDA1	3.06262110304822
IRX6	3.06029453897875
RRAGC	3.0583034151797
CRISPLD1	3.05525737381615
TBC1D2B	3.0356001520488
CTSL	3.03509379135287
PKD1L2	3.02998269195943
SNX2	3.02698422395977
CCN5	3.02255186567487
C1RL	3.01894298278262
MAP3K12	3.01465746197371
KDSR	3.01277104177703
EDNRA	3.0110081449907
OMG	3.00765394010324
SHC2	2.99990723434027
LPIN1	2.99935510133826
CPVL	2.9983085530373
HRK	2.99749890604321
ZCCHC14	2.99548317763715
BHLHE22	2.99542135670366
COL24A1	2.994311488821
SMO	2.99036068331175
ESR1	2.98741270383372
ACSS1	2.98221539059238
ACOT1	2.98198793222619
GYPC	2.98075482675847
IDH1	2.97905758008481
COL21A1	2.97859270759028
PHYH	2.97159990339102
LIPA	2.97010611296606
RIPOR3	2.94417503098516
RAPGEF6	2.94296305790207
PPM1L	2.94237174941245
ANK2	2.93109444906059
DEPTOR	2.92764790653695
SLC38A4	2.92713883273795
TBC1D3D	2.92698878742272
MTUS1	2.92648149463512
HES1	2.9242142150388
GPX4	2.92083864372712
EGR2	2.9189451240535
VANGL2	2.90991084721081
DCLK1	2.90784571565392
FAM180B	2.90755596722136
MMP27	2.90579177590402
CHI3L1	2.90151978280867
FAM110B	2.90142733029602
COL14A1	2.90020214940014
MMP11	2.89418658971534
SREBF2	2.89121440273022
MMAB	2.8905899830698
MX1	2.88345360718909
ANKRD6	2.87564769568515
SMPDL3A	2.87279508464647
SLC9A9	2.87039206244217
CES1	2.86814460921843
SOS1	2.86650386866401
AQP9	2.86518582405508
IL6	2.86424210940037
MTHFR	2.86376581265143
FMO2	2.86029792759525
SLC38A7	2.8592094880823
KIAA0930	2.85910124363295
CLCN5	2.85557522637889
ADCY1	2.85349857826916
PLEKHH2	2.84766312611686
PHKG1	2.84754677240737
SLC7A2	2.84328730564521
FEZ1	2.83774576510169
MTMR9LP	2.83130312274504
MOB3B	2.83041757923775
RAB29	2.82950949651698
DGLUCY	2.8286035758454
CD302	2.82820084337584
ZNF436	2.82815131628683
HSD17B14	2.82733489233449
CD276	2.81799117190647
RPS28	2.81239383054152
KLF9	2.80867756933141
GAB1	2.80751788090249
KLHL24	2.80665446964786
SLC7A7	2.80255914929127
RBP1	2.79818004606353
TCF7L2	2.79651512938586
PREX2	2.79512544201247
TSKU	2.79323982559165
OGFRL1	2.78521556000176
TMEM176A	2.78320051608338
FABP5P7	2.7818461635786
PEPD	2.78089237009844
CTSK	2.78067111029104
GPRIN3	2.77861964057034
ARRDC3	2.77800483370059
DPT	2.77713914374193
DVL2	2.77370675283241
WNT11	2.77286823598416
DMKN	2.76614496152327
IL18R1	2.76342804174929
IL16	2.76133732926631
TPRG1	2.76048314157844
CCDC102B	2.75342204663286
CRYM	2.75123536283927
FOS	2.73902255229202
PRRG3	2.73572185083155
ACSL1	2.73161552144418
TSPAN11	2.73030987226603
TPCN1	2.72698137668364
FADS1	2.72627532994732
LRP1B	2.72366000808941
TPST1	2.71242778141183
ASAP3	2.7057359513371
ADAMTS8	2.70323734721934
STAP2	2.69648923934108
CERT1	2.69617149288853
CEBPA	2.69192819459698
FDPS	2.69017270466618
ZNF106	2.68414202121218
PLEKHG1	2.68407947406114
CYBRD1	2.68075396284487
PDZD2	2.67652734313541
FNIP1	2.67592243411831
MCOLN1	2.67560795579522
OMD	2.67263649834358
GLI3	2.67145598875332
BRINP1	2.66864831247333
MCOLN3	2.66740635160866
WBP2	2.66576261452027
PDK3	2.65898721685904
NOX4	2.65538818692186
RASSF4	2.65388772789339
ADGRA3P1	2.65284340050604
TRIL	2.65175923780128
TSHZ2	2.65077816494397
NARS2	2.64179367523744
AKR1C2	2.63767466891513
GEM	2.6366137335741
APOC1	2.63625831875646
FZD3	2.63579642575125
SCD	2.63264781297961
RENBP	2.63079853721322
LTBR	2.62732254067628
NSMAF	2.62619516307277
CYP7B1	2.62273917777395
PIR	2.62166813059368
GASK1B	2.6189714926019
CELF6	2.61820412469921
BOD1	2.61547008006024
SECTM1	2.61541365777359
SREBF1	2.61532334663382
ALX4	2.61306831969159
BMP4	2.61157432197845
TPP1	2.60897272601538
IL17RD	2.60525332026142
PCDHGB7	2.60413675546583
SOX5	2.60155407928277
ALX1	2.59841815997525
SLC43A1	2.59757342549109
SCARF1	2.59740299633459
PCDHB5	2.59677729263596
RNF130	2.59475284554516
SMOC2	2.59437131329574
SLC18B1	2.59294577630572
TRIB3	2.59237191113645
MMP15	2.5919681886
FHIT	2.58903394979513
IL6ST	2.58727663077185
MAPK13	2.58692072787297
SPNS1	2.5859541588706
ADAM17	2.58433921160003
STAC	2.58317774257494
CRYL1	2.58308310196824
DPH5	2.5794055064909
RAB33A	2.57904502302185
N4BP2L1	2.57793052066581
SLC6A8	2.57683439581755
DYNC2H1	2.56939262288272
TMEM38B	2.56773478293244
WNT4	2.56767257056412
SHC3	2.56677608188893
L1TD1	2.5654382544443
SLCO4C1	2.56322735129443
ZBTB44	2.56310360385434
MBP	2.56120492369421
GAS7	2.56012977079043
EIF3E	2.54823545401913
PREX1	2.54033226748055
SC5D	2.54006286023715
EEPD1	2.53846037710823
TBC1D3	2.53712145040977
GLMP	2.53485750284245
NKIRAS1	2.53389643809742
IGSF10	2.53359056713647
CRACD	2.52979661812207
STARD4	2.5294136457028
LYNX1	2.52407373953311
GAA	2.515982692634
WASF1	2.51529901372014
CDKL2	2.5151906962049
ST8SIA4	2.51301484979456
SPATA13	2.51158796594031
IFNGR1	2.51086493189513
NFKB1	2.50886362982205
LAMA1	2.50596527006525
ACSF2	2.50109074800003
SPG21	2.49995220060393
AKR1C3	2.49775277175566
ZBED3	2.49440068624068
TCN2	2.49183655393228
CASP4LP	2.48785888121743
ENPP5	2.48782577387228
ART5	2.48546970975498
ARL5B	2.4843122305991
NCOA7	2.48416080474265
PURG	2.48216968396224
KCNJ2	2.48201883018266
STX3	2.47966971104305
SIAE	2.47931956891319
IL6R	2.47525065978084
BOC	2.47466542485306
UBXN1	2.47292311037595
KDM6B	2.47171049971169
CTSA	2.47160289770639
HS3ST2	2.46310783371655
SNX8	2.46248373870442
LYSET	2.46111332767764
DHRS3	2.461054832332
SAT2	2.45644164047888
MCC	2.45355882819934
SLC46A3	2.4519219764829
CLGN	2.44915453047317
ALDH1A2	2.44690116371388
ACVR1	2.44645737571908
SLC38A6	2.44436896954722
WIF1	2.44114823111167
NOP53	2.44076277117544
NCKAP5	2.43883846583177
PLPP2	2.43724287210621
CDK4	2.43677807207895
REPS2	2.43671771139823
GALC	2.43632726053395
ZNF385A	2.43601264315617
H6PD	2.43496627810584
PRKCE	2.43476656824492
TMEM135	2.43364303776543
LRIG1	2.43030043029364
ABCA8	2.42655853937214
AK7	2.42561033719372
ASTN1	2.42512565744367
ZNF277	2.42356313344454
CAPN6	2.42348097649385
SLC29A1	2.42311883079515
TMEM132B	2.42289464509365
MITF	2.41918974631473
TM7SF2	2.41434790796968
SLC22A3	2.41339792587092
TBC1D16	2.40658312384013
CDKN1C	2.40610711918864
NFATC4	2.40562144588469
TXNDC16	2.40143158464208
FMO4	2.40038504446082
FDFT1	2.40016045755483
HS1BP3	2.39674802618406
ST6GAL1	2.39441676315343
CHST10	2.39379856554236
FAR2	2.3931631235885
PACS2	2.38976210568681
SQOR	2.38776212446665
ROR2	2.38300006513924
PHEX	2.38104048540917
DPP7	2.38045829888947
SOD3	2.37934975493422
ALPL	2.3788037877865
FOXN3	2.37157127995592
GALNT16	2.37135755933659
ARRDC4	2.36986861695059
FOXRED2	2.36984604651705
RAB31	2.36801269082908
GALNT13	2.36690975466754
PEG3	2.36422573365366
GULP1	2.35609093772682
FAM162B	2.35408730280133
ADAMTS15	2.34435063340287
NDN	2.34045699720648
PLXNB1	2.33972607917588
IPMK	2.33690055175217
PLTP	2.33079937351965
AMZ2P1	2.33053210594644
RCBTB1	2.32659183984561
KCNMB2	2.3262800318513
IFI44L	2.32518034069052
IRF2BP2	2.3243233246233
NR0B1	2.32275207870307
ITPKB	2.32209767983789
CCL8	2.32013384139361
L3MBTL4	2.32013384139361
CTSS	2.3175863090151
C1orf54	2.31570250056811
PYGO1	2.31462226164818
ABCA10	2.30995306901003
IRX3	2.30985150190374
ADAMTS18	2.30429398323302
MME	2.30219246257392
OSBPL1A	2.30211785967713
SDCBP	2.30166156791497
LINC00869	2.30048818869823
ST3GAL5	2.29940341282089
IFITM1	2.29930591917125
PCSK5	2.29673609964304
EIF4EBP3	2.29634584609023
LRIG3	2.29444434480489
ZNF32	2.2920519671515
GPR162	2.29142610400548
ACSL3	2.28543764366397
GLIS2	2.28468516272816
WDSUB1	2.28412796206571
QPRT	2.2813694144638
LRRN1	2.28115134838906
HSPA12B	2.27972777868783
PPP1R15B	2.27963044708848
AZI2	2.27952110534569
MMP14	2.27447637371761
IL20RA	2.27269636380507
CCR1	2.27092749135114
KCNK15	2.27054150543674
EML5	2.26942345392092
STAT5A	2.26843694849867
PCMTD2	2.26728573487074
ACKR4	2.2661079128937
DOCK4	2.2652345640746
RGS16	2.26510134144953
P2RY1	2.2616355299029
MCTP1	2.25981404585083
PXK	2.25847688062912
UAP1L1	2.25616769919389
TNFSF10	2.25601638098194
POU2AF3	2.25498951973866
FXYD6	2.2547705502883
CCDC170	2.25468390071218
PNMA6B	2.25415908674647
TNFAIP8	2.25254969763276
IGFBP2	2.25227405132968
ALG12	2.2488500847838
VAC14	2.24599907970592
LMO2	2.2438122042897
TMEM140	2.24323047149115
CYGB	2.24004039322311
NPTX1	2.23970510959132
TCF4	2.23894776060229
CPXM1	2.23845198526068
ZNF890P	2.23817117034932
NPC1	2.23815019140007
PIP4P1	2.23638985510834
RGS22	2.23613280874046
CASP12	2.23500672389749
WASHC2A	2.23440473568862
UBE2D1	2.23392234579663
WWOX	2.23354945806697
PRICKLE2	2.23176636399851
MANBA	2.22888959325417
CXCL2	2.22829484851852
LVRN	2.22542626169351
IFT80	2.22222938857869
MVK	2.21787702348575
TSPAN8	2.2173670111557
RAB42	2.21590518651659
SETDB2	2.21440458646961
RMND1	2.21028076663505
TEAD2	2.20928872980137
SAMHD1	2.20877993072513
SLC2A10	2.2084038972438
ST13	2.20573224486581
DCAF12L2	2.20341912714104
SPART	2.20130890717012
C1orf21	2.19831819803817
SOX4	2.19612898823343
CIMAP3	2.19498736848588
PRRT1	2.19366576409319
PRR15	2.19215765418922
ARMCX1	2.19187285249608
TMT1A	2.19094652395189
ANKRD65	2.19081973569378
SPPL3	2.19049141833326
NHLRC3	2.19003566502984
SEC14L5	2.18923538376449
TLE3	2.18923050680198
IL15RA	2.18909634993313
SGCZ	2.18881302530127
NPC2	2.18835578460513
SESTD1	2.18791896036663
GUCY1A2	2.18749965728015
GLDN	2.18685198760052
IFIH1	2.18675199164556
ASAH1	2.18598158678461
MMP23A	2.18544828491631
TMEM170B	2.18316833447409
CCDC40	2.18299746233971
ZBTB10	2.18275394409657
PKIG	2.18237552434703
ULK3	2.18199053311904
MFAP4	2.1809998838929
RIMS3	2.18009084719567
ANGPTL2	2.17962319110471
RASL12	2.1758321330668
H2AC25	2.17561634936128
AQP11	2.1749268165845
AP1S2	2.17402122690576
KLHL5	2.17380531720022
BTN3A1	2.17323606158803
P2RX7	2.17186944754936
ARHGEF6	2.17094924182122
ME1	2.1704928752037
ZBTB37	2.16689676188918
UBXN2B	2.16615389572247
PLP1	2.16514920516323
NFIL3	2.16424731900672
ZNF711	2.16274342508509
PLSCR1	2.16210866488471
SLC44A1	2.16119422915274
IGF2	2.16109729382416
HSPE1-MOB4	2.15994351652408
GPRC5C	2.15792104410408
FN3K	2.15705604971737
LONRF1	2.15369757017468
DNAAF11	2.15280010792191
HEXD	2.15057000734326
ERG28	2.14938372273923
GMPR	2.14902366903629
ARHGAP6	2.1468483049358
IL1RL1	2.14538954078186
PNMA6A	2.14388844533964
TYMP	2.14379962874115
LHFPL2	2.14105775989302
ERAP1	2.14088050232838
GSTM1	2.13868120867574
PLEKHM2	2.13657314437466
CDON	2.13654797851505
FUT8	2.13643944033364
PLXDC2	2.13544159516356
PLBD1	2.13525862949938
SCPEP1	2.13407897981939
CDH20	2.13397771469411
HPS1	2.13204394960821
F2RL2	2.13138566432869
TEX29	2.13116524117327
FGF12	2.12953043429366
IL17D	2.12946815142423
NYNRIN	2.12622780019921
CDH5	2.12475825491887
SPTBN2	2.12326703904035
LAMP3	2.12080323672796
FAM118B	2.12066613795567
PLXNC1	2.1203767221949
WDR19	2.11951284671974
MACROD1	2.11947909783466
ATP6V1C1	2.11935570720166
NDRG2	2.11918600685651
LYPLAL1	2.11521793712003
COL5A3	2.11510481361495
CADPS2	2.11446025077968
NR1H3	2.11445635372191
INMT-MINDY4	2.11042756803134
XPNPEP2	2.1098419036826
TRANK1	2.10928862461656
VPS41	2.10880874043891
SH2D3C	2.10785251921079
ACP5	2.10720945469282
GRN	2.10663358725824
TSPYL5	2.10595805892717
RABL2A	2.10444398204099
ANO8	2.10359083750061
SLC50A1	2.10356665693614
PMP22	2.10048565550225
RAB13	2.09908053611626
IQCK	2.09678756735625
PPARGC1B	2.09524172198147
RIPPLY2	2.09394911855316
TMCC3	2.09104527598416
PGR	2.090568479945
FLCN	2.09022320807218
PDGFRB	2.08822249062447
NPR2	2.08758744621462
GOLM1	2.08686774653919
LRRC25	2.08379589824655
CYSTM1	2.08331475668338
SQSTM1	2.08254334879819
ZSWIM8	2.0809028999535
APOL4	2.07608640295909
GGCT	2.07529476118107
RBBP4	2.07427277000345
VEGFD	2.07345595777678
REV3L	2.07034044481616
EDA	2.06631960881434
COL6A3	2.06617480814143
IGBP1	2.06540498715179
KCND3	2.06032222053888
EGFL6	2.05807894250721
ECM2	2.05805115455217
P2RY14	2.05719119624379
TSHR	2.05716458826948
MARCHF9	2.05711408302181
EXOSC6	2.05553295949405
CERS4	2.05432903822675
CACNA1G	2.05396991571382
SLC25A29	2.04955954826966
ECSIT	2.04941322556744
SPRING1	2.0493096959871
BCL11B	2.04681789222112
FER1L6	2.04661851065594
ACSS3	2.0419749869003
KCP	2.04093345551169
PRIMA1	2.03927528382466
PLAAT4	2.03912626999477
SLC40A2	2.0365498158165
LRRC33	2.03324705678569
SLC1A4	2.03319889384083
SELENOP	2.03157062701318
MARCHF5	2.02988625543686
BEX5	2.02828372671937
BCL3	2.02640677889136
HMGCS2	2.0256243491171
PROS2	2.0246888665432
HSPB8	2.02459837911341
MSMO2	2.02396112595349
GLIPR2	2.01936067537402
ABCA7	2.01592960090019
DEPP2	2.01517932136224
SETBP2	2.01227991354156
ZNF705	2.01134291590113
IDI2	2.00923538072018
DOCK6	2.00774466731622
INSIG2	2.00729897829312
CORO8	2.00131940477793
STEAP5	2.00109435902481
VWCE	1.99982033528045
PPP1R37	1.99863845629369
IGF2R	1.99593485748108
MEST	1.99473565818374
GRIA1	1.99266797296061
CAMLG	1.99223671979072
FAM81A	1.9911165672137
POLR1D	1.99106640352519
RRAGB	1.99082612207759
LAMP2	1.99036949386526
DIRAS2	1.99020913129526
ABR	1.9875338295146
SRD5A3	1.9865941324977
WIPI1	1.9803740785601
TGFB3	1.97974287495822
HIC1	1.97876526254409
C8orf34	1.97828147200874
CDC14B	1.9768808776311
ERICH2	1.97531610441931
C1R	1.97405017204448
ARMCX5-GPRASP2	1.97175250578541
CMBL	1.97172309027735
PLA2G3	1.97066748623254
HCFC1R1	1.96953386483355
PTX3	1.96771266394219
CPE	1.9672155321148
CCND2	1.96652390544466
MST1	1.96618842224652
L3MBTL3	1.96598026838377
MDN1	1.96497335858742
IL1RN	1.96427817651131
IL10RB	1.96333624933166
ADCY2	1.96173684963635
PAPPA	1.96101923178803
IL34	1.95889166450193
NRROS	1.95887317060647
PCYT1B	1.95673037380276
SLC7A14	1.95626056504727
KLF15	1.95572766622246
TMEM119	1.95507453022609
SNX32	1.95486073909289
PCOLCE	1.95312404429142
BEST1	1.95002111128101
KCNA1	1.94724236437639
PPM1M	1.94628290016759
RPL13P12	1.94604527884173
MAGEF1	1.94387088581499
BHLHE40	1.94368716653771
PTGER4	1.94330157617917
STAT2	1.94146824943454
ROBO3	1.94059368338922
PLCG2	1.94005881851383
SNN	1.93832593354648
PDE4C	1.93815179068261
C3	1.93805223389454
MYO3B	1.93757026524236
ZNF84	1.93411787384238
VASH2	1.93366471730543
TACR2	1.93277445229866
CTHRC1	1.93138275953826
MLXIPL	1.93038148820461
SLC29A2	1.93008986524053
STOM	1.92711953476737
GUCY1A1	1.9270279213961
UBE2L6	1.92507614077416
PLSCR4	1.92305372347808
HTR2B	1.92137985076936
SCAMP4	1.920857469506
IRF2BPL	1.92046916233774
GUSBP11	1.91960280123934
ZHX2	1.9193403580923
CAB39L	1.91930615106904
TMEM86A	1.91911754477105
ATP6V1F	1.91325864421665
MNT	1.91239984421467
TSC22D1	1.91220696674204
ZFP36	1.91114731417364
RNF125	1.91113834426095
RDH11	1.90908497153094
PRXL2C	1.90811444005112
TAMALIN	1.90768858338399
HS6ST3	1.90706622495543
TMEM144	1.90602335092643
CXADR	1.90416000172775
P2RY12	1.90416000172775
FABP4	1.90416000172775
NNAT	1.90404836632648
NMI	1.90335159649377
SLC2A6	1.90289816297013
SPIDR	1.90136437802461
ENPEP	1.90091836881087
ZDHHC1	1.89737859563792
CD36	1.8971558609452
IGF1	1.89677167183299
METTL13	1.89620757074337
TBCEL	1.89364680915586
SCARB1	1.89280438036437
TIMM9	1.89233593187421
GRINA	1.89173660580609
PNPLA7	1.8881764450468
CTSF	1.88684865725414
LAMA2	1.88669957229929
SLC19A2	1.88560486505499
TMSB15C	1.88163998295859
PFKFB2	1.88059734243496
GUCY1B1	1.8794389156535
MAX	1.87918577250674
BEX2	1.87848108626313
PTGFR	1.87809930669607
CASP1	1.87781178542345
EYA4	1.87763355952229
DNAJC12	1.87760972164396
TEKT3	1.87682750711928
GRB10	1.87591965674177
KHDRBS3	1.87405494948558
ACVR2A	1.87331079978246
CMTM3	1.87251933218199
IFT81	1.87245946528959
MSANTD3-TMEFF1	1.87237564042763
NCK1	1.87200469471047
MTCL1	1.87147340048437
ST6GALNAC3	1.86854949034298
SLITRK5	1.86763672871116
CCL11	1.86763672871116
FCGBP	1.86763672871116
DDI2	1.86673638566607
LAMTOR3	1.86577465245376
UVRAG	1.86466170010384
TAC1	1.86462636752796
PCSK6	1.86260994216969
SPATA6	1.86213459378736
DHX58	1.85945592831988
GM2A	1.8572393623315
NRP2	1.85654527391967
BACH1	1.85575679185976
PCBD1	1.855395533825
CIMAP1B	1.85465855933719
KLHL8	1.85231844400605
VGLL4	1.85182515112459
TPK1	1.8517512665106
ZNF618	1.85155295327184
MGP	1.85107304486841
ZDHHC9	1.85079204871543
RBM6	1.84967798279119
COBLL1	1.84940824680384
YPEL4	1.84907741718007
PLEKHA4	1.84842034752259
NTN1	1.84728116693339
CCNB1IP1	1.84593479003948
PTPN23	1.84398168469257
CYP24A1	1.84313603337035
TOP1MT	1.8422509796889
SOHLH2	1.84029512328785
ARRB1	1.83947220306688
METTL24	1.83866376141288
LACTB2	1.83804333444692
CILP	1.83778994988981
MEGF8	1.83719943830822
APELA	1.83589900503671
TNS2	1.83516346459453
CMPK2	1.83505399594131
CEBPB	1.83500856574072
APH1A	1.83321600651802
SOX10	1.82856320704318
CLCN4	1.82815410687336
NUDT14	1.82758503721287
CTSH	1.82680663201801
NANOS1	1.82519464383328
SIRT2	1.82512029120769
IRF4	1.82491473439019
BTN3A3	1.82480353712985
ARHGAP28	1.82297456787469
PLPP3	1.8224062215147
LRRN2	1.82205719913218
LSS	1.82168268294763
NID1	1.8213222928958
GBA1	1.82125112819085
TRIM67	1.82123954376092
EIF3C	1.8204916548705
PPP1R15A	1.82013438403508
DNMT3A	1.8201320551452
CHL1	1.81812296557741
DIRC1	1.81373784428436
SFMBT2	1.81252730725005
COL4A4	1.81135141833623
KREMEN1	1.81100312802953
PRKAG3	1.81065615287141
PPFIBP2	1.81051118208612
GSTM5	1.81019465602992
MARK1	1.80880940139838
SAT1	1.80795369097092
HSD17B7P2	1.80686853026773
CYP19A1	1.80681196892016
C11orf54	1.80659874537736
ARL8B	1.80607548866091
IL1R1	1.80340822707994
ZNF219	1.80215580675038
PHACTR1	1.80129747657801
PLCL1	1.80066704856704
MAOA	1.79948283840288
KIF13B	1.79701739681115
PREB	1.79535169708571
RPP25	1.79413253904225
JMJD1C	1.79351150991925
KCNK2	1.79335125885846
CACNB4	1.79277212874275
SLC25A6	1.79200284693975
ECH1	1.79092126273733
WBP1L	1.78911929356218
EIF3L	1.78899266696351
ALDH2	1.78846630868262
COLEC12	1.78843179238671
HSDL1	1.78782604840702
PTK7	1.78691018168062
ACACB	1.78676288636572
GIGYF1	1.78576521636052
FBXO17	1.78443093821374
FXYD1	1.78427939514915
RCAN2	1.78407896237424
TCEAL7	1.78307015310256
MRPL34	1.78139508676614
DAB1	1.78085893438843
ARHGAP12	1.78015903066773
ASB13	1.779119969902
TCEAL9	1.7790296941391
SH3BGRL2	1.77765832768601
CLCA2	1.77603183028183
C17orf58	1.77416636346351
GDF11	1.77356735183485
TRABD2B	1.77261242324326
LRP4	1.77154899548892
LGALS3	1.77054390434
RTN4RL2	1.7705168981159
ZNF713	1.7697903139548
PTHLH	1.76849395666362
ADAMTS7P4	1.76828644870208
EBP	1.76820843331527
POSTN	1.76649263251896
TNKS1BP1	1.76610132684085
HS2ST1	1.76279501100886
TJP1	1.7607734409889
ATP6V0E2	1.76001586543697
GDF10	1.75885875499987
ARAP1	1.75661171402334
TRIM9	1.75599100237386
NIPSNAP2	1.75502635302365
EEIG2	1.75423842927375
RNF175	1.75417209034958
PGD	1.75379825860298
ATP8B4	1.7526111436494
SNX10	1.75235547861954
ST3GAL6	1.75140821513477
CELF2	1.75017251888529
NSMCE2	1.74968291981342
STRADB	1.74867390100284
CAMK1D	1.74543445904955
MTURN	1.74518812646926
FTO	1.74467855073868
TEC	1.7444766206271
PLCG1	1.74265891984335
CCNI	1.74134375745177
ZNF204P	1.74093084395714
COL15A1	1.7408205995735
SH3BP5	1.73949867286567
EEF1A1P5	1.73930583977666
KIAA0513	1.73925951072291
SMCO3	1.73845228195957
ZNF438	1.73663843732408
CCNG1	1.73592789019029
THAP8	1.7347581968766
TMEM67	1.72971903875371
CCDC181	1.7295067850816
BICC1	1.72789804622244
PCDHA3	1.72787596451357
CUBN	1.72661837908975
ST8SIA6	1.725956710239
MX2	1.72393142054864
NINL	1.72391807086306
RGS17	1.72333380531098
CADM3	1.72298950792486
TSNARE1	1.72283385147724
SFT2D2	1.72258813924739
FAM228A	1.72241907587983
RNF187	1.72159952689871
GALNS	1.72156291139548
SNCAIP	1.72100434347009
PRCP	1.72001288020045
FYN	1.71771048789026
BCL6	1.71651713036004
MXI1	1.71601152768153
ADCK1	1.71390972095898
DYM	1.71279709406574
HAGHL	1.71268268778866
CRISPLD2	1.7126630618501
JAM3	1.71233694508249
RIMOC1	1.712246841728
MMP2	1.71100160345921
UBE2E2	1.71056021636787
HSPBAP1	1.70940204820371
LURAP1L	1.70786551872906
DUSP22	1.70724997956152
LRRC58	1.7071646656349
RTP4	1.70708470026536
SLC35F6	1.70544023239156
VAMP4	1.70523329309935
KANSL1L	1.70332308348592
SLC14A2	1.70299478276927
WASHC5	1.70267652969966
LHFPL6	1.70260190489951
SLC44A3	1.69888953430278
TDO2	1.69798310302308
ANKRD13B	1.69793487199621
SLC18A2	1.69754437922048
PLIN2	1.69738704761032
HR	1.69687994158435
LGALS8	1.69665256734428
AEBP1	1.69661768381206
ASPN	1.69652887113952
MAP2K2	1.69484766749433
TSNAXIP1	1.69408580671512
EEA1	1.69369290933131
NIPAL4	1.69244088336786
IER2	1.69209072410469
TMEM147	1.69114689759223
FAR2P2	1.69040812819555
C1orf115	1.68969560045742
MRO	1.68967474186146
TMEM35A	1.68595557480137
SEPHS2	1.68515288967212
CCDC154	1.68472909471958
CKMT2	1.68457946067203
FBXO10	1.68416557045266
HEXB	1.6839775489794
ACAT2	1.68257305244055
FAHD2B	1.68230424053758
HERC5	1.68150308518032
RGMA	1.68132200570847
ARL15	1.67929608362475
HPSE2	1.67848279023611
FAM149A	1.67736708499197
RASD1	1.67686194872201
KIZ	1.67614122316072
DNAL4	1.67414657993159
TSPAN6	1.6740202389747
KAT2A	1.67389081714363
IL4I1	1.67205540610519
MAP7	1.67197763941301
TMEM132A	1.67193875568264
WTAP	1.67193427597265
SALL2	1.67135648983631
SLC12A7	1.67048552846257
PAG1	1.67048462004162
PFKM	1.67034711159303
BBC3	1.67005110763812
FTH1P2	1.66983353130189
TMEM60	1.66965150887758
RFK	1.6694095629972
BMP2	1.66869641988788
ZFAND1	1.66775384908258
KSR1	1.6674230206461
CYB561A3	1.66715825377326
SLC10A6	1.66609816161291
OSR1	1.66596249388843
PIWIL2	1.66409355073057
GLB1	1.66237209750298
S1PR2	1.66232016179737
SNCA	1.6616893918598
PHOSPHO2	1.66157147082081
RGS2	1.66070650223485
CCDC169	1.65934739770608
ZFYVE26	1.65852227723821
PCBP3	1.65826118133547
RNASE4	1.65797993806505
CD164	1.65694952843345
DHRSX	1.65453627940166
UBAC2	1.65426262556157
ANAPC16	1.65354953601598
HYDIN2	1.6522203689829
TMEM8B	1.65165548916457
FMO3	1.65015718855142
LAMTOR1	1.64883768218417
TXLNG	1.64748367798083
CPB1	1.64684740853488
BORCS7	1.64614047931468
FAM221A	1.64604567839737
GSDMD	1.64592057030263
PHC1	1.64579806356475
PTPRU	1.64494351617266
C1QTNF7	1.64416532993528
C14orf93	1.64252840571502
TP53INP1	1.64091720513126
RNF144A	1.64049441220204
NPL	1.64015273549005
DISP2	1.6400298650707
C20orf96	1.63963656164597
DPYSL2	1.63856320247955
LAMP1	1.63834623811627
PCED1A	1.63765849323936
CNNM2	1.63708156994733
GNS	1.63702953920692
CDH11	1.63666475455773
RBMX2	1.63620940820072
SIK1	1.63605073176538
LAMC1	1.63587921026937
SERPINA3	1.63546260860473
THG1L	1.63443306238546
LRRC7	1.63344580941612
JUNB	1.63342311353721
TMEM150A	1.63288332133873
VWF	1.63247241983814
CDC42EP5	1.63103840566554
SLC5A6	1.63102631934431
PLXNA4	1.62970339269591
FNBP1L	1.62885972254786
FOSB	1.62718272667956
GSTA4	1.62435200697067
ZNF589	1.62403886991832
TMEM229B	1.62190346982268
CSNK2A2	1.62146653647848
TNXB	1.62123473474434
KCNA3	1.6209491118473
KPNA2P3	1.62045862817288
NCOA1	1.6202431569006
RNF149	1.61952132262184
DTX4	1.61919514267166
DCHS2	1.61905109213611
NFIA	1.61854922088498
POMGNT2	1.61722794305185
CARS2	1.61688316169777
LINC01145	1.61455528925101
COA7	1.61349803028586
GPR132	1.61324079590598
EPS15L1	1.61323779337938
LCORL	1.6124002362222
LAMC3	1.61215967574542
KYNU	1.61205802723973
SALL4	1.61160225274039
MAP2K5	1.61105157108234
TMEM30B	1.60944120080649
MAP1LC3C	1.60879574866424
LDAF1	1.60828011844233
ARHGEF11	1.60813443277189
PLD6	1.6080301915995
LMO3	1.60802962018544
GPM6B	1.60567543578592
CREBL2	1.60363206690406
EIF3H	1.603239804535
SFRP2	1.6029849091825
SYS1	1.60235001939729
OLFML1	1.60178110445867
ABHD8	1.60125341693372
TMEM192	1.6004858479707
RHOQ	1.60042982629583
PSAP	1.59774943761776
ANGPTL1	1.59761372633589
ACSL5	1.59739710087847
CYP39A1	1.59719043100727
CZIB	1.5969992091415
ERP29	1.59627723011917
NBPF19	1.59604916859203
LRRN4CL	1.59505611184932
THOC6	1.59331078443194
ZFYVE1	1.59281672587997
FTH1P23	1.59178979793671
ZNF330	1.59120379593553
GCNT3	1.58995069762839
COA5	1.58974201846158
RSL1D1	1.58973262989167
FBLN2	1.58776246214407
OSGIN2	1.58728911861516
ZNF22	1.58728306654844
DYNC2LI1	1.58695381630154
CYB5RL	1.58570718775061
SMIM10L2B	1.58562084123544
TBC1D17	1.58535080655067
OLFML2A	1.58473123275036
IL1R2	1.58341349061293
EVC2	1.58242328442774
ZNF697	1.58164194159736
LSM14B	1.58161416722785
RASGRF2	1.57907309926796
FTH1	1.57868283954038
EPHX2	1.57851717678631
KDM7A	1.57842914819484
FAP	1.57622499708544
SLC8B1	1.57601263661164
C4B	1.57531397493654
SLC37A1	1.57495824184077
ATF5	1.57492346748709
INSYN1	1.5731484063451
KCNE3	1.57083439302816
MREG	1.57060862842813
SLA	1.5703372508349
UBE2E1	1.56830373052297
HSD17B7	1.56668704707503
SLC15A3	1.56592014641447
USP43	1.56559823163862
LAPTM4B	1.56529500208346
ZCCHC18	1.56475664306527
DNAJC18	1.56209542201206
MILR1	1.56206641301027
GCHFR	1.56185533750476
PTGFRN	1.56182891802903
ARHGAP42	1.55953243036601
OTUD1	1.55926299450146
SCN1A	1.55756368323171
GET3	1.55648133920037
MORN3	1.55560063390606
GIMAP2	1.55544479258327
CHPT1	1.55495174319333
GNPTG	1.55402951950248
ZNF853	1.55397005817376
TDRD6	1.55109761621024
DDX10P1	1.55106275558728
CALCRL	1.55081700504371
XPC	1.55061068506722
TNFSF13B	1.55024825485371
P2RX4	1.54769338043758
COMMD3-BMI1	1.54712025159451
LYRM4	1.54640976943954
MFRP	1.54605285347651
LIPC	1.54546710924802
GALNT8	1.54449887549844
IDUA	1.5439174015177
TIGD2	1.54281712230884
FGF18	1.54155158867959
CLNS1A	1.54135319418881
ADCY4	1.54111400622333
AFF1	1.53967578020446
TTYH3	1.53872363558692
SMCR8	1.53824757271755
PELI2	1.53699016573762
NAMPT	1.53693844686494
SLC49A4	1.53645846549837
FAM89A	1.53630491024134
USP51	1.53427071882718
IRAK1	1.53272591863743
AACS	1.53167240962331
SVEP1	1.5315942275011
AKR1A1	1.53117956276833
PLA2G12A	1.52960177841173
CDKL1	1.52946166200486
SMARCA2	1.52933130605722
DZIP1	1.52925738496966
RAVER2	1.52703942309224
LIF	1.5265589604923
TEN1-CDK3	1.52651702477179
PIGC	1.52576670487697
SNUPN	1.52441765597324
BEND5	1.52380509265971
CHN2	1.5234925319074
TAFA2	1.52317862597941
LRMDA	1.52263035129179
RASL10B	1.52246028120235
RORA	1.52213244482024
OXA1L	1.5208889890235
ZNF660	1.52060384387976
PAIP1	1.52053328417699
COL16A1	1.5203472922122
CCDC149	1.51985565906047
TRIM69	1.51953523015323
NYAP1	1.51879828243713
HPGD	1.51854587853101
SCN4B	1.51836487741992
EVI2B	1.51764503702464
AIFM1	1.51700707087603
HDHD3	1.51671314560199
PCDHA6	1.51596825932184
FBXL21P	1.51298094808277
SNX16	1.51296314655709
PELI1	1.5125935149236
UTP18	1.51151818614586
CLIC6	1.51137352941318
GATAD1	1.51062288573823
RPL32P29	1.51029962846919
HMOX1	1.50837945857445
HAND2	1.50813146281405
B3GALNT1	1.50787020566024
KIFC2	1.50776454854982
LRP3	1.50771756988853
TNIK	1.50768510189583
SYF2	1.50705166769568
ARL4C	1.50692743725953
PRPF40B	1.50643294953975
DTNBP1	1.50132566358736
SLC2A3	1.50127556867373
HEXA	1.50117594335571
CNIH4	1.50068275492933
VPS18	1.50002126892915
ADGRA3	1.49988885992646
GABARAP	1.49737451136648
LRPPRC	1.49722217450122
ENPP4	1.49685776953552
AKNAD1	1.49681360538785
RGCC	1.49673939744121
MED28	1.49615550598099
MAF	1.49601736578024
ASIC3	1.49546553103918
AGTR1	1.49488050704227
LONRF3	1.49471315939576
CDHR1	1.49444960435377
CYB5A	1.49438214418638
CEP162	1.49369624210335
DHRS7	1.49356400827716
ZNG1A	1.49328652291492
CPT1B	1.49274108586937
GUSB	1.49249297268388
PPM1E	1.49229303206431
LYST	1.49221441057921
TOGARAM1	1.49188445296137
SSBP3	1.4915237780435
SLC29A4	1.48897100521157
DGCR2	1.48721171289387
SH3PXD2B	1.48661654002249
BBS1	1.48632620721406
ZBTB34	1.48558472940618
CA11	1.48531944064238
EFHB	1.48510413753609
USF2	1.48491400247921
ABRACL	1.48443409377156
PLA2G6	1.48424413953707
CUEDC2	1.48239907164743
SIRPB1	1.48171867377377
B4GAT1	1.48129074319432
ZNF620	1.47906524249547
POMT2	1.4784445215652
TRAPPC6A	1.47808723826865
HIVEP1	1.47799568005918
ATXN7L3B	1.47770051330692
ADAM33	1.47765829670599
SOAT1	1.4775242159419
FAM117B	1.47734674769379
BCAS1	1.47680451086295
DNAI3	1.47595435757098
SRPX	1.47542635423225
EPB41	1.47535804439786
C1S	1.47527789152841
CROCC	1.47500798697222
FYCO1	1.47362093252812
PHYHD1	1.47357886264431
ALKAL2	1.4734774263719
RADX	1.47247440730736
HNRNPA0	1.47211521475728
RMND5A	1.47134085396471
AGPAT4	1.47077717978468
PLCL2	1.47063002376595
ABHD4	1.47019204921882
RNF13P1	1.46958083093622
BPTFP1	1.46899812143745
CEBPD	1.46896397585573
GDF15	1.46827612190099
BDH1	1.46741528571967
ABCC6	1.46646385576632
DYNLRB2	1.46612888072328
MPZL1	1.465721973358
LRRC75A	1.46509122839678
MFSD13A	1.46442146173924
ANKRD36BP1	1.46339765040627
CORO1B	1.46240746507655
C1GALT1C1L	1.46231053833286
IFI16	1.46121183125264
TGFBR3	1.46022746210985
SNX27	1.46013076502075
STAT3	1.46003297343789
EFHC2	1.4593814891799
KLHDC7B	1.45768714853455
SWT1	1.45661507075746
MOV10L1	1.4561925616184
DIPK2A	1.45475194345093
KCTD12	1.45440503590594
ATP6V0D1	1.45347465645882
FTL	1.45297909320669
IL7	1.45128868752803
FRZB	1.4497936622624
ZNF577	1.4491181139234
ZNF883	1.4480478334635
ZNF805	1.44788571104393
CLCN3	1.44674061901596
TBC1D15	1.44499261678382
LDLR	1.44431249113533
CIC	1.44388682425459
NFKBIZ	1.44342956256492
SLFN5	1.44329612105864
GXYLT2	1.44176863364739
LYNX1-SLURP2	1.44148566908848
C12orf76	1.44060143419066
FMR1	1.44057077165594
SMIM20	1.43935616855706
VGLL3	1.43905323060552
NLRC3	1.43887260489874
RIMS4	1.43842190289957
ABRAXAS1	1.43778307434235
ABCA5	1.43708716920994
KANTR	1.4366758470535
GGA2	1.43612437617582
SMIM19	1.43541092148624
EEIG1	1.43471788751337
JAZF1	1.43422524252844
TMEM64	1.43306754267507
SLC1A7	1.43281489388678
GCA	1.43222096192633
RESF1	1.43204653287185
GPX3	1.43159061913479
DPP4	1.43153292098954
MARCHF8	1.43047155167387
NKX3-2	1.43046037361506
FAM76A	1.43018500135421
PIM1	1.42998063754684
C21orf91	1.42966255010685
FBXW10	1.42963680052203
ACSL6	1.42946006131567
OSMR	1.42904717543584
TSPOAP1	1.42786612644805
ZNF322	1.42763485121351
PDE4DIP	1.42746491140794
EIF4E3	1.42617644561559
GVQW3	1.42597908277332
M6PR	1.42576861574812
BANK1	1.42510421228524
TP53TG3D	1.42338752382106
FAM8A1	1.42295819165726
PRKG2	1.42228362379011
RASEF	1.42158907877147
SLC35A1	1.420156129315
BLVRB	1.41984485699564
APOL1	1.41945212451591
MYL6B	1.41940447494409
PTGDS	1.41930914934227
ZNF524	1.41911240988142
STK17B	1.41834942954493
WASL	1.41831004503223
HBP1	1.41761017291176
EEF1A1P6	1.41760185926743
ZNF581	1.417317924562
AP1AR	1.41719033198398
ZNF667	1.41673496954439
XKR9	1.41626740951805
PLIN4	1.41619395329861
OXER1	1.41615611803193
ANTXR2	1.41412532435933
MYO1E	1.41364987879204
ADIPOR2	1.41329293922625
NUPR1	1.41213958015204
METTL21A	1.41132145465652
SPTLC3	1.41044697230389
LY96	1.40824109606724
ARNT	1.40796022846657
SMAD2	1.40762287145313
TCEAL8	1.40692809986458
SNX9	1.40584587839768
ASIP	1.40531910753364
CRTC1	1.40514565992646
CHDH	1.40513255302153
WARS2	1.40361689056463
PODN	1.40335330298831
CFAP61	1.40330657893667
MEGF9	1.40295033674743
PAK3	1.40255850620405
OLFML2B	1.40165294512786
SPRED2	1.40125303325503
EPHA5	1.40044732353561
KLHL23	1.40037171543163
SLC17A5	1.39898909915215
SAV1	1.3983097956706
TTYH2	1.39824788510705
GGT5	1.39753575770421
VWA5A	1.39740426961792
BCHE	1.39728685792395
EI24	1.39728323556236
PLD5P1	1.3972683210684
TATDN1	1.39675251432719
TRIM52	1.39564876305771
ZDHHC2	1.39479137134779
TP53RK	1.39431341569079
IGDCC4	1.39362122685373
NCK2	1.39317293880747
TGFBRAP1	1.39254650871308
SERGEF	1.3913408586016
AKAP8L	1.39092195267393
GPR153	1.38989991673883
CNBD2	1.38955715441267
PCDHGB6	1.38947015338263
PTPN20	1.38913401610895
METAP2	1.38881173792728
CDC26	1.38874059198092
RYBP	1.38848730018786
GAL3ST4	1.38817305774935
LRRC61	1.38808252420385
ORAI3	1.38797173719103
CLEC14A	1.38651910416311
MEX3A	1.38329516001567
TBC1D8	1.38293317860892
CFAP46	1.38222942226065
RPL13A	1.38191979752896
EPHB3	1.3818616999399
PLAC1	1.38145587799687
KIAA0040	1.38108776731601
ARVCF	1.38096360920256
VPS26C	1.37974272949457
USP28	1.37966704180975
PHF14	1.37937878722765
FBXO6	1.37864917119906
PPP1R3B	1.37824241166455
HSD17B11	1.37792688333484
GID4	1.37638057314583
MBNL3	1.37420432065602
BCL9	1.37394132390106
WLS	1.37389857849929
LY75	1.37318610516907
PARP16	1.37276319803476
RFTN2	1.37255925338946
SLC22A23	1.37199363282885
ITGB3	1.37048065866948
FAM135A	1.36984168644113
PPP1R3E	1.36854394635392
MID1IP1	1.36785658324919
RABEP1	1.36717483840127
SP100	1.36711263949465
PYURF	1.36705402376151
SEPTIN3	1.36681836141966
TMEM253	1.36674772993855
NACA	1.3658621992946
MYOC	1.36542674589162
ARL6IP5	1.36541801500114
HAAO	1.36508935596938
YTHDF3	1.36361490553555
SLC6A16	1.36320176174395
NDFIP1	1.36299778612942
BIN1	1.36261823904721
CNP	1.36196901979302
ZSCAN2	1.36134891114496
SDK1	1.36009341568725
RPL26	1.35905002179223
MYH7B	1.3589483375995
MRPS30	1.35832697053952
KLF4	1.35823650552156
ALDH3A2	1.35759665821824
CISD2	1.35751865502264
WASHC2C	1.35699089912736
APEX1	1.35684450234672
ADM	1.35675365459377
CXCL5	1.35649234535254
ACOX1	1.35626577796521
AGL	1.35600312699335
EBF4	1.35527499640766
ANKRD12	1.35445094253182
FKBP9P1	1.35335193843855
SELENBP1	1.35333728128205
VASH1	1.35284316647419
TEX264	1.35209344472603
DBI	1.35163593156932
DUSP1	1.35103977433753
NHSL2	1.35084683014426
FAAH	1.35063111333469
EIF1B	1.3505922849889
ACBD6	1.35010687677534
KCNS2	1.34985243392397
MPV17	1.34904290359206
JAG2	1.34768752562953
ZFP36L1	1.3464607599467
THBS4	1.34553731145851
SYT7	1.34524597334222
PAK1IP1	1.34520123807986
COL6A1	1.34480842440273
PTPRZ1	1.34415870429974
TRPM7	1.34345393929755
MSR1	1.34304314859276
ZDHHC7	1.34299160159887
STK26	1.34222857619428
SRD5A2	1.34181019389613
CBX3P2	1.34111936541287
POU6F1	1.3381771224729
CHST6	1.33807885765534
ADH5	1.33794737410376
PRPSAP1	1.33787230153436
NSDHL	1.33729275654337
PLA2R1	1.33662544190273
DPM3	1.33617190698417
NUDT5	1.33525431931132
PNCK	1.33296578877934
FBXO11	1.33276849418576
EPAS1	1.33265545639962
MYL5	1.33227845508523
FAM210B	1.33217262013023
RECQL5	1.33140990436842
RAB39B	1.33081976319467
VDR	1.33053487367425
ADA	1.32970657643245
IQUB	1.32861276237078
FAM184A	1.32851030764365
SLC38A11	1.32796938947213
H4C15	1.32702105776103
ANKRD10	1.32651860321858
CATSPERZ	1.32635280984877
SNX29	1.32559031187168
SAA1	1.3247596430766
GDPD1	1.32339538976188
TEN1	1.32338023511809
RPIA	1.32327455463374
CLTA	1.32296761048104
NPNT	1.32293541802363
NME7	1.3223999946404
ARHGEF5	1.3221496679862
PDE3B	1.32180937620085
GCLC	1.32158433365467
SGF29	1.32118853767789
MT-ND3	1.3211473490141
ITPRIPL1	1.32084391298369
HERC6	1.31973233970434
HGF	1.31808885769508
LYRM2	1.31697363340179
SMAD1	1.31600782468063
NLGN4Y	1.31573647214556
XAB2	1.31524691041266
RXRB	1.3148347175195
NUDT9	1.31428422324381
AKR1C1	1.31382071130268
CD101	1.31318113881573
MAP2K6	1.31215760051522
FOXK2	1.31183272737102
YES1	1.31169898666682
SOCS3	1.31169231683303
ASPRV1	1.31121248845296
RACK1	1.30957755507708
ZCCHC3	1.30695130160579
IFTAP	1.30615368373673
TBC1D5	1.30541517873855
WDR35	1.305407136898
SLC26A11	1.30533910252247
GBGT1	1.30515238506253
RPS3AP26	1.3045035911255
CFI	1.30362256283004
MRPL45	1.30329899911499
CISH	1.30328255249416
ZNF316	1.30309114480995
ENPP2	1.30238237883569
MSANTD4	1.30192947033154
CHP1P2	1.30182598532534
SULT4A1	1.30170489812293
DOK6	1.30053565312921
C15orf40	1.29980044715844
MAP4K4	1.29955710091212
SCN2A	1.29883877971808
CLN5	1.29815322321602
SS18L2	1.29774203690692
TENM1	1.29767079577143
CCDC121	1.29739343719848
RAI2	1.297281182632
MTSS2	1.29723450587716
SEMA3E	1.29633794056521
ADAM23	1.29577959696415
PPIL3	1.29528375078223
PIP4P2	1.2952567016013
FMOD	1.29486434121277
GPR65	1.29365386845487
METTL8	1.29349485099607
RIDA	1.29304611753474
NOVA1	1.29247517263264
MTR	1.29164563440119
AFAP1L1	1.29082165075776
MAN2A1	1.29072322587962
PCBP2	1.2906454607151
RPL14	1.28983704812021
ACSM3	1.28882104057132
INHBE	1.28869450334251
EFS	1.28785887912997
ARL2-SNX15	1.28775760898067
NPAS3	1.28771838686546
ACAP2	1.28754221478602
SPON2	1.28728097983374
AMBRA1	1.28721274127286
NOA1	1.2869138344609
RAB28	1.28542182659477
ACSBG1	1.28467835376568
RARA	1.28458537104505
COL11A1	1.28426464809565
SYMPK	1.284032577803
NAALAD2	1.28252814827469
DUX4L50	1.28117021321159
GOLPH3L	1.28098397356258
GPLD1	1.28044117773253
RPL5	1.28035291849408
HSCB	1.27955701739528
C1QTNF5	1.27914318859378
PIANP	1.27894649836821
DHX32	1.27841447038667
SDHAP3	1.27840603356244
TIMM22	1.27788415222962
PCCA	1.27703604628199
BDH2	1.27690537543736
PQBP1	1.27638597742204
PTDSS2	1.27573103935832
FAIM2	1.27543232233926
C6orf89	1.27509226369713
PARP14	1.27482267061601
PARP9	1.27461936712647
CACNA2D4	1.27418050149046
MOAP1	1.27406252728546
CXCL3	1.27390698505679
PPFIA1	1.27349926318041
TRAPPC2L	1.27312474735783
CABLES1	1.27301355651022
RCOR2	1.2727719986585
SOBP	1.2719495685809
ENOX1	1.27154602573904
FAHD1	1.27009970446243
ELAPOR2	1.26997085385384
PTGDR	1.26986630491516
COL26A1	1.26967178867412
HINT3	1.26961003740758
ALG2	1.26935244332182
DAPK2	1.26911388193483
CSTF2T	1.26815370037569
PI16	1.26680478452902
PHTF1	1.26641160352523
ZNF331	1.26558443249121
ATG4C	1.26493463192349
ELK4	1.26391885543105
RNF157	1.26324873184746
LEF1	1.26250299985155
POU2F2	1.26235225583471
PKN1	1.26109289587502
SDHD	1.26068282670677
NUDT3	1.25998547941316
TMEM35B	1.25977701121442
VAV3	1.2593183369622
SEC11A	1.25755208246155
ACHE	1.25750723997087
VPS11	1.25748429423632
MMP8	1.25731453078575
EXOC4	1.25648725256498
CYB5R4	1.25638321292189
RPL36AP37	1.25593897460268
PI4K2A	1.25445603370124
F11R	1.25427195495041
TSGA10	1.25407466564896
TEKT4P2	1.25216155971372
KLF10	1.25191013553312
TGIF1	1.25173682064737
MAGEH1	1.2516097882268
RNF44	1.25120166091616
TMEM170A	1.25011720851183
FAM20A	1.24958878465964
ATP6V1B2	1.24885201817247
DNM3	1.24878444149482
TCEA1	1.24775818014829
RPLP0P2	1.24767544512577
SASH1	1.24685883669908
TMSB15B	1.24636855740894
PSEN2	1.24629544484296
SERPINB9	1.24480229447651
CCDC51	1.24418488569129
ZNF814	1.24359788087446
ZBTB33	1.24302424720679
LIMS3	1.24257017443288
LPAR6	1.24219585183609
ZNF706	1.24217946529435
PACRG	1.2418593489431
RUNX1	1.24174992898232
UBE2R2	1.24145233974751
CACHD1	1.23978052303783
KLRG1	1.2396427099212
CCDC50	1.23962579581291
TULP4	1.23948019327524
NMNAT3	1.23947290953771
SPRED1	1.23932622421603
BACH2	1.2386978161073
SAP30L	1.23767396124158
VNN2	1.2374243017157
ICAM1	1.23714361244777
PHB2	1.23669056559534
LGALS3BP	1.23648187197215
CLIP3	1.23631862300662
EIF3F	1.23586935101678
VSIG10L2	1.23509361742277
RIPK3	1.23467880428104
SPATA7	1.23462642457341
NOD1	1.23430206492887
UCHL1	1.23412069732887
IRAK1BP1	1.23355394335819
ANXA4	1.23330036581466
APP	1.23312173297037
SGSH	1.23297071594493
ZNF254	1.2319159263717
RAB32	1.23115232278845
TC2N	1.23115096867187
ENTPD1	1.23102857476999
EDARADD	1.23037935254129
TRO	1.22814547299356
ZFP36L2	1.2270949094743
TMEM268	1.22610204176081
ELOVL4	1.22560546326461
IFRD1	1.22547734516061
SAXO2	1.22526319869766
PHF2	1.22519805899893
KCNT2	1.22498884699585
DNM1	1.22403090346468
IGSF3	1.22374501177649
MUC20	1.22227336228177
DACT3	1.2220725497339
RFFL	1.22200718719527
RBL2	1.22177461104399
TPTE2P6	1.22147204365994
PDCD7	1.22143233240847
PRCD	1.22080487432079
SNTB1	1.22067944793572
ZNF608	1.22032651306014
ERP44	1.21932610566585
ATP6V0A2	1.21909811086806
TFDP2	1.21814447421989
SLC5A3	1.21813512344726
JUND	1.21810607339068
PADI3	1.21795807931444
BAG1	1.21695317936589
RPL37	1.21575097282586
DENND10	1.21551545421816
CRBN	1.21542155475198
PWP2	1.2151603469311
CCDC65	1.21504666703037
C6orf120	1.21412026290384
E2F5	1.21398755870781
FCGRT	1.21384900732701
LZIC	1.21285870579529
PGRMC2	1.21240147873232
FAM13A	1.21220759864265
BRINP2	1.21218488788673
TP53	1.21215183156796
SHANK3	1.21212389613313
EPSTI1	1.21155585352956
RPL17-C18orf32	1.21142876791758
ARHGAP20	1.21069896337018
MAP2	1.21006525016338
HMSD	1.209183910791
TFAP4	1.20891791511076
MED12L	1.20777479890077
PEX6	1.20645151580557
CMTM8	1.20635822577133
CNOT3	1.20575919386297
RAB11FIP4	1.20503037693399
TBX19	1.20482569084279
RPL10P16	1.20476572118292
NOL8	1.20333154226699
GABRB3	1.2018022500277
CDX1	1.20175291444053
FSIP2	1.2012227355981
HTRA1	1.20112286821367
SLC25A46	1.2000023126985
RPF2	1.19937147052078
VPS13C	1.19890126931934
RSPO1	1.19811131250796
WHRN	1.19760661847409
PAPOLG	1.19747262638234
SH3KBP1	1.19715498428507
SPMIP4	1.19700981692191
NUDCD2	1.19548359248137
YBEY	1.1950202297368
EPM2A	1.19492932798169
C15orf61	1.19452002866406
PSG7	1.19448860027422
FOXO4	1.19418040375074
RPL5P4	1.19414323080655
CD40	1.19408966983789
TCEAL4	1.19346829714244
PCMTD1	1.19330600771011
DIS3L	1.19311245123453
SBSN	1.19309623125628
KIF26A	1.19285457876126
WIPF1	1.19143813050475
RAB8B	1.19060921760392
JUN	1.19036742714255
STXBP4	1.19017236653984
HSF4	1.19007218623446
ZDHHC15	1.19005124868828
VPS35L	1.18974513336241
IL1RAPL1	1.18957225527904
TCEA2	1.18885049927083
MAOB	1.1887286568834
ZBTB45P1	1.1887286568834
SERPING1	1.18869563032406
ABCC6P1	1.18823197931458
NRBF2	1.18756444059295
SEMA6B	1.18637378996616
P4HA3	1.18619916401089
ZFP62	1.18596409837255
PHYHIPL	1.18588397240875
PLA2G5	1.18562296102378
LZTFL1	1.18526167175423
GPR150	1.18513496160778
VPS8	1.1851316641686
DPY19L4	1.18372547641069
LGI1	1.18281419861868
RPS4X	1.18273124673117
EEF2	1.18233925627574
ZNF334	1.18207670107748
ACADL	1.18167211376524
NATD1	1.18108796261776
ZNF775	1.18083061795045
FBXO31	1.18058464992242
DUSP14	1.18024181922287
AHCY	1.17856670308002
EFNB3	1.17852736851346
HSD17B12	1.17844279858033
TEX2	1.17772186905301
MDFI	1.17747752451886
SYT14	1.17709949310614
GKAP1	1.17707498017427
SHBG	1.17706371094966
BLMH	1.17653712628261
MLPH	1.1756058889829
DNASE2	1.17558002755611
CXCR4	1.17547318568581
ZBED10P	1.1753734490731
ADAM11	1.17505325391186
ZNF260	1.17415578641737
MAP3K21	1.17307293177095
SLC16A7	1.17294972980538
RPS4Y1	1.17285440892312
THBS2	1.17284224624104
ATXN2L	1.17240229732977
ACO1	1.17220138195442
HFM1	1.17209068769514
MSC	1.17153255003535
OLFM2	1.17132631829417
CCDC97	1.17124680272221
NIPSNAP3B	1.17122260607135
TCF7L1	1.17098276607056
LIG4	1.17049862605241
RPS5	1.169362106683
SLC31A2	1.16856803919212
PALM2AKAP2	1.16854875528119
SEPTIN4	1.16550947351384
CDO1	1.16526812946011
ZNF121	1.16515003709826
NMB	1.16473277533613
ZBTB20	1.1637798174232
EVL	1.1637008305057
ATP9B	1.16355948558616
FLT3LG	1.16352045224563
GRM1	1.16273328347704
NR3C2	1.16168960087255
PCDHGA9	1.16129350537506
IFT52	1.1605992724084
PGF	1.16048295111134
UQCRB	1.15933117286447
LGALSL	1.1591126087729
LIMS4	1.15867434870598
LAPTM4A	1.15857065251023
ZNF467	1.15842724365901
IFITM3	1.15671613969554
CLUAP1	1.15638986238743
EEF1A1P13	1.15622928948456
CDS1	1.15605684229028
ZNF214	1.15597712934157
USP19	1.15581548456225
GSDME	1.15562788817681
CLIP2	1.15508138576061
LRRC2	1.15489795260217
LONP1	1.15439714700199
B4GALT5	1.15405511739615
FABP5	1.15328674930339
USP35	1.15204882890112
SCML1	1.15188140241244
TMEM129	1.15159883203674
GREB1	1.15106250833862
FAM43A	1.15007486286939
RPL23	1.14971938129167
BRD3	1.14943322079664
IMPA2	1.14910297315022
TOM1	1.14877371564881
DEAF1	1.14868850764146
RPS16	1.14849038839935
DNHD1	1.14839402783531
SLC52A1	1.14754383853343
AKAP1	1.14748251985933
LRP1	1.14744534984391
RABL2B	1.14738139441238
LRRC75B	1.14730936416727
PC	1.14659405179871
CTSB	1.14645849207366
RAB4B-EGLN2	1.14644660205538
STX8	1.1464145444668
COL3A1	1.14629435844448
XPNPEP3	1.14538312622029
TTLL9	1.14538311053109
UCN	1.14515887762966
WDR97	1.14508660659361
MXRA5	1.14433009987312
HSD11B1L	1.1441793235838
TMEM221	1.14354547334484
PRKCH	1.14234128907162
INTS15	1.14226941259266
APOBEC3D	1.14176950803393
GHDC	1.14174782078786
DPEP1	1.14173549707034
ADCY3	1.14158177836102
GDE1	1.14138230642035
ZNRF2	1.14068495308547
CIAO2A	1.14052342805171
RCC2	1.14046058401554
THYN1	1.14036941446627
SPSB1	1.14033715258605
APOL6	1.14033207302521
RPL3	1.13939489783534
TRMT12	1.13929615956737
RPS6	1.13926444425909
UBTD2	1.13922000682144
SEMA4C	1.13915961695574
MEDAG	1.13914132105149
SRGAP3	1.13908506603199
PARP15	1.13855133384175
SLC15A2	1.13801199427599
PLEKHB1	1.13787016756577
NOB1	1.13685481108267
C16orf86	1.13505241632899
SLC25A41	1.13475566609124
NAGLU	1.1341968929702
PLEKHM1P1	1.13401935938049
MRPS6	1.13348350115475
PAPLN	1.13341077983349
VPS26A	1.13322166513539
CYP2U1	1.13312572473568
ANG	1.13300724187205
SH3RF3	1.13270237220816
ZNF354A	1.13245621480127
GNPTAB	1.13193324793557
SLC25A23	1.13188249503602
CFDP1	1.13160134507912
IFITM2	1.1313449965331
GTDC1	1.13121224452232
RPL17	1.1308066204629
ADAMTS3	1.12927894009594
FADS2	1.12923170511155
HPS4	1.12922064029985
ABL1	1.12918544041101
RALGDS	1.12899779400835
RPS27P8	1.12889121014669
INSR	1.12818442585294
TSLP	1.12805122486503
TTC8	1.12790008692695
PSEN1	1.12730679546066
TSPAN12	1.12654444275237
PEX5	1.12631442962455
DCHS1	1.12595637328005
MID1	1.12577251869378
YLPM1	1.12564987931911
ZNF74	1.12528309898388
FTH1P11	1.12501039912827
S100P	1.1245637577361
OR1J4	1.12452980019457
OPTN	1.12448680364126
COG5	1.12382931115097
PDE8B	1.12374314738965
ZNF398	1.12343628983878
SERPINF1	1.12318971634914
PNMA8B	1.12097913717882
FAM78B	1.12037506848855
NFIX	1.11977182512566
TPT1	1.11975706337524
OR7E125P	1.11944510290252
CUTALP	1.11931988313725
TNRC6B	1.11898680255341
QRSL1	1.11894175537027
CHD3	1.11855716141882
DMRTA1	1.11849894095572
RTL5	1.11841188969868
RPL18A	1.11829363399446
RPL19	1.11779620309431
TKT	1.11767939541436
PCSK4	1.11765280399011
ZSCAN31	1.11755230848286
PLEKHF1	1.11720248954421
SCAP	1.11598322598079
RANBP3L	1.11534037678412
FOXQ1	1.11453333121886
ALDH5A1	1.11437749969265
ABCD4	1.11361941676031
TMEM97	1.11202538442797
LDHB	1.11145254410016
ISG20	1.11138066509914
CYBC1	1.11097786307699
PIK3C2B	1.11069268092005
GFRA2	1.11053445496039
SMIM26	1.11007055442881
LETMD1	1.11003365950868
PPP2R5E	1.10971889603391
HSD17B4	1.10966517224841
TMEM33	1.10939626367947
PAN2	1.1092841724301
DNAH7	1.10910789017388
CHMP2B	1.10908404203926
MAP1LC3B	1.10806542368268
TCF20	1.10789101273831
NEMP2	1.10776028659642
CIBAR1	1.10736751404216
FTH1P7	1.10618945224326
USE1	1.1053297224933
OR1H1P	1.10507821120768
CPEB1	1.10469145672838
SAMD4B	1.10451120417069
CLDN23	1.10400632262585
ISM1	1.10393991274546
PPIL6	1.10240762105824
ZNF404	1.10110314336639
TAS2R1	1.10088358753408
AFF3	1.10026135227122
AGO3	1.09977373512122
TENT5C	1.09932836418075
MYO16	1.09855264029432
N4BP3	1.09840039726496
MAPK8IP2	1.09835242764794
FAM167B	1.0981354916256
PIGH	1.09784144067291
THAP11	1.09727159945138
AP3B2	1.09707334490014
SNX13	1.09604705926461
NUDT4P2	1.09587473810641
DAZAP2	1.09573232688385
FAM162A	1.09566214468859
AOC3	1.09562999415485
RPL23AP42	1.0951597944754
SUN1	1.09489218500865
NUDT16	1.09420669753948
GGT1	1.09376735292893
TMEM240	1.09376295236712
PMEL	1.093759541182
HOXA7	1.09325908703791
ACTMAP	1.09259408614243
SHMT1	1.09180685885591
RPL7P9	1.09105281539877
C3orf33	1.09069234990769
LINC02693	1.09061216184042
UPF3AP3	1.0904725454468
COPG2	1.09035902721116
SLC33A1	1.09007251591796
UNC50	1.08985532757708
IRX5	1.08966670648786
COL11A2	1.08956992891671
LDAH	1.08891371460441
CUL7	1.08795109429949
TRAF7	1.08745347913446
CPZ	1.08697489164687
MST1P2	1.086789840998
LMBRD1	1.08652464272526
DRICH1	1.08606614025629
CPQ	1.08579859731254
SLC26A2	1.08561354256552
KRT8P46	1.0854366075497
RB1CC1	1.0850794310666
WDR36	1.08504174065962
GLUL	1.0841458025969
SPIRE1	1.08380504589174
PTPRM	1.08352789000703
AGAP1	1.08281057290879
TCAIM	1.08268939217539
SLC12A5	1.08244288223839
PABPC5	1.08207033885133
CNPY3	1.08181070948532
COQ8B	1.08076411009751
CNN3	1.08068137141619
PARP10	1.08057830264532
PHF21A	1.08020070265781
CD34	1.08010818250896
APOBEC3G	1.07958043632826
CCDC125	1.07899297122182
CREBRF	1.07882641362709
RECK	1.07814587691098
NAP1L1	1.0777291218113
OBSCN	1.07748863097894
SYT11	1.07565951942914
IL21R	1.07548126592573
DCAF6	1.0740130395437
ZEB1	1.07306804679539
SLC38A10	1.07280518439698
ESCO1	1.07246171983459
ASPA	1.07228311579803
RBMS1	1.07208331823464
CD70	1.07127706237156
LGI2	1.07115494555875
COL6A2	1.07081754914346
RPL36A	1.06714095137889
GCSH	1.06673338959392
ACER3	1.0666483075802
DIP2B	1.06657139081995
RGS14	1.06654284674271
CACNA1H	1.06608815208335
RNF17	1.06596246321138
DHCR24	1.06590403267915
NPM1P7	1.06588343674373
UNC13D	1.06310305433672
RPS27	1.06298759100472
SLC6A6	1.06253505009132
ZNF358	1.06230256755458
PCGF6	1.06204901005059
GCSHP5	1.06170085955888
SLC35B4	1.06146691546149
RPL6	1.06140358026868
PELI3	1.06031059455335
MBD6	1.06028245829405
APOBEC3F	1.06020834756227
MXRA5Y	1.06011167252872
FNDC1	1.06002928779559
CHI3L2	1.05968881800238
RPL10A	1.05892992316766
SNTA1	1.05853089048458
SEC31B	1.05743489963034
IL31RA	1.0569957850272
SIKE1	1.0565142793705
FBXO27	1.05608359279856
RGL4	1.05571828098634
CEP95	1.05532365130032
CWC15	1.0547839499667
RAB9B	1.05478137884704
ATM	1.05331811176363
PRKCSH	1.05301681935839
CEMP1	1.05189219385689
UBL4B	1.05182623956819
TMEM255B	1.0515237389433
ADGRA2	1.05107464611943
EIF3M	1.05070390608332
ZBTB24	1.05068104129282
CCR10	1.04970785931448
TM2D3	1.04968176003795
RETREG2	1.04911907369771
DNAAF2	1.04818422173611
ARMH1	1.04752022628447
SLC66A1	1.04730267580798
JOSD1	1.0471969112214
TMX3	1.04675343254501
NUDT7	1.04490791864319
MSRB2	1.04441790692064
DMAC1	1.04409137705599
MYH10	1.04362809443419
NBPF9	1.04349638482649
TRAPPC9	1.04294286331197
TMX1	1.042203006896
DSEL	1.04188586873953
CLYBL	1.0414817509912
CD4	1.04140421755395
ERO1A	1.03917040542665
TP53BP1	1.03905940629127
KLC4	1.03882542960931
SLC41A3	1.03856950098336
RCC1	1.03820907884313
EIF3D	1.03800099868674
PATL1	1.03589026820518
KYAT3	1.03550769147772
HNMT	1.03495709789243
CNIH1	1.03478531702788
PLD4	1.03461381073813
CDK9	1.03429503155369
CTDSP2	1.03404273129245
ACAT1	1.03345242310405
INPP5D	1.03319728380418
HERC2P4	1.03308697575295
OAS1	1.03306111579863
LY6E	1.03275060393985
CISD1	1.03266539795995
TMEM185A	1.03177159284206
WWTR1	1.03164185278986
RMND5B	1.03135904323921
ANAPC1P2	1.03101968013771
TRIM47	1.03047962302313
DTNA	1.02916415671967
NBPF10	1.02905896411895
ATMIN	1.02891561511726
TMEM70	1.02862207651164
MROH6	1.02799156271978
DPY19L1P1	1.02732693479791
CCDC169-SOHLH2	1.02691003618622
SCARB2	1.02635341940853
SLC26A7	1.02610757235395
CCDC3	1.02589206819805
NDUFB5	1.02557704169026
SULT2B1	1.02435219559552
PRDM2	1.02428281914547
KLF11	1.02417521796301
USP6	1.02365191522989
CAD	1.02335787498715
ADAM32	1.02327297403612
GPAA1P2	1.02279738627096
TTC21A	1.02260929519014
POM121L9P	1.02215488631947
ALDH16A1	1.02209860045095
AQP7	1.02201227386107
E2F6	1.021568637607
EMILIN2	1.02131834019018
AP5Z1	1.02018393999102
NRCAM	1.0198969203737
MAP3K8	1.01956383042578
BNC2	1.0193661281346
NCAM2	1.01905509564786
PLXND1	1.01883399848076
APBA2	1.01851955200566
PBXIP1	1.01848108991106
MARCKS	1.01774944858246
UST	1.0173073531157
TXK	1.01729046716229
PCDHAC2	1.01711322444279
CHKA	1.01641423037792
CD7	1.01547894990386
MED30	1.01489573017176
SLC27A5	1.01488391180334
PLBD2	1.01435635441846
QRICH2	1.01426131913814
ITK	1.01349408472995
SERPINB12	1.01349408472995
RPL7AP28	1.01349408472995
ALDH1A3	1.0127374115836
PARD6A	1.01271833426311
MAP1LC3B2	1.01224370596025
DAAM2	1.01146266415069
CD79B	1.01122225762329
FTH1P5	1.01016934952566
ACVRL1	1.00941198187823
GTF2H1	1.00842423383663
ATP1A1	1.00823705882452
FHAD1	1.0070508014765
C2orf88	1.00702663726001
RHOBTB3	1.00688186719872
SESN3	1.00633515680682
NEK9	1.00531952865103
SP110	1.00512155848139
SHQ1	1.0049786801112
CHKB	1.00474708725264
NOP14	1.00358734104829
MIA3	1.00286099460764
SNX30	1.00166076734996
SHOX2	1.00145948787686
N4BP2	1.0013474267852
TMEM38A	1.00112591669837
OFD1	1.00077782044982
MERTK	1.00054337592558
CFAP210	1.00051491076343
KCNS3	1.00029948840008
CNTD1	1.00019542674733
NECAB1	0.999318356094058
CYFIP2	0.999135151301919
ACOT13	0.998665792700519
OAF	0.998354564313898
ASTN2	0.998266098482959
RNASEL	0.998041000828121
ATP23	0.997994737174006
MTERF2	0.99797542328893
YPEL1	0.997492459846621
ETV7	0.997431468224629
BCLAF3	0.997379202620002
RAG1	0.997274474288504
ZNF843	0.997190961854166
ALDH1A1	0.997080291708708
SLC16A13	0.996331108134083
NHLRC4	0.996173599576679
C11orf71	0.995999139608839
INSRR	0.995667523319853
MPST	0.995087250386297
DOCK1	0.99492564575237
PID1	0.994574098295394
SHMT2	0.993823721819204
RALGPS1	0.993192359860803
AOX1	0.993082811913025
MINDY4	0.992597117276126
STARD10	0.992063313444532
FREM1	0.991546489803915
SLC39A1	0.991310285142978
IFT140	0.991222099211005
ZNF264	0.991155530653905
RBIS	0.991026911330798
PCDH20	0.990730843257237
C2orf76	0.990612324616071
SNHG32	0.990405868167586
KIF1A	0.990316962819524
TYSND1	0.989230018893066
PSPN	0.989030590241644
ZNF397	0.988973998201044
LRRC8B	0.988602407213851
GAS1	0.98694510699588
PCDHB19P	0.986848620461311
PTEN	0.986807378207753
CCDC25	0.986268879793576
LHX2	0.986135721784776
EFCAB13	0.985966049367392
SLC38A1	0.985053464711701
VMA22	0.984945310699038
SNX3	0.98471665687447
PLD2	0.983370526424636
ZNF514	0.98320860547143
SLC2A14	0.98308149735557
RSPH10B	0.982995886687174
TRIM68	0.982664920489575
RPS25	0.98244959746772
CNIH3	0.982067568343088
ZNF658B	0.982018671013706
CYP11A1	0.981705995783849
TMEM43	0.980902344919798
TRIM73	0.980599864666108
EFCAB7	0.980543400566843
DHX37	0.980217769444384
MTCH1	0.979683029001749
PODXL2	0.979085758475792
DOC2A	0.978745227303894
SNX1	0.978699257379499
NTRK2	0.978681100900203
SGCE	0.97837543708446
HECTD3	0.978196032776697
TRPM3	0.978116297323277
PLPBP	0.977944409300894
ADCY5	0.977294025530325
SF3A2	0.977033917267969
METTL23	0.97694793713018
ANO6	0.976093092413209
MYOM1	0.975606339567075
MITD1	0.974587536222898
MYL3	0.973607751083709
RPL22	0.972701799141462
CLVS1	0.972683306953541
SUB1	0.972420771919937
KRR1	0.97229385114009
MAN2A2	0.972223355398144
IMPDH2	0.97220576777648
RPS3A	0.97167673686514
NOXA1	0.971406338696079
RPS4XP16	0.971270098810619
APOL3	0.970864324060199
IRAK3	0.970643637669149
TNFRSF21	0.970293418279697
IFI6	0.970162226121212
FBXL7	0.970086596050716
PANK1	0.969451675355353
CFAP263	0.96919796416025
MAGEE1	0.968859087579735
KIF26B	0.96845810651959
SMIM30	0.968128423344844
SLC45A2	0.968058906319113
USP36	0.96804673229359
COMMD3	0.967912859970261
HSPA4L	0.967244334758682
TRIM21	0.967058004106785
ACAD11	0.966962080201645
UPP1	0.966238938036706
EGR1	0.966101941011998
RNF112	0.966093072144155
AVIL	0.965706097990451
NIBAN1	0.965561199463534
RNF169	0.964521687201879
KMT2C	0.964445170953068
ZNF232	0.964159054557017
TMEM19	0.963977810108812
RPL12	0.96389895240674
SMIM8	0.963888744540762
TOLLIP	0.963524778475801
TET3	0.963524681354764
IFNAR1	0.96284750187274
MFSD5	0.962542953223836
ZNF354B	0.961534125270433
THAP4	0.961460913109595
RGN	0.96126471593153
TMC6	0.961150760978561
C19orf18	0.961139448020092
NAP1L5	0.961063918727458
CPSF4	0.961047921443036
RASSF5	0.960894377060516
LGALS9	0.960687428384587
MKNK2	0.960138574491976
ANKRD50	0.95990971546366
IQANK1	0.959677928669403
GSTZ1	0.959401361450337
SHFL	0.959216530153747
CGRRF1	0.959208124282028
ATP6V1A	0.959150129794634
KCTD18	0.959022528768725
CDK14	0.958663896538314
ZNF454	0.958492368777233
RPS3AP5	0.958415298488422
METTL25B	0.95840494201545
MYO15B	0.957888071382583
LCNL1	0.957462063722872
PPP5D1P	0.957395406472461
HERC2P2	0.956236793869823
ANKRD13C-DT	0.955716749876537
ABCC6P2	0.95550078208466
CTDNEP1	0.954549206301833
CCDC30	0.954202461896311
CACFD1	0.953925269262356
TBKBP1	0.953673506541158
ARMC9	0.953388251519923
ALMS1P1	0.953062994747052
PEX11A	0.952998445508283
NAP1L1P1	0.952871065237126
ENAM	0.952870439683426
PWWP2B	0.952672139710159
RALA	0.95267025824958
PANK3	0.952080810191103
DOCK11	0.951731517188041
FBXL17	0.951436313193763
ABCA3	0.951296527299093
SYPL1	0.951245458410458
FAM149B1	0.951175767176624
FKBP4	0.950721269676012
RARB	0.950552356233223
ARID1B	0.949811788428942
SSC5D	0.948988520577551
TMEM106B	0.948685842435451
ATP8A1	0.948624986194593
ATF3	0.948410047549839
USP27X	0.947676153257444
DBP	0.947163971610641
MSANTD3	0.946326829525466
TIMP2	0.946250911793809
TAF6L	0.946234708807472
MROH8	0.945696211744101
RAD50	0.945408704813998
PCNX2	0.945392621833408
IFI35	0.94504951569703
CNDP2	0.943871831122133
DNAJC1	0.94279007754993
HMGCL	0.942754909306477
RHOBTB2	0.942426701027594
PDP2	0.942035406335837
TMEM216	0.942011401410815
GBP4	0.941781787014785
FAM193B	0.941061107858242
PTOV1	0.9404872346974
P2RY11	0.939051210218884
KIF27	0.938913548783821
FNDC11	0.938036385669965
PCDHB15	0.937753949909626
RPS8	0.937245590981411
DESI2	0.937055054561766
ATG2A	0.936917975202509
ADAMTS5	0.93670867872218
SLC25A25	0.935982561679127
ANXA2R	0.935907038075589
RPL29P11	0.935391296773996
MOCS1	0.935290233476624
MIF4GD	0.935216576011128
LPCAT3	0.935105662532658
CCDC184	0.934912384502759
SNX18	0.93487668917965
SLC44A5	0.934722705656173
SEC63	0.934502347327332
TPTE2P1	0.93432105544198
SWAP70	0.934295832012304
NUDT4	0.933958900689883
ZCWPW1	0.933696419377342
ALPK1	0.933481103967005
ZNF737	0.932855570860868
RPL15P3	0.932772192978258
SPAG16	0.932645011015438
SLC48A1	0.932169303015308
MAFG	0.930978317534315
BTBD2	0.930955231396308
RAB7A	0.930153456535794
TMEM255A	0.929465680001973
NT5DC1	0.929062813121027
TUSC3	0.929032397032187
DHRS13	0.928940431174446
JMY	0.928534251782775
PAIP2	0.928046590120587
CP	0.92797382542367
RPS11	0.927258372539427
RSRC1	0.927193907390474
BTF3	0.926941198087776
ANKRD33B	0.925898282452334
CCDC126	0.925895877736351
IL13RA1	0.92553977959751
VSIG10	0.925493018280414
LRRC20	0.925424348356289
MTCO3P12	0.925165835905641
MYO1D	0.924999467944028
COL10A1	0.924439390914436
GPR137B	0.924199254511
TRAF3IP2	0.924139113472236
PARS2	0.924018733874073
TAF8	0.923898473502069
KLHDC8B	0.923587463028348
GPAT2P1	0.923471461711351
FCGR2A	0.922899208121205
RELB	0.922830806670371
C4orf36	0.922404827760322
SAMD13	0.922372462665572
UROD	0.92211312791109
SLC38A9	0.921792168067732
OBSL1	0.921662304615104
NFIB	0.921661640083784
MGST3	0.921430450915323
GEMIN8	0.921349474090789
SET	0.920662498167477
SIAH1	0.920580348717129
CASP7	0.9203565069152
FBXO39	0.920290620652101
COX7A2L	0.920243358635703
BAP1	0.919730993997672
THSD7A	0.919202654129622
RINL	0.918387954991445
MBTD1	0.918284932546524
HOXA2	0.918061871313485
RPL21P28	0.917964454176905
SUSD1	0.917368351285648
TNNC2	0.917352067357489
SGK2	0.917286332175558
RPS3AP6	0.916576030255064
CADM4	0.916451307674802
RPL15	0.916408664935773
TIMP4	0.916071344458735
SMDT1	0.916011306389924
MYH15	0.915495880305078
RFXAP	0.915381034702621
RPL26P19	0.915059051981067
MPLKIP	0.914853989059084
MTA1	0.914623528725782
FAM78A	0.91449580487856
IQCA1	0.913968896667671
EGFLAM	0.913143345548642
RNF214	0.913050753154358
OXR1	0.912938682302811
PPARG	0.912897779768252
COQ8A	0.912854366321094
IL2RB	0.912768887699269
RNF128	0.912719200975033
PIAS2	0.91182211941081
NNMT	0.911025276715753
DUSP15	0.910792029511391
RALGAPA2	0.91076392673588
ERN2	0.910291245071436
XG	0.908289215904574
PCDH7	0.907968210992277
SLC2A13	0.907435982387111
FAHD2CP	0.907144166830055
FRRS1L	0.907126751253403
HVCN1	0.907034168723869
ATXN3	0.90619994548796
CANX	0.906090371046821
TXNL1	0.905780503869666
ZNF836	0.904579754964074
WDR17	0.904427130845669
HELZ	0.903756293432275
CCDC120	0.903496965958849
GTPBP10	0.902331933596132
SPECC1	0.902048289800569
KLHL22	0.902045204020192
TK2	0.902044320741381
KIRREL1	0.901860432425267
NEK11	0.901541314722455
PRX	0.901086776538657
RPL7	0.900898596771434
VARS2	0.900882920274355
HDGFL3	0.900848700015008
CHST2	0.900578302279529
ENDOV	0.899759857328449
ANKHD1	0.899704710573127
RDM1P5	0.899427715871258
LTA4H	0.898810351981033
DENND4C	0.898259396466969
EIF2D	0.898201617581798
HOXD13	0.897955818242004
SPMIP1	0.897862680763897
TEKT2	0.897615263193805
RYK	0.896698794805499
ZC4H2	0.896142625681961
MOB1A	0.896017079948053
SLC35G5	0.895975406747133
UBE2Q2P13	0.895235904089436
DAB2IP	0.895229595328086
IQSEC3	0.8949040397583
CHRNA1	0.89488764993231
RPL13	0.894534006614976
PCDHGA10	0.894529363867905
WDR74	0.894237805741169
ABHD13	0.893695901511274
CSTB	0.892998469092066
DKK2	0.892923706755807
SF3A1	0.892449344220419
KIAA0408	0.892441137510388
EGLN3	0.892440878696943
KMO	0.892395608867709
RNF152	0.89219866345523
CDC20P1	0.892026202054276
ZSCAN16	0.891959552509156
AAGAB	0.891731257657224
EID2	0.891546322989438
SYBU	0.8911354138341
PPP1R9B	0.890676106510677
ECHDC1	0.89049394402055
ZNF271P	0.890465856443512
PRRG1	0.89004087217525
RAB3IP	0.890010882507015
RUNX1T1	0.8899996665721
ACAD10	0.889627595447241
EIF2S3	0.88941397419378
MORN4	0.888994628196806
CCDC102A	0.888822072356847
RAB11FIP3	0.888788001744162
FRK	0.888373326657773
ZNG1DP	0.888037240716953
PELP1	0.887971405709947
DEXI	0.887834281853561
LPAL2	0.88783101146649
SLC35E3	0.887747585682728
CSRNP3	0.887445983525297
CIZ1	0.886803563134339
ZFYVE9	0.886651573402936
UBQLN2	0.886436856202917
KCNJ15	0.88609901128916
B3GALNT2	0.885791026017505
ATF7	0.885047902329871
CD19	0.884507675869863
TFRC	0.884332889111795
HES6	0.884185532245388
RNF180	0.884028543933442
NDUFV2P1	0.882949241608269
ARMCX3	0.882025344012739
AIFM2	0.881961226123078
FOXP2	0.881489668933702
RNF170	0.881236608916493
C1QTNF1	0.881230253918846
RNF185	0.880949588303973
KCNMB4	0.880729100697877
USP33	0.880508241550935
CYB5R1	0.880101325073066
MAN2B1	0.880054813307022
JDP2	0.880004500610297
KLF14	0.879339803962811
EIF4EBP2	0.879051603219269
VPS51	0.878487934364684
GBE1	0.878486356315077
C1QTNF4	0.878442204546877
RAPGEF2	0.8782215036583
SEMA3D	0.877952934938251
CTTNBP2	0.877806256586793
HDAC4	0.877345477967918
TMEM94	0.876467987884213
PHF3	0.875875487089655
METTL18	0.875296929202053
MAGOH	0.873956764814525
APPL1	0.873923086122677
MAP3K13	0.873834290190163
UTP14A	0.873463210355076
ARHGAP32	0.873314056737997
RPL4	0.873185027032921
IFIT2	0.873174639888959
NIPAL2	0.872987841376476
ZNF621	0.872328430004488
AVPI1	0.871590384555634
PSD	0.87138991197419
RSL24D1	0.871275500452986
SUMF1	0.87104294755288
DTX3L	0.870667777596124
PI4KA	0.870150758005549
TNFAIP2	0.870058572821429
PPID	0.869517288295023
MVB12B	0.868938464358448
TCEANC	0.86889524152091
ELOVL2	0.868692221259855
RPL17P18	0.868292662873008
MGAT4B	0.868153512808273
DCAF5	0.867944323653883
GLOD4	0.86792068072808
PABPC4L	0.867542637220543
SLC2A9	0.8673926574656
POGLUT2	0.86728349553835
RPL28	0.867199360953614
COMMD5	0.866195988902391
DKKL1	0.866014793623126
RAB4A	0.865986376803505
UBA7	0.865929007515116
RPL24	0.865747485429884
ASIC1	0.865254098835008
ADCK2	0.865131835032928
RMDN2	0.864813305787408
LRCH2	0.864563317169346
EAF2	0.864538272878903
NXPE3	0.864470227369621
EPHX4	0.863510979232266
EDNRB	0.86346320350783
HMG20A	0.863122618045067
ACE	0.862916467719782
DOLK	0.862474991987181
CFAP68	0.862450393378967
ZNF480	0.862081207588137
RAB12	0.861967742725741
MFSD14B	0.861718717987879
EEF1G	0.861377494492523
FBXW4	0.861348545531468
SNORC	0.860792564071781
LRRC69	0.860581452940322
ATP6V1G1	0.860295787892186
RPL12P16	0.858856701877832
PCDHGA3	0.857970737369273
MKRN1	0.857489442049407
ZNF227	0.856482226230338
TNFSF13	0.856095593134205
SNRK	0.855832483427722
NR4A3	0.854843780981025
FES	0.853179648570869
YBX3	0.851834441183023
CIITA	0.851042484039684
AP3D1	0.850862908290409
SARDH	0.849459265168935
DHFR2	0.849372063944079
ELOVL5	0.848097437270601
ZNF181	0.84773671395093
RIMKLA	0.847656689093948
STAT5B	0.847562560969175
JPH1	0.847365636589518
SCAF8	0.847145133898809
SLC25A27	0.847031671499877
TBC1D30	0.846691628586396
PPA2	0.845787046887046
TSPAN14	0.845745188594364
ZSCAN18	0.845642490773572
RPL29	0.845641315298277
SLC37A4	0.845284225759852
SNX29P2	0.844890206838403
RPL39	0.844837139866396
ZFYVE16	0.84473964923577
SLC35F5	0.844639006997669
CCDC74A	0.844597829612112
BAALC	0.843846209974295
CFAP36	0.843368898429033
MPPE1	0.843215816323362
KAT14	0.843076395639238
GIGYF2	0.842363190418285
KDM2B	0.842162363960743
HOXA3	0.841923076026624
GOLGA8H	0.841838443139942
PATZ1	0.841811671176888
CHP1	0.841706144236202
CCDC39	0.840634805600703
ZNF623	0.84053551144862
SNAP23	0.84052408476476
MCOLN2	0.840468398664235
CASP10	0.840206758181591
BMI1	0.84015493376739
RPS20	0.839607802333207
TMEM74	0.839393735818469
ALDH6A1	0.839264834597945
PSD3	0.839211133502878
TMEM250	0.839134397591831
MRPL11	0.839109392913199
METRN	0.838274058741984
FGFBP3	0.838081902384805
RPUSD4	0.838072467757241
MFAP2	0.837766413836011
TFPI	0.83611062231298
RPLP0P6	0.835461127604966
PARD6G	0.835224887960263
RNASEH2B	0.835202220425293
CCDC28A	0.834931571087794
COPS8	0.834052775135974
STEAP1	0.833756389499707
PARP8	0.833504466791618
TMEM260	0.833368529294272
PPM1D	0.833105069856797
WDR24	0.832652961636991
ZKSCAN1	0.831838832033802
AIFM3	0.83156638159102
FSIP1	0.831040901492111
ZNF558	0.830823124974733
LRRK2	0.830814861394073
NRARP	0.830793254990396
SUGCT	0.829980980702887
HMGN2P46	0.829506560561574
PLAAT3	0.829134070623354
LRRK1	0.829026850847822
LAMTOR4	0.828886899304799
BIVM	0.828668459949295
SLC16A14	0.827831917518842
GAB2	0.827597827901982
MTARC1	0.827143024628665
ZNF846	0.826073314061062
HAVCR2	0.825935214307309
DBT	0.825901257704293
ARHGEF7	0.825744727644197
TXNDC12	0.825629311607246
ADH1C	0.825510046863248
DNPEP	0.825201775291375
RAP2B	0.824518103395408
MAPK10	0.824147377067232
TMEM98	0.824069619909141
SVBP	0.823694155911992
TUFM	0.823546517520989
SCAI	0.823337091264478
ALG5	0.823026073496498
ZFHX4	0.822659565686895
EBAG9	0.82259962883977
NEK5	0.822550792298097
SPIN2A	0.821785047837053
GHR	0.821209572092007
ZFP2	0.820737079265463
RPS7	0.819992319468017
CCNG2	0.819701546406719
ZC3H3	0.81959883780391
NSA2	0.819232326226371
EEF1A1	0.818758545071911
AMIGO1	0.818530094912856
CA3	0.818258111605694
MUC20P1	0.818164829105258
TRMT11	0.817871513518467
SNAPC5	0.817669662327305
RPL10	0.81745791712316
TCEA1P2	0.817280267194109
STIMATE	0.816955909648515
PYGM	0.816076752828719
FMNL1	0.816019883922613
FAM186B	0.815813297780993
NT5M	0.815805049606317
ITPR1	0.815600083521412
XXYLT1	0.815498498037576
GTF2IRD2B	0.815362604621674
ESF1	0.815007519769999
SOX12	0.814748532131503
RPS15A	0.814520999904593
TSC2	0.813291332517714
GUCA1B	0.813046952386265
SYNGR1	0.812640565783187
C9orf72	0.811979527756039
FMNL2	0.811958767551484
RPL18	0.810538039537343
TIGD4	0.810125577905134
MOSPD1	0.810053186074873
SEMA3G	0.809822783229613
NDUFA4L2	0.809790576272759
ZNF624	0.809691742844894
MYD88	0.80923817135805
DDO	0.808959348403689
TAF15	0.808917694199435
PACRGL	0.808808696989026
ZDHHC14	0.808791837160671
STAC3	0.807771902076768
KRT8P12	0.806806485415722
HSPD1P4	0.806172607024981
MAP3K4	0.806116419465028
RGL1	0.806072369371611
ZNF844	0.805889941239257
SSPOP	0.805387862982086
SLC3A1	0.805373142688611
ADD3	0.805236162538516
EVI5	0.804924908929396
PSME1	0.804922238604084
MRPL10	0.804909026052176
MDGA1	0.804478430606903
IQCD	0.803974134708808
PARD3B	0.80390903293316
TWSG1	0.803846633264811
C15orf62	0.803727337191795
FLYWCH2	0.80354118140737
PRKG1	0.803047607241782
RPS24	0.802897076200084
ARAP3	0.802643532359117
FAM117A	0.802345774078723
BAHCC1	0.801481159684201
MED12	0.801431487785885
PYGL	0.801208157563308
TRIM25	0.801207529348372
TGIF2	0.801087447253401
CEP19	0.801078015657265
ZMYM5	0.80085615252659
MLF1	0.800181903915467
INO80D	0.800064201698556
KIT	0.799993442323174
LRRC37A16P	0.799882439328981
GTF3C1	0.799857227193657
SCNN1A	0.799526640624408
MAPT	0.799495903935106
RSAD1	0.799138142227135
RCL1	0.798571050626217
CCDC162P	0.797762416391759
MFSD14A	0.797557930043448
TOB2	0.796527353172787
RERE	0.796506030010076
AKR1B1	0.796301561948756
SAYSD1	0.79546121575008
RPL38	0.795191027721533
RPS3	0.794935634969395
CHRNA7	0.794693120189507
ADAP1	0.794605440157262
TRIM13	0.794409768978985
SEC62	0.794398087260118
RHOXF1P3	0.794395845184666
SULF2	0.794291459993136
DNAJC21	0.793749536622439
PGBD5	0.793528850017267
MESP2	0.793350261670704
LSM8	0.793341530912534
PDPK2P	0.792296080703407
MYZAP	0.792241712219065
IFIT1	0.792093027190247
CD163	0.791720411660664
ZNF616	0.791201109066801
ADAMTS10	0.790500291623402
ZNF345	0.790114902332742
ZNF483	0.79011378145944
TRPC6	0.790063225500075
TAF3	0.789996511275342
RNFT2	0.789990863210901
AMFR	0.789732479789659
CNOT6L	0.78969306192637
ZNF8	0.789393799915089
KLHL38	0.789174095487265
CNNM1	0.788510524149856
RNF10	0.788134834102718
ZC3H12A	0.787990336418708
CFAP410	0.787898119861958
CLCN3P1	0.787541595159239
UTP23	0.787072309879953
ZNF532	0.786973918720227
KMT2A	0.786857727021757
RIPPLY3	0.786665186583417
ALG6	0.785432814463988
DHRS12	0.785012800995747
SERPINF2	0.784249811712171
HSPE1	0.784115392196849
LAMB4	0.783745642510797
SFT2D3	0.783744035443267
NEURL4	0.783582029624969
CBY1	0.783457942657333
PLD3	0.783389291223015
C16orf74	0.782971062343556
H2BW3P	0.782943978703668
PUS3	0.782513048013878
WDR26	0.78194839035625
SERPINI1	0.781585140878241
CHCHD3	0.781492871243172
RPL17P39	0.781288327072099
CEP44	0.78077055344984
MAPK12	0.780741621467542
PROX1	0.780725697327592
CLDN6	0.780688552335238
SERPINH1	0.780509914690106
RPL18AP3	0.780089911933862
LRRC43	0.779409569838189
TAMM41	0.779256566560755
TRAK2	0.77895324180904
ZNF302	0.778944619913758
QNG1	0.778858447755773
ENOX2	0.778792709649522
ENKD1	0.778666841687603
IQCG	0.778392080678227
ANP32B	0.777848841295694
BTG2	0.777613229796502
IMMP2L	0.777558018819042
OR7E7P	0.777291750355056
ZNF496	0.777014177632607
ZNF658	0.776859863510415
HOXA6	0.776801561374268
CFAP57	0.776295690084169
MBIP	0.775123055963061
TAFAZZIN	0.775121410970463
KATNA1	0.77473907845004
LRSAM1	0.774401972266594
IFT22	0.77417793034948
PCDHB10	0.773399055183666
MKLN1	0.772949619076868
NOTCH2NLB	0.772401232278512
ZNF420	0.772346909333325
RPL35A	0.772298935065213
VSNL1	0.772156244603797
SLC66A1LP	0.771773376369214
TG	0.771624794066436
KRBA2	0.771548208800324
TCP10L	0.771523227570612
PTH1R	0.770441625629262
RPL23A	0.770399657415212
SLC35E2A	0.770004561143391
PLEKHA5	0.769790368849373
RPS7P1	0.769777909686322
GPSM2	0.76931621902469
COX7C	0.769295764101321
TAP1	0.769187945166032
METAP1D	0.768856470799686
TMEM53	0.768560195731119
FUZ	0.768466317524953
CRTC3	0.768161747183184
ZNHIT3	0.767431684491751
RPL9P7	0.767345568417572
TBC1D20	0.767218506897348
TBCD	0.76717818188327
KMT2D	0.766966658844406
SMARCA5	0.766322979602855
FBXO44	0.766229670897354
RNF135	0.765846040076533
PDZRN3	0.765841733361905
RPS2	0.76558924120453
RASGEF1A	0.765500748116122
PTPRO	0.765474366572494
EMC2	0.76519920752865
SNX33	0.764888272670416
MRPS25	0.763811285859498
RAP2A	0.763645256570586
MTUS2	0.763320000412219
USP30	0.763306548456345
DCN	0.763297960352161
PLEKHA8	0.762639795740863
ABHD14B	0.762263762644462
BTLA	0.762153612190642
NDUFB9	0.761829939264663
BMS1P10	0.761150057135707
ISY1	0.761030126451796
RPL36AL	0.760932526891129
PURB	0.76087930645258
TSSC2	0.760435416391483
ROBO4	0.760395740753009
MMP21	0.760260448165731
MTMR14	0.759966535190465
HPF1	0.75975558065384
SMPD2	0.759071874593869
TULP2	0.758878497662809
ANKRD45	0.758870851866353
GARNL3	0.757726117224358
NBPF12	0.757630143767663
UBE2I	0.757305274177112
NTNG2	0.756771721876669
GNG7	0.756451458807128
ZNF572	0.756284036928506
SIRPAP1	0.755901084472518
HMGN4	0.755863907576599
PIKFYVE	0.755555427184444
FAM184B	0.755283996024408
GPAT2	0.755096111690628
SLC2A12	0.755015051963874
MIPOL1	0.754894610645136
LSAMP	0.754858355335998
ZNF141	0.754534595924901
PRDM1	0.753543952021241
TFB2MP1	0.753464025732473
RBMXL1	0.753219149951249
UCK1	0.753073305213006
DUSP6	0.752877760466379
MRPS17	0.752460859038586
AK3	0.752380027585433
ZNF746	0.752247436656867
NEB	0.752194455080932
PARN	0.752155924921392
ERVMER34-1	0.751801408222278
PGAP1	0.751642845167984
SMAP1	0.75163827307207
ESD	0.751042258849818
CSTA	0.750794935075451
CALCOCO2	0.75072403752333
GCH1	0.750291706471235
IFT57	0.750220389490268
LIPT1	0.750179524965222
SRI	0.749873924918945
DNAAF5	0.749851303360125
SMG6	0.749789749813718
YPEL2	0.749455849287656
RND2	0.749215436944652
PINX1	0.74900676283234
ACTR3C	0.748766564761065
C1orf56	0.748680551924294
KCNC1	0.748384806030968
FKBP9	0.748132630420948
NUTM2E	0.748132109130609
ZRANB1	0.747740568375834
RNF103	0.747543544102611
PTPRD	0.74720465499646
C3orf70	0.747198888183203
CNKSR2	0.746820580329343
COCH	0.746523117401134
SH3GL3	0.746427134065211
CTSD	0.745273346131019
MCM9	0.744907569050738
MST1L	0.744868598974841
CARD6	0.74486524229299
XAF1	0.744468149935607
C18orf32	0.74429666727611
FAXDC2	0.743598235186146
RUFY1	0.743596145414149
COX4I1	0.74329759152008
HADHA	0.742544394898481
SDAD1P1	0.742345148666182
CSRNP1	0.742144727049317
OLA1	0.741984745511222
BRPF3	0.74186542163231
TMEM184C	0.741794320390422
RPL13AP25	0.741610611961027
DEGS2	0.741015882601195
PTRH2	0.740841568538312
SLC16A1	0.740431330036108
KDR	0.740380365607506
MEF2B	0.740312144509772
GABRQ	0.740130354904255
DDX43	0.739885532308446
ORC4	0.73960765232369
UBLCP1	0.739468286631804
EFNB1	0.738992652606588
RNF13	0.738459166951687
DENND4B	0.737975443289544
UTP14C	0.737862866785095
SLC44A3-AS1	0.737741255679298
DNAI4	0.737260048925943
PAQR6	0.737190640938942
SNX19	0.73701935302383
PNMA3	0.736952506046409
HGSNAT	0.736770732910061
CBFA2T2	0.736438247734149
PAIP2B	0.73620579690946
APCDD1	0.735734906698793
FUT10	0.735516123433747
DISP1	0.734685948444929
C19orf12	0.73459254166797
PER1	0.73328369159036
RPAP2	0.733106077392609
PDK4	0.733080841020768
SDCBP2	0.732212606406181
ETV2	0.732158568248169
IRF2	0.731550266635497
FAM53B	0.731488182855523
CEP164P1	0.731275485320854
MAGI2	0.731187008553123
HNRNPLP2	0.730908790241521
PEAK1	0.730830944426604
CYYR1	0.730284556421291
GTPBP6	0.730202169686966
RPL22P1	0.729883139894408
RPL22L1	0.729532305961652
ADGRL1	0.729522605376339
BACE2	0.729175463785632
RPS18	0.728809737929776
TTC39A	0.728785207413284
SP3	0.72857630920017
TBX15	0.728121152883648
RBM43	0.728112877214274
SRGAP1	0.727875256047809
SYNRG	0.727822717830864
NANP	0.72685299921487
EPB41L1	0.726814773071494
CPA3	0.72671669008426
ZGLP1	0.726567406519157
STON1	0.726552860729895
PABPC1	0.726515209240128
EXOC6B	0.726111838021288
LINC03040	0.725474982718569
GRK3	0.725120756816905
DDRGK1	0.724667229036208
RPL32	0.7241619815717
DRAM1	0.723932496298298
HSPA4	0.723317958541303
CCDC152	0.72276449362679
CLSTN2	0.722566358227988
ING4	0.722330368857758
ADGRD1	0.722275658027922
TSPAN7	0.721959604677884
MEIS3P2	0.721645244704502
CNTN3	0.721371933680905
GSTM3	0.721342941191985
ZNF250	0.721335254609046
SMG8	0.720161402709242
STAT4	0.719982081254467
SDHAF1	0.719812992579361
FAM168B	0.719643330321983
CCDC32	0.719623025119184
NR4A1	0.719442187171902
TCFL5	0.719294849469847
OSBPL8	0.718857911444111
FTH1P10	0.71856568531446
ARHGEF25	0.718286502385109
HNRNPF	0.71802580853291
PTPRA	0.717805208571581
ERAP2	0.717612647168488
AHNAK2	0.71737249459456
ZNF205	0.7170737832967
RPL14P1	0.716731698372292
GPR158	0.715881414188669
HCLS1	0.715840742851899
HCAR1	0.715317925578273
LAMA4	0.715197028037563
FRG1HP	0.714563580308427
ARMT1	0.714410286707713
BFSP1	0.714297672438726
SYDE2	0.714000446560132
ABCG2	0.713908303566788
CLEC2B	0.713883911816602
SPRY1	0.713754104821706
RPS23	0.712979268759332
VPS52	0.712603099617701
SLC25A5	0.71239057168165
TIMM10B	0.711623697424938
PARP11	0.711179046188375
RPLP1P6	0.711138387231573
EPHX1	0.711127367134996
INHCAP	0.711067640708708
RHEBL1	0.710935280864537
SLC17A7	0.710080064674396
ARHGAP4	0.71005596461415
STX10	0.709318403665145
KCNK4	0.708511108980363
GALNT15	0.70833693087595
RPL11	0.70817196151565
B9D1	0.708120746022281
LIPT2	0.708107430178591
IGIP	0.707843947671636
PCDHGC3	0.707843583208607
RPL30	0.707273578651891
FBH1	0.707136822859135
PATL2	0.706559708527845
EGR3	0.706546102068476
UQCRHL	0.70596474236137
ELOVL7	0.705677083232096
PSMG1	0.705589318283835
TCIM	0.705588923013172
TAF9	0.705586759955747
ISCA2	0.705574694775596
ELF2P2	0.705438661424655
CFAP418	0.705401149718537
GLIPR1L2	0.705089669019116
RAB22A	0.704688380772077
PRKAA2	0.704032731722301
DLG3	0.703465605883336
LPAR4	0.702557386901245
RPS28P7	0.702531031627313
RPL31	0.702486232345064
MLXIP	0.702296502459453
SAP130	0.702109917733745
PGRMC1	0.701922139066734
MMUT	0.70169047540724
TEX9	0.701421299788539
ATP5PBP5	0.701155063954954
PANX1	0.701111848319434
AGAP3	0.700919277011019
RPL41	0.700650885182398
KBTBD3	0.700276753364704
HSFX1	0.700069824354713
CLDN12	0.699887868236551
DTNB	0.699875922179491
ZNF57	0.699859390829411
ZNF423	0.699708260387911
ANGEL1	0.699092739273873
ANTXR1	0.699066723284561
ALDOC	0.698488390841909
RPL27A	0.698075844260867
CFAP91	0.69799379607648
NADK2	0.697106676943685
NAMPTP1	0.696632229905618
PIM3	0.696455429011846
LIMS1	0.69634506510588
SMIM29	0.69581582925581
SLC30A7	0.695657069416612
RFXANK	0.695490344454446
GPRASP3	0.695353705096354
MRFAP1L2	0.695270158718878
TNFSF12	0.695250585540295
LAMB1	0.695194995351708
C12orf57	0.694749110220029
HIGD2A	0.69439385380127
ABCC1	0.694026500941873
EMP2	0.693931300005742
AGT	0.69367266344958
CHST14	0.693444789680323
TMEM168	0.692780892386506
DYNLT2	0.692518646614292
MRGPRF	0.692477124644172
GRHL1	0.692419931609886
VHL	0.692106097154383
PLA2G4A	0.691938794544369
RFNG	0.691834967988155
STAG1	0.691556578228302
FAM50A	0.691337644257753
CBR4	0.691251743923181
CFAP69	0.690353568328354
GTF2E1	0.690270620420267
HEPH	0.690215269232007
ZNF14	0.690090464203118
CEACAMP10	0.689658762321195
RHOJ	0.689640828707808
AIP	0.689512719851243
CMC1	0.689409324260381
PARP6	0.688853823572632
HDAC9	0.688544782289161
PRICKLE1	0.688335311770873
IFI44	0.688329765587593
GDPGP1	0.688198613709244
VSIG10L	0.687833954680617
CYP1B1	0.687757471040132
GDF9	0.687729768962097
HOXA10	0.68731718076959
WDR81	0.687028405348809
LRRC37B	0.686770964848687
HOXA5	0.68625609828424
BLVRA	0.685062796531861
ACVR1B	0.684760357441818
IL33	0.684457931737361
DNAJC13	0.684041865267333
RPL21	0.68388238444423
ODAD3	0.683643108699284
LYRM9	0.683529158759753
TDP2	0.683485036061542
MROH1	0.683106911556799
NINJ2	0.682831980416261
TF	0.682802675211218
ZCCHC9	0.682360322370789
STAT6	0.682135994253716
C15orf48	0.682129015259796
ASNSD1	0.681766967473983
DCAF16	0.681321116686558
USP6NL	0.680705312228733
XPOT	0.680654826723641
MCL1	0.68039223781559
PIK3R2	0.680063612780741
CD46	0.67969308995829
HELB	0.679558498652801
THAP2	0.679357791741763
UBN2	0.679229959693585
TRMT61B	0.679177218977548
CCDC127	0.678772646011612
H1-10	0.678662973587923
MDH1B	0.678523547488327
DTWD1	0.677927337112352
DENND2A	0.677918429689314
TP53INP2	0.677344145243912
ATP13A1	0.676078430919012
BCL6B	0.67604869919031
SRSF8	0.675977686795017
KBTBD7	0.67594369523161
SMIM10	0.675745421523973
RNF114	0.674531803003257
IRS1	0.674442105885359
B3GAT2	0.674129978981369
LIPG	0.673738849675184
SMIM17	0.673589253564831
TP63	0.673341855396832
CPAMD8	0.673326463457413
PCDHB18P	0.672900121328321
MPDZ	0.672854629039813
DCTN2	0.672721941908806
OVCH1	0.672534093775506
ASTE1	0.672403229301929
CSF1	0.672291591221533
GPX7	0.672097307557142
TPGS1	0.672095858382195
H3-3A	0.67200128012461
MAGED4B	0.671963609221849
AKAP12	0.671659517826062
RPL13AP5	0.671438580200755
SLC9B1	0.671340017966834
PCDHGB9P	0.670794589491168
PBX3	0.670496158523832
PPFIA2	0.670359316003869
FBXO41	0.670343572262462
STAG3L5P	0.669861397746761
CNOT6LP1	0.669479921267228
C1orf43	0.669124182542787
MORC2	0.668985492859587
RGS9	0.668945103388455
THNSL2	0.668067663955754
MYC	0.668015802497123
KRT8	0.667735584654672
DLEC1	0.667394434204291
NKAPP1	0.667393506265566
PNPLA4	0.666501630570438
CCNJ	0.666354487920961
SPATA18	0.66603006873835
EIF3FP3	0.665958076065479
NKAIN1	0.665864220193594
ZNRF3	0.665706633430591
TBX1	0.665696311931082
TBX18	0.665481880268168
NBEAP2	0.665207255097187
KIAA1755	0.664348574400317
TRMT10B	0.66340953437953
DRC12	0.663166472409097
RPLP0P9	0.663125001123374
CACNG8	0.662861623529813
RPS3AP20	0.662391598222783
FAM124A	0.661734237703508
HOGA1	0.661668051501
CCDC106	0.661071474756083
SEMA4G	0.66065208572745
PRRX1	0.66022863282471
ATP8A2	0.659918842390905
MGST1	0.659885817095659
TM9SF4	0.659846418652259
SLC25A38	0.659786495438003
BPTF	0.659701744878559
RXYLT1	0.659545476007685
RFX7	0.659283255178317
RANBP9	0.658917843582774
TNKS	0.658880159774191
CDK3	0.658816572554464
SCN3B	0.658505835433256
TMEM242	0.657938868259539
MAN2B2	0.657732006937368
TRAM1L1	0.656889310743611
BMPR1B	0.656721998289882
LSM6	0.656552164121545
CFL1P1	0.656525801009449
GAS2	0.656519043742446
GALNT11	0.65644863606421
COMMD8	0.656438648936755
EEF1B2	0.656182688240725
HSBP1L1	0.656127499026073
ZNF428	0.655884049306919
TBRG1	0.655835684279185
NDUFB1	0.655794199972467
RHOD	0.654930217484123
PINLYP	0.65471647530126
LIMK1	0.652952606345141
PACC1	0.652673449233398
ZNF571	0.652594935223505
PEBP4	0.65253376467589
DDX60	0.652186805979208
TRPV1	0.650942808612839
CHMP4B	0.650664760756569
ZNF785	0.650562939270921
CDIP1	0.650052422818029
PHGDH	0.649908910455956
RNLS	0.649311341415106
WDR12	0.648923873575052
LBR	0.64828861267905
PTPRS	0.648077421391172
EBF2	0.647552503678491
SEMA6A	0.647521683841115
CXCL12	0.646915675402144
NFXL1	0.64673790103637
ADAM21	0.646653371417305
PCGF1	0.646529713958013
TMEM222	0.646121853841685
HERC2P5	0.645890965598802
CITED4	0.645548848788156
RPL21P53	0.644550399676993
INO80B	0.644475231187774
SEZ6L2	0.644402559644498
TRIM22	0.644334714275423
SERAC1	0.644126718231422
KHSRP	0.643644096668871
STX17	0.643641001626665
MRPS27	0.643566456000923
ACOX2	0.643229705474552
MLST8	0.643153496176533
FBLN1	0.643125838428265
NPM1	0.643017596746736
TRMT5	0.642993138829255
RASIP1	0.642168588373957
HNRNPA1	0.642123967991489
LAGE3	0.641679018769236
C10orf105	0.641596561788564
HNRNPH2	0.641468286408279
MTMR7	0.641342069644373
FLRT3	0.640667194958842
NLGN4X	0.640491373897573
C1orf216	0.640457934105331
DHRS4L2	0.640270539997284
DNAJA1	0.639882922873691
AP3S1	0.639655543462004
RPL27	0.639518162589726
UQCC2	0.639239604247487
PRPF19	0.639199811471727
AMY2B	0.639187839256563
RAPGEF1	0.638914415707408
ZCCHC2	0.638777754548205
EYA1	0.638740765734872
JAK3	0.638516549061806
LATS1	0.638360440309051
FRAT2	0.637861787060174
UBXN4	0.63769435763068
ZKSCAN2	0.637675234665658
RAPGEF5	0.637525620496777
NRN1	0.637519217247169
TPD52L1	0.637399672457011
TMEM248	0.6373643141247
WEE1	0.637144898976825
USP32	0.636753719951284
SMNDC1	0.636360380419403
NDUFAF4P3	0.63625270683499
NECTIN4	0.636201860794335
OCEL1	0.636143824705083
SETMAR	0.636085489670637
PHC1P1	0.636034595978018
HOXA11	0.636013695473333
SNED1	0.635839916707509
MIPEPP3	0.63567568849456
CPM	0.635034465369733
CARD16	0.634152517916402
SART1	0.633988023491203
RPS15	0.633744396702222
TECR	0.633205074541587
CCPG1	0.632824829038885
GARIN5A	0.632535310945823
CHST11	0.631747754287043
ODAD1	0.631333977378421
WDR70	0.630738470531472
NTPCR	0.630433296188249
MAZ	0.630012772243536
NTN5	0.629838069827793
NEK1	0.629199873058337
SPX	0.629133671833207
CDK19	0.628832819685228
SVIL2P	0.628106774945488
GET4	0.628091265204139
ATXN1	0.627953655509174
NLGN2	0.626983730032136
SPG11	0.626764567287548
STON1-GTF2A1L	0.626761107978152
TMEM220	0.626682273064137
KCNJ14	0.626653407665509
C9orf85	0.626635733327811
ZNF566	0.626280777780121
ZC3H6	0.62591770604042
GGT7	0.625880861677872
MIPEP	0.625822076117563
PECR	0.625793447140479
FOXH1	0.625518211477576
ZNF136	0.625317146709009
MOSMO	0.625306817343269
SDHAF4	0.62526867277027
TERF1	0.624323879524929
SLC25A36	0.624284790711001
SLC22A1	0.624234766843714
GJA1	0.624060866021449
SPCS2	0.624008089026606
IFIT3	0.623910206463247
PRMT3	0.623642259864655
ATOSA	0.623546534517607
COMMD6	0.6235171206754
H2BC21	0.62271004095733
STT3B	0.622540364252401
MT-ATP8	0.622439472446415
RNF24	0.622343253773796
RPS19	0.622111120997098
KIDINS220	0.622018453393688
TMEM178A	0.621372394241564
CC2D1A	0.621352023065455
CD37	0.620939713225022
REEP3	0.620937230020434
METTL9	0.62077140429904
FBXL14	0.620518687846063
LHFPL5	0.620391044698364
VPS35	0.619966365373796
TXN2	0.619817628923482
INTS4P1	0.619699474612054
GPRASP2	0.619367641657974
TMEM182	0.618910432597127
ZNF292	0.618627168341872
CDKL3	0.61859534605835
GPS2	0.618465967450336
STKLD1	0.618232287550872
XRN2	0.618006790270868
UBXN2A	0.61799649811378
CCNB3	0.617769285117098
PSMG2	0.617719868531694
RPS13	0.617708626747282
GPR146	0.617524861449825
FGFR1	0.616380228507435
F13A1	0.616189484406834
ACRBP	0.616167699789063
ANKRD9	0.616027813764335
RNF146	0.615857838711386
INTS9	0.615552306889754
FAM21FP	0.615432910480291
ANKS1B	0.615327219807094
RNF122	0.615281425688456
DENND1A	0.614767496916741
ZNF154	0.61472802682734
IFT172	0.614588964216775
CRTAC1	0.613950024704321
FBXO16	0.613809815868178
C9orf43	0.613699798436469
GALNT14	0.61346055240738
RBCK1	0.612754201061642
VCF2	0.612498895207603
ZNF300P1	0.612436248940028
WNK3	0.612328395980637
GINM1	0.612314445157669
CHIC1	0.612203842115131
FAM53C	0.611998821806554
STARD9	0.611655903441171
PIBF1	0.611521008784756
UBXN8	0.611400137605486
PFDN6	0.611282652050137
LINC02210	0.610778031899251
FOXD4	0.610654906240818
RBM15B	0.61063375588171
CDK20	0.610526975229504
CLDN15	0.610257515640429
HIP1R	0.609868884246164
ANGPTL6	0.609510701130811
COL27A1	0.609385762812207
RPS27P3	0.609311121260584
ZBTB2	0.609234361192468
CCNC	0.609048453693398
PALB2	0.608779049106877
LDLRAD3	0.608622987171388
CLEC18A	0.608436925827662
FBXO25	0.608063137815497
DYRK3	0.607986469568581
GFPT2	0.607721416466517
VWA2	0.60709649620766
PRSS35	0.606706574072929
DNAJB9	0.606523592699706
GFUS	0.606443451787039
RCN1	0.60630425878264
FAM86B1	0.606259442207342
INCA1	0.605960881448051
PHF13	0.605959686239027
SLC25A26	0.605898400116625
RPS2P46	0.605790969939451
FGD6	0.605786932821543
BAZ2B	0.605332316880862
TSC22D4	0.605325073081578
HAUS4	0.605302285663238
PIK3IP1	0.605200267552154
STK3	0.60516297304143
CNNM4	0.605102976317376
PDE7B	0.604934738146887
TCF12	0.60482133593643
CORO2B	0.604580362121611
ANKRD16	0.603802038508495
GJB2	0.602870507334513
LENG9	0.602774373129768
PDIK1L	0.602683458667203
PLEKHG4	0.601968266370914
ENSA	0.601955405181834
FBXL19	0.601945155563407
TIMM44	0.60181917595108
RPSAP26	0.601252438766242
ATF6B	0.601028590361622
MICU1	0.600987152362494
TMEM183A	0.600909890257928
BAD	0.600050564183663
DCST2	0.599600106657644
GTF2H4	0.599518375650616
RPL29P4	0.599514000702278
CREB3L1	0.599236167442283
NOPCHAP1	0.598985572001486
THBS3	0.598946688761669
SYCE1L	0.59882809194025
INTS8	0.59858667007837
SMOX	0.598320799818959
GSTT2	0.598201531915212
ZFP14	0.598181562246086
TTBK2	0.597974487383029
AHCYL2	0.597955142355038
AKAP13	0.597704632806876
PABIR1	0.597479350401692
GRAMD4	0.596340435650436
KLF2	0.5962557004478
TTC7B	0.596159998702599
RPS29	0.596081082099787
FANCF	0.595568428015669
SLC47A1	0.595556505653999
HMGB3P22	0.595407610138382
TMEM150C	0.595349415322922
AGGF1	0.595206707938067
RAMP2	0.595045550874541
PRMT6	0.594783684756202
TMEFF1	0.594603926974895
MANEA	0.594235067305514
SKOR1	0.59406914443497
SLIT1	0.593821217694562
ENOPH1	0.593757028364798
TPRG1L	0.593296147930668
CXCR5	0.592552332357821
NTRK1	0.592297697474536
SLC39A11	0.592062174282253
CYP4V2	0.591866678908476
CASTOR1	0.591832655345768
CCNY	0.591695795764774
KLHL41	0.591399375164259
KLRF1	0.591307800931943
HDX	0.590358805768752
NCOA6	0.59018015482282
BASP1	0.590160306928716
TAF12	0.590137880468561
CCNJL	0.590064165599777
ARPIN	0.589555621643683
CFAP58	0.589245205864022
FAAHP1	0.588637850066424
NBEA	0.588627643895735
SLC27A4	0.588349391513763
NHEJ1	0.588299416247981
NEK6	0.587653509561149
ZNF48	0.587605274255312
GON7	0.586678899539736
RAB30	0.586648592577724
DENND2B	0.585691775804054
RPS14	0.585602874416626
ZNF12	0.585319001524815
RPS12	0.585316407619068
CHML	0.585269708620753
GADD45G	0.585251840182201
MACROD2	0.585073627172594
MIER1	0.584469567725628
RNMT	0.58409089068872
OS9	0.583996661941885
ASXL2	0.583895481330507
GAREM1	0.583755086120051
TIGD6	0.583696489296706
TLCD3A	0.582738688827311
ZNF135	0.582290970744849
ABHD15	0.582078303730339
TMX2P1	0.581802236754395
ERO1B	0.581424841385303
SBNO2	0.581074096512983
PPP2R3C	0.580988792526892
C4A	0.580727436446748
SYNJ2BP	0.580711148137417
TSC1	0.580563773888383
KIF3B	0.579695632574575
CFAP96	0.579288243599039
PNPLA8	0.578976621286133
LIAS	0.578818562809229
RPS17	0.578636099816143
FRAT1	0.578170914105371
ZFAT	0.57803073931905
ZC3H18	0.577947196296484
DPYSL4	0.577667869327426
TMEM14C	0.577367852444046
TMEM127	0.577337551618279
C1QTNF3-AMACR	0.576810023654622
DMGDH	0.576785525007918
SMIM11	0.576536993797469
TMEM65	0.576489364377162
PPT1	0.576433091857047
MMD	0.576203154794829
RDH14	0.576144381352001
ST3GAL1	0.575969367493778
ZNRF2P1	0.575941074356582
PSMB9	0.57587473401766
GTF2H2	0.575206785114823
UNC79	0.575076668292255
MZT2A	0.574985416165359
NUTM2D	0.574749025739756
TRAF3IP1	0.574594086705134
SPATA20	0.57443086630772
RPL3P4	0.574117768319346
TOMM40P4	0.574017980488094
WRN	0.573880484553413
TRIQK	0.573683909890554
VPS50	0.57365584851899
AGBL3	0.573167153939956
CBX6	0.573052637253131
RPAIN	0.572968017278936
BBS2	0.572879266747978
GALK2	0.572856844261027
ADGRL4	0.57192323266152
EAPP	0.571883338759528
RPL34	0.571267620800917
MISP	0.571252067367731
CD74	0.571186347843699
HOXD10	0.570581634987736
MPND	0.57037439119154
MRC2	0.57011440723798
SRR	0.569465133012811
MMP16	0.569420165224094
SNW1	0.56932061583119
PAQR8	0.56854911770235
ST8SIA1	0.568306889078649
ZSWIM7	0.568244674327642
ABCC9	0.568214265739008
YY1	0.567956941732068
TMEM39A	0.567712410974047
SLC38A3	0.567658449179401
DNAJC28	0.567399400408943
CSGALNACT2	0.567374768534643
COA6	0.567313516036293
CD109	0.567023841667509
PPP2R3B	0.566773098850421
NME5	0.566578742685545
CXCL6	0.566002921847075
RIN2	0.565867131951406
VSTM5	0.565782365793892
PLEKHH1	0.565639853850482
DEF8	0.565546566955715
CNNM3	0.565330891244138
VILL	0.56530103382397
RPS2P7	0.565139025968484
CDC25B	0.56423575020292
CERKL	0.563782264021396
ATP6AP2	0.563737750710533
GASK1A	0.563577187550135
FGD1	0.5633791043558
LMO4	0.563313481418901
GSPT2	0.563311828392108
TNFRSF1A	0.563264526802636
PARD3	0.562876880808155
NTAQ1	0.56282506098351
HSPA9	0.562581370590508
ZACN	0.562207758437158
ATG9B	0.562016979368135
ACVR2B	0.561962698386253
TSPAN9	0.561667064172261
ACADS	0.561088201994002
APOBR	0.56104548905201
EVI2A	0.560941680278795
GTF2IRD2	0.56082422301201
GABPA	0.560768701474067
INTS10	0.56033973306169
ZFP92	0.559749731368981
VPS37D	0.559579185883025
ALDH9A1	0.559522513962523
PRR5-ARHGAP8	0.559428919731125
ARMC10	0.55910204612521
ZNF221	0.558778125350804
CYP46A1	0.558628492001238
RNF2	0.558261226632547
PGGHG	0.558133384510936
RAB11FIP1P1	0.558024430534143
ZNF197	0.557806095117643
HYDIN	0.557798678402127
RHEBP2	0.557587636538496
SDHAF3	0.55750676402521
CHURC1-FNTB	0.557255655532212
ZDHHC5	0.556559318718828
ZNF671	0.556526352266096
KRBOX5	0.556385587947026
CTBP1	0.556129188039614
THNSL1	0.555795075911581
CLIP4	0.555604257050357
EPHB6	0.555459180409954
ZNF285	0.555434420778463
EIF4BP6	0.555204360746755
AHCYL1	0.555196317571008
ATP5MJ	0.555133599714254
CACNG7	0.554842132125056
IDS	0.554171799816296
ZNF234	0.554011912589185
RAD1	0.553940062901437
DGAT2	0.553892076026787
TRAM1	0.553722051863033
GPHN	0.553646983899131
SDCCAG8	0.553593412609231
TBCK	0.553542489508862
ALAD	0.553472094978022
NUDT10	0.553348787040354
PCSK1N	0.553337184316511
PYCARD	0.553195680495864
MEIS3P1	0.553155335616065
LPAR2	0.552885235129371
BLOC1S6	0.552799412985754
MORN2	0.552743025696316
VPS33A	0.552593942583011
VLDLR	0.552387332090392
CDYL	0.552033256377753
ZNF615	0.551872660322541
NKAPD1	0.551680705934853
UTS2B	0.551672866704515
DCUN1D4	0.551614934107833
SPOP	0.551155477580003
STAG2	0.551085400996019
MKS1	0.551060054229511
PJA1	0.551046014278913
KGD4	0.55089099223642
RPS10	0.550801245786408
DNAJC14	0.550531087158004
BDKRB2	0.550384254224773
CXCL16	0.550006550875998
CLASRP	0.549497542813358
FLVCR2	0.549420573744708
WDR83	0.549193030493012
CIPC	0.549187516983131
PITPNA	0.54867451225422
CLSTN3	0.548422291092134
REEP6	0.548306600289999
ZNF717	0.548280822574238
ZFAND3	0.548095081223129
TMEM154	0.54760062390634
CNTLN	0.547237121842552
PKNOX2	0.546856159274656
GLUD2	0.546316321899524
COA3	0.546288842863029
NAPRT	0.546097156186751
RRP9	0.545434034154372
COG2	0.54482127865818
NEO1	0.544735679841594
ABHD16A	0.544610105436144
RPLP0	0.54439731064172
EIF1	0.544171891097938
PTK2B	0.543526232111342
DNM1P46	0.543438351384207
CPNE1	0.543301865544905
GALNT12	0.543117250621902
SPIRE2	0.542956882003385
GCC2	0.542517317182366
OSBP2	0.542439154778633
TTC28	0.542274910988233
RPL6P10	0.542273325648161
FBLL1	0.542270232956582
NAGPA	0.542243969992088
SELENON	0.542214931535642
RELL1	0.54201549979669
DCAF10	0.541270256359562
PMFBP1	0.541131189716762
TGFB2	0.540935314827183
DDX31	0.540782127699467
ZNF18	0.540443605678403
RPL36	0.540097230378748
CD200	0.539909026352347
MCRIP1	0.539818830638947
AZIN2	0.539804409788242
EIF3G	0.539558650900026
AMN1	0.539138067661436
PTPN13	0.538611277675262
POMC	0.538607235415151
ZNF233	0.53826202732911
GMPR2	0.538159587699319
NPIPB2	0.537983293166944
ZDHHC4	0.537348347468562
MAP3K15	0.536307038462714
NAT14	0.536219032660519
SLC29A3	0.536179284048821
AICDA	0.536141201144163
MCCC2	0.536092238802472
CYTL1	0.536013337607454
AIF1L	0.535960476243671
TBC1D9B	0.535957583254397
GPRASP1	0.535644226149762
LIMD2	0.535578309262146
ETV3	0.535147693718181
MAP4K1	0.535005509321666
APIP	0.534993431972608
CAPS2	0.534694325447663
ZNF507	0.534264643784006
ZNF829	0.534188436876301
SATB1	0.534161947157726
PAMR1	0.534148950588524
FBXW8	0.533970420252438
STOML2	0.533286649194331
COP1	0.533061651323784
CCDC8	0.532939179992622
PDZK1IP1	0.532441032837565
SLC22A15	0.532301421671551
SAMM50	0.532040468021451
DDT	0.531636168150211
CACNA1C	0.531625548971798
BST2	0.531333656640646
UFC1	0.530696448901471
BRD1	0.530280481981144
GPATCH3	0.530039060535119
BNIP3L	0.530008819864481
CMKLR1	0.529583378676197
MFHAS1	0.529565039742101
USH2A	0.529427340008317
DDX52	0.529350480347372
OR7E102P	0.529301089570963
ENOSF1	0.529272224795947
ADCY10P1	0.529264370071708
LACTB	0.529261556541482
NAB1	0.529100427391396
AK9	0.528740054314955
ELK3	0.528659038392213
KLF3	0.528603266990084
COL9A3	0.52795696197714
PERP	0.527767560001205
CD82	0.527636041420028
DNAJC4	0.527627653939711
OPRL1	0.527168348342083
SMC6	0.52702353708931
MEN1	0.526855985339809
TCAP	0.526644313148093
SBF2	0.526540882661836
CREB3L4	0.526430346566812
ZNF239	0.526173210237003
SARM1	0.526123191474434
ZSWIM4	0.525916508008999
NAALADL1	0.525441205725394
TRMT1	0.525423575109139
PLLP	0.525258620288585
C17orf100	0.524939208911302
FBXL2	0.524894272514591
TFAM	0.524186844374129
STK24	0.52397444029756
TPTEP2-CSNK1E	0.523967450996229
RCHY1	0.523830030007847
ZNF570	0.52359750002233
RNF166	0.52325395301746
RNASEK	0.523192975314555
SSC4D	0.522714372272298
ZKSCAN4	0.522530212417665
TRIM65	0.522529039516387
TDRD12	0.522512443151761
MKKS	0.522310695010066
ATP6V1C2	0.522219768487377
GRID1	0.522151731360923
SEL1L	0.522143060078679
PIGM	0.521883040660405
TRIR	0.521493690413568
ZNF510	0.521075534299854
TMEM191B	0.520953460081475
NUFIP2	0.520572081440739
RAB43	0.520355405880389
FBXL22	0.520214771822809
TMTC1	0.52002575951243
EIF4A3	0.519682581250771
ZNF446	0.519586202312777
RNF113A	0.51952855525626
ETFDH	0.519502228646627
HSD11B1	0.519459059008614
TWIST2	0.519261584885459
MGMT	0.519208077942544
ZNF425	0.519135583594784
SPATA25	0.51909376615953
ME3	0.519068321345388
IQCE	0.518233798120339
FAM228B	0.518005735213811
MMAA	0.517873234529695
ZFP37	0.517591425872612
ZBTB47	0.516846946881378
IRGQ	0.516261884945827
MTND4P12	0.516081657640505
ZNF582	0.516025840389993
FCSK	0.515863417071198
DHRS4	0.515645221851388
PPM1A	0.515561182404911
CDRT15P4	0.5151577298642
DDIT3	0.515133125419293
ZNF891	0.514740212960422
ZNF543	0.514567425856986
MTERF3	0.514351070712685
PEDS1	0.514233968059815
RPL35	0.51411535080543
NFATC3	0.513529955150325
MTARC2	0.513510151414686
STK38	0.513475323232374
PBRM1	0.513304190732873
TIGD1	0.513231086902265
SMARCD2	0.512755849251082
FAM21EP	0.512361953918377
CCDC117	0.51208191653011
TMEM218	0.512057001142035
RPL8	0.512050281968851
GPBP1	0.511927782828118
EP300	0.511918536674842
TTC14	0.511651497692458
FAM217B	0.511463757493132
YTHDF1	0.511425221498243
TMEM81	0.511315772398813
LAMTOR2	0.511266841866644
ZBTB1	0.51122302011215
UNG	0.510898086325832
DDIT4	0.510818778628394
RAD51D	0.510791508350346
SETD6	0.510413602121382
C20orf144	0.510349280394155
KRI1	0.510062669217154
ZBTB38	0.509942330163342
NSMF	0.509919559831633
ZSCAN21	0.509846290782254
USP32P1	0.509722331672016
CEL	0.509320277710185
TRAPPC2B	0.509159003111993
ZC2HC1C	0.509155543481266
ZMAT3	0.509131458548141
CLMN	0.509044979856753
RPS27A	0.508786377367336
CYSRT1	0.508705891982865
APLN	0.508000527196722
PNMA1	0.50798792213183
SLC35E2B	0.507706906364995
ZNF649	0.507582580479616
ENTREP3	0.50757834453078
POM121B	0.507551111795713
MDH1	0.5075441294909
LIAT1	0.507188543633155
STAU2	0.50711286104347
PRKN	0.506578653801196
NSG1	0.506468461181154
TTLL1	0.506092009677615
LMAN2L	0.506010569117116
KICS2	0.505590656159148
TMEM225B	0.505537577176473
ZNF747	0.505025874800064
TMEM200B	0.505016955761914
DOC2GP	0.504798458287311
PF4V1	0.504781566699961
DNAJC8	0.504476101276084
UBE4B	0.504375005869149
WASHC3	0.504086109519669
DDX60L	0.503909780011217
LYRM1	0.503757732645799
RAD51B	0.503717488846609
ZNF606	0.502877818133652
ARSD	0.502239797441677
ZFYVE21	0.501883655579079
NSMCE3	0.501855133794389
ARHGEF33	0.501673519133728
TBC1D7	0.501096537812125
KCNK1	0.50049925180496
ZNF317	0.500362095778713
JAM2	0.500283272867849
SCAND1	0.499977898969397
EEF1B2P3	0.499838587651377
TRIM11	0.499308750568503
MIB2	0.499268952875997
CTBP2P10	0.499210621232914
ANKRD24	0.499159146738278
NPM3	0.499083773903276
SLC23A3	0.499002203765615
SKIC2	0.498904598044267
BLOC1S4	0.498892421377612
PDXK	0.498785190274505
C2orf81	0.498373957441361
KMT2B	0.498256863676836
ASDURF	0.497518024015765
NADSYN1	0.497404304237725
EPB41L5	0.497280223109727
NLE1	0.497225086554131
ZC3H10	0.496358578606761
ATN1	0.496114130811957
FBL	0.496093656011608
RNF20	0.495972862572519
PSMB10	0.495637241775089
FAM43B	0.495439144604525
HOXD11	0.495195514334881
TOR3A	0.495146923538291
AP5M1	0.495122047184848
CAND1	0.495068986683924
RELL2	0.494942420942675
SLC66A3	0.49493988862908
CHD9NB	0.494575777895837
TSPAN33	0.49444797714214
MMP25	0.494433261930873
WASF3	0.494125557388817
ENO2	0.493600058394858
PPIG	0.493342248825452
TMEM185B	0.493112690084144
NKAP	0.492823932768522
TSPAN3	0.492748070929978
RNF213	0.492601834422055
CCDC78	0.491712652465872
ZRSR2	0.491578198692473
MED29	0.491214970289154
ZNF555	0.491140760860293
CCS	0.490831267148549
ZNF664	0.490644406960946
MAPK8IP1	0.490619042037423
AGPAT3	0.490456361728929
SLC5A2	0.490380748849282
MBTPS1	0.490363760531004
ZCCHC7	0.489293898777416
GPD1L	0.489222611679693
PANK2	0.489004772656312
GNL3	0.488828733276512
DHRS7B	0.488632977602379
FTCD	0.488555929856112
PROB1	0.488547652160881
ZNF362	0.488495027327774
ARHGAP24	0.488169405115646
TTPA	0.487796653129727
GOLM2	0.487767746717205
CFB	0.487676267316262
NDUFB4	0.487454213610663
PDE7A	0.487354743246909
ZFP1	0.486986136767349
SIPA1	0.486652845547936
RFESD	0.486559711866448
SEMA6D	0.486152656052392
ATP5MC2	0.486143783685935
LSP1P4	0.4860783978018
LDLRAD4	0.485792784993442
ZNF487	0.485539637482518
SCN3A	0.4854967545001
CAMK4	0.485495649569157
ZNF512	0.485441625113042
SP9	0.485286397919223
PDCD2	0.484900117430639
SNRPD2	0.484897965699833
FAU	0.484702756149093
STRBP	0.484590197850117
ZNF813	0.483572269377091
RAB27B	0.483136511252427
CNPY4	0.483095438218406
GLRB	0.483081035036316
HSPH1	0.483063630403728
RANGRF	0.482392920134948
CDIPT	0.481884505464742
CASK	0.481467755784799
EIF4ENIF1	0.481218326400534
SAFB	0.48079687536337
LPIN3	0.479972725872982
MVB12A	0.4798123596204
EDA2R	0.479777645905663
ATP6V1H	0.479573008935807
KITLG	0.479177420781445
ZNHIT6	0.479092150858391
KRCC1	0.478738599135434
TNS3	0.478731295895059
BBS5	0.478499064544165
ANKRD28	0.477947760796588
TMEM187	0.477711101164725
OSER1	0.47647635844851
ZNF770	0.476334331651546
RETREG1	0.476277733604071
ZNF263	0.476164614024269
MATCAP2	0.475779925645423
EPHB4	0.475642623331253
ZNF512B	0.475633581755046
TBX6	0.475496809382031
DCAKD	0.475304796096945
MYOZ3	0.474990714033566
ATE1OSP	0.474792773665881
TET1	0.474780141052835
CMTR2	0.474734286072947
COMMD7	0.474522759572951
PCDHGA12	0.474459169488412
SLC39A2	0.474337256017199
ZNF417	0.473994239526916
LITAF	0.47380588304023
SARS1	0.473762375458524
EIF3CL	0.47355742590102
MAF1	0.473551454745246
MSX2	0.473261735761823
PPP3CB	0.473070842812188
BTF3L4	0.472987891396676
NUMBL	0.47288582372303
OSGEPL1	0.472849460742893
SCG5	0.472843887662679
KPNA5	0.47247821699859
RBAK-RBAKDN	0.472282368215115
RRP12	0.471373969392237
SPOCK2	0.471371505594238
RPL17P7	0.471204627736767
MARK4	0.471143937168015
SEPTIN7P14	0.471112663501132
NDUFS3	0.470685916044104
RET	0.470352940791684
PTP4A3	0.469965271771489
RTRAF	0.469954759520706
ZNF346	0.469104127538194
FGF7P6	0.468798555087827
PLAC9	0.468675284402906
TACSTD2	0.46847513751692
CBX7	0.468194738931436
USP46	0.468139783556126
CCDC28B	0.468102407258863
ARID5B	0.46786678486494
FAM83H	0.467794164875985
SUPT5H	0.467723723654319
TIGD7	0.467654366307649
MRPS33	0.467344730757556
SLC16A6	0.467343772409854
TMEM42	0.467168425942207
ELP2	0.466985750640234
SH3GL1P2	0.466334106750027
SIAH2	0.466220731969624
RPS3AP21	0.465939924068222
CASP6	0.465880970234594
MT-ND1	0.465489534293645
GPR137	0.465406343812487
TMEM186	0.465319355132704
SLC25A33	0.465204190158579
TLR3	0.465078756688757
RNF139	0.464619616599607
TMEM68	0.464566801289627
IGFBP4	0.464398673604199
KLHL7	0.464334937781581
SIRT3	0.463535747314326
STK36	0.463453852759856
RPL21P93	0.463264528616236
EBF1	0.463152211974162
PIP4K2A	0.463001389738372
LRRC28	0.462904581005191
IPO5P1	0.462860138743662
USP53	0.462676338720712
ATL2	0.462674500277928
GSTM2	0.462399732163951
CALHM6	0.462231346023401
SLC37A3	0.462203084174629
ADAM10	0.462054660990297
MESP1	0.461909290030847
C2orf49	0.461817375702913
DZIP3	0.461761807703466
CXCL1	0.461134524475639
FAM86C2P	0.461079406082011
FPGT-TNNI3K	0.460879181007306
CCR7	0.460728260448359
CCSER2	0.460058302532023
JAKMIP3	0.45997975262731
DGKB	0.459934071232174
SESN1	0.459899170597107
RANBP10	0.459840882935558
CLDN11	0.459615637239962
GTF2IRD1P1	0.459440024391467
AXIN2	0.459316630493219
GRAMD1A	0.459303941177249
MARVELD3	0.459195251186136
LRRC3	0.459025488260767
CDH23	0.458907123646451
FAM222B	0.458535156788156
MAP10	0.458200828115258
CERS2	0.457892126747731
BNIPL	0.457594910984138
STAMBP	0.457591396093129
HNRNPA1P10	0.457555301395619
PTGR2	0.45744459158569
ZKSCAN7	0.456987657875351
DNAJC10	0.456656295966824
FAM200B	0.456651768016175
ARPC1AP4	0.456557160995838
CD55	0.456432383422646
BRD7	0.456318447860677
CHMP3	0.455696234690739
LARP1	0.455569088991893
ZNF490	0.455476380551325
PDE4A	0.455135465349192
EGFR	0.454338109255026
NUFIP1	0.454006812711983
SLC35C2	0.453953360997547
ZNF790	0.45387991877765
DUSP3	0.453806563252487
WSCD2	0.453646115198172
ZNF879	0.453635832794777
AGO1	0.453563998647865
RPL32P27	0.453473541573468
SOCS5P4	0.453320661067125
MLYCD	0.45315442044441
CCDC144BP	0.45239965999219
THTPA	0.452391126607322
ZBTB22	0.452209138604644
CLU	0.451633240320218
RASL11A	0.451364246103653
CCN4	0.450615207662117
AKR7A2	0.450605615257539
MMP10	0.450084067251418
MAPDA	0.4498135402546
GSTM4	0.449543388167422
OSR2	0.449441452975811
MPHOSPH8	0.449020013711704
EEF1D	0.448577032481969
AMT	0.44847404845178
ZNF774	0.448394869927308
CLUH	0.448069879840349
UBA52	0.447944881909427
RPL7AP6	0.447893410314757
CPNE3	0.447799213072778
ADNP	0.447783303706816
RFPL4B	0.447743508749745
POLR2B	0.447725388609296
NBPF11	0.447565064502251
SLC27A6	0.447306310685436
TBC1D22B	0.447245449732544
RNF208	0.446908887885879
FNDC5	0.446746362134891
NPHP4	0.446739838409781
AMN	0.446466114902187
LRRC49	0.446131848925847
PTP4A1	0.445367242839086
MAP9	0.445296642136371
NFE2L2	0.445221229449773
ING1	0.444992117862935
RAB24	0.444925668632383
KLHL12	0.44479801197232
DLL1	0.444763473885863
ACTRT3	0.444619972181201
SCNN1D	0.444340183128087
STIM1	0.44390791766298
GTF2H5	0.443888715366288
ABCC5	0.443711487644193
ZNF662	0.443623413161296
NBPF3	0.44353262961179
HARBI1	0.443454680724486
DDHD1	0.442956745247362
RCBTB2	0.442776914852471
NMNAT1	0.442456995153435
METTL21EP	0.442371224930423
NUDT8	0.442164315967361
NFKB2	0.442079309331488
DDX39A	0.442020674516146
DTWD2	0.442008465516368
ARMCX4	0.441912283288806
HES7	0.441704359608745
MRPL36	0.441435410742499
OLFM1	0.441430055112327
PPP1R9A	0.441256134110371
RTKN	0.441240373919799
ANKS3	0.441158285606287
VWA8	0.441059034309295
MINDY1	0.441004684693571
DPY19L2P3	0.440743613803413
OPA3	0.44061308341117
TPTEP1	0.440403827526889
HOXD12	0.440279405355105
FER1L4	0.439982096581003
ANKRD20A1	0.439818300805737
FDX2	0.439487636118146
KNOP1	0.438979023717847
WDR5B	0.438938805383047
ODAD4	0.438593125411944
TOP1	0.438298872172426
ATF7IP	0.438006910214227
NELFA	0.437847354589414
SYCP3	0.437751347138828
NF1	0.437714564068359
MYRF	0.437577614635195
SLC2A11	0.437118245301871
GAPDHP62	0.437062836063686
PPP1R7	0.436665082737425
CCL28	0.436458813638138
ITPRIPL2	0.436079491180127
GLB1L	0.436074743402973
MAPKAP1	0.435990822666546
NDUFA6	0.435945488627869
GSK3B	0.435940053995557
IRF1	0.435600232355199
ACACA	0.43547138968326
FRA10AC1	0.435353176836965
BMP6	0.434937384837932
UNC5B	0.434796695038198
YTHDF2	0.434779599204265
FDX1	0.434769052463012
CAMSAP2	0.434434435808505
THUMPD3	0.434297203717891
CADPS	0.433848284872469
DDR2	0.432983936693316
HNRNPA1L3	0.43276598369829
LTB4R	0.43269276072252
SOX11	0.432554642394905
NUAK2	0.43246580222139
SULT1A4	0.432388973148671
TLK1	0.431946911105762
ST7L	0.431857790184668
HMBOX1	0.431265482589765
HOOK3	0.431198184345068
GLCCI1	0.431034028342517
ABCB10P3	0.430941734526573
ARL5A	0.430815941676202
GNPDA2	0.430812154417336
UBE2F-SCLY	0.430693281934577
BCO2	0.43068769933839
ARL6	0.430415076643216
SPIN2B	0.429847307075533
COX5A	0.429701818381089
PRDM16	0.429614057130075
RPL7P1	0.429594372787667
BCDIN3D	0.429554449489058
TCTN1	0.429357445030309
ATG12	0.429247092855032
ATP7A	0.428970535045338
LRBA	0.428882125234026
VPS26B	0.42886845457348
RRH	0.428779882376767
ZNF688	0.428674397001044
TIMM13	0.42865938423183
ADPRM	0.428067122468142
MPZ	0.427782947546014
AASS	0.427674779577901
USP31	0.427566318116833
FAM171A2	0.427224509516582
THRA	0.426897258378224
CIB2	0.426875210137392
PET117	0.426663915063129
LRRC24	0.426655169270543
MMACHC	0.426382047373959
ETFBKMT	0.4261234345647
EEFSEC	0.425909278776955
PTPMT1	0.425684122189944
GPR85	0.425636170114494
CBX2	0.425607617834157
TTC12	0.424901838257407
BLOC1S5-TXNDC5	0.424864798339376
WDR59	0.424788229638893
SCGB2B2	0.424650340933145
CHERP	0.424575295828319
LRFN3	0.424571214133156
PMS2P2	0.424194822510743
CAVIN4	0.423831274825956
QARS1	0.423797838399718
INKA1	0.423717466451571
APH1B	0.423505349159666
SHF	0.423174334575425
SEM1	0.422895044838938
MDFIC	0.422785463946881
ZBED2	0.42271867107514
CHCHD5	0.422557045155649
TMPRSS9	0.422517172574708
RHBDD3	0.421860073876739
ABHD3	0.421689508123284
TWIST1	0.421562366159225
RPL12P38	0.421544743839862
OVGP1	0.420707080301432
FRG1BP	0.420611870603954
LYRM7	0.420604738660972
ABCC11	0.420367709150382
ALKBH2	0.420233122598227
LYPD5	0.420100874884854
FBXL20	0.420065794956226
VN1R108P	0.419977234081141
ASCC1	0.419966598178561
PLCXD1	0.419919259693243
HLF	0.419907124062458
ZNF10	0.419809178112117
MTND1P23	0.419796626454081
ZKSCAN3	0.419128068400054
SPATS2	0.419056372717265
GOLGA7	0.418643148019586
MTCO1P12	0.418547370208493
MARCHF10	0.418421466364913
RPL12P4	0.418278103296876
ABHD17B	0.418238599440432
MON1B	0.418161113700528
GGACT	0.418079337661991
FXR1	0.417702629988315
TCP11	0.41766002875033
FAM13C	0.416983823883073
TOPORS	0.416945131684247
NENF	0.416906578547533
CDADC1	0.416847553636068
TRPC1	0.416846170141619
TMEM80	0.416555248699968
TBCA	0.416543989631888
PIAS4	0.416099485774268
ULK4P2	0.415918242448464
BTBD8	0.415882132642307
SPR	0.415280750651955
ZBED1	0.415137002439379
YIPF4	0.414642224776822
INHBA	0.41461913516535
KLHDC3	0.414565841471667
PKIA	0.414542914299422
IL1B	0.414435872605389
CMTM7	0.41377318629102
PRKX	0.41367897228131
CCDC144A	0.413667682337072
OGFOD3	0.413600690801906
PCDHB3	0.413568466523614
MRM3	0.412876883638373
ZNF564	0.412696603585788
TDRD9	0.412381912683813
CRMP1	0.412216109857169
PIGX	0.412009293082185
MMP1	0.411993824978348
RUNX2	0.41172050084158
MFSD14CP	0.411653491444003
ZNF766	0.411621664794528
PKLR	0.411143442242881
YARS1	0.411133268608717
ELOVL6	0.411059659234515
RPL6P19	0.41087091232602
CHADL	0.410627368509072
TDRD3	0.409740582746761
MFF	0.409649113205729
ZNF230	0.409632637339411
NKAPL	0.409434057401876
C1orf167	0.409357648951379
SEMA4D	0.409230452495223
RPL37A	0.408981287547016
CNOT2	0.408760429650064
TPRA1	0.408663705037294
EGLN2	0.408650589682272
POLR2M	0.408613602551847
WDR7	0.408595501455288
SCCPDH	0.408445116240504
MRFAP1P1	0.408027910881657
ALAS1	0.407822108013873
COPRS	0.407663345787681
ZNF786	0.407658387209726
MAPKBP1	0.406818940812916
ABCA15P	0.406635034022933
RAB27A	0.406343677341015
MAGEL2	0.406204585582712
C22orf39	0.405869354326534
ZNF563	0.405060713662984
ISOC1	0.40472637263271
FER1L5	0.404654200164853
KAT5	0.404517537528222
THEMIS2	0.404368893405694
LRFN1	0.404315024667917
GFOD3P	0.404310253146288
TCEAL1	0.404282345272573
DUS3L	0.40390386227532
GNA13	0.403567931522012
KCNE4	0.403290774096798
ZNF546	0.402997032384324
SLC25A34	0.402644034065555
NGDN	0.402590014556315
WDR33	0.401854491141119
DMXL1	0.401340415438597
EIF3K	0.40132035160248
ZBTB12	0.401218339567869
SETDB1	0.400792620810852
ZNF2	0.400442368374591
ZNF383	0.399923705969914
ENO4	0.399665783183502
TLR5	0.398899316127577
LCMT1	0.39873395130886
ATP9A	0.398713190749295
RCN1P2	0.398598503293489
EHMT2	0.398538413194707
CRELD1	0.39770445418305
SLC11A2	0.397465219121026
USP3	0.397455854179289
MAVS	0.397275446705423
C1orf174	0.397173023622356
GTF2F1	0.397137238433015
ZNF253	0.39694742451106
TCF3	0.396838638356943
NDRG3	0.396827401016976
CIR1	0.39658234156328
YEATS4	0.396579260133409
KIAA2012	0.396568454799999
TMEM41B	0.396308009268798
PTPRN2	0.396268246062633
TRAPPC8	0.396208736061501
BTRC	0.395905926100409
ABCB1	0.395486336404762
SHISA9	0.395366267045168
CTU2	0.395236860049766
LRRC56	0.394950684492989
GRIP2	0.39493980784897
CCDC91	0.394544149629999
UBAC1	0.394351578908978
PILRB	0.394284491084013
CEBPG	0.394189557224966
CD79A	0.394165082906222
RPRD2	0.394120206712058
AATK	0.393625728311806
NAPA	0.393419223446665
SNX22	0.393383270665249
ZZZ3	0.39321390871863
UBAP2L	0.393106220686357
IGF2BP2	0.392978046689886
RUNDC3B	0.392911906348529
SIX1	0.392681694931126
FAM120AOS	0.392383423986935
BAZ2A	0.392225741519314
PDE6D	0.391844655190788
IDNK	0.391838538602714
OR1Q1	0.391828754343389
MAIP1	0.391797244489159
DRC3	0.391389774896566
PCDHA4	0.390932552833269
CD63	0.390769084150246
R3HDM2	0.390415466500248
CPSF1	0.390389433980245
CXXC1	0.390108543662562
TRIAP1	0.389847807589631
CCDC180	0.389775738461761
LEP	0.389554974273533
ZNF772	0.389518110674637
MTNAP1	0.389457119211083
JTB	0.389368967730929
TAB2	0.388347773550246
DLG2	0.388160192691367
SLC7A9	0.388026550431759
ANKRD35	0.388001509293226
NSMCE1	0.387968061652141
OLFML3	0.387910974891104
RAMAC	0.387842678769221
HNRNPA1P35	0.387420150545335
NEDD8-MDP1	0.38734209575525
PCF11	0.386608282023414
CD72	0.386455501092085
SCRN1	0.386417074912402
LINGO1	0.386347685383528
NUDT11	0.386004352055637
LONRF2	0.385874361687521
ZFX	0.385386624035812
MEX3D	0.385245242298653
STMN2	0.38488719994981
SIX5	0.384676464219826
UNK	0.384385483304063
NR1D2	0.38437790968961
SLC30A5	0.384355935141586
TUT4	0.383910360504768
RPL23AP2	0.383890141588137
RPS20P22	0.383647303162437
ABCC4	0.383274082941956
JAK1	0.38323787816771
SAMD1	0.382858819590234
CCL27	0.382763560828559
ARSG	0.3825280009128
ATF1	0.382480884268081
PRKRIP1	0.382301898940322
SERINC3	0.382228898508646
ANKHD1-EIF4EBP3	0.382114732420635
PHYKPL	0.382024564065346
CFAP70	0.382020593781723
EEF1DP2	0.381842875435252
SPRY2	0.381833682764321
SDHAF2	0.381734525393254
BLOC1S1	0.381678442610009
AK8	0.381656896978959
PRKXP1	0.381599305649468
ARV1	0.380871553613621
LRRC37A3	0.380870461951241
KLHL9	0.38085451646051
EVC	0.380808486222446
SFXN4	0.380349129186745
EYA3	0.380276332510327
DYRK1A	0.38016439429089
GPR17	0.37999062975737
TMEM17	0.379925909916001
ZNF468	0.379736410320174
ZMPSTE24	0.379602800027587
DYRK1B	0.379565839904679
PODNL1	0.379326830403542
TAF1A	0.37903462922555
RBM19	0.378917827478858
LRP5	0.378410361911644
C14orf119	0.378316730224588
SERINC4	0.378275772582257
EHMT1	0.378104687121093
PGS1	0.37764349804743
XPA	0.377451094909644
PTPDC1	0.377440425358581
HINT2	0.377423819580806
ZNF677	0.377324375030571
NPHP1	0.377221893586039
NOP10	0.377111780094478
CACNA1D	0.376899214393778
MAST4	0.376699897352872
IQCN	0.376570914857333
CLTRN	0.376498898530422
CC2D2A	0.375927468447039
RABL3	0.375881404842358
SELENOF	0.375529379728842
MRPS15	0.375410087560457
ZNF619	0.375326954138593
SCUBE2	0.375063211305262
TTC33	0.374939934730219
ZFP41	0.374737188197639
PKD1P1	0.374727038345597
FBXO4	0.374637592192939
PALS2	0.374558265334264
TEX22	0.374366367768956
ZNF280B	0.374221083374865
TUBD1	0.374037379327928
CDKN2B	0.373452930876967
ATP6AP1L	0.373334063774539
DRAM2	0.373242834777078
HESX1	0.373218146562749
CASP4	0.37309982381963
IFT43	0.372957459070489
RPLP1	0.372837371269055
CFAP43	0.372774409006246
TMEM128	0.37246521669956
FAM210A	0.372450142427574
FBXO15	0.372381449874849
SKAP2	0.372323519849137
SCRN3	0.372273161378064
CTDSPL	0.372249200168722
RPP38	0.372198901589629
TMEM120A	0.372056944756977
LRRC27	0.372045992617543
PLGLB1	0.3719457947242
CNTNAP1	0.37194125923155
ARIH2OS	0.37189893555709
B4GALT6	0.371846099000353
INHBB	0.371743857314681
CIAO1	0.371739750955961
BRD4	0.371693575234614
ZNF268	0.37161475086149
TRIM37	0.37147246147041
PJVK	0.371460990441349
RPL7AP66	0.371355983037649
SMARCC2	0.371292658761963
RASA4EP	0.371098238001964
RPS21	0.370776460622334
PIGV	0.369852618002897
RPS2P29	0.369468499489965
GSN	0.369427219053505
FAT2	0.369137245775999
LMBR1	0.369086410271691
DUT	0.368774965105316
CD47	0.368759714269136
ADAMTS9	0.368694661131673
EPS15	0.368441081202438
EFNA5	0.368403325745749
SLC23A2	0.368244691840081
IPO13	0.368209010407558
EIF3A	0.368202948276441
ZNF426	0.368112872355179
SH3YL1	0.36784118646651
PHF5A	0.367707178703848
EFR3A	0.367572300053636
ISG20L2P2	0.36753099051777
POLR1H	0.367454968477633
BRWD1	0.367391687563476
PRRG2	0.367104354662941
TLR4	0.366982645668319
TM9SF3	0.366849365332041
HSD17B8	0.366494395117082
ZNF595	0.366283934613149
SRSF12	0.365742306233886
PPP1R10	0.365595583344034
MEX3C	0.365446806268193
RPS24P19	0.365432471466724
TMEM50B	0.365139312482559
H2BC6	0.364932049596178
GNRHR2	0.364792841945158
SCAMP5	0.364748446901275
CASKIN1	0.364598762343913
BLOC1S5	0.364503528789247
URGCP-MRPS24	0.364146475845292
ISYNA1	0.363895306718074
OR2A20P	0.363880946970415
STARD3	0.363745535187592
TAF11	0.363578225125713
TMEM203	0.363440631106449
KIAA1614	0.363402058294814
MYLK4	0.363331051755963
ZNF862	0.362950627280001
C8orf33	0.362935381256452
TMEM138	0.362557956012093
PLIN1	0.362196370867934
DNAAF3	0.361964478222415
EMC3	0.361724341388846
CDPF1P1	0.361531089161799
PPP1R12C	0.361437165829727
HIBADH	0.361406285998082
MRPL45P2	0.361383963423839
JAGN1	0.361247390753192
DSE	0.361154158835665
PMPCB	0.361091797675787
DHX40	0.360959390041852
RXRA	0.360774221658461
MKX	0.360629694437221
EFEMP1	0.360605956180849
MRPS26	0.360528508113328
RPL13AP7	0.360331074191507
USF3	0.360178393147008
ABCF1	0.360007369835288
HCAR2	0.35996858531284
TMEM79	0.359880403447295
CHKB-CPT1B	0.359640224745304
GSAP	0.359513852791139
TECTA	0.359492161379195
SORBS1	0.359330305064051
ANKRD53	0.359096012013278
POLL	0.358984402381272
YJEFN3	0.35897908275624
EEF1A1P17	0.358649878958537
SH2D1A	0.358423190200367
AS3MT	0.35840221264513
TESK2	0.357921256040759
EPB41L4A	0.357171106049617
APOL2	0.357016214062339
NEK4	0.3569373407255
TAPBP	0.3568364513681
GRAP	0.356747916420924
HLA-E	0.356565977025705
ULBP1	0.356482897658076
ZNF329	0.356457299157374
APBB1IP	0.35613781334194
ZNF579	0.355999647845161
EPB41L3	0.355761322462277
RBP5	0.355745882630765
ATP2A3	0.355727459985942
LRRIQ3	0.355543376852014
ANKS1A	0.355526828731016
ZNF184	0.355458359122178
FOXP4	0.355037684162077
RBM17	0.355007570009317
QKI	0.354808768742589
ITGB4	0.354721705125897
COL9A2	0.354690529301618
ABHD14A	0.354510136581234
HSPA14	0.354165427703902
CPEB4	0.353858093013237
SORBS3	0.353857826945215
ATAD1	0.353716899575188
VN1R1	0.353694370641014
LRP6	0.353450284622667
SUZ12P1	0.352791479886241
CCDC47	0.352608860195667
PGPEP1	0.352566163507023
H3-3B	0.352558725328771
CCDC6	0.352018693992423
ZNF146	0.351801308365146
PRR19	0.351773057792697
RHPN1	0.351601170005692
SRPX2	0.351031341485934
LRRC37A6P	0.350845140572059
MCPH1	0.350592767550862
CSPP1	0.350465812799139
AFAP1L2	0.350300183465241
LRP2BP	0.350155466557251
PRPH2	0.349433722212352
NRIP1	0.349429366734901
CHID1	0.349200610156284
RFX1	0.349059272658
BRME1	0.348938622426995
TMEM143	0.348462636745348
ARL9	0.347986283767491
RAD9A	0.347806672087792
USP44	0.347740022573946
ARL2	0.347696879476255
UBE2D4	0.347615149830576
ARL13B	0.347542694809517
ZNF880	0.347210185485152
SHPRH	0.346891670538603
PCYOX1L	0.346827765558916
ATP1B3	0.346755939203773
PREPL	0.346411576455294
SCAF4	0.346379448502436
QPCT	0.346295046798278
HDHD5	0.345927889609438
ZNF138	0.345861633787544
AGAP14P	0.345796357651158
PRCC	0.34579297252963
C5orf63	0.345608960157876
ZFTA	0.345489826409381
PHETA1	0.345481956496338
TOR1AIP1	0.345419812181577
GEMIN2	0.345139038731702
CNTNAP2	0.345031345684766
JAG1	0.34484501706576
TRMT2A	0.34475342220098
ANGEL2	0.344095998161808
ZNF583	0.344012713319128
TNRC18	0.343860789552749
KIF6	0.343771995441883
MED4	0.343587655790961
LIX1L	0.343470487467629
FAAP24	0.343368231671034
UBE2Q1	0.343058549268215
MIX23	0.343040330716746
MATN1	0.343008994748319
GPR68	0.342781622439606
SYPL2	0.34249364797542
CBX3	0.342482581115331
SCAND3	0.342189973541658
TIA1	0.342098797618452
GCNT4	0.34207407236856
SPAG8	0.341929530472644
TANK	0.341919579355976
SLC49A3	0.34188475328239
CRYZL2P	0.341878907491681
MTA3	0.341819646430291
EIF2A	0.341668198541378
HLX	0.341427566231338
FOXN2	0.340915125955587
NUS1P1	0.34008441317635
RIOX2	0.340064361642479
TTC1	0.339693544026189
AR	0.33959596372085
CIROP	0.339472777540634
SYN1	0.339367950488031
MYCL	0.339258669600534
SLC9A1	0.339155432060747
LRATD1	0.338910152556694
AFG1L	0.338324104214872
PTER	0.338179309826957
ENTR1	0.337993285734822
CHRNB1	0.337844281838462
TPT1P4	0.337821834841288
CCDC146	0.33708151678094
RSPH10B2	0.337058314106157
KCTD21	0.336739566447421
MTIF3	0.336473456448227
ZNF777	0.336371314205833
CRACR2A	0.336329417147088
SESN2	0.336251158157881
PMEPA1	0.336024009522576
SIX4	0.336010111801132
PRKAR1B	0.335946583354456
LSP1	0.335666502262148
DCLRE1A	0.335509829406019
ZNF808	0.335509447215513
TOR2A	0.335324600862389
MTIF2	0.335021848317534
SLITRK6	0.334914823899942
BFAR	0.33458274238748
TSEN54	0.33453266155534
ANAPC10	0.334270106766486
BMS1P12	0.334262336773201
GOLGA6L10	0.333659163225673
IFT56	0.333548322725188
HSPB6	0.333274300346542
ADAT3	0.333142481972987
RILPL1	0.332881384496601
GSC	0.332386099040927
TRIM62	0.332122605118894
IL18BP	0.332106219833988
HEYL	0.331830150992291
SELENOK	0.331695305591091
FAM20C	0.33159439110212
CLXN	0.331548752242659
GJD3	0.331210110054759
ALG1	0.331042204318951
CCDC74B	0.331013756441325
TEFM	0.330670328273955
SH3PXD2A	0.330643755212721
GDPD5	0.33059922198447
PLA2G15	0.330571460310504
FAM174B	0.330548744316049
ZNF830	0.330333060805952
TTI2	0.330132771343214
PLAU	0.329891568762033
ZNF506	0.329660035408783
TMEM269	0.329588036632209
OCIAD1	0.329569741437624
PAM	0.329509674685807
HOXB4	0.329287283344205
MXD1	0.329262539993959
AP1M2	0.329103824505157
ZNF559	0.328778131852416
CCT6B	0.328573714396326
ITIH4	0.328523133842631
PEAR1	0.328446644737147
SPATA22	0.32837905941787
TIFA	0.328373326285608
SCAMP2	0.328236806528283
ATP6AP1	0.327786873004788
TFPT	0.327642395328483
DNAJB12	0.327579660904928
PNPT1	0.327546981085402
REPIN1	0.327251785260673
CBR1	0.326993666173317
HINT1	0.326689206821443
FIBIN	0.326597839422285
DRG2	0.326172164400083
NAV2	0.326062955904331
TRPS1	0.325911393044389
PRR5	0.325795443549501
SOCS1	0.325735123338278
STEAP1B	0.325661748550853
USP42	0.325468961057762
TRRAP	0.325406714422527
TMEM217	0.325135370374652
ATG3	0.324938573223632
MRPL54	0.324693969274026
FLVCR1	0.324531692370444
QTRT1	0.324215211176444
POLM	0.324181779027617
MUC1	0.324171133992816
CPO	0.324050627635426
S100PBP	0.323604319626085
ZNF71	0.323568017751295
FDXR	0.323387382638197
MTDH	0.323252522348572
L3MBTL2	0.32314156558212
TMBIM6	0.322918765595625
ZNF391	0.322906960194306
INVS	0.32277659739763
ZNF354C	0.322682756161894
ARID5A	0.322257794304221
XRRA1	0.321826644127735
AADAT	0.321572637976216
PHF10	0.321362049462357
MTHFD2L	0.321351005898357
CLPX	0.321251492242214
YAE1	0.321202494988625
JCHAIN	0.32116072503663
STK32B	0.320942925299367
PEX39	0.320823099494692
CDK11A	0.320268183581329
TAB1	0.320184981038291
PTRHD1	0.320139188304748
NPM1P39	0.32009347284313
CCDC22	0.319743817596061
ATXN7L2	0.31942654181388
SHISA5	0.319026074916169
RBM47	0.318972155543707
TOMM7	0.318890398751252
SOX2	0.318614886993161
FAM200C	0.318595128691841
UBE2H	0.318425797908996
SMAD5	0.318382076831574
CA12	0.317891272734194
CWF19L2	0.317810206631665
TMEM204	0.317444201773096
TOB1	0.316735479193171
TTC17	0.316515507494887
USF1	0.31650046656016
ZNF518B	0.316414080459562
TTC19	0.31600649804277
AEBP2	0.316001001784642
TBC1D4	0.315972412585193
WDR53	0.315906266550427
FAXC	0.315882123479885
ZFAND4	0.315872722279732
WRAP73	0.315831286373545
ETV1	0.31582109600437
PIK3R1	0.315496881298182
JHY	0.315183814389672
PRDX5	0.315111619586748
COQ9	0.314920834911051
RAB33B	0.314918074658311
KANK3	0.314774182011539
HIRA	0.314751939431517
HNRNPUL2	0.314657492960631
SPATA21	0.314479041854714
SERHL	0.314385820394436
ZNF702P	0.314382029192501
COA8	0.314205571625536
CSTPP1	0.313782222696916
DLG5	0.313766652550752
HERC2P10	0.313372305722695
OTX1	0.313254821684016
RPAP1	0.313067701569412
CHMP1B	0.313055742119896
RTCB	0.312644367993274
SEMA3A	0.312637218875068
AXIN1	0.312590868864535
UBE2QL1	0.312461729245797
DCAF11	0.312191833108114
RPH3AL	0.311961928064427
URAHP	0.311951050354348
CCL2	0.311935157156425
RPGRIP1L	0.311854479105422
KCTD2	0.311742530393758
H2BC20P	0.311736540620567
TMEM233	0.311557782663166
LMF1	0.311556199642375
SAMD12	0.311036026785152
ZNF501	0.311024523015275
ZNF527	0.31096913335388
ALG10B	0.310847066422859
ATG10	0.310766858337608
CHRD	0.310542209991065
B3GNT4	0.310383772770145
ZBTB7A	0.310194083413913
DDX27	0.309840898508444
NDUFA5	0.30953451317531
RBBP6	0.309366228446122
C1QTNF3	0.309300007369811
BBS9	0.309283487786278
RPLP2	0.308704991221205
NR2F2	0.308654009783136
MRPL19	0.308651150105462
MAB21L3	0.308318074407152
CC2D1B	0.308164509951798
PDSS2	0.308105481305469
PBDC1	0.307986650226642
MROH9	0.307909873552094
FSBP	0.30750081976826
RHOBTB1	0.307449251251271
ELF2	0.307442124604807
MYO15A	0.307303627078631
BORCS5	0.307267361800527
MAPK14	0.307191317020718
ZNF382	0.307159227978972
GLA	0.306986563384673
ZC3H12C	0.306709190373156
WDR5	0.306697275728434
LRRD1	0.306609889610053
TMEM101	0.306379930849023
STXBP5	0.305953489171214
RHBDD2	0.30578484390192
LDLRAD2	0.305705917619467
XYLB	0.305666716572761
IFNAR2	0.305652714732814
RRP1	0.305313328256116
HILPDA	0.305267901680765
SNURF	0.305245029243826
UNC13A	0.305050701492221
SP1	0.30474976064986
KDM4C	0.304293145854329
ACADSB	0.304198953338719
MRGBP	0.303952000731512
HAPLN4	0.303309399328819
FAM193A	0.30324556988357
RMDN3	0.303198266659876
GFI1	0.302701183773902
IL13RA2	0.302666092754656
ZNF177	0.302636909456164
NSUN6	0.302600084217096
BEX3	0.302335822739925
MRPS9	0.302271565186226
CTPS2	0.302264370619603
TRIM2	0.302050788657958
LANCL1	0.302049459846884
TMEM59L	0.301827663070375
FAM161A	0.301799335711102
PLXNA1	0.301104061009478
TMEM258	0.301030777986118
ARMCX6	0.300917854634482
AGTRAP	0.300423076132981
SLC35A5	0.30037092439066
RNF220	0.300274928739767
ZNF132	0.300061712523335
SAMD14	0.299817266531164
PGLS	0.299756028470547
SPTLC1	0.299613945850396
NPIPB13	0.299357187440616
SLC26A10P	0.299026094221312
DPY19L1	0.298854238759458
DDX28	0.298377051598003
ATPSCKMT	0.298231143405552
NUBP1	0.29816483447452
EIF4BP7	0.297919560868959
FGF14	0.297840139672864
RGPD5	0.297834399767059
PI4KAP1	0.297814748106025
HTATIP2	0.297635705263031
PRRC2C	0.297541260344569
NQO2	0.297391988891169
CDNF	0.297381808896149
CCT6P1	0.297304577281281
ZFP90	0.297244640386787
PIWIL4	0.297141154627047
WDR89	0.296987176251713
IRS2	0.29668872557561
HEXIM2	0.296531406250839
FZD5	0.296278720468111
ATP6V1E1	0.296199040675488
AAR2	0.295985440488933
ARSK	0.295506917125657
ZNF296	0.295494304371789
RPSAP52	0.295375566968691
EPCAM	0.295053660356708
KCTD6	0.294687770166094
ST20-MTHFS	0.29449373902631
RPL23AP49	0.294271882067187
IQCB1	0.294215071938969
ARHGAP9	0.293674196807946
NCBP2	0.293536956254592
FNTA	0.293383886839207
GUSBP2	0.293112716998647
TTC3	0.292884415136126
BRMS1L	0.292826285322115
PEX11G	0.292689725894216
SDR39U1	0.292681796690338
SOX7	0.291734381985983
SNRPN	0.291549517669319
CSF3	0.291421899440343
MR1	0.291405616253796
KIF21B	0.291392247617869
CTNNBL1	0.291326699832104
KLHL3	0.291278416381325
XKR6	0.290823286969717
CHCHD2	0.290709649568919
FLRT1	0.290701970849986
CCNP	0.29068851688315
PCM1	0.290646540057671
TM6SF1	0.290543333668373
SLC66A2	0.290479275899039
PGAP3	0.290094158108413
SCLY	0.29000584047831
NR2F1	0.289673727540798
EFCAB11	0.289651139423409
RPL7AP11	0.289606687314506
CALML4	0.289602511994696
UBC	0.289581969421615
IGF2BP1	0.289506878804457
PRR14	0.289123341360793
RGPD8	0.289038769942375
PHLDB3	0.288835377818219
PRUNE1	0.28883098951532
PML	0.288327313725238
LIFR	0.287800311949622
ZNF503	0.28756284158973
GOLGA4	0.287453074224794
BATF2	0.287147914964616
TBK1	0.287075694253809
AUP1	0.287039223245091
ZMYM2	0.286878610356477
CATSPERE	0.286805728696835
PPIAP8	0.286768247487436
NCOA5	0.286706494454657
RPS2P5	0.286644170552151
RPS9	0.286480217242801
CFAP44	0.286173219180052
RHOT1	0.285666185416558
YIPF6	0.285418001920474
ZNF548	0.285405482552311
CSK	0.285270796749412
WWC3	0.28508324994044
SOCS7	0.284838092825408
ADSL	0.284827250673481
SCARA3	0.284662687882925
C17orf113	0.284564678952667
TLX2	0.284474126020462
SLC41A2	0.284438812818229
GGPS1	0.284429706705166
DNAJC19	0.284185192873557
CPNE5	0.283981718657857
PIGBOS1	0.283933855302386
HMCN1	0.283794908594875
MRNIP	0.283792079306568
OAS2	0.283322859413752
JRKL	0.283017408975302
ZBTB48	0.282774758713607
S100A5	0.282546012968084
SPATA2	0.282274644506655
DNAJB1	0.282009744164451
ZNF33B	0.281995984679185
TRMT1L	0.281956718011932
EFCAB5	0.281189340310014
ZNF815P	0.281037491804835
TUBGCP6	0.280824341719589
KCNJ9	0.280718296371968
WBP2NL	0.280568810974745
DUSP19	0.28042314266657
CHD4	0.280391403369643
FAM169A	0.280366165327336
HDAC6	0.279994830322963
HSPD1	0.279932835584541
DENND2D	0.27990010174632
C8orf82	0.279640104596484
SLC1A5	0.279632166047057
PTDSS1	0.279142036481761
LTBP3	0.278264145924057
WDR13	0.278164736111523
PRIMPOL	0.277808848548041
ANKRD20A7P	0.277774379597113
PILRA	0.277760360541234
NME6	0.277517292137469
DNAJB2	0.277057910917861
VRK3	0.27653843825959
ZNF783	0.276345916478242
RPSAP11	0.276201156131249
ZNF212	0.276037377477404
BBS4	0.275923948862627
UBE3D	0.275918912294164
STARD7	0.275794157432882
KCNIP4	0.275273029932397
FUT4	0.275174439777653
TATDN3	0.275114617965576
MED21	0.274780309097619
METTL2A	0.274692808441036
KIAA0825	0.274591206488281
PHYHIP	0.274463731293009
ADNP2	0.273987077502747
A4GALT	0.273501296498142
COMTD1	0.27340602975757
IL1RL2	0.273294309284523
BABAM2	0.273146752209238
CBARP	0.273058823662854
H1-4	0.273013638378006
ADGRB2	0.272955458487435
PARP4	0.27290423727219
TNFRSF10B	0.272866238557857
SMKR1	0.272797872411326
IL1RAP	0.272255277831991
CFHR1	0.272216054225275
LCA5	0.272211032333327
TRAFD1	0.27214382615174
MCUB	0.272088954634516
GOLGA6L3P	0.271965430725091
SMG1P6	0.271722400735035
ZNF408	0.271523661191593
PPIP5K1P1	0.271506650533258
RWDD3	0.271367532895987
MSH5	0.27130696442842
TAF4B	0.271230689607413
ZC3H11A	0.271132197115073
EFCAB6	0.270811696596284
NNT	0.270626667449119
PDF	0.270350374447119
TRAC	0.270228927856108
TTC39B	0.270104851071677
RPL32P12	0.269731950039982
NCALD	0.269415663863456
RPL13AP26	0.269330214638081
GTF3C5	0.269326459531231
HOXA9	0.269253499003453
ATP5MG	0.269226562984132
ZNF644	0.269225784822023
ANTKMT	0.269216397286714
LYG1	0.269058512914945
CEP41	0.269041173771939
DNAJC3	0.268534835678495
SPATA31H1	0.267754720770493
CDC40	0.267715688868195
PWWP2A	0.267599420606755
ISCU	0.267337274042503
PHF24	0.2672683734496
SPINDOC	0.267175538225375
ASB16	0.267133381259296
GPR35	0.266913426559858
TMEM262	0.266900074084502
NDUFA3	0.26676265278305
SH3D19	0.26675402634792
KTI12	0.266665957474266
CCT4	0.266388723411254
RNF138	0.26594362373483
CNOT10	0.265884255035609
MFSD2A	0.265762594117265
CYP2B7P	0.26573854321878
MISFA	0.265508979321852
TVP23A	0.26543401907294
DIP2C	0.265374594161925
LARS1	0.265200795812244
MED6	0.265168213605937
CCDC183	0.264662596493511
ACP6	0.264621892836932
TBX5	0.264557095529149
ZNF497	0.264251983271137
PDE4D	0.26357657010432
CEP290	0.263461615393593
ANKRD2	0.263452985649817
LARP4	0.263437532092287
FMC1	0.263434549687906
TMDD1	0.26332383279779
TOMM20	0.263302348249055
TUB	0.263300192119964
RPP25L	0.263251725828992
KLHDC1	0.263162500759616
C12orf60	0.262870279573345
UBE2CP5	0.262787086412705
AMBP	0.262670677924475
ATP5F1E	0.262343341337953
PITPNM2	0.262300308566927
ACSF3	0.262235435070884
RILPL2	0.261516596122116
PFDN5	0.261456405184761
PMS2P3	0.261445955160466
AASDH	0.261374872189676
LRIT3	0.261189628027626
A1BG	0.261075430744985
EPC2	0.261000673663678
ZNF75D	0.260982986065999
PRPF39	0.260913798451272
AP3S2	0.260482528812931
MECP2	0.260401502082272
SLC12A2	0.260332526521656
CPT1C	0.260059628335138
RAB1A	0.259605927639657
CLPB	0.259357122412634
FAM107B	0.259270362727311
ZMYND11	0.259173053874393
UBE2D3	0.258920708783998
PCYOX1	0.258788995233045
TRIM4	0.258706346061925
AKR1B10	0.258326029150944
NEIL1	0.258197503963122
HEBP1	0.257856270128896
VGF	0.257832566108893
SPAST	0.257663524808551
MARCHF2	0.257541744517736
EEF1A1P19	0.257535630831542
ANKRD7	0.257526504805651
RAB3D	0.257270179519082
ADCY6	0.257130198457449
RWDD1	0.25700354231802
DDIT4L	0.256985631698739
CLK2	0.256932324404189
SPTBN5	0.256847380127059
SDHDP6	0.256738196992661
PRR4	0.256597263767009
ZDBF2	0.256558206313658
ARIH1	0.25632324674566
MRPS18B	0.255934356037812
PALM	0.25588970628724
MCCC1	0.255720420649541
ZNF19	0.2556760925052
PIK3CA	0.255627892533409
SLC35B2	0.255590621482231
SIGMAR1	0.255536380149078
BRI3	0.255343863284808
CNOT8	0.254785315095032
WFIKKN1	0.254449681455784
CRAMP1	0.254229338485133
PIK3C2A	0.253699648873062
LARP7	0.253543243658391
RHOU	0.25345822599988
RABGEF1P2	0.253262753916057
L3MBTL1	0.253242572702381
SAP30	0.253234000483885
RPL6P27	0.253188582884367
SEMA6C	0.253036222601441
ZNF804A	0.252948262593266
ZNF740	0.252655327324972
UBE2E3	0.252545339506095
UBE2B	0.252492471931401
VPS13A	0.252485547995868
VDAC2P5	0.251875634006439
HS3ST3B1	0.251712274877797
DGCR6L	0.251670300205016
TNNI3K	0.251471219958011
RPS7P11	0.251351221956531
ZC3H8	0.251330353067586
PLPP6	0.251195625039004
DPYD	0.251080624831761
HADH	0.251057346207771
NFS1	0.250685198075661
CDKN1B	0.250680071175141
NRK	0.250048344556319
PTPN21	0.249992264718445
CUZD1	0.249484353375898
CLEC12A	0.249484282398455
FLYWCH1	0.249456877832172
ZMYM4	0.249422029222338
RPS18P9	0.249064123640547
P3H1	0.248985897864548
VAPB	0.248971108288632
CRYZ	0.248827448610786
PPIAP40	0.248796874473887
SLC25A45	0.248418934106066
CWC22	0.248275910000053
TPP2	0.2479087303896
C11orf96	0.247823442594023
ITGA9	0.247522831644829
JCAD	0.247426214465308
ZNF248	0.247315675026199
MYL11	0.247194410971329
PIPOX	0.247151555736559
IDO1	0.247009931946681
ZDHHC11B	0.246492286911219
SETD1A	0.246261589788082
ARHGEF2	0.246256081619145
PAPPA2	0.245713294985297
MRPL38	0.245381862103967
THADA	0.245294910546561
FASTKD5	0.245227119176781
ZNF350	0.245154720927706
ARSL	0.244595883491756
COX14	0.244339176382646
BRIX1	0.244332198241144
ZNF395	0.24423238044495
SAR1A	0.2442082829918
RUFY3	0.244153277866724
HOXC10	0.243844030820084
BRD10	0.243667084910582
TSPAN32	0.243659702404609
STOX2	0.243594201423427
TUSC2	0.243006178207119
COMMD9	0.242958427237936
H3P4	0.242701609923458
SLC25A51	0.242471405246582
DYNLL2	0.242413386610612
DENND6A	0.242204002701023
NR4A2	0.242031194727727
CA13	0.241985670420183
TMEM209	0.241690555227799
KIAA0319L	0.241624973684248
DPH1	0.241198214086109
PROSER1	0.241125573476421
CEBPZ	0.240968359658724
MESD	0.240778129451332
SLK	0.240559062132973
MED9	0.240521194685287
KCNAB1	0.240364412638525
POLR1A	0.240199609934843
TMBIM4	0.240016998592943
ZNF20	0.240002190133026
CYB561D1	0.23992636654474
SHLD3	0.23991453100601
POLR1B	0.239830036788497
CLDN22	0.239651079393486
PPIF	0.239649885430389
BACC1	0.239466728855677
DTX3	0.2393748139647
BCKDHA	0.239327417849182
TDRP	0.239141473599841
COX5B	0.239127521300778
SULT1A1	0.238742046157164
NEURL1	0.238721098402415
CEP170P1	0.238720134818179
HACE1	0.238693071775136
OSBPL7	0.238626517359964
PHC2	0.238358370153501
C22orf23	0.238012337483119
EMILIN3	0.237968801792998
ABCB7	0.23788330446813
ERN1	0.237411248819202
B3GNT9	0.237172827559866
ZBTB26	0.236962646169803
GLT8D2	0.236813315927347
NFKBIE	0.236741084158713
APLF	0.236708831004222
PGAP2	0.236409220457037
ELMOD2	0.236290701477324
COL1A1	0.236147615368194
RPL7AP5	0.23611219076717
RPL18P13	0.236072250715105
MT-CO1	0.236013573152077
TMA7	0.235969343042508
ANKRD46	0.235823660059088
ICA1L	0.235652547456693
VPS13D	0.235573538716397
ZNF384	0.234894784018221
TENM4	0.234586750786803
DCT	0.234579529319623
ZNF852	0.234470715794334
LHX8	0.234325253460384
UXT	0.234319788468636
ZNF521	0.233977065679606
FZD8	0.233838832367186
RHBDL3	0.233732674060796
KAT2B	0.233720695638517
ACYP2	0.23348034728079
GPR27	0.233397567036845
KLKB1	0.233223020281496
ZCCHC10	0.233174079659071
IGF1R	0.233173564356505
BLOC1S2	0.233101118066913
ZNF768	0.232839573369239
SUMF2	0.232528711249563
CASD1	0.232456128740045
LYSMD1	0.232274636882357
KCTD7	0.232208911288562
AKTIP	0.232203972211716
PTPRN	0.232036175067509
NPIPA5	0.231869572510386
PTPN9	0.23183334527321
ULK4P1	0.231785509925962
DMRT2	0.231540299128047
MYOZ2	0.231442805637128
NPM1P27	0.231204965543902
ZNF56P	0.231030884223703
GLMN	0.230994792578158
FBXO8	0.23075685426897
EPM2AIP1	0.230679396558742
SLC31A1	0.23050859837169
ZAP70	0.230359363071511
KLHL21	0.230172130263935
MAML3	0.230125892858531
KIF16B	0.229962901825902
PAX6	0.229763989719117
SLC30A1	0.229642407264533
ANKRD13C	0.229639147496767
SCRG1	0.229454706625648
AKR7A3	0.229448930198163
KLHL11	0.229324052941086
SLTM	0.229254183984211
SIGIRR	0.229159549098701
HYCC1	0.229095353700776
MT-CYB	0.228756329369893
RAB20	0.228442724896846
HENMT1	0.22839243684884
FAM131A	0.228227802798918
ASB7	0.228103861517732
ZC3H14	0.227963429281276
MT-ND6	0.227950101179793
SLC4A3	0.227892462296137
ATG14	0.227781400460675
ICOSLG	0.227404431536362
PHF23	0.227276787446991
THAP9	0.22720980842217
PPM1K	0.226683073948533
TECPR1	0.226632981778806
NUDT9P1	0.226470483411738
AKT1S1	0.226266235121522
ZNF613	0.22593317128513
ODAD2	0.225932311268632
ARID2	0.225613883685229
MALRD1	0.225598965025596
NOTCH2	0.225382145196147
AKR1C7P	0.22526285246089
PCDHB14	0.225090747629559
TUBE1	0.225066054330947
SINHCAF	0.225018691134006
GPR108	0.224969987692845
TMEM219	0.224565919896506
ZC3H12B	0.224433927120045
GRPR	0.224311004792275
PABPC1P4	0.224247085115122
BORCS6	0.224088688484802
NPEPPS	0.223996874513654
EID1	0.22397314099067
SLC11A1	0.223955027611037
TCTN2	0.223858359402346
KLHDC2	0.223838797161539
TYW3	0.223792924193334
MAPRE2	0.223754179359124
INPP1	0.223716568418854
TBC1D32	0.223586411269921
SLC2A8	0.223128753552671
COASY	0.223004815346809
RPS8P5	0.22294477972039
UBE2Q2P16	0.222535893335087
HDDC2	0.222278785935611
SDR42E1	0.222096637051825
TTC23	0.222092233440551
ATP7B	0.221877794182886
EPDR1	0.221832077708576
NPR1	0.221627787736677
STK38L	0.221218656910591
SERINC1	0.221162200527131
TMEM9	0.221114821435013
REL	0.221049445865293
TMEM254	0.220415127980073
RASSF9	0.220410680700404
SYNGAP1	0.2202540888837
FAM3A	0.220122233181511
ADA2	0.220063078407959
MVP	0.220005579993504
UQCRFS1	0.219962043122206
FAM107A	0.219925801855395
SARAF	0.219523538082228
CDC42EP2	0.219474332953378
DEGS1	0.219390871884987
PEBP1	0.219387644156673
TMEM167A	0.218754277491926
IFT70B	0.218711518677693
TMEM230	0.21856409315915
UMAD1	0.218376401107757
PDCD2L	0.218314917476294
SEC16B	0.218228569006901
GOLGA6L23P	0.218045857403434
RC3H1	0.217818379893249
BCRP2	0.21774392308741
ABITRAM	0.217685427522737
BHLHE41	0.217560335464588
DPH7	0.217531978158808
MTRES1	0.217222342963824
OTUD7A	0.217046178123754
VMAC	0.216850286868199
TMEM198	0.216374257951749
GABARAPL2	0.216027027154854
COPS9	0.216010257902496
ZNF165	0.216008293848896
TRIM5	0.215959752931478
TRAPPC11	0.215562331138107
BPHL	0.215386126725455
ATE1	0.215245825733352
PRRG4	0.215165041881649
C1orf52	0.215136642590993
ITM2C	0.214754784737096
ZNF761	0.214691494586891
BMPER	0.214548001504243
NAP1L3	0.214491363738523
ECI1	0.21396234550956
STK11	0.213839817718111
TNFRSF1B	0.213469778610563
ADGRB1	0.21345302051665
H2BC7	0.213216161425895
STPG4	0.21313586436856
TBCC	0.213103196403381
CYB5R2	0.212990978034189
C5orf15	0.212697862997617
TTLL13	0.212602885916507
CPS1	0.212542408772286
SCRN2	0.212434459436909
PABPC4	0.212350710671551
ERI3	0.212045318802175
FDXACB1	0.212025890607369
ELFN2	0.211863730359153
ZNF124	0.211721158189963
ZSCAN12	0.211517565685137
MARCHF1	0.211422881251041
SEC22B	0.211106981058259
WDPCP	0.210581048647026
ZNF484	0.210359788945137
MED31	0.210275318106644
ZC2HC1A	0.210118172317488
SYNE2	0.210000107771244
COX7B	0.209645248619176
ZER1	0.208964244243267
ITGB5	0.208936209346337
TMEM200A	0.208623595525429
PDS5A	0.208499953484501
HOXA1	0.20848675224448
SRRM1	0.208442844251533
HFE	0.208114358295643
CDH15	0.208094421952069
SIRT4	0.208058936886539
RGPD2	0.207692652514415
ITGB3BP	0.207647885932981
ZBTB8A	0.207486805976933
NFRKB	0.207472808290436
CCDC66	0.207395047830429
SSBP2	0.207286903646281
FGF10	0.207170294363097
MOB3C	0.206827314302795
VMA12	0.206746236047291
SOX15	0.206626041903434
HADHB	0.206421125118198
ZFTRAF1	0.206150972621124
ZNF287	0.205645473702394
DLG1	0.205576977539121
SMIM27	0.20535127386415
DDX55	0.205205883235096
CENPBD2P	0.20519257457001
VPS39	0.205159608518364
LARGE1	0.204452459380218
ZC3H15	0.204377152720981
IFT74	0.204173831409454
NIT2	0.203796911822454
PIGT	0.203771973337554
RPL31P17	0.203623084113144
TIE1	0.203540111682401
GLRX5	0.203376083819571
ST7	0.203346026542288
UQCRH	0.203170532357614
ZNF610	0.20313716817829
CYP1A1	0.203009993327871
NSUN7	0.202954827715354
MTATP6P1	0.202924204376782
SLX1A	0.202824936350728
C9orf40	0.202771010170609
FRG1JP	0.202584952943475
ENPP6	0.202564323975342
SLC10A5	0.202540418341798
LRRC23	0.202521228159527
PHLDB2	0.202462453508577
ADORA2A	0.202459221899205
WDR31	0.202106232912634
PIK3R4	0.201637189819588
APBA1	0.201507329063384
FGGY	0.201195758748985
STXBP1	0.201148315470637
MADCAM1	0.200699682304887
HIPK3	0.200649604348182
HSBP1	0.200420135265536
CCDC57	0.200355059654594
SYNGR3	0.200307588764723
FBXW11P1	0.20029623761834
C11orf65	0.200237594900439
ATP5F1A	0.199692588435694
SPHK1	0.199318045573623
TSACC	0.198716540692005
SLC27A1	0.198614007676438
BHMT2	0.19857451612021
ZNF586	0.19822339482707
UFM1	0.198113828110564
CACNB2	0.19803736602326
HACD3	0.197891796675294
CLBA1	0.197104312175644
ZNF821	0.196978716943526
CTNNBIP1	0.196889848109394
DMAC2L	0.196622055021716
KCNAB2	0.196603587536773
HOXA13	0.19654647225411
APBB3	0.196483469804612
HK2	0.196325267369838
TCAM1P	0.196284326442733
FRG1CP	0.19584565218247
GLG1	0.195680929086828
ZFP82	0.195656515655032
TMEM198B	0.195626906904612
FLOT2	0.195569212719287
MINPP1	0.195536604596616
SCAPER	0.195290303525725
SUGP1	0.195250340270886
SLC16A11	0.194538372555745
GMPS	0.194085802030826
TSPAN4	0.19399826708219
SERINC5	0.193984734414977
CLSTN1	0.193830565161419
HACD4	0.193486843908356
IL22RA1	0.193471821816901
PDCD6P1	0.1931075309904
FBRS	0.193084593557439
MFSD12	0.193082656506836
SMU1	0.193064455643538
ATP6V0A1	0.192942209064403
KCNA4	0.192850144674917
LRRN4	0.192669222025015
TXNRD3	0.192422492600527
SMIM10L3	0.192348595903249
EED	0.192293253157424
FANCE	0.192276049900489
FECH	0.192083161790563
FUNDC2	0.192011439926772
PTPN11	0.192006033450753
DPF2	0.19191850040075
ARHGEF26	0.191749193487382
ADAMTS14	0.191382423919045
HSD17B13	0.191213185549672
CYP2S1	0.19102065599158
DNAJB5	0.190777300346305
IQGAP2	0.190669243150453
ZNF599	0.190534856143464
LAMTOR5	0.19049537698271
URI1	0.190457635029044
CCDC112	0.190352849398421
PSKH1	0.190149471405146
C4orf46	0.189895106927401
ZNF559-ZNF177	0.189840988377142
ATP11A	0.189827623313326
ABHD17C	0.189811878484558
ZNF565	0.189582110361317
TERF2	0.189395193714716
SLC25A35	0.189319237698778
TLR1	0.189224622234639
EPHB2	0.188805277698614
INTS14	0.188688089830392
DGAT1	0.188440339012491
ARHGEF1	0.188405504662241
STXBP2	0.188316727164298
CTSV	0.188156258748516
RDH13	0.188124387535022
ARFIP1	0.188053360423218
TAS1R1	0.187900099203676
TSPAN18	0.187830914869594
UBBP4	0.18757017982712
GEMIN6	0.187247883924789
MRTFB	0.18709037172422
MAP3K20	0.187032190127297
HPDL	0.18699081056301
LRIG2	0.186978223325782
HDDC3	0.186561192272314
ELL3	0.186438060508338
TMSB4XP4	0.186390560090641
GUSBP5	0.186338157854012
ZSCAN5A	0.186336285718712
GPR161	0.186330857861436
TRAPPC3	0.186287072409178
COMMD10	0.186000850333887
FAM204A	0.185803383315703
SPAG1	0.185774388743879
COL23A1	0.185385630142214
OAS3	0.185274868613716
TMEM243	0.185205277199895
DCP1A	0.184947404821581
TIGD3	0.184921533833662
EFCAB3P1	0.184705933385129
UBQLNL	0.184689063761885
TMEM104	0.184616696709721
PRKAG1	0.18454298950362
COX7A1	0.184394369329741
MGA	0.184282755887337
TPTEP2	0.18397072640214
ACO2	0.183306107396695
ACAD8	0.183033041957349
RETSAT	0.183012264647595
SDC3	0.182955571373675
NECTIN1	0.182762654018352
SETD1B	0.182397361848966
NUP54	0.182376756429862
UGP2	0.182309912006582
RPL23AP87	0.182263150834209
KEAP1	0.182013498617246
ZNF557	0.182005832742776
PAOX	0.181690535069922
SIRT6	0.181674653424078
GEMIN5	0.181051132326798
ZNF286B	0.180883874422607
ZBED5	0.180734248633458
SLC45A1	0.180238637216607
RTL8A	0.18021837861389
PRPF38A	0.180198911574689
IL17RB	0.180110483044332
NCBP2AS2	0.180008189392475
RRP7BP	0.17987423100792
EML6	0.179755448849781
TM9SF2	0.179682488301129
TTI1	0.179654360873993
SEC22B4P	0.179223521928727
ANKRD44	0.178870094375824
MON1A	0.178860924162497
PET100	0.178713019107185
NIBAN3	0.178591310818002
ELMO1	0.178579514978904
ZFP28	0.17839870756439
C19orf44	0.178365729964345
FAM50B	0.178359518689471
RCCD1	0.178359441003304
LRRIQ1	0.178281926232207
ZNF35	0.178194861244048
A2M	0.17815061051071
OBI1	0.178122244677453
PARP1	0.178081734225437
CCDC159	0.177943867036124
LOXL4	0.177739795675355
WDR82	0.177431625467739
ZNF669	0.176908100500055
SPOCK1	0.176789840547552
GALT	0.176757771370731
PLRG1	0.176650757045839
EP400	0.176569302327116
SMIM7	0.176432228750756
SVIL	0.175547537871578
OXLD1	0.175453259072618
ATL1	0.175425789366156
SDHA	0.175325041043375
KDM1A	0.175242877133139
CBLL1	0.17522614249804
UTP20	0.175209578588887
ZNF593	0.175066509756272
SGCA	0.175064265598568
RHBDD1	0.175001424897923
C12orf43	0.174960612773496
ZNF286A	0.174497497111572
DNAJC27	0.174373860645935
BICRAL	0.174318305924991
SETD2	0.174116038174804
ZNF709	0.17384683948306
TGFBR1	0.173380008522621
MPHOSPH10	0.173356665835579
PRKD2	0.173215790854858
AGBL2	0.172814230078902
PIGZ	0.172798315197367
STX4	0.172579990049518
ZNF680	0.172416094152406
ZNF471	0.172399564131254
PTGES2	0.172324037099021
METTL25	0.172042430645198
CCDC59	0.172018796259454
C15orf39	0.171902612650624
MAT2B	0.171901886545735
ITGB2	0.171876244375589
TDRKH	0.17177382117431
RASSF8	0.171703400234279
NR6A1	0.171649390793891
CPSF7	0.171525655816107
MCAT	0.171255478037964
OSCP1	0.170941642422425
TPRN	0.170855614092764
TAS2R10	0.170844828117245
AP4M1	0.170758317512279
SWSAP1	0.170626024495732
CDK5RAP3	0.170505050669221
BBLN	0.170415869052822
MRPS21	0.170100298854663
GRIN2D	0.170087529383262
SEC11C	0.170054332296778
OOEP	0.16998335417374
FBXO34	0.169863843472113
PGBD4	0.169823446938116
ZNF280D	0.169449530366229
RPUSD2	0.169191752785538
RHBDL1	0.169087269871697
CTR9	0.16885443410491
CCDC171	0.168676105092384
SLC26A6	0.168657235913272
MIS12	0.168656465363274
SULT1B1	0.168565853747584
NETO1	0.168556142473607
B2M	0.168413494650562
SLC15A4	0.168387836296772
DDR1	0.16819967155369
TTC32	0.168194056554293
CGNL1	0.168187146663504
TMEM39B	0.168156418533293
DDOST	0.168129904968536
HERPUD2	0.167919525190177
RIPK2	0.167789203343489
DDX19A	0.167166457430512
GCC1	0.166933441307583
MATR3	0.166807134495224
LPAR1	0.166560190010707
AATF	0.166474655538637
SLC26A1	0.166369518674485
FITM1	0.16629877945734
NOTCH2NLC	0.166146852642438
SERP2	0.166128382587532
ATP6V0E1	0.166030977135019
SMARCB1	0.165885086356945
ISG20L2	0.165883954162768
ADO	0.165808180288511
RNF7	0.165639221229799
DIO2	0.165457533058462
DYNC2I1	0.165436037639412
FAM229B	0.16535869099513
NAPSA	0.165352537372717
SSPN	0.165212920597058
CFAP99	0.164681126179048
GAS8	0.164238956519494
PNMA2	0.164220137384776
PIGCP1	0.163848969285249
GLIS3	0.163523690984877
CHURC1	0.163323410193195
TMEM231	0.163262144106867
FBXL12	0.163200238695799
HSF2BP	0.163060294096567
MACC1	0.162966773055932
ZNF347	0.162669829343239
CFLAR	0.162593135208585
SSR4	0.162387895820602
DDX50	0.162387101455657
SMCHD1	0.162143351518236
ZNF670	0.161876275028203
TBCCD1	0.161862117698804
TNFRSF10C	0.161811405687462
FRMPD4	0.161661288918886
UQCC6	0.161502022471304
SNRPE	0.161197280271139
SEPTIN1	0.161176977831046
ZBTB3	0.160435828498701
SH2B2	0.160396024945864
NDUFA2	0.160381758674293
GUSBP14	0.160333930919502
CCDC168	0.160301221802444
TREH	0.159549607658079
RBBP5	0.15935857252425
GRK4	0.159344386015946
ZNF280C	0.15931156685049
RBAK	0.159196273241604
PARD6B	0.159086431351044
RGL2	0.159060762784508
GGA3	0.158996149447063
ITSN2	0.158937970714404
THSD7B	0.158937208843309
CCDC110	0.158918600226423
POGK	0.158845811135896
UNC93B1	0.158835021373048
PUF60	0.158709170178176
IQCH	0.158677716280807
EPS8	0.158234082481141
SDAD1	0.15822414740213
RSBN1L	0.158164598584597
PRDM4	0.157813206375238
TTC27	0.1576033077914
AMER1	0.15752001573535
CPNE8	0.157445778462625
MAST1	0.15737463465104
ATP2C1	0.157369514413763
IFT27	0.156892367365103
USP25	0.15682005595793
FRMD5	0.156607835285058
NME2	0.156584059583554
GCFC2	0.15655813035695
CROCCP2	0.156485783616104
C9orf153	0.156484884674696
VDAC1P8	0.156482212125163
BET1	0.156429305015515
RNF215	0.156376765049351
MRS2	0.15619967549031
GID8	0.156111616044299
CD99L2	0.156028025603352
SGIP1	0.155939934300972
SMYD5	0.155707753103692
MYH13	0.155450534512033
SARS2	0.155405350983835
NEFL	0.155253275321738
ERCC5	0.155227631574782
ALKBH7	0.155069063349822
NDUFAF4	0.154806815262997
BRWD3	0.154780068042818
TRIM44	0.154450576084692
TSPAN5	0.154008275182753
WDR75	0.154006026197522
ITPA	0.153946202675404
MIIP	0.153422833575324
STX6	0.153349798129665
ZNF584	0.153309482442011
AGO2	0.153287327999647
PPP5C	0.152941328832123
EEF1AKMT4	0.152784692754164
BMPR1A	0.152510309213923
SIMC1P1	0.152434608751336
LEPR	0.151936874805954
POMT1	0.151760564368184
MSH4	0.151462842518051
MTFR1	0.151358171748711
MYO5C	0.15126547588025
DNAH14	0.151169752359024
SAFB2	0.151091724826936
MRRF	0.150911797004133
GVINP1	0.150874213174851
PAPOLA	0.150869264623857
TNFSF9	0.150827714289828
SMIM1	0.150790811714111
LBX2	0.150520554203165
STAT1	0.150433182514901
AFF2	0.150405287233602
PCNX4	0.150164656189226
AREG	0.150114956005402
ZNF267	0.1498658925499
SNX14	0.149855979485373
CTC1	0.149797305154088
DHX30	0.149611929778034
YBX1	0.149394380465241
LNX2	0.149270459788514
PCDHGA5	0.149267003131397
NUCB1	0.1491011976505
GTF2H2B	0.148959947620246
SPACA9	0.14889928487716
ACYP1	0.148522640174124
ATP5ME	0.14834148159508
CSPG5	0.148309383785556
ZNF517	0.14791521660606
DNPH1	0.147721447328231
ZCWPW2	0.147642727692609
MROH7-TTC4	0.147435585127717
ZNF319	0.147430516872747
TRMT10C	0.146192334928057
COX6B1	0.146086424755264
RBPMS2	0.146015187744468
HSF2	0.145957804382855
SNX21	0.145816518639223
THAP12	0.145710522741921
AKAP7	0.145657353261084
TRHDE	0.145418704081022
GLI4	0.145241320213682
TNIP2	0.144880438802892
SPPL2A	0.144645864629754
MSL1	0.144460023453651
PBX1	0.143992499854018
HAUS7	0.143774932974997
EREG	0.143476067482385
LDHD	0.143170932874887
ZXDB	0.143159409048642
ABHD18	0.143145806214774
MT-ATP6	0.143072684736159
PRDM6	0.142866719514103
GNAI1	0.142814950279483
IL11RA	0.142796244730232
ANKRD49	0.142493083626744
TMCC1	0.14237749183263
COIL	0.142321748206315
SLC22A20P	0.141927179170667
BCL2L2-PABPN1	0.141368028957052
BCAS3	0.14122952574344
COX16	0.141188806472353
PMF1-BGLAP	0.14082788889393
KATNAL2	0.140691711871679
REXO4	0.140632459694906
NICN1	0.140607760542215
STN1	0.140311886771611
ZFHX2	0.139857830772183
ECE1	0.139833866694856
FSD1	0.139830176644665
DUSP4	0.139827364928181
SGSM2	0.139663324601801
ILRUN	0.13955128302421
TNFSF18	0.139354543965238
COX6C	0.139287860210623
CLUHP3	0.139238230597961
EEF1AKMT1	0.139226943397213
AURKC	0.139200567139945
CALM2P2	0.138589519133671
CDRT4	0.138444361907987
NIPBL	0.138405119143347
USP49	0.138358739126419
DNAJC25	0.138125919585445
PABPN1	0.138016724883933
NRP1	0.137856097412226
NAXE	0.137726323351669
ABHD6	0.137365426227608
VPS4B	0.137203898293319
ATRX	0.137200164904278
PITPNC1	0.137156068879132
CHRDL1	0.137132954392606
CLPTM1	0.137067695554413
CYRIA	0.137050302948419
AGPAT5	0.137032994419116
METRNL	0.136855697647602
OMA1	0.136754671391273
UBXN7	0.136703589399665
CFAP54	0.13647285717614
ZNF229	0.136232732868344
NEPRO	0.136178288716068
EIF2AK2	0.136087777753964
SMARCD3	0.135889017220589
PMS2	0.135882031122731
CYB5D2	0.135724001288153
ANAPC2	0.135547610599077
ELP4	0.135177010975812
CATSPERG	0.135148381060442
SRRD	0.135022629374869
VIT	0.134918283597246
ZNF257	0.134800062129746
ELF1	0.134727808804035
RPRD1B	0.134722927352312
PLCH1	0.134686390823072
PTGES3P1	0.134670172570061
TCOF1	0.134637578103047
TIMM8B	0.134478906279136
ADAM20	0.134462122118168
USP22	0.133949380926633
MATN3	0.133822395990226
TRAPPC2	0.133669270236105
CREBBP	0.133655507416799
CUL9	0.133485988834613
PCDHA7	0.13344312179889
USP21	0.133374358222619
FAM47E-STBD1	0.1333595064483
MRPL50	0.13335046437969
CCN1	0.133273037355353
VAMP8	0.13313506082969
NDUFV1	0.133119675999889
LAT	0.133100832099154
CYP26B1	0.132873597528365
APOBEC3C	0.132799381178419
TMEM37	0.132675678362208
RP9	0.132151409819292
NTF4	0.131979690960606
RPLP0P12	0.131899807160439
CPNE7	0.131856039027724
MIA2	0.131547173616075
PPARD	0.131390592086973
YBX1P1	0.131348253068955
RPS6KB1	0.131340600073505
PDZD8	0.131260777469365
SBNO1	0.131189547562561
P4HTM	0.131113527233409
RLIG1	0.13096499148334
SPEN	0.130928958118466
CDK11B	0.130918301003827
MLLT3	0.130838903808133
ZNF607	0.13080560541934
KLHL26	0.130702845025198
PTMAP5	0.130702565598956
NPB	0.130676434929547
POLR2F	0.130390154095841
CGGBP1	0.130344557019842
OR2A7	0.130189925014276
KIFAP3	0.130129116163002
LRRC37A4P	0.130120312980802
RNF217	0.130055492052623
EXD3	0.129975991488658
H2BP1	0.129842937335753
CTDP1	0.12978539187413
RBM12	0.129546011392577
BRK1	0.129518420371266
ARMCX5	0.129362297366393
IL1RAPL2	0.129248641586245
WARS1	0.129116650967471
USP34	0.128897982043638
ESPNL	0.128729398059161
PRNP	0.128676013559826
FBLN5	0.128667354816459
ELP3	0.128535487038669
TMEM121	0.128471898297825
ESRRA	0.128442930548515
KLHL15	0.128401314280441
RNF167	0.128339335479675
MUTYH	0.128337818982481
MAGT1	0.128244294086813
TMEM151A	0.128197271233442
SMIM14	0.128161180101601
FBXL4	0.128155384755828
STEEP1	0.128028911289039
CNTNAP3B	0.127753409495511
PGBD2	0.127413375612762
GPR155	0.127343968294395
PTMA	0.127155155562585
SPC25	0.127075011883484
MORC4	0.126993032048759
PEX1	0.12693667291763
STRIP2	0.126922560247376
PDCD6	0.126664911538819
TYW1	0.126380590466476
NAT9	0.126271583862995
ITPK1	0.126208461723228
ITM2B	0.126138603395375
LLGL1	0.126058332731594
SPOUT1	0.126046178219876
MAP3K10	0.125653756913979
KBTBD2	0.12554478450108
KDM4A	0.125457684456326
AK5	0.125404108712484
PRSS36	0.125295371452205
ZNF24	0.125192274829769
DDX20	0.125123737752405
SEPTIN10	0.124644096586929
ZNF318	0.124637825439056
PSMF1	0.124519865206102
SRL	0.124435833040953
IST1	0.124391165815437
PSMA3	0.124184284923233
FAM227A	0.124171900480535
MT-ND2	0.124145860356137
GDF6	0.124042549880661
ZNF826P	0.124006040793602
FIGN	0.123944065601411
TIPRL	0.123906779701539
TRIM74	0.123399440588962
ZNF875	0.123213689191453
PLAGL2	0.122795694903613
EXOSC1	0.122686619760519
ME2	0.122483571559653
ZNF225	0.122365583283996
ANO7L1	0.122307602069975
ENGASE	0.122252434976931
MAP3K2	0.122228598157159
TNIP1	0.122178747055101
ROR1	0.122174344377462
RPL4P4	0.122078787888031
PLEKHA6	0.121985752905208
LSG1	0.121916302241993
RRBP1	0.12176162786174
RTF1	0.121648083510257
TBC1D10A	0.121559125620933
RSPH9	0.12146483970996
PARM1	0.121403871452854
NUB1	0.121402453754465
PPP1R16A	0.121254984259265
N4BP2L2	0.121177693855353
AARSD1	0.12112144314444
SLU7	0.121074361969899
MAP3K7	0.120981325248798
AGER	0.120860612960311
SLC35A4	0.120658217007448
FOXF2	0.120356015904788
NUBPL	0.120330736337831
RAB6B	0.120143758328865
UNC93B3	0.119886528013445
KCTD16	0.119789971803098
ZNF540	0.119648958438448
MAN2C1	0.119600008960255
TLE1	0.119519027349399
ITGAV	0.119359611364799
TMTC3	0.119350221031596
ZNF678	0.119230008714337
VWA1	0.119221987284486
GATA6	0.119079556039286
NTHL1	0.118868525532321
GTF3C4	0.118349376025871
CHRAC1	0.118080774328328
BAG6	0.118021651175671
NDUFB10	0.117973634382748
AGA	0.117640689641637
COLGALT1	0.117619809896485
ERGIC3	0.117562758030395
FAM219B	0.117346148988811
DROSHA	0.117314678282734
TM9SF1	0.117235817722193
BMS1P23	0.117125719926812
PFN1P2	0.11699489320941
USP39	0.116988785901378
TBCE	0.116860772831517
GUCD1	0.116680756236139
ZNF626	0.116402024291956
AP5B1	0.116300798717058
SERF2	0.116280168190524
RBM12B	0.116242794943422
GATC	0.116120797810057
TMTC2	0.116086409632199
POLI	0.116005796298545
SIPA1L2	0.115969585546218
ADORA2B	0.115878390595954
FBLN7	0.115859607650973
SRPRB	0.115819239390875
HELQ	0.115768252304283
ROBO1	0.115686304061335
ZNF784	0.115661240637315
UBXN11	0.115633557098524
SMG1P7	0.11552889811969
CNRIP1	0.115050795988796
YIPF1	0.114964593872336
COMMD2	0.114844718537832
EOLA1	0.114712144848441
RPE	0.114673923852053
SPICE1	0.114659456042481
MYH11	0.114545265097258
KCNE2	0.114227040721576
SNAP29	0.113774787488598
KRT10-AS1	0.113723217985764
BCL7A	0.113645941403015
UTP11	0.113566113775469
CRY2	0.113471758825867
FAM171B	0.113405141707739
CYP2E1	0.11337507420428
TPPP	0.113333994161117
GMFG	0.113165160668518
ZNF705EP	0.113081607784563
SPRYD4	0.113020196063816
NPHP3-ACAD11	0.112960144402291
YARS2	0.112641857358353
DAP3	0.112556667374579
SF3B2	0.11255553006377
SLC39A3	0.11239954261375
NCSTN	0.112377353265919
CARD8	0.112375311539265
RETREG3	0.112323189682317
MZT2B	0.112105439452891
ZNF416	0.111764181275909
SNRPB2	0.111710411833988
ZBTB4	0.111624999059457
ZNF284	0.11162161078322
MAPK7	0.111536553551412
NEURL2	0.111515634656083
PRKAR2B	0.111504803833882
LRRC46	0.111400899235618
DMTN	0.1113359846051
FAM218A	0.111283169567561
VPS13B	0.111051125445829
PCDHB11	0.110968563711861
PNMA8A	0.110882202415146
SLC67A1-AS	0.110869625136296
DUSP8	0.110621111701048
FAM114A2	0.110517612311543
ZNF749	0.110218338043541
LNPEP	0.110100414052663
BRICD5	0.110025570609061
UIMC1	0.109910849575248
TOP3B	0.109629196584676
MAP4K3	0.109606578062691
TMEM205	0.10946759260966
TRIM34	0.109316528403369
KANK2	0.109042121382458
RNF168	0.108882617118433
RNF19B	0.108834155607328
RSPO4	0.108762568035787
NAA60	0.108741915925431
TNNC1	0.108716644907847
MTCH2	0.10832143535296
MICALL2	0.107938767856352
CALB2	0.107912407179652
ROM1	0.107857763736053
NRBF2P6	0.107810980767177
ECPAS	0.107739417870702
ARL14EP	0.107637089799559
WAS	0.107532419444104
MT-ND5	0.107428113769984
PAF1	0.107234140172964
MAGIX	0.107131921338967
MRPS31	0.106975675186199
RNASEH2CP1	0.106971507114324
POLR3GL	0.106590879034425
FAAH2	0.106556228542229
ZNF500	0.106397337391348
RTL6	0.106285165876133
B3GLCT	0.106140363771931
CEP112	0.105991948082964
ZSCAN32	0.105909074171908
KRT8P52	0.105780910375509
ADCYAP1	0.105684966746698
FAM32A	0.105305739491146
KCNK9	0.105160453875848
OSCAR	0.105136407145888
TMEM266	0.105063903060887
KPTN	0.104858753834639
MRPL9	0.104808127655913
PIGP	0.104784328086153
BMPR2	0.104768208185101
ATP5MF-PTCD1	0.104615511820978
BTN2A2	0.104549490230677
TBC1D14	0.10454399551632
ZNF782	0.104489539682707
UBB	0.104327444321125
DCAF12	0.104294330850471
ENO3	0.103973000152854
FAM187A	0.103910641348768
THAP7	0.10381181069534
PFDN4	0.103676306593055
PDIA3P1	0.103569489594485
SAMD5	0.103475262550261
PIGQ	0.103428902845515
RADIL	0.103356066636541
CD177	0.103187535336501
CLDND1	0.103185261200559
USP32P2	0.103090017859987
PLGRKT	0.103069402841361
EEF2K	0.102754178861014
KAZN	0.102406983872278
MTPAP	0.102227168325791
FBXL8	0.102210166611901
SRRM5	0.102084944613493
ZNF627	0.101948193867332
THUMPD2	0.101921129342296
BTF3L4P2	0.101804042834456
SAXO4	0.101611193213289
NUDT21	0.101596626120086
ASPSCR1	0.101536502633754
HP1BP3	0.1014648604979
RMC1	0.101316909631271
RIMBP3B	0.101305511023976
PCDHGA11	0.10107568528724
PDHX	0.100971927453271
PCBP1	0.100680458793726
ZNF16	0.100481726201567
CENPP	0.100195201586263
MOCS2	0.0998063515064849
SDHAP2	0.0997327065028365
NDUFA1	0.0995031806586575
ARLN	0.0994572655367882
HPS3	0.0993361304760803
ZNF486	0.0992972499315811
OPN3	0.0992677096691566
TMEM121B	0.0986756450673955
TTLL4	0.0984068941156432
BRF2	0.098238070293552
TMEM117	0.0980203362188522
SRSF6	0.0978914463904496
VPS54	0.0978903688520396
ISY1-RAB43	0.0978578240020138
RGS11	0.097691074682661
SPDYE10	0.0976799824553597
CCDC88B	0.0976075563875691
GUSBP9	0.097489535312137
SREK1IP1	0.0972442399849455
MTFP1	0.0971203057305609
UBTD1	0.097065168768942
NSUN3	0.0970389855920911
ZNG1F	0.0969670400637754
NKX6-1	0.0968653421099378
C1orf162	0.0965079730335302
CWC27	0.0965015153095802
KBTBD6	0.0964784155170241
GREM1	0.0964385891051384
FBXW2	0.096205879774086
EIF2S3B	0.0961904865566118
NUP37	0.0961127265596914
GLCE	0.0960887483369605
ZNF845	0.0959560158407692
NARF	0.0958535300703027
STEAP2	0.0957963310300373
KMT5AP1	0.0957853380243554
NR2C1	0.0957108965952895
ATP6V1G2	0.0955905950194393
ZSCAN23	0.0955613630556712
TMEM161A	0.0955323124802567
PPP4R3A	0.0954593271360562
GNA14	0.0952361814451272
ZNF684	0.0951875900438778
GOLGA2P7	0.0949999891549208
TRIB2	0.0949540950190747
PIN4	0.0946867796103342
HLA-DRB1	0.0945651844622367
EEF1A1P9	0.094349616167635
C5	0.0943423930514879
SH2D2A	0.0941225562523842
EIF5A2	0.0935088985652173
CHEK2	0.0934851226900045
VPS37B	0.093373122475279
HACL1	0.0933481074009377
SSB	0.0932177700795582
ITGA11	0.0931878249607998
VNN1	0.0931172607357594
GDI2	0.0928756861912209
CDKAL1	0.0928017830989602
DNALI1	0.0927917449827689
BCL11A	0.0927051607159901
EBPL	0.092563730578494
LGI4	0.0924600581048447
GPAT4	0.0924180180402142
ATPAF1	0.0923259993981948
GPALPP1	0.09177682009639
CERS1	0.0917204339869124
NPIPA7	0.0916999744980116
MRPS23	0.0914930009096121
ZNF665	0.0914837656039276
SHLD1	0.0914164840456419
ZNF609	0.0913994161234161
UGCG	0.0913231682310085
PEX2	0.0909504865745144
CLCNKB	0.0907467908505358
UQCRC2	0.0903612284243206
TICAM1	0.0902714348019024
ZNF460	0.0901372359439529
HLA-L	0.0897936659754583
GSTO1	0.0897645726510851
SUCLG2	0.0896176813794059
TMEM91	0.089444697009964
EXPH5	0.0893052610285992
COL12A1	0.0891527570300058
PNO1	0.0891353985466639
ZNRF2P2	0.0890985178413836
ZNF593OS	0.0886308921759466
CAMKMT	0.0886052656372354
CARF	0.088523255800163
ACIN1	0.0884916126662488
MDM2	0.0884526757842555
MYCBP2	0.0884143008980949
SLC4A11	0.0883929731754536
ZNF333	0.0882179416787137
CPXM2	0.0882044852469576
COQ10A	0.0881392363002809
UBE2J1	0.0880082469816153
UNC45A	0.0879372506744891
POLR2K	0.0879211132398296
IGF2BP3	0.0878899930123001
CAND2	0.0878269497171197
PLEKHA7	0.087719794125803
BCORP1	0.0875563765032614
UQCRQ	0.08749160069222
RAB18	0.0873471091697873
ARHGAP44	0.0871762670521347
MKNK1	0.0868931579943994
AKR1E2	0.086818642418443
DIRAS3	0.0868008320442823
TRPA1	0.0866740931503258
CYTH1	0.0865745343610341
MAN1A2	0.0865668532158101
SLC22A5	0.086520341838296
SYNE3	0.0864474003357006
TTC36	0.0864454704559478
NFKBIB	0.0863308141386937
CD81	0.0863123583337599
NEIL2	0.0862049218825513
IRX2-DT	0.086132219367008
FGF7	0.0858007986610861
ALKBH4	0.085699048514783
ZNF780B	0.0855547903153694
NBPF14	0.0851773863133234
GLS2	0.0849102065057751
ZNF630	0.0848554073110416
CTU1	0.0846282115173923
INKA2	0.0846034523035239
DNASE1L2	0.08449855706066
UBL4A	0.0843852467965463
ZNF585B	0.0843159408857686
PEX12	0.0842063125090176
ZSCAN29	0.0840665654719071
TMEM115	0.0840284924797566
TLL2	0.0838678141025809
MYPOP	0.0838670155396982
NUDT4B	0.0838287353280896
VPS72	0.0838272659096648
GATB	0.0838245178753584
TMEM116	0.0837819562201729
TST	0.0837064327237282
CAAP1	0.0835788500683913
NPRL3	0.0834689369648344
ZNF140	0.0834055505811303
ZXDA	0.0830675021802944
RNASET2	0.082982434727617
ZNF792	0.0829790134434107
TAX1BP1	0.0828035249704996
NHSL1	0.0827059477978456
STK32C	0.0826798572507607
CAPN12	0.0825068997900412
TBL1XR1	0.0823907555358382
TMEM9B	0.0822306105488833
CCDC122	0.0822052064207635
FGR	0.0819757345082134
SEC22B3P	0.0818253050739157
OTULIN	0.0818112288341315
TNFRSF11A	0.081602762872839
SLFN11	0.0814506234006549
PES1	0.08127850445297
NPRL2	0.0810655596242243
MBD4	0.0809030386111271
PPT2-EGFL8	0.0808014999296275
TAF1C	0.0806257196852421
LRRC37BP1	0.0805995741052209
MAMLD1	0.0805308497818669
DYRK4	0.0804077843661052
ZNF134	0.0803043028752199
ZBTB8OS	0.0802699065362831
DVL3	0.0801444540764613
HMGXB3	0.0799494574345194
ARRB2	0.0798501453017174
TRMT44	0.0797893187252749
EDEM1	0.0797607487796598
CPOX	0.0796286421209281
ZFAND6	0.079602687383239
CENPW	0.0794127465128558
FUT11	0.0793736926535618
ELP5	0.0792441316770536
CFAP157	0.079089900029575
PRMT2	0.0789753123243203
CD83	0.0789375350116734
DFFB	0.0788897149789747
EIF4G3	0.0788568403107826
POLR1C	0.0787693258188973
NTSR1	0.0787216254128632
ZNF781	0.0785750674644597
VPS33B	0.077740672734304
EMILIN1	0.0777271665638521
RLF	0.0776356293509664
LSM12P1	0.0775760871829826
TRIM66	0.0775537596137612
ADCK5	0.0773939862681969
ZNF440	0.077183418182035
REX1BD	0.0771146631083198
PPP1R3F	0.0769213327471303
EVA1B	0.0769085721394933
UBA2	0.076726955191206
CASKIN2	0.0765793139672823
GFAP	0.0764961015461618
NSUN4	0.0764699620644859
ZDHHC24	0.0763870926780439
NFX1	0.0763654101457491
UROS	0.0763128662749708
PITHD1	0.0761271034577686
PRR22	0.0761219621723952
ZNF77	0.0760503285233948
FGF17	0.0760216647830842
FUBP3	0.0759471861529374
C16orf95	0.0758730365638087
HOXB7	0.0757744744892682
THAP3	0.0755360549434432
RPS2P55	0.0754477758920367
GLT8D1	0.0754334471401509
NBEAP1	0.0753315624709846
THOC2	0.0752471199631811
TRIT1	0.0751874047425416
YJU2	0.0751715230827348
CCNL2	0.0750592526639414
SUOX	0.0750306356619991
MRPL1	0.0749091941061521
NUMA1	0.0747794195369719
PCDHGB4	0.0747600832253117
MYLK3	0.074724444892912
SYCE2	0.0746328201383124
MAP7D3	0.0745915964772793
MTLN	0.0745864656211061
ZNF646	0.0743667506073435
USP38	0.074097022728735
KATNIP	0.0739279082053108
KHDRBS1	0.0733838575213333
METTL14	0.0733202446047058
RAB44	0.0729522765811305
TMTC4	0.0729394559517018
HNRNPUL2-BSCL2	0.0727353050215474
TFCP2	0.0726648513648226
SLC4A5	0.07252129184178
NT5C2	0.0725076745965987
RAC3	0.0724693326804962
STAM	0.0724615193611795
PLCD3	0.0724445032198145
MRPL23	0.072416185936453
SLC44A2	0.0722994322504971
RPS6KA1	0.0721021835586273
CRTC2	0.0720712778062807
MRPL2	0.0719409127269574
JSRP1	0.0717773584639761
PDGFB	0.0717695660700702
ASS1	0.0716749973411568
TTC39C	0.0713221253719918
STK11IP	0.0712753304360927
ARL10	0.0711490998276359
DYNLT3	0.0711013087890951
RAPSN	0.0709372801145992
CARD9	0.0707514183326588
PRKD3	0.0706987763940455
TKFC	0.0706914867713587
IFT20	0.0706637656778502
CD99	0.0706501239430122
STXBP6	0.0705920090997295
RPL17P9	0.0703718408000825
TPM4P2	0.0703605571942211
NPHP3	0.06992438183525
BACE1	0.0697829874528232
RPL21P16	0.0695994005690206
NUDT12	0.0695969870758522
MECR	0.0694948854360646
HELZ2	0.0694766125021444
TRAF1	0.0694429877818072
HEY1	0.0693136673402298
ANK3	0.0692682270050266
TNFRSF19	0.0691364632786595
RMDN1	0.0691320580536212
FBXO42	0.0691059456930982
PPAN	0.0690549322202804
TAF7L	0.0687486011396263
SLC35D1	0.06870193741246
MLLT1	0.0685198979154506
TRIM38	0.0684171835513245
RCOR3	0.0682180591184205
C1orf50	0.0681824556764989
C2CD5	0.0679972276934044
OAZ2	0.0679051864492882
PGM5P2	0.0678428827786517
SIN3B	0.0678003690470193
ITPRIP	0.0677880039088363
TTLL11	0.0677702290111527
SLC4A2	0.0677665348470605
GOLGA2P5	0.0677406888166095
ZNF114	0.0677124914129358
MFSD9	0.0676378080779719
KRBA1	0.0674869601429115
TACC2	0.067322606574473
PDE3A	0.0673119946203289
SLC25A53	0.067127444854506
SLC25A3	0.0671014115924837
AUH	0.0670150401510988
HINFP	0.0669900103191138
LXN	0.0669095804036633
EIF4A2	0.0669056328753323
CELSR3	0.0667767808608423
KAT8	0.0667175326685645
RPL19P6	0.066665845149651
FNDC3B	0.0666282128484872
RPL7AP39	0.0665258636463105
SLC35C1	0.0663126918875004
VPS16	0.0661372394174166
TXNIP	0.0659223520828868
DAPK1	0.0657417463044574
ZMYND12	0.0655738929568316
WASH9P	0.0653459038022078
ZSWIM9	0.0652405242270297
B3GNTL1	0.0652295254362103
PLK5	0.0651480314601924
HSD17B1	0.06497582225466
PM20D2	0.0648814790587031
ISCA1	0.0648518588890581
SLC2A4	0.0645950153671791
RPS27L	0.0645285064058617
RIOK1	0.0642975863159321
SETD9	0.0641637561575461
YTHDC2	0.064152753049765
ATG2B	0.064101674514593
EEF2KMT	0.0639999446325002
CDH10	0.0639193564055066
SLC30A4	0.0636604371898473
DCAF8	0.0636549106920908
ZNF235	0.0636197885579013
GUSBP15	0.0634280757551782
NME1-NME2	0.0631072510941343
SCRIB	0.0630163413653851
FAM238C	0.0629753774311844
B3GALT9	0.0627358306648783
TMBIM1	0.0625671911034521
PRDM11	0.0623826074306749
PXDC1	0.0622388155437974
EXD2	0.0621187871753336
ANOS2P	0.0620736384430228
MTND2P28	0.0618988945606492
MRPL22	0.0618569224318751
GAR1	0.0616474150909013
MTFMT	0.061576705441007
CLP1	0.0613019070769027
RPSA	0.061281585981858
KCTD3	0.0612124282472996
ZNF320	0.0610349763801389
TEX10	0.0609837864720312
ITGAE	0.0608274018861753
RAD17	0.0607978044618571
IRF9	0.0606895485757129
NOLC1	0.0606648806228064
MPV17L	0.0604056696845422
HDGFL2	0.0603626429405554
PLEKHO1	0.060155694245655
TRMT112	0.0599443959881234
LRRC39	0.0599186613760756
ZNF771	0.0598787743166513
PEX16	0.0598493408060348
GIN1	0.0597992887290351
AKAP3	0.0596235951583584
KLHL13	0.059581755295357
OSBPL11	0.059546455144484
MOCOS	0.0595090868072144
LSM7	0.0594794447943759
GDPD3	0.0593780765401004
ZNF251	0.0593397654212274
DOK5	0.0593181503037905
WFS1	0.0592945271068276
ZNF396	0.0591958898271987
ERMP1	0.0591049307031579
KIAA1143	0.0588132423797843
ZNF485	0.0586333765555694
TEX30	0.0586279102865418
ATP6V1B1	0.0586013344969076
RGPD3	0.0583873952258781
DHX36	0.058383015144348
ANPEP	0.0583575379533739
PRDX2	0.0583433887514632
RASA4DP	0.0582619973545025
TRMO	0.058190090898233
ZSCAN25	0.0581467048973213
MICU3	0.0578737039490597
TPPP3	0.0578632846143911
PDE1A	0.0577742737461402
ATP5PO	0.0577295422711541
HTRA2	0.0576994081209916
ZDHHC20	0.0574878448350114
DOCK7	0.0574457536052783
ZBTB25	0.0573694146749186
METTL16	0.057343225952515
ZNF70	0.0569228413471018
SNRPG	0.0568280715277005
ORAI1	0.0566873022224791
PDS5B	0.0555041859122377
MRI1	0.0554611519178418
EFNA3	0.0554136879526569
SIRPA	0.0553264558545738
SNX4	0.055072254444048
ANKDD1A	0.0550033225022315
F2R	0.0549782643857954
SIRT1	0.0549268846290488
POLN	0.054902297671619
SDF2	0.054693070627612
ETNK1	0.054495225260365
ZNF208	0.0543969772193355
NEBL	0.0543028173388381
ST8SIA5	0.0542725248754213
PM20D1	0.0538516422381312
HSP90AB1	0.0537840840337038
PRKRA	0.0537589927775045
SMYD3	0.0536196673350516
PTAFR	0.0535478655071773
EHHADH	0.0532603472947304
ST3GAL2	0.0532322515643369
ITPR2	0.0532037594845346
SYP	0.0531752770106427
NONO	0.0528984581418382
ZNF799	0.0528808348868259
SMG1P1	0.0527229323505482
CASS4	0.0526418018853064
HNRNPU	0.0526045717690143
DNAJA3	0.0525049527748069
SYT5	0.0524625973034701
PIERCE1	0.0524605326229655
C1orf226	0.0524602767717469
HTRA3	0.0524344963014998
SRGAP2B	0.052426449249235
TTC21B	0.0523031791415338
INTS6L	0.0522403416161484
NPDC1	0.0521654111962586
SEPTIN6	0.0518030863493321
CREM	0.05154367739429
CHRNE	0.0512428767722966
TBX2	0.0512044192520819
WNK1	0.0512020769253841
RTN3	0.0511657728158411
MYH3	0.0509873744345205
MANSC1	0.0509188905960151
PLPPR3	0.050872651078099
ASAH2	0.0508216395040849
PTCD1	0.0507310297509165
INHA	0.050724874325749
ZEB2	0.0506519423142187
HDAC7	0.0503802993364759
PSCA	0.0503169449532638
TRIM45	0.0502904401815095
STX16-NPEPL1	0.0502081755845864
SLC25A37	0.0501768121063099
CACNA1A	0.0500675998208681
PYM1	0.0498647547001094
ZNF469	0.0496045043926953
MEF2A	0.0495316244701505
NIM1K	0.0495099963398991
ZNF337	0.049445717265053
RBM34	0.0492203493399217
CPT2	0.0491189445108662
GOLGA2P10	0.048975256941358
HGFAC	0.0489623160008482
DHX35	0.0488785458754453
CRNKL1	0.0487168514566603
UPF3AP2	0.0486479313467072
MED18	0.048553709256395
ZNF30	0.0484307838436559
ATP2A2	0.0484144677653361
PPIAP22	0.048293847410606
GFOD2	0.0482299251620106
ERCC4	0.0481519005065976
NRG2	0.0480330248214145
GLE1	0.0480035712429356
CHM	0.0479246968649558
ARID4B	0.0478752812194762
RAB37	0.0478321417561754
SUDS3	0.0474231022284836
SPAG4	0.0473852680499132
RNF145	0.0473784968259132
DBIL5P	0.0472502505125949
EEF1A1P12	0.0471853377733288
OSTC	0.0471462503910546
APRT	0.0470967724945854
CFAP53	0.0470877590555995
LRRC57	0.0470817797273063
DGKQ	0.047062525822299
PDE4DIPP6	0.0469392089402862
CFP	0.0469288489890641
RHOF	0.0468967285649974
NSMCE4A	0.0468948850075349
GPC2	0.0468918940465008
FAM227B	0.0467473821906
SF3B5	0.0466553510342875
MOCS3	0.0464814766239629
NOS3	0.0463231734736295
FHIP1A	0.045906301723685
HOXA4	0.0458924114871965
LAP3	0.0458613431241901
MRPS2	0.0457394528601288
EXOC3	0.0457243069344385
CDK13	0.0457141554604128
PTGS2	0.0456879013166099
PPP1R21	0.0455693606193267
WASF2	0.0453816441113329
PNPLA5	0.0452243914233791
CDH26	0.0452217656865634
C10orf143	0.0449835908356443
INPP4B	0.0447717940301584
TLCD3B	0.0446395894462776
PTPRG	0.0445973578874733
SSR4P1	0.0445701880061413
ZFP3	0.0444459545275269
OXSM	0.0442942058703875
FAM200A	0.0441628736297855
TMSB4X	0.0439732124021725
BAZ1B	0.0438916569851229
DELE1	0.0437176963802907
ACLY	0.0435996942912245
ITIH5	0.0435740873887575
SRFBP1	0.0435523061572432
SUCLG1	0.0434942567658241
MARCHF7	0.0434612387028682
KLF12	0.0434390286940431
SCYL2P1	0.0434126285034246
CCL7	0.043269492628347
HSD17B2	0.0429875080570814
SP4	0.0426127785254312
JAK2	0.0425064728175198
CRKL	0.0422300898531028
UBAP1L	0.042175858663197
CHCHD1	0.042027587865746
REPS1	0.0419963862774195
CAMK2A	0.0419096356124765
HSPB2	0.041873084793077
TMED4	0.0416729096047439
CARM1	0.0415895422340014
ACTR5	0.0414439494210498
COMMD4	0.0414012961311741
GADD45B	0.0413126992741773
UNC13B	0.0409530969251438
HSPB2-C11orf52	0.0408877719905249
CCDC93	0.040680615258168
SPSB3	0.0405123177268644
CDS2	0.0404954229438016
PHF20L1	0.0404169451613167
GTF2E2	0.0402445614585437
CES4A	0.0401905199011022
MBD5	0.0401494117398766
PDE12	0.0401309108850034
TTC38	0.0400593621907728
AGAP2	0.0399163025964249
PHF8	0.0398574009215553
TINF2	0.0397603826226885
CABLES2	0.0396846673420899
ZNF25	0.0396510537882499
MST1R	0.0394354437320575
FMNL3	0.0393964181350915
NARS1	0.0392639309606931
GLRX2	0.0391524313435954
BBIP1	0.0390778101676794
EEF1A1P16	0.0390355900500045
FBXO36	0.0389725654336387
ARHGAP8	0.0387873185606572
RPS27AP16	0.0386760323040778
AFG3L2	0.0385329194209714
MED11	0.038531007828236
DPPA4	0.0384249365984606
BOLA1	0.0384128190015731
VN1R83P	0.0383979678775463
RPS7P10	0.0381788800842274
ALKBH3	0.0379811871225971
PRPF6	0.0379055620535756
UBE2O	0.0378164486036074
NAA16	0.0377093267438483
CLCN2	0.0375256276779629
IP6K3	0.0373996640561897
C16orf46	0.0373227702361128
ZRANB3	0.0372737325088196
TUBA8	0.0371938666744568
MRPL13	0.0371205566055312
POLR2A	0.0370890642617451
MBL1P	0.0368651706781882
ERH	0.0368242262409602
DNAAF10	0.0366862562481025
PCIF1	0.0365991573269272
DPY19L2	0.0365170596697952
ALX3	0.0364978861168712
DNER	0.0361879540449126
MROH7	0.0360956698259313
FAM86HP	0.0360851233492219
LSMEM2	0.0359058531461771
PAFAH1B3	0.0357341021083797
SKIL	0.0355789593319698
NKRF	0.0353752077146674
CRIP3	0.0353308516875256
DNAJA2	0.0352818764778449
PGBD1	0.0352457876686263
ATP5MC3	0.0351765297703608
IFI27L1	0.0351392090628726
ACADM	0.0350849189506325
PPP1R13B	0.0348513362757064
TMEM69	0.0348055734365381
NFKBIA	0.0346791193177238
LRRC8E	0.0346638539121029
SLC9A3	0.0345983532531684
CDH8	0.0344302819194637
CAPN7	0.0343841298487214
ACBD4	0.0341514549386094
CCDC191	0.0339247472213712
KLHL42	0.0332755563890235
EXOSC7	0.0331245107489878
SPAG17	0.0327613851988422
TSFM	0.0325962849006396
RIMS2	0.0325883860521363
GUSBP4	0.0325185884506042
DCAF1	0.032125994147282
LRP10	0.0320478869426469
SPTSSA	0.032027855701011
EXTL3	0.0318578400278392
BTBD1	0.0318361311729717
NDUFAF2	0.0318131576422777
TNC	0.0318131380225184
MISP3	0.0317137408148865
ETV6	0.0316795352429583
ZCRB1	0.0316508161460072
RAB5IF	0.0316213762936636
ALDH1L2	0.0314687551711668
MT-ND4L	0.0314305493128126
MRPS16	0.0314152893183241
SLC3A2	0.0313676803130477
BMP8A	0.0313463366452721
PGM5	0.031335070937042
SLC24A3	0.0313026121426085
DMAC2	0.0312804451141412
STX16	0.0312568985120024
GSR	0.0309852906437052
B3GNT8	0.030892942391772
RAB2A	0.0308231461536543
AP2B1	0.0308223860917009
CCDC174	0.030655133649911
MLH3	0.0304873211469532
RNFT1	0.0303379281321204
SLC2A4RG	0.0303201630248684
NGLY1	0.0302930254596936
B3GALT5	0.0301503148819977
LRRCC1	0.0300449705003367
UBIAD1	0.0299314569880607
MT1A	0.029865481947451
TTLL12	0.0298433814978415
IL32	0.0296227644259684
TREX2	0.029621152360169
GPN1	0.029506950150396
SAAL1	0.02932836772373
ZNF600	0.0291985785359615
CCDC163	0.0291527173117693
POLR3E	0.0291346819189469
DFFA	0.029071018501656
LTBP1	0.0289430194836221
NEK8	0.0288392048778051
TMED10	0.0287972933556766
DNAJA4	0.0287903866354126
EIF2AK3	0.0286665830941563
RGS10	0.0286645906874676
POC1B-GALNT4	0.0286356692181642
DNM1P51	0.0285963414150913
TMED1	0.0285029229254326
MAP1A	0.028451353523902
C4orf46P2	0.0283301378830815
POU2F1	0.0282412254039368
CRPPA	0.027953303040943
PDCL	0.0279461308296083
ICE1	0.0276934287181983
BTAF1	0.0276828586118707
MARVELD1	0.0275845857899051
PAXBP1	0.0275735453336425
PXYLP1	0.0275326109498275
CYP2R1	0.0274008976742014
MED17	0.0272561075799456
ABCB8	0.027215240018872
TIGAR	0.0272082225398058
ATRN	0.027169851482123
ZNF888	0.0271678952216906
ANAPC11	0.0271168537643979
RILP	0.0269349250435194
ZFPM1	0.026862813063121
RPS12P4	0.0268321328202414
PCDHGB1	0.0268047666910158
HYAL2	0.0266762489547202
DDX3Y	0.026445751375595
NSD3	0.0261930971429318
TMEM25	0.0260057799191364
GYG1	0.0259577433597289
NDUFAF1	0.0258366304234695
ADM2	0.0258193916976586
LMLN	0.0256214131613186
RTN4IP1	0.0254178791456713
HMGN5	0.025394047273306
LRP11	0.0251077373079595
CARNMT1	0.0250900788279507
DCUN1D5	0.0250073345663891
ZNF81	0.0249643704314842
CDCA7L	0.0248970823895044
CLEC4A	0.0248970283715395
SIRT5	0.0247960792517427
RPL10L	0.0246273666573074
PXMP4	0.024588051434489
PTGES3	0.0245797956283767
TMEM169	0.0245692298993887
CNOT4	0.0244825419715154
LAMB2	0.0244394363185538
STK16	0.0243324886350163
THEM4	0.0242433258328351
BOD1L1	0.024237047710841
RPL4P3	0.0242369847676537
DPH3	0.0241430476035726
RIN3	0.0240789141670414
LUM	0.024060425097403
ZNF718	0.0240449751427135
NDUFA13	0.0236856876981525
FAM234B	0.0236655357323525
NUTM2A	0.0236362840319004
TLE2	0.0235050433238742
PPIAP29	0.0231270625721293
ATP5PD	0.0230852712614778
PARLP2	0.0228892050673789
KLHL2	0.0228431096690101
STX7	0.0227583823899805
COG8	0.0225672636909345
NCAM1	0.0221053922633437
STRA6LP	0.0219774950156929
ALMS1	0.0219420992055308
ULK1	0.0218765147737545
CACUL1	0.0214364783080573
SEC22A	0.0213550711584663
LPAR3	0.021322116296737
SH3BGR	0.0213091762293787
WBP1LP2	0.0211779248947091
LINC00674	0.0211098389541782
EDIL3	0.0209753019802136
CDV3	0.0208677503480695
ACAD9	0.0208590522524253
PTPN2	0.0205387500537735
MFAP3	0.0204519149055166
FAM168A	0.0201153976570165
LRGUK	0.0200882698733129
GLIS1	0.0200208272130556
EPHA3	0.0199726408499177
FAHD2A	0.0199596878360611
IPO8	0.019805522520581
ZNF28	0.0196470291941354
TMEM126A	0.01961912294465
AAMP	0.0195253934100812
PPP1R13L	0.0193483904391218
SLC67A1	0.0193227211709118
UPRT	0.0191523044274051
IMMP1L	0.0190982281280121
EMB	0.0190048361660532
INPP5E	0.0189774879822334
LMBR1L	0.018940526049114
KBTBD4	0.0186400258165424
ULK2	0.0185906247594297
CFAP20DC	0.0181308193841761
ADAM8	0.018118449823692
BOLA2-SMG1P6	0.0180547382046272
GNA12	0.0180156152948509
PPP2R5C	0.0177113198293901
ZBTB40	0.0176817271568948
CCZ1	0.0175692460248058
RDH10	0.01754396443215
NOCT	0.0174801729096471
GYG2P1	0.0174545665015041
PLEK	0.0173866485910457
ZNF629	0.0173031295702664
ELOCP19	0.0172911141290191
MPZL3	0.0172728833698716
KDM3B	0.0171815248755294
LIN52	0.0170788871750286
ZNF415	0.0168709797836919
C2orf68	0.0168563908179405
TMEM14B	0.0167301311510248
SPHK2	0.016646886743537
INPP4A	0.0165138960606909
RAD23A	0.016414780946214
ZDHHC6	0.0163856240763605
SIMC1	0.0163432974443314
ARMC2	0.016262335303384
MRPL57	0.0160810473757102
LINC01881	0.0159215480389489
SMN2	0.0158845254269273
NUDT6	0.0158441330523838
ZNF513	0.0157620667270118
FZD1	0.0157106225979714
OR2A1	0.0156849251389062
TIGD5	0.0152843042358617
SEC1P	0.0151740226882398
SGK1	0.0151129265111058
RND1	0.0151018888756601
PTN	0.0150562847767772
ST6GALNAC6	0.0149599396985434
AKR7L	0.0149068811460365
RPP14	0.0148812637158372
SLC9A7P1	0.0147562604821444
RELN	0.0147004008338624
PPP3R1	0.0146907347551341
BMP1	0.0146001120812186
MTREX	0.0145715568087611
CNBP	0.0145362377834141
JMJD7-PLA2G4B	0.0144575543059204
PHF12	0.0144447330507198
TLCD2	0.014274015924347
PTGS1	0.0140892682700814
SUGT1P3	0.0140369006562989
PDIA5	0.0140040896722873
KRTCAP2	0.0140009696718598
MTRR	0.0139381679300585
FUNDC1	0.013914341100104
PCDH17	0.0139005098812685
EID2B	0.0137598599025048
FGF11	0.0137207498417012
INTS12	0.0137031751942215
XPNPEP1	0.0137001952426859
AQP1	0.0136965429646363
CCNO	0.0136678172175528
CRYBG3	0.0135927512505772
NLGN3	0.013552319400432
RASSF3	0.0135007965642513
NMRAL1	0.013472152948804
TMEM102	0.0133882346930049
SLC25A12	0.0131973556741798
RLIM	0.0131297325506113
CRLS1	0.0129543015733851
ATG7	0.0128114649682793
CEP85L	0.0127779737515062
CNPPD1	0.0127684544665753
SH3GLB1	0.0126883402709268
SUPT16H	0.0126184127164981
PKD2L2	0.0123114765806941
WBP4	0.0120004355822303
H3C6	0.0119630221732344
PPFIA3	0.0118103943940165
CDC42EP4	0.0116921785442295
ZBTB43	0.0113456269739524
SUSD6	0.0112313114273292
ERICH1	0.0111734376559443
CEBPZOS	0.0110944941477777
LSM10	0.0109538866353232
SRSF5	0.010953265807764
ITPKC	0.0109411287690539
VAMP2	0.010835277704404
ADHFE1	0.0107870651552694
NDUFB6	0.0106919012341951
BSG	0.0106863430077312
TMEM100	0.0106685181601667
NELFE	0.010638855931766
BTG1	0.01046952087728
NDUFS7	0.0104608307752796
TSPAN31	0.0104580775398468
MNS1	0.010421256295308
BAX	0.0100261561600967
DNTTIP1	0.00981508608161353
ING5	0.00977810382135557
PKN3	0.00976865522948637
SNX12	0.00974303409100977
CPLANE2	0.00967581577572644
SCP2	0.0096654012532418
TAS2R4	0.00938029966462418
ASRGL1	0.00921922143794533
OXCT2	0.00899872492061724
RGS9BP	0.0089629643761522
TMEM256	0.00881005472169529
DUSP2	0.00878777900071455
SIK2	0.00855034518746232
EML1	0.00851744598929433
RAB4B	0.00847632687803508
MAP4K5	0.00834174410667243
ACAP1	0.00827418496406935
ATP5PB	0.00803097194969153
PDC	0.00791650659612181
DGCR6	0.00777984401582213
SLC12A6	0.00776292344766928
UBL5	0.00768933637329215
FARS2	0.00763195353522739
PTPRE	0.00754339745249992
LDB1	0.00747619539705372
PMS2P5	0.0074145910179645
HECTD1	0.0073552920673987
G3BP2	0.00727489970118389
TDG	0.00727335366480208
CDC34	0.00725705531371754
CEP57	0.00711734193867277
FRG1GP	0.00697612895808878
ZMYM3	0.00690197676862623
CHD1	0.00674728907706635
SEC22C	0.00657398852057626
TTLL3	0.00651335493049078
ZNF892	0.00630414437804325
ZNF33A	0.00608785964359285
TP53BP2	0.00601752748508001
H2BC18	0.00574915361742653
RPS2P32	0.00569207292476816
TRIM3	0.00557683308892673
POLR2J2	0.00548122925466138
RASA4CP	0.00531755395154886
UQCC4	0.00528085908475121
LEPROT	0.00527601041743071
TMEM63B	0.00523237920284103
ZNF100	0.00494142327538141
SLC24A1	0.00493599592756757
GDF5	0.00479600134084661
FYTTD1	0.00468665925982569
KCNIP2	0.00466835460759169
PCDHB4	0.00465378184218438
TPR	0.00461808402253517
RAB21	0.00455004495039068
ISG15	0.00453358685946558
PTMAP2	0.00441301369282004
SPATA2L	0.00437767911685729
CEP295	0.00436739305317537
PPP1R35	0.0042893217114833
FEM1B	0.00426383810062605
NIFK	0.00410149490292498
F8	0.00410133091787408
NBPF8	0.0040946523410755
UPF3B	0.00388286931091649
GTF2H2C	0.00382474654530382
AHSA1	0.00378700392433659
LPIN2	0.00369680879831814
NPEPPSP1	0.00369441972656241
ZNF112	0.00349391351500628
NCL	0.00347934694834841
ZMIZ1	0.00340205939853793
TMEM277P	0.003239130329599
THEM6	0.00317626494326289
OCIAD2	0.00283504886164317
WHAMMP1	0.00280548965062837
TMEM41A	0.00269425973264903
PKDREJ	0.0026534423297525
UBTF	0.00260828302245093
CORT	0.00252834967737293
FOXF1	0.00251107673760441
GTPBP8	0.00247667618352053
UTY	0.00241824088575456
NXT2	0.00238681512288328
SETX	0.00223968042938824
FAT4	0.00221254261821078
CFAP251	0.00197308885530727
NIT1	0.00192683998240552
FPGT	0.00182357889857641
GSTK1	0.00177002940660237
C3orf62	0.0017428783010583
SEMA4A	0.00158508642931956
HSF1	0.00151709418911463
RHOB	0.00127585317402486
SPATA9	0.00126736392119769
RER1	0.00118478162298166
MAP1S	0.00111315171644632
RAB5B	0.00106915631077307
PSMA5	0.00103171780860678
RHOQP1	0.000951374934052828
IFT122	0.000860111740759015
PHF6	0.000746514333546311
SMCO4	0.000672579250234065
PRPSAP2	0.000600249999890591
HECA	0.000590040706856594
UNC119	0.000542550822365589
ZNF865	0.000449576293190073
LRRC17	0.000388047415407727
TCP11L2	0.000340177051735161
NAT8L	0.000327028706767845
NME3	0.000299337692827313
SPSB2	0.000207246443033137
PUS10	0.000142954657324957
MORN1	7.58650910680031e-05
FRG1	5.83208283122623e-05
RANBP6	5.23547143929416e-05
ZNF492	1.03516272774491e-05
SECISBP2	-6.08647341722573e-05
MAN1B1	-9.49095794072224e-05
FBXO30	-0.000159073122028109
NONOP2	-0.000169645253917972
FZD9	-0.000250082224372314
DUSP23	-0.000274029383855155
ZNF628	-0.000365126552488397
PALD1	-0.000432841615944686
SLC12A8	-0.000504013245973955
PRSS27	-0.000590511802324001
MAPK3	-0.00059479269657466
GLDC	-0.000642807725667757
PIEZO2	-0.000661700077173047
ASB5	-0.000741121508598959
TMEM236	-0.000742223292279371
ARB2A	-0.00108832867411746
ANKRD23	-0.00110008091743729
ZNF324	-0.00119519943333846
TRIM16L	-0.00120490720703457
CIAPIN1	-0.00129603317127465
CA5BP1	-0.00143840107535959
ZNF394	-0.00152001715930304
SLC35F2	-0.00161469157229294
TNKS2	-0.00162021481163974
UQCC5	-0.00162109988529219
AKAP8	-0.0016923509512011
ZNF300	-0.00175123138856711
ZNF689	-0.00192172674637203
ASPHD2	-0.00200905254802899
WDFY3	-0.00217136036984034
SRRM3	-0.00218861038890721
HRH1	-0.0023225091815466
ZNF707	-0.00246909964700244
DIS3L2	-0.00274543213930222
TM2D2	-0.00279063329346132
SH2D5	-0.00296334593450562
SART3	-0.00309979309679903
TCEA1P4	-0.00310152170233668
CGREF1	-0.00326485797980401
CLDN4	-0.00327441355318392
WDR25	-0.00336119369700084
MCTP2	-0.00336386330271304
R3HCC1	-0.00350130785309312
RPL10P1	-0.00359313825764205
ZNF222	-0.00365622749810284
PDGFA	-0.00368691868735021
MRPS14	-0.00382092327677841
NOSTRIN	-0.00385951293579314
ATP6V0C	-0.0038844720931534
AMPD3	-0.00401270124128039
PRKCI	-0.00413368429682506
SFT2D1	-0.00415586739893639
UFSP2	-0.00420800292928677
ESYT3	-0.00430522303462717
PIGK	-0.00439489592327686
DHRS11	-0.00448384733431587
UQCRFS1P1	-0.00449119278226133
H2AJ	-0.00449867914617536
TGFBR2	-0.00465254984397144
PRICKLE3	-0.00467098096966254
RBMS3	-0.00468971659885471
ZNF276	-0.00476323431093557
IRF6	-0.00477204975126027
UQCR11	-0.00491862188649064
FBXO2	-0.00501738288672024
PSIP1	-0.00504432395036798
PKMP3	-0.00533425891691487
TMOD1	-0.00539780794005471
SLC1A2	-0.00560666183755507
GUSBP18	-0.00564183734183756
EMBP1	-0.00565749058076458
WSCD1	-0.00577254198624931
PGAP6	-0.00579108592675756
MTX2	-0.00587493936356399
PRMT7	-0.00590627186918279
ATP8B2	-0.0060273585599694
BATF3	-0.006220821634862
CYB5B	-0.00628328812768355
SEMA5A	-0.00630552794623947
RPL31P46	-0.00639006499832033
LEKR1	-0.0064387765219061
SLC46A1	-0.00645796565685426
CDPF1	-0.00650176788846613
TSTD3	-0.00651531603757619
SLC39A4	-0.006533030122081
MANEAL	-0.0065536095719901
AGRN	-0.00657013845152243
CMKLR2	-0.00685966407640364
ERFL	-0.00686438520927423
HRC	-0.00688786023574466
ZNF529	-0.00692678670785951
ZSCAN26	-0.00715149078816014
ZNF91	-0.00716181014957885
CHD8	-0.00721271166224129
FLACC1	-0.0074073327824247
RAET1G	-0.00779133299909503
COMT	-0.00779430880021791
PFN4	-0.00791744655208515
HDAC10	-0.00797908881343729
RIOX1	-0.00798002884345088
TVP23C-CDRT4	-0.00798908419197142
WDR83OS	-0.00809888523201474
PHC3	-0.00811681803087303
TMEM106C	-0.00835529888894958
SMIM10L1	-0.00837872793128588
BRCC3	-0.00841515855580739
RPTOR	-0.00854816609902784
CSRP2	-0.00877113579658404
ZNF668	-0.00879323642064689
FKBP5	-0.00888348238438175
POT1	-0.00894162478979471
TSKS	-0.00895283987776252
MAMDC4	-0.00897110898812557
RIT1	-0.00897126838588116
TXN	-0.00899102275827933
SLC45A4	-0.00900875595613609
KDM5B	-0.00907012707678482
ANKRD42	-0.009208551897432
ANKRD20A5P	-0.00925158214023231
DDX49	-0.00926941306841725
DUSP16	-0.00932865726705911
NSL1	-0.00943128273675924
RPP30	-0.00965754402530352
APPBP2	-0.00984221154578681
FUCA1	-0.0098899301511338
LRATD2	-0.00997242914309911
PFKFB3	-0.00998679170998735
INTS11	-0.0101247453304949
SLC35G2	-0.0102522609714538
EIF5B	-0.0106116223432019
RPS19BP1	-0.0106625411421057
PIERCE2	-0.0106752960202971
ABAT	-0.0108279551407966
MOGS	-0.0108491271611005
PDE10A	-0.0109671175658136
ARHGAP10	-0.0110787035621161
RNF212	-0.0111915382619173
SLFNL1	-0.0113644187120008
YPEL5	-0.0113750588899281
WDR41	-0.0115371462937444
ZNF641	-0.0115641884788521
ZNF536	-0.0116658061872395
ARHGEF28	-0.0117389642079312
GTF2A1	-0.011795655737411
CPEB3	-0.011801673889829
WHR1	-0.0118354185357178
ERCC1	-0.0118958367805381
CDK2AP2	-0.0119405188104148
GPR78	-0.0122289045220296
LSM2	-0.0123302284164765
MIDN	-0.0124485528802679
BORCS8-MEF2B	-0.0125084356298603
SMG1	-0.0125300491112391
RIGI	-0.0126974571918995
GJC2	-0.0127308990567766
PI4KAP2	-0.0127979111370398
ABCG4	-0.0128560162664237
CEACAM19	-0.0129395323395554
WDR91	-0.0129749573350265
KLF8	-0.0129957377079023
SH3BGRL	-0.0130278340721966
STAG3L1	-0.0130683204946952
FRS2	-0.0132136359702215
SAMD10	-0.0132244345582844
KRIT1	-0.0133081732932518
ARSA	-0.0134390252337069
SNAP47	-0.0134472501828808
ACBD5	-0.0134601163448569
CRLF1	-0.0136002162821268
REEP5	-0.0136426647727848
IFI27L2	-0.0136527796145057
GHITM	-0.0138058783838907
POGZ	-0.0139666925788254
CFAP298	-0.0142708510836544
ZMAT5	-0.0143258662795119
FAM185A	-0.0144125679236297
PHF20	-0.0145036917673835
RAB36	-0.0146766383830291
CST3	-0.0147373817879399
CALY	-0.0147686625445817
GOLGA6L4	-0.0148255560734271
MYCBPAP	-0.0148903016737015
AMH	-0.0149078011317441
OSBPL2	-0.0149991124164334
MCEE	-0.0150267694987986
RPL4P6	-0.0150526228713153
DBR1	-0.0154822961853118
IDH3B	-0.0155347557685539
PPCS	-0.015595081110708
ZNF365	-0.0157734224828726
CEP20	-0.0158876463546198
ZNF174	-0.0159497449450014
AGAP4	-0.0159568840190409
GNL3LP1	-0.0159807383333801
SDF4	-0.0159841319729604
CFAP300	-0.0159996061595466
USP37	-0.0160388896973572
HNRNPC	-0.0160717375224663
G0S2	-0.016079821503798
ZNF155	-0.0160915286761215
CKLF-CMTM1	-0.0165994271425451
MAP4K2	-0.0167669922459704
WDR6	-0.0168322335132329
ADCY10	-0.0168813843520174
SUPT7L	-0.0169689902950707
BRD2	-0.017135596556506
CEP250	-0.0172290444686466
EXOSC5	-0.0172486050857279
ARID4A	-0.0172799913611062
CNKSR3	-0.0173369534358402
MRPS5	-0.017417172091548
CSDE1	-0.017714146202453
BBS12	-0.0177949293830009
CLPTM1L	-0.0180119089358394
ILKAP	-0.0180280930671251
CEP89	-0.0180604746735096
ASB8	-0.0183701596483368
FAF1	-0.0184942079700238
TMEM130	-0.0184985015877305
MPC2	-0.0185354705489065
ZNF107	-0.0187679187527442
SCART1	-0.0189038663851398
FAM118A	-0.0189209430301158
ATP5F1C	-0.0190153741642026
LMCD1	-0.0190745663939621
MTERF1	-0.0191000972826569
CPSF6	-0.0191063129052091
DUXAP9	-0.0191572006016189
NAGK	-0.0192633415014243
RGS4	-0.0195357368246538
KAT6A	-0.0195360399007086
SRRT	-0.0195878827601659
PPP6R1	-0.0198554064079172
FOSL2	-0.0199073927938944
KTN1	-0.0199471218633592
C1orf94	-0.0200102171802669
MMP17	-0.0200483472241809
NDUFV3	-0.020116037316221
MRFAP1L1	-0.0201187019561804
NAA50	-0.0201848243469625
UBN1	-0.0201974398309583
IL20RB	-0.0202248240095763
SEC23IP	-0.020245765113787
NCKAP5L	-0.0205806153519792
TUBGCP4	-0.0205926598729694
RNF121	-0.020635876780189
ZSWIM2	-0.0206360381550647
ZNF585A	-0.0206815088824137
RPSAP53	-0.0207639074536572
RITA1	-0.0207823633925455
TMOD2	-0.0208893884838298
ST3GAL4	-0.0210569709904078
C9orf78	-0.0210936296321846
TMEM208	-0.0213874705289308
PPM1H	-0.0213977033566202
SOWAHC	-0.0215060359420025
LSM12	-0.021609544620791
RBM4B	-0.0220558612894172
CASP3	-0.0220876040559778
ZNF554	-0.0221296868092898
TGIF2-RAB5IF	-0.0221588602705794
IMPACT	-0.0222110539842453
MEOX2	-0.0222595135591051
PRKAR1A	-0.022285175802771
C1DP1	-0.0224168054868893
PKIB	-0.0225090211602541
LRPAP1	-0.0225869436517797
ZNF568	-0.0225882361036149
IRAK4	-0.0226927634816829
TSSC4	-0.0230898055986322
ANGPTL4	-0.0230995354993933
CACNA2D3	-0.023182130822497
DRAXIN	-0.0232535805624148
FAM234A	-0.0233103029864766
CRABP2	-0.0233112206675886
FXN	-0.0233724120861798
NDE1	-0.0235870137284619
SAMD15	-0.0237978363148918
SLX4IP	-0.02412631100477
WDR37	-0.0241452994193994
KLRD1	-0.024171931841571
PFAS	-0.024209686050452
PSMB8	-0.0245885601757201
IPO9	-0.0247666414794537
ZNF321P	-0.0247850680599539
NFE2L3	-0.0248861418568126
EMCN	-0.0248868035672135
ARMCX2	-0.024891123213761
B3GALT1	-0.0249691214106014
NRF1	-0.025090606183797
LRP5L	-0.0251464385512804
SERPINC1	-0.0252910706975392
PRICKLE4	-0.0253026872873271
PROM2	-0.0253548185187902
ZNF182	-0.0255354557201745
FNIP2	-0.0256057717933594
LRRTM2	-0.0256136659150173
ANKMY1	-0.0256559524208161
MID2	-0.0257034855539081
NAT10	-0.0257416037488583
DUSP5	-0.0258290596636991
ERICH5	-0.0259699947868545
ZSWIM3	-0.026044242910064
SHROOM4	-0.0263853560593646
ZNF37A	-0.0263928729476887
PTCH2	-0.0264983558373353
TFB1M	-0.0265436912645775
HOXB3	-0.026627092802825
PRSS30P	-0.0266510971873452
CSGALNACT1	-0.026686582479753
SNX5	-0.0268181243581555
KRBOX4	-0.0268231659558543
FMC1-LUC7L2	-0.0269796488702188
GADD45A	-0.0271219007018873
TSC22D3	-0.0271516558305682
FLAD1	-0.027232422084031
PTGIR	-0.0274594636424946
SLC35D2	-0.0276431991624647
RWDD2A	-0.0276988324591653
GRIK4	-0.0279378997040959
THAP5	-0.028036608421139
CPED1	-0.0281771971463938
PROCA1	-0.028202398641956
ZFP91	-0.028249500575569
PMVK	-0.0283507113854662
GMEB1	-0.0283659512451341
KCNH3	-0.0284419483157811
LZTR1	-0.0284873804960044
ZMAT4	-0.0284986338302334
PDLIM3	-0.0285721017261188
TPI1P2	-0.0286028883219162
MFSD11	-0.0288925886556258
HMGA2	-0.0292147938164879
NT5C3B	-0.0292562102154672
LSMEM1	-0.0294179686490566
AGPS	-0.0294932038657415
TEX21P	-0.0296004735826289
SGCG	-0.0296374216127091
TRADD	-0.0296967228206467
RPS10P7	-0.0300458210080359
TGM2	-0.0301273790713638
IKZF5	-0.0302091253498023
ZNF567	-0.0302332258902396
POTEKP	-0.0303877212400052
GUF1	-0.0304284668892518
KCNC3	-0.0304332582335141
SRGAP2D	-0.0306256726205213
DTD2	-0.0306640580163954
SLC7A6OS	-0.0306773636847765
ZNF343	-0.0306780939098263
ANKRD31	-0.0307167935971983
KCND1	-0.0308688788394918
MRPL33	-0.0309470683780547
ROMO1	-0.0312114563778704
GAMT	-0.0314275100766061
EGF	-0.0315139499173268
FAM98B	-0.0317230083540458
ADD1	-0.031802228088484
INTS5	-0.0318199035947601
UBALD2	-0.0318752321392693
MTMR4	-0.0318826807698426
ICE2	-0.0318868669979902
DNAJC25-GNG10	-0.031916274844447
USP8	-0.032155317250405
API5	-0.0321639287025336
GNB3	-0.0321991353654425
DNAAF19	-0.032242112764983
SYT16	-0.0325376136230626
SPIN3	-0.0326610872807857
DDN	-0.0327363575456162
PCDH9	-0.0327765424237208
SFXN3	-0.0328470657660433
EDRF1	-0.0329075060374716
CYP3A5	-0.0329434498169446
OTUD4	-0.0330019702336286
SLC35B3	-0.033019147440036
SKIC8	-0.0330492401642816
RASA4B	-0.0331190188641214
ASGR1	-0.0332609873194999
HIBCH	-0.0333531807031318
CRH	-0.0336726148690299
MCMDC2	-0.0337182798453067
VPS53	-0.0340628262869794
TM7SF3	-0.0340941566941041
NEDD9	-0.034100105995268
ZNF519	-0.0341033260637292
CIDEB	-0.0341211785846814
EIF2B4	-0.0341438908646275
TAF4	-0.0342096162175572
CDC42BPG	-0.0343258195318665
PRG4	-0.0343745023287457
IREB2	-0.0344321013905637
RRP8	-0.0346076357373269
KL	-0.034676987214595
CNPY2	-0.0349057857236339
SSBP1	-0.0349559865001192
GRIN3B	-0.0349720925364928
BMERB1	-0.035065215801173
KLF7	-0.0351726944826229
FIZ1	-0.035178813261824
PCDHGA8	-0.0352667778686218
ACTBP2	-0.0352921836807632
LTBP4	-0.035470536707851
PLCD4	-0.0355544080367184
GK	-0.0356186555104714
FASTKD3	-0.0357370467584622
ITSN1	-0.0358042003333634
ZNF653	-0.035829002258663
PNRC2	-0.0358411743466786
ZBTB17	-0.0360715697516716
CDK18	-0.0362534071368027
NKD1	-0.0363328149578065
CYP27B1	-0.0366568620194039
ATXN1L	-0.0366702705884517
FKBP7	-0.0368644353048262
TBC1D12	-0.0368884445495187
H2AC8	-0.0369493852350022
NRL	-0.0369869607334292
PER3	-0.0370082074819106
SEMA4B	-0.037228295046847
ZNF93	-0.0377207569520764
NUAK1	-0.037729398759393
SS18L1	-0.037756404193534
PGAM1P8	-0.0377951710614081
CES2	-0.0378548151319779
PLD5	-0.0379580446181893
ZNF195	-0.0380918164333494
NPIPB4	-0.0382382090698807
DUSP12	-0.0383651490501284
HUNK	-0.038495040145846
PCDHGA6	-0.0385253483608636
CPD	-0.038652333569089
RPSAP9	-0.0386678403581575
ATIC	-0.0387015574326281
SPCS2P4	-0.0387202522162706
LBHD1	-0.0389280744949816
CATSPER3	-0.0389291389004612
ZNF474	-0.0389349099543828
NCKAP1	-0.0389487082301609
COL8A2	-0.0389757714195201
CUL1	-0.0391020602791772
MIB1	-0.0391543406472865
METTL5	-0.0391684690994715
SFR1	-0.0392155251280249
ZNF860	-0.0392516998848754
GPR160	-0.0392666436513403
SEPTIN7	-0.0393440164018822
IL17RA	-0.0393484854001577
ZBTB6	-0.0394397789198132
NCOR2	-0.0394576827848083
HOXC6	-0.0394846722371665
DTX2	-0.0396423604800221
ZNF274	-0.039791063376863
WDR45	-0.0400711643421045
PLPPR4	-0.0405689517937642
AFTPH	-0.0407833139847332
JADE3	-0.04085080437501
ERV3-1	-0.0410844991654519
PPOX	-0.0411080957713758
M1AP	-0.0411197575534732
AGAP6	-0.0412781798942823
ADPGK	-0.0416229655504838
MTO1	-0.0417802241203989
THOC1	-0.0418000217110037
FAM133A	-0.0418736784712005
RBM38	-0.0419882400890934
ARNT2	-0.0420372046972528
NUDT2	-0.0420561288368935
SGPL1	-0.0420964853439216
HSP90AB3P	-0.0423160468742215
NPM1P37	-0.0423657732773371
ZNF433	-0.0423894304342599
DSCC1	-0.0424685897527574
OSBP	-0.0426305640302204
XRCC1	-0.0426749468841637
HSP90AB2P	-0.0426761413224459
SUPV3L1	-0.042698952073193
RAD51C	-0.0428030812032028
ARID3B	-0.0428854414667745
PHF11	-0.0429409530438226
MIER3	-0.0430991294068756
EMC7	-0.0431446205513724
SLC25A42	-0.0432221350336564
RBM27	-0.0433046529218387
H1-9P	-0.0433281776722338
WDR48	-0.0433679387146078
CCDC7	-0.0433712141598528
COX18	-0.0434332597990598
SIM1	-0.0436544787209834
C2CD2	-0.0436627970571741
PCDHGB3	-0.0438819042968674
GCOM1	-0.0438931268488165
BAIAP3	-0.0439181008242341
SEC61A1	-0.0440357697289476
HNRNPM	-0.0441071692358762
HOXB6	-0.0441847635122452
ANGPTL5	-0.0443868940867632
TRIM24	-0.0444640051094203
ILVBL	-0.0444703763227838
TMEM131	-0.0444708205416774
DIAPH2	-0.0445376867831673
ELOF1	-0.0445845499695555
UBQLN4	-0.0447281535403369
RNASEH2C	-0.0448544341002383
MEIOC	-0.0448849023998241
FAM241A	-0.0451586317879329
PRELP	-0.0451890180162267
CICP14	-0.0452163202434176
TAS2R20	-0.0453138664314177
ZNG1B	-0.0453581555329956
RPP40	-0.0454299609649225
UMPS	-0.0457605407834158
ABCF2-H2BK1	-0.0457782869363241
SETD5	-0.0458870672605719
SMN1	-0.0459017214041842
SLC4A7	-0.0459895436125846
KCTD17	-0.0460809826726858
FAM3C	-0.0462282534592698
OPHN1	-0.0464943678686106
IER3	-0.0465649762119687
WASH6P	-0.0465897549733553
TCEA3	-0.0468016870119708
ZNF223	-0.0469022333728629
NDRG4	-0.0469851963811536
SPDYE3	-0.046996315397768
DNAJC17	-0.0471419149424966
ZFP30	-0.0472106072858567
ADARB1	-0.0472301092894929
ZNF418	-0.0473056490062055
STIMATE-MUSTN1	-0.0473890449002881
ATP5MK	-0.0475345854068812
GALNT1	-0.0475926222973648
VAPA	-0.0476116839809659
HMGN1	-0.0476391664497633
CREB1	-0.0476576555726706
RSF1	-0.0478505232010374
RPS6KA3	-0.047869106847994
HDAC11	-0.0479963909078492
IFT88	-0.0480424835935458
RPS26P6	-0.0480921254365292
SEL1L2	-0.0483622508120134
DPYSL3	-0.0485305550559106
ZNF169	-0.0486962453823027
USP18	-0.0487834083238128
HEATR1	-0.0487954287984812
SNRPF	-0.0488495554162112
SLC43A2	-0.0489552465341554
ATAD2B	-0.0490127177298467
IER5L	-0.0491552694999853
HTR7	-0.0491766370218743
FIG4	-0.0492027427470364
LMTK2	-0.0492508534006971
CDKN2C	-0.04949989767881
ZNF202	-0.0495576457033002
DYNLT5	-0.0496425995672816
TUBGCP2	-0.0497009435476748
PHETA2	-0.0498023610531123
ATXN7L1	-0.0498393282585499
TADA1	-0.0498460332226115
NPIPB9	-0.0499882289781751
EDEM3	-0.0500569034316434
MARCO	-0.0501041000939799
NUP133	-0.0502922583840032
PARK7	-0.0503556426633828
CYP20A1	-0.0506608589685248
CEP83	-0.0508366734397906
SHLD2P3	-0.0509332893582603
KMT2E	-0.0511331434602005
CENPBD1P	-0.051219567257062
RNF111	-0.0513029521741533
TAF5	-0.0514040028644588
LDB3	-0.0514840472492713
RPL7AP45	-0.0515589692546272
PRMT9	-0.0516056313827121
SCN5A	-0.0516400922852718
ELOVL3	-0.0516736843622637
EEF1AKMT3	-0.0516788523827189
FAUP4	-0.0519849479075468
HECTD4	-0.0521573740285227
TMUB1	-0.0521994443226436
C22orf15	-0.0522028461652703
RRP1B	-0.0522865543112454
KDELR1	-0.052339733237153
TPTE2P5	-0.0523679956615482
LHX4	-0.0524621465439486
PPA1	-0.0527121754212865
ZNF721	-0.0529971901101178
MFSD1	-0.053097588606758
CNN2	-0.0531909368198266
SPICE1-CFAP44	-0.0533013895413142
ZNF90	-0.0536051950921515
CDH18	-0.0536322027053427
NOXRED1	-0.0538723319537155
CHCHD10	-0.0540181224112535
PSMB7	-0.0541043657604714
AIMP1	-0.0541454426380853
PCDHB6	-0.0541945656032226
CSNK1G2	-0.0542944814159379
HCFC1	-0.054298257394417
GFM1	-0.0543051068009273
SCMH1	-0.0543582097363155
CDC37L1	-0.0544741620490645
ELK1	-0.0546719651324277
FAM136A	-0.0546976511322565
SND1	-0.0548913418448189
PPP4R3B	-0.0550522517534957
SHOX	-0.0553480373556349
PLAC8L1	-0.0555506063573448
PIH1D2	-0.0555730758482566
ARHGEF10	-0.0556432951157595
RNF6	-0.055723475035686
NUPR2P1	-0.0557437647697367
CS	-0.0559304978285848
PTPN11BP	-0.0560877051377492
ZSWIM1	-0.0561149901854293
TMEM18	-0.05621090008897
GPCPD1	-0.0564129852429596
VAMP7	-0.0564382504628009
ATF4	-0.0564897497151264
GUSBP3	-0.0564931313674458
USP7	-0.056526416833952
ITPR3	-0.0565511422564176
PSMB4	-0.0566431580212829
ZNF79	-0.0568051299996786
CRY1	-0.0570246917427093
COPS5	-0.0570836738893124
CLEC1A	-0.0571948342644049
MOSPD3	-0.057217399887598
NAP1L2	-0.0573205051512104
NR3C1	-0.057417132716319
RAP1A	-0.0575353496926892
CAMK2B	-0.0575929176921091
RAP2C	-0.0575955289860948
SLC25A13	-0.0576131802328882
EMX2	-0.0577972669125624
ANKLE1	-0.057857877772316
FBXO45	-0.0579501169930154
MDM4	-0.0580489108269755
FAM151B	-0.0581971071039923
HNRNPA3P6	-0.0582320829448919
PSME3IP1	-0.0583815242577526
ZC3H4	-0.0584623354381376
SPATC1L	-0.0585561395540763
TINCR	-0.0586229693633191
OSTM1	-0.058705800233585
TGS1	-0.0587491128516147
TADA2B	-0.0587491831997542
MSH2	-0.0588859966657322
UPK3BL1	-0.0589358832644515
HOXC8	-0.0589403726279087
COL4A5	-0.0595299892342935
ZNF549	-0.0595751250487457
TMSB15A	-0.0595959001335786
SENP1	-0.0596152714070635
CCDC138	-0.0596250249633932
PSAT1	-0.0596695383193023
CROCC2	-0.0597928705602017
DUSP5P1	-0.0599915202040986
WDR45B	-0.0600534494519456
CD22	-0.0600745005829012
PGM1	-0.0601317149583226
PIGB	-0.0601336048971894
DARS1	-0.0602255079361898
PPIAP19	-0.0603761316182957
SRP72	-0.0605388847648766
ABHD14A-ACY1	-0.0606161284005729
HYOU1	-0.0607711767866135
ZNF281	-0.060823699192331
CLK3	-0.0608971888275448
PTCHD3P1	-0.0610874483911976
AP4S1	-0.0611352179798905
TFEB	-0.0612228062059465
ARF5	-0.0612363981419933
B4GALT1	-0.0612609153450432
NRBP1	-0.0612652037800529
NT5C3A	-0.0612934719635456
COQ5	-0.0616070820371294
BNIP2	-0.061726888304528
MYO1F	-0.0617405823003101
PLGLB2	-0.0618778726055928
MICA	-0.0621007101521299
CMC4	-0.0621365932024448
FOXO3B	-0.0622145680180186
ILDR2	-0.0623944834519547
TMEM164	-0.0624286232338425
SLC25A1	-0.0624290462737758
SPRN	-0.0625433492317296
FBXW7	-0.0625796309710991
ZFAND2A	-0.0626143842087282
NACAD	-0.0626445578348015
DHX16	-0.0630125416860745
RTN2	-0.0630189826461105
MAPK9	-0.0631500908233222
SCIN	-0.063209371855869
ELOB	-0.0632754652402277
CBX8	-0.0633198617136299
EXOC2	-0.0634744647100112
GNAS	-0.0635074536119158
RCN3	-0.0635129992756603
PHRF1	-0.0635881660901255
RNF207	-0.0639788612706771
DNAH1	-0.0640243332792081
CSKMT	-0.0640868088216325
SMARCA1	-0.0642227826319631
COL18A1	-0.064382791882697
GPX1P1	-0.0644980780393396
ZBTB14	-0.0645873636640278
KCTD15	-0.0647042406403122
CMYA5	-0.0648271760584749
TMEM179B	-0.0648835808830116
TCAF1P1	-0.0648942835372551
SEMA3F	-0.0653269482589872
UBE2F	-0.0655000108518907
EFCAB14	-0.0660397107271373
WHAMM	-0.0661508465649982
SPATA24	-0.0661964187883944
CHSY3	-0.0661986718301464
MRPS28	-0.0662463819649776
TRIM28	-0.066355561506227
B4GALT3	-0.0664481207067222
SLC10A4	-0.0666409103143408
FERMT3	-0.0666557018152767
RAB3A	-0.0667675586061342
DAAM1	-0.0668853750717768
TRPV3	-0.0668965364728925
ADAR	-0.0669235552967812
PHKA1	-0.066994571536992
TNFSF12-TNFSF13	-0.0672346717122975
HLA-F	-0.0673060579487031
SORCS2	-0.0676950810057755
CEP126	-0.0677992094917418
UPK2	-0.0679032895596359
FAM229A	-0.0681473326300631
ATP6V1E2	-0.0681688390016024
NSRP1	-0.0682957128133589
LGR4	-0.0683367431832957
TBX4	-0.0684676745519672
HES4	-0.0687614394771682
GFRA1	-0.0688658312452006
FERRY3	-0.0688732304666122
SRP19	-0.0689604991374925
KRBOX1	-0.0690515165663167
NBAS	-0.0692848249766086
DELEC1	-0.0695976182511241
KBTBD11	-0.0696612039839372
MIEN1	-0.0697844272818338
TMEM45A	-0.0697877198512894
IGSF5	-0.0698958975371649
STAG3	-0.069924465742267
DNAJC11	-0.0699542829005016
AKAP11	-0.0701039579180072
HS3ST3A1	-0.070140419873098
MRPL27	-0.0702589919202898
HIPK1	-0.0703211527946501
RSBN1	-0.0703630261387261
LINC00475	-0.070592261008242
SYS1-DBNDD2	-0.0706026397327372
CATSPER2	-0.0706059694044054
PSMC4	-0.0706818331368128
RNF8	-0.0707698902429393
RNF150	-0.0709953446197712
CSPG4P11	-0.0713446607889321
PRTG	-0.071387317305718
MRPL30	-0.0715512322086646
SFRP1	-0.0717140836803885
QSER1	-0.0717568981765607
SEC61A2	-0.0717610246625949
HGH1	-0.0719963607497601
GPBP1L1	-0.072007180198308
EFHC1	-0.0721889428314497
REEP1	-0.0725770350222124
CCDC90B	-0.072790518536178
NUP214	-0.0728303584056117
NFATC1	-0.0728329626440457
SSU72	-0.0728710237044982
CASP9	-0.0729408965089425
ORAI2	-0.0730651430502743
ZNF547	-0.0731512029996565
TBC1D9	-0.0731589574061945
NREP	-0.0732396598345479
PLB1	-0.0733246695177468
GLO1	-0.073325300563812
DERL2	-0.0735445199348837
TMEM191C	-0.0737293869964359
ZNF282	-0.0737664635333762
ZNF256	-0.0737815891213222
ZNF26	-0.0737850367644414
SLC9A6	-0.0739075626225006
ASB2	-0.073915108875535
CYB561D2	-0.0739573269813225
VEGFA	-0.0739652551641391
PUM1	-0.0739825177024528
PEX3	-0.0740613362843657
ZNF252P	-0.0740820754116004
NXF1	-0.0743003593410583
TRIM61	-0.0743956094660595
SNAI2	-0.0744622000996737
RHEB	-0.0747067345558417
GAPDHP38	-0.0748835078045647
DR1	-0.0750716462391775
ZNF597	-0.0750999204070621
TMEM223	-0.0751691085074705
LAMC2	-0.0754402440402274
WASH4P	-0.0757858953164122
TNFRSF13C	-0.0759395776228266
ZSCAN12P1	-0.0762002704694391
RPS26P47	-0.0762125797223177
HAGH	-0.0762354593567205
NSUN5	-0.0763291066245769
STK40	-0.0765386037233643
NEDD4L	-0.0769628050098024
MBD3	-0.0770728329711934
ASB9	-0.0776819616767305
CEP120	-0.0778582640072181
ERI1	-0.0779210722499017
ERRFI1	-0.0781629759082186
PPP3CA	-0.0782970213304115
ZFR	-0.0783042847597734
TTLL5	-0.0783138472139625
TMED5	-0.0783291107474026
USP40	-0.0783943116811944
PDCD4	-0.0785587760981733
KHK	-0.0785857703221226
UTP6	-0.0786301755395193
CUL3	-0.0786473910146433
ZNF692	-0.078706657797331
NBPF20	-0.0790966651794022
ZFPM2	-0.0792468906345511
FBXO7	-0.0793492750572558
MXRA8	-0.0793777592817938
EIF2S2P4	-0.0795154346816531
ASNSP1	-0.079552779884895
STAU1	-0.079829835791033
SLIT2	-0.0799977993265924
TMPRSS5	-0.0800845563469212
NDUFS4	-0.0801606852043255
KLF13	-0.0801754219533374
CDR2	-0.0801998854499722
NAF1	-0.0802319161969068
ZNF324B	-0.080301068551316
EXOC6	-0.0804170227576451
BLOC1S3	-0.0804941586444194
ARFIP2	-0.0804971943472765
ATP6V0B	-0.0808027646110316
TLNRD1	-0.0808360947924297
C11orf52	-0.0811529980393332
E2F4	-0.0811552614651229
CCDC80	-0.0811939078857273
DDX39B	-0.081249876027165
USP32P3	-0.0813639954622387
C18orf21	-0.0813704246854731
FBXO48	-0.0814853299679333
NKPD1	-0.081533883640177
TOX	-0.0818122642623297
ZNF273	-0.0820278376808567
C14orf132	-0.0821855518486767
ZFY	-0.0823480773892286
DCP2	-0.0824901838893411
MRPL42	-0.0825016387045441
H3C8	-0.0826124966786317
PCNP	-0.0826329117817691
SAP18	-0.0826337378882163
PDK2	-0.0827416858279632
TOR1AIP2	-0.0827953334708814
TRPV2	-0.082817668530925
RTKN2	-0.0828758978734567
ZNF66	-0.0830144129009217
TRIM26	-0.0830519524238054
MAP3K9	-0.0831808331897894
NFKBIL1	-0.0832954778554949
RFT1	-0.0833005619893816
HOXC4	-0.0836049222743923
TBX3	-0.0836135656212553
TEX12	-0.0836796188948138
MPC1	-0.0837171408215773
C2orf66	-0.0837213850419889
TIMM10	-0.0839351399000373
H2AC6	-0.0839406919430433
H4C11	-0.0839976514315666
BAHD1	-0.0840301012694605
TAF10	-0.0842796893078882
KMT5C	-0.0843114000072721
ZNF491	-0.0843898702589578
USP9X	-0.0847062448139375
ACOT2	-0.0848554533547628
ZNF622	-0.0849150362619828
AP2A1	-0.0850719790420562
EPC1	-0.0851528533685816
FBP1	-0.0851739775960486
CTNNB1	-0.085224437629096
PLEKHA3	-0.0855639179158114
PEX26	-0.0856951906929704
NALF1	-0.0857617813169786
FAM90A1	-0.0858122353987389
REXO2	-0.0858342517528822
C17orf67	-0.0859770407297158
LOXL3	-0.0861255436658964
PRELID2	-0.0863977726184233
FSAF1	-0.0864239507984049
IP6K1	-0.086525007980944
PUM2	-0.0865918190606689
POLR2G	-0.0869427030436998
SSBP4	-0.0869473875069054
STX5	-0.0870377157564436
MRPS10	-0.0870528624078753
PHACTR3	-0.087204681909379
MAB21L1	-0.0873009380798527
TMEM54	-0.0873693835435905
SMC3	-0.0873948589043676
ERGIC2	-0.0874167435809143
OCLN	-0.0875084546278688
OR7E156P	-0.0875590495899779
HTD2	-0.0879110718486239
PTGER3	-0.0882391066166519
SLC26A4	-0.0882407274064284
TIMMDC1	-0.0882908270478291
MT1M	-0.0883665557611521
YJU2B	-0.088473428140994
POLA1	-0.0887473149310093
PCDH18	-0.0887813744834702
P3H3	-0.0888688888202841
HMCES	-0.0889123837528903
TBC1D3B	-0.089062507744003
COQ7	-0.0890925892517712
NTNG1	-0.0892653942898122
GRIK5	-0.089448738035976
SMIM38	-0.0894581026610559
CRYZL1	-0.0894819472820336
UBE2D2	-0.0894867304652896
TOMM40L	-0.0895151558748734
PDXDC2P	-0.0895310110725169
CHCHD4	-0.0895907901577331
ZBED4	-0.0897173744782385
CCDC157	-0.0897442117735216
DDX19B	-0.0903680879725917
NUP160	-0.0903958000361149
ANKAR	-0.0904718982452566
SPTY2D1	-0.0905689791441829
PTGER1	-0.0905783805154516
SDK2	-0.0906626280508203
ARL8A	-0.0906734693285605
WDFY4	-0.0906891550241207
LLPH	-0.0907551853113487
ANKRD29	-0.0907621305853638
COG7	-0.0908314192425975
SUPT4H1	-0.0909265378983654
MGAT5B	-0.0910712575275883
RNF40	-0.0912085957856864
REC8	-0.0913378194392698
ANKFN1	-0.0913440780257119
RAB23	-0.0916972650412594
HAPLN1	-0.0917114757719213
WASH2P	-0.0922580687312313
SORD	-0.0924867330660279
METTL26	-0.0924913912127769
QDPR	-0.0926411895577165
NDUFB11	-0.0926578199235632
MYNN	-0.092718201002109
SSRP1	-0.0927583760443128
WDR90	-0.0928702553699376
CSMD1	-0.0929018847558136
INPP5J	-0.0931129766624421
RNF31	-0.0931915677486197
TCIRG1	-0.0931943168481173
NPEPL1	-0.0934410786480774
ZNF764	-0.0935230135870425
HOXB5	-0.0935759031912696
ARHGEF37	-0.0938464104836315
RCN2	-0.0938645700937947
RNPEPL1	-0.0940537490923468
HDHD2	-0.0944835937256624
SUSD5	-0.0947105180115537
SMARCE1	-0.0947284498380392
FBXL13	-0.0947703657361557
TPRKB	-0.0947980601441212
GMDS	-0.0948635155926464
PPIH	-0.0949341312908547
DXO	-0.0949894275629673
BEND6	-0.0951004232403398
KLHL33	-0.0951402873622397
RNF14	-0.0952027583289457
GRTP1	-0.0952854826277404
DAGLA	-0.0953451075093783
KARS1	-0.0956510563848669
C7orf25	-0.0956933677799283
CAMK2N2	-0.0956940186985695
STRN4	-0.0957405456647926
MED13L	-0.0957751821449383
TRIM32	-0.0961108840597313
TMEM59	-0.0961614272454571
CLHC1	-0.0962694038624822
KCNJ8	-0.0963441295107593
ZNF217	-0.0963819637291038
CEP131	-0.0964084160634875
HNRNPUL1	-0.0964457982176862
AP4B1	-0.0968504589267912
GYG2	-0.0971830597950484
GTF2IP4	-0.0972728326542476
WTAPP1	-0.0973037693205093
ZDHHC11	-0.0973200283990135
CAPN10	-0.0974476063506804
SALL1	-0.0974805539619728
TXLNA	-0.0977294173806092
ACTG1P20	-0.0977572284183954
FNBP1	-0.0980234575592129
HDAC5	-0.0982167014641392
SEC16A	-0.0983544036015082
FBXO21	-0.0983884751003303
LZTS2	-0.0985146569195767
MRPL21	-0.0986342081667102
FNBP1P1	-0.0986865038552235
FGD4	-0.0988089704486567
ZNF341	-0.0989419305796518
FRS3	-0.0990027097069273
ARHGEF10L	-0.0990709538275571
MFAP1	-0.0991249224645878
ORMDL3	-0.0992530392273314
TRAPPC12	-0.0992874392644095
MAGED4	-0.0994650064737652
OSGEP	-0.0996772677982339
SCLT1	-0.0997881923168299
SPIN1	-0.0999581390876408
STAG3L4	-0.100006628707986
ZFC3H1	-0.100058719491903
FAM174A	-0.100208300964489
USP2	-0.100313116628999
NABP2	-0.100343638685446
TPH1	-0.100456508367307
ZNF765	-0.100512845206457
ZKSCAN8P1	-0.100568422433176
TRIM58	-0.100716551499229
USP20	-0.100895701734799
ABHD16B	-0.101293627444586
NPAT	-0.101350354936453
ACCS	-0.101381309192524
PRELID3A	-0.101394940976301
PRPS2	-0.101663032578521
CPA4	-0.101701449237491
GZF1	-0.102021732452921
ZNF432	-0.102036291160351
PARG	-0.102075544174914
HNRNPA1P16	-0.102171327822256
ZNF429	-0.102186947060826
PSMG4	-0.102193818264978
ZNF17	-0.10247028755063
SPACDR	-0.102746314011952
GABARAPL1	-0.102772368598789
SLC36A1	-0.102971705567602
COX10	-0.103169739483206
AJAP1	-0.103601784810228
BAZ1A	-0.103619721990698
CAMTA1	-0.103693798899005
ZNF92	-0.103775282379503
GBA1LP	-0.103830309123219
SBF1	-0.104256692982335
IRF2BP1	-0.104278559442535
WNT3	-0.104284909350066
NMNAT2	-0.104381763662646
TMX4	-0.104391940623575
SLIRP	-0.104459740290805
HSPA12A	-0.104861703669009
DUOXA1	-0.104911742959002
NOL9	-0.104981432914119
SPATA1	-0.105016677354201
P2RX6	-0.105119076952897
OAZ3	-0.105158406195583
KDM4D	-0.105178103268831
APEH	-0.105339505435977
B4GALNT4	-0.105444645608628
KCTD1	-0.105586359212953
ZNF410	-0.105676224966487
CHMP2A	-0.10571968833237
PSMG3	-0.10577599441789
DDX23	-0.106037822079723
SORBS2	-0.106107089708935
DNAJB13	-0.106117882347077
MKRN2	-0.106248447236255
ZNF461	-0.106647550823378
MRPL48	-0.106648169992505
RBP4	-0.106673714536752
WDTC1	-0.10672908553675
ACP7	-0.106869897097326
VMP1	-0.10697511156762
CCDC71	-0.107098806592281
PSMA1	-0.107201459159465
TUT1	-0.10729771243847
DLGAP1	-0.107500387833132
PKDCC	-0.107639684726439
DCAF17	-0.108119444419488
RRN3P1	-0.10819093138741
NHLRC1	-0.108210237836579
HCN1	-0.108688441024692
TLDC2	-0.108770657672885
C9orf152	-0.109097259253831
LIPE	-0.109197202602626
BRAF	-0.109224894213188
ARFGAP2	-0.109307680840626
TSHZ1	-0.109525272699268
MYG1	-0.10965400207404
GSTT2B	-0.109725929756351
MT-CO3	-0.109858261293511
PPRC1	-0.110144925629271
PPP6C	-0.110311632280239
ZNF551	-0.11031637106533
PAX3	-0.110372033814006
POLB	-0.110506790835456
SIL1	-0.11064809931589
BRSK1	-0.110692252149288
PPP4R4	-0.110800892097271
GTF2I	-0.110815882451356
RYR2	-0.11105070602206
NOS1AP	-0.111075956031741
TWF1	-0.11125412478008
LUZP2	-0.111342088441688
ZBTB5	-0.111351207104767
CCDC13	-0.111419848908629
RBM23	-0.111453828147999
TSR2	-0.111607805725851
ARFGEF2	-0.111706103121033
SARNP	-0.1118823733251
NPTXR	-0.111885825142329
HAUS1	-0.111923552567114
SOWAHB	-0.112161927310019
DNAH12	-0.112263921941213
DORIP1	-0.112307693194788
HLA-C	-0.112380708444823
NUP42	-0.112445483680152
GTF2IP13	-0.112646060769022
RSPH4A	-0.112721851121327
TCF21	-0.11272618263941
HIKESHI	-0.112750508685695
SLC25A21	-0.112760253684769
DOK1	-0.112970679197522
ABTB1	-0.113410621440045
TSEN2	-0.113768636108408
FGFR2	-0.113850404772121
LENG1	-0.11386190522532
MRPL14	-0.113870339187942
CLN6	-0.113956606713553
IFT70A	-0.114146279226926
MAP7D2	-0.114149982884612
TADA2A	-0.11418902246607
NDUFA8	-0.114211532981657
ABI3BP	-0.114237651883134
CD320	-0.114308478900211
SSR2	-0.11437404851442
SMARCAD1	-0.114375582206872
GTF2IP20	-0.114405788828804
C1GALT1	-0.114458272758414
SUMO1	-0.114504329033694
PSMD11	-0.11461583006472
CASTOR3P	-0.114728813589708
ADAM20P1	-0.114740501539977
PHAF1	-0.114763701706792
NDUFB3	-0.114897775521761
ZNF101	-0.115057940367163
SLCO4A1	-0.115102332126921
HDAC2	-0.115234719643787
POC5	-0.115310125161145
ATG5	-0.115333229034966
WNT7B	-0.115537709444453
MSS51	-0.115696137080275
SLC25A44	-0.115834169577936
FAM185BP	-0.115929499408965
BNC1	-0.115979204100204
SLITRK1	-0.116036375397603
PMS2CL	-0.116191752075997
C4orf33	-0.116488832363801
IFFO1	-0.11648981405026
MAPK11	-0.116559526893015
PERM1	-0.116669401105075
KCNE5	-0.116921142450146
JADE2	-0.116926706365901
PIH1D1	-0.116987105678967
TRIM23	-0.116988351876114
UFSP1	-0.117089749075139
GABRR2	-0.117120656164098
STRADA	-0.117154854827009
ZNF137P	-0.11724570999646
MBD2	-0.117267271672371
INTU	-0.117446630568203
IARS2	-0.117726423286115
ELFN1	-0.117960865709568
ZNF76	-0.118018860191096
NBPF26	-0.118100942530884
TMEM123	-0.118122105438112
MRPS35	-0.118201632637136
SH2B1	-0.118326401174044
PRRC2A	-0.118334665931709
TCEANC2	-0.118609100883966
HMGB1P31	-0.118665639962318
MIER2	-0.118713710589159
PSG1	-0.118773560877951
TMEM120B	-0.118931196968943
NRADDP	-0.119005311547304
UEVLD	-0.119132578441835
OAT	-0.119153836929254
GYPE	-0.119260625308612
PHLDA1	-0.119319345027851
PFKFB4	-0.119456547610545
H2AC11	-0.119489871565269
SLFN13	-0.119537372577951
CDAN1	-0.119793524231857
MIDEAS	-0.119919326232257
PNKP	-0.119921120042151
LEMD3	-0.120051576926923
WDR3	-0.12006276733017
RALY	-0.120083408929112
UBXN6	-0.120215688065894
CDCP1	-0.120471698738452
SLC45A3	-0.120528981957217
YOD1	-0.12092544434073
SLC36A4	-0.121026982110448
SRRM2	-0.121038877490971
CTBP2	-0.12104379110858
HIRIP3	-0.121085590466889
PRTFDC1	-0.121145851118811
SMIM15	-0.121439255827869
NAGA	-0.121503488235492
UBA3	-0.121652664896001
CTRL	-0.121796248818205
SIGLEC15	-0.121888030953412
HSPA1A	-0.122099146549258
ABHD5	-0.12221656030794
PPIB	-0.122250654114467
CTF1	-0.122296706660179
HPD	-0.122336450595444
MBLAC2	-0.122397712166664
FPR1	-0.122501209880681
MPHOSPH10P2	-0.122587360725654
DNAJC15	-0.122590286451276
PARP12	-0.122684678614452
MTRF1	-0.122703989782515
PEX13	-0.122813435301833
CEP295NL	-0.122995388686562
HMGB1P3	-0.123102176633886
CYBA	-0.123165770560593
ARPP19	-0.123185022421747
GRP	-0.123265026956271
MEF2D	-0.12336310589769
ATF2	-0.123365351933151
PXMP2	-0.123403965795438
H2AZ2	-0.123417996747082
METTL6	-0.123489976623512
TOX2	-0.12355853747039
RALGAPA1	-0.123586910658359
UBE2J2	-0.123777400431718
FBXL15	-0.123889487621676
PPP1R2	-0.124147825582222
CARM1P1	-0.124150737477119
PPP1R11	-0.124192726206523
PKN2	-0.124318839252471
EHBP1	-0.124514137175123
PCSK2	-0.124830530273827
C8orf88	-0.124901723920556
VIPAS39	-0.124938056553187
FLOT1	-0.12494052546209
FRG1EP	-0.124963445932339
HSDL2	-0.124999094804997
MSX1	-0.125014180635002
RHOG2P	-0.125209492529066
PARL	-0.12521354494553
NPTX2	-0.125221126502838
SMC4	-0.125331602253643
PABIR3	-0.125530981873529
LRRC70	-0.125642384099156
ZNF502	-0.126612727249346
RPL17P47	-0.126629526802639
GAN	-0.12663542229217
LINC00933	-0.12667282147033
LSM11	-0.126699805416106
CSDC2	-0.126929325321582
TAF9B	-0.126968608753416
ARID1A	-0.127047279698076
GBX2	-0.127091612973154
RNF216	-0.127128330742705
PSMA7	-0.127295986434855
TRABD2A	-0.127605770617833
NINJ1	-0.127629435569125
TTF1	-0.128017821433631
NSG2	-0.128060928963271
DMD	-0.128136193673076
RNF19A	-0.128215538984675
KCNA7	-0.128296844889383
RANBP17	-0.128335202375929
RUNX3	-0.128482355660258
KNDC1	-0.12853688156354
ZNF211	-0.128711133159397
POLD3	-0.128717409196167
SLC9A5	-0.129054874070599
SHC4	-0.129338059793742
SMG1P3	-0.12941391138571
PPP1CB	-0.129500959767049
IKBKGP1	-0.129566465218768
BCORL1	-0.129589069142538
MLLT10	-0.129667122160415
TCAF1	-0.129667569434753
RNF123	-0.12978118496938
DCTD	-0.129787399550037
PDE6G	-0.130156989757237
C7orf57	-0.130214004697286
P2RX5-TAX1BP3	-0.130356689699309
METTL15	-0.13041895201244
MSH3	-0.130628766906525
HLA-B	-0.130784546546174
FBXO24	-0.130827504487571
FARP2	-0.130902056854541
CCDC68	-0.131133449209141
VTN	-0.131231615773521
UTP25	-0.131232232541249
GPATCH11	-0.131237547649816
TESK1	-0.131292158669583
PSMA2	-0.13146138788937
TRAPPC13	-0.131804533809007
MASP1	-0.131899001760076
NIPAL1	-0.131969605524353
AHR	-0.132067942060331
TMEM109	-0.13210870660996
PRDM10	-0.132183921565104
RBBP8	-0.132381546987999
SLC19A1	-0.132456540097914
ALKBH8	-0.132465105798202
MTG2	-0.132694496110789
ZNF525	-0.132723346405182
AHSA2P	-0.13292888170185
C2orf74	-0.132987067275022
TRIM35	-0.133085284032002
NELFB	-0.133326296613309
SUFU	-0.133394016734712
H4C9	-0.133436757223463
TRIM56	-0.13344651920324
BEND3	-0.133478047427793
TONSL	-0.133645028705626
PLAA	-0.133725726672492
HSPA8	-0.13388281456963
S1PR5	-0.133941880694101
RTN1	-0.134092057486124
TMEM44	-0.134124282684743
RUNDC3A	-0.134538446529637
H4C8	-0.134562561970303
SNX7	-0.134683240732834
STMN3	-0.134724966062962
CHCHD6	-0.134852386857786
RBM7	-0.135379632701642
TFR2	-0.135552473058855
SKIC3	-0.135680079290204
CTCF	-0.135756806570025
SBSPON	-0.135900170020985
C11orf87	-0.135962157889923
GBA2	-0.135978777628775
MICOS10	-0.136042991107893
ARMC12	-0.136222927574821
METTL4	-0.136324647676689
TSPAN10	-0.136487867211135
PSMB5	-0.136592836960624
ZNF574	-0.136672525246341
LYAR	-0.136700821996213
OGFOD2	-0.136795755214435
RPA1	-0.136820961807441
ETFRF1	-0.136883854174499
KRTCAP3	-0.137335782959702
RPS6KA2	-0.137439879092054
C19orf73	-0.13744503301279
HLA-A	-0.137575580201791
IL3RA	-0.137617147778956
HSPD1P11	-0.137756283724926
AAMDC	-0.138064096432772
UPF1	-0.138188846631811
DCP1B	-0.13828823941187
L2HGDH	-0.138480666987467
TGDS	-0.138530835610175
GOLGA8G	-0.138532334856317
STK4	-0.138640113673845
CLDN1	-0.138665580375891
NDUFA4	-0.138834038371327
CCDC12	-0.138865398205444
MEPCE	-0.138887505622817
RARG	-0.138959103137678
ZC3H12D	-0.139123503716997
ITGB8	-0.139243764737685
PPIEL	-0.139284963225418
ARFGEF1	-0.139429736764062
ANKRD27	-0.13967846377366
G3BP1	-0.139687455137995
NIP7	-0.139753039822518
MED13	-0.139858196047325
KCNS1	-0.140018421817617
MRE11	-0.140121955056003
OST4	-0.140127970327446
ALG3	-0.140147256459796
NETO2	-0.140411525044669
VEZT	-0.140594089571105
DUS4L	-0.140775822981193
PPWD1	-0.140874639310258
CD163L1	-0.141158851174419
VMA21	-0.141165395315905
PGM2L1	-0.141216330234507
OPA1	-0.141259695882478
TMEM71	-0.141296411876623
PTGR3	-0.14132575229105
SCNM1	-0.14165971249523
AIMP2	-0.141690722369406
IL18	-0.141759849875267
IGLV5-52	-0.141783236120988
ATF7IP2	-0.141923439216551
GTF3A	-0.142097687959425
UCP3	-0.142158501198178
NICOL1	-0.142170147774184
ABLIM1	-0.142493787077288
FBXO32	-0.142493917327796
B3GNT2	-0.142674342021297
FBXO22	-0.142856923670015
NEK3	-0.143045672786788
FGF22	-0.143210223547866
CCDC140	-0.143214406847775
PMS2P9	-0.143239848526949
WDR46	-0.143260505837632
FAM86JP	-0.143338357260353
HIPK4	-0.143470230184331
FUOM	-0.143494724486049
FOXK1	-0.143511596080777
CPNE2	-0.143975991880582
BTD	-0.143976988476584
SKI	-0.144122736860643
TATDN2	-0.144161570551577
H2BC19P	-0.144260949624994
SIK3	-0.144322505483699
THOC7	-0.144406090758711
NDUFAF7	-0.144444918845383
KALRN	-0.144694169261274
SIN3A	-0.144824581585563
SEZ6L	-0.144840113618254
USP24	-0.144865932992709
SPATA6L	-0.144970912598312
SNAPIN	-0.145011124320285
ZSWIM5	-0.145295957043339
CTSC	-0.145305775245801
TOM1L1	-0.145391763426177
PCDHGB8P	-0.145440982705252
SENP3-EIF4A1	-0.145655909336875
ACTG2	-0.145714443129893
IFIT5	-0.145793725670671
KCNMB3	-0.145814179499238
HOXB8	-0.145925482729537
XNDC1N	-0.146066248376223
TRUB2	-0.146100716217128
ARHGEF40	-0.146424742283139
LRTOMT	-0.146541220942804
PBX2	-0.146770595643245
DDX18	-0.146782805016489
ABCC10	-0.146837401586344
ZNF470	-0.146867640974506
ZNF226	-0.146972112452958
H2BC9	-0.147037831342605
MARCHF6	-0.147340081830773
PTPN18	-0.147523100599105
IBA57	-0.147746711341391
PLEKHJ1	-0.148146684141429
AGPAT1	-0.148289922622702
PPIC	-0.148297529922542
COLQ	-0.148539076363144
BZW1P2	-0.14857117674002
ZMIZ2	-0.148653381938035
PACS1	-0.148672690606089
RPL21P118	-0.148848153916477
FHIP2B	-0.14896693028889
MYBBP1A	-0.149001386187019
CCDC167	-0.149012479201763
F3	-0.149030723157926
MSH6	-0.149096521051773
FASTKD2	-0.149354020643234
ZC3H13	-0.149458014100967
LEMD2	-0.149551844940156
PRR14L	-0.149622512487462
MAPK6	-0.14980562244116
CCDC89	-0.149809833700524
NAIPP4	-0.149812023152504
TMEM88	-0.149829952662599
ZNF511	-0.149901143831147
ZNF687	-0.150036392090569
KRTAP1-1	-0.150040288228106
ZNF23	-0.150294403689503
GNB5	-0.150332538734729
EIF4A1P10	-0.150684478606124
PIGW	-0.150925678551357
GJA3	-0.150949373800003
SPDYA	-0.15095444055234
NANOS3	-0.151092772791525
CATSPER2P1	-0.151137056783433
DNAJC16	-0.151220347403421
NAPEPLD	-0.151248116776654
C17orf75	-0.15130225631068
CCDC87	-0.151373094390164
LYSMD4	-0.151448248773502
MRPL53	-0.151628937147673
TANGO6	-0.151709518976095
NADK	-0.151711579140353
SP140L	-0.151817088427507
C10orf55	-0.151880164104757
MICB	-0.152176781667911
LMTK3	-0.152385283067898
SDHAP1	-0.152449415234149
RPL13P8	-0.152605703046228
TREX1	-0.152646852337322
CMTM1	-0.152775501692403
IZUMO4	-0.152809685189241
LGR5	-0.152940158230749
TRMT2B	-0.153110762880132
YWHAB	-0.153281462912061
ZNF133	-0.153300828017038
LGMN	-0.153562019892064
IKZF2	-0.153615587683473
CCDC116	-0.15368277140153
CTXN1	-0.153694714962385
TMEM181	-0.153875940029945
PHACTR4	-0.153910465321668
POM121	-0.154418771930069
NDUFB8	-0.1545006066718
DNMT3B	-0.15455049280048
PPM1N	-0.154679731428685
LRRC51	-0.154856255437658
MYO10	-0.154866361432226
ZNF236	-0.1548664074547
GLI2	-0.154960633777741
KLHDC10	-0.154975813703483
HDAC8	-0.155038052165859
PIGG	-0.155072578688522
DHX8	-0.15507987633362
ANKRD30B	-0.155116174665122
KCNG1	-0.155248117238256
SLCO3A1	-0.155291329734058
ZBTB41	-0.155294566453452
PRDM15	-0.155609331260101
KLHL30	-0.155745692351291
ZBTB49	-0.155778737959247
FAM86EP	-0.155815974232997
NPIPA6	-0.155925605208258
KCTD20	-0.156038902132504
GTF2IP1	-0.156072790329714
EN1	-0.156093076144596
PISD	-0.156107763436879
TMEM132E	-0.156144655835199
MGAT1	-0.156156217824943
FKBP15	-0.156362415616121
XBP1	-0.156376173172358
TUBB2B	-0.156578404489508
STC1	-0.156589822244007
DHX15	-0.156966956277033
MSTN	-0.157035339016936
BAIAP2L2	-0.157137080123252
DND1	-0.157230008209767
SCML2	-0.157337162549115
LRRC41	-0.157483668533944
APBA3	-0.157630351067319
TOMM22	-0.157982885149636
R3HCC1L	-0.158053066014697
KIN	-0.158277407176674
EGLN1	-0.158287878353422
RAB11B	-0.158320409246484
HOXC5	-0.158463817431296
POLR2J4	-0.158476705499157
FAM157B	-0.158494855786042
ZNF189	-0.158714608183371
CUEDC1	-0.158748303695672
VWA7	-0.158797615369922
CMTR1	-0.15887012282587
BLTP1	-0.158954902968394
CEP135	-0.159034470586143
HIKESHIP2	-0.15916862502473
TTPAL	-0.159323460519637
C8orf48	-0.159325786984496
FOXJ2	-0.159326026492306
PIK3C3	-0.159686174318442
PRDX4	-0.159733249791351
CCAR2	-0.159789788628869
CACYBP	-0.160112491483843
ATP5F1D	-0.160267661750571
ARHGEF9	-0.16026893630368
NPIPB6	-0.160326363399731
PDRG1	-0.160510854953505
FKBP3	-0.160516979373678
CASP8	-0.160660478369623
NECAB2	-0.160718035417491
C2orf42	-0.160718948598746
FRMD4B	-0.160910362275436
POMP	-0.160975555299893
SNAPC4	-0.161114960760076
ZNF837	-0.161256143590392
EMC10	-0.161462460877236
MIR1915HG	-0.161508511256062
MOB2	-0.161862142939789
CTH	-0.162056686820625
NAA30	-0.16208436586001
ANKRD37	-0.162117734947708
CAMK2N1	-0.162292096846681
MED1	-0.162376710396312
VCAM1	-0.162738398862388
ADAP2	-0.162890990136096
ZNF708	-0.162995469883244
TAS2R14	-0.163002203956137
ZFYVE27	-0.163025102353421
WIZ	-0.16305628565361
SERP1	-0.163075281515605
TRIM6	-0.163157009992758
SUCLA2	-0.163328094194377
DNAAF9	-0.1633848430335
C22orf46P	-0.163641498852859
MFSD3	-0.163695424224535
ZNF45	-0.164002773362143
ATP1A2	-0.164121788747624
RNF32	-0.164220032987367
MAGI3	-0.164324004553225
STAC2	-0.16450725924865
SCYL3	-0.164591165527244
LRRFIP1P1	-0.164664167418776
CH25H	-0.164714638988543
TMEM201	-0.164835939129356
CEP63	-0.164839749201855
E4F1	-0.165173576189852
RBBP9	-0.165229778725271
SUPT3H	-0.165357617972433
FOXJ3	-0.165555127796969
HERC1	-0.165555998104483
PLA2G4B	-0.165765732701878
WFDC3	-0.165834006723411
APOO	-0.165873373053739
ZNF69	-0.165890504923364
SOCS2	-0.165913393945517
LCA5L	-0.165923614530277
MRPL51	-0.165958208037209
KCNAB3	-0.166041975238338
FAM98C	-0.166115397451083
SNTB2	-0.166184537349318
TMEM134	-0.16624137862799
H2BC15	-0.166275896460268
NR2C2	-0.166313454600945
EFNA4	-0.166389370074829
HYAL3	-0.166586812797981
EFHD1	-0.16673860378108
LFNG	-0.166957749416638
ITFG1	-0.167144111302162
SLC9B2	-0.167280670331357
USP48	-0.16730913785362
TBC1D8B	-0.167330502656594
IPO7	-0.167451794550136
ATRNL1	-0.167708980570264
PRKACB	-0.167732557288114
ZZEF1	-0.167779832492635
RIMBP3	-0.167896601681908
BNIP1	-0.168006261928782
ATP2A1	-0.168287433991135
BTBD19	-0.168377002382892
BEND7	-0.168424678172512
GK5	-0.168454582071395
DEF6	-0.168637731790316
RIMBP3C	-0.16895004271222
FUCA2	-0.169004467586469
MPI	-0.169187926602147
TMCO1	-0.169364071451056
SNRPD3	-0.169608847090492
CCDC148	-0.169712771402795
GNPAT	-0.169727702284309
DNAJB6P1	-0.169788585488944
TIAM1	-0.169833360166922
ADAM12	-0.169963442896417
IPCEF1	-0.170103105067151
PTGER2	-0.170181413493618
SGPP1	-0.170362675225413
PLEKHA8P1	-0.170395202132513
AARS2	-0.170491482372682
TYW5	-0.1705637872282
YME1L1	-0.170754098254509
FAM86FP	-0.170771961470493
DNTTIP2	-0.170819600682274
EBF3	-0.170856035065075
SLC41A1	-0.170907218748001
ADTRP	-0.170959820894375
PLEKHG4B	-0.171033912469791
S100A6	-0.171115639500266
TUT7	-0.171121594176389
TBC1D31	-0.171147115175774
PSMD10	-0.171175950900595
CCT6P3	-0.171298185481453
FCHO1	-0.171324471344042
ZNF224	-0.17134812697939
GPATCH2L	-0.171456799607835
MRFAP1	-0.171501543976061
ANO1	-0.171602806346152
NIPSNAP1	-0.171612187093106
ARTN	-0.171761017013874
CHMP4A	-0.172007065076689
IGSF9	-0.172137444452411
LARP1B	-0.172221756549486
SOWAHD	-0.172287325425091
GPC4	-0.172431841356578
BBS10	-0.172622679884047
ASIC2	-0.172669234693212
ANXA9	-0.172672523297297
NDUFAB1	-0.172869607631507
DALRD3	-0.173022727535869
WBP11	-0.173033430199679
SVIL-AS1	-0.173288472878406
FCF1	-0.173594697276118
GRPEL2	-0.173619394505584
EMC8	-0.173656177396973
RPS6KC1	-0.173850013097113
ZNF776	-0.173853647571371
TLR6	-0.174046588483608
PHKB	-0.174143500980984
GPATCH8	-0.174171894973999
TMEM51	-0.174454550705895
OSBPL10	-0.174478648195207
ZP3	-0.174598070393673
GUSBP13	-0.17469465588978
PDPR	-0.174811443522106
ZC3H11B	-0.174972688892098
FAAP20	-0.175068609554577
RPA2	-0.175096878743763
RHBDF1	-0.175253592385165
TMCO6	-0.175323317002535
HERC2P8	-0.175325818931234
ZNF34	-0.17554030948344
ARMH4	-0.175713912082661
FAM47E	-0.17593102296537
FOXRED1	-0.175954231267668
TOP2B	-0.176079074113051
ING3	-0.176105810041645
PPP1R26	-0.176205836916763
CYP21A1P	-0.176261619234076
CEP70	-0.176292817236986
H2BC12	-0.176309314557598
CHFR	-0.176700806618898
TIRAP	-0.177058034556268
PDCD6IPP2	-0.177130222635621
GTF2B	-0.177273114765103
STRAP	-0.177328565444089
ZNF730	-0.177491229218434
CHRNA10	-0.177538292211737
PYCR2	-0.177639584753942
H4C16	-0.17790695795931
FZD2	-0.178013846483604
MARS2	-0.178046099575425
CDKN1A	-0.178046977424888
ARHGAP39	-0.178078452104847
KIAA1671	-0.178123933385753
MACROH2A2	-0.178138520650246
EIF3J	-0.178234329204924
TRAF6	-0.178251605135132
GGNBP2	-0.178261245768144
EPB41L2	-0.178293648512916
NECTIN2	-0.178309025262336
CCDC28A-AS1	-0.178341692658483
NOTCH2NLA	-0.178368803266865
GOLGA8N	-0.178397993717846
NOMO1	-0.178515859413458
C2CD6	-0.178538450720095
IGFLR1	-0.178566012285746
OCLNP1	-0.178598485206567
PLEKHH3	-0.178599059081215
MRAS	-0.178623465282778
KRTAP4-12	-0.178660301310358
ACY1	-0.178705240777832
ADAMTS4	-0.178715393049933
HABP4	-0.179061291518049
TRIM41	-0.179174199700179
NAGS	-0.179351857004213
IDE	-0.179370278231681
POLRMT	-0.179421962886174
TMEM158	-0.179552839051639
AP3M1	-0.179741506469356
DENND11	-0.179790114555443
TLCD4	-0.179790690786976
WIPF2	-0.179896800065578
THAP6	-0.17992790791385
ADORA1	-0.180484898409818
PCBD2	-0.180524547486167
IER3IP1	-0.180543607296006
HOXD9	-0.180803440853773
MTERF4	-0.181006941879359
MMS19	-0.181130954769642
KIF5A	-0.181240198772504
BRSK2	-0.181549926306412
ACP3	-0.181662877534098
DNAAF4	-0.181972979376174
KAT6B	-0.182104681018956
ST8SIA2	-0.18239813738472
PTPRH	-0.1824590964823
RPL29P19	-0.182467944602945
HDLBP	-0.182547082004279
DHX40P1	-0.182764312298262
ZNF442	-0.182816115066438
ZNF213	-0.182916688364889
CCDC17	-0.18295198187738
MORF4L1P1	-0.182952258778663
TPI1P1	-0.182971465278334
NLGN1	-0.183055367895827
FAM3C2P	-0.183081344099821
VPS9D1	-0.183122053675768
ACD	-0.183398622471435
NT5DC2	-0.183470160935129
TSPAN15	-0.183496613127708
SLC25A40	-0.183514148920496
RPS26P19	-0.183723517744872
CCT8P1	-0.183775576394987
KHDC4	-0.183837740733973
HYKK	-0.184039782141307
CCBE1	-0.184043951648299
ITGA4	-0.18407179527964
RBM41	-0.184191051045102
TMC1	-0.184442537160176
ZNF773	-0.184707852833671
PCGF2	-0.184756226484624
STK33	-0.184836342645143
C3orf80	-0.184963427557301
SRP68	-0.185000728606781
ZC3HC1	-0.185048675101095
USP54	-0.185052771424887
ZNF430	-0.185209630510132
AIG1	-0.185716810946286
ZNF542P	-0.1858155114069
RPS6KA5	-0.185937488637152
MCRIP2	-0.18593950236292
ZBTB45	-0.185953804738932
SERF1B	-0.186244341491003
ACOT4	-0.186297641490382
HOOK2	-0.186388777410954
TNFSF15	-0.186406477354601
KY	-0.186420937925883
N4BP1	-0.186483140421113
TBC1D3C	-0.186508068085327
TMEM259	-0.186701658864361
COL5A2	-0.187242349179325
PTCD3	-0.187286160254546
SLC35F3	-0.187394532531172
TMEM267	-0.18759483120119
ADAMTS2	-0.187654426893149
ARMC8	-0.187965132797022
UBE2Q2P6	-0.187968545961325
IGHMBP2	-0.188127605545651
MAP2K7	-0.188740304356274
SLC25A32	-0.188753244723933
APEX2	-0.188787965987707
SCG2	-0.188808869382711
CTDSP1	-0.188862264876363
MDP1	-0.188863119045765
RABEPK	-0.188900151231816
DOCK9	-0.189119235160043
FRMD3	-0.189129862332291
MRPS18A	-0.189349969834853
PPP1R14C	-0.189373461701993
ENY2	-0.189392964584459
GXYLT1	-0.189423238152381
PCDHB7	-0.189432539883253
ICMT	-0.189437187135403
GCK	-0.189615092398736
ZNF131	-0.189681142426302
STS	-0.1897276255746
ERMN	-0.189857723412793
RRAGA	-0.18994621853746
UBE2W	-0.190065467611412
NPIPA3	-0.190183054581169
C1D	-0.190205880278993
B9D2	-0.190287528784315
PLS1	-0.190315215975916
RASGRP1	-0.190322619971207
UVSSA	-0.190641430034758
PVRIG2P	-0.191058287692275
ZFAND5	-0.192053780897133
IL15	-0.192235915071996
SLC27A3	-0.192261983513399
UBFD1	-0.19236818688093
ATRAID	-0.192369439306037
MTCL3	-0.19237266239932
FAM86B3P	-0.192596979287787
LHPP	-0.192919987930533
NAIPP2	-0.193009727204874
SPOPL	-0.193023717801398
TMEM165	-0.193060929769166
TTC34	-0.193266186169889
BIVM-ERCC5	-0.193349737081332
MAMDC2	-0.193407670210209
TM4SF18	-0.193621719950984
TNFRSF6B	-0.193678762458009
HERC2	-0.193717653579812
DLAT	-0.193731962443908
TRIM33	-0.193987806702137
NDST2	-0.194086809132217
NGFR	-0.1943357581871
NUDC	-0.194375731459906
PMS2P7	-0.194398242480848
AAAS	-0.194451436267267
RBM18	-0.194462410586981
DNAAF8	-0.194515925569808
RAB40B	-0.194522636075101
ERMAP	-0.194546885598595
CUTC	-0.194734221301285
S100A1	-0.194806912580343
MTRFR	-0.19518967279279
COG6	-0.195341066983087
CD24	-0.195351890283926
MCMBP	-0.195468416923413
LRRC34	-0.196027035328394
RCSD1	-0.196102632110911
NMRK1	-0.196194994392091
GCDH	-0.196453463118478
RBMX	-0.196489041116948
RPA3	-0.19651336713566
D2HGDH	-0.196585098301922
JOSD2	-0.196719897471455
PHF1	-0.19690359247344
FOXP3	-0.196999490955678
RBPJ	-0.197066193980191
ZNF850	-0.19711437528512
MACO1	-0.197158158831389
PPIE	-0.197269777590554
CD99P1	-0.197588117952001
TAS2R5	-0.197764960421086
THBD	-0.197784618118469
CEPT1	-0.197903054770751
ARHGAP11B	-0.197916612683923
ZNF516	-0.19794420847176
MARS1	-0.198122460123596
RNF11	-0.198458334409068
PGAM5	-0.198768007946449
BGN	-0.19906159221301
MICOS13	-0.199090892578835
GPATCH2	-0.199265423482096
ZFP69	-0.199704273940286
STRN	-0.199782299053718
PCDHGA2	-0.199844965435992
FBN2	-0.199902388221276
RBBP7	-0.20012033497487
ZNF445	-0.200173669374167
COL4A6	-0.200266648929567
FKBP8	-0.200707979980638
IFI27	-0.200724209294332
TAFA3	-0.200757396348162
EDC3	-0.200776286043231
SEPSECS	-0.201393853722969
TTC13	-0.201589267024834
CFAP97	-0.201644412942942
TTC5	-0.201663461041607
TCF19	-0.201703555007862
CNKSR1	-0.201953351481196
RIF1	-0.201999135491016
ZNF43	-0.202106287866392
FBXW9	-0.202122257231493
ACAN	-0.202134125289489
PLOD3	-0.202221594171342
DDX11	-0.202310037904894
PSG4	-0.202358509477525
TRIM59-IFT80	-0.202614406487312
VASN	-0.202618562874776
MRPL44	-0.202791502044219
GNAZ	-0.2028334999062
ADSS1	-0.202873017649182
CD226	-0.202912775984325
LIN37	-0.202917726605079
ANKEF1	-0.203134475809597
THUMPD1	-0.203168946312636
REEP2	-0.203181704565264
GRIPAP1	-0.203440136851546
CMSS1	-0.203614501824549
TAX1BP3	-0.203623630023088
SORL1	-0.204097901968365
GMNN	-0.204178131160871
DIP2C-AS1	-0.20420329546287
CYP2T1P	-0.20425179275437
NLK	-0.204564914570011
GORAB	-0.204568055911945
RPSAP31	-0.204661319827718
GPR87	-0.204783839083453
GPR63	-0.204853164855202
FASTK	-0.204903553521363
ZNF625-ZNF20	-0.204979375779813
CIAO3	-0.204992288952016
LRRC45	-0.20504899272169
FAF2	-0.205609800789317
EIF3EP1	-0.205673233881065
TGM5	-0.205734374548548
FHOD1	-0.205837051672203
NEFM	-0.20586751033877
SFSWAP	-0.20593628496685
TMPO	-0.206382877423696
THPO	-0.206449786977625
RBM15	-0.206510672910083
RPL7AP76	-0.206825332237074
PEX11B	-0.206865837114681
ZNF611	-0.206977876306591
SFRP4	-0.207042594128805
MRPL16	-0.207058355943272
ZNF614	-0.207198287830245
NCDN	-0.207237693787623
CGB2	-0.207263420031083
TLCD5	-0.207313710406014
ADPRH	-0.207320654116701
TUBAP2	-0.207321401435311
CSNK1A1	-0.2073319190344
CFAP298-TCP10L	-0.20770627180687
RCC1L	-0.207783669723254
MPP7	-0.207932510965996
ALOXE3	-0.208056714478794
TWNK	-0.208229517844033
BIRC3	-0.208240325077273
GOLGA5	-0.208268230808335
NAALADL2	-0.208595372963736
NPIPA9	-0.208772753242887
ZNF37BP	-0.208956700768695
ZNF691	-0.208979704694323
ROS1	-0.209045869616175
PXDNL	-0.209125702735234
CDIN1	-0.209130801838696
ZNF681	-0.209154077768034
ZNF200	-0.209307493885054
HOXB2	-0.209340915971282
FSCN2	-0.2093516963884
DNAJC7	-0.209352665159811
IGFBP5	-0.209361744053781
MUSK	-0.209399858412401
TSPYL2	-0.209424252117553
BID	-0.209594108648346
DSG2	-0.209682666402388
MICAL1	-0.209920307265429
HCN2	-0.210099403417632
TFIP11	-0.210264162253421
GPD2	-0.210422640050411
IARS1	-0.2105073432442
PSMD9	-0.210522822173679
SCYL1	-0.210525960122173
ANKRD33BP1	-0.210536083775641
CDK10	-0.210607325290677
JADE1	-0.210898514169915
TXNDC17	-0.210905450992514
MCUR1	-0.211040886849632
PPT2	-0.211102452167346
SCX	-0.211209480446491
UBE2Q2P1	-0.211235401926042
SNRNP200	-0.211319238652543
BTG3	-0.211427134805631
FBXL9P	-0.211741933134956
TBL3	-0.211832183404828
MCF2L	-0.212005141558874
KRTAP4-9	-0.212133283535823
INIP	-0.212275725941355
RPS15P4	-0.212415422569482
SLC16A9	-0.21243259836903
TUSC1	-0.212559525256911
ARIH2	-0.212588166665313
CENPV	-0.212657188621595
EP400P1	-0.212758622120964
DLST	-0.212868045563236
SEC61B	-0.212870013169695
PRR12	-0.212892609607157
SCAMP3	-0.212912633671553
SMUG1	-0.213020737702563
ZNF414	-0.213094694110943
RTN4R	-0.213338973143423
ARHGEF35	-0.213758946820125
DSCAM	-0.213963850304307
KDM1B	-0.21407757218697
SYVN1	-0.214277841744847
BHMT	-0.214726383285907
SCAND2P	-0.214827777712643
ETAA1	-0.214931015251026
CAPN5	-0.215612783455038
FAM120A	-0.215801681943618
TEF	-0.215957877520573
ASCC2	-0.21601308202354
SAMD3	-0.21603147216445
ELAVL1	-0.216185809328262
DENND6B	-0.216687998795849
FLG	-0.216801209839456
ZNF560	-0.216833647584997
BTG4	-0.216868007873653
ZNG1E	-0.216874152950296
S1PR3	-0.217210257441512
ROPN1L	-0.217471975843891
OGDHL	-0.217480709989155
TSSK3	-0.217526771696773
LCTL	-0.21760721470791
RABL6	-0.217695036534392
GABBR1	-0.217730690812887
FILIP1	-0.217994607790671
SMG1P5	-0.21800562547018
BRD3OS	-0.21803799168643
INSYN2B	-0.218075676066417
KMT5B	-0.218438618345095
LRRC47	-0.218555343841653
DPAGT1	-0.218793447305947
SCO1	-0.218943518163345
WBP1	-0.219147494764388
COX7A2	-0.219192387924102
THSD8	-0.219237566663238
STPG1	-0.219306545885588
SLC25A24	-0.219346583567193
MRPS7	-0.21971567238232
LYPD3	-0.219776154470777
HCN3	-0.219851157924483
TXNDC5	-0.22013919240336
GNG10	-0.220214786941786
ZC3HAV1	-0.22032140859464
DRP2	-0.220353015685971
NOC4L	-0.220391458957955
NUDT16L2P	-0.220393610873524
COPZ1	-0.22039972784919
DNM1P47	-0.220491792700762
SPAG7	-0.220558431097854
NEFH	-0.220627384294044
MEAF6	-0.2208462190932
CCNL1	-0.220857879992496
GPR156	-0.220899554851858
ANKRD54	-0.220902292486064
BCAT2	-0.220952873988258
CHRNA5	-0.221065758556766
PCGF3	-0.221097804336114
ETF1	-0.221120503658606
BRD8	-0.221461304155542
ZNF701	-0.22146567080794
CSNK1G3	-0.221498352217682
SLC25A19	-0.221501835969524
NISCH	-0.221539633324387
MED24	-0.221553864638897
MEI1	-0.221771266784136
SMPD1	-0.22192768500165
FHL1	-0.222026329259076
GPR107	-0.222267250610727
DMAP1	-0.22233798106903
ARL6IP4	-0.222399589514797
ANKFY1	-0.222454046597703
RMI1	-0.222522671990073
ZNF816	-0.22262094767898
RAD9B	-0.22268074893518
RPL21P75	-0.222760994700863
RAB17	-0.222919176320127
CLEC2A	-0.223143176458184
TBL2	-0.223348375359069
SUV39H2	-0.223661056291165
ASMTL	-0.223755924269371
PAX9	-0.224146832351876
EXOC8	-0.224193518035753
FLT1	-0.224217926314478
ITGA1	-0.224394596579095
TTC9	-0.22462498934331
DAD1	-0.224668627486238
HERC2P9	-0.225031244419418
SNAI1	-0.225035422843664
ZHX1-C8orf76	-0.225129993776276
DNASE1	-0.225173849509959
SHARPIN	-0.225238998150373
NBEAL2	-0.225338003707173
WWP1	-0.225375058290091
ATG4B	-0.225469324886646
SF1	-0.225641726782546
LDHC	-0.225736869015737
UBE2Q2	-0.225807745011128
SYNE1	-0.225867095044548
BUD13	-0.225906526551773
CIRBP	-0.22594889288183
MAP6	-0.225951012098938
FNDC10	-0.225975641284757
CROT	-0.226053210509335
ST6GALNAC4	-0.226214250260364
KDM5D	-0.226452966001045
DHFR	-0.226558905313771
KDELR2	-0.226572082286138
ATXN7L3	-0.226601798852989
FAM174C	-0.226697028936149
PARGP1	-0.226938815235244
PSENEN	-0.227023038974582
LY75-CD302	-0.227109034907211
GSTO2	-0.2271367789509
MAMSTR	-0.22734791806187
GALM	-0.227463812240145
ITGA10	-0.227500730145995
WASHC4	-0.227531537976611
ALDH3A1	-0.227643764163577
EPOR	-0.227874968852666
JMJD6	-0.227916921904474
VIRMA	-0.228228543914002
DHFRP1	-0.228479326080789
WAC	-0.2284976628758
ELL	-0.228525144322491
NPIPB14P	-0.228563429063767
S100A3	-0.22866761929809
ZMYND19	-0.228996483864113
HAPSTR1	-0.229267080302362
AGMO	-0.229384701336138
RABAC1	-0.229397851664738
CLTC	-0.229607282198028
PAXIP1	-0.229697631801265
PDE4DIPP2	-0.230062028901212
CALM3	-0.230098277081377
CUL5	-0.230158859229115
RPSAP12	-0.230199099454195
DESI1	-0.23023616692533
WSB1	-0.230301785556103
HSFX2	-0.230711841661508
BBOF1	-0.230779240458481
SOAT2	-0.230962851417429
CD9	-0.231098812784585
AVL9	-0.231124636169979
GRIK2	-0.231270192840921
UBE3A	-0.231282371691488
MCTS2	-0.231324763744659
HSD3B7	-0.231368583286412
HTATSF1P2	-0.23142279133493
ZIC2	-0.231506614579599
NCOA3	-0.231595447178993
LEO1	-0.231770851592088
LACC1	-0.231794520755092
SLC16A5	-0.231809330124055
INO80B-WBP1	-0.231858070513596
PTCD2	-0.231934845990813
SDHB	-0.231977782361569
CETN3	-0.23208954470726
TTR	-0.232308225186454
PCDHGA1	-0.232721576538173
UBAP1	-0.233423131373056
VIPR2	-0.233431415833465
TRIM54	-0.233793386847831
TRPC3	-0.233811012181017
PLXNB2	-0.233873147900987
PAQR5	-0.234079248298448
WTIP	-0.234189337677924
CHST8	-0.234718729255304
SUSD3	-0.234731477934718
C9orf78P1	-0.234977983140065
SHLD2P1	-0.235235579599993
SSUH2	-0.235539414723397
FANCG	-0.235588481691517
IFT46	-0.235600307075886
TMIE	-0.235742571101264
HERPUD1	-0.235879893187877
EIF5AL1	-0.235892058761377
CAST	-0.236083213407698
PITX1	-0.236196068566201
GP1BB	-0.236294260871551
GNB4	-0.236406097393599
PPIL2	-0.23657226447164
NPAS2	-0.236601112136825
TWF2	-0.236618761241422
ASF1A	-0.236791056028167
NUP35	-0.237086147048214
DPH6	-0.237111859568864
CEP76	-0.237222611008522
GLUD1P3	-0.237270942199228
CDK7	-0.237319519715884
POLR2H	-0.237370467963222
FKRP	-0.237434631172134
ZBTB39	-0.23751902658227
HSPB3	-0.237521550872259
TMEM30A	-0.237545533137653
DBF4P1	-0.237582903302962
KLLN	-0.237725715507784
SPECC1L-ADORA2A	-0.237797296155212
PASK	-0.237871563607846
B3GAT3	-0.238020766056676
SEPHS1	-0.238199113025603
YPEL3	-0.238231247687277
ARL1	-0.238578579703454
IMPG2	-0.238627164502827
CD14	-0.238944561239683
AP1G2	-0.238950682127735
DHX38	-0.239169851410523
AQP3	-0.239216006659432
TFAP2E	-0.239614533782733
EFR3B	-0.240057566857966
ARMC7	-0.240158777228022
ADCY9	-0.240239994967032
TIMM29	-0.240265894229388
UTP15	-0.240284261336796
ZNF562	-0.240375383671226
CAPS	-0.240378995376094
COLEC10	-0.240588053976119
DCAF13	-0.24066901545751
DPY19L2P2	-0.240684130994197
H4C5	-0.240933130762817
NBDY	-0.241004118065091
RBM10	-0.241131511752779
HUWE1	-0.241144061050456
ZNF326	-0.241206009071731
LYSMD3	-0.241295743944514
RFC1	-0.241327721798476
C5orf24	-0.241494531252684
ADAT2	-0.241497024837838
TMEM132D	-0.241589165501373
CORIN	-0.241999669801946
ELF4	-0.242161045763241
ALB	-0.242289486906072
CDKN2A	-0.242327225673422
ACTR8	-0.242413804858703
GPR89B	-0.242426401964757
GPR37	-0.242579694742044
CTNND2	-0.242701129015927
WASH7P	-0.242764920171386
RBM14	-0.242940500919853
VANGL1	-0.243010593738646
GTF2IRD1	-0.243776358200386
GALNT4	-0.243783451529547
DCUN1D1	-0.243802088431233
APOOL	-0.244209993566169
BCAS2	-0.244245582241127
TARS2	-0.244415894999533
GSDMB	-0.244434233483202
RP9P	-0.244536246173423
GABPB2	-0.244605663216537
FZD7	-0.244644606650761
SERBP1	-0.24494319885249
CLEC2D	-0.245346127696667
ANOS1	-0.245422360653051
TRABD	-0.245486932383467
SLC22A17	-0.245493624230013
ARHGAP45	-0.245559787004136
ZNF823	-0.245615028180508
MIEF1	-0.245925159256207
KIAA0232	-0.246035848007361
COMMD1	-0.24605162464025
ABCA13	-0.246098543595611
SEC31A	-0.246228968197588
SENP8	-0.246420722438796
ESS2	-0.246543955704158
FANCL	-0.246567087643756
C2orf69	-0.246646318794828
HNRNPD	-0.246739518100775
TMEM92	-0.246769527702597
HCK	-0.246878482256738
CCDC86	-0.246902100117965
LYPD6B	-0.247036691786191
KDM2A	-0.247042985233281
NASP	-0.247069576440404
PPP2R1A	-0.247110901683295
ANKRD39	-0.247497132443727
DENR	-0.247580588126212
INTS3	-0.247581111625712
COQ10B	-0.247911085541859
ZSCAN9	-0.248380897408033
SYNDIG1	-0.248605433808505
CASTOR2	-0.248629399607973
ARGLU1	-0.248643150927803
DIABLO	-0.24867616114728
PSMB1	-0.248743392038349
ZNF639	-0.248796523238241
GAB3	-0.249031619333305
AIRIM	-0.249247016667884
INO80E	-0.249283317448912
PEMT	-0.24939099117951
ZNF3	-0.249458250908684
MED26	-0.249521129357906
ITIH3	-0.249780241815821
RBM42	-0.24995731041964
TBC1D13	-0.250056416634187
GOLPH3	-0.250324749094591
KCNE1	-0.250450375439334
CTDSPL2	-0.250576211798494
ZNF605	-0.250647386852522
ZNF518A	-0.250801797787956
PXDN	-0.250839961145635
NUMB	-0.250970334507591
RBM28	-0.251018607093312
CADM1	-0.251075772897075
FBRSL1	-0.25108626651162
TNPO2	-0.251140296116138
RPS3AP38	-0.251348878660891
PDGFRA	-0.25181642151848
PAGE5	-0.252079127196028
ERLIN1	-0.252137033010288
CAPSL	-0.252222524560061
CHRM3	-0.252341674107708
SPATA4	-0.252346933220419
CASP8AP2	-0.252462920451569
DRGX	-0.2525730836182
GEMIN4	-0.25263368548608
KDM4B	-0.252723669907403
NTAN1	-0.252919807327962
DDX11L10	-0.252929516884815
SMPD3	-0.252952201251799
RPSAP70	-0.252967214130504
CNTRL	-0.253196762321739
SPRY3	-0.253243232413732
ZNF800	-0.253330901752455
MAST2	-0.253392495624435
ELMO3	-0.253485931115048
NFYB	-0.253518797481594
SSNA1	-0.253711493651267
ATG4A	-0.254130116609124
ZSCAN22	-0.254375183177733
TMEM86B	-0.254472382697807
TPCN2	-0.254578207665412
SLC25A4	-0.254883769204834
TBC1D22A	-0.254979784199472
GORASP1	-0.255015595129009
H3C10	-0.255620081148555
POLR2D	-0.255688270906118
BMAL1	-0.255738623770141
MAP1LC3A	-0.255805121920662
PSMA4	-0.255815800915736
ARG2	-0.25594217607325
GALNT7	-0.255973193497338
LNP1	-0.255990079048249
SPCS3	-0.256291364976269
TRH	-0.256311705515454
NALCN	-0.256431185683231
LYPD6	-0.256523299202815
INTS4	-0.256683066410734
ATP11B	-0.25701766020495
PGGT1B	-0.257050298537533
SSH2	-0.257056299568921
NFYC	-0.257082138688596
VPS37A	-0.257090001123484
DTX2P1	-0.257282918503572
DLC1	-0.25729967551263
POLR3K	-0.257324603498946
PROCR	-0.257553207481705
ZFYVE19	-0.257669383284513
LTB4R2	-0.257748571993777
GNAO1	-0.258224456626692
PPP2R5A	-0.258305929622852
AK6	-0.258531122518975
PPM1J	-0.258634981310722
TASOR	-0.258767884683057
PLCXD3	-0.258923842930285
TLE5	-0.259025200275939
RAB3GAP2	-0.259043910996558
C8orf76	-0.259278467084644
SYNJ2BP-COX16	-0.259650451818153
HOMER1	-0.259916682432962
GALNT3	-0.260295322682943
UPK3BL3P	-0.26057781150219
IRF3	-0.260698332694227
ZNF654	-0.260952967140859
COL13A1	-0.261052859777091
RASSF2	-0.261425252186991
RRM2B	-0.261496631515709
C1orf74	-0.261630140137131
KANSL3	-0.261923835329374
EHD4	-0.261937469712499
ZNF592	-0.262008701795017
SLPI	-0.262011258027724
CWC25	-0.262024996668591
CDK5	-0.262183365815477
PGA3	-0.262294408614546
DRG1	-0.262329743589368
SP140	-0.262812366649587
PIK3CB	-0.262824544493153
AUTS2	-0.26285896590578
ACAA2	-0.262909473078242
BICRA	-0.26316340932177
PCDHB13	-0.263199416270572
GPR173	-0.263514979160656
RBM8A	-0.263686702307366
DUXAP8	-0.263963013749832
RPTN	-0.263966431931975
CDK5RAP1	-0.264042258338105
ITGB1BP1	-0.264067545385802
FAM156B	-0.264159193580328
XIRP1	-0.264182476764251
POPDC2	-0.264237039238441
KIF9	-0.264341191864434
ZNF83	-0.264639764361855
POLG2	-0.265047816517975
ZUP1	-0.265138960979416
HSPA1L	-0.265143492812095
IL4R	-0.265231916864423
DLX5	-0.265365068920336
STMP1	-0.265679126271648
PCTP	-0.265719165830653
H2BC8	-0.265911166231203
TENT2	-0.265962807190045
LCP1	-0.266140082506311
EML3	-0.266224213215776
PRIM1	-0.266317404336891
ABI3	-0.266481139347384
UACA	-0.26655303098696
NOC2LP1	-0.266998973302713
GLUD1	-0.267234153508465
ZBTB11	-0.267408821557591
INF2	-0.267412577052141
DLD	-0.267506325860025
RFX5	-0.267697844170142
ID3	-0.267882122097461
TMEM52	-0.267904994364353
TLE6	-0.267966371845441
ZNF578	-0.268152610086998
OARD1	-0.268607154590536
HNRNPA3	-0.268733337706763
MRPL47	-0.268746189571357
LIME1	-0.268817477940406
SULT1A3	-0.269012191338691
LIN7A	-0.269021000657421
NPW	-0.269126198931792
ZNF763	-0.269131094204619
RAB11FIP2	-0.269192525748681
IPP	-0.269382940324496
CRYGS	-0.26950169279962
ZNF736	-0.269514303275689
PPP1R3G	-0.269532781369027
CEND1	-0.269539704621955
TMSB4Y	-0.269664319370309
H1-0	-0.269687175097188
ERCC3	-0.270152878108036
ADD2	-0.270238230274187
MBOAT7	-0.270544260080196
ALDH7A1	-0.270743831801994
TRIM16	-0.270855989993568
FOLR3	-0.27114304728205
GSG1	-0.271218333793364
DGKE	-0.271237736895767
LPCAT1	-0.271243789234199
PCOLCE2	-0.271525657307591
UGGT2	-0.271852826631461
RPL36AP54	-0.271965818203689
PAGR1	-0.272005000170549
SMIM13	-0.272016696018675
MUC13	-0.272665249107637
EMC3-AS1	-0.272778376497319
UBAP2	-0.272835605931699
ZNF419	-0.272957916015004
MAP3K7CL	-0.272995989566098
SOST	-0.273623782738087
PAK2	-0.273638347183325
CPNE4	-0.273686759930329
DGKD	-0.273801371405848
GALNT18	-0.274050070989605
ZMAT2	-0.274125245023669
SMIM3	-0.274152828125923
ZIK1	-0.274340994570758
MRPL15	-0.274342333514124
SETD4	-0.27479216229552
TCF7	-0.274848264221808
NFATC2	-0.274974900477817
CEP170	-0.275051837553742
SCAF1	-0.275206667573243
CGAS	-0.275312264298672
KDM8	-0.275345377418191
EIF4E2	-0.275380817059531
BSN	-0.275803297472677
RSC1A1	-0.275872203951229
AKIRIN2	-0.276108747632618
STT3A	-0.2763668749241
TOR4A	-0.276824579079054
NMD3	-0.276979800273758
ZNF594	-0.277012020317146
KRT18	-0.277078216699368
ABCC2	-0.277196727209238
COPS2	-0.277207718778238
MYH1	-0.277369255183364
PLN	-0.277424708354609
SZRD1	-0.277532774521991
DFFBP1	-0.277758051862729
ACOX3	-0.278012328907826
APBB2	-0.278041548579772
ATP5PF	-0.278115079639627
GPR199P	-0.278199770269537
AK4	-0.278353628694014
SHANK1	-0.278475530521058
NTRK3	-0.278648746319435
FEM1A	-0.278680863991794
UTP4	-0.278753105037578
ZDHHC3	-0.278894531351404
CENPB	-0.278906712537463
UNKL	-0.279305451297934
SPINT2	-0.279308760864534
CCT2	-0.279343931671036
RBM39	-0.279369172584095
BCL2L13	-0.279430673447435
PSD2	-0.279728585126557
NFAT5	-0.279790638065753
MBD1	-0.27991126855097
DBF4	-0.27999398818658
ZNF275	-0.280095199581997
MRPL49	-0.280280906444044
FAT3	-0.280504342399001
ACVR1C	-0.280606555127521
TMLHE	-0.280646728319542
NPIPB15	-0.280720907648885
LNX1	-0.280722206993237
MRPL41	-0.280903926232018
BCS1L	-0.281146997427707
ECHDC3	-0.281227738524077
MTG1	-0.281389979888686
MINAR1	-0.281404138837435
ICAM5	-0.281672685165343
GFER	-0.281723506593076
SHTN1	-0.281772715394651
TVP23C	-0.281870899895517
TXNL4B	-0.281954503870875
SLC24A4	-0.282194215588692
EXTL2	-0.28250699014979
RGS12	-0.282649929036068
CCDC43	-0.28341111265752
CELSR1P1	-0.283447397678796
FIBCD1	-0.283517088831632
CAMK1G	-0.283595632789752
F10	-0.283608128162693
PYGO2	-0.283661750756881
TRIP11	-0.283949300821091
NDUFB2	-0.284488397559425
CEP15	-0.284793272136931
RHNO1	-0.284887300594193
CAPN3	-0.284929801311873
RAB10	-0.285459755743917
RANBP3	-0.285590922357841
LDHAP4	-0.285627108418446
ZNF767P	-0.285823448927342
TRIP4	-0.285978199826886
TNK1	-0.285978945978617
CHD2	-0.286002600532565
SLC30A6	-0.286056244935182
RPL39L	-0.286056572060315
DNAH11	-0.286125332533905
LSM5	-0.286192249152763
KIF21A	-0.286252411164616
EIF2AK1	-0.286272064149927
PIP4K2C	-0.286417755044191
TTC9C	-0.286595610549308
OSTN	-0.286807303881322
GPX8	-0.287067871971806
ENTPD7	-0.287151351107169
CEP68	-0.287329333358501
COL22A1	-0.287387374047779
MPP1	-0.287429574812016
TEP1	-0.287555929836114
ATXN7	-0.287750138298803
ICAM2	-0.287750196209719
TTC41P	-0.287853483917617
PKD1P3	-0.287981085883348
LANCL2	-0.288286574271994
PSME2	-0.288354018324276
NDC1	-0.288410907398474
DYRK2	-0.288510753722129
ST20	-0.288554056131669
ORC3	-0.288833390392854
AK2	-0.289004573286013
GPS1	-0.28912077434504
SHROOM2	-0.289162109640841
TM2D1	-0.289437543234696
SUMO2	-0.289512967840124
SNAPC1	-0.290319617162043
IHO1	-0.290536133921121
TOMM5	-0.290797169931985
DCXR	-0.290857142063506
APTX	-0.290960902979235
CKLF	-0.291241650219574
PCNPP1	-0.291317456111806
SIX2	-0.291398489992209
H1-5	-0.291638673133408
ZNF552	-0.291708509111198
SLC25A15	-0.291835563580267
FTSJ3	-0.292084968590848
NOX5	-0.292205206065177
TVP23B	-0.292215660620528
ARHGAP21	-0.292258561858543
CSF2RA	-0.292325699000614
KHNYN	-0.292392542962996
PRAF2	-0.292510348602874
ZMAT1	-0.292528789602991
IRAK2	-0.292559268332654
MTBP	-0.292600649751241
GOLGA6L9	-0.292692468367866
CALML6	-0.292908325597425
NDUFA9	-0.293104674765065
SUSD2	-0.29337222620532
FBF1	-0.293409060225208
MRAP2	-0.293873361310906
SERPINA9	-0.29393553863003
FAM220A	-0.294191526293548
SMG1P2	-0.294510198144105
ZNF587B	-0.294568933982133
GEMIN7	-0.294573362370682
UCHL5	-0.294677818178347
MRM1	-0.294809717619482
RANP4	-0.29484346260119
OR2S1P	-0.29497048535327
MFSD2B	-0.295207643052433
CPSF3	-0.295355852793013
PRKCZ	-0.2953581141424
SCO2	-0.295565583644403
DYNLT2B	-0.295727474282568
PIK3R3	-0.295906854718846
GIPC2	-0.295929489591132
PCK2	-0.296214624309593
GPR4	-0.296277456947714
MRPS31P4	-0.296649918458411
FNDC3A	-0.29691461388323
PLEKHF2	-0.296925837601048
CETN4P	-0.296972537072991
LZTS3	-0.297058588869699
DCAF4L1	-0.297201032641244
BEX1	-0.297680691093018
ARHGDIB	-0.297895491550353
PRR13	-0.297998345756606
TPM3P9	-0.298144854781929
TAGLN3	-0.298149215731598
PUS1	-0.298185260085947
RASGRP3	-0.298203388614416
INPP5F	-0.298280498627496
TCHH	-0.298691321393302
SWI5	-0.298741551537543
PSTK	-0.298937252872979
GPR19	-0.298950253860506
GDAP1	-0.299040229352308
SKIDA1	-0.299307994704261
ROBO2	-0.299489027548342
LRFN4	-0.299554405888326
SNRNP35	-0.299739827620534
NAA38	-0.299803380900581
DRD1	-0.299972983322809
ADAMTS7	-0.299987145317809
PEDS1-UBE2V1	-0.300224347369791
RIC8B	-0.300518743465002
GATD3	-0.300749610403665
PCNX3	-0.300845016211487
CYP2D7	-0.30088570991784
ASXL1	-0.301345721748072
FAAP100	-0.30145723587187
HEBP2	-0.301460387069442
PADI2	-0.30148364743115
AK3P3	-0.301560349473793
SFN	-0.301631887506482
ANKIB1	-0.301653650446353
TBC1D25	-0.302280362041513
UQCR10	-0.302676054731264
IFI30	-0.302794926130544
TATDN2P3	-0.302836675091034
KIAA1217	-0.30295313135936
NDUFA10	-0.302976988655525
WASHC1	-0.303093795980102
CSMD2	-0.303117540686739
RBM3	-0.303121949552868
ODR4	-0.30376152985352
ATP11C	-0.303886172585339
FASTKD1	-0.304026391034977
INTS1	-0.304059632691103
SMAD3	-0.304106519771755
SELENOH	-0.304235531796413
PCDHGB2	-0.304235994627716
NAA80	-0.304292815347677
PDPR2P	-0.304369006613664
GBP3	-0.304518957676793
TMEM87A	-0.304637181402969
TRMT10A	-0.304679184965021
IKZF4	-0.304719436997035
LRCH1	-0.30474998478449
ABCF2	-0.304873179009608
CRK	-0.305503951861189
TMED10P2	-0.305616327526653
IL12A	-0.305758443188605
HDAC3	-0.305759008903768
STRIP1	-0.305888314755175
THAP1	-0.306035391998557
FGFR1OP2	-0.306235762375677
GDA	-0.306404313524904
SUZ12	-0.306481942513202
CD2BP2	-0.306735132014724
TMEM63A	-0.306761497703944
LRRC37A2	-0.306853990594606
GPRIN1	-0.30695172743862
RBL1	-0.306997360565578
ADAM28	-0.307162875853418
DHTKD1	-0.307363198231441
PAFAH2	-0.307520921007306
LRRC37A17P	-0.307637201295281
NDUFS1	-0.307722880871981
SLC10A7	-0.307759464844088
GAP43	-0.307906927708243
ZNF573	-0.307951334725102
RHCE	-0.307986339821446
C6orf47	-0.308097911067102
DPM1	-0.308272614629292
LRRC8C	-0.308624989247813
MYCT1	-0.30865588031831
PRRT2	-0.308752655203041
STEAP3	-0.308999800769944
TRAF4	-0.309140689505456
PPTC7	-0.309151126070314
LAPTM5	-0.30933418001602
CASQ2	-0.309353445291001
MTHFD1	-0.309379793907507
KCNJ6	-0.309819419769493
LTK	-0.309828919756757
CDA	-0.309966141048801
CEP128	-0.310241370934265
TBC1D3L	-0.310716063019129
PCDHA10	-0.310833374739863
RPSAP41	-0.310833520966964
TCTN3	-0.311154486433586
SRPK2	-0.31125109012429
ZNF185	-0.311311909363054
TSTD2	-0.311320967058276
TAOK3	-0.311324735693753
PRPF8	-0.3116614259596
IGBP1P4	-0.31198066413342
GATD1	-0.312369181003571
ZDHHC17	-0.312668577776418
ALKBH1	-0.312781237679824
SCN9A	-0.312893469291924
MIS18BP1	-0.312971028886808
RAB2B	-0.313120349680142
ANKRD17	-0.313519021124878
VN1R95P	-0.313564938087484
NDUFAF6	-0.313642233594503
DHODH	-0.313797998998308
BANP	-0.313882306096415
CCN3	-0.31390662532298
PENK	-0.314315627624378
PKD1L1	-0.314387485374194
SRSF3	-0.314609938589855
URM1	-0.314766218832583
HOXB9	-0.31485058096867
BEGAIN	-0.314957153168164
SLC25A14	-0.314957434661217
GOLGA8Q	-0.31538457608491
MT-ND4	-0.315533674863494
DNAH5	-0.315535567808259
SLC25A10	-0.315685810941322
CCNYL1	-0.315687504650109
RIBC1	-0.316066384000719
MKRN3	-0.316231343643398
PLS3	-0.316380691475585
PIF1	-0.316472813290299
NDUFS2	-0.31664434082419
DPY30	-0.316688002176628
RING1	-0.31707356563562
MYRIP	-0.317232146918574
TARBP1	-0.317397660316935
GSTP1	-0.318028659340323
CHORDC1	-0.318098277210452
DGUOK	-0.318113065034263
CBLN3	-0.31822297191581
ZKSCAN8	-0.31823030173354
DHX34	-0.318349853174772
RAB40C	-0.318396112324374
TMEM177	-0.318397269575766
ELAC1	-0.318427395027302
BCCIP	-0.31845011593313
SPEF2	-0.318502940998863
SMARCC1	-0.318541755943581
UQCC1	-0.318693838879917
HAUS5	-0.31872502921959
FHDC1	-0.31892016243582
BCLAF1P2	-0.319058092335435
ZNF598	-0.319204405071771
DCTN4	-0.319246353610378
TPBG	-0.319304882629143
ERBB2	-0.319381414533921
CDC23	-0.319400872375952
U2AF2	-0.319441632668936
MYH2	-0.320073179711371
DZANK1	-0.320183846126541
KYAT1	-0.320610054511806
TM9SF5P	-0.320753237723697
GPR3	-0.32079879495305
ZNF575	-0.320940197244713
XRCC3	-0.321067818490946
NRGN	-0.321648874249759
NSUN5P2	-0.321701739479505
NDUFV2	-0.321924836081125
FGL2	-0.322001732290451
ABT1	-0.322082649471464
PSPC1	-0.322087973950098
ATP1A3	-0.322096915338741
TLN2	-0.322115708899553
HSPBP1	-0.322137432508949
RAB7B	-0.322210499297966
DDX6	-0.322515406973318
LTV1	-0.322624114006796
SPAG9	-0.322641785052567
ADPRS	-0.322656624761112
CLCNKA	-0.323013351092134
LIG1	-0.323172066776006
DERL1	-0.323196802325034
MBLAC1	-0.323462909349909
DERPC	-0.32376735692127
ZNF674	-0.324062963576925
MAPRE3	-0.32409089498406
MFSD8	-0.324234501099144
XDH	-0.324312402815942
BEAN1	-0.324678740955712
BCL2L15	-0.324714357231708
GPAT3	-0.324940304667591
FMO5	-0.325056844470867
VPS37C	-0.325106677563133
THEMIS	-0.325153293510669
PMS2P1	-0.325257974057358
SGSM3	-0.325282207960283
EMC9	-0.325458858374638
LY6G5C	-0.325508561967599
SMAD4	-0.325567966712642
PLGLA	-0.32576633588407
PCDH1	-0.326403263907532
HTR7P1	-0.326543932215127
NIF3L1	-0.3266181332002
GDAP2	-0.326651954213832
SH2D6	-0.326760506129511
TTN	-0.327111084393133
CILP2	-0.327248198173291
AKAP17A	-0.327282215832483
TBP	-0.327303088800061
KLHL25	-0.327352644878779
PMS2P8	-0.327480354391641
RUNDC1	-0.327728061149906
HOXC9	-0.327860466149765
FKBP14	-0.327882475277497
CERS6	-0.327908210399028
DNAI7	-0.328143822634448
MTF1	-0.328276948215998
NR2C2AP	-0.328307309390851
FOXG1	-0.328512844171801
NXNL2	-0.328632238880346
POGLUT1	-0.328695185071938
SYTL4	-0.328713606095229
PTGIS	-0.328966761307725
ARL2BP	-0.329087590236299
TUBA4A	-0.329195499549505
PTGR1	-0.329202150579602
GUSBP1	-0.329355797981047
PLEKHM3	-0.329473583524846
IRX1	-0.329610493373157
CXorf38	-0.329646836300181
BAK1	-0.329786088090136
OGFR	-0.329964916571706
CORO6	-0.330018031463274
ANKRD1	-0.330406502982721
YY2	-0.330452265070538
FKBP1C	-0.330635547526164
VPS28	-0.330643631495111
TIMM21	-0.330693991375713
EPPK1	-0.330738135824231
PCDH10	-0.330928146466699
SPPL2B	-0.330958862892114
COQ2	-0.331205979732065
NPIPB11	-0.331329037473314
FAM157A	-0.331384433824166
TYRO3	-0.331387408477339
ACTR3B	-0.331401715684936
PRORSD1P	-0.331495532860306
ZYG11B	-0.331614961279823
AGAP7P	-0.331891500352901
EAF1	-0.331957422270146
HIC2	-0.332113694216774
ARSI	-0.332234426217365
ASH1L	-0.332240358626929
RFX3	-0.332288725317366
NDRG1	-0.332722301812115
NDOR1	-0.332925155689969
STX1B	-0.333488712876144
TUFT1	-0.333641107457915
AIDA	-0.333671722645145
SPA17	-0.334059382390213
FRAS1	-0.334187174442227
ACTR10	-0.334269301557288
HNRNPL	-0.334353932719174
NDUFC1	-0.334466093747159
NSD1	-0.334542416610448
ARPIN-AP3S2	-0.334825867125691
SRBD1	-0.334839406458572
FOXP1	-0.334841855333719
ZNF283	-0.335545173422402
COL1A2	-0.335565697094729
URB2	-0.335608261696339
ZDHHC8	-0.335787080027445
MAGOH2P	-0.33579214255572
HMGB1P5	-0.336156403718118
MYH4	-0.33628081612221
NAIP	-0.336293974611599
C1orf159	-0.336405766187374
NFE2L1	-0.336502661645321
SKP2	-0.336546657242109
POC1B	-0.336575284771165
SPIN4	-0.33680904332837
DUOX1	-0.337036227410251
LINS1	-0.33728236651479
MGAM	-0.337350353005524
DACT1	-0.337444660601499
PPP1CC	-0.337747956981553
FAIM	-0.338078445839595
TMEM184A	-0.338196183678678
ZNF638	-0.338224640047921
OTULINL	-0.338430834478694
ZNF143	-0.338530574871918
CSRNP2	-0.338573502008158
BBX	-0.338686954261629
ANXA2P2	-0.338709312076051
BMS1P13	-0.338738764839396
ADGRF3	-0.338786607700515
AGPAT2	-0.33880613392256
PSMD4	-0.338886344841332
MRPL55	-0.338904029414845
SNU13	-0.338961803151582
RBPMS	-0.339096161695662
CEP350	-0.339244020157889
LETM2	-0.339435752415693
DHX57	-0.339536315720336
FIRRM	-0.339884350157948
ACTR1B	-0.339925575014044
TAF7	-0.340421139609398
CDC5L	-0.340430385561466
COLGALT2	-0.340490551922951
EIF2AK4	-0.340509444662065
L3HYPDH	-0.340515327203121
PSD4	-0.340567891437178
ACER2	-0.340771042053986
ZNF444	-0.340777272285635
DCLRE1C	-0.340811547748358
BCR	-0.34089517099139
SMYD4	-0.340997059027719
ABCA12	-0.341016832178487
EXOSC3	-0.341064540216457
DNAL1	-0.341154063801396
ACOT8	-0.341243032607587
NOL10	-0.341279627921981
ASPH	-0.34143723673685
RPF1	-0.341452775400088
SEMA3C	-0.3414592295089
HHIPL1	-0.341486521675535
TTC3P1	-0.341606968175802
DAP	-0.341651182326242
COX15	-0.341964241295151
C19orf53	-0.341970382759371
ZNF304	-0.342298536578357
DYSF	-0.342309557892597
KRTAP4-8	-0.342359298820161
CD274	-0.34287727121752
GAPVD1	-0.342944139936668
SEPTIN7P13	-0.342987902912157
UPK3BL2	-0.343543866064964
EIF2B2	-0.343732108208977
SF3B1	-0.343818171571679
ZNF576	-0.343922158994369
NR5A2	-0.343923024591268
WHAMMP3	-0.344014757156358
GOSR1	-0.344116871355892
NGEF	-0.344145397306375
INTS7	-0.344398399547593
DCTN5	-0.344420830685711
LRCH3	-0.344834557997113
ZNF449	-0.344924223001463
RGS3	-0.345047474652803
INTS2	-0.345241673418808
GAS2L3	-0.345244069590264
TAF13	-0.345365967472227
CFAP184	-0.345529393725181
DOP1A	-0.345546069966644
ZNF117	-0.345687999940413
NDNF	-0.345732992610645
NAPB	-0.345867974026371
GGA1	-0.346076199490434
ABCB9	-0.346146342142317
JMJD7	-0.346159205423389
ETNK2	-0.346222658701914
PPP1R36	-0.346301051954671
MT1X	-0.346410321324534
WDR55	-0.346425360172955
CRADD	-0.34644417342246
C11orf58	-0.346918408235019
GRAMD1C	-0.347161050162636
PANX2	-0.34719225576675
RPL23AP82	-0.347194241980978
C10orf90	-0.347378308606183
CD48	-0.347401425134074
TCF25	-0.347498093458012
HLA-DQA1	-0.347503602812429
GRIA3	-0.347596541293971
PRKDC	-0.347784249395586
GMIP	-0.347895572101933
ORMDL1	-0.347920863054843
MOB3A	-0.348317947058228
ARL6IP1	-0.348318702275691
CHMP1A	-0.348336791293748
CMTM4	-0.348455092853327
SAMTOR	-0.348519928737954
TRIOBP	-0.349299019814295
UBL3	-0.349361629755696
PCDHGC4	-0.349430610166605
TRIM59	-0.349453868011568
IGKC	-0.349669431338339
NUP210	-0.349880345881651
ACBD3	-0.350030590696703
IAH1	-0.350121067084038
CIBAR2	-0.350178381610755
HLA-DRA	-0.350259195563319
CEP72	-0.350301573045459
CDK12	-0.350475177025971
FOXE1	-0.350800833290391
CCDC77	-0.350824687020049
RNF216P1	-0.350863926173284
NDST1	-0.350867926654479
MTMR9	-0.350937267747056
LYN	-0.350964433554109
MSANTD2	-0.351072997483925
DDX3X	-0.351201255531531
FANK1	-0.351226695347334
DOHH	-0.351538756686315
TRIP10	-0.351930813161493
TNFAIP3	-0.352129520976745
ECHS1	-0.352142699671927
PEG10	-0.352149070636398
PTCH1	-0.352302126988631
PUDP	-0.35254123719345
FAM131B	-0.352567113272268
ADGRB3	-0.352752619072712
DHX9	-0.35293889004894
NAXD	-0.353039595764693
NDUFAF5	-0.353114126723782
VARS1	-0.353304922384209
C16orf87	-0.3534063538542
SPEGNB	-0.353481154092502
HTR1F	-0.353574381865671
MRPL39	-0.353574769533424
DYNC1I1	-0.354052648028029
ZIC4	-0.354094211746146
SENP6	-0.354281699622083
PER2	-0.35472717828444
CARD10	-0.355211754311917
CASC3	-0.355335375733369
ARF3	-0.355363491091069
SYNCRIP	-0.35548453926612
DUXAP10	-0.355561606181303
SFPQ	-0.355656645927278
AASDHPPT	-0.355978375945261
HOMER3	-0.356045955796394
DNAH10	-0.356106941796075
BTBD9	-0.356146675155227
GOLGA8O	-0.356247886945282
BUD23	-0.356289396583214
FAM241B	-0.356303144162543
CHMP5	-0.3564124407891
PNISR	-0.356580071512281
MEIS2	-0.356891389641441
ARC	-0.356918011357742
MRPL58	-0.357070409426761
ALG10	-0.357180645773893
ADGRG1	-0.357210335945044
TECPR2	-0.357442548110301
NUS1	-0.357490230128031
EDC4	-0.357856319812029
PARP2	-0.357866725757148
CNTF	-0.358091025332097
AGFG2	-0.358133876370189
UBE2L3	-0.358188706053146
NUDT17	-0.358282869286955
ARHGDIG	-0.358686201212227
NOTCH2NLR	-0.358852921262153
SNAP25	-0.358857693236366
DNAJC2	-0.35887841040842
MMADHC	-0.35889572362922
CUL2	-0.358896592688762
C6orf136	-0.358939626652497
ZNF441	-0.359009617051795
RIOK2	-0.359235115435122
PDE11A	-0.359540570022308
CREB5	-0.359713264660572
METTL22	-0.359748183703974
MRPS18C	-0.359755282937993
CHAC2	-0.359773359256308
PCDHB2	-0.360113081499005
IMP3	-0.360497760718868
CIART	-0.360539207930828
KLHDC9	-0.360581939512271
PADI1	-0.360729798385315
SYN2	-0.360970044345909
MIEF2	-0.361070302868911
CMPK1	-0.361361741147771
CYFIP1	-0.361726997550183
FIGNL1	-0.361881278149139
ABCA4	-0.362275314383109
FICD	-0.362346413452014
SRA1	-0.362497776276808
PURA	-0.362661999902523
POLR2I	-0.362809409429612
ZSCAN30	-0.362875825969987
PRDM5	-0.363257508279189
SERHL2	-0.363381420532065
ZNF710	-0.36377595721457
FBXW11	-0.364085076274983
NCOA4	-0.364340700018177
NOL11	-0.364710640916918
NAB2	-0.364866709452494
RBM44	-0.364963622365415
BMS1P4	-0.365255852986225
CDK2AP1	-0.365380488791411
ECD	-0.365632303898321
SUPT6H	-0.366370275448402
KIAA1328	-0.366443835666534
SERF1A	-0.366500877259135
KXD1	-0.366824653721563
VKORC1	-0.366893960779273
ST3GAL3	-0.367169427600043
SYCE1	-0.367203054720554
CHMP4C	-0.367564098971253
PIGAP1	-0.367669006529398
ANAPC7	-0.367692643713572
BORA	-0.36807571677002
OR2A9P	-0.368110114505561
CCDC61	-0.368186680388619
MDM1	-0.368327617608627
LASP1NB	-0.368434619157814
TNFSF4	-0.368477604643944
HTATSF1	-0.36852039036877
BRF1	-0.368691750457591
ABRAXAS2	-0.368854221625832
AGAP10P	-0.368857674064942
POM121C	-0.368955116927751
PPP2R2C	-0.369104264724716
SLC28A3	-0.369325813215993
MOSPD2	-0.369479027800839
ECSCR	-0.370175895106038
SLCO2A1	-0.37031101618162
MED16	-0.370572432527953
HNRNPDL	-0.370716637808084
TM6SF2	-0.370754927651113
PIDD1	-0.370758671762096
RCE1	-0.37078634357752
IL12B	-0.371097485008582
SLF1	-0.371107833249017
MSL2	-0.371305773084921
MPHOSPH6	-0.371340628726628
KCNJ5-AS1	-0.371447214821198
IVNS1ABP	-0.371823746313899
EPN1	-0.371839312718069
FOXL1	-0.372281527617747
ERLEC1P1	-0.372555518744926
RAB11FIP1	-0.372634257484914
ANXA7	-0.372914635851622
BAIAP2	-0.372916423190487
CKS2	-0.3730417193359
CEP152	-0.373158026885933
CROCCP3	-0.373187799557854
PRORP	-0.373389427604729
CNOT9	-0.373505355853025
H2BC5	-0.373666719458968
BDP1	-0.373720845921875
TSN	-0.373772162808971
ECM1	-0.374217324268398
CSPG4P10	-0.374243501960389
NFIC	-0.374280642197729
FBXL16	-0.374339895542354
GOLGA2	-0.374384249025567
NOP2	-0.374466946407019
SLC25A11	-0.374615289590695
MAGI1	-0.374769603428787
KIF17	-0.374829348107801
PEX7	-0.37512061898719
ITGA8	-0.375138077047326
DUSP8P5	-0.375141623472121
PPP2R2B	-0.375157347977889
ZNF488	-0.375274186403392
XRCC5	-0.37531827329069
USP11	-0.375946088382531
BRAT1	-0.376011167040449
MRPL37	-0.376148458790597
LYSMD2	-0.376197575304959
PCDHGA4	-0.376246092533741
FRMD8	-0.376344281063986
SNHG33	-0.376373729225422
HSD17B10	-0.376515778112381
RPL13AP20	-0.376573021819702
SMOC1	-0.376720988115782
PTPN12	-0.376981257930591
ISLR	-0.377041249757444
ARHGEF19	-0.377058961916133
UBE2Q2P2	-0.377087347559971
INPP5B	-0.377106727416864
ZNF596	-0.377110121421022
SYT1	-0.377241644744623
KANSL1	-0.377542882157088
SEPTIN2	-0.377941527310734
MFSD4B	-0.378076821557677
ZNF625	-0.378164469972405
TCTA	-0.378237679214827
SLBP	-0.378604302257378
MRPS22	-0.378652089649128
CCDC124	-0.378663951738395
PITPNM3	-0.378713735290161
PRPF18	-0.37871921669767
DPY19L3	-0.378778358041202
CSPG4P5	-0.37887336796307
ARHGAP5	-0.378893435628492
CCSAP	-0.378931228517028
ZNF587	-0.378938048377747
SENP2	-0.379193480093012
CMTM6	-0.379590029273529
RBP7	-0.379598978108744
MRPL52	-0.379635308106194
RBX1	-0.379797230446367
R3HDM4	-0.379900415127481
OPCML	-0.380183240200853
RABIF	-0.380311355690506
KLHL36	-0.380572371299282
WDR27	-0.380593500900215
SNX6	-0.380640518091781
CEMIP	-0.380718664939942
RNF103-CHMP3	-0.381086667601527
GINS3	-0.381199551094385
CDK17	-0.381691119744865
IPO11	-0.381694637186341
ETV4	-0.381705245723159
TMEFF2	-0.381740751093372
CHAMP1	-0.381797730786979
PSMC2	-0.381904543583166
RFC4	-0.381972309583772
SYTL2	-0.382010035057248
PDCD6IP	-0.382021586729245
LHB	-0.382092045490615
POMK	-0.382113606594777
KIF20B	-0.382189672677576
MARF1	-0.382211964090276
RAPGEFL1	-0.3822931464464
INTS13	-0.382395364453834
HIF1AN	-0.382415283664404
CARHSP1	-0.382953085645804
STUB1	-0.383014888538719
HAP1	-0.383247304079925
PKD1P5	-0.383458531258763
SLC25A30	-0.38386446171605
GREM2	-0.383901075695645
KSR2	-0.384009602731739
LYPD1	-0.384079550854911
TIMELESS	-0.384089427305675
TRAPPC5	-0.384107205174032
CLDN7	-0.384381520297964
DSTN	-0.384471709634329
FAM86C1P	-0.38452328863854
PRPF38B	-0.384681741261184
SRSF4	-0.384773437798769
AKT2	-0.385005903857077
APMAP	-0.385095081707754
PNKD	-0.385299172262344
POLD1	-0.385467993775783
DDX54	-0.385575002711763
RAB38	-0.385652335641529
ZNF703	-0.385950319292016
IL24	-0.386105378264238
CDK8	-0.386129835304236
S100A13	-0.386171549381283
TEPSIN	-0.386193381019437
WDCP	-0.386454174782006
COPE	-0.386566705430918
KLHL28	-0.386796980320804
OSBPL5	-0.387069675968703
RAI14	-0.387172284903542
RPL26P6	-0.387319347601271
PLAC8	-0.387440544078155
FGF13	-0.387469306552853
ABCF3	-0.387565071678731
FBXO33	-0.387625439120485
TSSK6	-0.387791220838547
CAPRIN1	-0.387794891950677
GPR75	-0.388020083038271
IMMT	-0.388022076769029
OXCT2P1	-0.388407985684727
PSMC6	-0.388618448032542
AFDN	-0.388687547504175
CPSF2	-0.388809445934233
GPR89A	-0.389109332323006
TASP1	-0.389147815154339
RASGRP2	-0.38924429295699
DIDO1	-0.389287578115911
CHRNA9	-0.389478011285978
XRCC4	-0.389621069070987
RGPD1	-0.389801672615448
CDKN3	-0.389857389038699
ZFP64	-0.389948712600212
MTHFS	-0.390183988996535
NUDT22	-0.390225871409602
EBLN2	-0.390364131120813
G6PC3	-0.390506884049889
TAB3	-0.390626675525808
NDST3	-0.390855879278292
CDYL2	-0.390988969676601
SYNM	-0.391001411880395
PLXNB3	-0.391570982966494
CLEC11A	-0.391691899825369
UBR2	-0.391810718201638
TRAPPC4	-0.391824503761015
BYSL	-0.392143310253376
HPX	-0.39242004438804
DOK3	-0.392635487577712
RIMS1	-0.392774052362395
XPO1	-0.393256804553111
MED7	-0.393415081046729
HTR2A	-0.393462078288545
NEDD8	-0.393471821545637
MRPL4	-0.393591082335083
HSPA13	-0.393931571959838
CCNQ	-0.393988279959331
KIF5C	-0.394052504087465
HPSE	-0.394186509290717
ANAPC1	-0.394261276103799
EFCAB2	-0.39442382560147
PSG3	-0.394653870444208
PALLD	-0.394743478532985
PRDM8	-0.39479406392095
DDIAS	-0.395190159109866
EZH1	-0.395377679867154
B3GALT6	-0.395437694202326
KRT17	-0.3954594206319
SNF8	-0.395684238319987
SPCS1	-0.395705463854947
TEX261	-0.39590689255793
KANSL2	-0.396115132406914
CCHCR1	-0.39616450713423
WWP2	-0.396526177459913
NR1H2	-0.396687656549622
PCDHA8	-0.396754247636717
MED20	-0.396809702311946
CCNE1	-0.397026005732472
POLR1HASP	-0.397277228383108
INTS6	-0.397817117302342
TULP3	-0.397946545098634
POLR1E	-0.397974644456415
TP53I13	-0.398034970610959
TOMM6	-0.398050176964787
HMGB3	-0.398127446212711
FANCM	-0.398211380527578
NTAN1P2	-0.398305937809187
FAM72D	-0.398345003880885
RPUSD1	-0.398506008254378
ACTR6	-0.398746733409148
RAP1GAP2	-0.398837801038479
ECHDC2	-0.398907834522372
SLC6A17	-0.399373534051456
MMP19	-0.399498599891312
NXT1	-0.399720339491325
ARMC5	-0.399952956918127
HAUS8	-0.400301555074025
OR7E38P	-0.400447713029185
CKS1B	-0.400469438962213
DDB2	-0.400678130509252
C19orf48P	-0.400711073324207
SPHKAP	-0.40082402458558
MRTFA	-0.401278225847414
RIPK4	-0.401421395040246
F2RL1	-0.40179616154463
CXCL14	-0.401805103869518
SNX11	-0.402084135481569
SERPINB2	-0.402303226309771
RPN1	-0.402559842809041
IFITM10	-0.40271525490591
C1orf122	-0.402745459324534
MGARP	-0.40292712114653
SH3BP1	-0.403083615831187
CDH6	-0.403261478149569
PCDHB12	-0.403302827703364
ATG16L1	-0.403532527700992
MAML1	-0.40382578065017
NVL	-0.403855719704085
LPGAT1	-0.404078096763381
MFN1	-0.404319189779644
KIAA1586	-0.40434819334186
ETHE1	-0.404453344181365
CTBS	-0.404527120264454
TARS3	-0.404921216521909
SLC39A6	-0.404945918767913
HHIP	-0.405196361456495
MCFD2	-0.40529389927213
TANGO2	-0.405311609821918
RTL8B	-0.405462212428396
LONP2	-0.405501989120063
TRAF5	-0.405793793795492
ZNF550	-0.405875843448563
ZNF833P	-0.406006328140618
PCDHB9	-0.406006535416118
DPCD	-0.406305476899783
SRP9	-0.406333423071853
ANO7	-0.406440847049757
METTL1	-0.406603386511987
DERA	-0.406767673700715
ATP10D	-0.40677821099586
PLK3	-0.407341095291586
SLMAP	-0.407951797276377
ASH2L	-0.407951802774956
ARFGEF3	-0.408132680368146
NEK2	-0.408258020911852
SANBR	-0.408314914114767
MTFR2	-0.40843636687361
SPATA17	-0.40891133823489
RREB1	-0.409249984873456
NXPH4	-0.409338703723213
CENPE	-0.409404647716989
SPESP1	-0.409533905923859
UBR4	-0.409571590630155
LSM3	-0.409695701191602
KANK4	-0.409703700756573
SPG7	-0.409894131246726
TTLL7	-0.409927434677374
CLASP1	-0.410114990767425
NMT1	-0.410163714099853
DCDC1	-0.410274257596413
TMEM241	-0.410279635447625
RSPH3	-0.410401116377824
EDEM2	-0.41069966012473
NOTUM	-0.410875003658817
IFNGR2	-0.410975827048091
RABGAP1L	-0.411242821497111
TEAD3	-0.411386051265323
ANKRA2	-0.411468391017787
ZNF778	-0.411650879011041
POLG	-0.412065998273903
RBSN	-0.412100752914392
EIF2B1	-0.412114405963678
CSPG4P12	-0.41246642253251
PROC	-0.41256673528454
POFUT2	-0.412825733779118
TIMM8A	-0.41286138653685
GPN2	-0.413127902772156
HAS3	-0.413207556534615
PGA5	-0.413375081457418
CCDC142	-0.413448296525535
CCP110	-0.41351574105915
CDC7	-0.413568003561322
SMS	-0.413802178018544
HIVEP3	-0.414048638188689
C18orf54	-0.414053663767589
PPP1R1C	-0.41429652405521
CSTF3	-0.414353175807521
POLR2J	-0.414391710022115
MT-CO2	-0.414960613349715
RBM48	-0.415214670462905
FIS1	-0.415224610076621
ROCK1P1	-0.415420754015246
RPUSD3	-0.415534273402674
MRPL46	-0.415690793338218
GPATCH1	-0.415903734451206
DEPDC7	-0.415950461028652
HPS6	-0.41612763687906
MC1R	-0.41670235602878
PYCR3	-0.416905715109333
TNRC6C	-0.417004482566662
BCAS4	-0.417135334153334
VCPIP1	-0.417423398314917
ZMYM6	-0.417596507441615
DEPDC1	-0.418087409819743
NTN4	-0.418151929060515
RHPN2	-0.418395990162313
PROSER3	-0.418492863892457
MIS18A	-0.418665723305342
TDRD7	-0.418748111761736
HEMK2	-0.418978799122258
BTN2A3P	-0.419059526489468
TUBGCP5	-0.419127407586887
BCL2L12	-0.419411371974116
PCID2	-0.419415830787748
BRMS1	-0.4197346269049
NRDE2	-0.419808992061094
CFAP97D1	-0.420750364664749
GPER1	-0.421037230698071
NDC80	-0.421056399790652
ZNF696	-0.421387094637397
EIF2B5	-0.421406435621255
CCK	-0.421590732174421
HECW1	-0.421639584085112
ENTPD6	-0.421907406896075
DCTPP1	-0.422039209288325
DDX17	-0.422134456440162
ADGRL2	-0.422276423125039
PSORS1C1	-0.422585390916501
KLHDC4	-0.423169319323878
RAD52	-0.423423823197485
LYL1	-0.423559797092586
SYN3	-0.423692486627989
KPNA3	-0.423761880542632
SNIP1	-0.423855200178929
PSMB3	-0.42396154960243
UBR7	-0.424024170820899
ZNF544	-0.424074754205672
MDC1	-0.424111753303172
MZF1	-0.424352811356937
SCD5	-0.424447760505673
AMMECR1	-0.424582166280065
TLR10	-0.424621125113367
WDR73	-0.424851294524303
ZNF675	-0.425066759126851
PSMC1	-0.425086766261248
APBB1	-0.425092467272867
CAMK1	-0.425117094361552
ABHD12	-0.425329160414376
VTI1B	-0.425339877675562
PALM3	-0.425344605707313
NUSAP1	-0.425483921928038
ZGRF1	-0.425916188827282
UBE4A	-0.426014039362412
ARHGEF39	-0.426360926940735
GNAQ	-0.426391091156308
SYNPO2L	-0.426662855629709
CDK5RAP2	-0.427438971571845
SPTBN4	-0.427590198187034
KIF15	-0.42788646241826
MARK2	-0.42793357350551
FAM171A1	-0.428033707652721
TMEM145	-0.428174065013605
NOP58	-0.428232269497682
ZNF878	-0.428481220957885
ZNF528	-0.428613420859731
JUP	-0.42919367186305
SRP54-AS1	-0.429450460142536
TMEM30BP1	-0.429730091081947
RPL7L1	-0.429957365650117
SPANXB1	-0.42999274354225
EME2	-0.430189171299752
LRRC1	-0.430261050375145
TSPYL1	-0.430503549129589
RRAD	-0.430844759480304
FCER1G	-0.430966128750671
ACP2	-0.430971339091239
SPANXA1	-0.43100299210143
CNOT1	-0.431148733344287
FCHSD1	-0.431242871592217
PRH1	-0.431395821882719
L1CAM	-0.431624995325582
CEP78	-0.431703217566945
EZH2	-0.431733261173051
SDHC	-0.432052116385078
MAPK1	-0.432429905686503
SFXN5	-0.432609187002041
RYR1	-0.43268030002173
GNE	-0.432748992949439
SELENOO	-0.433316145947884
SPMIP5	-0.433516361292391
CEP104	-0.433547390869772
RNF26	-0.433574761675059
MRPL35	-0.433591489344882
TGM1	-0.433775176849199
SLC14A1	-0.433915720076526
ELMO2	-0.434202349447378
TMEM167B	-0.434296265408828
TADA3	-0.434521092290631
OR2AG2	-0.434568935909543
TIAL1	-0.434599369034549
NEMP1	-0.434684961570334
PKD1P4	-0.434794429716931
KIAA0586	-0.434927865381735
HYLS1	-0.434985589110693
TTL	-0.435082369479713
DUSP28	-0.435347169794285
MPPED2	-0.435394088539615
IL17B	-0.435491183134922
ABCD1	-0.435546601461095
ANO3	-0.435566812301383
MYLK2	-0.435672455039862
QRICH1	-0.436081246380072
NAIF1	-0.436169736228417
TMF1	-0.436198880858763
SF3B3	-0.436212271969576
UBQLN1	-0.43688401930887
SOCS5	-0.436946666783746
C11orf98	-0.43740264251027
GPAA1	-0.437434485084814
TEX36	-0.437617697028071
PCDHB8	-0.438004532090632
RTN4	-0.438477538948291
SETP14	-0.438635731013127
CDH1	-0.438772071375981
PLOD1	-0.438819069722185
SOX9	-0.439524579155543
AMOT	-0.439659893718203
ZNF431	-0.439737448698239
PI4KB	-0.439823541798839
KDM3A	-0.440146572256018
CALHM3	-0.440241466967327
PYROXD2	-0.440486153550124
STRA6	-0.440539028481355
TMUB2	-0.440679565497691
PKD1P6	-0.440728632168961
NHERF1	-0.440751377553545
EXOC7	-0.440776937633143
TMC7	-0.441217560446813
SPANXA2	-0.441439826573294
PIGL	-0.441457403889274
TRPV4	-0.441601316100309
NUP107	-0.441651224729182
CDC42BPB	-0.441715806491766
NEIL3	-0.441898884172742
DAG1	-0.442098137703005
TJAP1	-0.442218547964033
SOX6	-0.442243066157378
TMEM26	-0.442721050091516
DCAF7	-0.442797961215282
LRRC66	-0.442897241980924
SPARC	-0.442929319955703
CCDC15	-0.443033801285384
DNAJC30	-0.443508398216963
ZNF530	-0.443640526945582
PTBP3	-0.443658930054112
DNA2	-0.444138471779526
BICDL3P	-0.444175015966783
FER	-0.444441147566291
MAP3K1	-0.445027270525241
CDC25C	-0.445486428965436
LARS2	-0.445739285558842
GRB7	-0.445884861927162
FAM83D	-0.446032737018181
FAM111B	-0.446141802216109
PDE4B	-0.446242441881462
SMIM43	-0.446618819238811
CCNYL2	-0.446637458763625
ANAPC4	-0.446925215603424
TEX35	-0.446991280794084
CAPN15	-0.447007060731479
P4HA1	-0.447014806642425
RAD21L1	-0.447104050140939
PPFIA4	-0.447226957227509
TUBBP10	-0.447267880980658
LAMA5	-0.447477685976126
TTC7A	-0.447537050878393
GORASP2	-0.447576405501377
ADPRHL1	-0.447664448654929
WDR76	-0.447947314145406
BLM	-0.447957814271635
GOLGA1	-0.448379090089446
DDB1	-0.44845619198831
DHRS1	-0.44846173008816
C3orf18	-0.448548404963783
NKX2-6	-0.448616898288786
DLK2	-0.448623996882488
KIF18B	-0.448906497117863
PTPRF	-0.448911595151291
FIGNL2	-0.449012047349261
NAAA	-0.449093870729118
TBXAS1	-0.449272009309279
APCDD1L	-0.449526197900817
FANCC	-0.449559712584965
ZNF142	-0.449580838226183
IQCC	-0.449655143377085
ALDH18A1	-0.449723580257674
USP1	-0.449928560403422
LRRC71	-0.450365875722787
XPO7	-0.450412052075724
RBM22	-0.450630154157156
GRHPR	-0.450813278531168
ZNHIT2	-0.451042994929297
KRT34	-0.451318179616325
MCM2	-0.45143923202321
RPL32P3	-0.451566094100564
MTFR1L	-0.451732894601465
NCAPG	-0.451954179308237
BRCA1	-0.452034936986926
DNAJC24	-0.452064626182835
PIGA	-0.452183247047669
WNT16	-0.452244606401741
SNRNP70	-0.452306174135799
CFAP20	-0.452318866474587
C1QTNF12	-0.45236387280821
SMAP2	-0.452491499368187
GALK1	-0.452988045775409
LRIF1	-0.453056343828139
ZNF180	-0.453220013470931
EXO5	-0.45322228127961
SMC1A	-0.453421274832433
GTF3C3	-0.45375262522472
GTF3C2	-0.453764692610372
ZNF462	-0.454005410815273
SPRY4	-0.454098903112651
ADGRF5	-0.45424012848406
BSCL2	-0.454307978030224
SLC39A10	-0.454747935468568
SACM1L	-0.454787664290559
CELSR2	-0.455081752337536
ULK4	-0.455163385734677
SRC	-0.455255843767251
UQCC3	-0.455755346668185
SEMA4F	-0.455876892581486
GOLGB1	-0.456027026211702
DLGAP5	-0.456297447675765
WASH3P	-0.456355315360342
MAP3K6	-0.456423732844736
RABEP2	-0.457202133671496
PTPN3	-0.457381677785835
PTRH1	-0.457422434929158
NUDT18	-0.457736579974751
GPR135	-0.457780643145988
DCPS	-0.457911324355133
ATG9A	-0.458039264145312
SAMD9L	-0.458148084346879
KIFC1	-0.458293711061724
PHB1	-0.458448954785317
DIMT1	-0.458456861276937
NFU1	-0.459044054513455
MTMR10	-0.459113338249909
NUDT19	-0.459272774290739
PHPT1	-0.459336479357455
PPCDC	-0.459361804386171
PRRT3	-0.459419463460497
SAMD8	-0.45953445854951
BUB1B	-0.459584964429911
RHOG	-0.459959611224621
RABGGTA	-0.459978290083499
TRNAU1AP	-0.460213868598724
LRP12	-0.460276431569875
SPRTN	-0.460418991658752
KPRP	-0.460476472928285
VDAC3	-0.460624590282737
BMS1	-0.461031535168773
PLK4	-0.46103791735724
NR1D1	-0.461073489765064
HOXD1	-0.461256762800153
KIAA1958	-0.46143720787456
AMPH	-0.461484922338764
HSPA6	-0.462073418611057
ETFA	-0.462310725461463
CCAR1	-0.462664660754105
SORD2P	-0.46274843103629
UBE2C	-0.462841070413288
C1GALT1C1	-0.463217103846415
LIN9	-0.463330641006176
AQR	-0.463549783998459
TRUB1	-0.463654117874376
CDHR3	-0.463684453978215
CWF19L1	-0.463928876153328
FSCN1	-0.463994975595082
SERTAD3	-0.464137064611088
HYPK	-0.464438669729183
NOSIP	-0.464543558840015
ZNF672	-0.464779256323837
METTL2B	-0.465017051133843
CCNB2	-0.465032371962125
ST6GAL2	-0.465039937604698
EEF1E1	-0.465130031122972
TOPBP1	-0.465254340842296
SNX17	-0.465263437941062
MYOZ1	-0.465341810832821
HMMR	-0.465459660314303
TTK	-0.465580405917256
DBNDD2	-0.465956921009295
TMEM171	-0.466126439383433
SLAMF9	-0.466303742659966
NT5C	-0.466308281288428
MTHFSD	-0.466482842739867
ELAPOR1	-0.46649161672322
METTL17	-0.466666785566857
BMS1P8	-0.466783257692455
FGF9	-0.467093040642806
RABGAP1	-0.4671191623042
MAP7D1	-0.467150471134876
SYCP2L	-0.467688670589921
HAUS3	-0.467763253159828
NSUN5P1	-0.468012367203267
PTP4A2	-0.468043256453117
CRLF3	-0.46825904475905
IER5	-0.468290855267283
SMC5	-0.468355813579197
ZNF175	-0.468647789135884
CLK4	-0.468838175145074
SLC6A9	-0.468909402457366
PSMC1P1	-0.468982531909806
PTPN4	-0.469107027461185
SGO2	-0.469362432362575
CLK1	-0.469630297518994
SUGT1	-0.469844659205564
PABIR2	-0.470347727680292
NAP1L4P1	-0.470674162006441
E2F3	-0.470946186401755
PAPSS1	-0.471164999106995
GOLGA8A	-0.471418428629458
ZBTB46	-0.471970695589496
ARHGAP35	-0.472091406709601
CSTF1	-0.472326130516656
AP2S1	-0.472354227621065
PMS2P4	-0.472359840207484
ZNF443	-0.472595959348244
TMED8	-0.472797946715945
FOXC2	-0.472941754183152
GJD2	-0.473147077379656
LUC7L	-0.473369943163696
OXNAD1	-0.473842436417545
MPV17L2	-0.474551963462503
ZNF699	-0.47498794364091
SF3A3	-0.475119392949133
F7	-0.475231228921361
PPIA	-0.475564989905193
UBE2L5	-0.475680499470579
CDC123	-0.475802685225518
ERFE	-0.475823015301714
KIF20A	-0.475894719086875
MORC3	-0.476022765188935
CHRM2	-0.476096139273039
ANKRD36C	-0.476097433339226
CHD7	-0.476326213901507
ERAL1	-0.476379158779188
WRAP53	-0.476681620061091
SOX8	-0.476893235803434
PRSS51	-0.47708530180259
RGS5	-0.477547389794057
PPAN-P2RY11	-0.477873698538978
MCM8	-0.478275907390733
U2AF1	-0.478574309477581
OTUB2	-0.478698342753536
CECR7	-0.478775314355798
CHCHD7	-0.478968829840035
CSNK2A1	-0.479039368378042
HSPA8P15	-0.479231268302214
TRIM55	-0.479435224122424
CKAP2L	-0.479708330436575
PTPRR	-0.479777393908307
RAB14	-0.479812420927944
AGFG1	-0.47983200058659
RNPC3	-0.479978388110286
LEAP2	-0.480080983065746
RGP1	-0.480257161010159
DMC1	-0.480535327871153
ANKRD26	-0.480543391622805
SHLD2	-0.480693278853667
ZIC1	-0.480847515894345
ATRIP	-0.481143008727651
KDM5C	-0.481360018233396
GOSR2	-0.48136892548335
EXOC5	-0.481447045853857
HIF1A	-0.481475211526542
WHAMMP2	-0.481994948041818
GAL	-0.482505564016517
MGAT2	-0.482795358420839
DYNC1I2	-0.483549754376216
AGTPBP1	-0.483802027382294
ALG8	-0.483885261278543
POLE4	-0.483890780092996
VAX2	-0.484298093079803
RGS20	-0.484318912817744
SPATS2L	-0.484434253095462
CDCA7	-0.484523910935214
SGO1	-0.48455747945635
ONECUT2	-0.484601883600821
SLC25A43	-0.484649555249207
EYA2	-0.484821668434078
PPM1B	-0.484889268195275
CTDNEP1P1	-0.484891731405867
MFAP5	-0.485071358009267
HSD17B6	-0.485136285763425
RNF181	-0.485267833323334
UBE2T	-0.485629324443092
TNS4	-0.486196286082718
CCDC34	-0.486418294372185
EPHB1	-0.486914085387423
BMP2K	-0.486985050925268
INSYN2A	-0.487068507271788
MCRS1	-0.48711216333547
LNPK	-0.487287654768028
PRUNE2	-0.487366684872623
STOML1	-0.487555318897974
FBXO43	-0.487602028859631
CTNNA2	-0.487617724996069
SERINC2	-0.487687818274693
KIF24	-0.487715311312765
DDX10	-0.487876763139045
NOP56	-0.488080494941708
SP6	-0.488127765002785
EPRS1	-0.488542437236058
MRPL3	-0.48872641898952
VIM	-0.488923142266515
VEZF1	-0.488924203167843
AOC2	-0.489174588816246
TMEM263	-0.489261213035215
INO80	-0.489273950889597
NPIPP1	-0.489531861565882
ISL2	-0.48958269072066
ZNF407	-0.489863610407681
POLQ	-0.490091929912405
MAML2	-0.490139729765338
ATXN2	-0.490415879247423
DLX1	-0.490664547784772
C1orf35	-0.490806814738716
ABHD10	-0.491014321648515
SMC2	-0.491106729012375
SRP14	-0.491420802077867
DGCR8	-0.491587282922534
AFF4	-0.491788925750946
SLC52A2	-0.491924782193723
UBOX5	-0.492001853779581
ZFP69B	-0.492123981632448
KIF14	-0.49266579447598
CSF2RB	-0.492873411664788
CTTN	-0.493056546524786
PLK1	-0.493287049368109
GNL2	-0.493297019066781
DDX50P1	-0.493453167024406
XIAP	-0.493518507498733
CYREN	-0.493571957127272
HERC2P3	-0.49391308956237
EVI5L	-0.49395025166589
DENND5B	-0.494046995563659
INPP5A	-0.49428137433879
FAM222A	-0.494897011210797
CENPA	-0.494926797865862
RPL7AP16	-0.495044240613628
PSG9	-0.495212258727873
SENP5	-0.495300522826052
FAM120B	-0.495340097870064
LIPH	-0.495517028704741
COPS7A	-0.495601281561004
RNF25	-0.495637492636531
MAU2	-0.496085153251275
NUF2	-0.496240417373866
DCTN1	-0.496245910736525
SMG7	-0.496267853975962
HAX1	-0.496293949840757
ZNF655	-0.496391810729146
PRSS12	-0.496397706745143
ANKS6	-0.496426633129842
ARHGEF4	-0.497072095407511
DARS2	-0.497149797455152
CRAT	-0.497166620612109
RPGR	-0.497170098862364
PDCL3	-0.497258053265
BCAP29	-0.497269363175882
FAM91A1	-0.497272769847398
BAMBI	-0.497332491155259
CCDC188	-0.497482286321562
ANO4	-0.49793880852183
PSMB6	-0.498215606890392
MAPKAPK5	-0.498244016019899
PSMA6	-0.49830384886301
ORC2	-0.498458262984357
RO60	-0.498497919934326
SRGAP2C	-0.498737515617912
MSRA	-0.499019432409368
TAPT1	-0.499032844671694
PMS2P6	-0.499033006505544
XRCC2	-0.499116221685243
ODF2L	-0.49913534894601
DHPS	-0.499326394775692
NDUFS5	-0.499406186485145
CDCA3	-0.499726324757644
SNRNP40	-0.499757972026934
HNRNPA1L2	-0.499796008174698
SDE2	-0.499898335857599
WDR43	-0.499930592900878
PLPP5	-0.500002692443688
MCHR1	-0.500078119560455
SPC24	-0.500194016400874
FOXC1	-0.500278656940203
CLN8	-0.500315086041998
TAF5L	-0.500390966545564
HCST	-0.500404813347572
KIF4A	-0.500468408427965
KAT7	-0.5005813411031
MT1L	-0.500700063489871
NUP98	-0.500747757891937
TUBGCP3	-0.501417614222354
RASA2	-0.501611100657202
GRIN2A	-0.501873374382727
CDT1	-0.502108895164038
TTF2	-0.502336024625831
NCOA2	-0.50265859898232
DLX2	-0.502829370744962
MOV10	-0.502966803940248
KCNJ12	-0.503006831401477
TMEM175	-0.503123773679289
HMGXB4	-0.503314142682045
ZCCHC8	-0.503581899941369
DYNLL1	-0.503634791857861
CDCA2	-0.505169413213617
NRAS	-0.505859523121294
STAMBPL1	-0.505909643101763
RIPK1	-0.50638619215307
PRDX3	-0.506425140811989
DLL3	-0.506620756888251
HMGA1	-0.506710984268136
C12orf56	-0.506723261097733
CYP27C1	-0.506886976663341
EID3	-0.506908330932618
RAET1E	-0.50705272462033
NEMF	-0.507272348450869
RAC2	-0.507325659244649
CCRL2	-0.50739660133815
CBL	-0.507779754328827
DPH2	-0.507831713296866
RASD2	-0.508128709198431
MRPS11	-0.508202975964603
GREB1L	-0.508501584232448
NDP	-0.50876740980695
IQSEC1	-0.508982197699418
ZNF439	-0.508997566958422
TYW1B	-0.509195895203386
STYXL1	-0.509476506253781
XKR5	-0.509560955434772
CNFN	-0.509679681382778
CDC20	-0.509863315369485
RNF144B	-0.510275171989534
FOXL2NB	-0.510349759003854
NOC3L	-0.5103606822786
TROAP	-0.510722070256112
FITM2	-0.511031768180196
PEX10	-0.511052633347643
SGTA	-0.511093582030558
TENT5B	-0.511257406958974
LMNB1	-0.511389944957268
ERCC8	-0.511695195586559
SEPTIN8	-0.511746024389565
PMS2P13	-0.512361194321955
LLGL2	-0.51271139656046
KIF2C	-0.512896272462569
CX3CR1	-0.512972886375025
RAB5A	-0.513135004290864
LATS2	-0.513153158368522
ATAD5	-0.513472774632166
C19orf33	-0.513592603633793
S100A2	-0.513810742134013
CPTP	-0.514003170207754
HNRNPK	-0.514057929318451
LEPROTL1	-0.514170056140905
ZNF215	-0.514262878797685
AGK	-0.515478903702891
PRR11	-0.515504546829048
LUC7L3	-0.515628530691162
UBE2V2	-0.515963095211516
PHIP	-0.516021469419902
SHE	-0.516231265277327
CDH4	-0.516461690693975
INCENP	-0.516540987013985
GFOD1	-0.516594928141837
FANCD2	-0.516768874384063
FRMD6	-0.516919200234782
COPS3	-0.516951873794294
C20orf204	-0.517057696638095
ERBB4	-0.517125011364328
PGAP4	-0.517431086515456
COA4	-0.517443043116843
IGSF9B	-0.517597733315351
RPL23AP47	-0.517948516633301
PFDN1	-0.51804273268464
EXOSC8	-0.518072917239932
NECAB3	-0.518151283152573
EPHA4	-0.518494527973359
DUSP26	-0.518526881836237
PAN3	-0.5186488419226
MTM1	-0.518736040130328
DOT1L	-0.518899298967108
GTSE1	-0.51910024038482
NUDCD3	-0.519132975453588
TIMM17B	-0.519168775843918
EMC4	-0.519201526189666
KDM5A	-0.519315446679715
GALNTL6	-0.519484771364898
CDCA8	-0.519616456054328
ZNF876P	-0.519674433629098
PCCB	-0.519693539924611
FAM72C	-0.520660676044987
TRMT61A	-0.520681317542095
THAP10	-0.520765358217061
EXOC1	-0.520850426195157
PCED1B	-0.52090596127666
GAK	-0.520991018574647
PSMD5	-0.521014440238754
KRT4	-0.521206739772348
NDUFC2-KCTD14	-0.521579578728081
ZC3HAV1L	-0.521603564279973
FCHO2	-0.521604119970272
PPAT	-0.521985935525631
SAE1	-0.522115423908548
IGSF8	-0.522200746405818
PROSER2	-0.522347134626651
PLPP1	-0.522435176685637
SEC61G	-0.522482576343642
CCNF	-0.522484741963642
NCAPH	-0.522719767742856
EML4	-0.522757781442904
RPS6KA6	-0.523007145800359
MCM10	-0.523042130576735
ALPK3	-0.524498956457624
HLCS	-0.524536769263139
RFC5	-0.524575888444306
HNRNPR	-0.524767771891343
SUSD4	-0.524869418012906
DEDD2	-0.524988172002066
NUDT13	-0.525130640603461
NGRN	-0.525170012043399
PHLDA3	-0.525247359651154
IP6K2	-0.525248451687086
EIF2S2	-0.525448730670266
SRSF7	-0.525573220229964
PRSS23	-0.525595540644757
COQ3	-0.525658846379838
DAB2	-0.525754967761958
RPS26	-0.526281082807308
PHF7	-0.526512624322123
PA2G4	-0.526611739617401
VAMP5	-0.526957551216948
TOE1	-0.526977002352337
TMEM256-PLSCR3	-0.526991462985665
PRELID3B	-0.527146581357874
NOL3	-0.528047574077015
TMEM160	-0.528224063940205
DDX56	-0.528236657004716
TBC1D19	-0.528251732786785
RAD54L	-0.528551031368251
CAPN1	-0.528622983323461
OIP5	-0.52863380198011
BMS1P20	-0.528735504604896
PDZD7	-0.528793548061858
REEP4	-0.529003221916622
E2F2	-0.529085403100686
TLCD4-RWDD3	-0.529899143657942
DPP8	-0.530217199228728
PDZD4	-0.530235631163672
KRT9	-0.53023829732314
SEL1L3	-0.530276619861557
RAPGEF4	-0.530339409605496
TAF6	-0.53081018675857
PCLAF	-0.530829985854111
CYRIB	-0.530832812356702
RIPOR2	-0.530985187299392
CCDC18	-0.531110583083815
GJC1	-0.531142303417412
HELLS	-0.531151675708223
RNF38	-0.531174681618969
BUD31	-0.531387489120456
SCAF11	-0.531503759582703
PDZK1	-0.53175839870875
PPM1G	-0.531819971701905
TSHZ3	-0.53230178734646
MANF	-0.532347439188409
RAB11A	-0.532714793924841
HAPLN3	-0.533392191872456
H2AC20	-0.533870929899226
ILF2	-0.533884013956647
BET1L	-0.53410884388643
ARHGAP1	-0.534206319213248
F12	-0.534655125914776
HJURP	-0.535286319265109
PDE5A	-0.535325746481453
PLEKHA1	-0.535368787973734
DEPDC1B	-0.535450385904636
ZNF791	-0.535592209548333
ACTC1	-0.536377560827915
NPM1P29	-0.536410007180939
TLK2	-0.536525087484201
HMOX2	-0.536645540572404
CGB7	-0.536674620835962
OLR1	-0.536960891912924
TET2	-0.5371795833727
CHPF	-0.53743004402307
KLHL35	-0.537474091260928
TICRR	-0.537530117661197
PMAIP1	-0.537882419868074
RAD21	-0.537989508561811
SLC12A9	-0.538149930696152
ELMOD3	-0.538154449190206
ACBD7	-0.538220828017875
SKA3	-0.538684546560484
TINAGL1	-0.538741456023414
MMP23B	-0.539101509922161
HMGN3	-0.539103787677724
STK25	-0.539240025059788
ANAPC13	-0.539429338550145
CCDC24	-0.539566190130019
BCAP31	-0.539879418218006
ABTB3	-0.539950937211087
AHCTF1P1	-0.540057001859432
EXOSC2	-0.540295361623728
CDC42BPA	-0.540694894153541
NRDC	-0.540734798493266
NUP50	-0.540858961544233
CENPK	-0.541162504625812
ZXDC	-0.541307860012655
ATPAF2	-0.541527377498497
POPDC1	-0.541653521116782
RNASEH2A	-0.541694468827652
USO1	-0.541820747215743
TEK	-0.542248784056556
PFDN2	-0.542271282285457
FAM133B	-0.542304552444579
WIPI2	-0.542909852220231
ZSCAN20	-0.54305910592182
FAH	-0.543132574815727
SF3B6	-0.543447866875219
C2CD2L	-0.543505907729581
MTX1	-0.543721682546622
ANKH	-0.543983137098564
RNF41	-0.544179402379981
GART	-0.544187629520425
EIF4G2	-0.544208710360311
CPAP	-0.544381152128756
PCSK1	-0.544485850456767
GNL3L	-0.544559360020817
ARL6IP6	-0.544562730023975
VPS4A	-0.544747424097807
NBPF25P	-0.544964093132972
GET1-SH3BGR	-0.544977295623467
ABHD11	-0.545356891430147
RICTOR	-0.545578749370956
FAM161B	-0.54583798074511
ZNF780A	-0.546337385321135
TAS1R3	-0.546671170735996
C5orf22	-0.546928732297427
RPL23AP7	-0.54728798176596
DDX51	-0.547395174168892
BUB1	-0.547441655306737
EXT2	-0.547471390328469
ZNF732	-0.547650006244608
ZNF41	-0.547960854959659
SAP25	-0.548056439514122
SLFN12	-0.548086068315976
SCUBE1	-0.548119358974774
SCN1B	-0.548145386926925
AEN	-0.548188831165649
ARPC4-TTLL3	-0.548203303374754
POP4	-0.548724754909396
CARS1	-0.548899101762698
PIGN	-0.548953933801505
GAREM2	-0.549122650751597
AKT3	-0.549168018771953
WNT5A	-0.54965493981217
NXPH3	-0.549898945189125
SLC39A9	-0.549960214382749
HSP90AA1	-0.5503836751749
ATP5MF	-0.550443939523316
CENPC	-0.550618391761644
ERBB3	-0.551066620525069
KCNRG	-0.551500480254776
MYOCD	-0.551778767959318
PRSS3	-0.552707981405866
USB1	-0.553290495926703
GINS4	-0.553546061567005
NTN3	-0.553582265991259
WNT9A	-0.55367153006968
FBXO5	-0.553708987501203
SPP1	-0.553718114318005
ADRM1	-0.55399932863716
NAA20	-0.554106373292365
ESCO2	-0.554189923580475
CEP55	-0.554211430451426
BMP3	-0.554406909139779
ALKBH5	-0.554492460704502
NEK10	-0.554515428354385
RGPD6	-0.554673424733315
UBE2V1	-0.55481566251929
MGST2	-0.555197776103718
MAP3K5	-0.555349828891191
ZNF526	-0.555569120192251
ARMC6	-0.555671960617772
INPP5K	-0.556825299698664
SLC25A22	-0.5569729235388
KNL1	-0.557074558437631
HLTF	-0.557562984174049
H2BP2	-0.557627951043624
PKNOX1	-0.557993997262842
LRRC40	-0.558149454311439
TRPM2	-0.558422350659954
ZNF724	-0.558426651302931
NCAPD2	-0.558797700595466
PLAG1	-0.559383602228416
PPP2R5D	-0.559485483601201
PPP1R14A	-0.560361125323816
LRRC4	-0.561058206377667
KRT10	-0.561551502319096
PLA2G4C	-0.561586124538665
AP5S1	-0.561763713092474
MED25	-0.561861135606395
PAQR3	-0.562191720472803
APC2	-0.56299916554607
CLCC1	-0.563148919280975
APOBEC3B	-0.563315661886568
PATJ	-0.563453748594941
ZW10	-0.563583345874553
PPHLN1	-0.563843188335756
ALG14	-0.564015638181821
PRP4K	-0.564437922479169
CIP2A	-0.564587933475747
ID4	-0.564652902297785
CEP97	-0.564682524344542
AMZ2	-0.565204332460013
GOLGA8B	-0.565212876189196
ZNF160	-0.565271867505567
IWS1	-0.565334710199083
IL17RC	-0.565734122427716
HMGB1P6	-0.565745007917761
LARP6	-0.565760107067274
ZBTB42	-0.565802939614252
ZNF789	-0.565904531491666
SPAAR	-0.566142105174587
BPNT1	-0.566633182428606
PSMB2	-0.567166306015303
PDHA1	-0.567533231404283
TRAIP	-0.567770255238106
RFC3	-0.567808983047151
ABCA11P	-0.56791804419012
CFAP45	-0.568428803388836
CHTF8	-0.568449443764372
MAP6D1	-0.568696094222676
RECQL4	-0.568745172016142
URB1	-0.568986860979866
TRPC4AP	-0.56956282046404
ADRB2	-0.569888205110372
WDHD1	-0.569892937120499
HPRT1	-0.569918081702659
RHBDF2	-0.570172862462985
RFTN1	-0.570203957123902
SLC39A14	-0.570287776117575
PGP	-0.570453081586028
PITPNM1	-0.570964414038165
RIBC2	-0.570974379720433
MLKL	-0.571051728738033
OAZ1	-0.571523194400408
CIAO2B	-0.571730961369023
HMGB3P7	-0.571751045746323
DIS3	-0.571957885192193
TMEM62	-0.572090183699534
NCKIPSD	-0.572196436196182
PARPBP	-0.572343642058391
LMAN2	-0.572368829260065
FAM20B	-0.572657937438099
CLEC12B	-0.572734059074822
ABI2	-0.57280972266091
BRCA2	-0.573016549279755
BDKRB1	-0.573048218201573
CLMP	-0.573079549299006
BARD1	-0.573381390049462
MAPKAPK2	-0.573865646372395
SRPK3	-0.573880805925541
ADRA1B	-0.574342615756959
PIMREG	-0.574481051407011
FTCDNL1	-0.574609987937778
DDX5	-0.574706380699979
BRAP	-0.574747090408977
ARHGEF12	-0.574868374087554
CCDC81	-0.574900200512731
YIPF3	-0.574984030108601
CENPF	-0.575185376322565
IMPDH1P5	-0.575297771879555
WDR4	-0.575327473791404
CALCOCO1	-0.575376878616943
BCAM	-0.575395704126401
KLHL20	-0.575517824573839
SLC13A4	-0.575862270584088
GLI1	-0.575905739492159
TMEM107	-0.575947189657366
CENPI	-0.576006387927087
SLX1B	-0.5760300255701
ZNF580	-0.576233441091014
TLCD1	-0.576398899432366
FANCA	-0.576422027787199
MAD2L1BP	-0.576695764004202
C6orf62	-0.576893751855291
SETD7	-0.576981532430124
S100A10	-0.577613160319982
TMED3	-0.577751617792742
VSTM2L	-0.57785884837719
LPP	-0.577869472199111
CDCA5	-0.578146551096004
HAUS2	-0.578217389751631
COG3	-0.579025371177473
KISS1	-0.579136156592981
AMOTL1	-0.579202121988154
GTF2A2	-0.579358459052366
NDUFAF8	-0.579363352890465
MED19	-0.579574303987216
KRT14	-0.57974608361652
EXOSC4	-0.580109882022912
POLE	-0.580343901157444
PEX14	-0.58059943995696
BOLA2	-0.580649743977707
INO80C	-0.580752736861819
RBM5	-0.581086862180756
KIF11	-0.581785304412502
RARS2	-0.582066246861993
TFB2M	-0.582111845364893
TSR3	-0.582790254352897
NEURL1B	-0.582970455341658
COX19	-0.583154270150111
DGKI	-0.583250956595525
GLRX3	-0.5837953080545
PTTG1	-0.584066609996808
KIAA1191	-0.584253812207993
CDC42	-0.584551510550644
FIP1L1	-0.584553156170582
PSMD13	-0.584679301214084
ERI2	-0.584930686802136
CEP192	-0.584937994078671
MAD2L1	-0.585227706252125
JMJD4	-0.585499883010557
EVA1C	-0.585754875194123
RAD51AP1	-0.585812555062115
DCLRE1B	-0.585899474871487
VXN	-0.586197124331058
SFI1	-0.586720988228344
NUP85	-0.587010249138463
CTSZ	-0.587050672809931
SH3GL1P1	-0.587247677289927
SRSF9	-0.587400972996238
BST1	-0.587512267111127
PACSIN3	-0.587536998664941
VCAN	-0.58758660418746
TRAPPC6B	-0.587656747073671
HARS2	-0.587792840191106
PDIA3	-0.588157215943046
GNB2	-0.588422242985272
ARMH3	-0.588492624762093
USP9Y	-0.588731217253392
WHAMMP4	-0.588925276727506
GINS1	-0.589034813046131
PRKCD	-0.589072847344332
SATB2	-0.589572668089553
RFC2	-0.589752710255712
TBC1D2	-0.589851742900163
WDR62	-0.590530283271532
POLR1F	-0.590537666760298
EWSR1	-0.590605938001256
TMEM141	-0.590634069713247
LAT2	-0.591066734106545
PPP1R3D	-0.591504139709088
E2F7	-0.591612712895355
RBM45	-0.59173172211293
ZBTB21	-0.591878335548554
DISC1	-0.592224879308841
WASH5P	-0.592375969690005
C2orf92	-0.592641219046568
DEPDC4	-0.592936298915886
B3GALT2	-0.593005225836966
RPL23AP53	-0.593066353556854
RBKS	-0.593469489213552
FCRLB	-0.593470475306925
GANAB	-0.593560039468846
HECW2	-0.59364368129105
ESPL1	-0.594889607577623
PJA2	-0.5949669344934
GSK3A	-0.595012138875481
AFP	-0.595020379418551
EIF4H	-0.595034680016091
DTL	-0.595334920698509
MGRN1	-0.595363871757583
KIF18A	-0.595596671118012
EXO1	-0.595650549805447
RNASEK-C17orf49	-0.595747070081281
CDKN2AIPNL	-0.596055112626288
ZDHHC23	-0.596218510793772
STAG3L2	-0.596373287429918
PKMYT1	-0.596514489022286
LY6G5B	-0.596724955684161
TBL1X	-0.59695843887553
ANKMY2	-0.597121131955352
AHCTF1	-0.597426269407872
CNOT7	-0.598016607727542
KCTD14	-0.598061475142739
PRPF40A	-0.598065356416694
ATXN10	-0.598178803938557
VPS29	-0.59819998468856
PRPF31	-0.5982751829923
SMPD4BP	-0.598393729112986
MND1	-0.598506863210478
STIM2	-0.598602365991317
MYBL2	-0.598632667716183
H2AX	-0.598732120526667
SUV39H1	-0.599024458706987
AP1S3	-0.599413786108509
CCNK	-0.599592252384829
RIMKLB	-0.600012401453588
BAG5	-0.600108307238993
TOMM34	-0.600593740773605
COMP	-0.600643641126553
DENND4A	-0.601021756994355
PHOSPHO1	-0.601051843777058
MICU2	-0.60108200284011
FAM219A	-0.601145642987483
RASA4	-0.601353024501624
RAB5C	-0.601808053663522
GRK2	-0.602101610363469
EGFL7	-0.602141861539922
NHLRC2	-0.602190425708382
BMS1P1	-0.602315959738724
POLR3G	-0.602350038760469
NBR1	-0.602361906563262
C1QL1	-0.60241560740098
ELOC	-0.60265678112266
METTL15P1	-0.603415387361505
NUP155	-0.603730374253908
C8G	-0.603762420926642
CCDC92	-0.604030950971369
SOD1	-0.604040669895669
CBFB	-0.60406111414982
AURKB	-0.604352909113682
MALSU1	-0.60518214686225
VRK1	-0.605435139429986
MAFF	-0.60543791607954
CMC2	-0.605884648931525
RASL11B	-0.606035582195619
TSR1	-0.606451478020811
NOP16	-0.606562031836684
KCMF1	-0.606628524609804
CDK1	-0.607120483296894
SLC17A9	-0.607655582119726
MTOR	-0.607672892195402
C6orf163	-0.607805687606526
TRMT6	-0.607862920766758
CAPN2	-0.608030745757703
MARVELD2	-0.608401394002914
SOCS4	-0.60852087850857
CCNB1	-0.608688468794147
ABI1	-0.609378767294396
MON2	-0.609461673470231
CGB5	-0.610511997237309
HOXD3	-0.610730260487673
KAZALD1	-0.610842919927952
QSOX2	-0.610843894881836
ELN	-0.611720527167062
CAMK2G	-0.611870876256749
PSMD1	-0.611928380757036
ILF3	-0.611978701362386
PBK	-0.612075216846265
FBXO9	-0.61218685146924
CYB561	-0.61239454619657
DDX12P	-0.612459471321055
YAP1P1	-0.612962240610801
C13orf46	-0.613169810412875
DSTNP2	-0.613717960147101
PRPF4	-0.61394203898742
ZNF787	-0.614293750792563
ETFB	-0.615108139162825
GCNA	-0.6151236465738
MASTL	-0.615136958442563
CUTA	-0.615164017840251
HEATR6	-0.615336156359084
KRT86	-0.615359845406581
SMURF2P1	-0.615530410378667
GET1	-0.615597948986472
RALGAPA1P1	-0.615729435614528
PSMD3	-0.615941460346782
TNFAIP8L3	-0.61602103697901
CELSR1	-0.61618611502984
SYNE4	-0.616607649914758
NBPF15	-0.616833202410961
KCNB1	-0.617013168040853
GNG4	-0.617173765667038
DDX47	-0.6172104768648
SPAG5	-0.617527036787537
PPP4C	-0.617582996787124
TMEM234	-0.617613340700556
ASPM	-0.617658507535223
GRSF1	-0.617694353222105
NUP188	-0.617947392618935
GNG12	-0.618534658735251
CDC25A	-0.618682339496473
MEF2C	-0.61875411704352
MTMR1	-0.618793120063497
GIT1	-0.619007689098631
CBX5	-0.619105211221447
FHOD3	-0.619428916962575
BCL9L	-0.619660211790656
PNPLA6	-0.61984107899828
VPS36	-0.619932145602821
ZNF44	-0.620052141151418
RGS7	-0.620139037056317
NOM1	-0.620628925175076
PARP3	-0.620672075639351
ADISSP	-0.620699877045531
PDAP1	-0.620855003998924
FARSA	-0.620966932358066
FBXW4P1	-0.621158643911891
NFYA	-0.621709784028029
TRIP12	-0.621953703060662
PSMD14	-0.62206717894726
KHDC1	-0.622161262473725
PAK1	-0.622464367064212
DEDD	-0.62328200975377
IQGAP3	-0.623307069261368
PTS	-0.623417157060389
MORF4L1	-0.62362367687357
PSRC1	-0.623694001567562
TACC3	-0.623884838167835
IDH3G	-0.624011675806059
SYCP2	-0.624121352283826
FKBP1B	-0.624819973687486
GTPBP3	-0.624994412916133
CACNB3	-0.625300694340414
TFDP1	-0.625600194154821
GTF2H3	-0.625606641854114
ABL2	-0.625993002754108
ZNF266	-0.626032491689021
WDR11	-0.626326225586464
CNOT6	-0.626694652633354
H3-7	-0.626808138664688
H2BC11	-0.626888856198278
GOLGA8M	-0.626963302745452
GARRE1	-0.627400795105647
SH3GLB2	-0.627743830184416
COX11	-0.627928593457685
MAST3	-0.62807590689925
ARHGAP33	-0.628322076581049
CDC45	-0.628441495518655
HBS1L	-0.628704466340456
TAPBPL	-0.628997281876613
CDC14A	-0.629380297557708
ACTR3	-0.63005282676473
ZNF561	-0.630090438887778
ANAPC1P4	-0.630530995839532
YIF1A	-0.630545931924047
LTC4S	-0.630630656552642
RNF141	-0.631080224064009
STK32A	-0.631180942291701
FOXM1	-0.631326171725589
MAP1B	-0.631379857450242
DCK	-0.631479115088718
ASF1B	-0.63150403717825
MPG	-0.63173878238389
CDK16	-0.631750249563501
MFAP3L	-0.631880406540185
CHAF1B	-0.632468332820846
GVINP2	-0.632478534239786
CCT6A	-0.632478668195765
TRIP13	-0.632997881589597
RPL26L1	-0.633085336880953
GARIN1A	-0.633105009575949
PPP2R2D	-0.633125738288189
PTPN22	-0.633352922356055
ATF7-NPFF	-0.633546025420665
PCNX1	-0.633700356053416
CENPQ	-0.633846652000641
TERF2IP	-0.63407788518217
DPY19L2P1	-0.634119928747005
ERG	-0.63477656268519
CDCA4	-0.634877778174842
PMS1	-0.634897447756521
CHAF1A	-0.634910901792488
MLX	-0.634936455034526
SHANK2	-0.635007054634817
CLSPN	-0.63543025440571
CPT1A	-0.635858266908665
CBS	-0.635882434718932
GSTCD	-0.635947933792532
SNRPD1	-0.635967608902644
NIPSNAP3A	-0.636636463926907
PWWP3A	-0.636667816198085
PLCXD2	-0.63683607818583
PDLIM2	-0.63700176304003
GOLT1B	-0.637064215998425
NUP50P2	-0.637240815502798
SEMA3B	-0.637320559960883
MLEC	-0.637533785354994
TENT5A	-0.637574967440756
TRIML2	-0.637943513499704
HM13	-0.638158978820652
MTHFD1L	-0.638159510945725
METTL3	-0.638233024955841
KCNN2	-0.638392035380583
ACAA1	-0.638665106634541
RRS1	-0.638726028089779
ANKZF1	-0.638758336320423
SZT2	-0.638910588652719
PLEKHG3	-0.639038488599126
SGK3	-0.639218706220587
SMG1P4	-0.639241946465273
SMBD1P	-0.639369693935651
ID1	-0.639447132943198
CLIC3	-0.639513487127988
TELO2	-0.639791507778325
WDR77	-0.640615255418186
PCGF5	-0.64075741140045
ITGB1BP2	-0.640935244214737
TMX2	-0.641295092872116
TASOR2	-0.641491340475643
LTBP2	-0.641562060916912
TFAP2A	-0.641774576641633
ZKSCAN5	-0.642157170624109
OGG1	-0.642850084036134
CHTF18	-0.643123368064149
ERCC6L	-0.643368648317855
DPP3	-0.643552710617894
CSF1R	-0.643560267440765
JMJD8	-0.643739132939621
ZRANB2	-0.643799558229674
GARIN1B	-0.644301285116685
C17orf107	-0.644888063614578
DDX46	-0.645037587800514
AGBL5	-0.645227303609393
SAPCD2	-0.645282136170872
TNFAIP8L1	-0.645670495107431
FOXO3	-0.64568411075477
DNAJB14	-0.64571087551042
ZCCHC4	-0.645732238903995
PRKAB1	-0.646410275504801
TMEM237	-0.646653302459964
ZNF556	-0.646758865610393
B4GALNT3	-0.646855727049248
ATR	-0.647073166665144
MAP2K4	-0.647418480460342
ERF	-0.64771060490912
AHI1	-0.647793427906206
PHKA2	-0.647817613657454
LCOR	-0.647870606435521
TIAM2	-0.648222729384424
UCK2	-0.648361158533568
ATG101	-0.648445958773883
CSNK1D	-0.648762325360631
SVIP	-0.648763193767156
TREML3P	-0.648980791909771
OTUD6B	-0.649120912583008
STK35	-0.649577665679298
SPATA33	-0.64980168449527
UNC119B	-0.649803005155053
NXF3	-0.649828423570149
MED27	-0.650554039683802
C21orf58	-0.650590077930046
MRPL40	-0.650788302944838
APOLD1	-0.650971240101466
CDH24	-0.65100520025233
HAUS6	-0.651135091505488
COQ6	-0.651262571524674
POLR3D	-0.651323180051246
ALS2	-0.651778821554492
CHST15	-0.651994232281066
LCAT	-0.652103136118725
CDC16	-0.652812121007603
RNF5	-0.652831033285685
TAF1	-0.652838439482003
LRR1	-0.652936188176851
MIOS	-0.653056438234118
CACTIN	-0.653114418545798
COPA	-0.653240457918785
MED8	-0.653576190184234
CSNK1A1P1	-0.653584444874117
EOLA2	-0.654088492558782
PPP1R12B	-0.654131740329083
ZMYND10	-0.654343185029129
BCKDK	-0.654469625803076
TNFRSF18	-0.654615173558321
ACTL6A	-0.655020437317936
UBR5	-0.655521252108246
SDHAP4	-0.655697934634326
DDX42	-0.65581927020161
DNMT1	-0.656004547806596
CHSY1	-0.656368863886524
DCUN1D2	-0.656419492929545
MCM3	-0.656644105588423
GPKOW	-0.656753487181116
CAPZA2	-0.656769043200909
MTCP1	-0.656963762280207
SAMD9	-0.657252724868437
ALYREF	-0.657355174902516
AGAP5	-0.658427280266171
TACC1	-0.658549950391005
TSNAX	-0.658714320704986
PPIL4	-0.658880080179207
PARVA	-0.659315190936451
MYBPH	-0.659363179874572
NUP62	-0.659446111221636
MRPS12	-0.659585665277784
SOS2	-0.660189054368342
TOX4	-0.660247577253971
CIT	-0.660279687272053
PHKG2	-0.660485341286675
KATNB1	-0.661074064768802
TRPT1	-0.661084577463878
SSR1	-0.661114014911435
PDE2A	-0.661179480009306
CCDC62	-0.661332468394049
SON	-0.661755108837633
USP45	-0.66185164880693
LCMT2	-0.662249491578774
INAFM1	-0.662643930670697
MT1F	-0.662703650124141
AGO4	-0.66283609350488
MECOM	-0.662848591452214
RFWD3	-0.663345837127044
DBNDD1	-0.663464108173174
EPN2	-0.663652345777402
DPM2	-0.66384655281385
SNRPB	-0.663969961448666
CYS1	-0.66428402990647
IL27RA	-0.664289607918201
FBXL5	-0.664341204375963
MCU	-0.664370779738223
CNEP1R1	-0.664547786473294
NAT1	-0.664594935247662
DUS2	-0.664784319859717
SF3B4	-0.664848623989449
DCLK2	-0.664920711340847
GAS6	-0.665187000182985
DDX41	-0.665240088660524
MMS22L	-0.665441113756482
MAD2L2	-0.665560540158352
PIAS1	-0.665778527777742
GPAM	-0.665944497510495
ADAT1	-0.666303353496622
PRKAR2A	-0.666551099795422
SHCBP1	-0.666633883192087
SEC24B	-0.666763309735968
CETN2	-0.666840146012194
ERVK3-1	-0.66690687629432
CENPM	-0.666923203980752
YRDC	-0.666973851955122
KCTD13	-0.667066099014349
FBN1	-0.66714498695883
POLE2	-0.667651163068222
CCNDBP1	-0.667794550400008
TRIM46	-0.667951948878778
R3HDM1	-0.668303329708465
P3H4	-0.668475147831037
RWDD4	-0.668499261829582
CDC6	-0.668720887024943
ABCA2	-0.668730021041197
CARMIL2	-0.668949845409318
STX18	-0.669115363283217
CUX1	-0.669197464009832
BMS1P3	-0.669596606713076
ASNS	-0.669870425887979
PSG2	-0.670401753708803
PLCE1	-0.670437939234684
TEDC2	-0.670587402101213
CENPS-CORT	-0.671057057757562
BCL2L2	-0.671201210272577
YWHAG	-0.67170043996001
LDOC1	-0.671833531049802
ATAD3B	-0.672293192331376
RAD54L2	-0.672546687584322
RPS6KL1	-0.672563842490325
SRCAP	-0.672774208606574
KIAA0753	-0.67309941635871
UBALD1	-0.673162447302443
BSDC1	-0.673186397250228
RAB6A	-0.673292859264063
RFLNA	-0.673311416134766
TMED2	-0.673392765730326
NDUFB7	-0.67340910851656
ACP1	-0.673786596274856
SMIM12	-0.673823851918293
THOC3	-0.674034969596151
SYNPO	-0.674092430509696
SENP3	-0.67431156349385
PPP2R3A	-0.674439536491267
HSPA1B	-0.674447114015493
TRMT9B	-0.67447909799607
ZDHHC18	-0.674600365441353
REST	-0.675031491913634
SSH3	-0.675685135586424
NAA15	-0.675778848057551
NAE1	-0.676087788306553
E2F8	-0.676116670880031
BIRC5	-0.676134549752935
MRPS24	-0.676297494397362
POLR2J3	-0.676546206841824
CAPG	-0.676700910379903
NOMO2	-0.677056034363413
ELP1	-0.677785612096739
PSG6	-0.67783440506444
TPM4	-0.677961844285603
RPL13P5	-0.678205816418519
MAPK1IP1L	-0.678589924435859
POC1A	-0.678910575465822
ANXA8	-0.678930502217175
DZIP1L	-0.679272489233748
SELENOS	-0.679276166231879
ARAF	-0.679397167286224
METTL27	-0.67962635117615
RARRES1	-0.679777235210669
PSG11	-0.679899588006196
CCDC186	-0.679917456119986
FBXO3	-0.680106341595758
CENPH	-0.680394212534724
TAOK1	-0.680523874785557
TFPI2	-0.681910393358276
MCAM	-0.682002510140453
EHD3	-0.682363958280288
EIF3I	-0.682875701142153
HEATR3	-0.682971012292965
TXNL4A	-0.683002898982084
STIL	-0.683131640319439
FBXW5	-0.683186200107127
RANBP2	-0.683838989390655
NSFP1	-0.683934376522299
ZC3H7B	-0.684562624791466
GCAT	-0.684643604734818
ZNF75A	-0.684853789973096
CAMKK2	-0.684929728335616
KRT8P33	-0.68575911546528
KRTAP1-5	-0.686023963870555
ABCB10	-0.686219794855931
EEF1A2	-0.686628881971092
MYO18A	-0.686901513550889
EDF1	-0.686949058661498
FAM72B	-0.686950792260951
DEPDC5	-0.686961186128801
FSD1L	-0.687168647385094
KARS1P2	-0.687250311273986
EOGT	-0.687621805970905
AKAP9	-0.687837720330054
HMGB1	-0.688391975232185
COPB2	-0.688575617154805
AAK1	-0.688741918480337
PHLPP2	-0.688760010742419
IQSEC2	-0.68880697371431
MUL1	-0.689204991094298
GRK5	-0.689595345413027
PNPLA3	-0.689903671817575
DOCK3	-0.689908855123652
HEMK1	-0.690102547385762
ARHGAP19	-0.690664323049429
KNSTRN	-0.690822671436465
GPR157	-0.690839452378522
NELFCD	-0.690895866142058
RFX2	-0.692233105915806
ZNF85	-0.692415571123284
FANCI	-0.692579492667478
FHIP1B	-0.692633740334079
UBE2FP1	-0.69284452966248
TOP6BL	-0.693252559762404
TOR1A	-0.693366778024648
CBX4	-0.693435786929719
PTK2	-0.693578208834081
FLII	-0.693736846884295
PSME3	-0.693800460915824
RMI2	-0.694331352074854
U2AF1L4	-0.69437714598336
WNK4	-0.694691966530237
SH3GL1	-0.694861966371791
UBE3B	-0.695455101050567
FKBP2	-0.695722996341755
NCAPG2	-0.695874016315983
ZNF788P	-0.696081077771479
STAG3L3	-0.696220645244499
PAQR7	-0.696460245884787
FAM167A	-0.696594695341376
MRPL43	-0.696813290867035
GARS1	-0.696971765849083
SNRPC	-0.697222456311739
H2BC4	-0.697635900212291
PSTPIP1	-0.697681523866167
CRYBG1	-0.698510713047457
TBPL1	-0.69871494853663
ROCK2	-0.698898118845671
FKBP10	-0.699108267327562
PDSS1	-0.699108413521062
PAFAH1B1	-0.699169748476941
SHISA2	-0.699431045112345
MRTO4	-0.699480555017389
PITX2	-0.699584120536651
C11orf91	-0.699607695181904
FOXD2	-0.699853410709878
RAD54B	-0.700106690073394
PAM16	-0.700121131605768
NRIP3	-0.700132462956442
KLRA1P	-0.700232442419486
HROB	-0.700335107851924
RUSF1	-0.700348120567322
CNOT11	-0.700367948890396
DEK	-0.700482665472306
MOK	-0.700645899537709
SRSF11	-0.70068298863896
MBOAT1	-0.70180904549362
FOSL1	-0.701820443889397
RPAP3	-0.701967548064874
KCNC4	-0.702121029056513
GINS2	-0.702209750400312
CAPRIN2	-0.70227422401491
PIGF	-0.70243279703577
DOCK2	-0.702956621143217
TMEM87B	-0.703043825706168
PAAF1	-0.703178736736535
VRK2	-0.703514571542803
KIF2A	-0.703550316056874
HMBS	-0.703570810586664
ATOX1	-0.703667425968842
CD248	-0.703706538427269
TOP3A	-0.703819660550779
FGF5	-0.703839707121554
ZGPAT	-0.704461574196872
MCTS1	-0.704968066928623
CA5B	-0.705038906035347
CANT1	-0.705178787438944
NUDT1	-0.705254118578094
WAPL	-0.70527840914333
PUM3	-0.705652540874405
CCDC71L	-0.705852951188107
LRRC8D	-0.705881287781963
CST6	-0.706021306910213
POP1	-0.706252771748343
TCAF2	-0.706471501601472
DNLZ	-0.706545186854334
AP1M1	-0.707007524439779
TNPO1	-0.707298969148109
ORC1	-0.707847276413057
ING2	-0.708005817390107
DNAJB4	-0.708180955689166
IGFBPL1	-0.70841584476518
PIP5KL1	-0.70895374597914
MAP3K3	-0.709078308294063
CERK	-0.709196536458625
KCNF1	-0.709267460463851
CAB39	-0.70945282397334
JPH2	-0.709661266041996
CAPN14	-0.709807107414087
STXBP3	-0.709809435916578
SCOC	-0.710138144634942
NUBP2	-0.710445529761255
ANKRD11	-0.711042792122166
GDNF	-0.711337464586663
POLR3H	-0.711342130060906
SEC24A	-0.71155940842817
GATAD2A	-0.711704069800616
ZNF839	-0.711848953240403
ELP6	-0.712125265453381
NCOR1	-0.712235741789443
GNB1L	-0.712242202867359
IRX2	-0.712266560607044
TXNDC9	-0.712297755413197
TIMM50	-0.712475578597051
MXD3	-0.712572354338758
CASP2	-0.71261683805493
KDM6A	-0.712749103143979
RNF227	-0.712757024242124
RAD51	-0.712927530150309
ZNF367	-0.712948684213358
RAVER1	-0.713158568063335
CHD9	-0.713624174295803
NUP88	-0.713747802055912
SLC25A28	-0.714183834950141
P3H2	-0.714400948391709
FNDC4	-0.714795739976577
PTGES3L	-0.715319787627141
APLNR	-0.715411506786738
SAR1B	-0.715511204848849
DDHD2	-0.715582155357075
TECTB	-0.715834250669967
TRAK1	-0.71598992998385
TRDMT1	-0.716253633300023
PICK1	-0.717261978667761
ZNF695	-0.717472960118217
MACROH2A1	-0.71761492365738
ZNF7	-0.718671985804316
BRIP1	-0.718790940356004
MRM2	-0.719074767955037
MYB	-0.719091164870841
ZNF335	-0.719344129645821
FAM111A	-0.719527312385244
HDGF	-0.719544658062245
CHPF2	-0.720198892428063
NDUFA12	-0.720641251756863
ACTG1P3	-0.72092006891775
HGS	-0.721067695018777
RRN3P3	-0.721602242882196
ZSWIM6	-0.722016225425312
SMARCA4	-0.722319708837303
CINP	-0.722451519396539
ARHGAP17	-0.722862282943279
NDUFS6	-0.722885247225699
CCDC144CP	-0.723046835251476
IPO4	-0.723142066912505
UBL7	-0.723228497757249
DSN1	-0.72347526635832
TMEM52B	-0.724010556558719
TACO1	-0.724125615164403
NKX3-1	-0.724332861258925
LSR	-0.725245202311731
C1QBP	-0.725632453761089
PLAC9P1	-0.725893645943212
BCL10	-0.72590028362605
RSPRY1	-0.7259127690588
PSMD7	-0.726257357028983
CCDC85B	-0.726413510210786
PLCB2	-0.726440169581412
SLC16A4	-0.726984622682278
ABCE1	-0.727409647044951
KPNA2	-0.727947817246083
SLC22A13	-0.72795079171981
HRCT1	-0.72827770013511
SRD5A1	-0.728571351743007
MIGA1	-0.728645280281418
FOCAD	-0.728683865981072
REP15	-0.72911990432833
HASPIN	-0.729342255025864
STRN3	-0.729705775255241
ZNF473	-0.73005053936078
ATP13A3	-0.730343453608761
GOLGA3	-0.73046671861413
SYT12	-0.73126317521798
HMGB2	-0.731382732564686
GTF3C6	-0.731549839091915
SLF2	-0.732213864567991
ALG11	-0.732242297652324
POLDIP3	-0.732634583135009
REXO1	-0.732812673877264
LUZP1	-0.733069355322939
DOK4	-0.73334568110817
CCT7	-0.733514550166194
SHROOM1	-0.733617964974516
CMAHP	-0.734017946571874
TSNAX-DISC1	-0.734039162444813
NUP93	-0.734369172808593
FAM110A	-0.734417158785712
HDAC1	-0.734979781886896
U2SURP	-0.734983101065524
CACNB1	-0.735327143624869
MCM6	-0.73547672534739
GGCX	-0.735881576206533
GBP5	-0.736315069723713
VCP	-0.736368056432614
CCNE2	-0.736488844649736
EXT1	-0.736500499930054
DBF4B	-0.73665157643346
MYOM3	-0.73669552800908
BRPF1	-0.737131670826123
NCF2	-0.737732919591093
SP2	-0.738504581486278
CGB3	-0.738568980584492
WRNIP1	-0.73857252053962
MUC12	-0.738599862179464
MCM7	-0.739281400947288
SAXO3	-0.739880015452481
CILK1	-0.740197153054011
AMPD2	-0.740278690740309
FBXL18	-0.740423492366845
RNPEP	-0.740432911728005
CREBZF	-0.740511356193657
ASPHD1	-0.740695762498774
ZNF569	-0.740780423828129
GPI	-0.740885362405851
CXCL8	-0.741529923023376
PPP6R2	-0.741723909376418
ZNF793	-0.742056039722002
MYORG	-0.742267617064488
ANKRD18B	-0.742274888507661
STYX	-0.742495299661901
ZNRF1	-0.743111683817558
AARD	-0.743118377764972
NEDD1	-0.74312675106689
ANXA6	-0.743167696446669
RWDD2B	-0.743198840092689
TAP2	-0.74409313224232
ZNF451	-0.74463588111771
C1orf198	-0.744916019676331
GTF2IP12	-0.745040603321155
SNRNP27	-0.745063932477803
FIBP	-0.745387935630495
SYTL3	-0.745419284865081
MEMO1	-0.745961351273328
MYO6	-0.74627719269986
MBOAT2	-0.746953029514449
HNRNPH3	-0.747401211500612
SNRNP48	-0.747483416109326
LMNB2	-0.747882613640528
PDCD10	-0.748164328253211
MADD	-0.748403159375343
STIP1	-0.74858669580537
PRRC1	-0.748922446945213
ASAP1	-0.749691029443119
PLEKHO2	-0.749898508612454
ZBTB7B	-0.749982128472367
FRG1DP	-0.750372158285907
E2F1	-0.750480448014592
EMSY	-0.750736335646632
RBM4	-0.750817882685877
LPXN	-0.750832110086407
DECR2	-0.751202870196196
CAP2	-0.751750076984113
RPS6KA4	-0.751806630200555
IPPK	-0.751942142408256
B4GALT7	-0.752175092636116
MOXD1	-0.752333728015828
SDSL	-0.752414944570233
ZFHX3	-0.752441756381912
PKD2	-0.752617330724833
SMYD2	-0.752692691568145
LCE2A	-0.752909698701506
DLX3	-0.753449098258247
EME1	-0.753634303101524
AJM1	-0.753651823268619
CTAGE6	-0.753857665083341
CORO1A	-0.753894270322892
FEM1C	-0.754059327532117
TTC31	-0.754088160150531
TGFBR3L	-0.754555108058057
CENPU	-0.754761260276822
LRCH4	-0.755136475514869
MAD1L1	-0.755423018030145
PMM2	-0.755510763157474
PORCN	-0.755849690272873
STK39	-0.756012672766006
NTF3	-0.756198889512009
FILIP1L	-0.756216686748997
GAD1	-0.757548242157352
CHD5	-0.757955225195585
CPN2	-0.758825872104456
CNGA3	-0.758872410394582
MED10	-0.758880280496334
TNNT1	-0.758902217848198
ZWINT	-0.759031394530137
SEC13	-0.759416886416551
ZNF827	-0.759816130574177
ITFG2	-0.759966917668799
VKORC1L1	-0.760256931149727
SNRNP25	-0.76039134879368
SORT1	-0.760986536688585
USP10	-0.761256433046715
ECI2	-0.761582791787431
H2AZ1	-0.762282954163052
OGA	-0.762336628530316
MAPK8	-0.762419284418007
DNASE1L1	-0.762785961926129
ANP32A	-0.76396323359276
TSEN34	-0.764062822332356
ACSL4	-0.764744103182987
BZW1	-0.764906489416296
CLINT1	-0.764943208571906
UGDH	-0.765006344529364
CD58	-0.765532028778578
AHRR	-0.765633150643974
IBTK	-0.765648048926829
ASB3	-0.765669543074921
SLC35G1	-0.765833259088975
BLTP2	-0.765980734384751
ORC6	-0.7662284955444
SLC25A20	-0.766334094554609
UCKL1	-0.766334165507878
FKTN	-0.766559563580206
UFL1	-0.766777790288325
COX17	-0.766955759092798
PLPPR2	-0.767032318903583
BEST4	-0.767143913531291
ENTPD5	-0.767167852794605
TPX2	-0.767831126697281
CSTF2	-0.768153260261669
MTHFD2	-0.768336950948854
WDR54	-0.768631622872891
RUFY2	-0.769612212035641
COG4	-0.769673123197853
BPNT2	-0.769800193488345
LGALS1	-0.770198749473933
NUTM2B	-0.770242389771936
DDX1	-0.770314900527309
HYAL1	-0.770354821421914
COPB1	-0.770383668939864
PWP1	-0.770452909627901
NRSN2	-0.770543770679161
RRP15	-0.77058931443796
ANXA3	-0.77090497064822
HRAS	-0.770973333788101
ARL16	-0.771233707614347
C10orf88	-0.771302833994104
UBE2K	-0.772124442784775
RNASEH1	-0.772748536474935
ZNF682	-0.772790502471065
MDH2	-0.773245830266796
LRRC73	-0.773447171330402
TRIM36	-0.773776354355326
PSG10P	-0.773934957107837
TMCO4	-0.773948412818295
QPCTL	-0.774260047882609
TMEM249	-0.774443082468514
CLPP	-0.774742845078389
BIRC6	-0.774989668575227
ZNF493	-0.775206009169259
ZNRD2	-0.775532353057777
CENPN	-0.775590196817083
MIGA2	-0.775607611380632
AGMAT	-0.775966063990272
BTBD10	-0.776074417267229
MCM3AP	-0.776118582845323
PDP1	-0.776209158457828
MFSD6	-0.776364186611344
CARD19	-0.776486795561088
C1QTNF2	-0.776941929401014
FOXL2	-0.777040861074142
RSRP1	-0.777581768574982
SEC24C	-0.777968161587416
SLC25A16	-0.778059715212215
ANO10	-0.778180599930547
ENPP1	-0.778357785129792
SYT15	-0.778577914181553
ITGA5	-0.778942200322078
CLIP1	-0.779135236042629
DUS1L	-0.779256558682877
TRNP1	-0.779425854902958
CTSW	-0.779676348323183
INSC	-0.779768717956665
HKDC1	-0.780017725026635
AUNIP	-0.780155283710977
SMPD4	-0.780238726398782
NCBP1	-0.780446928335056
CCNA2	-0.780465135204824
FAM89B	-0.780774517680388
CKAP5	-0.781273839030224
AFG2A	-0.781596307379062
PAK4	-0.781914550420966
BBS7	-0.782025708522267
TSPAN1	-0.782483231920629
OTUB1	-0.78269712300691
PREP	-0.78353889039579
SMARCAL1	-0.783670635112327
MSTO2P	-0.784214574579695
KLF6	-0.784364503437775
MTAP	-0.784595392111032
PRR36	-0.784875985824553
POU3F2	-0.78514089157857
SLC35A3	-0.785426201373279
MRPL12	-0.786092678473437
TAF1B	-0.787419889021955
BUB3	-0.787561131502399
ERLEC1	-0.787686887779193
HS6ST1	-0.787735309449382
DAGLB	-0.787769494133533
ADGRG2	-0.787967308788689
PDIA6	-0.788337055264634
MEIS1	-0.788631798224541
ITGA2	-0.788702660404252
NUCKS1	-0.788812915117003
MKI67	-0.788941030251847
CREB3L2	-0.789305090457149
SPTBN1	-0.789340787312159
RNPS1	-0.789751982546953
TRIP6	-0.790048045344725
PEF1	-0.790267085825311
WNT2B	-0.790908179270836
PINK1	-0.79102405837105
SLC35E1P1	-0.791463036818143
SLX4	-0.791509273065755
DYNC1LI1	-0.791796896435657
P4HA2	-0.792269489131426
PSTPIP2	-0.792527241770457
TBXA2R	-0.79269905404602
RBM26	-0.792738603106358
ISOC2	-0.79298085604815
ABHD17A	-0.793358011730727
PHF19	-0.793516829026739
MCM5	-0.793550912537805
COL5A1	-0.793708208075485
MAEA	-0.793950723088146
GNAI3	-0.794261979874961
RTL10	-0.794412085387773
SLC25A39	-0.79444598727662
AFG2B	-0.794955731475183
MEX3B	-0.795634476836323
COL8A1	-0.797189598048481
MMP12	-0.79769168664348
SHISAL1	-0.797786104409685
TBC1D24	-0.798218059589261
TK1	-0.798425768777481
FAM131C	-0.798678643035291
ZNF818P	-0.799036366420259
CCDC136	-0.799344761346868
MIOX	-0.799387614405079
TRPM4	-0.79975494729622
HTT	-0.799979922098466
ALG13	-0.800530708117749
MACF1	-0.800702865312508
AURKA	-0.801300429407535
PPP2R5B	-0.801435975525152
AFMID	-0.80145335795233
FOLR1	-0.801547731292545
ZNF385D	-0.801704561802511
TM4SF1	-0.801753611273485
PTPRQ	-0.801856042911516
LRRC14	-0.801940578314797
SNX15	-0.802076867761113
PALMD	-0.802328458421219
RAB35	-0.802845372013499
LINC01347	-0.802860176268506
ORC5	-0.802959607326251
ACTN1	-0.802986729221347
CFAP206	-0.803190790938492
UBE2M	-0.803434444590422
SLC12A4	-0.803487537643019
IFFO2	-0.803702581309523
PMF1	-0.803774185440291
NUP205	-0.803792484729017
DES	-0.803898517471784
ACTR2	-0.804275650482604
CNTROB	-0.804299242228451
MRPL32	-0.80450131760701
TMED7-TICAM2	-0.80479208816338
EFHD2	-0.805029833383161
XRCC6	-0.805424777491617
RSKR	-0.80548371529983
PLCB3	-0.805935674704422
IKBKB	-0.806245870621566
C19orf25	-0.806813635465947
C5orf34	-0.806894013550748
ZNF207	-0.806983155933923
KIF3A	-0.807140996379619
RELA	-0.807922423991634
CRACR2B	-0.808174118958415
PDZD11	-0.808194910077369
CTTNBP2NL	-0.808515752427878
DYNC1H1	-0.808592719361333
KIF7	-0.809346932775268
NKIRAS2	-0.809470354278398
IPO5	-0.809750603843694
XRN1	-0.810261337909984
HEXIM1	-0.810262884816778
KLHL29	-0.810268621466485
TNPO3	-0.811146859633958
SLC38A5	-0.811410086979129
SGMS2	-0.811446809212491
EIF2S1	-0.811829599770844
ICAM3	-0.811962151497669
BMAL2	-0.811991070442688
MELK	-0.812153776515629
HOXD8	-0.812192400061818
ALDOA	-0.812210528839463
SLCO5A1	-0.81230699719096
LCLAT1	-0.812406286385701
RBFOX2	-0.812695925016168
PRKY	-0.813107786861148
ZYG11A	-0.813141956321984
DONSON	-0.813678923105687
SNRPA	-0.813961087881885
NCS1	-0.814217687910079
CCT3	-0.814253184958392
CHUK	-0.814343198686585
IFNE	-0.815272927140137
GEN1	-0.81610262489142
CHEK1	-0.816218201919905
VPS45	-0.816411149865717
SYNJ2	-0.81647298168123
MTPN	-0.816886433583397
NRBP2	-0.817065929699533
HHIPL2	-0.817108268375002
AMACR	-0.817158276134874
GTF2F2	-0.817405507496399
QTRT2	-0.817656074178
FCMR	-0.818247646246512
CYC1	-0.818383874010134
HAT1	-0.818863072034675
INA	-0.819470598566156
XPO4	-0.819874746876275
ENDOG	-0.820209753943214
ZMYM1	-0.820370980461618
USP15	-0.820518281625051
CALHM5	-0.820716333527119
ARL3	-0.821305292580543
MAPKAPK3	-0.821346506748161
MFSD10	-0.821536458578374
UTP3	-0.821647582051122
EMD	-0.821804962647613
ANKRD36	-0.821902867253377
NAV1	-0.82209614180408
RBM33	-0.822229417490423
FAM199X	-0.823042072903579
MMGT1	-0.823062124785754
WDFY1	-0.823337149224152
POLR2E	-0.823572907066629
PKP1	-0.82412998191935
KNTC1	-0.824138735444367
PRC1	-0.824353773453312
NUDT15	-0.82472367606501
NPIPA8	-0.825199556628059
PUS7	-0.825308215795449
MSANTD7	-0.825386669281784
BECN1	-0.82551576746305
ALDH1B1	-0.825769423397332
CCDC9	-0.825899342811982
P2RY2	-0.826058189324413
MTX3	-0.82608061027955
PRDX1	-0.826425448723173
ARHGAP11A	-0.827593407667709
TRPC4	-0.827640521102635
CHD6	-0.827982878905547
MOB4	-0.82815132094645
EFNB2	-0.828865427741563
ANXA11	-0.829314424445272
CIDECP1	-0.829422634074864
GSTA1	-0.829783623013458
BNIP3	-0.830069556265988
ZHX1	-0.830207350193076
KCNQ3	-0.830408120182337
POLA2	-0.830961750272088
TAF2	-0.831257871431956
FZR1	-0.831296836255237
TYMS	-0.831340709956579
KCTD11	-0.831807383418601
ANKRD13D	-0.832071163679167
MXRA7	-0.832320911077778
VCPKMT	-0.832320964211938
VTI1A	-0.832751335778002
MAP4	-0.832772332424721
CABYR	-0.832886329280929
RACGAP1	-0.833215783291975
SLC37A2	-0.833336924121688
GLRX	-0.833571117610955
TRNT1	-0.834166987395368
NDUFA11	-0.834180564189725
ATP2B1	-0.834234659956257
HYCC2	-0.834330772066324
PPARA	-0.835715693219384
SNX18P7	-0.835972647593976
H1-2	-0.836099062004169
URGCP	-0.836758489805889
OCRL	-0.837094761634645
SLX9	-0.837294329181745
NBPF1	-0.837306161289765
RRP7A	-0.838319979893457
GABRE	-0.839637135888738
ETS2	-0.840268243672928
SRPK1	-0.840603418004771
CPLANE1	-0.840622975929784
BZW2	-0.841048325257915
NLRP3	-0.841471352684551
EPGN	-0.841967611570716
ANKRD34A	-0.842056691257204
POP7	-0.8423762223308
GNRH1	-0.842434461768709
LIN7B	-0.842509434158208
PUSL1	-0.842616135185031
AHDC1	-0.843139494593448
NUP43	-0.843523905454794
LIN54	-0.843529551693455
MAT2A	-0.844034373380091
PHAX	-0.844317538643427
CCDC137	-0.84453258775525
CDK2	-0.844576808754545
SEPTIN5	-0.844711683365998
G2E3	-0.845059971225548
EXTL1	-0.845462009512987
NOP9	-0.845484808682748
STX1A	-0.84558792022716
CACNG4	-0.845900577740325
TMCC2	-0.846038908781072
ARPC3	-0.846069765547091
RRP36	-0.846149922419621
SNAPC2	-0.846737552316876
SMARCD1	-0.847452815250169
DYNLT1	-0.847738704818091
HECTD2	-0.848048795206983
POPDC3	-0.84815740232181
MINK1	-0.848348019458897
CEP57L1	-0.84962256751488
YKT6	-0.849888866459671
ARHGAP29	-0.850168402886969
KLF5	-0.850337805848264
ERCC6L2	-0.851712540282272
EIF2B3	-0.85182501900382
AURKAIP1	-0.852137941221172
TARDBP	-0.852275285593694
XPO5	-0.852422142372884
SLC35E1	-0.852483561665995
FEN1	-0.852556023833867
SNPH	-0.852648375219948
METAP1	-0.853079135765903
EIF1AD	-0.853484245671073
TM4SF20	-0.853499067547879
GPN3	-0.853557618359627
SEC14L1P1	-0.853759747748908
RRM2	-0.854125235136801
AKAP10	-0.854199381195775
EIF4G1	-0.85447457954506
HMG20B	-0.854887559549224
CCT8	-0.855133970609381
NDUFA7	-0.855493438969238
CMIP	-0.855692639435339
BPGM	-0.856275859749409
CCNT1	-0.856347291677618
AP3M2	-0.857086547773339
BCOR	-0.857145000562011
SPINT1	-0.857477808175971
DDX11L9	-0.857550387178029
TYK2	-0.857563739316784
GTPBP1	-0.858043551495361
UBA5	-0.858175487734305
CALR	-0.858493986027162
SKA1	-0.858748844306873
IDH3A	-0.85905565582319
TRERF1	-0.859559387989833
ZDHHC12	-0.859957323787824
APAF1	-0.860059276160517
SLC16A2	-0.860707307010303
TMEM14A	-0.861776028966877
NUDT16L1	-0.862180628056358
C9orf50	-0.862262262399426
SOX18	-0.862455240243897
PEX19	-0.862819507022316
ARFGAP1	-0.863344028373126
DHX33	-0.863748394692502
FGF7P3	-0.864268220330319
GTPBP4	-0.864385975684225
TPST2	-0.864436267189987
EFTUD2	-0.864916482005168
TARBP2	-0.865292615607608
OTUD5	-0.865334510853926
MMP3	-0.865580858442564
RAB8A	-0.865709669603625
RALGAPB	-0.865805936437711
PI4K2B	-0.866464592542537
TMA16	-0.866687880796356
EIF3B	-0.86823920437301
RTEL1-TNFRSF6B	-0.868265540247551
ANKDD1B	-0.868320665236546
PTCHD4	-0.868330034117399
OSGIN1	-0.868444996576632
HNRNPA2B1	-0.868946234439888
BCLAF1	-0.868963370215008
ESYT2	-0.869337997747107
PLPP4	-0.869355121677044
NPIPB12	-0.869481920122684
OTUD3	-0.869546369955089
POLE3	-0.869627384641195
COX6A1	-0.86966191483674
ANP32E	-0.870324439331842
KBTBD8	-0.871193151039988
ZNF726	-0.871401492705321
PPP1R8	-0.871823902896916
CCDC85A	-0.871931157622549
ZNF731P	-0.872085300716699
KRT7	-0.873181833639295
CYCS	-0.873345367258194
TMEM11	-0.873518538939486
SIVA1	-0.87357664943921
RNF126	-0.873622518662586
TEAD4	-0.873864005050562
POLR3F	-0.874149887654127
BAG2	-0.874192187770426
UBE2A	-0.874348524505992
POLR2C	-0.875081621431767
OR2S2	-0.875412190069448
ANKRD40	-0.875879008972596
IQGAP1	-0.876058572731607
FAM53A	-0.876130470941831
FBXW10B	-0.876740646375029
ASAH2B	-0.87684549742265
IVD	-0.876906909226987
REV1	-0.877006837273655
FGF1	-0.877288895412044
DAZAP1	-0.877473257802411
TIMM23B	-0.877864333986096
TCP1	-0.878032125284128
SKP1	-0.878033513387826
TMEM214	-0.878051944116373
LETM1	-0.878086937237722
SHKBP1	-0.878406176818519
AKIP1	-0.87847436866529
RABGGTB	-0.878603033597766
MMP24	-0.878619063079699
NIPA1	-0.878625397433529
TNK2	-0.878691150656435
DHDDS	-0.87886962525121
NUP153	-0.878932898578144
CCZ1P1	-0.879316523978999
CDC27	-0.879782222266958
FAM120C	-0.879880175330052
ARID3A	-0.880119885573736
TAS2R64P	-0.880205001214548
MSLN	-0.881126778117753
EIF4A1	-0.881160251559307
MAK16	-0.881655485357228
PAX8	-0.881743631632519
CBR3	-0.881755167669211
FAM153CP	-0.882028858773893
ZNF841	-0.882429893849561
KIF22	-0.882588553717686
PPP2CB	-0.882711262306601
DNAJC9	-0.882714462425738
GPRC5A	-0.882898845932283
RPS6KB2	-0.883026366028301
SASS6	-0.883132755074517
UXS1	-0.883324238670372
AKAP5	-0.883531988007876
TOB2P1	-0.884455743546115
CHD1L	-0.88460971871228
MARCHF3	-0.885667283597951
EMP1	-0.885747721189967
GPR180	-0.885984985416935
FCRLA	-0.885999932347975
COX20	-0.88605050534883
PTBP1	-0.886097402833834
FNBP4	-0.886153659635398
TRIM29	-0.886886339387469
ABLIM3	-0.887022046278323
RPL32P16	-0.887598633366568
TMSB10	-0.887801407058103
ZDHHC16	-0.887863236367865
HACD1	-0.888393978405502
RTTN	-0.888664243625235
CRIPT	-0.889347320136289
DYNC1LI2	-0.889470925856014
NEGR1	-0.890077263833364
YY1AP1	-0.890286830580524
TSPAN17	-0.89041037752509
PSMC3IP	-0.890570515250278
ZFYVE28	-0.891330009552753
TMEM191A	-0.891768834574569
IGFBP7	-0.892029520505443
PCDHGC5	-0.892480697569824
MMRN2	-0.892864511499095
HSPA5	-0.892951915266947
KCTD4	-0.893129632313847
BMS1P2	-0.893260625972549
HPCAL1	-0.893737916213614
EEF1AKMT2	-0.893964413372617
DNAJC22	-0.894065897914592
UHRF2	-0.894474394130321
CCM2	-0.894735663936842
LIN7C	-0.894795889716234
RAB3GAP1	-0.895294788094305
NLRC5	-0.895342019580367
GGN	-0.895445915273619
POLR3C	-0.895874533113407
RIOK3	-0.896273820782221
GLYCTK	-0.897037935989886
DNAJB11	-0.8971528133254
DECR1	-0.897566370713629
SLC22A4	-0.897720525399556
CKAP2	-0.898796834210035
KLF16	-0.898885246172047
NSD2	-0.899085274248929
KANK1	-0.89924365026985
SHISA4	-0.899644087066688
COL17A1	-0.900209255103142
NCBP3	-0.900397761908301
TBC1D10B	-0.900678305016192
TMEM190	-0.901030278960059
TIPIN	-0.90160888367558
FANCB	-0.90188180327908
CTIF	-0.902171152578873
PRKACA	-0.902410301539546
ITGA7	-0.903623582702565
MUS81	-0.903656256009298
ATAD2	-0.903709032833318
MTF2	-0.903757477048134
STX11	-0.904523476770799
CNIH2	-0.904793879509557
ARHGAP31	-0.905381766905247
UHRF1	-0.905729073615437
LAS1L	-0.90599090759416
PDIA4	-0.90630416146317
PRDX6	-0.906494193571837
ARRDC2	-0.907745962398238
LMAN1	-0.907852009321726
PNPO	-0.907963370822589
NFATC2IP	-0.908235015834981
SLC2A5	-0.908316405486279
RNGTT	-0.908415125548619
DCAF15	-0.908490921327932
CCDC82	-0.909368780979685
SMAD7	-0.909572065934798
MAP2K1	-0.909680649417708
AMMECR1L	-0.909894528028918
FLRT2	-0.90991348738593
NAV3	-0.910315593279944
MARK3	-0.910825850275423
KPNB1	-0.910937456682481
ADAM19	-0.910982383164056
PKP3	-0.911278223077713
RAE1	-0.911583508559919
TM4SF4	-0.911942657772492
TIMM17A	-0.912414314775307
LRRC8A	-0.912610370847355
POLDIP2	-0.912863774954334
RAMP1	-0.913002729646691
YAF2	-0.913065611360623
ATP5F1B	-0.914235339739056
PLEK2	-0.914777563125412
MRPL24	-0.915136146839559
MRPS34	-0.915452772206884
CEP164	-0.916920376119128
TMED9	-0.916986706850382
BRI3BP	-0.918254828804548
THY1	-0.918902868493134
RHBDL2	-0.919199187596159
LIG3	-0.919220293162332
C19orf47	-0.919270722827922
MYO9A	-0.919651326663439
SRF	-0.919751493633404
TOMM70	-0.920136339492817
GCKR	-0.920159236182382
GIP	-0.920595177555039
ARSB	-0.920641150668276
PRR5L	-0.920741487426773
PDXP	-0.921040164292209
ARL17A	-0.921274169853053
PABPC1L	-0.921334342538348
PLEKHA2	-0.921505451689732
BCL7B	-0.921531067648348
YIPF2	-0.921707506476668
MAGOHB	-0.921810306731346
S100A4	-0.922369280068486
ADCY7	-0.923371469138478
STBD1	-0.923548753068202
ATP5MC1	-0.923969823997223
ANXA5	-0.923977457700024
ARL17B	-0.924103802128115
FBXO46	-0.924485970631567
P4HB	-0.924561014348287
CYB5D1	-0.924615928973132
FARP1	-0.924995178122002
SYAP1	-0.925527545378707
GPATCH4	-0.925611794213019
CAVIN2	-0.925688081434969
TRAF2	-0.925828827721422
DGKG	-0.926240229923675
AGAP9	-0.926870340694458
DENND2C	-0.927066836900497
FH	-0.927241390861339
SAC3D1	-0.927319342915793
FAN1	-0.927838604085457
HCCS	-0.928145717046576
VTA1	-0.928642268235362
SERPINB6	-0.929120467190894
BANF1	-0.929549342655615
YAP1	-0.929610697472965
CRIP2	-0.9296217064219
RAPGEF3	-0.930225855159255
RASSF7	-0.930633736059419
ITPKA	-0.930696486135997
ZPR1	-0.930732545396683
CENATAC	-0.931417666039754
DGKZ	-0.931879292509401
JARID2	-0.93233940431988
LINC01085	-0.932686768204959
DIRAS1	-0.93271118187994
CTNNA1	-0.932998839495086
HNRNPA1P33	-0.933038188955434
ATG13	-0.933219201665811
ATG16L2	-0.933587483939308
TANC1	-0.933765382357687
TMED7	-0.933816429025891
TMEM178B	-0.933912546532837
CAMSAP1	-0.934220654832335
STARD13	-0.936284006841939
POLR1G	-0.936402852143836
LHX9	-0.936827740942007
TTC4	-0.936973522805238
OSBPL9	-0.937259972083516
NDFIP2	-0.937291689173613
PTPRC	-0.937335815787556
DDX12B	-0.937391823427135
TRMT13	-0.938133077876432
VAMP3	-0.938458945785973
GLYATL1	-0.939284523825249
UFD1	-0.939321708350625
STARD5	-0.939330307808636
RNF4	-0.93941236628464
PDK1	-0.939660895235998
NOL6	-0.940005117161296
ANXA8L1	-0.940236525825729
NOL7	-0.940324431113592
AKAP6	-0.941564639749937
KIAA2013	-0.942033745321132
AVEN	-0.942120936392512
ARHGEF18	-0.942296592660874
UBE2G2	-0.943393785606419
BLTP3A	-0.943602273747216
RC3H2	-0.943921732333804
DTYMK	-0.943968956306813
GMFB	-0.944388876963041
DPP9	-0.944415316752634
H2AC15	-0.945620810347967
PPP1R18	-0.945829045420924
DET1	-0.947084786658113
PCDHB16	-0.94721778533546
FUT1	-0.947601677871844
RASA3	-0.947879523606517
RPL13AP11	-0.948497863483896
CFAP299	-0.948784200743631
ZFAND2B	-0.950207857352824
TGFA	-0.950708788709704
BCKDHB	-0.950737940490282
AMD1	-0.951052585092139
RUVBL2	-0.951224594220998
DKC1	-0.951351551304011
MRPL20	-0.951987855161096
SERTAD2	-0.952166427412564
SFMBT1	-0.952596101391338
CHN1	-0.952718538821901
CCL26	-0.952996164285413
PIGU	-0.953521749717591
ERC1	-0.953548227050639
UPF3A	-0.95369113439922
BCAT1	-0.954181783422815
DHRS2	-0.954353738939672
MSRB3	-0.95458379387273
SFXN1	-0.9556953377492
NDUFS8	-0.955823651698134
CMAS	-0.955918824695175
CHMP7	-0.956035396906159
ABTB2	-0.95611608255209
LYPLA2	-0.956270868497287
MED23	-0.956710987329628
LRRC42	-0.956759369892694
NDUFC2	-0.957178302573298
CCN2	-0.958357081067066
GSPT1	-0.958376584208476
EIF1AY	-0.958715657023002
C1orf53	-0.958727513937832
GPR83	-0.959019308947779
FAM98A	-0.95926547303494
NECAP2	-0.959341568510424
TOR1B	-0.959958043361619
DLGAP4	-0.960212775979484
C3orf38	-0.960301398409795
C10orf88B	-0.961292837870093
TBCEL-TECTA	-0.962405704748221
BNIP3P5	-0.962544956449996
PPP2R5CP	-0.964689374061983
PCNA	-0.965058886372841
ITPRID2	-0.965317256826497
DDTL	-0.96565313948113
RAP1GDS1	-0.966203996188944
CCNH	-0.966231544101118
RAP1B	-0.966467936712929
FBXO28	-0.966533932285388
NLRX1	-0.966559903852396
FPGS	-0.966594677761727
PIM2	-0.966624170365971
PNP	-0.967342384068092
AURKAP1	-0.967979812148567
THOC5	-0.96811018600897
ZCCHC17	-0.96879108409125
RGL3	-0.96915390067533
FAM72A	-0.969988045279406
TXNDC15	-0.970382266698946
SLC30A9	-0.97194254914351
MB21D2	-0.973177968303418
TFE3	-0.973602265137313
CCDC150	-0.973853740200582
TMCO3	-0.974100094290352
TFG	-0.97429361445355
NOL4L	-0.975074904318026
DUSP11	-0.976626238959193
PDIA2	-0.977058259776556
PPP6R3	-0.977393442988218
DOCK8	-0.977595871211465
UBE2G1	-0.977792836122768
CAMK2D	-0.978287759029969
POFUT1	-0.978582347722447
MLLT11	-0.97858486849645
ATG4D	-0.978762146222579
AOPEP	-0.979056515060531
FRY	-0.979410135947398
PPME1	-0.979425113112405
YIPF5	-0.981699383012561
CABIN1	-0.981776421724489
ACTA2	-0.982673894672408
NUDCD1	-0.983253626688778
PPP4R2	-0.983453529406854
TIMM23	-0.984683592979638
SPTAN1	-0.98486530688018
ARRDC1	-0.984928181872075
GIT2	-0.984989414639868
NIPA2	-0.986036620693886
MYADM	-0.986211315275762
SLC20A2	-0.98671737216932
FAM156A	-0.986723910221041
STARD3NL	-0.987310913307415
DOLPP1	-0.987337285983052
AP3B1	-0.987359100586298
DLG4	-0.987978032962487
BCL7C	-0.98812860135481
KRAS	-0.988312172242501
ANLN	-0.989294286649195
DNM2	-0.989520155122032
GPR39	-0.98983294507691
SLC25A17	-0.989884363643656
TOP2A	-0.990636174432309
CDC42EP3	-0.992609938259563
RUBCN	-0.992657249279107
ATP1B1	-0.992777650591105
MYO7B	-0.993011536779811
AHNAK	-0.993507769100804
FADD	-0.994015734152932
PLAGL1	-0.994812734566831
DIP2A	-0.995261938337954
FERMT2	-0.995339637390997
CFAP119	-0.995824681467168
BTN3A2	-0.99615409274418
CBX1	-0.996175228101607
SHPK	-0.996589436969389
ERLIN2	-0.997223122840747
TSC22D2	-0.998436246826396
ECT2	-0.998593666453739
FBXO38	-0.998901792657569
CDKL5	-0.999384352117658
MRPS31P5	-1.00015267688652
GLS	-1.00030561916422
RBM24	-1.00042029991966
PLPP7	-1.00044994291199
PDCD5	-1.00103910440403
STING1	-1.0011244302802
UGGT1	-1.0012443217874
CD59	-1.00364784286659
PRMT1	-1.00465962957145
LAMA3	-1.00504105660972
STARD8	-1.0050555108229
BOLA3	-1.00539738189678
SPECC1L	-1.00654957458011
AZIN1	-1.00682275330543
TNFRSF10A	-1.00704976603048
ABCC3	-1.00716911538457
WNT10B	-1.0075398796972
CENPS	-1.00776526697646
RFX8	-1.00804078147472
GOLGA6L5P	-1.00816092879805
MLH1	-1.00829422969409
IMP4	-1.00831880157722
USP14	-1.00870300404765
SKA2	-1.00907528471808
RAB15	-1.00926036701599
LTO1	-1.00926897742993
SSTR1	-1.00966946476531
SERPINB7	-1.01054189435616
TMEM161B	-1.01055797242504
LSM14A	-1.01058911944454
PIGO	-1.0110914814267
DAPK3	-1.01126041049492
KIF3C	-1.01155040808739
CHTOP	-1.01277223845757
PRSS53	-1.01281832575549
PTAR1	-1.01284011906307
ARMC1	-1.01492692936082
BROX	-1.01533835236738
FERMT1	-1.01599582732967
ETV5	-1.01631367943836
BOLA2B	-1.01634163808818
ARL4D	-1.0168327122391
CRELD2	-1.0170676687764
MEA1	-1.01715138912707
ELAVL2	-1.0173617641445
CDKN2AIP	-1.01828473405572
RTL9	-1.01831453197946
MGME1	-1.01832525112302
PIP5K1B	-1.01882041999301
SIRT7	-1.01959356893053
IGFBP1	-1.0208166079059
JRK	-1.02099080950989
CLEC16A	-1.02138358127786
MRPL28	-1.02178070537943
KIF23	-1.02192159875568
HOMER2	-1.02198353707783
CHMP6	-1.02204560867844
OVCH2	-1.02280125000554
MTA2	-1.02341592023371
ATF6	-1.02378630711094
MCM4	-1.02490568598148
PPP3CC	-1.02503349114347
ADGRG6	-1.02507737755418
ZNF738	-1.02521231420317
DGKH	-1.02544339433678
GLYATL2	-1.0267545657116
ADGRE5	-1.02756676980792
IQCM	-1.02780855340974
PPIP5K1	-1.02785422007436
PELO	-1.02835693523759
SIPA1L3	-1.0291122808693
UBP1	-1.02940167136239
AP4E1	-1.02942797087603
CHST12	-1.02957592939969
LARP4B	-1.02978582916435
GPR137C	-1.03010189262686
SYNGR2	-1.03155847261948
NMRAL2P	-1.03163312006365
LINC00680	-1.03226385109869
CABCOCO1	-1.033820473857
RAC1	-1.03440021328277
LRRC37A	-1.0353991368966
STMN1	-1.03660569907209
REXO5	-1.03678104056557
PEA15	-1.03729996000696
TRIM8	-1.03769548847313
VBP1	-1.03876853249596
ZFPL1	-1.03891518130628
GPX1	-1.03911445604684
HIPK2	-1.03934273127424
MFN2	-1.03948294604894
UBE2S	-1.03969892857506
DCAF4	-1.04088139335296
TBRG4	-1.04088518114088
NRXN2	-1.04126788060899
HMGN1P1	-1.0412909738295
SDC2	-1.04146313658447
CSE1L	-1.04159438339407
DDAH2	-1.04263640352569
GRB2	-1.0429182524088
F8A3	-1.04380435496826
PYROXD1	-1.04420008249723
OTUD7B	-1.04430135563173
CORO2A	-1.0446827408661
C8orf58	-1.04518432276199
FAM76B	-1.04522937486124
CAPZA1	-1.04572768997646
CCDC88A	-1.04630443896952
FNTB	-1.04850335622977
MTMR12	-1.04997907562422
USP4	-1.0515874102785
RNH1	-1.05211713281721
RTN4RL1	-1.05236921404559
THRAP3	-1.05258364240575
GRK6	-1.05319644537375
PSMD8	-1.05449043623322
SOCS6	-1.05465671747058
CSNK1E	-1.05545326170752
PHTF2	-1.05562933431116
NAA40	-1.05591396199766
NFKBID	-1.05604157194434
MYO1B	-1.05784095225717
SLC9A8	-1.05834832397436
CSAD	-1.05898071628213
GLYR1	-1.05909880794997
ZNG1C	-1.05913435420983
CENPO	-1.05971030074828
ADRA2C	-1.06007454694309
UCN2	-1.06117223578418
MIF	-1.06159090289982
TLN1	-1.0617709198607
ITGBL1	-1.06281700956284
SDF2L1	-1.06339578030735
STYK1	-1.06354335957543
TXNDC11	-1.06467100116232
LRWD1	-1.06489872928814
JPT1	-1.06537549943635
EPS8L1	-1.06542837798011
EIPR1	-1.0663054745693
ST6GALNAC5	-1.06641406365597
RINT1	-1.06657842834134
ARFRP1	-1.06658621730248
DCTN6	-1.06689144869188
EXOSC10	-1.06699458367423
LAG3	-1.06727967320257
MC4R	-1.06739025920827
MAGEC2	-1.06745789327601
PCNT	-1.06754039319359
PPP4R1L	-1.06754557733281
GRWD1	-1.06770596037639
GJB3	-1.06868737918354
CEP43	-1.06873749165234
SYNJ1	-1.06882027853587
SHC1	-1.0690451266852
TACR1	-1.07009521903558
MNAT1	-1.07043264676627
AFG3L1P	-1.07064144372212
ADAMTSL4	-1.07136261163992
INPPL1	-1.07156732140952
GABPB1	-1.07160576166458
DDX59	-1.07199330071894
SERPINA1	-1.07259350777028
TGOLN2	-1.07282268538902
NPIPB3	-1.07363671342387
TP53I11	-1.07437090043753
ARHGEF34P	-1.07556769800639
DDX11L2	-1.07573198177907
DSTYK	-1.07582579143804
MTRF1L	-1.07584161534732
STAM2	-1.0762002895273
C11orf68	-1.07671993776838
S1PR1	-1.07684730722674
BLTP3B	-1.07704286448868
PNN	-1.07756896669912
EMG1	-1.07782335968096
ZBED6	-1.07804544790761
MMP24OS	-1.07910895492829
AGAP11	-1.07926224217171
OVCA2	-1.07948178755378
FHL3	-1.07960227868687
PIGS	-1.08169066690012
RALBP1	-1.0817276474833
BAG4	-1.08284892680255
POLH	-1.08290059449878
CCDC134	-1.08427206618654
POLD2	-1.08444709867607
MSTO1	-1.0847955031076
SELENOM	-1.08555274571103
PCMT1	-1.08674762979933
CGB8	-1.08691674484053
GOLGA8F	-1.08811669332564
RUVBL1	-1.08860416294252
NHSL3	-1.08872794274358
CYB5R3	-1.08882558499079
THBS1	-1.08924779269512
H4C14	-1.0896021849512
TRAP1	-1.08963254781877
PTPA	-1.08982930135412
PGK1	-1.08986296398032
MEGF6	-1.08992572384758
RGS19	-1.09051597332208
SYT15B	-1.09086396250322
TRMU	-1.09106825362459
LMBRD2	-1.09174887799687
RECQL	-1.09190830285542
SCAMP1	-1.09218458624795
SUPT20H	-1.09384681538287
DUSP7	-1.09405987495132
LDB2	-1.09409324715348
PBLD	-1.09522460721197
PBX4	-1.09582132276068
UCHL3	-1.09589074973789
ITGB7	-1.0962319844382
MELTF	-1.096675174679
GMCL1	-1.0973715299059
HMGN2	-1.09754431596904
CENPL	-1.10009179394765
KPNA4	-1.10035257817691
USP47	-1.10054527307838
MSRB1	-1.10084159641846
CNN1	-1.1035690033728
COPS7B	-1.1045960194718
SRGN	-1.10469553984988
TP53I3	-1.10506526579812
SLC35B1	-1.10663651635852
DUSP18	-1.1070564916394
PRKAB2	-1.10839979856042
EARS2	-1.10890652705803
YDJC	-1.10916817365661
CDC73	-1.10969632745583
MPHOSPH9	-1.10970092241907
AK4P1	-1.11035001237004
PAICS	-1.11052651630647
KIF5B	-1.11077464619169
INAFM2	-1.11110626450406
NECAP1	-1.11118644461935
EML2	-1.11122834417615
FAM180A	-1.11170377137596
RSRC2	-1.11185363752117
RAB34	-1.11198932918178
PSPH	-1.11212338512061
GFPT1	-1.11256666556434
NHS	-1.11370566877828
APLP2	-1.11440784733862
HNRNPAB	-1.11464388107917
SNX24	-1.11552415853757
OXCT1	-1.11569868687316
EHD2	-1.11640349372411
AK1	-1.11759549591239
AKIRIN1	-1.11794376423737
KIF1C	-1.11846911277848
CRCP	-1.11892436344726
RNF182	-1.11929370810189
ERBIN	-1.11946389651717
FAM216A	-1.11989636184171
PRKAG2	-1.12085325251957
NSFL1C	-1.12089930790194
NCAPH2	-1.12168676346815
PDGFC	-1.12183873546578
KPNA6	-1.12225121083953
KIAA1549L	-1.12244964873709
CARMIL1	-1.12264599744377
FN3KRP	-1.12283744289101
DNM1L	-1.12289729849424
ST6GALNAC2	-1.12295611716268
NOL12	-1.12382576491017
HNRNPLL	-1.12435179315414
DHX29	-1.12444258062314
CDC42SE1	-1.12527157457949
MTMR3	-1.1261202107313
VCF1	-1.12632482142917
ATP6V0A4	-1.12633377328317
VAT1L	-1.12680388359337
UBE2Z	-1.12707920574514
GABRA5	-1.12708910969738
SEPTIN9	-1.12730246402393
WDR20	-1.1283822262937
PANK4	-1.12913055395079
SLC35A2	-1.13051916084557
CERCAM	-1.13120374447206
IFT25	-1.13124455426315
WDR18	-1.1312828763699
GRPEL1	-1.13150865419291
YWHAE	-1.13203572024834
TUBG1	-1.13290796020017
DPF1	-1.13303064065522
GOLGA8R	-1.13323749193905
NAA10	-1.13386015227687
THSD4	-1.13386039436022
SH3RF2	-1.13437479332913
NSUN2	-1.13490517177335
ADRA2A	-1.1350420397654
ZWILCH	-1.13828968786511
RPRD1A	-1.13928256693568
DSP	-1.13942665313409
THSD1	-1.13980117533273
IMPA1	-1.14002352180639
ZDHHC13	-1.14002482429332
CD44	-1.14034062907956
MPP2	-1.14045591651743
ITCH	-1.14055966163854
GRM4	-1.14144634715379
NIN	-1.14147319508798
POP5	-1.1420284359476
DCUN1D3	-1.14409406771967
PTGES3L-AARSD1	-1.14419179793467
ZNF887P	-1.14439763061944
POLR3B	-1.14447304589535
BOK	-1.14456114877598
PPP2CA	-1.14469384960766
ARPC4	-1.14552750220647
OGFOD1	-1.14578797239569
MATN2	-1.14603053574626
PIP5K1C	-1.14734316799586
FAM86DP	-1.14752570006267
SGMS1	-1.14795283257774
LENG8	-1.14905991294133
NCAPD3	-1.15085242238998
CCDC107	-1.15096388498066
TNFRSF25	-1.15120795860125
UQCRC1	-1.15172822911766
GOPC	-1.15248999324095
NT5DC3	-1.15280006631129
PTBP2	-1.15322722293041
SETD3	-1.15347807658794
MGAT5	-1.15381264036644
FMN1	-1.15491328012691
CYTH3	-1.15581226389056
SLC4A1AP	-1.15680959765752
SUMO2P17	-1.15908571215956
FZD6	-1.15933756406047
SEPTIN7P2	-1.15935082553417
USPL1	-1.15950688060913
RBM14-RBM4	-1.15987680802736
TOMM40	-1.15989531923166
PIP5K1A	-1.16004414919595
KCTD9	-1.16049316094671
NDUFAF3	-1.16071722316294
ACAP3	-1.16091446995654
TNFRSF11B	-1.16164740465119
IDH2	-1.16309213987703
LAYN	-1.16412317291605
VDAC2	-1.16417468059445
TMPPE	-1.16440141824485
MAFK	-1.16478482312725
DOK7	-1.16506243037262
SLAIN2	-1.16667353623585
GUK1	-1.16698975702176
IKBKG	-1.16861788957072
ERGIC1	-1.16878715608747
ULBP3	-1.169925535753
MYOM2	-1.1700616581318
AKT1	-1.17044443136872
HSP90B1	-1.17153118313017
WDR47	-1.17166547435284
MATCAP1	-1.17176251494163
CSNK1G1	-1.17315924546177
ACOT11	-1.17417693917997
PCDH19	-1.1745333729063
PMPCA	-1.174770192486
ALKBH6	-1.17598128903611
PAPSS2	-1.17611077567118
TNIP3	-1.17614688469025
MEIS3	-1.17620367407152
NLRP1	-1.17657960174004
CRIP1	-1.17741826143178
HCFC2	-1.17860380221609
KCNIP3	-1.17874470787573
ZNHIT1	-1.17965384507295
SMG5	-1.17976300540759
LRRN3	-1.1805161296063
CASQ1	-1.18124886169983
RHOA	-1.18316556952995
ARF6	-1.18321874478912
MXD4	-1.18340370887391
COPS4	-1.18422465303021
HPS5	-1.18449753138899
CHST7	-1.18850712623619
SAP30BP	-1.18911799169583
PGAM1	-1.18986969905257
SREK1	-1.19060929498834
FAM24B	-1.19077806875197
SCYL2	-1.19094094104497
CDKN2D	-1.1911614860928
PRKAA1	-1.19220780128425
GABBR2	-1.19281607440144
CTAGE1	-1.19290699847549
DCTN3	-1.19314232155579
ALS2CL	-1.19334674452205
SBDS	-1.19339060261938
USP16	-1.19356695888108
CCIN	-1.19373628437899
RASAL2	-1.19505991953259
FUS	-1.1953060904397
ARHGAP18	-1.19566499491885
ARF1	-1.19566721632399
NT5E	-1.19619627944047
NABP1	-1.19721010350474
RRM1	-1.19751351246385
PPIL1	-1.19752795613692
KRT19	-1.19843539452799
USP12	-1.1990654652098
NBN	-1.20033054431977
THOP1	-1.20036183725145
UBE3C	-1.20083864388635
ARK2N	-1.20138096189925
MPP4	-1.20157925591441
DBN1	-1.20297951967117
NUCB2	-1.20313003016934
HEATR5B	-1.20369727615922
IRAG1	-1.2038277448449
LMNA	-1.20427419966576
RNF34	-1.2065617482843
SRGAP2	-1.20684374312091
IL7R	-1.20719548211715
TCEAL3	-1.20744247961336
SECISBP2L	-1.20762243311024
GRB14	-1.20763303705862
ACTR1A	-1.21058670188886
SCFD1	-1.21101970190462
CEMIP2	-1.21151286545796
KLC2	-1.21198714003958
LIMD1	-1.21213949488208
CLTCL1	-1.21227070598922
KLHL17	-1.21231012415478
LTN1	-1.21353769768652
LDLRAP1	-1.21404096615874
RIN1	-1.21414847062528
LURAP1	-1.21464111490256
MSL3	-1.21475534027252
ZNF148	-1.21533267357439
TEAD1	-1.21538592963529
C6orf132	-1.21672913144482
MT2A	-1.21710744277714
MYPN	-1.21729817651519
RUSC1	-1.21839553558098
SLC39A13	-1.21839985220192
TCHP	-1.21926770789355
RP2	-1.22149516934707
NPR3	-1.22151880772538
TDP1	-1.22238368876858
TXNRD2	-1.22284647805847
HNRNPH1	-1.22443093622328
SERPINE2	-1.22548877037545
GATA2	-1.22561466551481
WWC1	-1.22616728256127
NPM1P9	-1.22634421608992
GTPBP2	-1.22956971885413
PDXDC1	-1.23005630885969
MAGED2	-1.23009135681318
KLHL18	-1.23058461909625
MRPL18	-1.23100931695287
PRRX2	-1.23175063323784
C5AR1	-1.23209654632309
FLNA	-1.23249822534669
MTMR11	-1.23392596367291
EXOG	-1.23397720943989
KRT80	-1.23470984051018
TMEM50A	-1.23491847917962
TARS1	-1.23522537821554
UCP2	-1.23550056180043
BIN3	-1.2355563141001
NPAS4	-1.23555762031629
FURIN	-1.23568149454878
RB1	-1.23588898979704
SLC35E4	-1.23613787646229
BABAM1	-1.23630104077071
TENM2	-1.23667204491254
NPIPB5	-1.23724721146885
ARPC5L	-1.23732346412954
PITPNB	-1.237477997792
RANBP1	-1.23753875700714
PPP4R1	-1.23789949956086
SPRED3	-1.23831829103283
MZT1	-1.23939593195476
AFAP1	-1.23973660936153
ENC1	-1.2402218774099
TNRC6A	-1.24101165577769
DMTF1	-1.24128862611243
ADSS2	-1.24295634194388
SRSF1	-1.24311951429729
CUL4A	-1.24405185409157
EMC1	-1.24443264429676
TESMIN	-1.24485680910014
RPN2	-1.24564704727084
CELF1	-1.24631809399884
SEC14L1	-1.24631814683093
ALDH4A1	-1.24951446081421
P2RX5	-1.24985202225891
SEH1L	-1.25055796223439
SERPINB1	-1.25353668442364
CPEB2	-1.25444814514613
PPP1R3C	-1.25493781689362
CCDC9B	-1.25550322276569
ACOT9	-1.25626866649435
SHOC2	-1.25672838657971
GMPPB	-1.25675336049485
KRT81	-1.25704909039332
PCYT1A	-1.25886972816339
OR10A6	-1.25914333630646
USP5	-1.2599588604381
SPTB	-1.26023056515837
SPACA6	-1.26054324128467
NACC2	-1.26191704848125
KCNQ5	-1.26326349372104
CCNT2	-1.26326420228293
GIPR	-1.26391237370766
RHEBP1	-1.26458154424525
GIPC3	-1.26484102713283
MINDY2	-1.26609644341435
NTMT1	-1.2665057223629
SNX25	-1.26721644720555
SLC9A7	-1.26848609559563
EPB41L4B	-1.26867505845543
PDHB	-1.26896890115876
JKAMP	-1.26899512582756
MTMR2	-1.26978387091589
XKR8	-1.27127191788104
PLCD1	-1.27179942193339
PGM3	-1.2727216149091
ACTG1	-1.27395969077226
G6PD	-1.27398572426244
DYNLRB1	-1.27483675426004
MANBAL	-1.27568857506158
SELPLG	-1.27572393555388
KCNK6	-1.27588755257467
NECTIN3	-1.27600273646539
RIC1	-1.2769095482128
CDK5R1	-1.27759481814623
BTBD6	-1.27796338418521
MYOF	-1.27894047262075
SFXN2	-1.2790744489447
ETS1	-1.27972598924693
PRPF3	-1.28010390809135
LMOD1	-1.28064355891679
AP1S1	-1.28109148871997
HAS2	-1.28140181639293
PDE8A	-1.28192439332111
FBXL6	-1.28241360253964
SLC10A3	-1.28326973168976
CAPZB	-1.28352906009835
SMAD9	-1.28430756702672
RAN	-1.28432684907675
MYL6	-1.28512821353893
BCAR1	-1.28517915503234
GMEB2	-1.28647512740612
GCN1	-1.28674937335691
TSG101	-1.28760476100735
IKBKE	-1.2886829234351
RALGPS2	-1.29001820743019
MYDGF	-1.29033840540747
TXLNGY	-1.29060239147587
ARFGAP3	-1.29087916928918
GOLIM4	-1.29113786815289
KCNN4	-1.29204899207519
FBXL3	-1.29207658331479
S100A11	-1.29249169373004
FJX1	-1.29377663800415
HSPA2	-1.29401361818228
NUP58	-1.29480666288922
CDR2L	-1.29606530408587
SGCB	-1.29638213761264
NUTF2	-1.29687429372158
LSM4	-1.29699030920566
CARNS1	-1.29807925684884
CRYBB2P1	-1.29831278681743
ASB1	-1.29835017477045
RAF1	-1.29848089138094
TSPYL4	-1.2990760101844
DENND5A	-1.29956287043887
CALU	-1.30144196179347
WNT2	-1.30158908998003
ATP8B3	-1.30166517986613
SUN2	-1.3030938363487
ATP6V1D	-1.30397256984345
SEC23A	-1.30448357400073
HEATR5A	-1.30616023736574
TBCB	-1.3071013424154
EFEMP2	-1.30730650780098
RTEL1	-1.30746806569897
ERMARD	-1.30809539362971
GOT2	-1.30861389318614
TMEM184B	-1.30932288323018
ADIPOR1	-1.30978104284966
PAQR4	-1.30993710635103
GOT1	-1.31013936443676
NR2F6	-1.31054066261386
ADI1	-1.3108038938581
UPF2	-1.31452637364805
RNF115	-1.31489953366418
PCDHGA7	-1.31491054183388
ENDOD1	-1.31814560501311
RSU1	-1.31864463486587
CAMTA2	-1.32005509549939
ATL3	-1.32043187910806
TCERG1	-1.32065805365936
GADD45GIP1	-1.32117573588551
DAXX	-1.32120480589449
NHP2	-1.32258920002669
KIFC3	-1.3234873653522
P2RY6	-1.32378728715098
GON4L	-1.32382077943204
OGDH	-1.32459434903355
BICD1	-1.32494484272319
ANKRD36B	-1.32502289614083
GALE	-1.32534869223905
BLZF1	-1.32553982733816
ADAM9	-1.32653065813331
YWHAZ	-1.32667683420599
CCT5	-1.32675311433952
TMT1B	-1.32690843385347
ENAH	-1.32720697656976
TIMP1	-1.32771245694757
ASB6	-1.32779134068553
ISLR2	-1.32951614179358
SRXN1	-1.32967464598432
PDCD11	-1.33072932304263
GSKIP	-1.3320179034653
ITGB1P1	-1.33356247397572
GNA11	-1.3346712113684
RAD23B	-1.33528455199066
PDE1C	-1.33868160005612
RHOT2	-1.33906065278999
FLI1	-1.33966487495719
MBTPS2	-1.34001874477795
CALD1	-1.34062242217791
GAPDH	-1.34070066824479
TPI1	-1.3408094765909
TMEM245	-1.34107895729682
CACNA2D1	-1.34111185950685
FHIP2A	-1.34399613740101
MPP3	-1.34402312675117
ARPC5	-1.34447661676917
FN1	-1.34519883690905
SNCG	-1.34585182327082
HIP1	-1.34742656255568
LPCAT4	-1.3475238972192
PSMC5	-1.34852871545975
NPTN	-1.34937353220553
COPG1	-1.34940904082226
ARF4	-1.34941363792472
SIDT2	-1.34990623291276
DNMBP	-1.35056543577601
COA1	-1.35134903157796
AMZ1	-1.35322646088537
SH2B3	-1.35442548152693
CYLD	-1.35450734941579
COPZ2	-1.35456784968616
MAP3K11	-1.3546890254454
ADK	-1.35573472564825
CALHM2	-1.3592320173777
VPS25	-1.36042577338842
NEU3	-1.36055579883367
CHIC2	-1.36453013834339
TSPAN13	-1.36470810124726
NAA35	-1.36482545899564
XYLT2	-1.36633128933172
GPSM1	-1.3664336080343
GPC6	-1.36701667269284
POLD4	-1.36846883918951
KMT5A	-1.36976243388333
DDX21	-1.3700105923649
DICER1	-1.37105399268413
RTL3	-1.37135399037809
ALDH3B1	-1.37137661139412
MYH9	-1.37163274329807
FARSB	-1.3735836755949
ARHGDIA	-1.37360637245567
CYTH2	-1.37448983631213
EIF6	-1.37593535268304
SH3D21	-1.37609827363462
NOMO3	-1.37745813865948
MORF4L2	-1.37883748231687
PKD1P2	-1.37953910155191
MINDY3	-1.38016532688199
DMXL2	-1.38150263534975
KPNA1	-1.38170932850342
HHEX	-1.38203876606924
FXR2	-1.38571938669398
DNAJC6	-1.38574881156201
HARS1	-1.38726277698223
KATNBL1	-1.38860116811044
UBR3	-1.38866496982442
HUS1	-1.38927472492744
KIF1B	-1.39083910114652
UBE2N	-1.39117121944101
TAF1D	-1.39463354481965
ZNFX1	-1.39498833831303
CTNND1	-1.39563036884018
PTTG1IP	-1.39672258074657
KCTD10	-1.39706843369811
CAMKK1	-1.39743406644698
LAMB3	-1.39820702325237
PRMT5	-1.39839084935414
SRSF2	-1.39934003219654
WDR44	-1.3996300424755
HIGD1A	-1.40104279979373
TBC1D1	-1.40152387193282
RBFA	-1.4018488805467
KLF17	-1.40251288946831
DIAPH3	-1.4026334516129
YEATS2	-1.40307914922898
RELT	-1.40347534155705
CATSPER1	-1.40362248366137
FRMPD3	-1.40416817086927
AREL1	-1.40438911389449
RAB3B	-1.4051870170904
CEP85	-1.40566826903092
CDK15	-1.40604243870132
NMT2	-1.4067895785208
RTCA	-1.40748883716516
VOPP1	-1.40772063461954
MEAK7	-1.40843958635259
PHACTR2	-1.41018644322986
STX12	-1.41204426792066
COL4A1	-1.41205696651221
PON2	-1.41269627644295
ARL4A	-1.41305645367045
AP1G1	-1.41412945116597
FKBPL	-1.41587079476993
AARS1	-1.41657083261344
NME1	-1.41727945316089
IK	-1.41812453093235
PACSIN2	-1.42100956842651
TEDC1	-1.42134493986385
EIF4EBP1	-1.42281791366801
ELOA	-1.42307325569063
RIPOR1	-1.42425861590904
FAM86B2	-1.42433198774257
SOX13	-1.42508742300221
ARCN1	-1.425102500759
NPLOC4	-1.42613599650513
CERS5	-1.42651651132873
COG1	-1.4273955509822
SMURF1	-1.42858577834032
PSMD6	-1.42873098025178
FKBP1A	-1.42921216077603
LYPLA1	-1.4299139594445
B4GALNT1	-1.43026704232136
FSTL3	-1.43032539723896
PGM2	-1.430569655588
ZNF700	-1.43163668498922
DTD1	-1.43184195277227
GNB1	-1.434058660906
SRSF10	-1.43524207120366
MYO5A	-1.43555875444173
PPP1CA	-1.43558555367346
GATAD2B	-1.43684947374692
CCDC14	-1.43754708435231
PYCR1	-1.43877350630351
VEPH1	-1.43879647541949
SUCO	-1.44045065690561
SS18	-1.44235928439499
DMPK	-1.4448474005222
VDAC1	-1.44507233174594
SEC24D	-1.44522381844592
PYGB	-1.44721760529261
MAPK8IP3	-1.45193939445037
RND3	-1.45254329181757
TUBB3	-1.45310013217513
RUSC2	-1.45346904507628
SELENOT	-1.45372268993957
PLEKHN1	-1.45425873742803
USP13	-1.45452060616625
VEGFC	-1.4546425026705
SRP54	-1.45521941321942
OSBPL6	-1.45585700165221
TGFBI	-1.45616936001274
MED14	-1.45640228100046
PPDPF	-1.45707935179741
EIF4E	-1.46004033270307
DMWD	-1.46134290837124
SH3BP2	-1.46178182679532
NANS	-1.46208984692472
TFAP2C	-1.4635046299022
SLC1A1	-1.46381109253478
PIK3CD	-1.46400321344061
RARS1	-1.46427670882595
PMS2P10	-1.46782334174158
CENPX	-1.46942631008141
UBA6	-1.47251782155051
ODF2	-1.47428943165596
PARVB	-1.47552226291875
TNFRSF10D	-1.47609945350848
TRAPPC14	-1.47671240872492
TMOD3	-1.47716229356599
HSPG2	-1.47855773206043
ANAPC5	-1.478644604094
CREB3	-1.47867544634171
ULBP2	-1.48021494525332
ZC3H7A	-1.48328368664344
EPS8L2	-1.48421724086685
WWC2	-1.48501221498651
ATP5IF1	-1.48594642716172
RTL8C	-1.48912377875055
TJP2	-1.4897840669824
DNAJB6	-1.49075574224722
TUBG2	-1.49114867201133
PCDHGB5	-1.49125883316422
HERC3	-1.49128666487639
RELCH	-1.491335956709
PTPRB	-1.4927456394015
SPRYD7	-1.49405257268745
DST	-1.49587200376071
GBF1	-1.49649607786721
SMG9	-1.49652673079401
SMTN	-1.49673897523502
POLR2L	-1.49758504215861
SH3TC2	-1.49762785134128
COQ4	-1.49790023131669
LUC7L2	-1.49814645474514
PLEKHG2	-1.49875909724436
ORMDL2	-1.50006020738155
GFM2	-1.50097752537806
ELAC2	-1.50377938722191
EMC6	-1.50596741270141
SNAPC3	-1.50742264542746
KCTD5	-1.50759596807183
ARPC1A	-1.5080359186232
KIF13A	-1.50930491535271
ZMYND8	-1.50937866753467
NTM	-1.5100439654563
RAPH1	-1.51101492780635
FSTL1	-1.51111055995241
PDLIM4	-1.51153704156264
LIMK2	-1.51701811667994
DPF3	-1.51773725972302
HERC4	-1.5182276723975
PLAUR	-1.51856391210482
RDX	-1.51862125248123
TENM3	-1.5188194413556
SEC14L2	-1.51954727805584
PRR7	-1.52167138371204
GCNT1	-1.52202570057044
HEG1	-1.52313023309138
ENO1	-1.52343069251307
TRA2B	-1.52365778348668
ILK	-1.52506971285314
TENT4A	-1.52541281787781
LOXL2	-1.52568915207583
DOCK10	-1.52700659640081
PDLIM5	-1.52772827757927
LIMCH1	-1.52799406008161
POLK	-1.5300608926355
ANAPC15	-1.53014500498865
RAI1	-1.5304386161095
MYL12A	-1.53044745089217
TPMT	-1.5308848892718
ENTPD4	-1.53154291070505
TRAF3	-1.53353870293647
HIVEP2	-1.53485235843239
SRPRA	-1.53514827892164
ZYX	-1.53578534707363
CLOCK	-1.53600501827992
FRYL	-1.53602123644895
B4GALT4	-1.53603795275616
SNRPA1	-1.53689598788352
PSMC3	-1.53734549683972
C5AR2	-1.53746886451414
SBDSP1	-1.54111902796984
C11orf24	-1.54124501794587
LPCAT2	-1.54134933051159
NET1	-1.54217286788721
FLNB	-1.54286361998218
CLASP2	-1.54350546424521
NCLN	-1.5436836512863
SIPA1L1	-1.54431435990085
PTPRJ	-1.54509909536595
PKD1	-1.54557604138362
SCHIP1	-1.54591367135662
MPDU1	-1.54679772217069
C3orf52	-1.54840839548388
TANC2	-1.54916814196079
COL4A2	-1.54991826221826
GNG5	-1.55234827817664
FOXD1	-1.55328581877414
ADAMTSL5	-1.55424873647735
CDC42SE2	-1.55508346298964
MYEF2	-1.55551254510627
MRPL17	-1.55574064293628
RCAN1	-1.55583895289791
ELOVL1	-1.55615155869068
VAMP1	-1.55618335600901
PLEKHB2	-1.55867284366197
TBC1D23	-1.55877631080916
TAOK2	-1.55914594425882
PTPN1	-1.56289325185434
PRADC1	-1.56370271235665
TSEN15	-1.56431510848644
NAA25	-1.56444781433742
GPT2	-1.56459925293925
MALT1	-1.56530140872811
TNS1	-1.56576636125354
FUBP1	-1.56669682669754
HYI	-1.57043869173785
TRA2A	-1.57060040437378
RPS10-NUDT3	-1.57239475310795
MED15	-1.57372633685267
B4GALT2	-1.57573614421351
ROCK1	-1.57744070885577
PCSK7	-1.57789861788709
GBP1	-1.57811452371331
PHLPP1	-1.57831029031427
ACTB	-1.57891320398393
NPAS1	-1.57918457232641
IFRD2	-1.58115176781307
PIN1	-1.58142377726021
PPM1F	-1.58473482045232
PPP2R2A	-1.58651119202052
KRT16	-1.58703591849133
PLSCR3	-1.58703687190842
SPEG	-1.59267335825315
BLCAP	-1.59319984668941
GNG2	-1.59409639493033
EIF5A	-1.59517790927198
TRIM7	-1.59686831635647
MOB1B	-1.59868539744557
SUMO3	-1.59874945925368
ZBTB18	-1.59956567626477
CLEC3B	-1.60156444263782
DCBLD2	-1.60166412019889
RCOR1	-1.60167486898736
IKBIP	-1.60191632813132
MAP3K14	-1.60322200287976
UBR1	-1.60474092700558
NLN	-1.60628313429027
TPD52L2	-1.60651462689865
C2CD3	-1.61059414115102
BICD2	-1.61108736383909
OGT	-1.61268739411519
PUS7L	-1.61406413204257
TSPAN2	-1.61644951107403
NEXN	-1.6169123631391
DKK3	-1.61716624449338
CXXC5	-1.61763942096058
SLC38A2	-1.61836378073043
AMIGO2	-1.61894721589183
ABHD2	-1.61957516778001
ARPC2	-1.62077065722876
HK1	-1.62115509612061
BORCS8	-1.62277033821273
ALG9	-1.62907187364635
MYL12B	-1.62922174121802
SELENOI	-1.63041394986993
ALPK2	-1.63209295488319
ADRA1D	-1.63266634696508
EPHA2	-1.63309101384676
CBLB	-1.63328458522568
FAM177A1	-1.63456323225479
WDFY2	-1.63485619592306
TRAPPC10	-1.63539907651235
NAPG	-1.63546302538193
GSS	-1.63655220837109
ANGPT1	-1.63714397693558
ESYT1	-1.63949139845621
POMGNT1	-1.63977897052072
IGFBP6	-1.6408079687426
MSI2	-1.64115079302308
FCHSD2	-1.641713893387
BRD9	-1.64196144550577
CTPS1	-1.64200348705973
PLAT	-1.64365954925947
OXSR1	-1.64408351317765
GPR176	-1.64572103480976
CHAC1	-1.65212040660759
H3P6	-1.65275338113938
ABCD3	-1.65279507269934
YWHAQ	-1.65491574205632
HBEGF	-1.65677187043182
CD68	-1.65743709997015
FGFR3	-1.65821141013804
MYO1C	-1.65918383098166
DDX24	-1.66062246028457
MYEOV	-1.6608367126249
IMPDH1	-1.66179672104742
MGLL	-1.6624436238069
PHLDB1	-1.66267363887974
HOXD4	-1.66456791282387
CALM2	-1.66458290270822
PFN2	-1.66469317121628
PSMD12	-1.66770775177338
PAFAH1B2	-1.66906431146355
SLC4A8	-1.66948474338277
DNAJC5	-1.67031242819894
SMAGP	-1.67081683617716
CDH13	-1.67228412524853
AP1B1	-1.67269967145871
NXN	-1.67735683839512
NBEAL1	-1.68215707863681
RAB11FIP5	-1.68277655786904
MLF2	-1.68488181141025
PTPN14	-1.68549287952186
SERTAD1	-1.68758499117432
CHLSN	-1.68832774231367
JPT2	-1.68988323305327
PPIP5K2	-1.69088148610536
NOTCH1	-1.69256400001093
RTF2	-1.69438532422149
PRELID1	-1.69459113445572
MBNL2	-1.69502283254026
TSPO	-1.69533936307739
SGCD	-1.69582434040667
TICAM2	-1.69609715492936
NQO1	-1.69652280794878
SH2D4A	-1.70261089296883
GCLM	-1.70356482433582
GNG11	-1.70481877505096
RCAN3	-1.70692997280564
QSOX1	-1.70812272147484
OTOGL	-1.71132811656916
GLTP	-1.71154033158986
PKP4	-1.71325426612674
GAS2L1	-1.71368344980522
DYNC2I2	-1.71706302999764
LSM1	-1.71803691998985
CLCF1	-1.7193376785738
RRAS2	-1.72048555169427
TRAPPC1	-1.7208001062985
MBNL1	-1.72135428810401
CLIC4	-1.72172045834911
SENP7	-1.72599813275523
SYDE1	-1.72625650910205
PDPK1	-1.72713699428426
NGF	-1.72818802763571
PRAG1	-1.72870519934751
WFDC21P	-1.7304878913108
BAIAP2L1	-1.73062774834649
PFKL	-1.73123887432686
POLR3A	-1.7329568207874
RAD18	-1.73302996455667
FKBP11	-1.73476391510564
LRP8	-1.73542806102941
GGH	-1.7362707913069
ODC1	-1.73893525948601
TMEM106A	-1.73978357531903
STK17A	-1.74070382939078
GNPNAT1	-1.7411834685454
LMF2	-1.74134278710438
COPS6	-1.74139284997132
ARHGAP22	-1.74261181867779
GSE1	-1.74271526206006
NOC2L	-1.74343331117689
NACC1	-1.74363881451165
VSIR	-1.7442270694702
TAGLN	-1.74515476771094
SEC23B	-1.74515560313086
TGFB1	-1.74535395967813
MTMR6	-1.74606469561209
SUGP2	-1.74649390210459
PVR	-1.74949104461009
CRYAB	-1.74984856200122
UBA1	-1.75230681825035
SH3BP4	-1.75268600586464
EIF5	-1.75389446779913
BIRC2	-1.75420268065083
IL17RE	-1.75583839303128
CAVIN3	-1.75752889234358
MAPRE1	-1.75757261495625
WFDC1	-1.75832589725093
FAM114A1	-1.75956613760265
PIAS3	-1.75973162352327
WSB2	-1.76041474486079
CAP1	-1.76117899264213
IL11	-1.76768576946601
CCZ1B	-1.76819817764696
SMAD6	-1.77148684059328
DVL1	-1.77431951883408
LRRC59	-1.77568921381333
PLCB1	-1.77595265074481
CCDC85C	-1.77615372172291
LOXL1	-1.77698371311626
SCARF2	-1.77842992407849
UHMK1	-1.77872256918657
FAR1	-1.78284253286449
GPC1	-1.78314215670626
KIAA1549	-1.78332473704361
ZHX3	-1.78435428723495
KCNMA1	-1.78481651900225
RANGAP1	-1.78961125309413
DBNL	-1.79096182136436
PICALM	-1.79170920847746
MYL9	-1.79172720433894
CAT	-1.79185722496576
TENT4B	-1.79469640175865
EHBP1L1	-1.79543510565651
NES	-1.79638017608099
TALDO1	-1.7970800699981
MFGE8	-1.80334449233648
XYLT1	-1.80425881428998
XPO6	-1.80530938976703
PPP2R1B	-1.80568544543381
PPP1R14B	-1.80671393694599
PLOD2	-1.80895588217269
LIMS2	-1.81602433147318
FAM83G	-1.81788902245697
CALM1	-1.82270480198634
SCUBE3	-1.82453043848075
SLC7A6	-1.8246127082727
SCFD2	-1.82574699608268
MYO9B	-1.8260580254602
DIAPH1	-1.82772392222183
MAGED1	-1.83229943986822
ENG	-1.83280872194664
RDH5	-1.83329596664499
CNST	-1.83375997707694
PRKCA	-1.83723834652777
PLEKHG5	-1.83762235349553
EBNA1BP2	-1.84188172765237
NPIPA1	-1.84371252497655
AJUBA	-1.84437184759901
SSH1	-1.84451276424125
PSME4	-1.84575756406181
TIMP3	-1.84591846622459
FST	-1.84790792539986
SEPTIN11	-1.85283479013288
FBLIM1	-1.85318359605799
BCL2L1	-1.85816227387191
DENND1B	-1.8589653730725
TMEM131L	-1.86004376818518
TCP11L1	-1.86178486240527
EXOSC9	-1.86199867687222
CASZ1	-1.86221886595381
SSX2IP	-1.86621819217674
ASCC3	-1.86640974561724
KLC1	-1.86737322257827
EIF1AX	-1.87305245236832
FTSJ1	-1.87924110557949
CAPNS1	-1.88044047154904
POGLUT3	-1.88065107964538
RABGEF1P1	-1.88106799556601
EDN1	-1.88694684928684
GANC	-1.88760338980933
MYSM1	-1.89000050247081
LOX	-1.89015971635348
RBM25	-1.89270172089137
AMOTL2	-1.89913704343078
PALS1	-1.90091863213173
RAB1B	-1.90287640907895
OSTF1	-1.90395394265331
CD2AP	-1.90619594563814
MTCL2	-1.90653164969741
ATP13A2	-1.91251643253749
SLC20A1	-1.91324386315944
DIXDC1	-1.91435517705661
NDEL1	-1.91660258066
SRM	-1.91713777402062
ATP2B4	-1.91822607910333
VCL	-1.91919279613592
FAS	-1.92109030454702
GMPPA	-1.92293158825551
CSRP1	-1.92615488103886
ATAD3A	-1.92887982325961
CFL1	-1.9299841670465
PLK2	-1.93003230537013
LASP1	-1.9317317960811
NOG	-1.93192811094202
IGFBP3	-1.93224982463459
AP2M1	-1.93234860753757
FAM13B	-1.93314267295235
GIPC1	-1.93361763952927
BAG3	-1.93526719313768
KRT15	-1.93570492602661
ZDHHC21	-1.93725511139238
ANXA2	-1.93970612864829
ITGB1	-1.94037407849112
C12orf75	-1.94181182656409
TUBB2A	-1.94360840376868
RRAS	-1.94560548506217
DENND3	-1.94583961292205
ZNF714	-1.94978047042657
SYNPO2	-1.95248695835516
LDHA	-1.95480040211459
MSN	-1.95768559338782
CDC37	-1.95793777060068
APPL2	-1.96385411013996
STX2	-1.96406120474959
ERCC2	-1.96961746962013
PMM1	-1.97074271751964
TPGS2	-1.97167012097382
DIPK1A	-1.97254359850274
ADAM15	-1.97636972098097
KIFBP	-1.9794525486356
RABGEF1	-1.98358571305334
PSMD2	-1.98369952761066
DDAH1	-1.98591081463796
FRMD4A	-1.99108996906528
ANKRD13A	-1.99571850150739
ROGDI	-1.99635182850036
TRIM27	-1.99672725794079
CREG2	-2.00426060093659
MAN1C2	-2.01220302405639
TMEM48	-2.01768807517683
PCSK10	-2.02518022669535
ADAMTS13	-2.02750909784335
FXYD5	-2.0391647138628
COX8A	-2.03920264131496
TPM3	-2.04053381074215
GALNT5	-2.04254462775988
BTN2A1	-2.04378344135056
PTMS	-2.04453288132881
ADAMTS1	-2.04723858158956
CORO1C	-2.04784026701575
LIMA1	-2.05209295116938
EMP3	-2.0530143201152
ASAP2	-2.05784309318775
TUBA1A	-2.05970378629354
STC2	-2.06056526882323
VASP	-2.0610578698413
TXNRD1	-2.06353786557922
SDC4	-2.06442774246205
S100A16	-2.0681896654342
MICALL1	-2.07087459543072
TUBB4B	-2.07595204035714
RIC8A	-2.07805174897091
PDLIM1	-2.07807565376847
VAV2	-2.08880703008906
RALB	-2.08908480342558
APC	-2.09124839016159
DOP1B	-2.09640222216924
NLRP10	-2.0998577225817
NOTCH3	-2.10119274265016
FEZ2	-2.10143273134519
PIEZO1	-2.10737082632502
PNPLA2	-2.11307294615346
TAFA5	-2.11317457755232
SSR3	-2.11621175163235
RHOC	-2.12087873966398
NHERF2	-2.12538469558402
ANK1	-2.12947462657861
SHB	-2.13409075905592
SDC1	-2.13809809926493
ADAMTS6	-2.14163999191554
DCBLD1	-2.14288878840967
EFL1	-2.14414668659627
SAMD4A	-2.15119001484842
DRAP1	-2.1535837181005
SLC7A11	-2.15505323492222
TNFAIP1	-2.16768009162399
HACD2	-2.17027091232305
TRIO	-2.17063600215462
HSPB1	-2.17108317159343
CCND3	-2.17341746253373
SACS	-2.17445248932949
ADAMTSL1	-2.17448160424825
ARPC1B	-2.1788742036642
CAVIN1	-2.17991168129714
CIB1	-2.18200795105517
SLC2A1	-2.18576075815966
GALNT2	-2.18628042541886
DUSP10	-2.19089462113467
KIRREL3	-2.19458169308145
PPFIBP1	-2.19619915415248
PAWR	-2.19762401848273
FADS3	-2.19942566820031
CDK6	-2.20540016838105
AP2A2	-2.21369102758972
RPL9	-2.21633029895635
DDA1	-2.2179457880517
CDH2	-2.22267532196912
ITGA6	-2.22291375082285
MYBL1	-2.22397010036275
ESM1	-2.23626093251352
CHST3	-2.24802562646993
TUBA1B	-2.25047175038792
APLP1	-2.26038846783011
PHLDA2	-2.26093415986854
WDR1	-2.26148146808648
XPR1	-2.26272843916862
TUBA1C	-2.26280092934116
GALNT6	-2.26867243647695
MPRIP	-2.2743217933682
SLC16A3	-2.27827292643994
CEP170B	-2.28129439997908
SPTLC2	-2.28185105946104
PFKP	-2.28543547810019
LZTS1	-2.28922394112219
AXL	-2.29037066833096
YWHAH	-2.29328823002
TUBB	-2.29794970077921
NKTR	-2.29808892688682
PLCB4	-2.29925062207124
RGMB	-2.29943828572689
ANKLE2	-2.29993032547937
PLXNA2	-2.3101315206295
CDC42EP1	-2.31045501509211
FAT1	-2.31111239901256
ACOT7	-2.31300483200107
GALNT10	-2.31810603604187
SPRYD3	-2.31957917687436
PKM	-2.32465702940262
PLXNA3	-2.32882209893908
OSBPL3	-2.33013332251326
SEMA7A	-2.33730483450801
NIPAL3	-2.33932400206904
YIF1B	-2.34518284837454
PRR16	-2.34944609217399
RASA1	-2.35289148553791
PFN1	-2.35520318280081
ERCC6	-2.36551229052002
ATOH8	-2.36615497833789
SPOCD1	-2.36852459695696
MYCBP	-2.36878821149388
GDI1	-2.3710030910724
TPM2	-2.37318154573553
NME4	-2.37347744723676
SH3BGRL3	-2.37389015950021
LMO7	-2.37713436383208
NEDD4	-2.37834226759999
PSG5	-2.38376688803473
TUBB6	-2.39198587532519
ANXA1	-2.39526795150528
CFL2	-2.39822169926029
LRRC15	-2.39835998425839
MYLK	-2.39880447204947
UBASH3B	-2.39881803798293
LBH	-2.40622068152889
RFLNB	-2.43331676048171
SELENOW	-2.4360292358521
CKAP4	-2.43932916225542
BDNF	-2.4393438819631
LRRFIP1	-2.44144484778296
NIBAN2	-2.44615294796778
EPG5	-2.44709533266845
NAP1L4	-2.45251484424421
LRRFIP2	-2.46165951408818
TAGLN2	-2.4654600952278
PRIM2	-2.46620722458547
MT1E	-2.470381713812
PRKD1	-2.47167844135715
ELL2	-2.47832198185227
CD151	-2.48788996940839
RBMS2	-2.49144178236014
ARHGAP23	-2.49889144376763
COTL1	-2.50727364732671
ATOSB	-2.51754084862408
NCEH1	-2.51846347356566
COL7A1	-2.5318959158215
ASL	-2.53507821452886
GNAI2	-2.53543621436278
KDELR3	-2.55616577128243
GRAMD1B	-2.5574298280412
NBL1	-2.55938079583912
CTNNAL1	-2.56749705018039
LY6K	-2.57331244022634
CENPT	-2.57477652895508
NFASC	-2.58882592096675
NF2	-2.59977236491141
MAP2K3	-2.60256798467369
CSPG4	-2.60424905061297
SLC7A1	-2.60565590024856
FGFRL1	-2.63485204480639
ID2	-2.63855128240488
GRAMD2B	-2.64575327601226
TOM1L2	-2.64756908507498
IQCJ-SCHIP1	-2.65185741794983
TLE4	-2.65393105981107
TRAM2	-2.67616646504382
SGTB	-2.691709013603
PLP2	-2.69326043082601
PLEC	-2.69844963312333
FHL2	-2.69981541866865
BTBD3	-2.70014306472014
FLNC	-2.70631631644263
ARSJ	-2.7140864733256
RASSF1	-2.71493547844164
KATNAL1	-2.73437236505906
ACADVL	-2.75300424606646
MICAL3	-2.75821925292628
DKK1	-2.7614459495343
EVA1A	-2.76254464429102
ALCAM	-2.76444522555978
CKB	-2.76869898236797
TGFB1I1	-2.7707968660258
CUL4B	-2.77173325644635
SAMD11	-2.77861909822024
CRIM1	-2.78514993688204
SH3RF1	-2.78742526668144
CITED2	-2.79841341446322
BCAR3	-2.80133170169726
WNT5B	-2.80926306288809
DGKA	-2.82738529213879
CLTB	-2.83751279364728
PCBP4	-2.83908570178614
GYS1	-2.8762631661824
PODXL	-2.89173514054714
EHD1	-2.89231218308736
CPPED1	-2.90244608352051
ATP8B1	-2.91123896625694
ANKRD52	-2.9325398404437
NRG1	-2.94484278949165
MET	-2.95009899162271
PPP1R12A	-2.97986306937035
FGF2	-2.98730246204558
SLC4A4	-2.99080874500956
SPDL1	-3.03946070596981
SERPINE1	-3.04015302287243
PRPS1	-3.04654856838497
SLC8A1	-3.06350225531982
SLC7A5	-3.06552062229128
PDCD1LG2	-3.07016719666214
ITGA3	-3.07838598501347
ADIRF	-3.09847486628945
MACIR	-3.12875125414248
PDLIM7	-3.14510939904441
CCND1	-3.14979206322533
UAP1	-3.15817554726028
OXTR	-3.17366088658495
FMN2	-3.17490291414813
ATP10A	-3.21142392916586
TNFRSF12A	-3.32799674822323
CAV2	-3.34076001076173
TPM1	-3.40645865076309
SMURF2	-3.43062250035064
NEK7	-3.45278302196112
SHROOM3	-3.49058116695302
TES	-3.51792311472104
CAV1	-3.5335756119537
MALL	-3.56034633221796
DOCK5	-3.56281836197692
TMEM47	-3.6708696405652
GLIPR1	-3.68888501726497
HSPB7	-3.74634108786403
MICAL2	-3.86011200718464
MARCHF4	-3.89421782645645
EZR	-3.93847668370916
SULF1	-4.53038074769033
