SHISA2	5.50795208235056
RYR1	5.01330392861538
RGS3	4.82285182356257
LGALS3BP	4.76393810860204
HSPG2	4.75533611008297
SLIT2	4.6764673867067
SYT13	4.59812988957614
ABR	4.5780555474192
AGAP7P	4.50357762687698
RASA4B	4.38001035842462
RASL10B	4.34360311921108
RASD2	4.33727088289135
TMEM163	4.31697280400154
PLD6	4.3161744932626
SV2B	4.30450671348571
GATM	4.2946559437189
ID3	4.28547660583985
MSX2P1	4.26292683830975
GPC3	4.24339276305571
EMX1	4.18727263012177
TTC38	4.18462142195122
TMEM151B	4.18060665153729
CLDN19	4.17294048052563
NME1-NME2	4.17046022487412
GDF6	4.12167648253452
SLC22A17	4.1130716850213
LPL	4.07027172415861
MAT1A	4.0578180723248
MSN	4.05604147405518
RASA4	4.05183949920211
INTS10	4.00937734066568
PPFIBP1	4.00022248764801
COG5	3.99527737473836
CD74	3.97319040303173
RIN1	3.97043013324755
PPFIA3	3.95698057746896
LANCL1	3.9509889588593
ATP10B	3.94667338798408
TAC3	3.9465515830629
CYP2U1	3.91097533814606
UCMA	3.90165499924913
FYN	3.88444381789582
MFGE8	3.8830981183562
AKNA	3.86997474917575
SERPINF1	3.86777151046955
TMEM130	3.86322197386659
BTBD17	3.85684252381141
ANO9	3.85479578499863
CPZ	3.85463482942526
C10orf105	3.85371773000082
IDS	3.84851772812234
CADM2	3.83568798879328
SPTSSB	3.83385921900066
MLF1	3.82768150905643
PHF24	3.80814497891396
EEF1A1P11	3.80804881290072
FSD1	3.8022746182459
BCAM	3.79825151293808
SNCA	3.79597178586994
RRAS	3.7917192618138
BICDL1	3.79084590725744
TINAGL1	3.78194474803291
TNNT1	3.7797506589923
TNFAIP8L1	3.77957053530826
AMOT	3.7742732364296
IGSF1	3.75249296070821
SLC9A5	3.74908761872617
ANGPT4	3.74527374719107
COL9A1	3.73819138432031
SEZ6L2	3.73271234658175
CLGN	3.73171053590962
GRM8	3.72492913831351
GRIK5	3.72124800781134
EPHB1	3.710912421647
ESPNL	3.69696533305813
BIN1	3.68880634354626
GRIA3	3.68292397525567
TCF15	3.67326466913536
IFI30	3.67311173198735
ZNG1DP	3.67086012991142
PTX3	3.66764757404731
EFHC1	3.6669161389612
CHST1	3.658355391221
PDGFRB	3.65620930460068
BMP6	3.65153217179374
SYN1	3.65126911884434
KLF9	3.64923922704959
PGA5	3.64150480756061
ADAMTSL2	3.63639450978018
BUB1	3.63096687390959
CSMD2	3.62935239336085
ADGRD1	3.62316081455666
SH3PXD2A	3.62177338092719
HEPH	3.62070010617914
PRKCB	3.61860786015699
ISOC1	3.61713192626713
PNPO	3.61129895505457
PDGFB	3.59893553175525
TGFBI	3.5977391409306
NRXN2	3.59516753360199
PNMA5	3.58735459134334
IGFBP6	3.58629015942946
ENTPD1	3.5836995910312
BRINP2	3.5777112886831
PTGIS	3.5744527670818
ARHGAP23	3.56468178787277
GRIN2B	3.55811684811659
SHOX2	3.55768243414438
MYL11	3.55083358651971
TBC1D9	3.54651392536839
CGB2	3.54415585279297
SLC15A3	3.54227022869924
RTN4RL2	3.54028442036362
DAGLA	3.53896755142656
IGSF3P2	3.53860656239389
XYLT1	3.51936220926407
FCGR2A	3.51330481779193
DISP1	3.51017109727577
TGIF1	3.50510343357652
FBXO43	3.50240606378416
JPH4	3.49667418008196
PLLP	3.49580385673271
TCEAL2	3.48959873505771
ZFP36L1	3.48700821214368
OR4D1	3.48314422344491
ENG	3.47700739544002
ST8SIA1	3.47353794830134
HADH	3.46802866833857
EPHX2	3.46332099246472
JAM2	3.46285281023122
GSDMD	3.46011569735166
NLGN3	3.45693317046264
TACR3	3.44142952239151
ZNF672	3.437867536512
SLC5A8	3.43758773800744
FAT2	3.42502118304814
DDX25	3.42479613379247
BMP8B	3.42403630549884
TCEAL6	3.42213138088819
MMP16	3.4217900803839
SNPH	3.41994670717882
EHBP1L1	3.41982447536078
RELL2	3.41697479624178
SYNE4	3.41631548406205
KRT222	3.41461945679233
PRR5L	3.41049677445111
SUSD4	3.41012341782173
PLXNB3	3.40883376061346
MARCHF4	3.40342559663233
DGKK	3.39995306738491
STXBP1	3.39887409585077
GALNT14	3.39882873927785
FHOD1	3.39070969295677
WASF1	3.38623563867014
CHP2	3.38474311989095
PPM1J	3.38412078755704
MXRA5Y	3.38278561293154
MEIOC	3.3809346649211
PTGES	3.37624241913962
BNC1	3.37226125764893
MAPRE2	3.37185565507326
GAL3ST1	3.36973203683845
SYNPO	3.36679114145469
GFUS	3.35957233821433
BGN	3.35941155402527
TSPAN15	3.35662157210445
FZD9	3.35615312265651
TLN2	3.34892189092111
TMEM185A	3.34379554300334
PLEKHG4	3.33955598925825
TNFRSF18	3.33487115745873
SEMA6B	3.33442383680093
INSC	3.33243700455894
SHISA4	3.3278496151896
TMEM196	3.32763053624519
ITGA6	3.31665709493518
FHOD3	3.31529458053088
EDA	3.31448803265745
CBLN1	3.31049551262834
MFSD2A	3.30182857986181
HEYL	3.30124398741052
ADRA2B	3.29660347864234
SHC1	3.29642017157882
PODNL1	3.29529400911824
BCAT2	3.28870776470742
CALCRL	3.2859448009533
BEX2	3.2856475324585
ELN	3.28503631818147
HPCAL4	3.28459895240233
CALHM2	3.2814169671122
PHLDA1	3.28108563991717
MALL	3.27681525872178
ITGA5	3.27555349748635
OAS3	3.27162129062466
STAMBPL1	3.27127294077894
RHBDL2	3.26996474949329
LYPD1	3.26620600901344
RAB11FIP5	3.26447343037392
DPY19L2P4	3.26323465599757
RGS9	3.26171840118078
LGALSL	3.26103492683065
CACNB3	3.25847763136171
SNAI2	3.2567673304506
HLA-DOA	3.2551211796104
NPTX2	3.2519267253864
FCHO1	3.2503336775125
CHMP7	3.24418627447752
COBL	3.24371353849968
ANKRD24	3.23350580802801
SIM2	3.23289445461129
MAP3K11	3.23153107745288
LCN10	3.22837094245462
HTRA3	3.22822550280783
PCDHB10	3.2273069633624
MXD4	3.22120437822915
BATF2	3.21972962790031
SLC35C1	3.21666480584335
CHGA	3.2166542019796
STAB1	3.21467563535651
ASMTL	3.21222762266825
FNDC7	3.20595393248165
RTN1	3.19841258414061
LAPTM5	3.19806647509349
FABP7	3.19728342892444
NOL4	3.19682186201211
CRYBA4	3.19211207664723
OPCML	3.18842012989256
TIMP1	3.18804251743649
NPAS4	3.18804206587293
APOBEC3G	3.18715747590734
NT5E	3.18704174128146
CX3CL1	3.18532060721987
CILP2	3.18456487538297
APLP1	3.18249370172304
DOK4	3.18180606833328
LYNX1	3.18035000718998
CPEB1	3.17953534945496
MX2	3.17668730422597
GCK	3.17659885101082
ZC3H18	3.17615772933111
FTH1	3.17544689786104
S100A16	3.17509946732832
SP110	3.17418479868814
SYP	3.16916156724303
FUT9	3.16748614086644
COLEC11	3.16532672300518
ATN1	3.16426941688169
PSMG3	3.16398280168393
FAM111A	3.16188381394739
DGAT2	3.16106775474762
HDDC2	3.15918497049532
HSPA12B	3.15869858400595
IQSEC3	3.15827247275999
UNC5D	3.15417451844536
RPL23AP82	3.15216028053483
F10	3.1509536828383
DMPK	3.15077424652686
DPEP1	3.1501750215276
CDH5	3.1492491721819
DAB1	3.14827456361078
MSRB3	3.14494400292066
TNFRSF1A	3.14341778642204
DHRS2	3.14269862819551
SHE	3.14214862906842
TCEAL5	3.14108692515573
SARDH	3.13652291260361
FLII	3.13583596384542
ANKRD36BP2	3.13581308825713
SLC27A1	3.13437833232478
IRX3	3.12613246605786
PIR	3.12584025875243
RSRC1	3.1256789939258
ZSWIM9	3.12285790701903
DISP2	3.12276227657985
CREB3L1	3.11631145551544
RCSD1	3.10254097106327
PRKD2	3.10149304890057
GDAP1L1	3.0941925830457
C3orf70	3.08722114998399
LMO2	3.08563654651657
FOLR1	3.07907755351615
HTR1B	3.07609478992323
KIF17	3.07244554133567
RPH3A	3.06892279154427
CADM4	3.06814878674353
ADAMTS10	3.0681043740563
LPIN2	3.06103170482342
ELOVL3	3.05993321086382
LRATD1	3.05161112579998
GRIK2	3.05016004820162
RSPO2	3.04990158782332
ATP1A2	3.04826033017856
C1orf94	3.0468937513529
PTGFR	3.04589520845293
ATP2B2	3.04529897692241
WHAMMP3	3.03863706832437
RIMS1	3.03783067323112
FOXS1	3.03639180801428
CHRNB2	3.03635128572236
ANKRD1	3.03591979386178
NFASC	3.03466499368254
MOCOS	3.03286016633703
EVI5L	3.03179304161006
NTM	3.02881246614698
IP6K3	3.02807522635687
TCTN1	3.02435942205614
SOD3	3.02229533711163
LOXL2	3.01987690460027
ERCC2	3.01759608571736
MEX3B	3.01706222133116
TICAM1	3.0167237672879
CYTL1	3.01634962303041
CALHM1	3.01442522268454
KANK2	3.01253154843917
TMEM82	3.01139550633775
LRRN2	3.0107869169827
POC1A	3.00984168349508
MYRF	3.00911634646897
OTOF	3.00779777572236
C1S	3.00419987105917
CD79B	3.00181048252399
CLVS2	3.00092675011148
RAPGEF3	3.00015906243612
NUCB2	2.99287979754298
GAL3ST3	2.98868580334202
ADGRG1	2.98665184902714
TTYH3	2.98610425211312
ANKRD34B	2.98426131763489
CYBA	2.98398192479793
NOVA2	2.98203336514095
ST3GAL3	2.98057968022648
VSIR	2.97708966264423
KCNN3	2.97595327873195
TECR	2.97376262548182
TFR2	2.973762167918
SMOC1	2.97027076729746
GNE	2.96773796318183
RRBP1	2.96619175589205
CTNNA2	2.96528952561648
DACT3	2.96358529426425
EMP2	2.96303191006918
WDR35	2.96068670781048
BTN3A1	2.96055916628973
TNNT2	2.95797025097477
CXCR2P1	2.9563583502324
GALNT9	2.9561265840784
WDR62	2.95502742446131
KLHL13	2.95396915771955
ZDHHC19	2.95158829064486
GSTM3	2.95098347781788
CHGB	2.9477622512359
TAGLN3	2.94729474266852
ADCY6	2.94657335445056
ATP10D	2.9452928558132
TMEM161A	2.9452509648237
NBDY	2.93960647599274
PCLAF	2.9362688157758
BTG2	2.93605682811525
EGR3	2.93427744620897
CPNE5	2.9274080777696
MAST1	2.92616682652848
NUAK2	2.92395511884401
DPYD	2.92369575412519
RUNX2	2.92335912930651
CIMIP2C	2.9227580206847
SLC26A6	2.91960396757794
B4GALNT4	2.91958536320565
DYNLT5	2.91911832121854
CAPN13	2.91890712250406
SEMA3F	2.91839044291786
RBFOX3	2.91774256719048
GAL3ST2	2.91600980100044
IKBKE	2.91532877264932
ACAP1	2.91432141142441
FBN1	2.91333134247314
ZNF702P	2.91299878849252
SH3TC1	2.91174733299896
MUC4	2.90902031503587
ITGA4	2.90716894998771
GLYATL1	2.90159741733985
QRFPR	2.901107495941
EHBP1	2.89864429152007
USP44	2.89835270375371
FCRL5	2.89666298059914
RASIP1	2.89555306513012
TOX	2.8949918614329
C12orf57	2.89112150270764
RCAN2	2.89058268616125
CYBRD1	2.88799052626008
SLC48A1	2.88674959274177
ODF2L	2.88523246933632
PLPBP	2.88287352412736
ADM5	2.88086304329187
MFAP2	2.87755045601619
TTC28	2.87522746433615
ANKRD20A2P	2.87500822096952
CPXM2	2.87459725542547
MYH11	2.87172333511083
PAM	2.87020049444219
NYNRIN	2.86803834332402
RSPO4	2.86637019478111
MORC2	2.8652426769724
PHYHIP	2.86490596692396
CHI3L1	2.86045174179256
G6PC3	2.85839580260925
SULT1A2	2.85755316846059
CHSY3	2.85680921545104
CNTNAP3B	2.85578314417876
CD34	2.85477629003491
GPR20	2.85417654017368
RIMS3	2.85283865897941
SYT9	2.85224643156647
HPSE	2.85103545742087
ZFAND3	2.84793130985065
ARHGAP6	2.8447161228971
DZIP1	2.84148380557805
ENPEP	2.84148031239231
ENTREP3	2.83964805657708
SERPINA5	2.83921027832685
LSP1P4	2.83883117675176
PROK2	2.83850834903398
C1GALT1C1L	2.83424649479699
MYO7A	2.82922121662008
PLCD4	2.8239089749062
BEX1	2.82208283138286
PHF21A	2.82146413622412
ANGPTL2	2.82095277048009
AMPD3	2.82003935056978
CA11	2.81865032069028
KCNF1	2.81815338533668
LCN1	2.81694023832003
TTPA	2.81512841940966
TEX11	2.81434931644883
NTSR1	2.8107725613
ACTL6B	2.80976476806671
FAM107A	2.80947565987695
SNTA1	2.80791285110612
ULBP1	2.80499444223091
CXCL6	2.80450726800583
APOE	2.80118233883344
PLAGL1	2.80021455647995
WWOX	2.79999455452259
ALKBH2	2.79987340366439
MTSS2	2.79651788173291
HNMT	2.79649095906915
AMZ2P1	2.79441716865521
COLGALT2	2.79269001677837
LOXL1	2.78968792559824
PLA2G4C	2.7880104334549
CLIP3	2.78523391200418
SLC22A31	2.78328954923422
MAP4K2	2.78301199993698
JPH2	2.77920547179029
PALM2AKAP2	2.77906645228572
PIK3R6	2.77873452431415
CNNM1	2.77854965611789
PLPPR5	2.77405600994064
TLL1	2.77193986980683
P3H3	2.76802371605493
UBE2L6	2.76786511014565
APOBEC3C	2.76703957182387
ZFYVE28	2.76580232665066
RD3	2.76503900929403
BEST2	2.76464113419317
RAD51C	2.76384729642688
ZNF436	2.76247861940683
KIF5A	2.7613886187493
CCDC74A	2.75962504623813
RNF128	2.75798635004627
PLCXD2	2.75608787865177
CD248	2.7553260751205
GRHPR	2.75525832342019
SULT2B1	2.74985313498032
SOX4	2.74652609879165
DNAJB4	2.74593508665593
DYNLT2B	2.74518603781324
UNC80	2.74441190842201
KCND2	2.73316093362707
CHCHD6	2.73162388425426
KCNAB2	2.7305554983097
RPL23AP97	2.72888105914195
WNT2B	2.72813447510089
PIP4P2	2.72775393263081
GRB14	2.72626574570559
SYN3	2.72531072936816
ADRB2	2.71982431988207
SIPA1	2.71944848663267
OXCT2	2.71804128002051
VSTM4	2.7171024200157
SEC61A2	2.71683848301819
ZBTB7C	2.7167249873251
NMNAT2	2.71589211589245
NPL	2.71451572119352
EBI3	2.71422192185087
SLC2A12	2.71318951720296
TYRO3	2.71277202134081
STK32B	2.71177549725671
GPR3	2.71162671403544
SCTR	2.71141024432812
CD4	2.70986539328524
LAMP5	2.704863238698
OLFM2	2.70183962631155
RHBDD2	2.70066716009308
CARS1	2.69841201152253
CRHR2	2.69747711841895
SLC24A4	2.69727836911718
PLXDC2	2.69433472942227
SYT10	2.69387032194912
LIPA	2.69343220991891
ATP5F1E	2.69282146570787
TNNC1	2.69048587812315
CFAP74	2.68971111125556
PFKP	2.68968934341274
SMTN	2.68966514664396
SERPINI1	2.68948063085758
NPHS1	2.68906820089164
JAKMIP2	2.68798375249557
CYP2J2	2.68622408383051
PRCP	2.68305433202167
GGT8P	2.68074385791366
PPM1H	2.67917315098094
PMEL	2.67808411916842
PKD1L2	2.67785299479042
CRYBG1	2.67742944161233
CMTM5	2.67727313374724
LRFN2	2.67703231689635
MPZL1	2.67666129623397
RUNDC3A	2.67636120446326
C2orf78	2.67619006727886
RGS2	2.67551805306106
CADM3	2.67521825240905
KCNMB1	2.67326066058855
LMAN1	2.6717238428229
PSEN1	2.67064862903536
TAFA4	2.67005452849506
STX6	2.66975631038124
ITPR1	2.66933600639481
DAAM2	2.66898267507927
ANKRD13B	2.66752756893069
TUBB4A	2.66630680927598
P3H1	2.66581351157604
KYAT3	2.66545319058493
GPR39	2.66520162849562
ERMAP	2.66326484668039
MATN4	2.66190293982394
TTLL10	2.66112680042199
MOXD1	2.66111464521217
DLG4	2.66045271810183
TMC6	2.65976739498604
USH1C	2.65960900666395
PODXL2	2.65805555056193
NFKBIE	2.65728362671094
SCML2	2.65017058576898
ADGRG3	2.64994323681635
SPRR2F	2.64741261663767
AHSG	2.6465899861849
ST6GALNAC3	2.64381066413569
CBLB	2.64364303519984
CORO1B	2.64152843293592
SDHAF4	2.6405591187736
SPRED3	2.63995058703763
ERICH2	2.63798802783904
ASGR1	2.63415941250885
SLC38A4	2.63367877071362
STEAP3	2.63254115819554
TGFB1I1	2.62916260482883
PLTP	2.62825352207583
IQCA1	2.62759159511827
PLEKHB1	2.62550322756285
DNER	2.62465750571441
RFPL3	2.6218551560019
ACOXL	2.62154490078026
CHST13	2.61795470042918
C3orf80	2.61704182615275
PLA2G4A	2.61542534944937
MOB3C	2.61414128046726
CLEC14A	2.61266338716694
CYP2R1	2.61065359668202
BRINP1	2.60940072597294
RELB	2.60753830682869
COLGALT1	2.60692743790402
TBKBP1	2.60359975507571
SORCS3	2.60357577515072
VGF	2.60307959840391
TFRC	2.59926124410465
BACE1	2.59899196539363
FRMD1	2.59727720377346
ABHD4	2.59669466799357
PCOLCE	2.5961873288478
LIX1L	2.59507685976746
ENPP6	2.59466115322201
NCR3LG1	2.5944501778876
PRKACA	2.59256728361193
PEX5L	2.59192336922624
CDK11A	2.58950109088619
KLHL32	2.58910369514095
CA12	2.58887887333206
TLDC2	2.58781182754411
OLFML2A	2.58713061297262
ICA1	2.58712057808829
KLK6	2.58684115270071
ADGRL4	2.58625708976317
FGF23	2.58449238601936
DUSP2	2.58347168001084
LIPE	2.58334967801824
UGT3A1	2.58128877152267
TM7SF3	2.58096138367181
CCN2	2.58095981007276
FAM163B	2.58067795062476
RAB32	2.58015312881458
ARMCX5-GPRASP2	2.57736158524128
ANXA4	2.57548904102498
ABCB4	2.57363059559118
OSMR	2.57304178908492
FKBPL	2.57295317937652
SEC14L4	2.57024991933617
ZNF385D	2.57015954899671
TRPC4	2.56917589991019
OR8B9P	2.56865891473823
FCGBP	2.56729128885696
SLC45A1	2.56724068829854
DACH1	2.56659239297533
HMOX1	2.56593341392486
TUBA4A	2.56514108611251
STING1	2.5647712772859
CXXC4	2.5636291668049
KCNJ6	2.56235279755217
HTR3A	2.56100492286487
TRIM32	2.56088537416764
TMEM205	2.55995812438103
SLC29A1	2.55950157203613
CD22	2.55879069683139
IL1R1	2.5580736823459
CFAP68	2.55526449951364
COLEC12	2.55505630326557
ILDR2	2.55485581657635
ICAM5	2.55455060198388
IGSF9	2.55197821078751
NIBAN2	2.55192634994473
DKKL1	2.55162881436081
SEC14L5	2.55143980411935
SKAP1	2.5492804837242
MOS	2.54394849766906
IRF8	2.54305968356771
CAMK1	2.54245827794772
LHFPL6	2.54176682588011
KIRREL2	2.53929820145647
FECH	2.53903814008863
SLC43A3	2.53870677754415
PRSS3	2.53808316867122
EPHA6	2.53647818014046
TMEM45A	2.53593102560281
ADAMTS7P1	2.53575345152656
ACKR1	2.53534780621448
TNNI1	2.53278931331099
LEPR	2.53256723898411
PRICKLE2	2.53156310846711
TRIM29	2.53106426084569
LRRC4C	2.52852315275778
PTGER3	2.52738682233992
RASL12	2.52701053871852
PHLDB1	2.52652324741899
NID2	2.52457401022874
TNFRSF11A	2.52440180795625
WFDC1	2.52074428914852
PDE2A	2.51748583724741
AMBP	2.51726635220715
ADGRF5	2.517228810027
PLPP7	2.51692114826178
UNC13A	2.51620067111311
PABPC1L2B	2.51530511135444
CLCN4	2.51499954393787
NAV2	2.51475792411762
ADAMTS12	2.51314518024665
FCGR2C	2.51291747420113
TENM2	2.51218948029364
TCEAL7	2.51178337335496
NLRP1	2.51097325044236
KCNK3	2.51044713234047
BST2	2.51026989094662
KCNK10	2.50925546098572
PKP4	2.50901767341112
NPIPB3	2.50799849876972
DUXAP10	2.50682036654368
NIPAL2	2.5026486380394
EIF5AL1	2.50241803689854
RHOC	2.50077434349739
PTK2B	2.49970533379609
NALF1	2.49929954596996
PROKR2	2.49649450089645
CCDC181	2.49508679855954
NEU3	2.49325248102171
PARVG	2.49268661527647
ABCG8	2.49134143316507
ADCY7	2.49079390136971
AIF1L	2.48518381959857
SSTR3	2.48420441039704
PGA4	2.48366411614605
CCDC90B	2.48359369199274
CCDC74B	2.48278572327122
WLS	2.48273213346929
DPYS	2.48231843886831
OLFML2B	2.48211896831576
TMEM229B	2.48100263852467
LHX6	2.4798597225227
GFRA1	2.4779186796278
TTN	2.47639136305037
TIMELESS	2.47630982973977
CBX6	2.47606468768712
ZNF768	2.47595860160769
STARD9	2.47523432101645
LAMB2	2.47512106631968
DRP2	2.47506959348677
GPR63	2.47493288451397
DTX1	2.47409812367414
RND1	2.47383792552705
GNG2	2.47351752546862
EDNRA	2.47313571932565
GALNT2	2.47102667448999
MFNG	2.47091018991677
CPQ	2.47062947007694
A1BG	2.47027262426502
SCN4A	2.46709063005664
AGRN	2.46634822229192
NECTIN2	2.46599086641586
RAB38	2.46598428282839
SEMA3G	2.46595496272812
FKBP9	2.46566754120133
C8orf88	2.46504712724925
PCDH7	2.46412553732104
HVCN1	2.46394683106432
TNS2	2.46303831116567
RLN2	2.4612344144775
PLCE1	2.46051864086431
VEPH1	2.4604665777748
PTGER4	2.4601941535502
SLC30A3	2.45932248413054
HOGA1	2.45681832901262
CFP	2.45660616597975
AOC1	2.45582051134152
TET2	2.4544081660217
FMNL3	2.45416637179083
FLT3	2.45222205804464
AKR1E2	2.45205429964746
PDZK1	2.45128546526951
CSMD1	2.44953178632854
STN1	2.44632731170636
MGMT	2.44614641593693
CRYBB1	2.44376251298617
SLC51A	2.4431193223011
LFNG	2.44246764545519
MEF2B	2.44203562787241
DPY19L2P2	2.44083564730093
GPR85	2.44082794564703
PRDM6	2.44071374229437
TNS1	2.44059667312857
FES	2.44051598342304
UNC79	2.43950022814997
GMDS	2.43762307977643
LIMK1	2.43608540738538
NR6A1	2.43588152256824
SLC9A7P1	2.4351155372969
MS4A15	2.43302052099199
BRAT1	2.4330092780169
ADAMTS4	2.43276095506549
IFI6	2.4319872634223
NOS2	2.43176110800156
USH1G	2.43070125383782
CXCR2	2.43070033671348
AKR1B1	2.42944614385888
LRP10	2.42937273629305
PCSK2	2.42874931372289
HRC	2.42874874990504
DLG2	2.42787013749516
SLC52A1	2.42753542495345
CNTN2	2.42668015523053
SGIP1	2.42634849663123
CYP26B1	2.42614905679052
GPR150	2.42611925471149
IMPA1	2.42532209806744
GABRA2	2.42388106816629
CPNE9	2.42386289136578
IFT122	2.422500038537
ATAD3C	2.42244295360041
FOXN4	2.42110630373332
ECH1	2.42093197372025
TOR4A	2.42004274125456
DCHS1	2.4195018507756
LYRM9	2.41827487732653
PLAT	2.41797892377767
ZMAT4	2.41567968784079
KRT10	2.41408713463174
TSEN15	2.41379973847856
NUDT19	2.41317568919522
MFSD12	2.41279987206343
PRICKLE1	2.41148038467089
LRRN3	2.4105136378271
EGR4	2.41039162559867
TNNI3K	2.40961307348271
MPZL2	2.4094898367711
L1CAM	2.40919863759953
SPR	2.40879945999703
STK32C	2.40745860965215
FAM110C	2.40653106909783
LHX2	2.40597296561308
KAT14	2.40463180761063
ARHGEF15	2.40375880381432
FRG1HP	2.40052720886129
BEND6	2.40024056645734
SUFU	2.39906662861881
CYP1B1	2.39799613320265
ACVRL1	2.39727261779072
ERN2	2.3967419887542
HERC4	2.39560231290668
ZCCHC3	2.39529612273707
THBS1	2.39506878020475
NCAPG2	2.39468721132422
ALG1L1P	2.39449233881341
RAB39B	2.39330879901024
CFAP46	2.39326326073924
NUDT7	2.3929558026372
ANO3	2.39090170237376
ARG2	2.39080281053505
SND1	2.39019632900727
GALR3	2.389154481288
AIG1	2.3890067534165
COMT	2.38722509390657
MTARC1	2.38632600188666
MUC16	2.38616863984808
CNOT6LP1	2.38614868932279
PTGER2	2.38543469256432
ARC	2.38431644638139
VSNL1	2.3843043445311
LRRC36	2.38418827533129
THEM6	2.38416922183588
FRMD3	2.38226771553477
SLCO3A1	2.38177425841106
JCAD	2.38122553425828
APOC1	2.3799432749004
GSTM1	2.37926675714678
SPTBN4	2.37846673220659
SCRT2	2.37779118243105
AKR1C3	2.37491947547699
SLC25A45	2.37369141233667
GOLGA8H	2.37357043929738
LRRC27	2.3719221595111
CEP83	2.37011624721319
CBX7	2.36970684562791
TPM2	2.36782925858436
UNC45B	2.36760739906204
PRELP	2.36756385849408
SNAI3	2.36751252690412
OSM	2.36557306904973
CST1	2.36496315564761
SELENOM	2.36357159491832
GGH	2.36211074101379
ADM2	2.36204721722187
SORCS1	2.36198204764131
SRXN1	2.36174330144615
PKLR	2.3612574895663
MB	2.3604253687093
FCER2	2.35988040881248
ERI3	2.35920878869697
PDE4A	2.35861659498999
SRD5A3	2.35490858945014
F13A1	2.35442688960982
TM9SF4	2.35412558965366
SCUBE1	2.35377431223588
CCDC141	2.35349111703979
SLC22A20P	2.35346537189526
ARPC1B	2.3520286048486
IL17C	2.35196732753511
PDZRN3	2.35097983819738
NECAP2	2.35072827335537
COL2A1	2.35070600285946
SH2B2	2.34933560951327
GLB1L2	2.34752680955856
TSPOAP1	2.34560014279634
B3GAT2	2.34419098707415
SPIRE2	2.34245451427313
SOST	2.34241445709894
NCAM2	2.34194927965314
TM6SF2	2.34142514478913
SH3BGR	2.34001392841247
CEP68	2.33897785661513
DPY19L1	2.33806293046076
PLXNA2	2.33791352665211
SYDE1	2.33780182089317
LARP6	2.33684212337367
SGPP2	2.3362218740235
STEAP1	2.33593149917355
CCDC88B	2.33494695891731
ALDH1B1	2.33468807393454
TLCD3B	2.33274744131779
AJUBA	2.3324823491975
LRP1	2.3323842681752
IFIT1	2.33222467322649
S1PR2	2.33115875234921
ACTA2	2.33001325500063
PLOD1	2.3266934231891
NCKAP5L	2.3261340164462
TUFT1	2.32507405814584
TXNRD3	2.32439801575553
CCBE1	2.32396435706627
ASGR2	2.32392728407296
CRY2	2.32392401669497
NINJ1	2.32233842987644
STAT1	2.32219688028692
CYP27B1	2.32177274387868
KLK11	2.32154238467317
OPRD1	2.32131774880764
VAT1L	2.31931811750277
APMAP	2.31604436261084
OPTC	2.3155727733605
CLDN10	2.31487475931678
CAPZB	2.31420898917749
NOMO2	2.31344468772597
SYT17	2.31337505801842
STX1B	2.31292288787496
AK5	2.31278743512697
SMG7	2.31169918615453
CD63	2.31121999464584
MYBPC2	2.31043116144143
DAW1	2.30920295512327
GRIA1	2.3090471170309
RAB7B	2.30888739351475
MYH2	2.3084841880167
LACC1	2.30642172712088
SLC13A5	2.30351920181046
CD276	2.3032765379424
LIPG	2.30215059792526
SEC11C	2.30205245628151
KIF21B	2.30150000543864
PNLIPRP2	2.30149553672879
PCDHB7	2.29910112232889
SYT4	2.2989748561264
URI1	2.29802210115403
ZDHHC14	2.29797990142895
DEXI	2.29754154598064
IL7	2.2932677566775
MAOA	2.29283178768629
AVPR2	2.29223888120197
PNMA3	2.28882278674675
GABRA4	2.28865273327193
CNGA1	2.28786935148429
FGFR4	2.2870720081009
DUSP23	2.2868817297597
S100A4	2.28629886688008
FGD5	2.28618882636527
PLPPR2	2.28579116104857
SARM1	2.28561409058175
RABEPK	2.28475157831554
RIC3	2.28357102254617
ALOX12P2	2.28230900905762
TMX4	2.28039821558914
PDE3B	2.27757761603039
APLF	2.27734975172744
TRIM14	2.27622792945214
BDKRB2	2.27070511085549
ADISSP	2.26946792675392
TIE1	2.26917527080987
HCN4	2.26892737570578
SRMS	2.26770166098079
CCDC9	2.26722063161902
CLEC18A	2.26662636717362
GLT8D2	2.2656718490991
SP100	2.26520509971008
PAK5	2.2647337189283
PTP4A3	2.26389320267231
MRPS6	2.26381241413372
GSTT2	2.26365065042835
GNPDA1	2.26310481454281
RNFT2	2.26251515937909
RHBDD1	2.26132743871232
COL16A1	2.26042482192171
TPTEP2-CSNK1E	2.26029397504188
GPD2	2.26008382182899
CD70	2.25910671351522
PTPRE	2.25829877034228
PARVB	2.25773984703977
C1orf226	2.25652520263716
SLC22A5	2.25525836455042
KIAA1671	2.25439420484498
MPP2	2.2530527628014
ANKRD44	2.25302421999218
SLC6A11	2.25142113574967
PPT1	2.25132431889602
DENND1B	2.25029525604282
TRPV4	2.24937118678341
HS3ST5	2.24839237064333
PABPC1L2A	2.24772279478811
PNPLA5	2.24695583945382
ACBD7	2.24689797328164
BLOC1S1	2.24586860868191
SBK2	2.24580968557557
RHOJ	2.24554102114202
STIM1	2.24504240831506
PPFIBP2	2.24385942436695
ADCYAP1R1	2.24377363852468
TMEM92	2.24335288963837
GALNT18	2.24311197384811
MYMK	2.24254097909486
GPSM1	2.24182729406177
CHRNA9	2.24156741604152
MEIOB	2.24131779491192
C16orf89	2.2400082333804
MAB21L4	2.23977107453488
C6orf118	2.23892716992144
FIBIN	2.23854981605076
GRM3	2.23733937718144
DCHS2	2.23690228357113
FAIM2	2.23614691184215
ZC3H12D	2.23539158584652
IGSF10	2.2343651003757
C22orf15	2.23355853386518
ELAPOR1	2.23346327252365
ALX1	2.23334276564125
VILL	2.23287231140619
KDELR1	2.23284929669959
GLIPR2	2.23170629510642
ERAP1	2.23032971925239
PHOSPHO1	2.23028175614981
ITGB7	2.23021492819332
C2orf74	2.22862952281007
DRAP1	2.2269492067161
NANOS1	2.22673455192146
ZBED3	2.22469969148542
NR1H3	2.22366802799706
PYGO1	2.22285486238172
ATXN10	2.22209855596895
KCNK15	2.22200805373767
LRRC8D	2.22165351098252
HNRNPLP2	2.22146795456011
SERPINF2	2.22084885607466
MRGPRF	2.2197260479389
OXGR1	2.21914832893645
CDH15	2.21841737472347
INKA1	2.21833789493172
ZNF74	2.21681442832695
ARMCX6	2.21629473345191
CLDN5	2.21584990249809
TRIB3	2.21524608630624
CD40	2.21486945831785
GFY	2.21359520528392
GEMIN6	2.21261298998979
PLEKHA4	2.21205699282947
ARHGAP30	2.2116134294389
KLK5	2.21121136483729
ECRG4	2.2088770992067
LRRC55	2.20859255387535
PRR16	2.20853055106308
CGB7	2.20834792248184
TXNRD2	2.2079027879743
RHOBTB2	2.20660833353487
PSAP	2.2046574752898
ORAI3	2.20327975703886
TMEM243	2.20234243585751
DENND1C	2.20071788789373
ANKEF1	2.20068133204614
CSDC2	2.19987514817857
CITED2	2.19925148472154
DNAJC1	2.19916429278672
CORO1A	2.19900667821245
VAMP3	2.19880963578824
SOD1	2.1984764931685
EXOC3L2	2.19820495875525
NKX2-4	2.19818239057376
TMBIM1	2.19810310233336
HIPK4	2.19700195351804
HAPLN3	2.19648870069206
CUZD1	2.19576400481303
TP53I11	2.19546382312274
KCTD12	2.19457496587149
NOD2	2.19398734893972
SLC16A14	2.19343517758357
MIA2	2.19244444110338
PLIN4	2.19187465355949
GNB1L	2.19177317465009
MRI1	2.19121129700564
DNAH5	2.19002308335415
ODF2	2.1891740778174
SLC19A3	2.18836215779602
SLC16A4	2.18790030669343
BLVRB	2.18785661935414
TMSB15A	2.18743606031836
DAPK2	2.18682180445592
ZDHHC4	2.18611175590571
GPR156	2.18608681227064
RAD17	2.18500408775975
FKBP9P1	2.1848410526194
SEC24D	2.18456333249728
MAP3K14	2.18368696776588
H2BC20P	2.18368294166927
TMIGD2	2.18338270195209
RIMS2	2.18281469853155
POTEJ	2.18214364237396
ETV3L	2.18179248943384
PKP1	2.18160646687035
SYNPO2	2.18063335810967
NLK	2.17978077689573
CFAP91	2.17974498866107
LGR6	2.17949603629076
CRACDL	2.17939856348681
MTA1	2.17832504444447
HSPE1-MOB4	2.17729328089731
DHRS7	2.17719407004559
DROSHA	2.1765109840369
BAZ2A	2.17628611355061
PAH	2.17615999507075
IQCF1	2.17509561267943
KDELR3	2.17495458365243
SH3GL3	2.17465745054107
GPR17	2.17458518001715
STMND1	2.17367467713266
PLCB2	2.17349317089383
CNTNAP3P7	2.17331930267203
EIF5A2	2.17278967056119
DMRTA1	2.17228314591762
SMTNL1	2.17091518170218
RPL23AP49	2.17000627183358
MAP7D3	2.16797289726529
DOC2GP	2.16728333844542
ABLIM3	2.16709405762521
ANKRD13C-DT	2.16464233013286
CCN3	2.16454563715261
POFUT2	2.16382139680631
LSAMP	2.16271763186662
TGM2	2.1621120264634
CRIP2	2.16182986631454
FAM241A	2.16154609226919
SLC36A4	2.16086816213757
ACTN2	2.15978269162462
C1orf53	2.15972767766112
HRG	2.15867019398893
MEOX1	2.15838345282421
PCDH12	2.15526521836777
CTNND2	2.15516478756875
RPS10P7	2.15437865092212
TLCD5	2.15317751889889
THOC2	2.15276185047353
FAM220A	2.15267523344968
CSF2RB	2.15214209417626
NHSL2	2.15213435718424
PCYOX1L	2.15204235134937
PRRG3	2.15155028659197
P2RX5	2.15132731476111
IRAK3	2.15081153184583
MNS1	2.15060933997305
PLB1	2.15057391044389
SPTBN5	2.14996751579524
HIKESHI	2.14944822931942
CPS1	2.14872443835537
SORD	2.14852217157897
SLC22A16	2.14833026391946
GPR143	2.1483232298798
IL27RA	2.1476299662727
EIF4E1B	2.14751136433823
PWWP3B	2.14557886328346
CDC42EP3	2.14509957251541
CT62	2.14490583096874
SLC7A3	2.14441698584992
EHHADH	2.14328901967608
DUOX1	2.14292072488055
SSX2IP	2.14079410210147
GDF1	2.14071256638371
DNAAF3	2.14003909211818
GALNT11	2.13978379660201
ACSF2	2.13949906076415
MTUS2	2.13887285087107
SLC32A1	2.13779515418399
KIFC1	2.13750757241406
HOOK2	2.13725425607347
ASB2	2.1358523548826
DSC3	2.13557636513469
GPR37L1	2.13537784207408
LCTL	2.13411667644009
LIN7A	2.13283446792595
PGR	2.13197685386517
MAG	2.13122037045016
SLC5A2	2.12954207876735
ABI3	2.12875447202865
TRIM50	2.12748705034093
SHISA6	2.12604794103094
DOK5	2.12483585375965
DUSP12	2.12408566346056
SHC4	2.12317506813685
PPP1R2	2.12315243097643
NBPF8	2.12291497954116
LRRC8C	2.12238656288299
PAQR5	2.12234754731914
CCN1	2.12088494963829
TSPYL5	2.12006005131505
HSPA7	2.12001795493264
IL20RA	2.12001348859538
TCHP	2.12000466329574
PRND	2.11778470020058
REM2	2.11431049362408
VTN	2.11136297438649
IRAK1	2.11134772664381
EPHA5	2.11098621826739
RIPPLY2	2.1101324212884
ARMC5	2.1090774915987
CSTA	2.10896406076916
UBA7	2.10830722001273
CPLX3	2.10804975696919
C1orf116	2.10770658449386
NUDT16	2.10703543335375
AMPH	2.10657612506176
PDZD4	2.10648571285609
HSF2BP	2.10614820827189
CIST1	2.10559351108013
PCDHB9	2.10222580050742
PAIP2B	2.10043474779611
CFAP44	2.09852602742667
UGT3A2	2.09790451698289
FRY	2.09517036866626
DOCK2	2.09413562251967
POLD1	2.09403180253406
POU2F2	2.09361091137454
ALDH2	2.0916522807688
SLC35G2	2.09114346847587
SVIL-AS1	2.09043542771737
HKDC1	2.090141321711
CCDC144A	2.0896156777094
LRFN4	2.08790617071156
CCNO	2.08613028320533
PDP2	2.08478000855865
SLC2A10	2.08477031873823
FADS3	2.08451637583435
CCK	2.083951171613
CRYBG2	2.08338533798297
ZNF227	2.08204385808357
NR4A2	2.08149744878041
MPZ	2.08103074859266
RDH8	2.08079298624133
XPNPEP2	2.08077807018685
CDK4	2.07941415772137
CDKL2	2.07874046571597
CCDC136	2.07733382398021
OLFM1	2.07555146679674
PIGH	2.074856984744
ISG15	2.07484178143836
LTF	2.07420257315073
RP9P	2.07408568286683
PDCD6IPP2	2.07406697303507
SIPA1L2	2.07398492324766
EXOC4	2.07299942182414
TRIM46	2.07260488711883
APLN	2.07193232839222
PAPSS1	2.07156157891321
NAP1L4	2.07062578921924
INSL3	2.07007467265453
HMX3	2.07003944363217
ICAM2	2.06887641408005
GPR19	2.06786742615109
TIFA	2.06704908399829
RNF135	2.06685485102302
DYNAP	2.0664981018292
ARHGEF17	2.06624012383608
SCYL1	2.06517947007441
CREB3L3	2.06273078388745
ZNF740	2.06264878744195
DNPH1	2.06228768878556
SH3D19	2.06207753595
CACNA2D4	2.0618539855792
MAPK10	2.06179641894988
MYH6	2.06156479085522
RNF157	2.0615584763138
EHD3	2.06040237786294
RPAP1	2.06035544279713
PRPH2	2.06021960792298
PLA2G3	2.05884439102687
MAP2	2.0583435455062
IGLL5	2.05753013221042
RNF123	2.0562007953863
FOXRED2	2.05492901160711
MYL7	2.05253999107198
WIPF1	2.05161479716774
UCP1	2.05032643898386
NXPH1	2.05029370936587
RPS6KA4	2.04950373785996
NT5M	2.04946875422269
ZP3	2.04939629124811
MYO1F	2.0491903170832
GRAMD1B	2.04894800789717
TSPAN10	2.04879140343574
KBTBD12	2.04874722383682
SNX31	2.04854749691285
TMCO6	2.04741687344902
CREG1	2.04702825678876
DHDH	2.04697851660498
ARFGAP3	2.04643050363354
ZNF644	2.04631195579196
LRRC75A	2.04350764756529
PIANP	2.04248643425489
PDE4B	2.0411925622376
FAM217B	2.04080252425087
DNAI2	2.03907249183423
PLXND1	2.03871541654169
SUN2	2.03797401398498
PDRG1	2.03676467917244
TRPM8	2.03660710879485
INSYN1	2.03605341035032
UCHL1	2.03567758210217
KCNJ11	2.03566146890237
ZFR2	2.03553381294673
TNFSF15	2.03278822526422
NPHP3	2.032710647242
SPARCL1	2.03120902628628
RTL5	2.03083707197939
CZIB	2.03062557853555
C5AR2	2.02989444438626
DCAF12L2	2.02897768241573
USP17L14P	2.02871364945347
CSPG4	2.02855368818902
SMYD1	2.02678789929726
IL18	2.02627763504804
DKK3	2.02514725376671
FOXO6	2.02447733362364
EMP3	2.02405997020615
TRAM2	2.02202658247729
NFKB2	2.02097921494356
HLCS	2.02050026135655
PPIL6	2.02042583357464
MUC12	2.02030014819331
CHD9NB	2.02018206957703
CCDC39	2.02011233986539
MYRIP	2.01952385662659
GIPC3	2.018659934548
YBX1	2.01734998310121
CDH22	2.01587004990912
FAM184A	2.01585506076005
SPRR1B	2.01460116031388
KCNA1	2.0138902544248
ROPN1B	2.01367939811076
AKAP14	2.01269494333488
ARMCX2	2.01266166204884
ESRRG	2.01233478815266
CCL25	2.01177305691674
NUP210	2.01112492798224
NLRC5	2.01009760593558
SLC41A1	2.00933526670104
DIS3L	2.00871135356526
DYRK1A	2.00808666962129
RAC2	2.00700176232001
SYCP2	2.00694897572443
CAPN12	2.00693373664463
BEX5	2.00561427225172
MOGAT1	2.00496335575734
ILDR1	2.0040379166618
SLC25A33	2.00384823721239
TRANK1	2.00312255894262
ITGA7	2.00304645819036
RHBDF2	2.00293787647112
GJB4	2.00280668264983
DDX11L2	2.00116731305053
ANKRD52	2.00078795023293
ANKRD18B	2.00068723289861
NDST3	2.00057227051466
HM13	2.00028589731581
ZFPM2	1.99993803622479
GLB1	1.99766778012691
CTSZ	1.99755946128147
THBS4	1.99732958066172
S100A14	1.99695251762733
GAA	1.99609318417658
PLD3	1.99512169922587
SEPTIN9	1.99479223013803
TMEM117	1.99461427390501
KLRG2	1.99421251419062
ADGRB1	1.99282944503452
SAMD3	1.99253059602297
GDPD2	1.99109479958858
TNFRSF10D	1.9907656310927
ANKS1B	1.99046842633315
B3GNT9	1.99029614498247
MLF2	1.9892345462288
CROCCP2	1.98905323363928
PF4V1	1.9889010414489
LRRC15	1.98877459767563
IL2RB	1.98749043336449
LMOD1	1.9872616168779
CFAP300	1.98644348549605
INF2	1.98643396173324
VSTM2L	1.98550272215839
SDCBP2	1.9853530601126
HS3ST1	1.98532334336007
LRRC25	1.98464504197218
MEGF11	1.98400117276086
KDM4A	1.98217673047478
PITPNM1	1.98123832008433
HIF3A	1.98118863783503
EPS8L1	1.97994936323044
GFOD2	1.97968258386296
NPIPB5	1.97948992749484
CLSTN3	1.97917098620545
AARD	1.97729972501926
PRSS22	1.97718740014459
FAS	1.97701577334147
TMEM204	1.97683326599856
FKBP5	1.97608260337461
LITAF	1.9744623530622
PADI4	1.97392382039827
LHFPL4	1.97261612394121
APOBEC3F	1.97232569437455
ZBED6	1.97231237349242
SALL2	1.97214944217111
STON1-GTF2A1L	1.97157494110724
VSIG10L	1.97150205419072
IL12RB2	1.97149193369369
GJC1	1.96933470877976
SP7	1.96843846078325
NECTIN1	1.96824645645589
PRR23D2	1.96793288976004
PSEN2	1.96770575960478
VIL1	1.96750892632009
SBK3	1.96589707400354
DENND1A	1.96483305466955
PDZD8	1.96402680047747
OSR2	1.96351232452306
CD3D	1.96205358260838
CHRNA2	1.96198795327507
ARHGAP33	1.96149893777345
PRR33	1.96105383830312
MRPL52	1.96074594022123
ARHGAP11B	1.96074550380296
POPDC1	1.96046101927828
THNSL1	1.96013297320956
GPX8	1.9599099560518
TMPRSS2	1.95922046063111
TP73	1.95903247388366
GMPR	1.95868592815756
SLC8B1	1.95839340618397
KCTD16	1.95526024425384
PRR20G	1.95374148948766
FATE1	1.95321007324756
PAPPA	1.95294735144502
FZD1	1.95167708168517
SMIM30	1.95134720368871
CSGALNACT1	1.95053703628001
PPM1F	1.95022507835864
POU3F2	1.94936028803007
CCDC148	1.94903491903333
PIP5KL1	1.94744865878391
ARAP3	1.94713037279312
PFKM	1.94617220588186
SLC66A1LP	1.94506815705793
TPTE2P6	1.94386134193903
SPN	1.94325772765136
SPATC1L	1.94272686452414
ECSCR	1.94250315168076
CLCN3P1	1.94239873157752
PLIN3	1.94100932877108
GUCY1A2	1.94074123590777
PCDHB16	1.94026486423025
ARL11	1.93806556336338
CD164	1.93804011632168
PHC1	1.93798476696335
HADHA	1.93697792957008
FKBP6	1.93694780491268
RIOX2	1.93658911818332
SMIM24	1.93634116775388
CD274	1.93591747840571
NPC1	1.93491902732606
GPR26	1.93445498409101
ZNF579	1.93336153522162
LYNX1-SLURP2	1.93301646245243
PNMA6F	1.93299976142941
USP32P2	1.93105361385093
TMEM216	1.92952290560814
MAP7D1	1.92951160796726
CALCB	1.92893628641153
PGC	1.92880883014078
ESD	1.92798261552251
SPAG6	1.92641914372217
DRD3	1.92573031904401
CDRT4	1.92408475787702
PDE1B	1.92344443455537
SLC12A5	1.92295287442935
S100A6	1.92293824965817
PON1	1.92265821227655
PTPN3	1.92137701495035
ENPP5	1.92013105049577
ANKRD18A	1.92006600006635
TRIM68	1.91920460385015
TMEM147	1.91917035944915
IFRD1	1.91830275123911
SNCG	1.9177997099394
KIAA1210	1.91760564726954
SFRP1	1.91680652256501
PRDM11	1.91565609591889
RNASEL	1.91413692362717
STXBP6	1.91374996314519
VSTM1	1.91264495543386
GRAP	1.91177747425783
MEOX2	1.91155749647509
FTL	1.91097161139682
EGR2	1.91015182273684
NFS1	1.90909219828147
THUMPD2	1.9089397190452
THSD1	1.90882373081704
NRXN1	1.9085303612639
KCNK17	1.9074741311673
CNTNAP4	1.90705190560764
MAFF	1.90512713568917
GABRA3	1.90413791447875
TOGARAM2	1.9037117508673
CHRNA7	1.90144509865019
PID1	1.89930327756575
FBLL1	1.89892784011205
SLC34A2	1.8978003819681
CCDC144BP	1.89764628100793
FAM43A	1.89749430504318
SERPING1	1.89740252045973
PAQR9	1.8971957004643
ARL14EP	1.89575140130102
BRSK1	1.895706361672
HSD17B12	1.89555507593147
FOSB	1.89526189895894
LRRC42	1.8947405095378
CELF3	1.89435914713919
KLK7	1.89265414930722
SRF	1.89252578550846
LONRF3	1.89245472869112
ENDOD1	1.89217469143975
CERS6	1.89197312540461
FABP6	1.8918835755034
WDCP	1.89115913876069
GYG2P1	1.89083787786138
CCDC152	1.89038667577911
OSBPL6	1.88931633312063
VCAM1	1.88914118369854
SPX	1.88837454702688
LTBP4	1.88760496218591
ZBTB16	1.88742241091622
GTF2A1L	1.88471227547249
NOS1AP	1.88422902444597
MICALL2	1.88334289296592
PRDM13	1.88282021323683
CCDC125	1.88221466516474
IGSF22	1.88205312372514
STT3B	1.88202130527649
RGS6	1.88140556770103
DMRT2	1.88086824984281
DNAJB5	1.88020370254477
SEMA4F	1.8778988326443
SLC16A9	1.87721646302033
ZNF703	1.87716208618533
TAFA3	1.87672360326629
RIDA	1.87630521938361
POU3F1	1.87526856688925
RASSF5	1.87470181602675
ADGRF3	1.87399903134653
GPR25	1.87299680558031
PACRG	1.87282663232956
ARHGAP36	1.87280322559351
ABCG5	1.87183144464974
WIF1	1.87094116573951
MED12	1.87074870914018
DCUN1D4	1.86956967197628
CYP2A13	1.86907093105287
EXOC1L	1.86899890021401
R3HDM1	1.86886701717363
COX6B2	1.86723748081098
C2orf81	1.86576818900321
SYT11	1.86473570885756
USHBP1	1.86455379449475
RASGRP2	1.86437018307828
TMEM9	1.86375340173413
NT5DC3	1.86292884973688
ST6GALNAC4	1.86269772821141
ZNF783	1.86215392721397
SH2D3C	1.86056289430549
XXYLT1	1.86042417487211
SATL1	1.86040804940353
BAIAP2L1	1.86040564321759
CIC	1.85998940386906
STARD5	1.85978101603061
DYDC1	1.85954217745304
NTHL1	1.8591027584149
NAIPP2	1.85881298369548
WDR70	1.85878385576462
DENND2C	1.85809867121208
SLC9B2	1.85771391910674
CMKLR1	1.85676484006026
RSPH4A	1.85646784710488
GUSBP11	1.85513142987179
LASP1NB	1.85512570414998
TNRC6B	1.85426922323428
AFAP1L2	1.8534532908005
TRO	1.8534184758322
THAP10	1.85313784647005
GGT7	1.85272642516876
CCDC185	1.85270210408009
LCLAT1	1.85174056967676
SCRN2	1.85158224225307
GTF2IP12	1.85023031986519
RNF26	1.84954375050673
POLN	1.84930834620374
PLEKHA3P1	1.84929101385126
TXNDC16	1.8490591725154
ABLIM2	1.84886190442841
RBCK1	1.84872434751156
PELI1	1.84798947037303
LATS2	1.84769884391356
ALS2	1.84680406645658
SLC7A14	1.84610365675864
RAB3GAP1	1.84550028097455
C2CD4B	1.84506832973704
LYPD3	1.84484356138293
ST3GAL1	1.84465486953694
NIBAN1	1.84295596066925
CTDSP2	1.84260528969732
PCK1	1.84227242726589
GPAT3	1.84168235536087
FAM81A	1.84144897520488
SV2A	1.84134843248505
FAM131B	1.8408882663754
CDC25B	1.84079684281091
PRSS8	1.84060048686421
IKZF1	1.84047668890175
KRT10-AS1	1.84031490250013
EPDR1	1.84030488997062
FAM184B	1.83985008197558
ZHX1	1.83918916849173
RASGRP4	1.83917972212785
RNF112	1.83889720969531
ASCL5	1.83872000316005
TEK	1.83743285842056
GPER1	1.83677070555945
CABS1	1.83672935806325
CRB2	1.83593257889506
IDO1	1.83462812239515
SLC8A2	1.83461408388352
NCCRP1	1.83434272157431
MBOAT7	1.83383428597436
CEMIP	1.83376565221924
TMEM184A	1.83346517080828
DNAAF11	1.83302265096223
GPD1L	1.8324505029003
TMEM116	1.83202422635974
TCAF1P1	1.83175929506083
HAUS7	1.83135298579392
DIO1	1.83048680552525
UPK3B	1.82902337679769
KCTD17	1.82899734064697
USB1	1.82884982918397
AOX1	1.82816594414383
CACNA1E	1.82787535709638
PCDHB2	1.82731881086199
GSTK1	1.82619868969381
ITM2C	1.82583043375726
ZNF287	1.82565999929585
GJB1	1.82517119004144
MARS1	1.82472238608977
ASTN1	1.82322224656378
APOBEC3B	1.82300845870496
CCN4	1.82215621331788
NCALD	1.82110098735735
UCK2	1.82003077582497
AIP	1.81996680936784
MAP2K2	1.81965893087245
SGCA	1.8194570117761
FUT3	1.81867082262952
MPZL3	1.81841605013606
SVOP	1.81835636258358
EFNA5	1.81807287155682
PRX	1.8165901939728
APOL6	1.81636431381733
PDIA6	1.81607639575198
DGKG	1.81582369588938
VMP1	1.81561800303118
TMEM35B	1.81503892775484
CLDN4	1.81483298754622
IKBIP	1.81416864937889
PCID2	1.81346241220483
TMEM119	1.81316587798009
ANKRD30B	1.81301776966847
OTOG	1.81238312247876
DOK7	1.81204400618729
INCENP	1.81137027327605
BCAP31	1.80902316284311
FRMPD1	1.80890211271198
TEX15	1.80889335006858
CAPN11	1.80885741143476
TFDP2	1.80846083057053
GTF2IP8	1.80773222353563
FBXW10	1.80732347235158
SYNGR2	1.80714849630331
GTF2H2	1.80712430873114
TBX18	1.80697926722039
MPO	1.80649305697446
LHX8	1.80637051846813
ZNF629	1.80577128964865
PPIB	1.80557573674325
UNC5C	1.80463066283578
NLGN1	1.80409930769834
CERS5	1.80404860650688
THADA	1.80314773853985
TMEM185B	1.80267625367909
FRMD4A	1.80188282866682
GOLGA8N	1.80152745064843
STPG4	1.80113336504914
VLDLR	1.79989772854975
HDAC7	1.79962245116759
DNAH17	1.79957077851954
STRN4	1.79931181912381
NUDT16L2P	1.79929786625926
ZFHX2	1.79916938943441
SNU13	1.79914297165836
ETFA	1.79911405276579
ACTN3	1.79846420618644
APOL3	1.79800241960405
UROS	1.79784560944413
PTPRH	1.79746434015253
SPINK2	1.79737176053836
DBH	1.79669866289613
SNAP25	1.79637818707313
TRPC3	1.79603347402581
FRMD8	1.79597507194913
SCN2A	1.79460363204302
GUCY1A1	1.7945028727541
GRK3	1.79432229469312
PLCD1	1.794206465738
RHOD	1.7941157699327
P4HTM	1.79388216587649
AUTS2	1.79369607948898
MCHR1	1.79347310053264
CFAP69	1.793412875046
TTC12	1.7930477011305
DENND2D	1.79302046148397
GPR135	1.79223046098801
EPHA8	1.79125177124619
XPR1	1.79075906898428
FLAD1	1.79060541566303
TMEM44	1.79010200134423
GRM5	1.79002751572472
KCNJ8	1.78861999721821
MAD1L1	1.78839664045059
GPRIN3	1.7883107909033
AGT	1.78812744582531
PHC1P1	1.78806309088734
SIAH2	1.78765667272996
AKAP17BP	1.78693363862105
SLC9A2	1.78619634311064
VMO1	1.78549768477341
CAPN2	1.78502320118873
UPK1B	1.78485040426681
SMARCAL1	1.78465311399619
ZKSCAN7	1.78390805275042
FBLN7	1.78292716895449
TRDN	1.78221504320048
CFTR	1.78203587701143
SPATA12	1.78198685515606
SH3GL2	1.78155234140197
BMP8A	1.78147289095318
SCML1	1.78136116018898
ANP32A	1.78134921492458
LRRC32	1.78120525545708
EEF1A1	1.78099886876516
ACTR3B	1.77951946250815
PLXNA4	1.77765671223111
CNPY3	1.77757949449586
P2RY2	1.77626649136266
CNRIP1	1.77615336740595
CRACR2A	1.7760446499548
FCGR2B	1.77479843512192
RAX	1.77474221022048
NXNL2	1.77439862356195
ANKRD33BP7	1.77415711767416
BMERB1	1.77373104968332
UAP1	1.77330057088693
TSPO	1.7730629046711
FETUB	1.77263951160307
GLYR1	1.7726256788852
KRT72	1.77235132112287
TTC39A	1.77222979083546
GGN	1.77105096186343
DEUP1	1.77023265050354
XYLT2	1.76902792180017
RAB9B	1.76786481381914
TNS4	1.76672827349196
DLG5	1.76585779557328
KIAA0930	1.76576962496899
SCAMP3	1.76574700471364
IFT81	1.76561096593531
TCAM1P	1.76500643841308
FOXE3	1.76431299181735
ITGAM	1.76295305927824
ALG6	1.76294903538975
LRP5	1.76258935277022
LY75-CD302	1.76067373453344
OCIAD2	1.7602342861654
CFAP54	1.76011088279586
PRR29	1.75995384542876
FMN2	1.75921947597831
CCDC81	1.75892708967786
NPR3	1.75885377970387
FAM86DP	1.75849737360405
NBPF9	1.757240514973
CYP4F30P	1.75662834860572
IZUMO1	1.75662742892184
LRRC28	1.75449454111527
UBB	1.75359168265868
ITGB3	1.75300422336459
GPX4	1.75189865974597
STEAP1B	1.75129204392962
E2F6	1.75080152294659
ATOH7	1.75039020830566
CKLF	1.75007089908399
CD6	1.74913465721073
APOA1	1.74775727394661
ADRB3	1.74769608357321
ABCC4	1.74758797116505
EFHB	1.74754034772658
GLS2	1.74738424157954
CDC26	1.74704289450623
WDPCP	1.74519580972873
GJB3	1.74416099130167
GLUD2	1.74371798583708
EI24	1.74360802647754
KCNJ3	1.74232191307476
PPP1R17	1.74188714717814
LDOC1	1.74186519530851
GLTP	1.74105133519589
RNF126P1	1.74057507652605
SLC46A1	1.74053215738993
SLC17A9	1.74001100525331
IFT46	1.7393664691214
PIK3R5	1.73934953179326
CCSER1	1.73919465633085
NXPE3	1.7390366722165
SLC12A4	1.73800541050794
SYBU	1.73743220058384
SDR42E1	1.73675318618586
ZNF177	1.73657943334467
OCSTAMP	1.7362487090393
CD7	1.73616665585136
PAGE4	1.73608201726902
POTEI	1.73570984328459
FADS6	1.73542957235006
ZCCHC24	1.73510046934695
C12orf75	1.73475195409226
TDRKH	1.73457180913998
RAB3C	1.73375458258851
SIX5	1.73366709001669
HOMER3	1.73298602878992
SYNDIG1L	1.73165027097099
ANKRD27	1.73117123497167
CTNNBL1	1.73043311632956
TOP1	1.73017586902933
FMOD	1.72970152210206
LYRM4	1.72956271589511
TOMM5	1.72905040688637
PKM	1.7275407661878
PPARD	1.72583130172146
VASP	1.72561051103541
NPY4R2	1.72555353865827
MACROH2A1	1.72514680346862
DEPDC7	1.72362251492217
CIART	1.72325049980657
TMEM144	1.72322045201235
TLN1	1.72309070195765
MYL9	1.72260313595321
BAALC	1.72250834544803
ATP1B3P1	1.72222578658652
RGL1	1.72212035071656
DMKN	1.72194669443352
RPL7AP19	1.72185457019532
FAF1	1.72114133520857
IVNS1ABP	1.71975452646054
PADI1	1.71858086664725
LPO	1.71816301202609
BTBD2	1.71780500404627
NUMB	1.71765894676989
ANKDD1A	1.71624627577862
MAGEA9B	1.71607917695679
PLXNB1	1.71524666561652
CORO2A	1.7140620068074
NIBAN3	1.71382522831558
SLC36A2	1.71378076237902
SFRP4	1.7133766987539
ARHGAP29	1.7129030332947
NPR2	1.71182435492109
SPAG1	1.71078530773547
AXL	1.70984246993114
CHRDL2	1.70976865028414
CLDN12	1.70888679898305
CADM1	1.70884001175201
FBL	1.70882075977887
ADARB2	1.70754034100035
ANKRD22	1.70688007469402
SCN11A	1.70550292687146
TCIM	1.70512512137636
TMEM97	1.7050344583748
C16orf46	1.70462615719522
LRRC7	1.70380779292044
CD320	1.70349040501338
ACTL8	1.70197361195897
REEP2	1.70193622750544
RAP1GAP	1.70029567841152
TFG	1.70026352247908
SPTLC3	1.70006833146209
B4GALT1	1.69992846372538
ANKS4B	1.69940079369982
PBX4	1.69880906385989
DHRS4	1.69845778879137
CLXN	1.69832495658112
WHAMM	1.69817043726146
LRRC37A3	1.69782361469606
ZSWIM8	1.69765160999822
GSG1	1.69711694401753
ERG28	1.69707096150256
KRT17P2	1.69654303042035
ATP6V1G2	1.69621787970881
KLF3	1.69564105560893
PTGIR	1.6952830614447
KLF2	1.6941426790654
KLK10	1.6939520808638
DOCK10	1.69384263606903
ZNF890P	1.69357536392155
MAP7D2	1.69341213901414
CCS	1.69299829462253
GRN	1.69080583900837
CERS1	1.69075080353833
MATN3	1.69056918693143
FAM151A	1.68959189090341
MAP1A	1.68934514627949
OPALIN	1.68934028982443
NBEAP2	1.68921745829226
KCNA3	1.68916164906618
NCOR2	1.68878913256397
ELL2	1.68739875546816
TMEM106B	1.68639676423341
ADAM22	1.68617343721368
LRRC56	1.68561667633564
RAB40B	1.68529135297473
NEXMIF	1.68490442116151
NDUFAF1	1.68321632575953
ATR	1.68175555263464
NEUROG2	1.68169122234419
SLC4A10	1.68024179189613
PDGFD	1.67963301004827
KIF7	1.67962380459746
CAMK2D	1.67900644726619
PDZK1P1	1.67897813148485
UBE2J1	1.67842644847025
CYTH4	1.67813272498622
GPR173	1.67795961361997
DAD1	1.67790522629533
SDC3	1.67774891665924
STX10	1.67771794431495
GADD45A	1.67740121155809
NKAIN2	1.67594241927068
PLCL2	1.67572085134319
TMEM26	1.67564561332945
ABCC6P2	1.67554793384305
AFF2	1.67552304629539
DUSP6	1.67512188616382
MANEA	1.67349047355338
FLRT2	1.67344639271039
RHEBP2	1.67323115820789
TWIST1	1.67261796150213
AKAP6	1.6724367695258
FFAR3	1.67234008788179
TCAF1	1.67220838960091
CCDC160	1.67173111527974
HEBP1	1.67158502901197
PARP6	1.67125128584567
TRAC	1.67099794989758
C4B	1.67069316027154
IL11	1.67069116482873
CHIT1	1.67062359263741
TGFA	1.67060487316658
CD82	1.67056556584001
RAB39A	1.67046994484666
CDHR1	1.67045246144574
SYTL2	1.6698840082744
NCAPD2	1.66975504511101
PRMT1	1.66839581898281
BCL9	1.6671174016314
MIB2	1.66539786930072
CLDN3	1.66531166289729
TSPAN4	1.66488656192114
PDYN	1.66434216514071
OTULINL	1.66421136964127
TMIGD3	1.66381270683596
MTHFD2L	1.66370381313155
GNGT2	1.66332115230215
EBP	1.66294292164185
PLSCR3	1.66238482310933
NANP	1.66167938953772
ZFP92	1.66134437050975
NMUR2	1.66018944546488
POMT2	1.65892003735463
NPC1L1	1.65819896761871
HMGCLL1	1.65757571884691
MYO7B	1.65724613651524
TSPAN33	1.65683759303217
OR5A1	1.65660893554161
SEPTIN2	1.65554098786379
MYL6B	1.65483956852453
DLGAP2	1.65363167121384
FBXO39	1.65318460969205
DRC7	1.65314542144488
CGB3	1.65314176265032
TOR2A	1.6526825345468
BICC1	1.65245930352369
GPAT4	1.65202193355299
ZNF804A	1.65097704116953
LMAN2L	1.65065440284522
NADK2	1.65060021472949
CHRND	1.65026795274588
STT3A	1.65003903250465
ANKRD45	1.64856539205958
CYP2S1	1.64785430089787
GUCY2EP	1.64749986398949
HYDIN	1.6468624230503
CFAP263	1.64423796904938
AFF3	1.64416044315159
ARPIN-AP3S2	1.64350907708851
RPL29P19	1.64349319702516
CTU2	1.6428878324216
ZNF608	1.64282046770429
NEURL1B	1.64264834755763
MINK1	1.64204554784104
WFIKKN2	1.64174869140798
KANK1	1.6410121046652
ABCB1	1.6400315709385
TMEM232	1.6399572532023
PKDCC	1.63832946532288
HGF	1.63623044795941
PKD1	1.63614050912135
L3MBTL1	1.63527176867154
CPT1B	1.63358596920895
MVD	1.63280179762036
TPGS1	1.63263483360592
TPST2	1.63158623472455
PRUNE2	1.62995666695216
PYCARD	1.6296525902127
BBS5	1.62964215538313
NRIP3	1.62921537600673
PTPN23	1.62903005320915
CFAP206	1.62878682657986
PPP1R15A	1.62838447763474
SAMD12	1.62838315609939
SLFN13	1.62677419912112
KCTD14	1.626771415099
FLI1	1.62672296661609
FAM162B	1.62616929834082
RP1L1	1.62614542694856
BMPR1B	1.62577575473139
PCDH20	1.62440358975977
ABI2	1.62359813176705
AK7	1.62312325316002
PSMB8	1.62275929515403
KRI1	1.62218189820936
SLC7A1	1.62181589534848
ROGDI	1.6216922558161
TTC22	1.62138605910816
CKAP5	1.62043975974236
L3MBTL3	1.6202245514878
KRT19	1.62002314273511
SLC25A28	1.61926232573087
LETMD1	1.61898361905297
PCBD1	1.61864191846004
ECHDC3	1.61845535209743
ABCB6	1.61666288788034
ARFIP2	1.61560852341361
SLC12A2	1.61431071018701
CENPVL3	1.61419851911892
KLRG1	1.61412060202948
CNTNAP3P5	1.61404693354248
SLC16A8	1.61361363752902
GPX3	1.61349434927806
FZD2	1.61346946003845
CXCL5	1.61333798133407
UCP2	1.61287883489695
CD72	1.61247376626141
DEDD	1.61198538330587
DAG1	1.6112882783637
KCNK5	1.61128606104239
HNF1B	1.61083642277994
PRKRIP1	1.60985226556558
PLEKHM2	1.60940829048304
SSPN	1.6085853616848
CFAP90	1.60815499177688
MLH3	1.60781504389289
PAOX	1.60705793084071
STYXL2	1.60631817673227
ROPN1	1.60519206022871
ADSS1	1.60507370720738
FBXL9P	1.60425833560185
HPRT1	1.60399386948179
IGFBPL1	1.60360259935327
SHFL	1.60285217306811
FSCN1P1	1.6026140856986
CEBPB	1.60238168963216
HJURP	1.60236198381988
DDTL	1.60213626955627
MLNR	1.6018583357052
ACD	1.60181121063894
SLC35F3	1.60150369915602
EXTL2	1.60068759862271
LORICRIN	1.60026067085393
PPP1R3C	1.60006269215743
BTN1A1	1.60001424783843
CSNK1E	1.5997056090972
HSPA12A	1.59941398707496
MME	1.59927621490078
KCNMA1	1.59925605898406
C1orf74	1.59910812141373
EPRS1	1.59892540108772
ATP8A2	1.59852933009449
NRIP2	1.59801074422766
FUT1	1.59799109009938
NDRG1	1.5979012626664
PREX1	1.5964328558239
DMWD	1.59558651336931
DPF2	1.59438831288136
ZNF438	1.59401925824951
ECSIT	1.59247457462273
PECAM1	1.59223586698031
BEGAIN	1.59223507200873
CCDC60	1.59152506415688
LRIT3	1.5913304321779
RAI2	1.59058147918733
HDGFL2	1.59055446946365
HSD17B10	1.59031229528841
TSPAN7	1.58932304119757
IL21R	1.58888494470735
MAT2A	1.5886308973158
PLVAP	1.58784136654265
SLC2A1	1.58732860913518
DYNLL2	1.58682423925835
SLC5A4	1.58602526071773
ZNF25	1.58578338739103
SPAAR	1.58533425330055
SLC18A2	1.58531428672576
COL24A1	1.58531421201523
CDK8	1.58492984882353
ETNPPL	1.58488377411842
TGM4	1.58474710776895
KCNQ5	1.58441256996258
FAM163A	1.58427705101068
SUCLG2	1.58421408017417
SCN7A	1.58402343087565
ST6GALNAC5	1.58395241052891
GLIS1	1.58317627975005
RABAC1	1.58314416731208
COMMD3	1.58234347530712
CCDC102A	1.58232812068473
TULP1	1.58204322486705
VARS2	1.58194739440474
TSC22D1	1.58162265911162
MYL3	1.58121148254954
SNX17	1.58081368778384
RAD54B	1.58070673114475
PTGDR	1.57945891153046
SMYD5	1.57859030853414
KRT86	1.57755549813026
FAM234B	1.5769427725791
SLC16A7	1.57659244584524
SERGEF	1.57633081222693
IGLL3P	1.57607735001592
ITPKB	1.57606065670931
EIF5AP3	1.57533109946987
RBFOX2	1.57412004585978
PASD1	1.57402099366761
TMEM233	1.57307190694028
SLC37A2	1.57284915722623
CDC42EP2	1.57241515378959
HNF4A	1.57110726693993
IRF6	1.57067426976809
GSTM2	1.57040735427743
GLP1R	1.57019283534367
CES1	1.56995274200872
GUSBP5	1.5699016981368
FHL2	1.56972903733894
GPR84	1.56964635683371
CPM	1.56899852145395
KLHL5	1.56736366456412
HTR1A	1.56726866003279
IRAG2	1.56692241543673
CAD	1.5665247191138
LGALS8	1.56521224696373
GJB5	1.56470100333246
AVPR1B	1.56352748227159
LINC03040	1.56333714341515
MAP3K5	1.56310553947839
SEZ6	1.56236346685178
MYL6	1.56225141450119
IFT25	1.56178339722466
HHIPL2	1.56106605659543
REP15	1.56065826079842
AEBP1	1.56048526640414
PCDHB14	1.56045308059631
PIGC	1.56035413453064
GRM1	1.56028839737127
ACTG2	1.56024998854612
ADAMTS15	1.5596473762718
FHL1	1.55945137700936
FBXW11	1.55917949676586
TSPAN17	1.55867463578351
PHETA1	1.55759168037435
SYMPK	1.55714100412707
KIF12	1.55685256022872
PPP1CA	1.55680302750426
INPP1	1.55649994299134
GPR61	1.55648084184293
GAB3	1.55565823054309
EID1	1.55525310042493
GPR162	1.55524386547074
ZFR	1.55499836774606
NAB2	1.55478076475597
SGMS2	1.55476414733894
AASS	1.55467359401966
DHX34	1.55406429851892
MTA2	1.55280806250413
CD24	1.55271681536811
CCDC107	1.55256897105108
MTTP	1.55243244661042
PLEK2	1.55210742424822
TTLL5	1.55208536269051
AAMP	1.55167956138722
BCL2L12	1.55014552945534
PRDM7	1.55006594053552
ANAPC1P4	1.54931305716359
CELF5	1.54927819281747
FANCL	1.5492012462178
TBCE	1.54857257270758
TAS1R2	1.54826471230365
ACP5	1.54636418407875
ALG12	1.54635704478005
SLC5A1	1.54612313194185
MAP2K1	1.54611711058133
WNT8B	1.54589972875599
AGAP2	1.54557746121919
ZMYM3	1.54541116462982
SHD	1.54468907027486
AP2S1	1.54435072090095
DNAH10	1.54430942468222
ACTN1	1.54413327667003
GH1	1.54344362679013
FSIP2LP	1.54281539266447
HEPHL1	1.54271116308193
TRIM45	1.54269798501432
PLBD2	1.54230056993086
EPB41L1	1.54220089823204
CCDC34	1.54144500029633
NENF	1.54124261818154
TRAV18	1.54080054762271
NEFH	1.54070076894195
FBLN2	1.54053650118351
SLC7A6	1.54016866308061
TMEM139	1.54006053921688
MRFAP1L2	1.5398611909643
YIF1A	1.53938238320106
GSN	1.5392216582128
CTSH	1.53906032986242
YBX3	1.5384857799662
NAP1L2	1.53804782583252
NPAS1	1.5378399215569
TSPYL2	1.53750944725456
MUC5B	1.5373920152928
DNAI3	1.53732775779334
FXYD6	1.537180003346
EEF1A1P5	1.53660484487383
FZD7	1.53527841570771
HLF	1.53524149631769
CIB2	1.53440569357425
COL6A3	1.53400215544315
CD44	1.53389677520432
TLCD3A	1.53309967503891
TPBGL	1.53295899525675
GJA5	1.53211658491034
FKBP7	1.53199849901501
HMGA1	1.53180170849742
APOBEC3D	1.53046529824273
GOLGA7B	1.53045176217018
SPATA31H1	1.53030265777217
WFIKKN1	1.53017610411097
APBB3	1.52995566385198
CARD8	1.52984812572067
MSX2	1.52862691530033
WDR59	1.52816437783503
RAB29	1.52764126063275
NOPCHAP1	1.52759376007643
USE1	1.52721274442608
SIL1	1.52716245812134
SCLY	1.52633794208617
TNFRSF1B	1.52596402644533
OCA2	1.52529465458157
LMBRD1	1.52501724077324
ABTB3	1.52483293700936
NAALADL1	1.52392622345588
SLA	1.52361662729478
TBC1D3	1.5232593751497
SLC27A6	1.52317204682866
CATSPERG	1.52304628601304
IQCH	1.52263865830336
GCDH	1.52238756718075
SCG5	1.5223384639738
HMX2	1.52233727745165
GPC5	1.52214135060381
PGF	1.52074071938698
ZNF185	1.52073223027254
ELMO2	1.51996081712346
NRCAM	1.51982699415262
MBNL2	1.51972513953673
PTGS1	1.51927271284641
PSMG4	1.51912263230894
ZNF322	1.5190151319557
PRSS33	1.51895344023597
PRKACB	1.51824651319151
CASR	1.51803805572629
SNX10	1.51680924396615
SLC8A3	1.51603139028234
SLFN12	1.5158910572092
TCF7L2	1.51462713889192
ARPC5	1.51440198567931
CARD10	1.51379863883533
DNAJC5G	1.51338717580546
G0S2	1.51296881881476
ZNF689	1.51277968535658
CMPK2	1.51181766193073
HSF2	1.51163264501482
FBXO17	1.51126713839572
IL6ST	1.51084032116876
SLC12A8	1.51065224327301
DDX11	1.51064689156824
AAGAB	1.51043219566505
SPOP	1.5088177735464
PRDX5	1.50864753985418
CCDC110	1.50859073619393
CAMK1G	1.50830978177054
FIZ1	1.50823429373661
ULK4P2	1.50742547379245
IGSF5	1.50718210282476
CRLF3	1.50708099896122
KATNB1	1.50656218914397
BMI1	1.50641701034899
EPHA10	1.5060697264874
RABEP1	1.50525349234106
HPF1	1.50491821096778
IGFBP3	1.50416121780525
ACTR3	1.50389240669054
CEACAM1	1.50372642702114
APPL2	1.50333001386938
TMEM241	1.50255436933507
SLC44A4	1.50240301571336
ADCY4	1.5013546158826
JAKMIP1	1.50125723426759
SEC14L2	1.4995071618866
KANSL1L	1.49901003016312
WDR48	1.49898760305866
RTL9	1.49896781394844
QPCT	1.49813040580025
SLC17A7	1.49791374562222
SLFN11	1.4970253234933
SLC35F6	1.49571720445858
PZP	1.49554490984044
CLSTN2	1.49528322597433
ERVMER34-1	1.49478108616857
MTMR3	1.49450076618032
COQ2	1.49442192937679
NR1D1	1.49328611519082
MON1B	1.49326676519945
CHKB-CPT1B	1.49297738383177
MYZAP	1.49287419776593
XKR5	1.49282388401231
GLYATL2	1.49277685740549
RPS15AP36	1.49267726280768
DHRS4L2	1.4921800510609
CCER2	1.49173822127858
OTX2	1.49128063956914
TMEM183A	1.4904090050109
CALN1	1.48967063977407
RFX8	1.4896095279003
MARVELD1	1.48947090496451
CCL22	1.48914098943416
THYN1	1.48875543783679
MEA1	1.48874572254905
RIMS4	1.48857872334394
VIPR1	1.48738927738208
TMEM179	1.48700355121584
UBALD1	1.48675788377594
NTF3	1.48666190528504
TRGV5P	1.48510837290743
NANS	1.48495143019402
MBIP	1.48478649488201
LSP1	1.48424172536032
TSPAN19	1.48420216297198
SNX7	1.48370507012974
RPN1	1.48341620903249
C10orf143	1.48321967681172
MARK1	1.48318921422085
WBP2	1.48301631797561
ZNF692	1.48299112017377
FAM218A	1.4828254909198
RORC	1.48257265108349
CACNA1D	1.48175175351049
MTFR1	1.48148851184836
EID2B	1.48134957254089
DCX	1.48117626531932
APBB1IP	1.48060575097981
CMTR2	1.48045831639062
BMS1P20	1.4802986081727
LINC02203	1.48017902176425
OTX1	1.48000674417484
C14orf119	1.4786949396776
CKMT1B	1.47725783620969
TRAP1	1.47682793353456
DCDC1	1.47679863054462
SPIN3	1.47637917311611
PLCG2	1.47490743091087
INAFM1	1.47473809642424
IL10RA	1.47452140397638
AK1	1.47434260445951
ELAC1	1.47408665077631
ZNF316	1.47352451714046
TM4SF18	1.47336110148705
PER1	1.47331285172932
ADCY3	1.47297506180616
IL17RC	1.47262663568215
SGK2	1.471534659881
HCLS1	1.47125203077235
XKR7	1.47114702682979
NR1D2	1.47112698818189
SEMA5B	1.47038854369368
CYP2A7	1.47029191538329
TMPRSS6	1.4700613736323
NPIPA1	1.4692755154904
STXBP5L	1.46868840834441
SMARCB1	1.4685739037068
TMEM8B	1.46851784361602
MEGF9	1.46808284912162
THSD8	1.46786935716371
ZPR1	1.46748009068614
MAST3	1.46605420689864
ECHS1	1.46521888876144
RGPD8	1.46500402958341
BCAR1	1.46432500750955
FMNL1	1.46422264829272
CA7	1.46369756745356
CR2	1.46359277865412
GGNBP1	1.46244507284083
SIMC1P1	1.46223593457246
CDH11	1.46201372321099
MKI67	1.46190574203701
RFLNA	1.4617396060282
ABCC8	1.46161499829748
ZPLD2P	1.46159276311107
CCDC154	1.4609703326556
LPAL2	1.46006890410199
FBXL2	1.45990330983433
OTUD7A	1.45988741830573
ULBP2	1.45986597535224
FSTL4	1.45936277074757
PMF1-BGLAP	1.45925430197349
NBPF19	1.45898774462228
RLIG1	1.45874897048731
PIK3CD	1.45827902249017
P2RY6	1.45719434463135
TTC23	1.45684467599863
TBC1D17	1.45604507013997
SYCP1	1.45549941441895
EEF2K	1.45535441726976
C19orf73	1.45399478657598
PHACTR3	1.4535442080233
RFTN1	1.45251877661936
ERMN	1.45236105097626
SMG1P2	1.45203219164425
PPP1R3F	1.45189595264615
DPY19L1P1	1.45176266956213
LPAR4	1.4507411417652
SMPD2	1.45022784412902
DORIP1	1.44908520021622
TBL1Y	1.44813032648497
P2RY8	1.44778976869812
RAB3IL1	1.44672406467407
RUVBL2	1.44653642416075
ULBP3	1.4460462924762
ASAP2	1.44594264950298
PLA2G7	1.44550156567874
HSD17B13	1.44515658604463
CD79A	1.44505175281888
MAP3K3	1.44422345054041
GP5	1.44416397704143
PRLHR	1.44406568847661
LMOD2	1.44327399242339
HTR1E	1.4430582470008
FANCC	1.44272939281739
PIGN	1.44253741952394
IL1RL2	1.44175051223576
DKK2	1.44159556253916
FAM185A	1.44075931920348
NUS1P1	1.43970573641254
NT5C3B	1.43955678147492
TRRAP	1.43910915959149
OLFM3	1.43909666869129
NDUFAF2	1.43811899861219
TGFB1	1.43746868426277
NOTO	1.43738010480065
KRT3	1.43734309158873
FABP3	1.43722331978921
TCF20	1.4371850345268
FADS2	1.43651274535737
TNFRSF10C	1.43646034822144
LAMB3	1.43594428226626
POGK	1.43590384213054
WDR86	1.43588022048411
ZBTB7B	1.43421387683804
PLIN5	1.43402713374451
AP3S2	1.43395651180602
FUT5	1.43373903200397
CFAP210	1.43346971080734
APAF1	1.43338087011455
NCR1	1.43335888461484
FOLH1	1.4330331182943
FRRS1L	1.4329424122983
ZMYM4	1.43287762128184
GABRG1	1.4328608862568
GPR199P	1.43236975279597
TNFRSF4	1.43228768687611
C22orf46P	1.43079630331514
TSLP	1.43006516668758
TONSL	1.43002582437103
ZNF785	1.42971907494241
KRT15	1.42947888862859
ALG3	1.42947855262257
PIGU	1.42859672365862
ST20-MTHFS	1.4285842160982
NBPF20	1.42850218927177
SHISAL1	1.42838562783998
DCDC2C	1.42825876125358
FAUP4	1.42802373331166
ITGAX	1.42763994581149
PHGDH	1.42652609272514
WWC3	1.42652573270479
TRMT12	1.42593323348092
TMEM187	1.42534366995477
ZBTB22	1.42525658486809
TNN	1.42497466126688
ELP4	1.42484160606097
CXCL3	1.42456825958461
PLAC1	1.42417227031721
TAC1	1.42309761768632
CAB39L	1.42288865509047
MUCL3	1.42279422147313
SHISA5	1.42260548157082
OTOA	1.42253785284132
RSPO3	1.42244583734514
SH2B3	1.42200436105084
ZNF365	1.42198121794352
FDPS	1.42154807933743
MEIOSIN	1.42109495704947
GLIS3	1.42017202026827
SLC38A3	1.41996384878268
NLGN4Y	1.41980366465891
CTSL	1.41918876266724
GPR89B	1.41906014361593
ENOX1	1.41847391512296
ADORA1	1.41830940397849
BASP1	1.41623987027217
HSD11B1L	1.41606275450196
MYOM1	1.41564313360434
PVALB	1.41515091625444
CD27	1.41504920246706
CST3	1.41469709123709
ZCCHC12	1.41450882063063
C19orf38	1.41442476011238
KRBOX1	1.41408365492513
IER2	1.41385612568756
BATF3	1.41231820006486
NEO1	1.41074153380807
FAAP20	1.41029885854947
WDR49	1.41007789760715
ATG4C	1.40914250999139
CRYBB2	1.40878400424245
SLC27A5	1.40842141996345
RNLS	1.40825715263755
PEAK1	1.40797063097689
INTS4P1	1.40783685897807
GTDC1	1.40755602079342
INMT-MINDY4	1.40635825639613
ALG8	1.40623090318606
ST3GAL4	1.40599058671268
FBXO15	1.4058991076671
NHERF1	1.405390245991
ZNF843	1.40507101359928
SYTL5	1.4044683068593
HYAL2	1.4043886224198
ARMC10	1.40418421618094
INHBE	1.40400908371355
PRTG	1.40394252393907
FAR2P2	1.40374056298112
TCTN3	1.40352427107431
PPP1R13B	1.40345983287376
DDIT3	1.40290841803254
TRGC2	1.40285124195555
MAPK8IP3	1.40271557561611
GNAO1	1.40164303965207
PENK	1.39978238817814
TRIM10	1.39911163592715
SH2D6	1.39910022623295
FAM78B	1.39823783315656
WFS1	1.3980777764441
BDKRB1	1.39757341569253
NKX2-6	1.39663444253731
ADAM8	1.39632495318728
ZC3H12A	1.39494009624308
UBC	1.39485867224863
BID	1.39479169624902
PYCR1	1.39419144866649
TMTC2	1.39401263941439
TRIM16	1.392326375503
HTR6	1.39197301402927
KCNIP1	1.39194061113431
GIT1	1.39191085637556
CLIC3	1.39183138973722
MEIS3	1.39167399010898
PGAP2	1.39149415726335
RAP1GDS1	1.39031351392544
SMG9	1.38960202666268
EPHA1	1.38885773706302
RUBCNL	1.38828160161253
DLL4	1.38793652359933
RUNDC3B	1.38767762771776
ACP7	1.38660562233322
RPAP3	1.38659386538773
SLC50A1	1.3864714738801
TXLNB	1.38541870131722
C11orf87	1.38475281924581
EPHA2	1.38439547603719
IFT57	1.38271932034965
CD300LG	1.38233799894869
MAGED4B	1.3822421919863
KRTDAP	1.38193040085956
PTPRC	1.38170547951147
COL1A1	1.3816969232583
NGRN	1.3811602925041
GNPAT	1.38115738976744
ERAP2	1.38040932702047
GOLGA8IP	1.37965225888372
PLAAT1	1.37917326128383
P3H2	1.37909143485265
MARCHF10	1.37871425154207
DBF4	1.3782129161609
MAPK13	1.37710422906361
LDAH	1.37619398528229
KLF2P3	1.37537630661767
GALNTL6	1.374773006938
HNRNPH3	1.3741188345944
MLXIPL	1.37361007637622
BUB3	1.37342350325308
TRIM16L	1.37300679612666
TMEM120A	1.37295536853647
HTR3C	1.37232560659564
NXPH2	1.37207722491415
EGF	1.3719623518672
XYLB	1.37103210594105
HARS2	1.37087957430292
COTL1	1.3701828642468
CCDC177	1.3701303692344
TRGC1	1.37001385253898
SLC35A1	1.3696672722332
FAR2P1	1.36899253579773
RAD21L1	1.36717361885284
BTG4	1.36623891178483
SLC35D3	1.36558029621402
XCL1	1.3650467996951
GRM7	1.3648968250366
TAGLN	1.36484098221453
CNTN3	1.3645789960694
DMP1	1.36456151970508
ABCC3	1.36453681547542
KCNT2	1.36451671579544
MGAT1	1.36437284649527
CTAG1B	1.36401314616643
SPI1	1.36315518953764
CROT	1.36273967178228
WNT4	1.36257147220179
OR2T33	1.36141189816704
GGCTP1	1.36127872645409
ANKRD20A7P	1.36090285786381
IFI16	1.3606898415282
PDLIM4	1.36053955896856
KIRREL1	1.3600547031812
CEP295	1.35954984145559
SLC19A1	1.35946859783525
CFAP92	1.35910675734063
FBXO4	1.3587054538744
TNK1	1.35858123069334
TPP2	1.35835556798822
ADA	1.35766941476245
ADAMTSL3	1.3575537482269
NME7	1.35740076339038
FAM21EP	1.35721745265812
CTPS1	1.35685244771586
CCDC15	1.35675801170753
OXSM	1.35668469312278
SMIM10	1.35645696262756
LPAR2	1.35635666122909
RBMS2	1.35543644221491
PIWIL4	1.35492637317856
TAB1	1.35442867420401
B3GNT3	1.35355189346979
ATP13A2	1.35320751886082
GUSBP14	1.35304927215255
PTH2	1.35272463591372
NBEA	1.3526180207244
CNTN4	1.35221603254823
TBL2	1.3521215572935
LIMS2	1.35202333752251
PSMB5	1.35122058169123
PDE11A	1.35112676989463
NBEAP1	1.35109220805196
ORAI2	1.35057994127873
CNN2	1.35049639292144
RNF215	1.35038157401081
LAD1	1.35036419657922
CRYAB	1.3502836551697
KIAA1614	1.35025774342537
P2RX7	1.35010288846215
AKR1C1	1.34993839716442
HPX	1.34976528852346
FAM90A13	1.34973787192038
APLNR	1.34949858862835
SPMIP8	1.34942342157908
IRS1	1.34937566470742
ARHGEF1	1.34932243692317
TMEM74B	1.34897469679084
ATCAY	1.34893428371658
HSPA6	1.34866159706777
PPARG	1.34860479972019
CALCA	1.3483350768767
CDKN2A	1.34824861698793
YAF2	1.34784643704119
SPHK2	1.34778012286383
NEXN	1.34749458845597
ME1	1.34714347621034
TMEM31	1.34606514303775
TRIM58	1.34581436796926
ETV2	1.34508869540906
POMGNT2	1.34504175708667
CLDN11	1.34480583905284
PSAPL1	1.3444882675591
MORN4	1.34426566253798
SEPTIN14P12	1.34371354617174
OR2S1P	1.34347249178668
RGS5	1.34318044363497
ITGA10	1.34231921400197
CCNP	1.34189109108437
TKT	1.34173742445426
CITED4	1.341334650106
CYP4F33P	1.34087846960607
ADH6	1.34081695443116
CAPN7	1.34069093339864
EGR1	1.34056954467446
GJD3	1.34055380989779
CARMIL2	1.33953420315981
MAMDC2	1.33885218670888
CA3	1.33845014483813
ALDH6A1	1.33831797706126
GPR68	1.33820608279427
ARAP1	1.3379700525693
VKORC1L1	1.33714081195086
TREM2	1.33648180831299
SCARA5	1.3364368888243
PTPN4	1.33637333448087
TMC8	1.33519029094472
PDLIM3	1.3350887413308
FGGY	1.33505732296759
ATF7-NPFF	1.3348541536074
LRRC8E	1.33436311801817
PDPR	1.33421167918377
SHTN1	1.333688877462
KRT8P12	1.33333049123055
RBM15	1.33315238843347
HAPLN4	1.33249579619849
CMBL	1.33247577885138
SERINC2	1.33241572922798
GARRE1	1.33218087137184
PGCKA1	1.33208462087392
MAPK8IP1	1.33164086838659
PTPMT1	1.331062421641
SIRT3	1.33044124458853
TRIM44	1.3297138738734
ARAP2	1.32964731220477
GOLGA8R	1.32939553108937
E2F5	1.32852049379226
OSBPL9	1.32811864853787
SBNO2	1.32772781875224
DIP2C-AS1	1.32733209259355
KIAA1549L	1.32732780482677
SIRPB2	1.32677928948449
TNFRSF10B	1.32590882803715
UBP1	1.32530519984643
GNG8	1.32512533953838
TRAPPC12	1.32487032131706
PIP5K1C	1.32401545577746
AZGP1	1.32356925030632
GAPDHS	1.32331831163063
MOCS1	1.32330124386504
SAA2	1.32326600221685
PCED1A	1.32322478585948
MCF2	1.3229798616848
FRG2C	1.32289517240251
STK40	1.32255826187197
ARHGAP22	1.32197457896264
SLC46A3	1.32195593278307
CHMP1A	1.32114153283787
CLCN7	1.32113688834316
NTMT2	1.32073389457831
PLEKHH2	1.32062568768129
GET1	1.3203245042352
NFKBIZ	1.32026516054512
FAM167A	1.31965989301783
NTS	1.31902278402787
SH3BP2	1.3189592449132
PLXNA1	1.31845817245824
CLPTM1	1.31791855082977
DCLK2	1.31775141023479
TGFBR3L	1.31727447477738
C4orf50	1.31708510966207
SEPTIN4	1.3166381607083
GABRB1	1.31636476548202
PFN1	1.31617077644611
PLOD3	1.31579461836221
HERC3	1.31568837222763
ACSS3	1.31549535433236
CELSR3	1.31479711722222
BCHE	1.3144024365134
PSMD8	1.3142924650789
CLCN6	1.31407481457584
ALDH9A1	1.31335773331299
TDRD10	1.31319440744911
TMEM198	1.31254804093279
ATF3	1.31246899863497
SRR	1.31243690902714
LRP11	1.31200149760002
ZEB1	1.3111786511625
NIPAL4	1.31102533814272
TMEM63C	1.31099181488731
PAX4	1.31095712270416
HMGN1	1.31074500906874
ADRB1	1.31024348387641
MIOX	1.30998817974698
TXNDC5	1.30957815802757
CXCL2	1.30918385837555
MAGED2	1.30893442534297
PARLP2	1.30832811575071
BMS1P12	1.30774410422979
HDAC1	1.30755556311583
PDCD1	1.30666304538759
DLX5	1.3063489680861
SSU72	1.30628765623892
DMRTC1	1.30616311271772
ELK1	1.3053542093336
XPC	1.30521339812771
TPSB2	1.30398907504878
TK2	1.30347955957102
CXCL1	1.30294716308455
GFPT1	1.30268639174093
INSYN2A	1.30232832515539
OR10AB1P	1.30211804697792
PLK3	1.30177578415226
OBSCN	1.30167189605021
PLAC9P1	1.30122791010968
ALG10B	1.29985114752289
MDH1	1.29973106074347
RMDN2	1.29932879008518
DRICH1	1.29899920471435
TTC4	1.29894032132965
ABHD17AP4	1.29854945971658
CA10	1.29847657421028
C16orf95	1.29847040621909
UBE2Q2P16	1.29825882155258
TNFRSF10A	1.29805005388221
PSMD14	1.29780552857868
CRYZL2P	1.29743658655741
GOLT1A	1.29728454426616
NUDT6	1.2966497913068
MLPH	1.2961660581677
RAMP2	1.29596200383551
TTBK1	1.294869699757
ICAM1	1.29394075758355
POTEC	1.29239022535755
CDYL	1.29221513783812
ALDH1A1	1.29210849111952
EEF1A1P10	1.29138171546908
THY1	1.29123569122025
MATCAP2	1.29027827757062
PACS1	1.29018820912708
PSMB9	1.28992654588564
EED	1.28904627055103
MAOB	1.28809531327449
RAB40C	1.28747195104883
TRIM6-TRIM34	1.2874304130958
SH2D3A	1.28729765099956
ASTL	1.28716907969404
STON1	1.28665320699446
GPR89A	1.28653277085688
SLC1A5	1.28567793228245
SPICE1-CFAP44	1.28549715358744
CCDC184	1.28549266982492
TTC3P1	1.28538484943807
RAET1L	1.28525959703784
ORM2	1.28486597621259
L3MBTL4	1.28456745074647
CDK20	1.28442634595777
DMRT1	1.28383525085293
LCN2	1.28371228873828
LY75	1.28362604013133
PPFIA2	1.28350479330235
MYL10	1.28329768141546
ZNHIT6	1.28328994225613
GCOM1	1.28325183847183
STIM2	1.28290100844813
STARD13	1.28278821841489
NEIL3	1.28266591418527
ASAH1	1.28243334605046
TRAPPC2L	1.282037934709
ZNF580	1.28181950919525
C10orf55	1.28095714208209
PDLIM7	1.28059571406959
UBOX5	1.28057629493816
PFN3	1.28044816952455
PAK4	1.27934476829556
PLAUR	1.27907330772719
YIPF3	1.27905197888492
TNKS1BP1	1.27887119454223
PDE4DIPP2	1.27869097154661
SLC1A4	1.27827575639164
CYP4F59P	1.27760405583719
CIBAR2	1.27758994271883
PDZD2	1.27734146057414
PPP1R13L	1.27675095180795
FAM168A	1.27637801386589
SPATA31A6	1.27602425358707
CDH4	1.27589847490291
CHST3	1.2757791097153
NME1	1.27543831253605
ARHGAP9	1.27476883078157
C11orf86	1.27444026105225
ITPRID2	1.27437980465997
OPTN	1.27411501366838
ZNF215	1.27387434333886
EEF1A1P6	1.27383369383565
KRT81	1.27291093012068
PWP2	1.27273273493575
SHISA7	1.27190905255124
MVP	1.27124950456063
CLMP	1.27118996752239
TMEM177	1.27096599944433
PTPN7	1.2707183302551
FDXR	1.27028537727806
ACOT1	1.26944106951031
ISL2	1.26943540041476
TBC1D10C	1.26925835433538
ALPK3	1.26915125435136
CBLN2	1.26875525618395
CCDC66	1.26873499606009
VN1R108P	1.26759229017951
ETV1	1.26707576269385
DNM1P51	1.26605542611611
TMEM39B	1.26600225329979
CMTM1	1.26576971056271
OR2T8	1.26554963578392
ALDH16A1	1.26554471285245
NOP2	1.26552973333713
CRX	1.26529746039699
MASP2	1.26354476247605
UBE2D4	1.26325647330441
TSC22D4	1.26297134743862
TMEM104	1.26286107800696
ARAF	1.26256501157832
DDX11L9	1.2625058795675
HERC5	1.26193059574126
CAPS2	1.26173629906015
GNRHR2	1.261142904845
RCL1	1.26089592323592
VGLL2	1.26068904633631
SLC7A7	1.2594561335344
CRISPLD2	1.25904669273474
TEX101	1.25882992299243
SYT2	1.25880028455948
TMC1	1.25859331877264
OPLAH	1.25808322068445
SENP1	1.25807666785065
PPL	1.25793616130555
LMCD1	1.25784216843407
NLRX1	1.25765409970322
RFT1	1.25709270227582
ABTB2	1.25615883371996
ALAS2	1.25615272010134
GATA6	1.25561347674679
IFT74	1.25522019831886
WDR97	1.2543715827052
MAK	1.25432522064151
ATP6V0A1	1.25370424239999
FOCAD	1.25340466924205
MGAT4EP	1.25317462602633
WNT3A	1.25273976892613
CMC4	1.25266462691154
FPGT-TNNI3K	1.25239765920043
RNASEH2A	1.25214788136223
LRRC75B	1.25180549392804
TPX2	1.25173139270679
SPNS2	1.25163760472546
COL4A3	1.25102117981552
SSX1	1.25100358789625
OTUD7B	1.2501927669485
MIA3	1.25016886512364
SLC41A2	1.2497799529885
COQ8A	1.2495027613691
OTUB2	1.24928047934955
ZNF876P	1.24868656853453
ALDH3B1	1.24840629585676
KLHL42	1.24801100771667
PON2	1.24791310712071
CNIH2	1.24789673208964
ZYX	1.24776294213912
UBQLN4	1.24755867594111
MEN1	1.24746391077833
FGF22	1.24718940179748
ALG1	1.24717280478161
BHLHA15	1.24657538971551
B4GALT2	1.24654729046508
ZFHX4	1.24641543863125
IRF1	1.24574678580981
CIMAP2	1.24559035840587
PTGES3L-AARSD1	1.24462951764915
PSMD10P2	1.24446754380199
CNN1	1.24434182577043
SAMSN1	1.24389518994911
PTPN5	1.24387129217294
KCTD7	1.24358012109009
ALK	1.2433393892603
ANTKMT	1.24310500991932
RNF150	1.24310143300303
PCP4L1	1.24299050440445
PTPRT	1.24103179102489
SSR4	1.24046411876861
CDYL2	1.24043085179348
HPD	1.23914116621738
GPR27	1.23906901559792
ADGRE5	1.23826176190844
DYRK1B	1.23825724150826
CD1C	1.23778806792857
HACD3	1.23678224667665
KCTD19	1.23570589319319
CASP4	1.2356237149064
GFRA2	1.23561687365873
EVC	1.23551691455088
MYEOV	1.23510364907035
RRAD	1.23488213006602
MESP2	1.2348218522111
POU4F2	1.23452236119818
UBE2Q2P13	1.23428340128292
DUSP8P1	1.23417496381989
STOML2	1.23376139701895
PYY2	1.23339989360447
TUBA4B	1.23324848709265
ZNF56P	1.23261929571399
VAC14	1.2325448993442
SERPINI2	1.23123813998045
NABP2	1.23094350179807
MFAP4	1.23038816340871
C1orf202	1.23002154640282
WASH9P	1.22999961861726
RHPN2	1.22996826154807
CBX3P2	1.22992963512246
ATP8B3	1.22956192265442
PPIC	1.22950329359439
CNKSR1	1.2291506216112
DDX11L10	1.22847512532755
MEIS3P2	1.22829943750313
ID4	1.2282361977609
ANPEP	1.22804266142212
SULT1C2	1.22794238367715
RANBP1P1	1.22775022624103
SLC1A2	1.2275629053045
KCNK6	1.22743973318038
EDN2	1.22731832373849
AP3B2	1.22726922264215
SDHC	1.22720431211872
C1QTNF2	1.22718961716181
SFRP5	1.22716221199057
PCDH1	1.22702265883713
THUMPD3	1.22701283884693
ATF7	1.22614386430024
DNASE2	1.22584657025996
RPL15P11	1.22583581372013
CYP4F62P	1.22579427419512
CD37	1.22571775699374
ZNF473	1.2254781218429
MPP1	1.22535862656016
TBCCD1	1.22528496264913
COPG2	1.22422818421495
PDE6D	1.22416473322918
ANO10	1.22400802308074
DGKB	1.22360404528098
LCP1	1.22307717361365
LMTK3	1.22284059256251
XRRA1	1.22277770646474
AMHR2	1.22261555235922
GUSBP2	1.2217310740247
RSPH14	1.22110974129085
BCORP1	1.22106927704858
DNM1P46	1.22053528667768
SEC16B	1.21922508073803
HSPA5	1.21891643475602
APOL4	1.21890460547144
SLC18A3	1.21868328274
ADGRL2	1.21792206559442
NDE1	1.21775014684263
TEKT5	1.21711289592254
ZHX2	1.21628755667769
GAS2L3	1.21605558370374
RANBP3	1.21570998525566
EXOC6B	1.21506828807339
CREB3	1.21488784249246
OTULIN	1.21473882395344
HAUS3	1.21397266374506
PKD1P1	1.21396295189231
LOXL4	1.2129197003537
CTSD	1.21253471462077
BTBD3	1.21252185005148
ARHGEF9	1.21223412306186
IMPA1P1	1.21212872524291
MAGED4	1.21208374792858
TVP23A	1.21189088366648
VWA5B1	1.21147979489267
ERN1	1.21084978021014
RASGRF2	1.20985091134502
ENPP7P2	1.20984992805284
CTXN1	1.20843957462604
USP26	1.20800318595499
TMEM134	1.20777585524568
ADAP1	1.20776551190145
DLC1	1.20773440308178
TG	1.20718150116195
BHMT	1.206111388575
KCNIP4	1.20545551397319
SPATA31B2P	1.20526979959724
AMPD2	1.20454516823352
ME3	1.20406441907457
STAG3L4	1.2033055365697
BBS7	1.20319906787301
AVPR1A	1.20289521135833
YIPF2	1.20253708827158
PM20D2	1.2023204585559
NME2	1.20164327410831
TIMM17B	1.20161653822051
MADD	1.20115227037478
MARCHF2	1.20018314874252
ZNF384	1.19991295115425
C8orf90	1.19920340132772
DDR2	1.19850205830657
PHACTR1	1.19844643168003
ADORA2B	1.19835495439014
SLC7A9	1.19781620617708
RASA4CP	1.19678223318249
CRIPTOP7	1.19605916685251
POLR2A	1.19561257769114
LIF	1.19539620755929
SH3BP1	1.19527534093242
MOB3A	1.19519067960832
N4BP2L1	1.19455447437967
ACVR1	1.1945277400202
KPNA4	1.19428030308156
REC114	1.19320102328116
METTL26	1.19280671859934
STAC2	1.19264944135565
BORA	1.19202654083626
PPP1R12BP1	1.1919842747253
ERGIC3	1.19136268578207
NOS3	1.19107326250076
CRELD2	1.1910545060948
ZNG1F	1.19100300935253
COL6A5	1.19066830791316
SMKR1	1.19020976477508
NME4	1.19008361664326
MR1	1.18989055721947
CAT	1.18935677693424
PCP4	1.18857499386424
SLC35E2A	1.18856493649183
CALHM3	1.18837962259642
NARS2	1.18834374057535
FAM90A25P	1.18822869816029
DPY19L2	1.18802261221671
USP32P1	1.18798306283151
CTDSPL	1.18734010025205
AIM2	1.18728649691234
ZPLD1	1.18704501282333
MSTN	1.18699031440162
RAB3D	1.18638345455298
IGFBP4	1.18635866930173
HTR7	1.18584505565081
CUEDC2	1.18584393065147
IRAG1	1.18577249509507
FAM86B3P	1.18536592562862
APOL2	1.18514918209767
LNP1	1.18451952550688
YBX1P1	1.18392831455532
SUPT3H	1.18377961411966
MAP10	1.18338470817996
SCIN	1.1832811266794
STX1A	1.18295941711296
MYO9A	1.18277178403461
GRK5	1.18258151263842
CHAC1	1.18255245637892
EPHA4	1.18231178052486
TFDP1P2	1.18215212081627
NCAM1	1.18192576778242
STOX1	1.18090145228451
EDA2R	1.18068650392819
PSTPIP1	1.18061928139713
ZNF814	1.18021380484259
TSPAN2	1.17912366572586
SELL	1.17844273333882
SIM1	1.17829626712318
H3-3A	1.17730843379068
RPE	1.17617987214324
R3HDML	1.17596663814196
NPY1R	1.17593355419155
RASAL1	1.17495545196166
TTL	1.17357774617366
PDCD6IPP1	1.17331193689429
MTHFD2	1.17311029707389
ZG16B	1.1723311428175
B3GALNT1	1.17232116572425
ESRRB	1.17196995481844
RPL23AP7	1.17140017973343
APOA2	1.17128142174468
PPIE	1.17099673253754
SNX24	1.17068190780234
TPBG	1.17027514083828
ETV7	1.16981534445379
KIF27	1.16958383117421
EVA1CP2	1.16951313739486
PTMS	1.16905291678738
MASP1	1.16813455849511
BCL7C	1.16797751929549
TOM1	1.16784751495148
MKRN2OS	1.16744537120095
CHDH	1.16740332946741
SPNS3	1.1670591861465
DDIAS	1.16671246539764
LBP	1.16664159674145
MCOLN1	1.1662179922
AKT3	1.1659139558073
CKS1B	1.16588271679727
PDK2	1.16530836863324
DPP10	1.16520194570878
TSPAN5	1.16421731296154
C1orf21	1.16386661936419
DMRTA2	1.16386541679557
SMPDL3A	1.163365063875
ATP1B3	1.16292998407528
NELFB	1.1626738488672
BOD1	1.16180589207446
BBC3	1.16147565897265
FAM90A2P	1.16112023972552
TDO2	1.16096478333138
FGF13	1.16077735911153
ZNG1E	1.16026235769524
MACROD2	1.15998879041976
RAVER1	1.15966412512532
GSDME	1.15917264213754
CNTRL	1.15903185297767
COL19A1	1.15894628931188
HEXB	1.1587865922427
RAB33B	1.15871290485794
RPL32P27	1.15768265256378
FAM156B	1.15766729051191
NPY5R	1.15727823846598
IL22RA1	1.15642502078968
RHCG	1.15634404618816
RIT1	1.15584210881883
FAM114A1	1.15574502603815
PCDH19	1.15552365726409
KCNK7	1.15528937794953
SEC11A	1.15518540999649
TULP2	1.15499273768216
PMPCAP1	1.15457031204852
RPL7AP45	1.15450044950469
ATP2A2	1.15399765144042
WDR17	1.15399141316772
BCAN	1.15324211900062
CIAO2B	1.15284229644024
SLC12A3	1.15283155942278
SDF2L1	1.15258560019882
NDRG4	1.15243805936235
ELOVL5	1.15189280690345
LRG1	1.15179945297804
TMEM45B	1.15172864787939
WNT2	1.15096101812668
ADAMTS17	1.15089247202053
NAT16	1.15069138527061
MARK4	1.15007929120496
RPN2	1.15000830500139
SMG1P1	1.1497342405711
LAMTOR2	1.14928774805724
CBX5	1.14922063303007
MYOM3	1.14871074886803
GGT6	1.14841909537168
DAB2	1.14811295848915
HSD17B14	1.14804934248366
MIER2	1.14778358052795
CHL1	1.14753194210323
ART3	1.14739297129445
GLCE	1.14718347412132
ITGB2	1.1469406832015
ATF6	1.14682153378288
MAPK3	1.14639538857754
PPP1R9B	1.14490711867694
STRIT1	1.14322267376569
GJD2	1.14320129206654
CACNG1	1.1428759281263
PXDNL	1.14286691191392
GPR78	1.14238296984202
WNT16	1.14224371422832
FTH1P2	1.14206623161534
DRD2	1.14153974448309
AHSP	1.14031821293011
SACS	1.14004821834136
ADAM33	1.13990220361961
TDRP	1.13927182552014
BLNK	1.13895553593093
STX4	1.13871024855843
CD58	1.13853771856979
FGF7P6	1.13815846994554
RIPK2	1.13658167955208
PCDHGA4	1.13652458671799
GNG4	1.13634502040882
TCP11L1	1.13633302460433
KCNC1	1.13608618199408
BCAS4	1.13594934499696
CCNI2	1.13521501770841
XAF1	1.13487227230985
SPAG9	1.13480731549551
FGD2	1.13429927329122
ZNRF2P1	1.13416053407504
MROH8	1.13351709541362
VSX2	1.13300667197078
IRF3	1.13298158104299
COL18A1	1.13217722670444
TMEM200C	1.13194224339609
TRPV6	1.13186271502295
ABHD8	1.13183634126271
RGCC	1.13143562890612
ZNF33B	1.13073469176701
PDE3A	1.1306282711518
NUMBL	1.13061468557813
FCHSD1	1.13016338202045
CEP126	1.13008415190801
PKHD1L1	1.13007048776056
RFX7	1.12972353750868
PLCXD3	1.12961820280489
CARMIL3	1.12957202746139
BACE2	1.12951127419256
TRPV2	1.12904397728314
KRTAP13-4	1.12863911526407
BTC	1.12847316944594
ACTN4	1.12815907589715
SLC25A15	1.12805810359342
PORCN	1.1268009619021
P4HA3	1.12632033668255
PCDH18	1.12546182224269
KCNC2	1.1249338474538
RPS5	1.12402014357869
COL5A3	1.12398378813355
FLYWCH2	1.12379200902196
NSMCE1	1.12335983448546
UBL7	1.12334270596617
DCLK3	1.12314297856163
CLEC4A	1.12274683355058
GUSBP15	1.12259432463881
RNF166	1.12249613799014
NR0B1	1.1223443150722
SCMH1	1.1215217605229
RAB6C-AS1	1.121261281297
VEGFC	1.12008092694218
LZTS1	1.11971813797654
TTC7B	1.11969097057227
UBE2Q1	1.11936061124882
TLR4	1.11894854230578
CNIH1	1.11892317234399
CEP164	1.11859215185892
C5	1.11824960665333
TP53	1.11777487704982
ABCD2	1.11753153180836
CAPN8	1.1169878535984
OR7D2	1.11604907772136
CYP4X1	1.11589854513279
ACAT1	1.11490330735788
TRIM9	1.11482815386175
SPATA33	1.11475958637742
ABCC1	1.11433739359655
GRM4	1.11432495627837
PYCR2	1.11397718536247
MEPCE	1.11347565071861
NPIPP1	1.11286887676176
PGA3	1.11257253803496
ASPHD2	1.11241777402554
ZNF865	1.112047547231
SERPINB4	1.11202628784425
SOAT1	1.11100095746432
RCBTB2	1.11066376010739
GET1-SH3BGR	1.11012276289961
PTK2	1.11006734446908
ERFL	1.10989119340596
GORAB	1.10935467520775
ANKRD2	1.10863484135062
SLC22A14	1.10849030488066
SPMAP2L	1.108454291391
DDX39A	1.10834084780073
ANKRD36C	1.10796078157497
ATP6AP1	1.10778830588851
CARD14	1.10720065460118
ARVCF	1.10695432793571
IFITM2	1.10681977717188
JAK3	1.10628552329744
FPGS	1.1060275193205
GREP1	1.10560469811382
CPNE1	1.10523868010049
ACSL1	1.10500682399086
C17orf113	1.10461014557445
C20orf96	1.10421512633328
ECMXP	1.10374573237509
TF	1.10296843412777
PARP3	1.10253445032248
HSPB2-C11orf52	1.10248627903392
SST	1.10246954971136
POLR3GL	1.10182798656343
STAG3L3	1.10159422235923
CHD9	1.10154352618074
CDC42SE2	1.10138835609843
NDUFAF6	1.10098345171519
TUBA3E	1.10093769953848
CYTH2	1.1005897235537
NRP1	1.10049554248074
GGTA2P	1.10017998342926
COX8C	1.09988862332065
DENND2B	1.09969744716538
MYL12A	1.09949681586969
LRFN1	1.09930280847451
VPREB3	1.09896875520951
EPHB6	1.09873634235588
NAV3	1.09850674926012
RNF225	1.09843005403553
KLHL29	1.09828524215803
H4C3	1.09820162373479
SPATA31C2	1.09809795697416
BAAT	1.09761112604905
UQCC2	1.09694843462193
CNTNAP5	1.09686717356689
MYOF	1.09667656275949
VCL	1.09649078170255
LDHB	1.09562168473243
METTL8	1.09467074289589
TCEANC2	1.09439808870468
SEMA3A	1.0943523137119
TRIM15	1.09414949732495
MAP3K7CL	1.09401992986941
TBX21	1.09399006443292
MEDAG	1.09358420604357
MZB1	1.09358177092421
KANSL2	1.0932608053919
ALAS1	1.09303101398576
NAA80	1.09302931432192
LETM1	1.09175007700569
SLC17A8	1.09130064774686
GFAP	1.09120149211537
ALAD	1.09099336519863
PPME1	1.09081533658799
CCDC144CP	1.09035950508429
GATD3	1.09028284353558
CEP170P1	1.08947943830729
CSRP1	1.08916459599988
TFF3	1.089079979968
IL18R1	1.08883929860659
S1PR3	1.08881712302355
PARP10	1.0884472822251
DTX4	1.0881177812971
WT1	1.08789613922503
SPHKAP	1.08778849142531
EOGT	1.08739506267294
PARK7	1.08721005631788
RBM4B	1.08699669288772
N4BP2L2	1.08697811166865
AFTPH	1.08694190687099
RAB13	1.08674593209813
MRPS27	1.08643077020406
FGD1	1.08634063435647
TMEM214	1.08624080775954
SQSTM1	1.08478849068173
UHRF2	1.08468837850804
PTENP1	1.08464980085217
TSPAN9	1.08392912667119
SLC43A2	1.08312372727438
MROH7-TTC4	1.0829993158914
URAHP	1.08297817545318
ZNF618	1.08291229704191
TBC1D2B	1.08290120366981
ITPRIPL2	1.08269226261648
SIMC1	1.0826758895809
IGFL4	1.08232087349077
LDLRAD2	1.08146694782953
TEKT2	1.08112084689851
SPATA31A5	1.07940327991186
SRPK3	1.07935323944846
CFAP53	1.079225296754
ACADL	1.07890508948678
SOX30	1.07864261712791
ZNF484	1.07854866845572
STAG3L1	1.07827354642523
MYADM	1.07814253873976
FGR	1.07744638768273
MPHOSPH9	1.07716152139006
FOXA3	1.07691949603653
NOC3L	1.07630200022121
CDKN2B	1.07627126460043
NHSL3	1.07585515024395
CETN2	1.07533989206227
TBX22	1.07514366906944
WWC2	1.07460794316889
MYCBPAP	1.0738037086435
CANT1	1.0737121146266
IQCJ-SCHIP1	1.07356714527477
DLX6	1.07354038596482
ANAPC1P1	1.07343052382398
DCTN1	1.07339085885595
PROX2	1.07328246154281
KCNH4	1.0729574365265
MECP2	1.0724479654043
STARD4	1.0721076545686
AKR1A1	1.0710176785472
PRM1	1.07095261442677
SHROOM1	1.07032870934308
CEL	1.06974372050311
GPRIN1	1.06933217003921
SCCPDH	1.06927816945656
ATP6AP1L	1.06901173939932
ZCCHC18	1.06884409337135
TCEAL9	1.06799927622725
TPTE2P5	1.06757523987972
DNMT1	1.0666923825514
KLK4	1.06647499263847
CYB5R3	1.06645965344036
DDX27	1.06611150719395
LAYN	1.06515824209514
LGALS9C	1.06459642003862
PRAF2	1.06402467938274
CSF2RA	1.06371069536101
CTSLP2	1.06336623443425
PSME2	1.06293501714728
PGAM2	1.06258060306045
MDH1B	1.06250597320218
RRN3P1	1.06221992177929
ZNF385A	1.0617999794719
EGFEM1P	1.06142571715032
PKP3	1.06097608600642
MRPL11	1.06058096615983
HCN1	1.06037021025292
GMNC	1.05998144294703
ZMYND8	1.05954871257465
KLF2P2	1.05908439188296
PLD1	1.05898343297087
TTC24	1.05868201886099
LARGE1	1.05863844201787
XAB2	1.05853657070548
TBXA2R	1.05765331381413
FAM216A	1.05733945431253
ESX1	1.05696380674891
CEP112	1.05629814242746
CFAP47	1.05578900812648
KLHL40	1.05575462348983
NAA60	1.05489390022638
CORIN	1.05475435044963
IFFO2	1.05470933979791
PICK1	1.05466175545642
TNFRSF21	1.05375034041053
SRL	1.05365956490509
PLAU	1.05351629133662
PDPR2P	1.05338804156841
SLC38A6	1.05327071840407
COL8A2	1.0532360298378
KCNJ15	1.05268476591019
PRR36	1.05238639234209
SUPT20H	1.05221571821238
TECTA	1.05116952608274
POSTN	1.05050463695618
CRELD1	1.05039235854094
DHRS12	1.05015632812793
PRDM15	1.0501145979869
S100A2	1.04982698960531
CLASRP	1.04966087321176
SPOCK3	1.04884003075663
PTPRO	1.0481868021115
PAQR7	1.04805455615315
ABCF2-H2BK1	1.04776089680866
G6PD	1.04765320317692
SLC39A3	1.04754034837553
SLC6A9	1.04753917825631
FXR1	1.04735561369555
POLR1G	1.04723559974506
SMIM8	1.04723002938755
OXCT1	1.04708477147518
MMP19	1.04694216390793
REV3L	1.04673748306629
ARF5	1.04645891955568
DUXAP9	1.04638760124777
LCK	1.0463590187925
ZDHHC1	1.04628606430489
ORAI1	1.04572711916172
RNF152	1.04536055250438
EEF1E1-BLOC1S5	1.04530600132313
DNAH2	1.04504359587352
PER3	1.04503583127896
KDM4D	1.04479992775605
PIEZO2	1.04466358597625
GGACT	1.04445935541816
SYTL1	1.04441055866582
KIFC3	1.04430332376957
GPR155	1.04381744349075
OGFRL1	1.04335129955708
TSEN54	1.04317315402727
SRRT	1.04307360667114
RBKS	1.04301721895697
GBA1LP	1.04300345004333
FASTK	1.04288840683755
ABCA7	1.04268208572435
TNFAIP2	1.04232356489662
HEXIM1	1.04221666558775
SSR1	1.04196073045815
VN1R95P	1.04165470573953
TMEM42	1.04087100890838
NLRP14	1.04081330295367
USP4	1.03934641082531
ADCY10P1	1.03913414106967
ICAM4	1.03887880316902
NLE1	1.03884795732944
SULT4A1	1.03859219433069
PPP1R3D	1.03760240241082
LIPT2	1.03713544061194
ACTBP11	1.03689775530791
JDP2	1.03614002775863
KCTD11	1.0360352651553
BTBD10	1.03568134012973
TAFA2	1.03556645801791
RAI14	1.03552274825738
ACTB	1.03547895424735
IPO13	1.03510350073874
SKP2	1.03487990687617
TTC29	1.03475202137777
VPS13B	1.03465255157213
LRPAP1	1.03433728663286
DBT	1.03369575392483
CALR	1.03302868997507
TMEM176B	1.03298484172373
ATP1A3	1.03295633360916
MAP3K21	1.03164736529873
OTOAP1	1.03062139486269
HMCN1	1.03051706874293
MYH7	1.03051093136513
CACNA1S	1.03017620918111
JADE1	1.02897031577107
LIN7B	1.02877084420741
BOK	1.02769138457993
EML6	1.02742017866223
INTS9	1.02714920597151
PABPC1P4	1.02683209405018
VXN	1.02659730374158
SLC22A4	1.02590364062574
NKAIN1	1.02589307490266
ZC4H2	1.02540294118166
OR52N3P	1.0253547060967
CDRT15P6	1.02533283051575
PPP1R12C	1.02522617905355
SPATS1	1.02490913209705
EDEM3	1.02411301934277
HNRNPUL2-BSCL2	1.02402915544203
PRKAA2	1.02402568381484
HYOU1	1.02375366727216
ERBB4	1.02361603617411
CXADRP3	1.02358835349216
RNF139	1.02334085526845
NPFFR1	1.02278932896037
PDE4C	1.02266863884239
OTUD6A	1.02259376354367
HECA	1.02190878521733
SPARC	1.02158326465855
GRIN2D	1.02101799468576
TAF9B	1.01957772754045
MMRN2	1.0193199196776
GNAI2	1.01923721502734
UFD1	1.01892734987013
ARTN	1.01817525246849
SLC9A9	1.01775261331704
EMP1	1.01739144920213
CRYBB3	1.01710882356005
ILK	1.01695016853061
ACTR1B	1.01659364036419
CFAP61	1.01605780952644
ADAMTS7P4	1.01601032338795
RAB33A	1.01557575693254
RDH12	1.01535865421804
TLR2	1.01503059232225
CEP57L1	1.01452975465595
MED15P9	1.01451065651463
SNAP91	1.01443311541862
ARSJ	1.01421887712211
THOC1	1.01417875136884
PYROXD2	1.01409106305482
TIGIT	1.01336163632822
CFAP20DC	1.01304747860551
SSR2	1.0130317881507
NEU4	1.01290808831322
NR2F2	1.0123730800645
PPP1R3B	1.01235996353392
TCF24	1.01109148519631
CYP2A6	1.01104499582704
CMTM8	1.01104325917883
AP1M2	1.00929869811874
PLEKHG3	1.00928688025918
PIGR	1.00926332445009
RASSF9	1.00905097267106
CD93	1.00896914145904
BCL9L	1.00811789352666
CYP21A1P	1.00808332422764
DCP1B	1.00767054374312
AFMID	1.00747611727699
BEST1	1.00739602108682
BMS1P7	1.0072752085087
SLC19A4P	1.00660469617637
GOLGA8S	1.00593198306911
ZNF182	1.0054194187395
AIF1	1.00541309372361
TMEM14C	1.00535001562027
HSPD1P4	1.00449593590144
AMACR	1.00415916648429
CSPG5	1.00413966884099
CLN3	1.00413694539312
ACTG1P20	1.0040210492819
CDKN2AIPNL	1.00389563285775
TRPC5	1.00304765622041
TMEM132C	1.00264325246037
GPR45	1.0025665433294
AKR1B15	1.00236102399042
PIK3IP1	1.00098018908203
RTN4R	1.00052139466497
GLIPR1L1	1.00040742715834
CFAP99	0.99992307839057
CBLN4	0.999326563818022
FCHSD2	0.999222732992616
FAM110B	0.99912698516383
ACAD8	0.998977801754395
HEXIM2	0.998012282333402
RCN3	0.998009249758037
CRTC2	0.997911000007293
FCN3	0.997475592424274
FAM47E-STBD1	0.997119952544287
TMEM17	0.997065469812211
L3MBTL2	0.997043997039188
OXTR	0.996766393679063
STAC	0.996565576193251
ZAN	0.99655547402629
DMRT3	0.99607758459926
NPHP3-ACAD11	0.995013374189833
FAM161A	0.994701965228496
RSPH1	0.994498713507983
MCCC2	0.993728217796606
UQCRHL	0.993449045234531
BTBD6	0.993323369743276
ETV6	0.993260250862157
KLC2	0.993182514251534
SETD9	0.99271514152712
AQP7	0.992525568039131
MAP2K5	0.992045517911998
ZNF165	0.99193857817923
EIF3FP3	0.991901347468456
CDH13	0.991758838448142
TREML2	0.991635493309221
RNF31	0.991582649519791
TTC7A	0.99124766816259
SPATA2L	0.991183003299274
PDE4D	0.991104742475016
SMIM45	0.991058937214647
CACNG7	0.991032514158761
ERO1B	0.990636570062684
F8	0.990341236441353
GGT1	0.990002336505622
PKD1L1	0.989404835842368
MAPKAPK3	0.989319179539508
FILIP1	0.98930915229828
MYH10	0.987874493783865
DNAJC18	0.98784403877632
B3GAT3P1	0.987553722624032
TMEM215	0.987183212020556
OSCAR	0.986029444985035
NPIPB13	0.985918512991771
POPDC3	0.985848826847763
PKD1P3	0.985508554120957
WSCD2	0.985477029986944
TASOR	0.985452842693038
RGN	0.985355224897218
RHOXF1P1	0.985042985134524
GCC1	0.984584873077055
IGKC	0.984547663882933
DRD5	0.984323964631151
KRT77	0.983892263211659
DHRSX	0.983736027669248
UROC1	0.983026381426537
ALKAL2	0.98229387779981
TSPAN11	0.982131492848475
COPS7B	0.981626292362423
GPR62	0.981186183589038
CDH17	0.981135290975367
PSMC4	0.980348062104661
CAMKMT	0.980158424160166
MZT2B	0.980150969703504
ADAM17	0.979082929892321
CER1	0.979051615794913
CPNE2	0.978708175836645
WDR91	0.978599229905202
PAFAH1B3	0.978461851978575
ZAP70	0.97826358104379
FGFR1	0.978070460624312
BAX	0.97801067895758
MDFIC	0.977747856000317
DHCR7	0.977720096056121
LRIG3	0.97710325737019
TWF2	0.976670075830706
MIEF1	0.976344689277571
PRMT5	0.976047625820555
ADCYAP1	0.975604287226583
ZDHHC12	0.975487116396368
DRC1	0.975362003788439
SGSM2	0.974740678025873
NPIPA8	0.974340821439213
NRG2	0.973975740188474
MCIDAS	0.973905719368218
EOLA1	0.973764385704856
RPA3	0.973607391253733
MLIP	0.973556612053324
RSAD2	0.973483003679364
NMNAT1	0.972992722418829
GAB2	0.972804602376183
PSMB4	0.972718256754417
SSPOP	0.972673129129538
MYH7B	0.972602418603649
TRIM28	0.972302511000291
TRBV26OR9-2	0.972212179093627
NWD1	0.971483095527968
SSRP1	0.97145522768061
PPP1R26P1	0.971316794093715
HLA-J	0.971089455507732
TMEM178A	0.971002756177422
MRC1	0.970676412369237
RNASEH1P2	0.970454401052152
SLF2	0.969097484744455
ALDH18A1	0.9690970027813
NCF1B	0.969049998727259
LRP8	0.968974212382445
CNNM2	0.968967525005066
CTF1	0.968908060081025
CHD2	0.968303090791944
DUSP15	0.967873527995101
TRARG1	0.967024121039603
ZNF705D	0.966525903196311
BEAN1	0.966419458299897
MAST2	0.964814423387298
SELENBP1	0.964722689702977
B4GALNT1	0.964690994909909
LTBP3	0.964549832882
CES3	0.963707935934542
GALNTL5	0.963616058782952
WNT7A	0.963482366276352
FAXDC2	0.963338752428443
POLR2G	0.963071710892425
LCP2	0.962561859060706
CTAGE3P	0.962413841477502
EEF1AKMT1	0.962383574199592
CDKL3	0.962315163427963
RIBC2	0.961756584531719
KLHDC8B	0.961710731512478
F5	0.961197382796111
PITPNM3	0.961195439155811
EEF1AKMT3	0.961118225602957
ITPRIPL1	0.960114540866414
KATNAL1	0.960050779177548
ACOT7	0.959045904119257
CNOT9	0.959011642105131
TMEM151A	0.958907219526303
CROCC	0.958491357171914
XPO1	0.958226493022421
TMT1B	0.957990166803358
UNC93B1	0.95789186992035
SEMG1	0.957789683116156
CARD19	0.957716184753598
CHRNG	0.957651956925932
NHS	0.957637385273503
ADAMTS8	0.957100552273286
TMC7	0.956940981720295
SPIB	0.956735970033172
TJAP1	0.956191722186394
SRRM4	0.95605690801493
KCNH6	0.955844784644127
HABP4	0.955843368865088
ARL17A	0.955456556263232
SERPINC1	0.955414605318743
FAM78A	0.954573634117114
CLPB	0.954517805647095
SAMD14	0.953456760256635
MSMO1	0.953026316218231
NBPF11	0.952927448707042
PBXIP1	0.952845660343453
ZDHHC15	0.952819804775403
MYADML2	0.952650675565205
RASA1	0.95237115509491
SNAPC1	0.951738167027156
BNIP5	0.951542084123794
SYNGR4	0.950935207158991
CDH7	0.950361891412909
OXT	0.949337720983653
SENP5	0.949336873431938
ATG16L2	0.949270670481162
FBXW8	0.948864817567577
TMEM265	0.948844727230257
MRO	0.948557979429632
LIMS3	0.94780847166912
IER5	0.947067721175513
MYT1L	0.947053052892513
ERP44	0.94690452739032
TESPA1	0.946506376119308
RHEBL1	0.946485521483326
CRTAP	0.94579372217557
AHDC1	0.945670745939369
SLC25A26	0.945542963602824
CYP4F27P	0.945436666806557
TRAPPC3	0.945245067975097
TBC1D30	0.943857843344269
CHST14	0.943813239590814
ZBTB38	0.943704565591102
ARL4A	0.942827282883487
MYL4	0.942732222167574
TRBV20OR9-2	0.942732086133552
KRT42P	0.942337597585089
RIC1	0.942336918313587
ALLC	0.94225392057952
TMEM182	0.942212865088505
GPRC5C	0.942172599468053
CDK11B	0.941912077025256
UBE2F-SCLY	0.941460990938587
COL15A1	0.941390573548523
CBARP	0.940921647305525
AMZ2	0.940210484990297
SH3BP5L	0.939702727879216
RPL36A-HNRNPH2	0.938545948250373
F2RL2	0.938400218254671
AHCY	0.937834484096706
BEX4	0.937303172898981
TMEM74	0.936969996635896
KCNS1	0.935700383685867
FGF21	0.935593838366165
SLC44A5	0.935411775042644
JAML	0.935026592825258
FHAD1	0.934923525020321
NDUFS8	0.934837562424956
ANAPC16	0.934655044985607
TPM1	0.93416773288406
ADGRD2	0.933347934961931
CHRDL1	0.933293695088285
FXYD6-FXYD2	0.932696353528381
VPS41	0.932597130263046
CCR12P	0.93247438529731
CDC37	0.9305389107076
TAF1A	0.929690558269766
TERF2	0.929639947653823
CRYAA	0.92962176977474
CSPG4P11	0.928068693717071
KIFAP3	0.928062457036427
CYB5R2	0.92795307507266
PPP1R16B	0.9279514663273
PA2G4P1	0.927689138240215
VARS1	0.927510440347134
MAMLD1	0.927433720837773
CFAP57	0.927289819563781
SDR39U1	0.927165403707433
CDK19	0.926643979501974
RGL4	0.925964472381617
NRG1	0.92513411886775
DDAH1	0.925080754042624
LSMEM1	0.924869569046912
CAPN6	0.92453275364178
MILR1	0.924505903635826
ACSL6	0.924028498899844
CCDC158	0.924018905164965
PCYT2	0.923846891710361
DTNBP1	0.923003829315648
FRAS1	0.922992605419483
SP140	0.922890871413933
LAMA4	0.922740725549322
STUB1	0.921872012214776
CCDC28A-AS1	0.92174305796452
HSPB8	0.921344564868875
RBBP8	0.920100772670546
ZSCAN12P1	0.919882249818727
POLE4	0.919711788988078
SOX7	0.918596957769071
HSFX1	0.918083519127939
HSPA4	0.917945274075314
MTO1	0.917903679992458
COL1A2	0.91678261158172
PML	0.91657113906963
TXNDC12	0.916239346746153
MOAP1	0.91601006233483
LINC00475	0.915624188883766
ZNF503	0.915611304505388
ACTC1	0.915556108813268
ZNF318	0.915319407778101
GALNT16	0.915055502587113
KIF23	0.914432404170874
TMEM221	0.914386563645463
NME3	0.914373740621593
C14orf132	0.91435845587806
FOXG1	0.914166978793022
SLC13A4	0.914154313926384
SMPD3	0.913614036692293
FAR2P3	0.913334316584111
MRPL4	0.913216396691933
SYTL4	0.913182554156444
GPR83	0.913095204048802
IGFBP7	0.912938071383152
SEC14L6	0.912889454517009
DCAF13	0.912493376840789
ABHD6	0.911994467817933
MFSD5	0.911715449559464
CDK15	0.911624861608889
TRIM3	0.911501544751008
KMT5AP2	0.911208797733288
LYPD6	0.910972900151746
CKS2	0.910870397272603
COL4A4	0.910693078753881
ADAMTS7P3	0.910476063669648
MROH7	0.910044782822475
NISCH	0.909976782324806
MIOS	0.909381405781516
LRATD2	0.909131923023027
IFI27L2	0.908537423941661
PDLIM2	0.908406971650348
IMPACT	0.908115624721479
GKAP1	0.90805139676182
CDH18	0.907880683373148
SF3B3	0.907429160193748
MAP1LC3A	0.907153943315437
PRR5	0.906378344030127
ARL2	0.906045569527798
KDM8	0.905851862182341
LAMP1	0.90572942052441
SH3YL1	0.905695086629908
SLC29A3	0.90557127412733
RBPMS	0.905309089690405
KRT80	0.905269443989232
CAND2	0.905010985788116
TLNRD1	0.904718614096412
CLIP2	0.90465478816894
TNFSF9	0.904047408204498
NCF1C	0.903857704084309
FAM86EP	0.903757197218394
CDH24	0.903609915009076
CCR8	0.903603989789203
FAM193A	0.903564652778398
KCNE2	0.903532670579547
KYAT1	0.902908678523579
TESC	0.90274998018234
CPE	0.902022635957377
CFAP221	0.901997175473637
CDAN1	0.901845316945095
ADK	0.901335546114259
DZIP3	0.901296981159205
AQP1	0.901162242877873
STPG1	0.900959653268978
CDC20B	0.900704251217446
DLX1	0.900558679502875
HERPUD2	0.900399795206022
CALML4	0.900390058755491
CTTNBP2NL	0.900034463020134
UQCRFS1P1	0.899995606031829
H2AC13	0.899784453375403
ITGA3	0.899685078839962
KISS1	0.898996519399245
LMF2	0.898750868492301
WASF2	0.898390153350817
GPC2	0.898390126610967
EDF1	0.898166831108825
HMGN3	0.897935351336233
MTMR7	0.897905975082476
C16orf96	0.897900976249531
ZNF619	0.897406703258631
SMPDL3B	0.897289532974874
TAP1	0.897156487487772
RAD51D	0.897033109331466
PLEKHO1	0.896946454724442
TTPAL	0.896820266373559
MSR1	0.896799960159521
LIMCH1	0.896745579442376
FANCG	0.896120671634285
S100B	0.895998212375045
ZNF341	0.895993197580104
TRAM1L1	0.895933351390738
ADAMTS20	0.895780000173833
SUSD5	0.89567674336579
RUFY4	0.895626825607308
RPL21P87	0.895211074016026
C2orf80	0.895032892831774
TSNAX-DISC1	0.894496448184546
JRK	0.893649415460396
SLC3A2	0.89356569369673
HIVEP3	0.893376127260756
ZNF546	0.8926655650313
SFXN5	0.892644850378361
PYURF	0.892559287332535
CIITA	0.892206392294073
IFRD2	0.892088988160619
FAM72B	0.891754816459959
TSPYL4	0.891659949534863
MMP23B	0.891626198786255
ARHGAP15	0.890937198531193
CUTALP	0.890484754792136
SH3BGRL3	0.890472366394294
GNA15	0.889740315437964
CFAP157	0.889555094568831
ZNF45	0.889277311897704
MINDY4	0.888744550748395
PCDHB12	0.888670343944111
ZNF213	0.88842186947733
KLHL6	0.886061580891691
TNXB	0.885833221485318
NBPF3	0.885804936723365
THAP3	0.885472266323813
HMGB1P35	0.885158741246681
ASMT	0.885140747833126
CD8B	0.885104632979269
HSPA14	0.884992936757284
OR2I1	0.884964937858496
SLC9A6	0.884034091115625
TAFA5	0.883885386048882
CPED1	0.88375016598001
EYA4	0.883644817994693
ITPKA	0.883042977241196
RPAP2	0.882974426223657
TCOF1	0.882914222691253
HS3ST2	0.88275550051378
LPAR5	0.882568478500996
DPEP3	0.882209653866103
ADAM32	0.882199017654843
DCAF15	0.881635188947861
UBQLN4P1	0.881527940606544
TMEM50A	0.881348092198094
RABL2A	0.881323236610475
FMO1	0.881120729604509
TMEM160	0.880909669680796
VWA3A	0.88074057652048
LIX1	0.880261682108232
COL14A1	0.880193456015174
RAB20	0.879268788672389
HS6ST2	0.879107733438999
ATP13A1	0.878781105877501
CBX4	0.878257718573706
C12orf76	0.878185367208762
CHRM2	0.877435329653941
BMS1P8	0.877394064832063
MYO1E	0.877338502126356
ARHGAP45	0.877012155707368
STRIP2	0.875934259702283
PLA2G4E	0.875676791464494
NTF4	0.875561909169106
SLC25A53P1	0.875321029454719
TMEM125	0.875141764634958
U2AF1L4	0.875050536258768
STRIP1	0.874399730845973
CACNG8	0.873862061031996
ZNF445	0.873664595345678
DISC1	0.873574209174718
SLC5A12	0.873482332077203
PARD3B	0.873471527191832
SLC25A25	0.872993430947114
SARNP	0.872083588118514
RPS7P1	0.871975820189747
MCF2L2	0.871652694232958
GNAT1	0.870794150002399
PLA2G15	0.87041809453387
ACTR5	0.869747435810627
RPL24P4	0.86942482313158
TMED3	0.869100080990212
DHRS1	0.869083380000117
TRIML1	0.869055014286426
MGST1	0.868949139721415
AVPI1	0.86887509464688
ADPRH	0.868749264133488
ALDH1L1	0.868591977438261
AGPAT4	0.868587975006048
HIP1	0.86828646032439
GAS2L2	0.868052797126103
CD163L1	0.867571594640786
HELZ2	0.867413614728525
TRPM3	0.867127095950026
RGPD4	0.867110715628131
FKBP10	0.866661545720046
ANKRD17	0.866194600438167
FBXL19	0.866143211770562
ATG101	0.866137342558046
ENPP4	0.865961037867945
RAPGEF2	0.865601768588283
RFXANK	0.865133237681065
CBX3P9	0.865123386540456
SETDB2	0.865071663121395
H1-4	0.864994624378491
HMCN2	0.86485551520858
GOLGA6L10	0.864583550704418
ZNF444	0.864413353779493
ZNF469	0.864411068164602
CD101	0.864291756621166
PCDH10	0.864062353686781
TOB2P1	0.863862069567238
PGD	0.863824468828055
C5AR1	0.863627271576741
KLRD1	0.863605564936546
SH3GLB1	0.863352688446535
SLC26A9	0.863188808167796
ANGPTL4	0.862879217838735
PFDN5	0.862738279257337
ATG2A	0.862192218654408
INVS	0.86191778431868
TOR1A	0.861615215417843
HDAC1P2	0.860933233843702
AIMP2	0.860876467194212
CHID1	0.860865685677552
IL1R2	0.860552744661388
AP1S1	0.859946739881144
SEL1L3	0.859667435169394
SLA2	0.859336766648462
ADIRF	0.859259636850632
ERLIN1	0.859202336858695
BEX3	0.85892572623024
SWI5	0.858913961275192
DYRK3	0.858796034010194
CTNNB1	0.858144085339907
OAS2	0.857865651801442
PCTP	0.857791726777882
MANBA	0.857538710807641
VTCN1	0.857535934898293
DEDD2	0.857530183791895
TCAF2	0.857205295376435
RAMP3	0.856783709182158
JSRP1	0.856540059084841
BSN	0.856452670326551
APOBEC3H	0.856327228412611
KLHDC3	0.856012330667912
CYP1A1	0.855353413058962
NCOA6	0.854928301535556
RNF8	0.854768623581679
DYNLT4	0.854398203326862
FAM72A	0.854183916010312
NBPF12	0.853620399519217
KL	0.853233246909728
SAXO5	0.852973584579018
GNG3	0.852818337858861
SLC2A4RG	0.852580464258466
USP41P	0.852480131166692
LTBP2	0.852256630772758
RAB44	0.852236032101362
NEBL	0.851870825516539
KLK14	0.851687593386444
CENPI	0.85112255681723
ALYREF	0.850403019234518
CXXC1	0.849955831426752
SMG1P3	0.849914010216336
TMEM263	0.849849156869604
MSRB1	0.849503328692377
PRSS50	0.848919479595035
SLC7A8	0.848833707560698
TCP11X2	0.848770729034504
ANAPC1P2	0.848577461205076
FAM117B	0.848246412819478
SPHK1	0.847854554171308
RCN1P2	0.847693127446678
VRTN	0.847547069282615
RPS3AP26	0.847002913641327
KIF26A	0.846721392460188
KPTN	0.846634462138663
LRRC39	0.846570723232481
MUC1	0.845623726663196
LGMN	0.84541357709592
ATP8B5P	0.845372919827672
WHAMMP4	0.844402120930283
FRS2	0.843975642626779
PYGM	0.843558481342205
S100A3	0.842972748364951
SERTAD1	0.842701092290303
SMCO4	0.842533723808382
PHF3	0.842363281363404
CIZ1	0.842077507724251
RASA3	0.840933427783252
TMEM200A	0.840834967322835
DNALI1	0.840252604134922
EIF1B	0.839520999996161
EFCC1	0.839077194123046
ARB2BP	0.839031852658247
TSGA10	0.838487632075257
RNF103-CHMP3	0.838199041599628
HDGF	0.837821453408493
TOP6BL	0.837281896645668
PHTF1	0.837117048567056
KCNJ10	0.83571732560931
DESI1	0.835669553830262
PCDHGB1	0.835541444960016
PTDSS1	0.835350875706231
SLC2A6	0.835044918818169
COL26A1	0.835019782388184
KCNV1	0.834692196642083
SULT1A1	0.834617970906256
POLG	0.834617580264689
TEAD1	0.834002285816252
AHI1	0.833956790379614
SLC29A2	0.832761766026029
DAO	0.832511197367679
NSUN4	0.832385802210991
ATF4	0.831808631904976
ACSM1	0.831637167595048
C8orf58	0.83158256524926
IGKV1D-43	0.830875580077634
PCBP3	0.830224824298577
CELP	0.830083121497884
ACOX3	0.83004569629589
GDAP1	0.829793711034025
NSG2	0.829752003753007
TEX13D	0.829536810586912
ADAM21	0.829480818934912
KLHL30	0.829336179701931
PA2G4P5	0.829315947324518
MALSU1	0.829201358650274
LHB	0.829077086143451
TMEM14A	0.827991910538618
ANKS6	0.827937644790841
COLQ	0.827807884438147
SULT1A3	0.82770187007733
PINX1	0.826739482671929
PCDHB4	0.826367845218553
P2RX3	0.826285390619666
CHADL	0.826035691122425
FIG4	0.825775931525828
ZBBX	0.825703357029128
FJX1	0.825591628680142
GLIPR1L2	0.82465276553246
FBXO34	0.824628383110381
PCDHGA9	0.824160610117341
CCDC40	0.824098022509204
DLEC1	0.823908590358874
IFIH1	0.823549743014691
TNC	0.823515875165052
BPTFP1	0.823464397140288
PXMP4	0.823455088022992
PIGF	0.823193299631541
CTBP2P7	0.822603441477796
TMED9	0.822339659392528
EIF4EBP1	0.822158458684736
CCM2	0.822134210424424
CFL1	0.821971705431667
PDE8B	0.821865161914242
DNAJB11	0.821769571588576
ANKRD20A5P	0.821705491149494
CDO1	0.821642872451571
NMUR1	0.821190394056869
TEX14BP	0.820606810599027
UNC93B3	0.820150016496538
TAOK2	0.819984289007421
HMG20B	0.819966895244397
PFN4	0.819894453342447
PHYHD1	0.819614094101576
STAT5A	0.819607111212364
SLC4A9	0.819585854716299
ZNF274	0.819577593344243
MRPS2	0.819276323456352
CKMT1A	0.818969834424531
TGFB3	0.818361235239717
NOTCH1	0.818340579913016
AKT1S1	0.818236287543833
SMYD3	0.818065503830552
GADD45B	0.817917997558447
NKX3-1	0.817772290379133
OVCH2	0.817184180134342
LRRN1	0.817130105842285
PSMD9	0.816675670853766
HS6ST1	0.816659045967778
SLC38A7	0.816474776947591
CLRN1	0.815535277772012
BCO1	0.815414513018844
TMEM229A	0.815157460919811
RPL18	0.8151075174765
ARHGAP4	0.814838795911598
ASPG	0.814552359589484
MPPED2	0.814503891003942
PTPN11BP	0.8142782483403
ACTG1P25	0.814166320619817
CCDC149	0.813883461145686
GCNT4	0.813502421861729
PLGLB2	0.813084649127414
ACIN1	0.811704662754445
BAIAP2L2	0.811514375245899
GPAA1P2	0.811485495319404
PLK2	0.810711611045943
C20orf144	0.81059889446707
CDIP1	0.810204829916452
NDFIP1	0.809755994821564
NSDHL	0.809621732792736
PCDHGB2	0.809211231077057
ZNF603P	0.808719121633909
PRRX1	0.808600960087902
FDFT1	0.808259104810653
OPN3	0.808033901905109
MSTO2P	0.808029578089068
CCDC63	0.807456331491988
CARNS1	0.806993565208897
CAVIN1	0.806900037296667
HPN	0.806874549153726
CDH8	0.806543234232005
LYSET	0.806494248958149
SLC25A40	0.806043226572961
TMEM183BP	0.805954617118684
PHB1P13	0.804860625271864
PPP1R26	0.804720268598887
NPPB	0.804697782353746
TEKT4P2	0.804646974405236
NUDT16L1	0.804400823357907
DBI	0.803619672472374
CSNK2A1	0.802825472820488
CHPT1	0.802627233770691
PTOV1	0.802477154233386
MAP1LC3C	0.802340100971523
RANBP6	0.802314437229017
ACO1	0.802165561893189
PRRT1	0.802165086770173
TGFBRAP1	0.801661434991181
CCDC194	0.801189396386654
PTPRN	0.801175822651807
SLC10A1	0.801155345410585
ADAM28	0.800670662510476
TMEM260	0.800622034197345
INPP4B	0.800341949562144
CXCR4	0.80021833947284
PALD1	0.800192958045097
TMED7-TICAM2	0.799841402808283
SNX8	0.799791081425975
AQP5	0.799665819542196
HCN3	0.799468514779974
FAM201B	0.799164395931314
ZNF414	0.798663196631937
ZNF385C	0.7983894840065
CASP2	0.798366384484588
SLC24A3	0.798354663395508
YPEL1	0.797875346015084
FGF18	0.797698473788941
FKBP3	0.797662348425075
COL25A1	0.796881387239279
SEMA6D	0.796023063656793
WWC1	0.795291199947315
SELENOH	0.794944349301865
PRRT4	0.794447085857461
VPS39	0.794401120535712
ZBTB20	0.79397139938406
FXYD2	0.793867882278615
GNGT1	0.793581028181528
GBP2	0.79354557671727
NMRK2	0.793274149496879
MTCH1	0.792978087279292
CNFN	0.792910457634502
TRAPPC1	0.792797192776328
VEGFD	0.792744516375739
PHYH	0.791509008564084
MMP9	0.791274732209228
FIBP	0.790598668698707
FTH1P5	0.790595697313249
SYNM	0.790424674325452
CC2D1A	0.79038065903856
HOXC13	0.790325038000655
ALPK2	0.790319547310184
FAM53C	0.789879491970954
FSHR	0.789840439513604
BTN3A3	0.789785176881578
DHX58	0.789404311326921
DERPC	0.789052426389955
GABRR2	0.788813302826614
MACF1	0.788690926588091
MXRA7	0.788580155079236
RAB37	0.788088556574645
PTPRZ1	0.787993583298215
EVI5	0.787785601436342
KPNA2P3	0.787578682671872
SLC6A1	0.787563979827263
RETREG3	0.787470238798437
TNIP3	0.7872145655556
IMP4	0.786818969213471
ASB9	0.786740830535247
FGD3	0.786630430651969
AARS2	0.786126585840829
ZNF800	0.785675384024952
NPIPA6	0.785373747650413
FCMR	0.785341355798222
KDELR2	0.785072692553782
CCR1	0.784900985280897
SLC30A10	0.784706995931677
NXF2B	0.784569869153011
ZC3HC1	0.784222291360524
RPA1	0.783768469551372
SH3PXD2B	0.783646848955942
KATNBL1	0.783395286642837
POLRMT	0.783203224455769
CTDSP1	0.78310290715384
TMEM143	0.782829594058744
PIPOX	0.782659564877435
SERPINE1	0.782606702678227
PDCD2L	0.782241529112441
NKX3-2	0.781265364054377
TTC23L	0.781194609830391
LSM10	0.781013710199381
THSD7A	0.780449486151185
SLC25A30	0.780372320462804
KLHDC8A	0.779331970015328
RITA1	0.778995386274492
ADAM11	0.77890814070278
REEP6	0.778516907741893
STK33	0.778373911039226
PRSS46P	0.778023135765118
SMG1P7	0.778017123616835
KCNQ4	0.777786011945857
PDE4DIPP6	0.777217496976123
SPIN2A	0.776662749437789
MUC20	0.776585762546037
RASAL2	0.776546142011944
NOX4	0.77605692876397
INTS11	0.775893436632212
KREMEN2	0.775637739155024
SSH1	0.775345116184175
SLC7A5P1	0.775320614267839
HSD17B7P2	0.775308351188474
GLO1	0.775116660799188
ANKRD20A1	0.774829748608065
RWDD2B	0.774565136975198
KARS1P2	0.774395800473211
MYH3	0.774235908082868
DHPS	0.774152813534214
BICRAL	0.773897071440211
SLC8A1	0.773822838755873
LAMA5	0.773258321237961
COX7C	0.773190953920486
CHAF1B	0.773117722959087
DMRTC1B	0.772736682214704
TMEM164	0.772371683961083
NBAS	0.772370214483385
ECE2	0.772251183504379
BCRP2	0.772041430343143
MAP1S	0.771862305505229
PITX3	0.771661338730216
PTK6	0.771615542614365
POGZ	0.771342951296096
PWWP2B	0.770583566517622
SLC12A7	0.770003457988741
SLITRK6	0.76963420860877
CNTNAP3P2	0.769472488760617
CHMP3	0.769107341060971
DUSP4	0.768933683097697
SNAI1	0.768785389752015
SLC12A9	0.768707782156213
FHIP1B	0.768474418441671
CHRM3	0.768456454903202
MZF1	0.768044799547389
H2AC16	0.767834710116226
DYDC2	0.767830383245079
NPDC1	0.767552924768817
OBSL1	0.767383498409228
COP1	0.767026825659367
RAPGEF4	0.76702450128443
DNAJB13	0.766714447883779
SLC25A53	0.76668930709369
TEX38	0.766598427492312
GVINP1	0.766540594602731
CSNK2A3	0.766436812292611
PNMA6B	0.766430617858277
ACSM3	0.766373618377947
FTH1P23	0.766338867193254
ACP1	0.76622105763242
HEATR1	0.76620718656845
SPECC1L-ADORA2A	0.766184021433586
EFNA1	0.765939350800048
MRPS24	0.765604268118417
IGHM	0.765429027566433
H4C4	0.7648707302782
LRRC49	0.764807157506041
DZIP1L	0.764775534606358
TBC1D3L	0.763796810958235
ZMAT5	0.763700478136182
ZFP90	0.763653767261548
GXYLT1P6	0.763564052457507
ZNF337	0.763332845152484
NFAT5	0.763014749115396
AQP11	0.762880761605944
NPR1	0.76264694631746
COL11A1	0.762597801956391
EPCAM	0.762296673006124
CIMIP5	0.762273939090547
ACBD6	0.762103577284161
ASAP3	0.761083108372072
NFE2L3	0.760249186330714
MMS19	0.760178782328153
TAPBP	0.759987518027728
SLC6A15	0.759885241154045
TNFAIP6	0.759376910319147
TMBIM6	0.759157821875092
CXCL14	0.759157281335783
CEP19	0.759139833213593
PGS1	0.758257440881549
PTGES3L	0.758099998153333
PROSER2	0.758046552708497
TMEM100	0.757897949958993
EMILIN1	0.757888109446586
NPIPB9	0.757789645735216
ARMC2	0.757699520724451
SNRPN	0.757352928701552
GCSH	0.756788370947025
C1orf216	0.75675931509194
FKBP8	0.756661301236302
GIPC1	0.756366274927116
ZC3H3	0.756289533699325
TBC1D3P1	0.75529963098617
DISP3	0.755107713539167
GPCPD1	0.754803022149521
DIABLO	0.754243196247252
SRPX	0.754018987938753
PIH1D1	0.753724296538097
JPH3	0.753690101471918
CDKN1A	0.752236106147246
FOXJ3	0.752156442927648
HAX1	0.751636963054664
ALOX12	0.751178243696057
AMZ1	0.751129351986743
SLC25A27	0.750827668553926
BANF1	0.749964470424978
DAPK3	0.749485365942326
KCNE5	0.749467530940709
KIF18B	0.749408673607189
NAA25	0.749363843747416
PRKN	0.748894048841873
TBC1D7	0.748412313612765
LRP2	0.74837250699386
NDFIP2	0.748236356667417
FAM185BP	0.748138373925552
PMS2CL	0.747959679424926
NUPR1	0.747744709617356
ZNF630	0.747002492405934
CLPSL1	0.746623556805076
TMEM256-PLSCR3	0.746249081391655
GMPSP1	0.746048050734672
NCKAP5	0.745900545228294
SDC2	0.745792032495372
TRMT5	0.745328188522274
FREM1	0.745290008851975
DNM3	0.744779415284767
SOX12	0.744622914825025
CDK16	0.744462426557112
METTL1	0.744100089347951
TKTL1	0.744013006715944
SLC35F4	0.743813365446969
BBLN	0.743616180403121
LGALS3	0.743529141698843
CSF3R	0.743430956199907
MFSD4A	0.743408822526262
OR52A5	0.743221417136061
DNPEP	0.743210447536254
KIF19	0.742355256526598
WNK1	0.742165683242745
TNNI3	0.741825107165647
CTSLP3	0.74172191425921
AATK	0.741494187583651
AKR1B10	0.741400075038711
EFCAB13	0.741087748873737
GHRL	0.740914774692887
EFNB3	0.740468780812299
NGEF	0.740250155272332
CAMTA1	0.739304683527802
FAHD2CP	0.73920968228516
CCT4	0.73913457653948
PPP1R36	0.738903179922899
NTN5	0.738849545019584
GARIN1B	0.738844999671818
ZNF648	0.738625960342017
ARPC2	0.738516034015488
PEX2	0.738408793160189
MX1	0.737712320756021
AP2A1	0.737531586941994
ADRA1D	0.737391889788706
ELOB	0.737310352032129
OR7E29P	0.737161216751459
LRRC2	0.73713758764744
EYA2	0.737132284224255
SCO1	0.736751463961779
EHMT2	0.736707597153402
ELF3	0.736545182274876
TIGD6	0.736385489605656
CH25H	0.735847326164721
IL31RA	0.735109893772002
DLGAP3	0.734828213270224
FHIP1A	0.734655606887477
TRIM38	0.734508146347064
CCR6	0.734036652028363
RRH	0.734027695560644
AZGP1P1	0.733864502781889
GPBAR1	0.733659934198593
MAPK14	0.733055202663082
MROH5	0.733008418719519
RASSF2	0.732804369754312
ACE2	0.732491925807435
SLC25A13	0.732098687794445
SLCO2B1	0.731827609519522
DMAC1	0.731538154136666
NUDCD3	0.731254820769098
ANKRD30BL	0.731194507247329
NFRKB	0.731108188420246
DRD5P1	0.731001866176783
C15orf62	0.730882208945141
RNF41	0.730663397183131
ALCAM	0.730497222159914
GPA33	0.730156765631051
CEP63	0.729841297675598
CD226	0.729740234059869
RBM27	0.72962913140574
NPTXR	0.729537392219434
NRSN2	0.729189261864525
FREY1	0.728058749971612
TMEM87B	0.728039918886307
GALK1	0.727187823757021
FLYWCH1	0.727028848740813
KHDC4	0.726923096647172
EIF2S2P4	0.72634851804637
SNAP47	0.72626347563475
PDCD4	0.72622675944106
SH2D1A	0.726090987006992
RLN1	0.725935915447308
RGMA	0.725695327122656
RAET1K	0.725448871710255
STXBP2	0.725439173565108
ALKBH3	0.725346167075266
DMGDH	0.725343872552551
GLRX	0.725343657062514
MATN1	0.725204269800511
CDH26	0.725150285993522
CENPBD2P	0.725119800517933
TCN2	0.724355168542327
PLA2G4D	0.724231595490071
CCM2L	0.723814438806996
ARHGEF38	0.723645578766639
PAPLN	0.723252979912755
CHKA	0.72228929737616
DLD	0.72192532286148
COL17A1	0.721868223391779
CALU	0.7215058117501
SPINT2	0.721245920211816
AGMAT	0.721033800358701
AQP6	0.720761717358821
ACAD9	0.720118717221604
RGPD3	0.719875180657391
NXPE2	0.719840936500467
PTPN18	0.719711439716759
PNKP	0.719499419798981
EEF1A1P9	0.719335378005452
HNRNPCP2	0.719307465895519
IGLC2	0.719055152045833
ORC3	0.718720368145325
FGFBP1	0.718511214996962
ILVBL	0.718398221852572
MUS81	0.718387065394935
AGAP14P	0.717647623126096
BIRC7	0.717534664179266
ANKRD61	0.717024228492356
NOSIP	0.716655418553991
RUSF1	0.716650853627891
RTN4IP1	0.716583914790271
PLCH1	0.716323441880454
SPATA31A1	0.716043704236674
OLAH	0.715606204243855
RAD9B	0.715581095575822
CUTA	0.715264055064897
NFE2L1	0.71519852734361
BOC	0.714786533540887
NCF1	0.714764931373209
GATAD1	0.714613031295075
BABAM2	0.714452165956024
TFB2MP1	0.714323904275874
ZNF559-ZNF177	0.714036512672726
CNTD1	0.714015411219021
SERPINB3	0.713949414529083
TBC1D5	0.713912591644697
DNM1P47	0.71369689599032
RTL10	0.7135811602765
RDH16	0.713515700635983
GART	0.71347281847332
SPPL3	0.713080640744349
HK1	0.712887120675344
TOP1MT	0.712589100634038
LONRF2	0.712398237497306
ITPRID1	0.712388922392845
ZNF628	0.71230726376698
NDEL1	0.711970077080418
DLX2	0.711624051490821
PRPF3	0.711510871431794
CCDC168	0.711503811547375
ACTA1	0.711457490703946
MRPL55	0.711179416281992
FBXO46	0.710944401381205
SARAF	0.710884095013943
ZNF23	0.710108015984056
C3P1	0.710001440646125
REELD1	0.709992512479629
SLC25A43	0.709248139800797
STMP1	0.708541329876921
NKAIN3	0.708219917883115
ARHGDIB	0.708068320296808
ZNF592	0.70794811463389
ASB12	0.707848079124426
SH3TC2	0.707769640233895
MAN2B1	0.707767380958762
XKR6	0.707701455620128
EPS15	0.707620153814418
FAM20B	0.707585277860443
GATAD2B	0.707268403062097
TMEM176A	0.707140103983272
DERA	0.707009224269046
ZEB2	0.706344603223074
RUSC1	0.705605138595595
FEZ2	0.705346254848524
FUCA2	0.704964215280043
POLE3	0.704849117651229
CIMAP3	0.704401680045702
DTNA	0.704112397577494
SOCS1	0.703598177442635
LRRIQ1	0.703533498485299
C5orf47	0.703374175332036
PTHLH	0.703309507672457
ACTG1P1	0.703144747892827
ZBTB5	0.702904552335727
FAM43B	0.702897933607532
NEK11	0.702495422269756
ADAM9	0.702250355938718
TPGS2	0.702223200674095
MBD5	0.701960012636846
FAM131C	0.701870498768846
ARF3	0.701548142094477
AFP	0.701162585932877
KCNH8	0.701075013502034
BPIFB1	0.700863520186019
TRIM4	0.70076518556014
RNF175	0.700467881734506
FAM240C	0.700126789586482
P2RY11	0.699333755523288
ANKRD40	0.699092640279697
BSPRY	0.699043317912829
ASPHD1	0.698941033489627
SPEF1	0.698901600479186
MYL2	0.698343421672463
MAF	0.69816733568309
H2BC13	0.698123016759286
PRR19	0.698041034377637
PGGT1BP1	0.69778067349884
SIGLEC1	0.696445889354474
CEACAM21	0.695672741418796
OLIG2	0.695505030208116
LCA5L	0.695119040587059
GPR107	0.695008065716283
GMPS	0.694977073175196
CLIC6	0.694713833782782
DEGS2	0.694550246483944
WDR90	0.694251877910572
HLA-DMB	0.694248177234895
CSNK1G3	0.694015406983137
FADS1	0.693649212157713
TMEM132D	0.693555132715938
H2AZ2P1	0.693493882242585
ASTE1	0.693483903229495
TTLL1	0.693185133074078
TFAMP1	0.692633390216306
CCR9	0.692505119078863
CYRIA	0.692075810913654
NANOS2	0.691864431405953
MDC1	0.691408215811759
RASGRP3	0.691341568226874
SYT7	0.691325346781145
MAML3	0.691159616415632
OR7E7P	0.690993242062436
ARL2-SNX15	0.690523864019283
HORMAD2	0.69042548849645
AUP1	0.690371273509284
TBX15	0.689833280169668
ARHGAP26	0.689809132219586
ACER2	0.689583620210877
USP21	0.688901182313001
GRIK4	0.688131661506106
GDF10	0.687970378667271
SPCS3	0.687841820316444
CXCL17	0.68782921148679
H2AC20	0.687620732447098
PRUNE1	0.6872797385448
PSMA7	0.687063824752833
MAP9	0.686774760828087
ACAD11	0.68667647923642
ABCC11	0.686087645054167
CDK18	0.685474336660852
KMO	0.685028179923509
RBM11	0.684848441378673
KCND3	0.68450093644428
GALR1	0.684090408767789
TAPT1	0.68402485734532
LRRFIP1P1	0.683895589535596
CEP164P1	0.683744955815048
SUSD6	0.683675373507426
TMCC3	0.683469498613742
POLD3	0.683433412475728
REPS2	0.683198915867613
SPATA31G1	0.683116688629027
PKN1	0.682807581267936
TNFSF13B	0.682302997747581
LCN15	0.682018729806361
RPS27P4	0.681744485768075
TAS1R3	0.680997104914446
KCNN4	0.680929321629361
TMEM126B	0.680908944910939
PATL1	0.680782010854517
NUP210L	0.680752158246414
HLA-E	0.680730065669572
UBAC2	0.680676579931667
SLC5A11	0.680656046661829
PIEZO1	0.680607265744525
TMEM145	0.680111912824968
GPR146	0.679701274862953
LARGE2	0.679422099861198
SRRM3	0.679153580214532
MSH3	0.678820699821435
SLC35F5	0.678153750274375
RAB27B	0.677858494455341
ADM	0.677455999156928
LEMD2	0.676571071682787
ENTPD4	0.676054595153421
GCNA	0.675955472490866
CD8A	0.675860494516462
SAR1B	0.675553643823734
CYTIP	0.67539913020859
BEST4	0.67492177449222
LSR	0.674903198120048
AVP	0.674546935546077
SMIM10L1	0.674379335312907
CDC20	0.674372633144155
FNDC11	0.674260422454772
TM4SF1	0.674068133379976
SLC15A4	0.674015625122704
ELP2	0.673973508295243
FAM178B	0.673739842254669
BPIFB4	0.673714595454916
PSRC1	0.673385309634943
FBXL8	0.67257336278202
POU3F3	0.672286703999813
PBX2P1	0.672199051013438
GCATP1	0.671743428635657
CACNA1C	0.671616756390708
OVOL3	0.67119221074947
MDGA1	0.671122276680638
ORMDL2	0.671015135595841
PRF1	0.670323384135682
ELP1	0.670179647848647
PCK2	0.669867344743757
TAF15	0.669843674279978
SLC45A3	0.669728668825978
LMLN	0.669363599700804
ASNS	0.669285096596758
HDAC3	0.668430724834784
HYPK	0.667979081471288
KLF2P4	0.66776689426042
PIAS3	0.667415999808183
TTI1	0.667369278187223
HEMK2	0.667271194789362
IMPG2	0.667145393156676
FAM174B	0.667082797587766
RAX2	0.667034787863571
ATP7B	0.666975887253849
GYG2	0.666952694599305
MMP10	0.666886428450913
MEP1A	0.666782748589429
NSD3	0.666363910053328
SEC31B	0.666154801633543
ARHGAP40	0.665539849955801
TAFA1	0.665444584860588
PTPRS	0.665021365051321
DCAF17	0.664899990461289
FGG	0.664501731780982
SLC39A7	0.664311406224498
PANK4	0.664279715938779
GSDMB	0.66421310776955
SIT1	0.664031642183666
DYSF	0.663952566904867
IL11RA	0.663923619565814
KIAA1143P1	0.663724077661276
DPP9	0.663715474756439
GOLGA6A	0.663455190213153
MARCHF11	0.663415286955465
FLNC	0.66340167346622
ERBB2	0.662553796359676
DNAH8	0.662307320520397
MYOG	0.662164075720855
UST	0.661700715559626
PI16	0.66138287203438
NGB	0.661113710118296
GPR139	0.660963693734585
CD109	0.660940588961298
B9D2	0.660799573467666
CCDC24	0.660793742088816
DDC	0.660454471853596
STC2	0.659593467805394
INTS4P2	0.659525406723794
RNGTT	0.659318295552574
PTPN21	0.659050983910304
DKK1	0.65904428548142
RPL23AP81	0.658998795420238
TCEA3	0.658937382990451
OR4F2P	0.658530353363173
KRBA2	0.658418027634562
RXYLT1	0.658311521407741
GABRP	0.657802219964499
TDRD6	0.657739189620222
GRAMD1C	0.657668269050726
ATIC	0.657513711213835
ZNG1B	0.657512833923366
EXT2	0.657226805885813
DBP	0.65679403990323
PPIEL	0.656686934885272
GCNT2P1	0.656425253450181
RPS20P22	0.656339139437743
BARHL2	0.655821493686055
SCAMP4	0.65580577572078
MYPOP	0.655491910121889
PIBF1	0.655069793193804
RAB17	0.654890249166024
MST1P2	0.654716001491177
KMT2A	0.654466439332464
OXCT2P1	0.654440687262534
DENND4B	0.65440938418
ZFP64	0.654201180796298
CPA6	0.654113656913532
MACROD1	0.653569609363567
TEDC2	0.653173140413948
PROSER1	0.652822953871995
PRKRA	0.652769206326492
IFT52	0.652316573572902
NMBR	0.652221253662066
NKPD1	0.651571005772575
CDKAL1	0.651533837158029
SEMA6C	0.651394789604816
FBXW7	0.651179675644941
YPEL2	0.651067592589906
NCAPH2	0.65103211017389
RADX	0.650999478170634
SH3RF3	0.6508624800131
SIRPAP1	0.650382682258252
IFT140	0.65013145332504
CGB5	0.650012611676644
PDE1A	0.649906755550337
GPNMB	0.649848961525881
PHF6	0.649724282878182
CEBPE	0.64970859569344
DCAKD	0.649664343772589
KIF6	0.649225726849105
EBAG9	0.649100515512154
RBM18	0.648833399204322
RNF7	0.648440512740729
ZNF574	0.647708108705415
GALNT13	0.647457840953186
INPP4A	0.647310300346667
ABCB11	0.646936013247837
KANK4	0.64688851968698
GK	0.64684301336709
GOLGA8UP	0.646762310794941
RPL12P38	0.646651496059849
TAMALIN	0.646188549898536
NRP2	0.645945121305599
S100PBP	0.645278886754473
RFTN2	0.645031565106483
DLGAP5	0.644796554815505
AGAP10P	0.644532976304479
NT5DC1	0.644154822537244
PRPF4	0.644044172199913
FAM13A	0.644038879651521
GPC1	0.643950599549527
COL3A1	0.64387713860854
SNRPD2	0.643723251659277
ZMYND10	0.643539612291077
NMT1	0.643186564430999
SBSN	0.643114367293184
C11orf68	0.643102536317238
PRELID1P6	0.642687152048002
HCFC1	0.642512463338081
NCKAP1L	0.642386572267536
MTOR	0.641886327433671
POLR1E	0.641746099748391
SMOC2	0.641730823801549
TYK2	0.64113396695459
TMEM242	0.641068498161796
ITGAE	0.639909540778299
BLTP3A	0.639796526797114
SCARB2	0.639736257812678
KIF1C	0.639604103425304
CIROP	0.639239122690321
ELAVL3	0.639204034729942
CCDC171	0.638180338589585
PXN	0.637972586777864
GNL3LP1	0.637705105808446
HUWE1	0.637448028925296
CAST	0.63728967768819
HINFP	0.637049414801
RIMKLA	0.636983140358116
RPUSD3	0.636758669506537
ZNF562	0.636714658093114
DGKI	0.636612971371955
INAVA	0.636075972108807
PPIAP22	0.636024020437325
ZNF853	0.63578394264967
RGS9BP	0.635783408832333
ARHGEF33	0.635352782870507
PLPPR4	0.635256483472603
ULK4P1	0.635225448877144
VCX3A	0.634900566588277
PRSS42P	0.63482808195241
GOT2P2	0.63436730600508
PRDM12	0.634230997865273
TMEM219	0.634228105165188
OGG1	0.634138864771643
ISL1	0.633811204374281
FRMD4B	0.633674535511217
SPESP1	0.633453512540648
ZNF561	0.633331775622474
MRGPRE	0.633299624256101
STX11	0.633222162078278
PABPC4	0.633033512859451
PGAM1P5	0.632662204965228
ISY1-RAB43	0.632205400051224
SLC66A1	0.632083740477844
NHLRC4	0.631835171449949
IRX5	0.631646971998419
KRBA1	0.631402528317331
PGM5	0.630958522822979
PPP2R3B	0.630575787192195
ZNF658	0.629666240532593
KRT17	0.629309849304995
SLC49A3	0.628831235703413
MSLN	0.628820919056716
FBXL13	0.628744594983389
LRBA	0.628440257626489
KLHDC1	0.628309139418668
RPUSD4	0.627997711369905
GGT5	0.627866111481059
RAB1B	0.627793546935585
RPL15P5	0.627789360888248
PPIH	0.627537179854867
OR2W3	0.627246853590918
OR7E12P	0.627041040224178
PUSL1	0.627008520175003
CATSPER3	0.626935482748602
LPP	0.626926268231009
EEFSEC	0.626633226109249
TBCEL-TECTA	0.626384226348077
SIRT6	0.62591011931888
PRDM1	0.625420896368152
CCL2	0.625129349446074
TCERG1L	0.624721018534845
EFCAB12	0.624686283453226
ACSS2	0.624631757121116
CACNA1I	0.624447468792061
CHCT1	0.624257128498539
PABPC3	0.623904058086206
SETD1A	0.62390068442016
CSNK1G2	0.623897674095168
BCL2	0.623479272569842
FER1L4	0.623243199358235
NKX2-8	0.622767884026115
ARL2BP	0.622151726566016
NPRL2	0.622026101786922
MGAM	0.621746291509251
FKBP1B	0.621700649006327
MEAK7	0.621600738872882
ADI1	0.620817930675427
CCDC68	0.620766051331069
R3HDM4	0.620544418785329
GLT1D1	0.620460718059346
PMS2P1	0.62014901789153
CRYGS	0.620079968126926
CNIH3	0.620073152143213
GNG13	0.620057628592933
TMTC1	0.619551406790789
PMS2P2	0.619286336186248
GSDMA	0.619106463007428
MYCN	0.618906208353232
RCN1	0.618884486014412
CCKBR	0.618843575714314
GOLGA6B	0.618344119289375
CTDNEP1	0.618280896873185
MYMX	0.618215390212493
OR52A1	0.618191288988119
OVGP1	0.618050996131216
POLRMTP1	0.617348454585717
PSMC3	0.616977693790598
SAMD13	0.616975864076654
RBMXP4	0.616665940614345
RASSF1	0.616622242555476
SORD2P	0.616489159935298
ST6GALNAC6	0.616122423932999
LINC02898	0.61568469486224
RANGAP1	0.614862507008074
CLN6	0.614777548028977
APELA	0.614268845438822
PICALM	0.613744348730536
YJEFN3	0.613712020543116
FBXO27	0.613489789995785
PTGER1	0.613308753918061
PSTK	0.612309346273329
AKAP13	0.612258569802907
CTAGE1	0.611968676405721
PCGF5	0.611409127703221
TMEM40	0.611051358030246
PALS2	0.61082906357928
GEM	0.610820691579179
TPTE2P3	0.610754350770734
E2F2	0.610572309306298
STX8	0.610422401678735
SEL1L	0.610389883063694
ZNG1A	0.61005368687246
LRRC4B	0.609935971897422
MITF	0.609898427690799
HADHB	0.609692310705238
RNF180	0.609499622583724
EFL1P1	0.609414525920895
MAP2K3	0.609038067190505
KRT16P1	0.609032996088612
GNPDA2	0.608947757395308
PEX7	0.608893504822635
FOXB2	0.608823148202455
SLC35D1	0.608741531856605
NEB	0.608106332588622
SLC10A4	0.607962709895634
SLC35E4	0.607878733814761
HLA-DPB1	0.607602097105157
CHST2	0.607338021662426
HYDIN2	0.606961215063441
CDKN2C	0.606909590820306
ERGIC1	0.606909493233066
GLUL	0.606492534590768
MAPKBP1	0.606131542469488
POM121L9P	0.60603547839919
DACT1	0.605160519620025
CRISP2	0.60510043115352
MYBL1	0.60509465505554
OSTC	0.604453833416678
STRADA	0.604399192767424
RRP9	0.604063484355613
SLC16A1	0.604005452047473
NDUFS2	0.604004278148429
SNRPF	0.603441509589122
ASB1	0.603287176035713
ARMH4	0.603194888663534
HNRNPA1P16	0.602936319129486
COL12A1	0.6025660109887
MGAT4A	0.602507229539836
ACAT2	0.601969752200459
RPL23AP25	0.60108380591665
PHYHIPL	0.600971606604434
NR1I2	0.600765401358777
MED28	0.60073119283249
KCNC4	0.600588971225577
ADAMTS5	0.600422589072088
USP6	0.600407394036084
CLK2	0.600268134071043
SNX32	0.599700424161245
TEF	0.599462840160301
TAT	0.599455470993989
POLG2	0.599097112503778
CARS2	0.598980036651956
DAXX	0.598937489182569
TDRD5	0.598511226792086
GFI1	0.598175738916742
ZC3H12B	0.598061401689038
GCSHP5	0.597923831303425
KLF6	0.597922284618
GAGE10	0.59778151496107
ROBO4	0.597510617342624
SPOUT1	0.597366370859329
BABAM1	0.59715737948692
PDCD7	0.596958641277227
RPS10-NUDT3	0.596714998473435
OVCH1	0.596503050331949
ZNF382	0.596402713394154
SDR16C5	0.596367257702373
MC4R	0.596127890710648
ERCC6	0.595829804663535
POLR2I	0.595823365378165
WDR19	0.595787033210151
PTPN6	0.595435373665515
DOC2A	0.595243128820368
ZNF474	0.595089577838462
TMEM250	0.594980500860757
GPS2	0.594757643984589
LPAR6	0.59440394275955
PTX4	0.594230472574865
ZNF330	0.594028287979525
ZNF133	0.593046133317279
ZNF749	0.592819487934612
CAPSL	0.592363401389742
MARVELD2	0.591835549642968
RASA4DP	0.590966479691189
NIPAL1	0.590933382981579
BTN2A3P	0.590705962569476
DIO3	0.590361979212311
CKMT2	0.590259243352585
TRMT1	0.589976000547014
KLHL26	0.589936937417517
TRUB2	0.589723181837091
SLC26A4	0.589628236227356
NOX3	0.589067358827331
TRNT1	0.589041957698671
ATP4A	0.588766346159851
XKR3	0.588663844552874
ZNF221	0.588458182575569
CTSLP1	0.588393620071015
SOWAHA	0.587866008600196
CD14	0.587407007857493
SLC9A7	0.587204541957975
SOCS5P4	0.586941463886529
RNASE1	0.586931147405146
BCS1L	0.586827444331452
NBPF1	0.586598745808421
DPF1	0.58651272523439
MAP2K4P1	0.586459600801921
BRD2	0.585982797440186
POC1B	0.58527404554142
PODXL	0.584989681652712
ARHGEF3	0.584142001151169
PMS2P7	0.584115106294775
MTERF2	0.583960481372347
FRA10AC1	0.583941801949753
UGGT2	0.583548434356704
DOLK	0.583527431361101
POTEF	0.583490192821202
FRS3	0.583110040031743
BRK1	0.58293621284385
POLB	0.582496545737671
HP1BP3	0.582184516021401
PPP3CC	0.582162415897604
DES	0.581948659605083
TRAIP	0.581454122635815
SPATA6	0.58104702811788
GRK7	0.581012695565331
DIP2A	0.580859006533252
EPC1	0.580711232904877
KIF2A	0.580693693615004
HMGB1P5	0.580438745390043
MLLT3	0.579992412962795
SPATA16	0.579741796000399
TMEM190	0.579534585141331
ARPIN	0.579338769863771
HNRNPCP4	0.578999104838715
FTH1P10	0.578583747934843
PGBD2	0.578554565437205
STAB2	0.577407321816616
FAM83E	0.577138054279195
GIPC2	0.576654714092006
C11orf21	0.576600188856974
NEDD4	0.576247922728567
ACP6	0.575996415401606
LRRC37B	0.575838033496947
NTSR2	0.575618222516723
MTMR14	0.5754201832983
RPL22P1	0.575365897055549
TRGV9	0.575334718744108
KCNJ14	0.575159153896311
QRICH2	0.574916373603572
USPL1	0.574228500310398
CASKIN2	0.574144464132672
AQP3	0.574045161497445
WASH6P	0.573703516037829
LTA4H	0.573130595198848
AREG	0.572978382099627
IFNLR1	0.572925556354841
HPS5	0.572925065705268
ZER1	0.572083949118826
PRORP	0.572025099934919
PROB1	0.571917966182739
DPH7	0.571540062795568
NEK2	0.57147765527432
EIF4A2P1	0.571371808086225
LYRM1	0.571064233488127
PRXL2A	0.571015478258743
HRH1	0.570731816480343
NFATC4	0.570514385290036
GMEB2	0.570476358685282
ADCY9	0.570129751117477
CYP46A1	0.569843012714476
DEPDC1B	0.569772885785017
NUTM2HP	0.569184938642744
SESN2	0.568967515153218
WFDC21P	0.568748271603983
EFCAB2	0.568709274710523
ABHD2	0.568483895919711
WDR3	0.567828662043664
C11orf71	0.567798504646027
PHLDB3	0.567781892097898
ENPP7P15	0.567617607622541
DDX12P	0.567393610453322
LYST	0.567201550950607
SLC4A4	0.567158490594103
GLOD4	0.567008842313366
CREBZF	0.566729732529268
THAP2	0.566699802842656
RAB27A	0.566221732915045
PLA2G10CP	0.56588885724881
GDF15	0.564986401203161
FNDC4	0.564386380565125
HSD17B7	0.564280541074441
OLFML1	0.564232249438986
DIO2	0.564030883152825
WASHC1	0.563994284141099
TEX29	0.563928524596775
MCRIP2	0.563675407697685
NQO1	0.563661961861925
SPACDR	0.56350360585946
ST8SIA2	0.563377919660838
MST1L	0.562890888161037
CLYBL	0.562593847678985
CAGE1	0.562299208026178
EXTL3	0.5622330953061
HAVCR2	0.562141451343465
EEF1A1P19	0.561659064632992
CD36	0.561572836984268
ZBTB46	0.561564152917717
TRIP10	0.561542981185657
NRXN3	0.561461147176734
ANXA6	0.561102160735817
SLC9B1	0.561061072777352
EXOSC7	0.561032579414628
PTPDC1	0.560977349542531
ZNF321P	0.560856312992426
FGF1	0.560842932806634
MAP3K10	0.560622613968156
PCDHB17P	0.560474348011008
ADAD2	0.560283711507602
MINPP1	0.560199328278102
GREB1	0.559716341518009
PCLO	0.559335180385328
ATPSCKMT	0.559234802998415
APBA3	0.559125450545091
SPC25	0.558958904480409
ZNF184	0.558789548142058
PABPC1	0.558549703272094
PSD4	0.558394691047369
CSTB	0.558240552538182
ATRN	0.558219248395108
DNAI4	0.557955697337583
SMOX	0.557923782328531
ADAMTSL1	0.557901674250219
GRIN2A	0.55789085736654
CCDC30	0.557780149730272
LAMC2	0.557669420541696
MED12L	0.557357198397219
GCA	0.556664598846047
GTSF1	0.556471098486307
TCEAL4	0.556337154673448
ATG10	0.555994403581369
SLC7A11	0.55595276692583
ATM	0.55594456515042
FOSL1	0.555372953760426
CHD6	0.555342410520478
MTHFS	0.555297067779783
ANKRD33B	0.555271059878738
PGAP4	0.555208691903249
DDRGK1	0.555122285389965
EEF1A1P13	0.555093511284248
TCP11	0.555078873763109
UXS1	0.554952604989345
PSMD4	0.554809653522378
PRSS27	0.554748158686629
PCNX4	0.55466038616127
SNRPG	0.5540913589305
CHRNA6	0.553866088598861
PPM1A	0.553515992458273
PDIA3	0.553279197575926
NMRAL2P	0.552886277961135
CFL1P1	0.552608832839062
HNRNPC	0.552460067895399
SEPTIN7P13	0.552413429176749
TEAD4	0.552011197719933
ASL	0.551884888410839
SEC13	0.551738951074048
GPATCH4	0.551710436595386
MAVS	0.55169878729528
DYNLRB1	0.551646804995803
TUT7	0.551553706184825
THPO	0.551489206356299
NUP62	0.551354442785952
DNAJC12	0.551234956184679
FTH1P7	0.550988710308807
CPLANE1	0.550981404118468
CCDC126	0.550477173899712
EEPD1	0.550247932759983
TRIM59	0.550108930074546
LAMTOR4	0.549948681231381
TRAF1	0.549909461917045
COA1	0.549898538240835
ORC5	0.549795080283748
CREB5	0.549772653455931
ACOT9	0.549494784685839
H3C7	0.54945985174273
TMEM269	0.549086859558625
MTCL3	0.548890795237701
NRTN	0.548676790241812
SPG21	0.54844837464431
VAX1	0.548399719531137
CCDC77	0.548380271151897
GJA4	0.548132002862566
UTS2	0.548078467127166
CPNE6	0.548037467391896
NYAP1	0.54778970328795
FBRS	0.547695162757726
ABCC6P1	0.547668092094737
H6PD	0.547453990440438
NR5A1	0.547060907562212
CDH10	0.546958248545361
KLHL9	0.546953049028689
OR2T32P	0.546873953452425
CAVIN2	0.546382509495449
RPL7AP70	0.546329023343087
RTL8A	0.546288094577752
ZNF746	0.546205008759772
KCNH7	0.546201585466859
HSF1	0.545940991309279
SLC26A2	0.545380412673986
NAIP	0.545329525708398
DYNC1H1	0.545190022137522
TRIP4	0.545184306287865
BMP2	0.545078282816625
GMCL2	0.544857436954546
ACOT12	0.544736441200711
BLMH	0.544692060973898
INTS6	0.543647066611284
SNED1	0.543647061656241
FCGR3A	0.543483641851446
BCDIN3D	0.543198413174814
DEPDC4	0.543078597293203
MBNL3	0.542997926099309
LGALS9	0.54255909963595
SLC4A1	0.542223749025611
KCNK2	0.542186926216733
PPP1R1A	0.542079815644181
RANBP17	0.541932900860907
GPD1	0.541567884875912
ITGA1	0.541460718951664
SNRPEP4	0.541411489525604
SLC4A11	0.5412392506705
PRIM2	0.541003975652492
SLC1A1	0.54091120602527
LIG1	0.540899814070102
EZH1	0.540856303750156
STX7	0.540690539381613
METAP1	0.540396794288841
EFEMP2	0.540345428792249
SMIM32	0.540045989275555
AP1M1	0.539939702066893
GRIA4	0.539841464013247
RHBDL1	0.539502540719476
MFSD10	0.53916567064856
TCTE1	0.539004659115356
TIGD3	0.538944245574054
HSD17B6	0.538843998699397
DNAJC21	0.538768438534527
BAP1	0.538714929023284
GOLGA2P5	0.53867226848521
STXBP3	0.537178687676559
TRIOBP	0.537117789168365
GALNT8	0.536896932189073
GLRB	0.536650109420388
ZNF750	0.536547579251754
USP40	0.536497762597571
IL10RB	0.536169145464746
EMX2	0.536159328708549
PSKH2	0.536050030242905
CLEC18C	0.536036389899395
POLR3E	0.535735902017235
POU2F3	0.535555103721329
LOX	0.535537584782741
STARD3NL	0.535224687668451
RFC4	0.535113468452808
RHOXF1	0.535102257759233
TMEM245	0.535091696528517
BOLL	0.534732882212442
HLA-DOB	0.53466379383111
CWC27	0.533869092086893
ANXA2P2	0.533544194473182
BCL2L10	0.533131905450244
MSRB2	0.53312785651447
ZC3HAV1L	0.532678888041298
CCDC120	0.53267520625744
ZNF385B	0.532401379947925
PLCXD1	0.532313013264736
SMIM20	0.532108256681504
PGPEP1L	0.531927247861112
NSD2	0.531810845304834
LPCAT4	0.531727677849007
TMEM248	0.531671480266043
HDAC4	0.531147050750187
EBF1	0.531143848227679
PSME1	0.531124529293492
CLEC3B	0.530923667047925
LRIG2	0.530833375266667
ADGRF2P	0.530231958916861
CD55	0.530119621070325
CTAGE12P	0.530055098629364
AZIN2	0.529604513196716
TADA3	0.529098052619873
CDK1	0.529022155283423
AURKC	0.528954079262159
PTPRF	0.528588486929686
TMEM236	0.528294129502371
TBCK	0.528207631842698
TP53I3	0.527711192269116
TCEAL3	0.527594719507447
TMEM217	0.527207271695041
DNAJA1	0.526893189449739
RHPN1	0.526783595431859
MYH9	0.52636323481428
WDFY2	0.526226088782809
ASCC3	0.526187244462851
EIF4BP6	0.525639947788706
AGBL2	0.525255925852999
NDUFA13	0.524524345377662
CFAP45	0.524111607236072
TM6SF1	0.524015573324874
ALG1L7P	0.523858996418095
UPK2	0.523473206983893
SCAF8	0.523213972498724
GCKR	0.523172981263054
DVL1	0.522972076452711
ST13P4	0.522806695193651
GOLGA8O	0.522638077317184
ARNT2	0.522248723717596
RSU1	0.52199363700958
HEXD	0.521660411189804
NPEPL1	0.521614635373011
ALOX15P1	0.520427340744865
RPS3AP5	0.520373656922064
RAB36	0.520108448325887
GNPTG	0.520021361963694
MAST4	0.51983242536259
CHST4	0.519664344989219
GUCA1B	0.519499803292443
GSTT2B	0.519001267707328
H2BW3P	0.518973870175902
MPST	0.518903896954243
CNBD2	0.518877806760867
RPL5P30	0.518820554933912
ZBTB48	0.518768352970658
LAS1L	0.518744600821104
RPS26P15	0.518101111933477
PNMA1	0.517564432018664
CAPRIN2	0.517023972203056
ITGB8	0.517015650722084
SNAPC2	0.516973373967631
MBOAT2	0.516705846167398
NCSTN	0.516618827026288
STMN4	0.516288017379523
PARP1	0.516007688045872
MFAP1	0.515801159533988
CDC34	0.515767359690734
SH2D5	0.515641611321475
TMEM37	0.515355594974232
RPS28	0.515345255861242
TRIM5	0.515310061721626
NAPEPLD	0.515149480252809
SUMO1	0.514335303960076
ZNF584	0.514270587477817
RASGEF1A	0.514202345764827
FAM151B	0.51389340330513
DAP	0.513700659377411
ADSL	0.51368940391841
TMEM65	0.513409765124265
FAM135A	0.512560275440537
FAM228A	0.512453819219652
C3orf33	0.511942545761503
NPTX1	0.511836510226618
DIS3L2	0.511806231825326
ATP6V1B1	0.511476991277702
CCDC122	0.511403348968456
GOLGA8M	0.511313823429487
POMP	0.510638981075051
RARG	0.510415517231554
NDUFC2-KCTD14	0.510017414931294
SPATA7	0.509163157589647
TRPA1	0.508944576142272
ARHGEF37	0.508944065328373
TGM1	0.508925334077352
ADCK1	0.508610520235974
DCPS	0.508392345786079
FAM118B	0.50836984431949
RPLP0P9	0.508139697587369
CYP39A1	0.508036784822854
TLK1	0.507713899786255
EN1	0.507465967161398
FZD10	0.50741082970499
IFT43	0.507088259320072
TRAF3IP1	0.50681174248327
COPG1	0.50670188922175
HAPSTR2	0.506273239059042
THNSL2	0.506266656491795
TMEM106C	0.506114532085374
SDK1	0.505956022917949
TMEM86A	0.505893120515608
TIGD2	0.505873430105965
GNB3	0.505620323160957
SLC6A17	0.505551737932376
SLC44A2	0.50554290317864
TLR5	0.505346198825494
DPY19L4	0.50515852670332
STARD8	0.505143399497085
ESYT3	0.504780967598359
NPIPB11	0.504276509267565
ZNF219	0.50386286327635
CUL9	0.503687066979927
NAP1L3	0.503566272613475
ENKUR	0.50299139902661
DUSP16	0.502894708967016
SBSPON	0.502648124716118
TOP3B	0.50248411159767
BRD8	0.502456456338048
ANKAR	0.502351707042477
SEC63	0.502140748476959
CNGB1	0.50205813984566
WDR83	0.502056545770012
MPDZ	0.501828129720287
WFDC13	0.501806176816067
VKORC1	0.501627583203455
ANKRD54	0.501478797140494
LINGO2	0.501431491161373
ZC3H8	0.501388449944606
LMBRD2	0.501319495843187
METTL25	0.500868695067978
MTMR4	0.500843561856979
TMEM53	0.500184728311558
KIF1A	0.500024226252395
FUNDC2P1	0.500015278611493
SHB	0.49998076673725
CSF1R	0.499976627233267
PABPC1L	0.499861475703486
WDR18	0.499822473415771
SNX1	0.49969840139328
RPL12P4	0.499542823321979
SERPINB1	0.49917060395342
ERG	0.499130808990022
HDC	0.499130037537561
HBS1L	0.498635828537032
LPCAT3	0.498631835540204
MCOLN2	0.498341472042504
CAPN9	0.498159204188702
CD81	0.497648139719217
SPC24	0.497458520363614
SHLD2P3	0.497414278665368
KLHDC7A	0.49679897114221
KLF5	0.49670218667906
PLA2G12A	0.496619063388904
PIN4	0.496389719320499
PARL	0.496269957966021
SIPA1L3	0.496202645693237
ADRA1A	0.495993684761624
PRELID2	0.495384210872966
FAM187B	0.495328657036079
RER1	0.495066986210912
PARP4	0.495062556617799
SPNS1	0.494977399906796
CAB39	0.494678440420194
EHD2	0.494337113457481
UBL4B	0.49424344419488
LINC02210-CRHR1	0.493964362194473
CSF1	0.493655450388093
DNAJC10	0.493641001462956
CATSPER4	0.493352652302932
ALMS1P1	0.492782041701576
EVC2	0.492743369560557
GIPR	0.492618980104852
NACAD	0.491500326109883
ARHGEF11	0.491371386434355
GALNT5	0.491289220811981
DCBLD2	0.49122493019435
YBX1P10	0.490896217652587
RCAN1	0.490802259074392
C2CD2	0.490431508630763
PLPP6	0.49008228330608
SMPX	0.489942916665527
ANKRD23	0.489382300578031
FAM72D	0.489064761079512
CHRM1	0.489014046400051
CPAP	0.488995997631165
FARS2	0.488887186211668
IFNGR1	0.488875597018077
CCDC3	0.488485744808166
AOC4P	0.488421178823352
MMP2	0.488240732668513
MSANTD3	0.48749089710152
CAPN14	0.487441989889867
INTS3	0.487240348250113
AKAP10	0.487177555228704
NR2F1	0.486963756439408
SNX33	0.486615140489514
GDPD5	0.486612162637045
ANO8	0.486562748548342
FAM81B	0.486388432332034
FBXO41	0.486383364458793
ELOVL4	0.486273150349933
TNNC2	0.485660204166936
S100A11	0.485177663794969
MS4A12	0.485077720316422
ANKHD1-EIF4EBP3	0.484670905036054
CENPB	0.484553874408839
PFDN6	0.484194655305951
KRT16P3	0.484171432790198
JUND	0.483866830900724
KAT2A	0.483523004823332
PCSK7	0.483281925954651
AHSA1	0.483261889700035
SYCE1L	0.483112474351014
CPA4	0.482795320175775
KARS1	0.482334911901759
CKLF-CMTM1	0.481794114708701
PARD6A	0.481635842745941
TSPAN31	0.481260035262202
PCDHGA10	0.481176738853203
USP15	0.481101067509409
IGSF21	0.481073652094632
MLST8	0.481067436094328
KSR2	0.480960836163827
PKP2	0.480959510469472
FYB2	0.480630300153404
BTK	0.4806071175885
CFAP43	0.480411986593135
GDF5	0.480356754822664
PKD1P6	0.480342345822064
INCA1	0.48032944015391
RSAD1	0.480173347757936
SYS1-DBNDD2	0.48016660658381
VCF1	0.480055434909929
INSR	0.480032650817735
PSMD2	0.480021569157193
GH2	0.479680145308895
NRROS	0.478857574653445
H1-5	0.478658857473143
PARG	0.478586856246819
ZNF662	0.478384541270099
ZNF627	0.478085739285745
SEC23IP	0.478026209964691
VIM	0.47800866667872
WIPI2	0.477721279591573
NUDT9	0.4767855035051
KRT8P33	0.476737071692122
PRG2	0.476445303268777
LARP1	0.476299840394508
RPL7AP30	0.475091194903099
TBC1D12	0.47457937551129
LIMA1	0.474562047555942
RARB	0.474495261895632
FCER1G	0.474336820154543
FLOT2	0.474112821019228
FGFBP3	0.473923723693884
PPIF	0.473923013071357
ZNF286A-TBC1D26	0.473887738666001
GLIPR1	0.473872368947397
ZNF862	0.473750479710357
CALM3	0.473728310927847
PAK3	0.473412275598708
WASF3	0.473411100336395
PARD6B	0.473095643162532
FITM2	0.472970439638025
ATP12A	0.472391220083681
ZNF157	0.472315129193672
DOCK3	0.472034005401125
MKRN2	0.471515804985525
PIK3R1	0.471402138459812
TMOD1	0.47103657392001
COL6A4P1	0.47089574057753
RWDD2A	0.470885279599617
TPH2	0.470576807532567
MTHFD1L	0.470334228883716
FTCD	0.470265669313182
PMS2P8	0.470197231216779
STAG3L2	0.47011304019884
CLPP	0.469817999602709
KIRREL3	0.469560525439053
MIIP	0.469431841092807
GFOD1	0.469194255360223
ST6GAL1	0.469186571988787
OR6B1	0.469107523450045
FAM133A	0.469048883623527
FADD	0.468626163492983
NECAB3	0.468598201026549
GOLGA2P7	0.468535613873137
OR52A4P	0.468145360403601
PCDHB8	0.467903295519509
SELPLG	0.467506063493764
FBXL5	0.467348652494702
METTL9	0.467213128823966
ABCA5	0.467176975680884
KCND1	0.46709627192218
AVIL	0.467085423851093
CETN4P	0.466828595133381
DSG3	0.466697704956916
USP35	0.466591081363893
KMT5C	0.466105936753495
RPL21P28	0.466039792126001
YARS1	0.465881908975303
ODC1	0.465341828551318
POLR3K	0.465285488814767
PIAS4	0.4651593118917
MTLN	0.465040935198962
SLC35A4	0.464965617661783
RPS27P3	0.464923344684209
SP6	0.464891226807532
GRINA	0.464760688679176
EPHX3	0.464298859198752
TPT1P4	0.464196083632069
PLCB4	0.464112311047815
ARL10	0.463079054229136
NSUN5	0.46296208264343
DCAF6	0.462948857653439
ARHGAP20	0.462621914315167
KRTCAP3	0.462539919318019
SAC3D1	0.462076311921412
ADGRE2	0.462055878871694
YBX2	0.462028248616487
ANKRD31	0.46199380844703
LCAT	0.461885898310396
RPS27AP16	0.461846529308873
BUD13	0.461459601725651
EAPP	0.461439251600599
CSAD	0.461323952005904
MLKL	0.460945684041174
KCNJ12	0.460819113074337
NPY2R	0.460483526282796
TBC1D20	0.46044066453701
ERC2	0.46029726953607
HBA1	0.460034361779413
EGFR	0.459455324761686
SLC16A13	0.459350588024302
RINL	0.459301589853672
SNAI1P1	0.459123659264268
PVRIG	0.459047384441216
ANXA3	0.458894434874339
TSN	0.458645915739651
NRN1	0.45864508594396
DTX3	0.458238101737826
HSPB7	0.458150724817384
R3HCC1	0.457968607024376
GRHL1	0.457780810970236
PCDHGA3	0.457614000026653
GXYLT2	0.457572355163516
NDUFV3	0.45756925259308
MTCO3P12	0.457426308783582
USP32P3	0.457405863345794
PCIF1	0.457321283975245
SAMD9	0.456823827632238
XKR8	0.456805086236122
GYPE	0.456733864783069
CIB1	0.456155057203618
WDR54	0.456148010884361
CNGA4	0.456088353555965
SGCB	0.455489428012169
CXCR5	0.455313080204646
ABCC5	0.45530825274194
GZF1	0.455308075402807
KYNU	0.455156351376239
HDAC8	0.454379601787805
SUPT16HP1	0.45424409551098
COG1	0.454227451024203
FAM98C	0.454135544086818
SUMO2P21	0.45355749500519
GLRA4	0.453477713161699
ACKR2	0.453391417927648
DIMT1	0.453330146940532
HTR4	0.453256303985
BTRC	0.453133155562458
PCDHA12	0.452462614748996
FAM193B	0.452372293266255
IGSF8	0.452236645845447
SCAF1	0.452110747545416
DHX57	0.451983765313339
TAPBPL	0.451896917636457
CUTC	0.451775974906296
DELEC1	0.451419555037896
POLR2J3	0.451141557571273
ACYP2	0.450705389726127
SPATA31E1	0.450687260718744
KRT17P6	0.450297016575773
GORASP1	0.450250000754239
SH2D4B	0.449816686414836
RIPK1	0.449657787728311
SEM1	0.44963138605021
UBE2Z	0.449524861823543
TTC16	0.449334700378153
TMC4	0.449128648605711
GJA10	0.449061700730398
CKAP4	0.449037900857878
ITGAL	0.448845894202835
EFCAB11	0.448367686109036
SBF1	0.448322075013215
SH3RF2	0.44813948306999
ST13P15	0.44787460579831
SNORC	0.447591903859105
CACNG3	0.447508665422766
ZNF816-ZNF321P	0.44736004500981
SPATA45	0.447260061602797
ZNF788P	0.446713204309819
CPNE8	0.446679608037415
LRRC14B	0.446137856523686
PDLIM5	0.446116875134824
CCL27	0.445995675381391
FTH1P11	0.445450537180699
TMEM60	0.445375422867806
TTC17	0.445122996279322
B3GNT8	0.444800510050539
SNX15	0.444787755949967
GUSBP18	0.444583363896512
POU4F1	0.44457026064671
SNURF	0.444174196295
FYCO1	0.44408958012547
PRRT3	0.44399560678428
ARK2C	0.443993969659372
TRIM55	0.443938922516711
CNKSR2	0.443934181565566
CBX1	0.443911165269046
ASTN2	0.443797079841956
SLC6A8	0.443649466945513
KLHL12	0.443609184187651
RPP40	0.443104061611812
KRTCAP2	0.442883897245344
GNG12	0.442631853799
DNAH14	0.442610126612853
KIF18A	0.442404034460905
CUL7	0.442055366589088
NPIPB12	0.442054453359376
GLUD1P2	0.442053053314692
PLA2G2C	0.44200687769435
RBM38	0.441566950738429
STUM	0.441333264267647
DCAF11	0.441308947572267
TNFSF10	0.441283580176698
LIG3	0.441152851271086
FLRT3	0.440997016288059
EEF1A1P12	0.440811374979973
GATB	0.43994318000873
GAS6	0.439683326756518
PIGP	0.439625751562891
DENND11	0.439447190638661
FTO	0.439435641640048
KHDRBS3	0.439332637622576
ZNF132	0.439306528712727
KCNMB3	0.439206183936889
SLC25A17	0.438883750004675
DNAJA4	0.438623323799581
CFAP107	0.43830691265719
POU2AF1	0.438131404310141
PKD1P5	0.438119977064841
PTPN14	0.437966766026149
GRIPAP1	0.437939314843953
ARMC3	0.437646922818518
SLC25A18	0.437440670118887
SLC2A9	0.436983575200095
TXNDC15	0.436833710308198
SUGT1P3	0.436703480373924
LSG1	0.43668328186213
SPATA1	0.436385882783084
NAIF1	0.436350712582391
DOK2	0.43624254277656
NFE2L3P1	0.436201862457028
TBCB	0.43602385589664
CYP2C19	0.435579398704333
HNRNPR	0.435355595882758
MATN2	0.435226291720849
RNASEK	0.434800142866311
TTC13	0.434677832554211
HERC2P5	0.434323457656302
PPA2	0.434304329222363
VCP	0.433636257340977
YDJC	0.433445195601595
JAKMIP1-DT	0.433396380586848
WDR1	0.433394558582364
PCNX2	0.433003560583316
SLC13A3	0.432854265436039
KIAA0753	0.432839975179002
RNF103	0.43242173367827
MRPL37	0.432152463187823
RWDD3	0.43156103707218
IL17RE	0.431124120202078
APBB2	0.430947989111633
SRC	0.43054859834313
METTL15P1	0.430356006351267
GNG7	0.430266714944055
GPR4	0.430202050318551
CDC42BPG	0.429786889214756
TIMP3	0.429494137173461
COX6A2	0.429430749481781
TIMMDC1	0.428643459500673
PYGB	0.428540776548932
RPL24P8	0.428305975457872
PTK7	0.428077846156622
NPM1P39	0.427380000969057
ISCA2P1	0.427364811639867
SLC1A6	0.427347879674185
REXO1	0.427061574885937
PLD5	0.426888471777712
RPL23AP77	0.426748961293527
PPDPF	0.426046895971652
DGLUCY	0.425851056137199
SHANK2	0.425651249882414
CCDC112	0.425562281493162
TFDP1	0.425394002106138
TM9SF5P	0.424988212300802
SP5	0.424973275371274
OCLNP1	0.424772907069882
RNASE6	0.424739943161485
XPNPEP1	0.424596104946133
TP53AIP1	0.424283448902808
HES4	0.424025123242436
TRIM13	0.423331709099359
IPCEF1	0.423302989593164
TPR	0.423103914874073
ATP6V1B2	0.422955142788064
CASC3	0.42281314083815
FAM90A1	0.422091232281357
HMBS	0.422007428877771
STXBP4	0.421942608597891
C1orf167	0.421863022638698
FLACC1	0.421861031967193
NUDT12	0.421721083125344
SUGT1	0.421681202115065
C20orf202	0.421652643319151
SSBP3P1	0.421213705489908
CHURC1-FNTB	0.421131619326712
RAET1G	0.420098956495874
HINT2	0.420052727359019
KLF15	0.419945827165281
PSIP1P1	0.419892953991451
ARB2A	0.419180684478574
SKP1P1	0.418765334918544
H3P16	0.418435338619408
PREPL	0.418374433647637
H2AZ1	0.418270307829989
GLT8D1	0.417707521150355
GOLT1B	0.417565578466133
MEMO1	0.417466406522014
DCTN2	0.417198404130493
ZNF736	0.417095013224944
DIDO1	0.41705676255624
KDM5D	0.417037513361562
PALM3	0.416912776970188
MFSD11	0.416725116544591
ARL3	0.416683054200152
C8G	0.416425906572927
AGO3	0.416382674579091
TIGD1	0.416270483087133
ZMYND12	0.416171645165142
ABCA2	0.416134094516054
GJC2	0.415840848520172
ATP6V0C	0.415840668406976
PHF14	0.415605855653823
TMED10	0.41553308119048
PHF21B	0.415210981222681
AMOTL2	0.414869361084528
FAM50B	0.414584315109899
GAPDHP1	0.414216989451165
ZNF668	0.414109519297368
MOBP	0.414058494692823
PILRA	0.41392056000158
PCDHGA2	0.413753256657763
PES1	0.413727874808404
LINC02210	0.413690460546783
CYLD	0.41351479455375
TBX10	0.41347529892896
DNAH7	0.413343320476682
ZKSCAN1	0.413238216058185
FTLP12	0.412466049176232
LIMK2	0.412415087866848
CLCN5	0.412108458286928
PPP2CB	0.412092791555184
PPP2R2A	0.411998199753007
CNOT3	0.411675212044128
HAGHL	0.410911606038593
ABCC12	0.410769744448462
SCN3B	0.410071308815258
MEGF8	0.409859934098945
IGFBP5	0.409746841569979
NEURL4	0.40961187779951
PIMREG	0.409428388445245
ERMP1	0.409314313266871
GNB1	0.409266659195647
SH2D4A	0.409261808955636
ZNF248	0.409024169180467
DUTP6	0.408706809298296
COPRS	0.408384584921144
BRICD5	0.408221691628677
DCTD	0.408035528854939
RPRML	0.408021749304702
LSS	0.407824657299047
ADAM23	0.407769991288017
BRAF	0.407509333609617
KLHL41	0.407448073889977
WDR25	0.407143796801861
ZNF813	0.406917881765638
GPR158	0.406572122557888
C3orf18	0.406501085955022
IFFO1	0.406307384089868
SBF2	0.406225577873941
TTC14	0.405705758730216
TFEC	0.405594194380674
RPL7AP11	0.405494979491827
IPO9	0.405278057007624
NHERF2	0.404786969782495
LRRN4	0.404697602500052
LRWD1	0.404543403229824
PROSER3	0.403880981048197
RDM1P5	0.403591542533089
GGT3P	0.403384269669371
TANGO6	0.403381268332144
BAD	0.402635679826774
SIRPB1	0.402583305783701
CCIN	0.40239581044473
EEF1A1P7	0.4023071463558
SAE1	0.402209003690459
MTPN	0.40207965009485
MPV17L	0.401955754496966
SKAP2	0.401912494173598
C11orf24	0.401730735426477
NPHP1	0.401432143586223
KIAA0408	0.401412392503411
AAR2	0.401288927411973
CHST7	0.401230003921259
DCAF12L1	0.401219399384941
CDX2	0.401202633650834
DYNLT2	0.400651826907847
RIOX1	0.400630232786906
H2AC7	0.400388246200369
ZBTB47	0.400351345324178
SKIC2	0.400235184515546
GCM1	0.400218832199829
ARHGAP32	0.399880558488451
ULK4P3	0.39972160208495
NCMAP	0.399598405796602
RESP18	0.399513827558824
HERPUD1	0.399439129026333
GALNT12	0.3993975272282
UBE2M	0.399351542445907
UGT1A7	0.398901905596306
SSC5D	0.398304537053034
DFFA	0.398290161951806
TM2D2	0.398075805899726
MYOZ2	0.39788081692345
KIF22	0.397789195780097
C10orf67	0.397685684075782
FAM228B	0.39729880982597
HDAC6	0.39715312108361
UBBP4	0.396941996907009
RPL7P39	0.396899084776267
ITFG2	0.396691797822795
TMEM253	0.396667307978837
PPP1R14BP2	0.396579884134381
YIPF5	0.396178220598462
ENKD1	0.39604547606684
PHPT1	0.395392894372113
SEC61A1	0.395387529389814
SLC38A9	0.39478920448335
SERBP1P5	0.394719707194652
LSM12P1	0.394679763963054
EIF2B3	0.394477927005601
NOX5	0.394469027842648
ARL9	0.39436353316606
CBY2	0.393654488634191
EDN1	0.393635080118537
AKR1C2	0.393505098818272
RETSAT	0.393494787175338
TPK1	0.393307539330334
GNB5	0.393181307998634
KCP	0.392847521607669
INTS4	0.392620907273169
SRD5A2	0.392051287249779
TRMT10B	0.391985116320798
SLC6A16	0.391611817886121
SAXO4	0.391466798631025
CSNK1A1	0.391355161387605
FAM246C	0.391230839992012
SMIM38	0.391213310955346
RPL39P5	0.391178847834953
PHETA2	0.390935924091441
CDHR17P	0.390761615127215
PITRM1	0.390174406709393
ZNF155	0.390085553389823
NPY4R	0.389980406146051
SERP2	0.389948226721253
SVBP	0.389810883650516
CECR7	0.389802367983974
IMPG1	0.389772653258709
ARHGAP35	0.389760488845704
ZNF19	0.389723208790402
IGLV1-51	0.389601530464337
RAB6C	0.389497453689677
ISCA1P6	0.389366624974643
VIPAS39	0.389062495657001
CHP1	0.388767506409126
TTBK2	0.388658052870734
CD300A	0.388599592474444
KDM6A	0.388045217484821
SPATA25	0.387992501580371
FNDC1	0.387838917190817
DNAJB9	0.387816026991996
SLC7A5	0.387273790831666
PRR14	0.387216772507892
POLR1C	0.387120654697867
STOML3	0.386900493018973
CFAP161	0.386637423850052
TOR1AIP2	0.386424558620691
FAM3C2P	0.386256439719904
NDUFB2	0.385961283113794
COIL	0.385782003388388
FBXO10	0.385677421688697
LTB4R2	0.385518538077445
METTL17	0.385382910364675
HSPA2	0.385377448133123
IRAK4	0.385218284452848
MAP3K20	0.385185046882332
GRWD1	0.385067365668264
CHN2	0.384955588045309
ABHD1	0.384847205445593
DMXL2	0.384720491968995
NAALADL2	0.38428209145461
LRCH1	0.384255204627259
RAPGEFL1	0.384025998007476
PROKR1	0.383877834080685
KIF20A	0.383874776591544
LAMA3	0.383313872853679
SENP3-EIF4A1	0.383212468559683
PQBP1	0.383173928573828
MTNR1B	0.382819302322474
CYRIB	0.382401271312676
GPT2	0.382049423933703
LAMB2P1	0.381764296180574
ITGA11	0.381563185353632
CDK5R1	0.381437599791365
CCDC178	0.381147202293001
CKAP2	0.381111983017124
STK36	0.380860010239553
GPX1	0.380794936000062
PRR3	0.380170336213933
LGALS4	0.379986081352424
NGLY1	0.379892891339685
ATP23	0.379849332266895
RELA	0.379783302513139
DDX47	0.379730633836944
RLN3	0.379603020911021
TCL1B	0.379572912011266
PIK3C2B	0.379339948205079
CD247	0.379015899626079
ZFP41	0.378986894168005
CREB1	0.378672325156573
ZNF143	0.37848810857035
SMC1B	0.378298443363218
CHPF	0.378155932985201
ROR1	0.378146245300955
RALGAPA1	0.377975201701088
H2AC21	0.377651094656301
PSMB7	0.377500753627483
NUTF2	0.377423408265171
MICAL2	0.376845446450792
CKS1BP3	0.376399249652353
RPL29P11	0.375526433691901
BOLA2-SMG1P6	0.375507219854386
EEF1A1P4	0.375377160912779
SMYD4	0.375359727658373
CHCHD2P7	0.375243965886837
PLCB3	0.375171450743689
CEPT1	0.374619196201502
ZNF706	0.374412783296285
FCRLB	0.374336729474277
SLF1	0.374276140172028
UBE2E2	0.374174644834496
CORO7	0.374153996088314
NHLRC1	0.373978893775807
TMEM169	0.373825371953352
STK10	0.373753337092956
MRPL9	0.3736023689896
ARRDC3	0.373464445878158
LRRC61	0.37321860364158
ACTG1P24	0.373144181698116
TUBA1B	0.373087053310039
LDB3	0.373081311022748
LRIT1	0.372817343921867
GAMT	0.37270905229245
HNRNPA1P21	0.372527293044179
TSSK1A	0.372447651135463
CNNM3	0.372429817238659
TEX10	0.372197058879035
ZNF284	0.372036028273649
CCDC32	0.371617259243373
DUSP13B	0.370968776284009
ZNF500	0.370945720343539
TMEM259	0.37059255301482
NSFL1C	0.370259569692544
CLTA	0.369779919456262
RNF216	0.369560430269433
ASB16	0.369516544259576
SMC3P1	0.369319466661163
RNF32	0.368750538815478
GTPBP2	0.367903804570682
CLDN15	0.367790895154787
NXT1	0.367548320684001
ZNF771	0.367319888606945
RCE1	0.367310926677482
KCNK9	0.367267663044494
TMEM272	0.367192747273584
PLD5P1	0.367178173152
PPIL3	0.367101805451895
ZNF362	0.366830255098398
LAG3	0.366742787291911
RPL26P6	0.366517578824203
OCEL1	0.366015267964682
UBTD2	0.365911594906606
MANF	0.365676362316067
ACLY	0.365624232402689
OAZ3	0.365613793906308
EEF1A1P16	0.365426270642621
MYLK	0.364774967580205
ZSWIM1	0.364616278884275
AGBL3	0.364237039972291
ZSCAN30	0.36421358528072
MON1A	0.364105072193497
GARIN4	0.364030352508358
CYFIP2	0.363981608858531
ACKR3	0.363577299139279
ISM1	0.363489670644478
C22orf42	0.363262998508505
KCNA7	0.363233176772164
LGSN	0.363201082986212
GTF3C1	0.363189029720195
S100A9	0.36235067480755
ACACB	0.362173541413502
IGLV5-52	0.362060879393755
TMOD4	0.361800154361569
RSRP1	0.361795845761768
MXRA8	0.361695276560028
SLC22A11	0.361396216304514
ANXA8	0.36087695010537
ELP5	0.360805248339324
PEX11A	0.360594460382032
RABL2B	0.360473093216335
ANK1	0.36005984691383
H2AC12	0.359692542265723
ZNF169	0.359317977576229
DRD1	0.35881243826325
NID1	0.358748501916809
HLA-DRB5	0.358509757200299
MFF	0.358439462740439
RNF214	0.358101232745661
KLK1	0.357798835784569
GPX1P1	0.357752376024928
LINC00674	0.35766488653064
PTP4A1	0.357480101334173
HIKESHIP2	0.357397673446331
UBAP1	0.357368249592174
TAFAZZIN	0.357170911647064
BCAS3	0.357118962303099
VWC2	0.356660736695667
SH3GL1P2	0.356617451838112
VDR	0.356576522834994
CCT7	0.356035350525632
CPSF3	0.355836086870564
MARCHF7	0.355768308007841
ATP6V0D1	0.355630627882712
INPP5D	0.355625850690795
IL4I1	0.354953883136113
PGM3	0.354709738668176
STRC	0.35457843088701
EP400P1	0.354389439033019
ZNHIT1	0.354258402631984
CCR7	0.354171861275576
PSAT1	0.354160852589215
ELP3	0.35373400278309
MISP	0.353561267583635
TMEM209	0.353517248789851
MKKS	0.353483102719376
ATP7A	0.352901772565037
GANAB	0.35286789949359
ABCC10	0.352768655637145
TRMT112	0.35275401518949
GUCY1B2	0.352665325202348
B4GALNT3	0.352586918776537
HSD17B11	0.352103249483396
NUP35	0.351666810014954
MRPL24	0.351523831865987
SDF2	0.351331795159535
ARHGEF10L	0.351077690741585
ENDOV	0.351013901257427
LEFTY2	0.35035918657606
APOB	0.350185945822919
TREH	0.350082340357621
PRSS23	0.34999904899113
ATP2A1	0.34990272234261
LPIN3	0.349899256474209
PDCD6P1	0.349620848471833
BAK1	0.349600963006078
TUT1	0.349329964593986
DENND10P1	0.349290475603791
NPIPB2	0.348831553833766
PTGS2	0.34882707262508
EML2	0.348521837989544
RHOQP1	0.348149858777895
ADGRL1	0.34811829501625
RPS3AP20	0.348105418957623
SLC39A5	0.347917870391639
VN1R1	0.347900371575531
SNX29P2	0.347830988759745
MEIS3P1	0.34744167006579
MAGED1	0.347295037117435
MTURN	0.347133468845618
MED21	0.347048161717526
ZNF711	0.346984271353525
NBPF15	0.346894223641708
ZNF575	0.346421066334898
ERCC6L	0.346216087394299
KHDRBS2	0.346205945808308
SMCHD1	0.346149085940321
C10orf88B	0.346058967837104
ACVR2A	0.345880972449023
C2orf76	0.345841612039521
CASS4	0.345658124509147
ZNF467	0.345572596043161
KIAA1755	0.345506062138283
TBC1D10A	0.345389257329127
TPTE2	0.345191639367839
CC2D2B	0.344832771219705
SNX18	0.344632543085774
SHLD2P1	0.344514897383851
DRC12	0.344418184788173
DCC	0.344329230099077
NUP214	0.344321811275085
PPP4R1L	0.344245003473726
CAMK4	0.344110301061421
RIOK2	0.344050648249387
ZDHHC21	0.343750077360606
PABIR2	0.343515858331755
PPOX	0.343295839834197
GTF2IRD2B	0.343227393789486
ATP5MF-PTCD1	0.342687234863865
GLMN	0.342578907372513
HAPLN2	0.342286666755625
SHARPIN	0.342226425845166
CDH2	0.341974326032858
DNAJC13	0.341796764149586
PIGX	0.341313817601888
FIRRM	0.3412961368861
CALD1	0.340516481163814
RECK	0.34046591656614
RNF25	0.340169035724907
BCRP3	0.340009035487912
SMIM12	0.339764224410461
SSR3	0.339734423089113
TSKU	0.339732047156708
PUF60	0.339694366282314
AKAP8L	0.339660781922138
MARCHF9	0.339142768814321
SEPTIN1	0.338908910777251
RO60	0.338298431934206
ASAH2	0.338155429407134
RPS24P19	0.338124609256299
PMS1	0.337975712658417
PCCB	0.337909787374196
RNF10	0.337830661761253
CEP15	0.337657133826967
EXOSC5	0.337558015099087
H2BW1	0.337476605294043
CAND1	0.337087911518615
NRBF2P3	0.337043819796891
TRAF2	0.336899080212452
ALPK1	0.336779039934066
ATP13A4	0.336396988275054
LDB1	0.336375938572502
NCBP3	0.336232103273356
HEATR4	0.336176731508068
TSR3	0.336117853954269
VN1R51P	0.33609119984267
GPATCH2	0.335066383070079
PIGM	0.334978512131455
SCAP	0.334889863987069
FAM118A	0.334652471487675
YY1AP1	0.334616941882362
TPST1	0.334580233341971
KCTD8	0.334294921074206
SUMO3	0.334228739531772
FAM149B1	0.334167061704913
OR2C3	0.334104612226464
C8orf48	0.334060801567569
MYRFL	0.333779851356061
CIP2A	0.333754615054137
CALR4P	0.333584028228776
ANAPC1	0.333507269722745
ARL4D	0.333154466091145
SLC38A5	0.332945627461609
TCF25	0.3328450733841
DOCK6	0.332686616642204
DLGAP4	0.332650415354804
ASB4	0.332081829843235
PARS2	0.331948151983594
GIGYF2	0.331871059507969
HNRNPA2B1	0.331720733778175
USH2A	0.331619785780743
RFX5	0.331588130194285
TRIO	0.331559964306247
SUV39H1	0.331511593520587
FERMT2	0.331317271587329
FAM161B	0.331243823033651
ANXA1	0.330947396719597
HYAL3	0.330860452589523
CCDC73	0.330786020552917
PADI2	0.330627123467739
ADAM29	0.330601462301308
HTR7P1	0.33040253261966
EFCAB6	0.330151916273918
ATXN2L	0.329963550646803
GHRHR	0.329892544416018
POLQ	0.329730143197802
ATP2B3	0.329665304919459
ZAR1L	0.32963984028061
SCARB1	0.329412522196164
GLYR1P1	0.329162862668224
ENDOU	0.329055527593309
KIF28P	0.328906923974834
FBXW10B	0.328730792206988
NTRK2	0.328373523706262
OST4	0.328170710306082
PSCA	0.328129093632368
TIMM23B	0.328030886229116
MEX3C	0.327672685643006
CNTNAP1	0.327659803438523
EHD4	0.327658401098545
KRTAP10-6	0.327651027725679
RPL21P119	0.327640180210658
SPPL2B	0.327610067703388
LENG9	0.327454326951005
YWHAE	0.327218620218136
SAA2-SAA4	0.326854844719609
METTL6	0.326519267731438
GINM1	0.326148901204529
POM121L2	0.325938909174719
TMEM79	0.325622463701447
CMAHP	0.325490621314291
CARD11	0.325034278326397
HSPA13	0.325021541754849
GPHA2	0.324963257697561
CHLSN	0.324875781223862
DBF4P1	0.324721262471587
PCDH17	0.324661407538226
SLC39A14	0.324597131989821
CDIPT	0.324585535135214
DHRS4L1	0.324253357379639
FCGRT	0.323987271475016
ZNF280B	0.323951625161605
CYP51A1	0.322631563328525
CDADC1	0.322620487676909
TTC3	0.322260461843416
UTP20	0.322093233998456
CADPS	0.321988617196316
SF3A1	0.321956112037806
HSPBP1	0.321849169048979
ERP29	0.321769304654953
UBQLN2	0.32172445242524
ACOT4	0.321314727211359
SPATA31A7	0.321256238438489
EIF4A1P10	0.321077498107647
DHFR2	0.320973553977717
TIMM44	0.320885390137559
MAGEE1	0.32061196469192
CD86	0.320366321988995
GPR75	0.320269213533192
BIRC2	0.320239547878036
VWA1	0.320094455483381
UBE2A	0.320088500268316
TLCD4	0.319739914774941
NECTIN4	0.319257702261664
MCFD2	0.319225434562352
PITPNC1	0.319219895168121
PLGLB1	0.319205579482547
GAS7	0.318997542914011
TANC1	0.318655857137601
ZDHHC11	0.318513587658121
BPGM	0.318209251597819
NPIPB10P	0.318181312774405
ATP5IF1	0.318153445887084
ZFP62	0.318030242805911
GNS	0.317728161188022
RASA4EP	0.31772572723599
SLC6A7	0.317521856862752
DZANK1	0.317469691420039
EPHB4	0.317440030988132
PHEX	0.316867754026588
SERP1	0.316800017603374
STAT6	0.316570425002214
FAM3B	0.316382762241425
ANKRD29	0.31614783589356
GRAMD2B	0.316068311204268
NPIPB8	0.31601268802298
PEPD	0.315745594385243
ALDH1A2	0.315617099254487
NAT1	0.315582012658596
IL12A	0.315531174375867
C19orf84	0.315443523710297
NANOGNBP3	0.315142347926506
IFTAP	0.315100863040552
SPDYE2	0.314921057196661
KCNJ2	0.314731314662106
DHX30	0.314574043018708
ISM2	0.31440002346819
SLX1B	0.314155402848074
FITM1	0.314155289040222
MAGEA6	0.314056670627817
GPR142	0.314054323235082
COMMD4	0.313913749658086
CA14	0.313911087936537
ANKFN1	0.313895871983433
SLC30A4	0.313881771163411
LMO7	0.31383928095602
SMG1P5	0.313697789553583
PPM1M	0.313693210570741
FAM181B	0.313581111433796
KLHL33	0.31354600070549
UBE2H	0.313543134459829
ENGASE	0.313212222208704
TFPI	0.31315533971612
PAWR	0.313045510946647
RPS3AP6	0.312890577538168
BCL2L15	0.312822850289173
LTC4S	0.312805220232452
LYPD6B	0.312578027590181
ZNF852	0.312449817618736
TMEM39A	0.312285421367012
WBP1	0.312166721406301
DPRXP4	0.312021557815672
UIMC1	0.311830309827167
KEAP1	0.311817679097527
SPANXB1	0.311772110070313
SLC24A1	0.311644236834822
SNX19	0.311629066980099
TRPC5OS	0.311459925617185
RIT2	0.311378012400076
ZNF620	0.311369470978927
ARMC9	0.311261785734606
RALGPS1	0.311113622620776
CIMIP2B	0.310978753472027
TRIM73	0.310961712319124
DAPK1	0.310434669048976
ARID3C	0.309703374182564
ATF5	0.30893075695996
ACTG1P17	0.308729880140083
RNF43	0.30867988225536
HESX1	0.308656919935531
RAD51AP2	0.30860801087613
TP53INP2	0.308505684796563
AZGP1P2	0.307953569049844
CDPF1	0.307635416745378
AKIRIN2	0.307597306821345
EMC9	0.307509718670837
TMEM158	0.307051317535369
TEAD3	0.306888620333173
HSPBAP1	0.30648641009298
PUS3	0.306013101927756
HACD4	0.305490880248069
CTXN2	0.304890147584784
PNMA8A	0.30471086938863
TUBGCP2	0.304640857892562
BRF2	0.30460861034507
ACADVL	0.304509528255573
CSH2	0.304473619475558
ASDURF	0.30419020353978
WWP1	0.303857665737841
DDX3Y	0.303818897269572
FLNA	0.303793801246418
HHIPL1	0.303709903509228
IPO5	0.303535547101056
PRKD1	0.303365209516621
ITK	0.30324880595278
SNRPA	0.302941354744326
UBLCP1	0.302706033646352
GBA3	0.302639651497765
DUSP28	0.30235120312322
PDCD10	0.302279684840675
MYPN	0.302158469971384
THRSP	0.302043161795919
DCAF10	0.302026974289352
MAGI1	0.301793575039422
B4GAT1	0.301708348978642
AMIGO1	0.301419240713594
CYP19A1	0.301075370195527
C2orf88	0.300976140935293
KPNB1P1	0.300949801662363
ZBED10P	0.300859480589722
ADAT1	0.300753184218016
PEX11B	0.300739803274939
ATF4P2	0.300738185493203
CEP85L	0.300651778126597
GSG1L	0.300348626538167
C11orf91	0.299962683376159
RPSAP15	0.299716364955482
RFLNB	0.299694314097887
OPA3	0.299651529102353
IFNAR2	0.299651121901407
NUCKS1	0.299575297535346
SRP68	0.299464143994329
CHCHD2	0.299282276806622
APP	0.2992183621568
FEZF2	0.299078892059754
EPB41	0.29875382196619
CCNJL	0.298682438415703
RGS7	0.29857617863931
RPL6P10	0.298224284395662
IDO2	0.297828097267943
GET3	0.29768143096611
RPL13AP12	0.297487588445434
MID1IP1	0.297484724529025
FMO2	0.297241708277593
H3C11	0.297089025015168
SUMO4	0.296905118851195
TRIT1	0.296597319153974
PIK3R2	0.296190947705171
CEP192P1	0.295798276055557
WDR41	0.295735548540807
CSH1	0.295715498436591
SCHIP1	0.295213398260305
CMTM7	0.294883646783089
IL12B	0.294831107756347
GPR6	0.294419414894568
HBEGF	0.2943268161886
TGM7	0.294285721466731
EIF2B2	0.294210174539468
POMGNT1	0.294004289297152
LDB2	0.293933463752468
S100A1	0.293601527691845
SAMD10	0.293299580335472
CYP4F35P	0.29325899927426
METTL16	0.29322573798388
VASH1	0.29319158173409
NALCN	0.292629402173592
B3GALT6	0.292607010085038
SYN2	0.292509327120531
DNASE2B	0.292296788916448
LHCGR	0.292284914220404
ACOT11	0.292242892859977
BLOC1S2	0.292206698819877
SAP130	0.292016572833533
ZNF487	0.291705837204252
TRIM11	0.291539350345158
OTUD6B	0.291300836672218
MAP1B	0.291005029294237
BMP5	0.290455735591997
TSHZ2	0.2902195026578
TM9SF2	0.290195266249132
NLGN2	0.290064582029205
GPAT2	0.289870356235317
TUBA5P	0.289807217954831
RANGRF	0.289763433021484
TTC9B	0.289671081427455
PSD2	0.289306102571792
SCN4B	0.28899440056944
TPSD1	0.288879211133668
EPC2	0.288814571562171
CALM2	0.288723740789076
FAM83D	0.288409974622289
LAMTOR1	0.288103152825902
RHOG	0.288023321184577
RFK	0.287917106335336
ZSWIM7	0.287838682908555
RGPD1	0.287705520337009
RFESD	0.287583168944209
MELK	0.287512058741986
GOLGA5	0.287465499438829
EREG	0.287436983783126
TRIM34	0.28736656407526
COLEC10	0.287253136435339
KCNA5	0.287176591542949
HMGB1P19	0.286705429675354
CGREF1	0.286566612063182
C1orf56	0.286526906909067
TELO2	0.28651297168548
BPIFA1	0.286354262501591
HPS4	0.286300089492372
TSPAN3	0.286296109820188
RTCB	0.286193026773124
COMMD6	0.28603329601772
ADGRL3	0.285665055786478
RPA2	0.285482952679206
NEDD8-MDP1	0.284966250845141
SYCE3	0.284791975356745
COL4A6	0.2847385821469
DENND6B	0.284728507843029
AGGF1	0.284654602993995
PCDH11Y	0.284192561656719
AGTRAP	0.2841494241351
MMEL1	0.284043239506821
ANGEL1	0.283916763072734
INHA	0.28371396073445
MTHFR	0.283672529472305
KCNIP3	0.283611275550889
YWHAEP7	0.283472438179911
FAM47E	0.283318882307358
GOLGA1	0.283159998187861
DIP2B	0.283132821420028
TMEM59L	0.282983618002408
NASPP1	0.282957714324675
RAB1A	0.282941086102105
RPLP1	0.282772968618596
LSM11	0.282401485627269
TRMT1L	0.281682475086783
FAM117A	0.281563477920085
AATF	0.281010226103501
RRP12	0.280922191349227
ZKSCAN4	0.280856671093007
VCY	0.280497776910341
WWTR1	0.280094373034556
RNASEH2B	0.279996781960921
GREM1	0.279909961874738
EPM2AIP1	0.279853832686793
TSSC2	0.279834215228708
TPTE2P1	0.279786536965273
FOXD4	0.27963488442696
NEK10	0.279497889101232
EPN1	0.27938595364536
GAL	0.279134766014204
PTPN22	0.279026930269322
SEMA3E	0.278872948211878
MKRN6P	0.278708290774312
CD3E	0.278403652699971
VPS26C	0.27828270861534
CCDC175	0.278128055838519
NPIPA5	0.277989935563106
ATXN7L3B	0.27783042463063
RPL9P7	0.277316037244935
SPOCK1	0.27703039761127
CSNK1G1	0.276834472928829
ZNF282	0.276812272999038
SLITRK4	0.276531944052596
CCR10	0.276360800792524
CATIP	0.276301223109414
RPS20P14	0.276251117876776
NPEPPSP1	0.276211971264215
TNIP2	0.276138337524221
ALG1L2	0.276003494410537
TMEM267	0.27582983815848
SLC25A23	0.275669553517737
CITED1	0.275660431523722
KLHL3	0.275580576821234
PPP2R5D	0.275407521084233
ALOX15B	0.27535945823094
TMEM72	0.275296884310633
BBS10	0.275209528837972
SHROOM4	0.275201509882707
FBXO30	0.275165367788838
HMGN1P37	0.275023435677128
SPG7	0.274997072962548
NAIPP4	0.274650403745858
PRICKLE3	0.274632667104478
RBPJL	0.274627550921606
DSG2	0.274512362598232
LDAF1	0.274474238037161
NTNG1	0.274322267882577
UBE2QL1	0.274087552508922
EFCAB8	0.273991087418003
ALDH5A1	0.2739693963485
RRM1	0.273832968677944
UFC1	0.273777872100907
CALCOCO2	0.273377509464714
FBLIM1	0.273351197231813
EIF4BP7	0.273336034309848
RAB25	0.273324234857033
SLC9A1	0.273303739359422
GARS1	0.273188661561424
ZNF76	0.272992328006254
SEC22C	0.272897315737854
LIPH	0.2725679246737
STK38	0.272451590180847
PPP1R27	0.272047818869903
EBPL	0.271510308680836
ABI3BP	0.271120704860599
TARS3	0.271105231058015
GAN	0.270891699811956
KMT2D	0.27072890013332
YES1	0.270677579680053
ZNF397	0.270661238769054
GBP1	0.270657471566463
ROCK1	0.270628983225657
TCEA2	0.270273679913292
EIF1AY	0.27015985700705
BCL2L14	0.270146235057681
CNTROB	0.27001499236908
HMGA1P8	0.2699576474212
RPSAP47	0.26994281536587
BLVRA	0.269926958790363
C11orf16	0.2698822134387
DENND5B	0.269825070644074
RHOA	0.269622147642048
PHLPP1	0.269557099360046
TCEAL8	0.269362858993893
IFIT3	0.269122332332259
GNAZ	0.268891221814721
GRIK1	0.268816912735427
IL13RA1	0.268581124950186
GRPR	0.268516456810295
BCKDHB	0.26830702596894
CMC1	0.268195538669342
EMC3-AS1	0.268184655852574
DNAAF1	0.268122639491305
ZDHHC24	0.267989378419307
MRPS21	0.267607261206061
HDHD5	0.267531891000714
LEF1	0.266796915342114
HSP90B1	0.266773626522863
KIF5B	0.266652918135129
KBTBD3	0.266371596229149
DYNLT1	0.26614202557019
SCD	0.266072461743732
RPL15P3	0.266013566948064
CYP4B1	0.265984142307922
ANKRD50	0.265826399274732
HNRNPA3P6	0.265761365155999
NEK5	0.265734126483478
ASPRV1	0.265714159215591
H3C12	0.265603784446325
ZDHHC18	0.265235824066681
RPL6P19	0.265194964797606
ATP9A	0.264995966505936
TUNAR	0.264892208877421
MRPS9	0.264886536032685
TPMT	0.264775916891513
GALC	0.264767927690861
ASAP1	0.264419117615617
PLA2G6	0.264158674899129
CRLS1	0.264073563348752
FAM171A2	0.264019132915954
HRH4	0.263968295552675
IGSF3	0.263918252040771
EIF4A2	0.263882544147411
KANSL1	0.26384551579298
URB2	0.263808435998577
NCOR1	0.263649308402073
SLC34A3	0.263369044616555
TUBB8	0.263271230969259
TMEM33	0.262980308420415
TOM1L2	0.262918921994263
SDF4	0.262849535813467
PFN1P1	0.262848834072713
FGF9	0.262642504534017
TMEM41B	0.262168392450142
NAT2	0.262154809133752
ENPP7P11	0.261689398488994
RILPL2	0.261502820033783
TMCO3	0.261413115843273
DMTF1	0.261398276438613
DPY30	0.261355282071469
SH3GL1	0.261306794193953
SLC26A5	0.26123179069749
PPEF2	0.260952469151369
USP17L6P	0.260913463561123
JMJD7	0.260827261749806
ILKAP	0.260564595328725
CDCA2	0.260441286358143
MYOZ1	0.260167117167629
ZNF329	0.259944609641909
TEKT3	0.259678943728265
FTLP13	0.259572281267977
SPDYA	0.259443265876152
VCAN	0.259349555949578
SRPRB	0.25916034582085
TMC2	0.25914255657358
TRAPPC5	0.258757073565214
DEAF1	0.25860119060604
SNTG2	0.258499895457612
NOL10	0.258057431772747
CCDC163	0.2580386141657
TARS2	0.257753315260211
RNF133	0.25752420553397
OR14A16	0.257345424136757
QTRT2	0.25718259398341
ZCCHC17	0.257140452992469
DNM1	0.257080634762846
TCIRG1	0.256964052222528
LTB4R	0.256412502091159
MROH3P	0.256379108670195
PHB1P4	0.256324283956384
RPL32P18	0.256059312976165
RPS26P47	0.256036194155981
ING4	0.255948166504531
ATG5	0.255774986716358
CTSC	0.255734957517243
ZC3H11A	0.255675626811733
MED8	0.255567305081663
UCN	0.255410961492266
SPRYD3	0.254895557307522
C6orf52	0.254733837126137
INMT	0.254633387163092
VWCE	0.254454636897682
RTP3	0.254327382194198
FAM167B	0.25426597867102
ZBTB39	0.254150920090796
PMVK	0.254038806018128
TTC8	0.253926263795665
SLC6A12	0.253792778153044
VN1R83P	0.253781994117667
NPIPA7	0.253570379862589
SNRPA1P2	0.253062528647324
RPL7P47	0.253041042391763
ITPRIP	0.252947329673292
CLTCL1	0.252946963964286
FAM209A	0.252718030282236
ISCA1	0.252263340058431
MORN5	0.252117594299175
BCLAF1P2	0.251562583427043
HECW1	0.251346388316325
MFRP	0.251317713108283
NBPF4	0.251080323507768
SCYL3	0.250946514422449
PARP2	0.250836824914301
GPRIN2	0.250819058544122
SIK1	0.250605343178621
WBP1LP2	0.250183474318416
TMEM68	0.25002317783082
DNAI7	0.249958179539848
CDCP1	0.249919905591765
GJC3	0.249867947306052
ZSCAN29	0.249696854869148
SFXN1	0.249563822834095
SDR9C7	0.249514630931752
P4HB	0.249203079558052
DAND5	0.249188311750159
UNC50	0.249117707745877
MLYCD	0.248890041470794
SDR42E2	0.248859758219609
RPL7P23	0.248151307563321
SELENOOLP	0.247739615184165
SNRNP40	0.2476963405416
ALB	0.247349204991899
SMG1P6	0.246887815598698
RTN2	0.246218334352924
DYNC2LI1	0.24621431242808
GCLM	0.246060015365212
ABCG4	0.245948720081695
MRPS11	0.24591623648926
MYLK2	0.245795415117939
BMP4	0.245005857954495
CCDC12	0.24489540929835
MUC20P1	0.244734299219903
EPM2A	0.244653156054714
AGAP6	0.244597184557374
ECM1	0.244464287111025
FUT11	0.244132663071083
GYPC	0.243740738243706
EEF1A1P8	0.2436622881432
GOLGA8K	0.243446133686375
ARL6IP5	0.243381013726087
CAPN3	0.243380771863896
SDS	0.243304300874487
UPF3AP3	0.242939385533892
POLR1HASP	0.242920748087764
PTPN20	0.242375113605118
CKM	0.242309485821376
CFAP251	0.241888000948706
NTAQ1	0.241840485083481
CCNI	0.24171390840313
TADA2A	0.241591790504477
MFAP5	0.241564889436065
SAXO2	0.241371545427673
PYY	0.241268932095771
KLK12	0.241126535978236
B4GALT3	0.241077984235456
CBLL1	0.241072795756812
CCNYL1	0.241072606649311
TP53INP1	0.240873713534591
CLIP4	0.240757659012894
TYW1B	0.240236087876024
GXYLT1P3	0.240084113883037
RPL21P98	0.239641109954137
MAGT1	0.239325340662048
GPRC6A	0.239145820654828
CHI3L2	0.239087004679644
RSL1D1	0.239070860830768
RPS26P58	0.23898205692477
SLC28A1	0.238909152222516
TMEM170B	0.238805944007428
PNPLA3	0.2384343246143
FAM24B	0.238430160920041
C1QTNF4	0.238401405048061
FANCF	0.238288748836355
ZNRF2P2	0.238227559337121
H2AC8	0.237887852459384
HGFAC	0.237592546915454
LIM2	0.237532380826171
CAMSAP3	0.23738589685435
NR2E3	0.237297283022251
IMMP2L	0.237264519231563
NFXL1	0.237231174400008
ST7L	0.237119099626636
SMTNL2	0.237108792089219
KIAA0825	0.236882704959609
FAM135B	0.236684375453427
STAU2	0.236666663105424
OR2A1	0.236458633893637
PAGE2B	0.236329362527629
FAM91A3P	0.236044524290442
TEX30	0.235671580340409
TAF6	0.235517020358553
URGCP-MRPS24	0.235171969293322
YWHAZP3	0.235135313379642
RAMP1	0.235124061876062
MROH1	0.235089490557659
AK8	0.234776751099841
CSTPP1	0.234718035572541
SPDYE21	0.234709225271536
MYOCD	0.234544125466059
ARMC12	0.234001915586439
SMIM27	0.233832114293675
GTF2H2C	0.233777165772847
SPATA32	0.233635576101163
ZNF462	0.233537660943001
MEIG1	0.233513114652151
INO80E	0.233174911126734
IQCE	0.232976395118141
ANXA7	0.232870437803357
KCNAB3	0.232841529774647
STX17	0.23275983124629
RAP2A	0.23255656674648
LRRC58	0.232415294193162
PPBP	0.232390540047143
IRS3P	0.232293337113207
TRAK1	0.232288259974345
LMO1	0.232114980580577
PKNOX2	0.232101630773263
PPP2R5CP	0.232003890809612
RAB28	0.231926046558045
SPATA2	0.231873399074366
SMN2	0.231800091224758
TACSTD2	0.231797123063808
DCT	0.231348390835225
ZMIZ2	0.231343541633775
FSCN3	0.231319355468265
RECQL4	0.231309331959937
ENTPD7	0.231238420908097
WHAMMP1	0.231126356162246
CD52	0.231060039183285
UBE2V1	0.230979882876532
ASF1A	0.230910556260324
COASY	0.230804420612358
TUBG1P	0.230765148665939
VAMP1	0.230642100330962
KIAA0040	0.230573606752454
PDCD11	0.230434043714435
BAG6	0.230267180525934
TMEM121B	0.229530769081923
STAT4	0.229088591740449
TOE1	0.229041119681751
SIAE	0.228980274771508
EIF3LP2	0.228936456661168
CDR2L	0.228874260381814
PTPRCAP	0.228714371784964
GOLGB1	0.228589389751197
TMEM191A	0.228303783519211
CALHM5	0.22821806404828
CLC	0.228099502296579
RAB4A	0.22785022853857
PRTFDC1	0.227796842915398
KIF4B	0.227772794255487
RPL10P16	0.227693543628616
RPL23AP74	0.227466795182174
KCTD13	0.227247560587882
BLTP3B	0.227150609008493
COQ8B	0.226699977026621
ZNF276	0.226627482316462
DPH5	0.226504409614401
SFTPA2	0.226076512613142
ATG9A	0.22601153630639
FRMD6	0.225825531577489
CUL4B	0.22582520155099
RUSC2	0.225616840403274
TAF8	0.225613418601363
CNPY4	0.225445726213202
PRKAB1	0.225280833524072
ADORA3	0.225260695082294
SDHAF3	0.225049241714565
ZNF22	0.224769844378029
SRGN	0.224769716867805
PRSS43P	0.224743537481139
COPS3	0.224441702972958
EMBP1	0.224426790676747
STRBP	0.224142998083584
KRT8P36	0.224018032817236
C2CD3	0.223944761273391
TNPO3	0.223928441578045
VCPKMT	0.223925008496741
CCDC106	0.223569860441502
RPL23AP53	0.223286613337923
ABCC6	0.22325357760296
M6PR	0.222715928517993
COL23A1	0.222603134974067
IRX6	0.222465781303611
FOXP3	0.222062257013166
BRDT	0.22182169207495
CLDND2	0.221789071111468
PEG3	0.22175870660608
TNFAIP8L2	0.221216416007569
HSP90AB3P	0.220669199402028
UBE2SP1	0.220546083950497
TRIP6	0.22033681834202
USP17L11	0.22012690567979
DDX23	0.220029102608889
RAD51B	0.219973272557864
PSME4	0.219811331158757
LAPTM4A	0.219765748180706
UNC119	0.21952004591844
TEX35	0.219415259163617
TUBE1	0.21920955850753
ZBTB9	0.219191313811888
SIGLEC10	0.219137688904085
B3GAT1	0.219085523729653
TMEM43	0.219042489894471
MED10	0.219042082350656
ABHD5	0.218726829748346
SMARCA1	0.218660092557131
CCDC93	0.218600587076885
PCDHGB7	0.218522639349114
ATF7IP	0.217925930768361
NDUFA12	0.217749680049105
VWA5A	0.217731179422224
RPS6KA1	0.217096337243782
SGSM1	0.216999784133444
METTL13	0.216938809914348
KPNA7	0.216875191621333
IL32	0.216522793617975
TLCD2	0.216520531311135
ZNF496	0.216512232984223
HAP1	0.216459493564195
SRA1	0.216402596833758
USP6NL	0.216131660219186
PRIM1	0.216108578346694
RANP4	0.215940631687777
PSMC1P1	0.215804548336763
TMEM213	0.215770654273787
SAYSD1	0.215364697316239
PIGCP1	0.215288886643095
SSTR5	0.215147680220898
MBTPS1	0.215125250399828
ZSCAN31	0.21512398691791
SLC11A1	0.21507413869669
RALGAPA1P1	0.21484650571506
CENPE	0.21421826219697
GBF1	0.213092309993614
RPL12P25	0.212933983149914
PPP4R3A	0.212929538326912
MORN2	0.212665568565378
C2orf66	0.21235540758186
DPP6	0.212218122323391
RTL6	0.212105952892853
SYPL1P2	0.212027784417203
SLC26A11	0.211566392372395
EEF1A1P24	0.211550682355488
SRGAP1	0.211508796230483
ATP5MC2	0.211345455553238
RBX1P2	0.211287210149261
LRP2BP	0.211267534702446
CENPVL1	0.211109076964356
TMEM168	0.211042880610326
NAPRT	0.210365298580725
XG	0.210349701148871
CENPA	0.210101312759805
RBM5	0.209943109754001
SLC26A8	0.20989786495847
HNRNPA1P27	0.209572106058934
IQCF3	0.209259968091842
ZNF320	0.208880416904842
MMRN1	0.208804847322328
PARVA	0.208477096079401
CPSF1	0.208466237303918
ATP1A4	0.208400512299217
WDSUB1	0.208201891777606
TMEM19	0.20798023969839
DLEU7	0.207923854937291
GAB4	0.207472373022211
ZP1	0.207449351929032
DMAC2	0.207405020033651
TAS1R1	0.207314465062864
KCNRG	0.207193923864037
CNTN1	0.207177578196869
RNF121	0.206776324246085
KLHL15	0.206771664022135
ZNF197	0.206697408850903
MANBAL	0.206677802971219
OR5H6	0.206326008954349
FOXM1	0.206279158220645
RPLP0P6	0.206072637160463
PSMD1	0.206069029908778
RPLP0	0.20573591636989
SLC35B2	0.205563679963881
FAR2	0.205413835068157
PIGV	0.205360038038248
GSK3B	0.20535334484433
CTBP2P10	0.205077202389737
ANKMY1	0.204907754000999
RAB3A	0.204865447263655
FAM200C	0.204575130502138
MCU	0.204539177561604
DGUOK	0.20447768730798
CHRNA10	0.204282802379276
G2E3	0.204205975278459
HNRNPA1L2	0.203865862756699
UNC13D	0.20377427418988
FH	0.20331065340062
C1orf210	0.203275493693421
PFKFB1	0.202971325038273
PRKCSH	0.20275939335843
MEF2D	0.202752175308034
CD83	0.202707788180883
CD47	0.202549595763786
RPS2P5	0.20244178865216
BTD	0.202319405126488
STAR	0.202181784334069
MRPS31	0.201702453688887
LIMD2	0.201596786332413
TVP23C	0.201452962268365
SLC20A1	0.201338446045156
AGPS	0.201282786984465
PSTPIP2	0.201162372570266
HSP90B2P	0.200916767202341
SLC43A1	0.2008927867367
SYNGAP1	0.200742454823247
MIEF2	0.200488949056753
TMEM231P1	0.200406920284237
GPS1	0.200397295247579
ZSWIM5	0.200363702753435
TM2D3	0.200118014948831
ADIPOR1	0.200064778060396
MED16	0.199874585782237
TBC1D3B	0.199630286613406
OR5H5P	0.199377944583762
ANKRD20A4P	0.199345625695212
ULK3	0.199323836461134
LCORL	0.19924896624144
OR7E156P	0.198903572887201
ZNF697	0.19881344690931
SPOCD1	0.198740690588174
ADGRB2	0.198545828321003
UBQLNL	0.198477395928835
PNN	0.198405911928666
WDR37	0.198295368818836
RPSAP12	0.19814602391489
SETX	0.198006873856786
CCDC13	0.197756613667416
TH	0.197231968948974
PLAC9	0.197004158600208
GARIN5B	0.196971165848038
XRCC6	0.196863772409338
HTRA2	0.196561915986273
FOXK2	0.196516575895662
SLC10A7	0.196402882686863
LIPJ	0.196338951735814
C1QTNF3-AMACR	0.196245950314486
CALM2P2	0.196123715331016
LRRC46	0.195848413941969
C2orf92	0.195768278104001
THAP7	0.195499109303907
ZNF558	0.195356904767768
DCDC2	0.195263886965585
INTS8	0.195179169361057
M1AP	0.195144803082869
GALP	0.195106844742657
HBQ1	0.195055152477292
PPP2R5A	0.194910374021457
CATSPERB	0.194773018675514
CLIC1	0.19447883710782
WBP1L	0.193842686198335
MRPL10	0.193812450574611
METTL24	0.193767124078545
CNOT10	0.193758587621365
H2AC14	0.193667583073524
LASP1	0.193629223707317
SEPTIN10	0.193591254141625
ZNF660	0.193483091122786
PLGRKT	0.193172838437207
HCST	0.193129511623264
DCST2	0.193038643633026
TMEM115	0.192812553914302
PMS2P3	0.192801067110569
ZNF423	0.192647804793264
APBA1	0.192103083236205
MRTFA	0.192070632449047
JAKMIP3	0.191841855020041
RPL35	0.191634473478159
IWS1	0.191600505300343
PPP1R7	0.191521614161351
TMEM218	0.191423547243438
B3GNTL1	0.191249666279367
RAB11B	0.190743850764148
TMTC4	0.190504619998057
CPT2	0.190283805757268
CEP55	0.190187616082749
USP45	0.19011503261268
TARBP2	0.190044133790402
DDX54	0.189630194879577
IGFL3	0.189564443856704
GTF2IRD1	0.189537600093001
RCC1L	0.189493164446662
FSTL1	0.189472228988649
MYDGF	0.189124414422981
HMGB3P22	0.189021503771371
ABCG1	0.188927771293767
SYNRG	0.188868200917855
PIERCE1	0.18882445913159
ANKS3	0.188743533412278
PTPRVP	0.188725381560196
ERCC3	0.188573237086498
RPS18P5	0.188155015176105
H2AB3	0.188139963738477
TMX1	0.188061691083915
WAS	0.187948109320668
PSMD11	0.187909939190595
DGCR2	0.187665485432922
HCAR1	0.187447761651926
MBD1	0.18738676456097
TRPV1	0.187361349346947
HMGB1P10	0.187169178117009
NOD1	0.187158227083979
RGL3	0.186921787390511
FOXF2	0.186903341828227
KLF18	0.186897905852213
ALX3	0.186733250066513
XRCC1	0.186667554595071
KCTD20	0.186536506183197
RTL8C	0.186394927390393
BIRC3	0.186330516631869
PYGO2	0.186209693815523
TMSB15B	0.186131731683165
ENPP1	0.186031234440715
TSNAXIP1	0.185810185948184
ZIM2	0.185589789378366
CHRNA5	0.185473592263525
NHERF4	0.185422374551247
FBXO5	0.185335721639363
MYL12BP1	0.185001900155092
PRSS36	0.184972186362235
TNRC6C	0.184909327322804
OGDH	0.18479553968901
CNOT4	0.184753888551181
PLSCR2	0.184675971242488
BORCS8-MEF2B	0.18451358229493
ODAD1	0.184251578518532
HACD1	0.184237617953959
FAM238C	0.183980652351918
PKDREJ	0.183892860277936
HERC2P10	0.18380631117517
LIPT1	0.183750012763439
CCDC28A	0.18365751456188
EVPLL	0.183437160091837
NAA10	0.183276556858819
SPATS2L	0.183253453034421
SMIM11	0.183134170675367
PTGDS	0.183026198838055
PRCC	0.183014474204791
KRT18P59	0.18254386748955
G3BP1P1	0.182533693786976
FAM110D	0.182486562346039
GIN1	0.182313750148077
SLC39A11	0.182026688577355
SCAMP2	0.181843283722931
ZNF609	0.181593476059818
TRERF1	0.181377511042591
BTNL8	0.181313785429944
RAB5IF	0.181241981159582
RAB4B-EGLN2	0.181196562501458
KIF2C	0.181149678054318
GMFB	0.18110825284013
MFSD3	0.181098702224418
RSPH6A	0.180996538677525
FUT4	0.180981491630675
TMEM225B	0.180945047458651
HSPD1P1	0.180933696346163
ACAA2	0.180855377797054
HMBOX1	0.180810772462664
SNX21	0.180451577952166
TTC36	0.180395534880004
AKT2	0.180288149750018
CACYBPP2	0.180104112090258
FANCI	0.17962784428688
AARS1	0.179241794550848
PDCD5	0.179033086774228
NUTM2B	0.178057729321607
RPL12P42	0.177957934066228
KCNMB2	0.177859598024884
ADAM12	0.177846556621634
H3C14	0.177569695577453
MBD4	0.177547476885542
FXYD5	0.177532922710555
FNBP1P1	0.177510118089035
TMCC1	0.177457283294987
CRISPLD1	0.177369083527879
NANOGNB	0.177002173050586
GDI1	0.176969013434757
RNF169	0.176522253942605
C11orf65	0.176498845879103
ZNF322P1	0.176181790736796
FAM234A	0.176174789045475
LARS1	0.176105764435609
AAMDC	0.176008994494956
ZNF593OS	0.175943075742689
SV2C	0.175809503427763
GTF2H2B	0.175679358276456
WARS1	0.175393986667646
ZNF676	0.175268499019602
FAN1	0.175079451999808
ABCA4	0.175060833436384
MEIS2	0.174838961771519
CDC42BPA	0.174474496347965
GLRX5	0.174446838831245
RGMB	0.174334035717031
POLDIP3	0.174221168763708
OAZ2	0.174109122037077
NKX6-1	0.173923202380505
TFIP11	0.173847897114485
FHIT	0.173542739834157
AGPAT5	0.172907493174026
SLC27A2	0.172840358048472
GUSBP17	0.172743597102898
DCAF13P1	0.172694480205416
C1R	0.172648711070512
H2BC6	0.172326616744629
GDPD3	0.172269032787235
TRIM60P14	0.172094752058831
PRDX4	0.171982310050047
ZC3H14	0.171969411638311
KHK	0.171903088907419
YWHAB	0.171760297433862
MRFAP1P1	0.171666885564071
ROCK1P1	0.171573498090638
MYOZ3	0.171570228786802
EEF1DP2	0.171377719738016
HTATIP2	0.171327284191661
RNASEH2C	0.171141490560612
PRAP1	0.170998740452769
PNKD	0.170961821599594
ESR2	0.170895032281996
TUBGCP6	0.170803441688653
GOLGA6D	0.170160256319539
HMGCR	0.170109624547346
ADRA2C	0.170062195458595
HBG2	0.169984047611876
PLEKHA6	0.169906844357933
PURG	0.169386926633255
TMEM131	0.169236559233716
CCDC187	0.169162402867307
PRPF31	0.169055775845031
ARHGEF6	0.168878798051984
CBS	0.168815765015602
GBGT1	0.168795114828678
SERPINB7	0.168737313348277
DPM3	0.168628949120978
HSPB1P2	0.168537016322749
CACNG6	0.16849899101276
FKBP2	0.168492729785953
BRD7P2	0.168436946306571
GC	0.168294158561844
EBF4	0.168237513757021
RPS7P10	0.16821135861666
CACNG5	0.168083143415006
HERC2P8	0.168082709282247
TRIM65	0.168022873233825
GOLGA6FP	0.167909545693391
DAP3	0.16787527107937
ACACA	0.167824757798529
VSIG1	0.167803745146298
HMSD	0.167716923370417
CRHBP	0.167598676471226
SMIM43	0.167592655096269
TOGARAM1	0.167474539413391
LYN	0.167458689373154
TRIM80P	0.167457509560532
TMEM51	0.167425745305495
RPIA	0.167312551288157
AREL1	0.167123143328675
SELENON	0.166952662040199
RBSN	0.166816928047843
POLR2L	0.166700714364028
ZFC3H1	0.166593060411739
C22orf23	0.1660728801403
MACIR	0.166007511729153
NWD2	0.165839535993797
PDXP	0.165732228394582
BORCS5	0.165700430452094
COQ3	0.165408286500234
RBM26	0.164879415494878
SPINT1	0.164865588922865
AIRE	0.164854691248134
NTAN1	0.164852091869527
RAD9A	0.164799998319697
BANP	0.164732389880272
LYZ	0.164725335753865
SH2D2A	0.164724368118036
PSMA8	0.164635171618351
H4C11	0.164393049437532
SELENOT	0.164368869140461
H4C15	0.164249004870019
EPHA7	0.164237072180204
PRSS53	0.164122901138136
FBXO16	0.163852046092486
SMARCD1	0.16376176897593
RFFL	0.163493102241997
ZNF324B	0.16309025585849
PAPOLG	0.162729462710134
UBE2C	0.162578894883905
TTLL11	0.162569024561643
GNL2	0.162532090040526
GSTA2	0.162383945956583
ACP2	0.162212744374686
CNDP2	0.161847888944622
ASB3	0.161625920434582
NFATC3	0.161493890539387
DNAJC19	0.16141372239361
CEP120	0.161382558771369
SINHCAFP2	0.161090440006462
ZBTB14	0.160889902571567
UTY	0.160850367984755
PRPF38B	0.160764347549904
TPRX1	0.160444243966294
SLC26A7	0.159975421141039
TTLL3	0.159871819454181
SYT3	0.159808972053202
PKD2	0.159778086144138
RNF212B	0.15949159882445
BCL6B	0.159414633895821
FAM171A1	0.159389112529267
SGMS1	0.159256109228492
ABCA13	0.159208597066698
FSIP1	0.15915058764121
TBPL1	0.159094055298131
STBD1	0.158997208445552
HSBP1L1	0.158571806492601
IDH2	0.158515172221884
TMEM234	0.158459694752239
ZRANB1	0.158240309714605
PRMT7	0.158161446621739
MRPS31P2	0.158139926546528
MSMP	0.158074241535178
MRM3	0.157991900132393
COA5	0.157504836707715
RTN4	0.157430164347681
CRTAC1	0.157200830391107
RPL12	0.157072684132319
ARGLU1	0.156951065409998
ATXN7L3	0.156704936239846
CASP8	0.156645106366276
MRPL54	0.156496387518766
ARL4AP2	0.156491688547176
TARDBP	0.156375085985927
FOXQ1	0.156317750027559
DELE1	0.156116763252325
TTC39B	0.156088140757542
CHMP4A	0.156059382275525
NUS1P2	0.155568854691282
LYSMD4	0.155381865299736
ALDH8A1	0.154857566303366
PHB1	0.154853371676491
FLT3LG	0.154808828562914
TLCD4-RWDD3	0.154716266943958
PCDHGB6	0.154640261879395
CLCN1	0.154635880873989
TMEM52	0.153828971530105
COL7A1	0.153457183819314
SESN1	0.153204970836586
UBA3	0.153185529451323
TUBGCP3	0.152682640975738
PELO	0.152274599549536
DRAM2	0.15203198532084
IFI27L1	0.151802826392603
GOLM1	0.151766415602508
PCDHGA5	0.151748152352452
NUSAP1	0.151559586452462
ZNF594	0.151461874917884
ROMO1	0.151450234559631
SLC52A2	0.151323583531908
IL17RD	0.151147368670951
PET100	0.151049937185171
TMEM268	0.151042525616941
RPSAP41	0.150954684620191
LRCH4	0.150823988553627
PPAN	0.150701340074952
ADIPOR2	0.150617064938694
ENTPD5	0.150590259027458
CPSF7	0.150003722374336
TFAP4	0.149923603687539
MSL2	0.149668076236975
APH1B	0.149654559233326
ARL4C	0.149575528207859
ADORA2A	0.149489481742977
IRF4	0.149424618263259
NLRP3	0.149363109040996
CALHM6	0.149017956551861
CABCOCO1	0.148974177312523
CIT	0.148737445351283
SLCO6A1	0.148694720873494
OSGIN1	0.148451902211627
RASGRP1	0.148061456938051
NMRAL1	0.14800048796853
RPS26P3	0.147994896635149
EIF2B4	0.147827848505828
SF3B1	0.147797343691863
TMEM132B	0.14764540781349
HMGB1P1	0.147425669981913
IGSF11	0.147419771282615
RBP7	0.147043433320105
ALKBH6	0.147027707558499
RNASEK-C17orf49	0.146965320860831
FUOM	0.146904901206826
ABCA10	0.146872883591801
RNF148	0.146673547575809
FAHD2B	0.146632481791343
CABLES2	0.14653381564468
NDUFB11	0.146413597904578
ATP5MF	0.146279087529609
IMPDH1P8	0.146260364533109
H2BC12L	0.14614113813065
TNNI2	0.145982734715052
OSCP1	0.14596231659299
ZNF777	0.145959924694678
EHF	0.145822282117536
PALLD	0.145724882522723
IMPDH1P5	0.145467064650667
ITIH5	0.145380795027146
ANKRD20A3P	0.145248729042911
RPS4Y1	0.145147328820079
INTU	0.14506955018341
OR5H8	0.144925916965243
NOG	0.144875665860043
TM7SF2	0.144832536819475
CCNB1IP1	0.144740365163676
ZNF428	0.144705254804636
ARID3BP1	0.144509836891522
TPH1	0.144337014494605
ESYT1	0.144281502320769
OR52N4	0.144084090516542
ATE1OSP	0.144068416071842
AEN	0.143985603182578
KCMF1	0.143956838921116
GUSBP13	0.14373696541469
ZNF773	0.143677533539248
MRPL45	0.143631607642235
CSPG4BP	0.14356386362803
TNR	0.143498858065116
COMMD1	0.143379709032791
CHODL	0.14335102882857
CCDC144NL	0.143155883119577
NIT1	0.14308844336104
GRAMD2A	0.143039108786711
ABTB1	0.142927427469691
BFSP1	0.142852555047338
PMS2P9	0.142753964579362
COQ6	0.142732881656989
PSMA1	0.142304597264818
ACSM6	0.142228723231422
LRRC71	0.142215938289809
C4orf46P2	0.142116612251492
HNRNPA1P26	0.141765460092594
DNASE1	0.14173571861534
FZR1	0.141707903933936
PPM1L	0.141667981919971
DEPP1	0.141639088701406
ENO4	0.141622402829588
LRRC20	0.141317957945831
TFCP2	0.141219628641834
WHR1	0.14114524184014
SCAF4	0.141019237744674
UFSP1	0.140897744362095
EFL1	0.140786897301995
ANGPTL7	0.140565050251773
NOP56	0.140318169313308
CD200R1	0.140184878583751
RPL22L1	0.140100353609691
TOR1AIP1	0.139458994306812
H2BC11	0.139293359257566
BAG3	0.138740419837143
SLC2A3P2	0.138666532996431
THSD4	0.138515829728178
SRSF12	0.138318885892751
USP27X	0.138153977722989
NUTM2F	0.138153629272178
PCDHGA1	0.138121874402474
STK3	0.137998622154335
NUTM2D	0.137959601649318
UBAP2L	0.137917076291039
LGALS1	0.137902293125849
CEP290	0.13787533084837
KPNB1	0.137799911516231
DEPDC1	0.137736793534958
PLCG1	0.137502220246255
PRSS16	0.137371134207098
SOX3	0.137227558594203
OVOL2	0.136885466001755
HINT1	0.136705844477457
PSMD3	0.136467075498416
DBF4B	0.136260791089108
WDR83OS	0.136219285143218
FER1L6	0.13615519542086
ANTXR1	0.135995161112569
SPATA21	0.135826405631629
SHLD2	0.135701684674694
DPAGT1	0.135679545584381
MTND4P9	0.135566936751264
DMC1	0.135565469640804
PCSK1N	0.135512683124478
PPAN-P2RY11	0.135479922391868
TBX19	0.135449044521386
CYP3A43	0.135396619537237
ORM1	0.135335296770904
MRM2	0.134881660677142
SIRT5	0.134788938362705
ZNF787	0.134734112403959
ZNF98	0.134700206024191
GDAP2	0.134317803028852
DIPK1C	0.134300706353809
ABCF2	0.134270223979042
CCDC102B	0.134146680535106
TATDN2	0.133807692203977
CDK5RAP3	0.133647310054137
HAUS5	0.133382527387406
ZFP91P1	0.13335561283291
HNRNPA1P50	0.133285124815407
LRRC37A7P	0.133267548772227
RPL12P16	0.13320180698811
CCR4	0.132767131209951
KMT2B	0.132618501193271
PIM3	0.132593760538384
PLEKHM1P1	0.132398979438623
GFPT2	0.13238752942528
MFSD2B	0.132306160385822
PAG1	0.132093467136995
TEKT4	0.132054902284734
EMILIN3	0.131818502274585
FAXC	0.131404408993722
ASB13	0.131332871588437
TP53BP1	0.13116847399708
CADPS2	0.130996013811123
MKX	0.130875086296192
MED15	0.130498557816168
OSGIN2	0.130468370494739
FAM90A12	0.130224960585507
SUCO	0.130151741807472
OR10AG1	0.130062201948034
RRAGB	0.129910399414433
CFAP184	0.129590413879761
PSPH	0.129539109819763
NPY	0.129492522528865
ZC3H11B	0.129489321360583
POLH	0.129342231716483
PDGFRL	0.129126754970594
ZNF285CP	0.129117209468347
PNPLA2	0.129091313072983
PTPRG	0.128838028361671
TOP2A	0.128508380604592
LINC03042	0.128238424342094
DNAAF10	0.128158693134815
ARRDC2	0.128040649591695
ALOXE3	0.127979153652849
RPS3AP38	0.127953843267723
PILRB	0.127919035932209
MLH1	0.127808953057277
KRT18P5	0.127720989680447
NALF2	0.127581978504049
NDUFAF5	0.127469418541321
GULP1	0.127448414717237
GNAL	0.127447161699478
RGPD6	0.12741208588102
PLEKHA3	0.127381262695964
LMX1A	0.127316385628058
ANO4	0.12729112839388
CNN3	0.12685974232969
PLRG1	0.126732820440588
NPIPB7	0.126686759393907
TFPI2	0.126642380839651
CAMTA2	0.126428413469425
WDR81	0.12640727221347
PAX8	0.126339212647612
CNOT6L	0.126264196745161
CEP89	0.12614656465666
STIMATE	0.1257873008139
FAM124B	0.125783826088635
PRKAR1B	0.125764620292771
GRID1	0.125727026434119
EPOR	0.125633650740191
LRRCC1	0.125513976161248
RNASE9	0.125270593806227
CCDC191	0.125151108043562
KANK3	0.125037007573606
NDNF	0.125008351586932
HMGB1P31	0.124557009566752
PDE7B	0.124300909829657
TAB2	0.124101368663533
ELFN2	0.123785162364901
RPS4XP17	0.123778615967782
SLC2A5	0.123753486968353
CLNS1A	0.123645368471873
TNFAIP1	0.123593553992183
MAGEE2	0.123204167165634
ZNF232	0.12313998630369
SNX12	0.123074000136015
GHDC	0.122992895764861
TRPM2	0.122951992556809
FAM95B1	0.122689996212657
HCRTR2	0.122555802128515
TRIM47	0.122320434819949
RPL7P9	0.122295250463881
ZNF222	0.122248266676717
EXTL1	0.122130959304208
KLF7	0.121540284864091
ZNF707	0.121243845950916
LAGE3P1	0.121209291130562
OSR1	0.12108039670538
PTPRJ	0.12107135746587
CAPN15	0.121056786379982
MED27	0.120974169002089
SLC39A1	0.120965772127398
GPC4	0.12083153347157
SEPTIN7P2	0.120805058361967
DGKZ	0.120762963369788
RARRES2	0.12058494216733
RBM43	0.120574076112593
RAPGEF5	0.120525926545222
KCNK13	0.120410061010516
STK4	0.120308822384821
COL22A1	0.120132960896105
RPP30	0.12010901859893
SAMD4A	0.120015864374282
APEX2	0.119712058509158
DDX59	0.119709349108953
CTDNEP1P1	0.119650790084289
MAN1A2	0.119650145899875
SLAIN2	0.119162175573268
VPS18	0.119124217327665
CIROZ	0.119062249393096
SOX9	0.11889239946225
SNHG33	0.118682709997687
COG8	0.118578108307225
DDX12B	0.118435247875331
CALHM4	0.11841500849705
GTF2A2	0.118397707712774
OARD1	0.118095273339861
GMPR2	0.118053050385682
EMD	0.11785978016391
MLC1	0.117661653736571
NPM1P27	0.117456304125376
DEGS1	0.117449484027076
UCN2	0.117444390602865
ALG1L9P	0.11742534110692
NPIPB4	0.117231845842856
SKI	0.116941794101267
PSPN	0.11689702330504
COPS6	0.116887713580976
CLEC4D	0.116747411906334
MYCL	0.116509805726487
ALG10	0.116383909682576
IQSEC1	0.116315699688566
MGST2	0.116083075394834
SERINC1	0.11602616787544
SVIL	0.115662222298418
ANO1	0.115653822251226
TMEM186	0.115636402658467
EFCAB10	0.115589676881466
KIF4A	0.115499477283208
GPR35	0.115329270536902
PRDX3	0.114504695002574
P2RX5-TAX1BP3	0.114142759885207
NSMF	0.114098866754937
EIF4HP1	0.114041159259232
UQCRQ	0.114013903155248
SEH1L	0.11380572361623
FAM229B	0.11372199185733
CCDC88A	0.113308234281697
SCG3	0.113000728806646
H2BP1	0.112995236792598
ZMAT1	0.112928711632452
NUDC	0.112922798899854
PRSS21	0.112919568275508
SGTB	0.112898141163587
C5orf24	0.112818111510695
CCDC9B	0.112775426524409
TFCP2L1	0.112558016386957
SRSF6P2	0.1125493242047
LMNTD2	0.112511554613658
ISCU	0.112453773696113
ZFAND4	0.112396269561165
HNRNPA1P35	0.112258094986111
VWA2	0.112209998222471
RBM10	0.112193463711548
VTI1B	0.111982553086277
PTPRA	0.11187338744345
RPS2P32	0.111820914569175
TXLNGY	0.11174735314512
KHDC1	0.111591109534458
NUPR2P1	0.111361121342759
MICAL3	0.111319604960587
RHOB	0.111253145686226
CHD8	0.11107570844858
CCSER2	0.11106617061125
TCP10L	0.11070224251282
RCN1P1	0.110463946447206
STK16	0.110264179027794
TMEM150B	0.110205644913446
EDNRB	0.110091699647029
ATP6V0B	0.109846168801917
APOBR	0.109707736138935
RGS22	0.109521713558483
ECI1	0.109395240086509
GSK3A	0.109220340209887
KEL	0.109202547734243
CLVS1	0.109113873351753
SMG1P4	0.109085766807852
CYP2F2P	0.109055454237132
RPL13AP26	0.109033391603279
SF3A2	0.108997373072087
GNL3L	0.108980362830462
RPL10	0.108955845645659
LRTM2	0.108624468430049
GSTM5	0.108589628766821
RPS4X	0.108451726992183
CRB1	0.108399589548489
RPL31P34	0.108308970746677
KCNK12	0.108266703432723
NDUFS4	0.108249442959
MYBBP1A	0.107946299610207
PISD	0.107796065107798
SRP19	0.107571787690414
MTX1	0.107210581453785
BTBD19	0.106957461829499
KPNA2	0.106916717452967
TMEM61	0.106731168360966
ZBTB41	0.106705993439629
TXNDC2	0.10668440330591
RBX1	0.106441229146735
ENTREP1	0.106343331162989
TTC1	0.106334167058231
MCTS2	0.106159308408978
SFXN4	0.106032836693334
NFKBID	0.105965963164959
HMGCL	0.105921975626001
SERTM2	0.105856815310538
SCX	0.105738469966132
NR2C2	0.105588279540327
CLTB	0.105518612749566
COL6A6	0.105223288917715
NFKB1	0.105148538306769
PCYOX1	0.105134394485348
PYM1	0.105082848475513
SLC18B1	0.104895633109664
PEX6	0.104867447067515
RNF144B	0.104663675891852
EAF2	0.104323294437022
DDX19B	0.104245922679922
MED25	0.104243964848042
SERPINH1	0.104129171116147
DUS4L	0.104039802005309
SLC49A4	0.103961583818921
TARBP1	0.103842199298108
NRK	0.103775604407479
LRGUK	0.103710529392345
DCAF16	0.103643597074826
CPAMD8	0.103549898539375
CD53	0.103531508611527
HSPH1	0.103362875213916
NOP10	0.103198379039047
MRPS26	0.103141074983105
GXYLT1P4	0.103072006236805
CENPF	0.103044356040042
DAZL	0.102847035520046
RAP2B	0.10256798955208
COMMD8	0.102321493900019
KRT18P15	0.102156377501166
ATOH8	0.102089992224722
CXorf49	0.102071613978471
TAS2R10	0.102064213685571
HNRNPUL2	0.101987784641945
CNN2P1	0.101984387679013
PHKA2	0.101661333883396
SEMA4B	0.101555257141998
CFDP1	0.101499913262623
TXNDC17	0.101309844458287
ETFDH	0.101011646619502
GPSM2	0.100825847076814
RIPK3	0.100734137735489
MXRA7P1	0.100641168190297
PURB	0.100433134639732
RASA2	0.100404608238395
ABHD10	0.100281365853378
CDH19	0.100073068816088
SLC38A8	0.099925267180076
TEX26	0.0996788403031074
SRM	0.0994535379003285
CAMKK1	0.0994376349560878
KLHL8	0.0993653655765847
FDX2	0.0993381160903829
PRR18	0.0991634745659225
TXNDC11	0.0986124158084846
IFT27	0.0984134601842258
C11orf96	0.0983530263331804
ZNF704	0.0982526405949973
LRRC17	0.098136174219227
NDUFB6	0.098096594872576
RAD1P2	0.0977588012229848
FIGNL1	0.0976535392331268
PTPN1	0.0975138274882886
DLK2	0.0974580024910696
JRKL	0.0974410166336585
L3HYPDH	0.0973271308699485
ZBTB26	0.0971616646101005
LPA	0.0971233859974408
TTK	0.0969321081802798
MMP14	0.0968019581420748
CUL4A	0.0964208324737409
PNRC2P1	0.0962238574510376
ZNF449	0.0961831636003828
STAMBP	0.0960980328596269
NTPCR	0.0957439478777823
RPL5P34	0.0955665609753237
GOLGA6C	0.0953858112621593
MCRIP2P1	0.0952171687775629
CLEC20A	0.0950049458869455
KRBOX5	0.0949315874002502
LZIC	0.0948968244392706
KLHL31	0.0948742413022621
GTF2H5	0.0948530408791407
ILRUN	0.0946940222476747
LMBR1	0.0946835924141966
H1-2	0.0946303328014811
SRCAP	0.0945787510390832
ZNF286A	0.0945320642792595
GSTA1	0.0943908423536498
SVIP	0.0940079015030813
SDSL	0.0938164713523847
GTF2IP14	0.0936999890107839
ZNF404	0.0929534400977628
UPK3A	0.0927698024364142
MTARC2	0.0924906528605384
UHMK1	0.0924835440336793
CENPT	0.0924150993002074
PKD1P4	0.0921551385814116
ADAM10	0.0919921969179353
CREBL2	0.0919078220608413
RABEP2	0.0917665759744745
ZNF230	0.0914863045660301
CLN5	0.091370409966443
ARHGAP28	0.0911797380497741
GNAQP1	0.0907576302327136
GABBR2	0.0904660090358404
SLC4A5	0.0903201090269713
UBTFL6	0.0902833431319694
BIVM-ERCC5	0.0900796149640266
ACTR2	0.0900031728812245
HDHD2	0.0898683277521669
YKT6	0.0898517723554058
CNOT1	0.0896195316573983
PACC1	0.0893605401940327
LCE1E	0.0893014925384783
AP5S1	0.0892859780980347
MED13	0.0888325422157151
AOAH	0.0887124742060187
PJVK	0.0887069356414115
ITGBL1	0.0886545651620383
MTMR1	0.0885289967765938
HNRNPA3P5	0.0882953886264493
DNAJC25	0.0882867834332762
PCDH9	0.088240257749738
PRRG2	0.0879597712847885
WNK4	0.0879529655704529
USP17L15	0.0879074788206553
GLUD1P3	0.0875956180036788
NUB1	0.0875211572920234
MTNR1A	0.0872571062976542
LTBR	0.0872117554318497
ZNF460	0.0870771224347682
MYBPHL	0.0870725467614939
ANXA2	0.086832593825873
FTH1P20	0.0867732522753726
GTF3C6	0.0865457886837952
HECW2	0.08650882099129
GAPDHP35	0.0864303795751429
LIME1	0.0862979125131241
ARIH2OS	0.0862958159060137
H3P47	0.0862479239078245
MAP2K7	0.0862267857924974
SERF1A	0.0861099149437988
USF2	0.0859896466455865
BRCC3P1	0.0858591768978211
WNT8A	0.0855685491944811
GLULP6	0.0855281449489769
AARSD1	0.0853939965832217
ATP10A	0.0852265506873098
NOL6	0.0850801605921909
HOMER2	0.0848993390649316
H2AC6	0.0848022226127522
TXN	0.0847702221532349
KIAA1586	0.0847222695553875
ABCA12	0.0847137001347791
MAP3K6	0.0845147067734467
TTLL7	0.0844160873085406
ENPP7P4	0.0841475234992345
RIMBP2	0.084138126183377
ZNF235	0.0840785970599111
MYO15A	0.0836632116643899
SPIN2B	0.0835836569409621
TBC1D15	0.0835793978097242
SLX1A	0.0835191910080961
UBR2	0.0834428702672059
NET1	0.0834334463075422
ATP2C1	0.0834177817549237
HYCC1	0.083112978172575
DHRS7B	0.0830102793870906
ATG16L1	0.0829883665816468
SPANXA1	0.0829566075133425
EDARADD	0.0829405088169533
ITGAV	0.0827915537772512
SEPTIN14P19	0.0824169808774304
RASL10A	0.0823593261056819
TTC33	0.0822138322983662
IFIT5	0.0821067030586504
SBDSP1	0.082078782101986
CELSR2	0.0819679067777455
SLC7A4	0.0819233337679907
SEPTIN7P14	0.0819117177936002
RPLP0P2	0.0818284528542493
RPUSD2	0.0817502514149839
SPATA13	0.0816702792258164
STYXL1	0.0811734355840822
GJB2	0.0811517999223962
CAMK2N2	0.0811124915490063
CASP10	0.080980759515865
USP5	0.0809599028481525
HSPD1P11	0.0807755553756708
SSX3	0.0803492829207428
ALDH3A1	0.079653666264835
INO80C	0.0795047208127344
PFDN2	0.0794167253269301
CYB5B	0.0793866402046415
DNTT	0.0792521097460172
TPTE2P2	0.0791825454522536
GLT6D1	0.0791184795652846
RPSAP19	0.0790519409782235
ST8SIA3	0.0790479271630656
RPL18AP13	0.078998542295353
LONRF1	0.0788928653262542
DDX50	0.0788401357780597
AMD1P3	0.0787975558418563
ZNF346	0.0786933912734301
LRRFIP2	0.0786022134957375
ENTREP2	0.078302191583403
GABRD	0.0780050561689337
CLUL1	0.077872534293843
ANGPTL1	0.0778202404925897
CPEB2	0.0774087858769101
CDC23	0.0773253453060118
NRSN1	0.0772790771157594
PRDM10	0.0772202878083661
GALNT15	0.0771545400480399
UNC13C	0.0771051009772674
CX3CR1	0.0769458380391281
PKIG	0.0768843539824639
RPL6P27	0.0768106785454198
RPL23AP2	0.0767368941016409
EIF3I	0.0763741398786297
RPS7P11	0.0762536006361826
TERT	0.0762155094606987
FAM120B	0.0762039589128751
TUBBP1	0.0761424276274551
PVRIG2P	0.0760828990950225
APBB1	0.0760168372776974
PMS2P10	0.0757843656227137
MT1IP	0.0757843406130885
ERF	0.0757090969235723
IGHA1	0.0755431502636145
FGF3	0.0754910735628696
HMMR	0.0748500160644957
YJU2B	0.0748301429895156
NACC1	0.0746360125663881
H3C2	0.0743733750266108
PRR5-ARHGAP8	0.0743706006592266
GTF2IP7	0.0742212805342076
ATF4P3	0.0738857314088043
IL1RAPL2	0.0735551683973973
SGSH	0.0732552873971487
UPF3B	0.0732440715497131
AP3M1	0.0732162582164446
CMTM4	0.0731835742448966
CLUH	0.0731032875053662
NUP50P2	0.0730203969835035
ATRAID	0.072847106796154
RPS9P2	0.0725006941102838
COA7	0.0724499072775281
DUSP18	0.0724263490385889
BACH2	0.072425294564055
AHCTF1	0.0724081744521194
SLC35G1	0.0722737487963201
DUSP11	0.0722682679071434
NOP53	0.0719533424947531
SLC41A3	0.0718848417768937
PRR7	0.0718511488971794
IRAK1BP1	0.0717618842072798
CYREN	0.0715785141185921
AFG2A	0.0715346528414538
SEMA4C	0.071111849122163
NAXE	0.0708797747921477
UPF3AP1	0.0707114550556853
DCAF1	0.0705800944539631
PEA15	0.0700356767642634
CT55	0.0699677522102867
HMGXB3	0.069875321856812
CSRNP1	0.069672225581092
EIF4EP2	0.0695317481607795
ENOX2	0.0692779839660648
H3P4	0.0691142623563024
ATOX1	0.0690187364017645
B4GALT5	0.0689432756982353
ABL2	0.0688509322565839
SLC10A5	0.0687679294679114
UNG	0.0683541709999832
RHBDD3	0.0682918361842841
ABCB8	0.0682621899663472
ANKRD18CP	0.0680674432262739
RPL23AP47	0.0680019528193303
TPP1	0.0679801817593893
RAB43	0.0678149948685846
TAS2R14	0.0677852937086129
OR13A1	0.0673450541686111
SLC36A1	0.0672563445313805
TRPM5	0.0669380276565151
TECPR1	0.0667530556070859
EML5	0.0665532629553941
ACBD4	0.0664546109757125
FRMPD2	0.0664056190895958
NUDT3	0.0663599742470562
INO80B-WBP1	0.0662826886358373
IL6R	0.0662790559896741
SKOR1	0.0661721726197309
MUL1	0.0661535930235642
RETREG2	0.0660871770052076
ZNF572	0.0660788769256725
PRELID3A	0.066052574420479
ZNF214	0.0659469247814966
TRGV5	0.0658778544132318
DAGLB	0.0655610633147782
UFSP2	0.0655125784614459
PDZRN4	0.0649833221709752
FOXL2NB	0.0649570768641331
TSC2	0.0646627627433387
RAB5B	0.0646335047424568
TRIM59-IFT80	0.0643265873719173
SMARCC2	0.0641058325363552
SLC24A5	0.0640324471046085
SETMAR	0.063862359023475
FKBP1C	0.0637686427299562
BACC1	0.0635407353560229
RAD23A	0.0634709844949697
HSPA8	0.0633233183368877
CATSPERD	0.0630463329648117
CGRRF1	0.0629475796095435
FGB	0.0629210569827688
SPATA31A3	0.0625933646286167
NXF4	0.0623594728443911
P2RX1	0.0622550970753703
CDRT15P4	0.0622283716819918
NR3C2	0.0621194587029085
STIP1	0.0618493912050062
DNAAF5	0.0617839712007005
VPS72	0.061737962147554
NRL	0.0617250033009645
UTP4	0.0616833331736527
PRRT2	0.0616216110700443
IL2RG	0.0615703963139199
SERTAD2	0.0615507052438003
FTSJ1	0.0612889702598514
SF3B5	0.061267958204193
TAF3	0.0612293798607551
NCLN	0.0610155147887908
RGPD2	0.0610131312884423
RPL17-C18orf32	0.0609237847233633
TMEM18	0.060863130434333
PGBD1	0.0606895742171018
C2	0.0605812723875793
ART5	0.0605466334439067
ZNF71	0.0603941607238454
EGLN3	0.0603300959046268
GPX7	0.0603018795184899
PRC1	0.0602087495796559
SLC14A1	0.0602077015894184
ALDH4A1	0.0601294546161739
DAP3P2	0.0600518663376958
NFIC	0.0597502104664384
CASKIN1	0.059680279230673
PNMA2	0.0596135281516097
SFT2D3	0.0594867528037993
REX1BD	0.0590920075675735
DHCR24	0.0588842140904422
SLX4IP	0.0587776265815639
DGKA	0.0587058623233635
PTAFR	0.0586942077019566
C2CD4D	0.0582413157598817
ACYP1	0.0580996981293649
ARMC6	0.0579029232226011
THEMIS2	0.0578400764949376
TUBB8P7	0.0577146223638762
UBIAD1	0.0576872717234751
SRGAP2	0.0575273565657784
HNRNPA3P10	0.0574436996032113
IFNAR1	0.0573778168622431
RPL39	0.0571983342159495
CHCHD3	0.0570241459241694
METRN	0.0569950651303066
SLC5A6	0.0568019970061978
YARS2	0.0567898719185074
ANKRD6	0.0567746606179598
IL20RB	0.0564775599630984
KSR1	0.0563863959298605
ADH4	0.0563554603511277
TRIM61	0.0560885178613919
TUBGCP5	0.055872203895951
PDE1C	0.0558442053258585
ZDHHC23	0.0558002632277769
RNF115	0.0553155370068147
FMC1-LUC7L2	0.0552939505769024
AKIP1	0.0552601886885076
OR7E117P	0.0551734391934144
SS18	0.0551629944866597
LUC7L	0.0551524180862096
EIF4E3	0.0550868619669646
SPATA17	0.0549532610394669
RPL18A	0.0548462359962323
PIGG	0.0548020793688215
ABRAXAS1	0.0546351321261745
TUBB2BP1	0.0543037658412449
WRN	0.0542598248585979
ARHGAP19-SLIT1	0.0541734407601745
CPXM1	0.0539605721158953
FBXL17	0.0538445444521114
GRID2IP	0.0538382644319901
SAXO1	0.0537939031578543
AS3MT	0.0537606595010371
FAM90A24	0.0536456969573983
ZNF286B	0.0536053764984266
BLTP1	0.0536042448378089
C1QTNF12	0.0535464396062167
TGFBR3	0.0535454283388711
UBXN6	0.0534869070553758
ARID1A	0.0532521782722404
H3C13	0.0529872775269235
SRSF6	0.0528006789166063
SAXO3	0.052725670760356
LRRC41	0.0526814848581765
HSPE1P3	0.0526031669600328
CRIM1	0.052567409457292
TMED1	0.0523278278142353
KLK3	0.0520562417477289
IL7R	0.0519937160892098
CTSF	0.0519709520904798
TPPP2	0.0519535252773045
NUTM2E	0.0519366509540433
ACTR1A	0.0518895406032819
SPRN	0.0518336509754313
FBXL4	0.0514444977244263
CRYZ	0.0513607042563699
CEP350	0.050776557060774
SLC35B3	0.0506084201981667
PGRMC1	0.0504654202091472
ANTXR2	0.050055068433301
PARD6G	0.0500291512371349
SDAD1P1	0.0500183913664403
FBXL22	0.0497321191773581
MOGS	0.0494827493715993
IQCK	0.0494087592719539
RTCA	0.0493042056464418
IMMP1L	0.0491120333521014
REG1A	0.0490165728207765
SLC25A48	0.0489232852140134
RPL21P53	0.0486662280751434
HMGCS1	0.048470102518408
FHDC1	0.0484558525303845
JPH1	0.0483588919808291
SNRNP25	0.0483540964809663
MAF1	0.0483020115780231
MTERF4	0.0481422743357141
GALK2	0.0479323840277207
ORC4	0.0479013451931905
SLC25A1	0.0477558716744993
ZNF541	0.0477228090770853
THAP3P1	0.0476079969031022
SPMIP1	0.0475439948000176
NCK1	0.0475416743837316
VANGL2	0.0474786932596392
NOL12	0.0473790717939223
H2BC5	0.0473325180777547
ATP5PO	0.0472339695718351
RBM14	0.0472075965233717
CBL	0.0470567175026075
TMCO4	0.0470247491952282
PMS2P13	0.0467913244378185
CEACAM19	0.0467679566713688
TAF7	0.0465104521356761
CEP128	0.046482802148752
PANX1	0.0464513206730903
H3C3	0.0464016764513653
ZNF667	0.0463186160864812
ABHD17AP1	0.0461403328736825
CYP2C8	0.0460608820171734
YPEL5	0.045906696491407
NPC2	0.0458055043573251
TLK2P2	0.0453037737018873
PSMF1	0.0452984291410788
PGRMC2	0.0451847313060257
ANKRD20A18P	0.0451296935449144
TADA1	0.0448791082707996
KRCC1	0.0444873343266119
ZCCHC9	0.0444591742237207
AGAP5	0.0441074144554225
PLPP4	0.0440972856664556
SYT14	0.0439904444191496
UNKL	0.0439469443036326
SPATA6L	0.0438917637093858
RASSF6	0.0438842470704547
METTL25B	0.0433821685550416
B3GAT3	0.0433457325039977
ZNF267	0.0431242499854662
HIBADH	0.0430260753676644
CEP152	0.0428766925256352
TTC21A	0.0428744586289414
RBM42	0.0428518114810785
CDCA5	0.0426579855224011
MAGEH1	0.0425965709334914
H2BC19P	0.0424776752440367
RPS26P31	0.0424762290184401
DYNC2I1	0.0423102183623581
KCNH3	0.0419556793210352
SORBS3	0.0414575380466906
ZNF217	0.0414563221055001
BTBD16	0.0414378418422635
SAR1A	0.0413088954734823
ISYNA1	0.0412925734133939
CBY3	0.0412168851572585
ANKDD1B	0.0412154184129179
SSB	0.0411544111526175
ABHD11	0.0411264557540265
PFDN1	0.0410719331627841
H2BC7	0.0410510964608817
MEP1B	0.0409423121332497
USP30	0.0406394216610144
MAB21L2	0.0404959340551726
ZRANB3	0.0403064702693348
MORF4L1P1	0.0400649562057134
UTS2B	0.0400484264391824
C2orf69	0.0398824702959974
C19orf18	0.0398776461587491
RABGEF1P2	0.0398590007839944
PRKCZ	0.0397863400557494
ME2	0.0397202209734844
TLK2P1	0.0395591304993671
ELMOD3	0.039537687773914
GBP4	0.0394942555351004
TMEM231	0.0394830239697897
MAFG	0.039233375486472
H2BC8	0.0391598414537877
ZNF778	0.0391117030356483
ALOX15	0.0391001745317664
IZUMO4	0.0389863880622463
SART1	0.038821931007489
IFIT2	0.0387772684658373
ZDHHC13	0.0386554848552137
RPL21P93	0.0385843735503038
FAM136A	0.0385681210872272
F2	0.0382113401781206
SCAI	0.0381135598918149
PARGP1	0.0380039216224076
EXD3	0.0374375752349076
COCH	0.0373783661929634
RAB11FIP4	0.0372946538493959
VAT1	0.037167701554149
MKNK2	0.0371007486265457
BBOF1	0.0370024011428859
PPM1G	0.0368828525185643
GLMP	0.0368663704415685
TBX6	0.0368462777431523
ZHX1-C8orf76	0.0362143880651601
TARDBPP2	0.0359819097435013
SCN1A	0.0359401452750094
CD164L2	0.0358178222021737
WDR24	0.0357171760341978
ZKSCAN8P1	0.0354980043658179
SUDS3P1	0.0354890773289599
EFR3B	0.0354783483256059
GRK6P1	0.0352924221740314
PIP5K1A	0.0352664502101339
SOX10	0.0351976089031773
ACTL6A	0.0351715744598558
S100A13	0.0349800410367206
DOCK1	0.0349574069634352
SMN1	0.0349335145777843
TRAFD1	0.0349246410866079
IDUA	0.0347951545039319
CEBPD	0.0347646234358912
CCDC157	0.0347363313870674
KCTD3	0.0347203684627629
GUCY2F	0.0344423486664685
PCYT1A	0.034382700561875
NABP1	0.0343000838718363
CDCP2	0.0341786350610099
NEMP2	0.0340475899497772
SFSWAP	0.0340174295645598
NRF1	0.0339987320050975
MSL3	0.0339398673884664
AQP4	0.0339111065606187
LRP5L	0.0338154344826657
KTN1	0.033781147203492
KIDINS220	0.033677759161195
PRKY	0.0336495908865853
NUP93	0.033631779502567
CDC20P1	0.0335962376570155
ST20	0.0335334199010368
SOCS7	0.0332504833449989
POU4F3	0.0332034434504003
ZNF408	0.0331701431182923
RPS2P55	0.0330758918951331
ALMS1	0.0329856123047194
NKX2-5	0.0329523360358745
TEAD2	0.0327297564723087
ABCA15P	0.0326602111929172
ACOX2	0.032574620682596
CARD6	0.0325492437189873
CLTRN	0.0323819265499619
TFEB	0.0323173384714229
EFCAB5	0.0321427411660497
NUP133	0.0320562130825503
ANKHD1	0.0320023374923725
RARS2	0.0318500758394753
ATP8B2	0.0318322257852464
RPL10AP6	0.0316102254228552
CLDND1	0.0316008405105022
AIFM1	0.031560373954219
IKZF4	0.0315379659349664
GARIN1A	0.0314460431243877
NEK1	0.0312431022515046
PPP6R2	0.0311665138668974
NFE4	0.0311659280978242
CCDC71L	0.0310902935067348
ARHGAP1	0.031011052248399
CAMLG	0.0309900312029991
MICU1	0.0308193662872686
HENMT1	0.0306450291640386
C4orf46	0.0306331411935079
STS	0.0305243651877505
RPL7P1	0.0304154683875997
RYK	0.0302217247263434
ZBTB45	0.0301901015596409
RENBP	0.0301373508178632
RPS3AP49	0.0300905552627327
TMEM255A	0.0300600983834944
COPE	0.0299873532770436
MVB12A	0.0298872012288662
IQCG	0.0298137472242589
NPHP4	0.0297878574441939
ABRACL	0.0297581435894573
BTAF1	0.0297076747497455
TMEM140	0.0295813878499731
RUFY2	0.0295154101003525
EIF2S2	0.0294256833086812
HJV	0.0292618453484687
GCN1	0.029209613766653
MMS22L	0.0290788880439715
ANKRD10	0.0289435623657388
CERS2	0.028801261894376
PLEKHF1	0.0286847159424928
PCSK4	0.0286318587597778
FDPSP8	0.0285577865034
SMURF2P1	0.0284525010115551
ANKLE2	0.0284416029137104
VPS16	0.0282935052027367
NPAP1	0.0281941966652105
AGK	0.0281709427385828
TBC1D29P	0.0280901748287046
PSMC1	0.0278105221862746
ZFYVE9	0.0277731627367944
EXOG	0.0272313694760637
SLC16A11	0.0270844390010001
PUS10	0.0270571236675214
RNF13	0.027055216514629
SETP12	0.026930229855071
TBC1D32	0.0266569493367434
RILPL1	0.026621274368647
CYB5R1	0.0265514999078672
OR10A6	0.0265153639173291
PPID	0.0264054634846747
MTHFD1	0.0263005392964003
NUBP2	0.0262310622155975
TPM4	0.0261261226647429
RBM28	0.0260992081644195
C1orf54	0.0260097812292961
ARMC7	0.025951163807683
HSPB2	0.0258957276634885
MVK	0.0255935756482862
ABCA17P	0.0254168761208036
RPL7AP6	0.0253743952139539
CBLN3	0.0253263577302216
SMS	0.0251205763993001
RANBP10	0.0248159023998791
ZNF334	0.0247595027646589
WHRN	0.0246991599029381
CYB5RL	0.0246582750267402
RIC8A	0.0245555776648457
NAT10	0.0243942671293297
NOP14	0.0239436854468738
RPS4XP16	0.0238052112989189
ZNF670-ZNF695	0.0238006262724661
INTS15	0.0237366982378443
ADAM20	0.0237145934220595
TCF23	0.0236980203723217
VGLL3	0.0236687600632765
RPL13	0.0235793884031358
SYNJ2BP-COX16	0.023436202134366
FRRS1	0.0233812478928232
TPRG1	0.0233612651340059
CHTOP	0.0232360165964005
FBXW12	0.0231440831213407
B3GLCT	0.0229719163272873
MTERF3	0.0229547759839372
GVQW3	0.0227802307118502
LAMTOR5	0.022635778023469
TRIM72	0.0226132981988278
GTF2IP13	0.0226073112595325
MAN2A1	0.0225577032756433
ZDHHC6	0.0225027142482889
ZNF141	0.0224628169953922
SPRING1	0.0223944714864032
POPDC2	0.0222048725669957
KLK13	0.0221826562105402
ARRB2	0.0219276773555302
GAPDH	0.0219186654058411
OXA1L	0.0214150328086647
DERL1	0.0214071484316575
CAMKV	0.0213173351060706
PLIN1	0.0212706487226201
MED7	0.0211687007148376
ROBO3	0.021118271045843
LRRC78P	0.021015176416958
E4F1	0.0208505854309795
HAUS6P1	0.0208097096736884
GFM2	0.0206922202486836
UNC45A	0.0206020216626142
ACTG1P3	0.0204980683272786
MRPL58	0.0201794732631046
TPCN1	0.0201405957645791
ZNF781	0.0200134255765494
TMEM192	0.0199205951149895
MED30	0.0197741530458205
GTPBP3	0.0196621588781631
DNAAF8	0.0195460231988724
HLA-DRB1	0.0194452353569644
FIS1	0.0194421169879348
LUC7L3	0.0193952593030644
ATP6V0A4	0.0192218004326895
TP53TG5	0.0190983167860294
ETFRF1	0.018990458611081
NDST2	0.0189103178044477
ELOF1	0.0187372306182247
RPS7	0.0185441065213262
PRAME	0.018512815191341
EIF4BP3	0.0182426233889194
RHEBP1	0.0181811673161605
LEMD1	0.017991607873706
CDHR2	0.0179905349830368
TICAM2	0.0179761459642971
STMN3	0.0178918970627713
INSIG1	0.0177529775230207
MAP6D1	0.0177281061986085
RXRB	0.0177272589096816
FGFR1OP2	0.0174706423129863
PCDH8	0.0172381347160057
ADCY1	0.0172332374242527
MRPL36	0.0171893320423377
MGAT5	0.0169750636878537
HNRNPL	0.0168577192679892
IL16	0.0163880936176592
MIA-RAB4B	0.0161805917336826
C1QTNF3	0.0158665172246455
STAG3L5P	0.0157753514563534
LPXN	0.0157359142940376
SEPHS2	0.0155478745607541
RPL34P9	0.0154436694301353
MAN1A2P1	0.0153555007904555
IL6	0.0153306115051299
VAMP5	0.0152361190101519
ZKSCAN2	0.0151941119000386
PRR12	0.0151805687832638
USP9Y	0.0149360366607458
PPP2R2B	0.0148901281307425
BMPER	0.0146933374311974
MTCP1	0.0146645020720761
RERG	0.014543003833223
RTL1	0.0144167771695198
ERCC1	0.0142149842179005
COA3	0.0141240770805666
PYDC1	0.0140008151139629
METTL5	0.0139824967132899
CLEC19A	0.0139570830184481
ATRIP	0.0138998504821082
MRPL46	0.0138192106751493
TCTN2	0.0137409341642381
ST6GALNAC4P1	0.0136417417416464
NOXRED1	0.0134072675223814
KPNA4P1	0.013326022078487
AUNIP	0.0130199229853734
RPS2P46	0.0129337070216641
CFAP410	0.0128818189467426
ABCB7	0.0127906953965615
GMFG	0.0126372966963315
DNAH1	0.0125985945770564
ZSCAN9	0.0125387872012273
IDH3G	0.0124449922605632
MYLK3	0.0123649581049524
OR7E163P	0.0121671563365797
PNMA6A	0.0121227409785623
IL18BP	0.0121171432137271
TST	0.0120331450092002
PPM1B	0.0119704783077613
PLA2G4F	0.0119694922500188
ZGLP1	0.011834253330868
LENG8	0.0116951154457234
PTTG1	0.0116600313124283
IFI44L	0.0114657325504767
ADAM15	0.0113988817961971
C9orf40	0.011339867054309
ABCC2	0.0112963604704978
DHX8	0.0112842944469234
ZFAND2A	0.0110887644210239
USP39	0.0110885699571046
ZNF416	0.0110737575322201
PTPN12	0.0110425766038358
SMAD9	0.0109790398947136
ANO2	0.0108745194824434
PABPC4L	0.0108495539539137
HNRNPA1P38	0.0107396655452451
PCBP2	0.0107089516523987
AP3B1	0.0106215994682455
KHNYN	0.0105758719042888
PCDHGC5	0.010540047551994
NUP205	0.0102754498119396
CACFD1	0.0102055708313655
ZFP91	0.0101244341501115
FOXE1	0.0100375920614582
SEC22B2P	0.0100150984445287
H2BC21	0.00980751517702271
SYNGR1	0.0097793463510442
EMID1	0.00969301431097791
SCEL	0.00941633482898994
PMS2P4	0.00917633325769853
MCM8	0.00897247306707898
MTATP8P1	0.00888145502673423
RPS3AP47	0.00879628402932433
IBTK	0.00871182561763943
OSER1	0.0086119957699145
GDI2P2	0.00859815881868774
DTX3L	0.00840773786532755
RPL4P6	0.00838085294276108
CLUAP1	0.00818984645388428
RPS2P7	0.00809878983281613
TMEM11	0.00797060584347186
KLHL28	0.00781722248819035
NUDT2	0.00778722446591714
PAIP1P2	0.00777389952297521
PKMP3	0.00758669018774806
PTRH2	0.00740571121452501
RNASE10	0.00706008496264629
THAP6	0.00695979726513792
CDKL1	0.00673610324791477
BHMT2	0.00670404130941163
ETFB	0.00667977587286849
ILF2	0.00667373638902967
PRRG4	0.00642551042065523
TTC34	0.00641878862142814
TMCO1	0.00635459910492117
SDHAF1	0.00627612629804062
RPS6KC1	0.0061079200205858
SIX2	0.0060469586974999
SPRY3	0.00599051311593288
SMIM17	0.00583891501574373
TLX3	0.00547303118502167
KCNJ9	0.00544262783953412
HNRNPA1L3	0.0050927821979454
CDC42BPB	0.00486766906304342
RBM39	0.00485183767095586
FPGT	0.0048365583755793
RPS10	0.00470827669787665
RPL32P16	0.00466211836827198
OGT	0.00462851770257236
ANKZF1	0.00462839178809102
WASH2P	0.00446310811925351
FKBP11	0.00444228995316534
SWT1	0.00436649554536754
FUNDC2	0.00421907301859178
ATG12	0.00414715518284241
ZNF695	0.00408517575792556
RFX6	0.00405723602544914
CEP57	0.00389808257145705
APRT	0.00361574436225176
UBE2FP1	0.003604368235147
USP49	0.00351192001995606
CFAP97D1	0.00347414720020454
SNX29	0.00336563457038771
DENND6A	0.0033219282118833
SCNN1D	0.00329928719331634
ELF4	0.0032376935229102
CTC1	0.00323026304030736
C2CD6	0.00303938781251995
RPL41	0.00280868689004647
ALOX5	0.00272647142890327
KAZN	0.0026477001078743
POMK	0.00250410899005708
SLITRK2	0.00245591982920394
FAM86C2P	0.00243930405921094
TMEM35A	0.00242509144473931
FKTN	0.00238194195572169
EEF1B2	0.00226238573474091
SRRM1	0.00213656531517858
XPOT	0.00206719857910174
TUSC3	0.00203835222946149
RPS3AP21	0.00186291939864292
DDX18	0.0014771611369542
ACOT6	0.00147233215287925
IHO1	0.00137870220077877
SLC10A6	0.00112202904500233
THOC6	0.00108330849804977
UQCC4	0.00080417009608483
MAP3K12	0.000737547584218873
OXR1	0.000718096264755697
ELOCP19	0.000573178074379956
FBXO3	0.000558593444212236
OLIG1	0.000549493452360818
SPEF2	0.000473109606098845
RAD21	0.000459246063066133
CNN2P9	0.000387171115643386
PHF12	0.000302978807483049
MRPS7	-0.000239809749773396
TPTEP2	-0.000498540451084014
C12orf43	-0.000511794191394441
GXYLT1	-0.000517508141962575
TOP1P1	-0.000861968331894881
ZFYVE27	-0.00102150911080998
DAAM1	-0.00108392696311659
VDAC1P1	-0.00135226621156109
MEMO1P1	-0.00135608717863089
EFCAB3P1	-0.0014731046936995
YOD1	-0.00157021454679545
ZNF646	-0.00167511067601665
STKLD1	-0.00181976828510557
SYT12	-0.00187184402074392
ARPC4-TTLL3	-0.00203466204461794
NOTCH2NLC	-0.00209860849547374
PRRC2A	-0.00218636454449106
SVIL2P	-0.00220006831940053
RPL3P4	-0.00226434587711892
SIRT2	-0.00254839494502485
TCF7L1	-0.00261617715720398
CENPO	-0.00271050398302667
SEPTIN7P9	-0.00288893313527882
DYNLT3	-0.0029297374593623
B3GALT9	-0.00344034111482634
SGCD	-0.00345211209197718
MYT1	-0.00355199837443051
ADPRM	-0.00359578516417239
KHDC1L	-0.00365268751801453
ZSCAN20	-0.00373159762401585
NLGN4X	-0.00379055530392344
RIMBP3B	-0.00382646017662198
RELT	-0.00398336540943128
ERH	-0.00400492946819783
VDAC2P5	-0.00408481805458115
SHMT2	-0.00420078377214995
FAM204A	-0.00452372515266697
CMTR1	-0.00462253489741729
ATXN2	-0.00468717769366334
DDN	-0.0048476730376395
RECQL5	-0.00489726980507058
TMEM71	-0.0049459671665423
ABHD16B	-0.00502787822249527
ARFGAP1	-0.005048307444342
FAM120C	-0.00506398817938723
CRB3	-0.00507872765214166
LCMT1	-0.00542298065970207
REEP1	-0.00548784517338869
LGI1	-0.0056511720021475
BNIP3P19	-0.0056832362406387
SUV39H2	-0.0056847599562616
LRMDA	-0.0058569165190469
MANSC1	-0.00592197449284843
RBBP6	-0.00594155780996835
PTRHD1	-0.00601386512233732
EPB41L4A	-0.00606432973643087
SCAMP1	-0.00610524509374217
SERPINA1	-0.00630487818834749
SNRPB	-0.00630498707222411
SLC31A1	-0.00635028413187682
RAP1B	-0.00635442523475339
EMC3	-0.00660573476525008
GGA1	-0.00662219759663147
ZNF669	-0.00724908313887379
LURAP1	-0.00727827642823948
PGK1P2	-0.00741999561192723
CATSPER2P1	-0.0075364323337439
CUL3	-0.00798723311721535
ECE1	-0.00810989080539223
KLHL25	-0.00811228034691524
TUBG1	-0.00848773948589845
ZNF419	-0.00851082481453415
C9orf72	-0.00863889042318298
UBFD1	-0.00867015840978757
SCRIB	-0.00877121566123268
RAB11FIP1	-0.00878035178115707
CDK9	-0.00887410312554159
DNAJC25-GNG10	-0.00897097424152506
AP3D1	-0.00903611035848192
ZNF93	-0.00909159357198033
ANKK1	-0.00911085703048249
DMAP1	-0.00911659671854382
P2RX4	-0.00924955788512778
C1orf115	-0.00927362137827903
EME2	-0.00929219843869601
HRAS	-0.00940130313991429
COL8A1	-0.00944430375141289
SLC25A41	-0.00956212099174684
MIDEAS	-0.00956687851083712
AMELY	-0.00958446127955148
ATG7	-0.00969543744830768
OSBPL11	-0.00972744729934183
ADRM1	-0.00989478010793885
GABRQ	-0.00992710697245892
THAP12	-0.00994292900720892
CSPG4P12	-0.0100199187210025
DNAAF4	-0.0101616892506638
DALRD3	-0.0101844480431943
CDC42EP1	-0.0102905114976127
AGAP12P	-0.0104150878299532
ODR4	-0.0104545089095638
RPS6KA5	-0.0105980136920075
ABO	-0.0106068285887431
TXLNA	-0.0106202579582381
GUSBP4	-0.0109762908948506
PRRT1B	-0.0109788816296863
ALKBH5	-0.0110583472289968
NMRK1	-0.01125056377836
BRD7	-0.0112958947829313
LCNL1	-0.0114249231924267
IRF2BP1	-0.011448176931306
HRCT1	-0.011464383468517
F7	-0.0116368986403776
SUPT4H1	-0.0116873411862662
FKBP4	-0.0117386346864022
FAM13B	-0.0118825293735344
RPL30	-0.0118940880552888
SOX6	-0.0119089933121065
SOCS3	-0.0119242352976019
HNRNPA3P3	-0.0119985832763217
EID2	-0.0120153537987268
CERKL	-0.0120953049904496
SH3BP4	-0.0121955503180088
ZCCHC7	-0.012210275435202
RAE1	-0.0123211774290055
CEP85	-0.0124308875861885
PRMT9	-0.0131334348591579
TRMT61B	-0.0132361298577945
IQCM	-0.0132661314839601
NIPSNAP1	-0.0136320436456764
CYP2B7P	-0.0137276323137837
SPICE1	-0.0139253694529809
ISCA2	-0.0139296159686603
ZW10	-0.0139600090724214
DERL2	-0.0139704311136304
ZFYVE1	-0.0142229399388521
HMG20A	-0.0142676367737168
TRMT44	-0.0143142051648803
RNF20	-0.0146735574501847
ZNF830	-0.0147085410661376
FANCE	-0.0149489360953758
CCAR2	-0.0149520120163611
ZBTB4	-0.0150132175477128
F11R	-0.0152256684481614
CST6	-0.0154314722396258
PPP1R15B	-0.0154394539971577
CRAT	-0.0154900228052007
YBX2P2	-0.0155127291850715
CRBN	-0.0156147276686139
RPL24	-0.0157706848293281
SDAD1	-0.0158188094126109
TMEM135	-0.0158617270734956
RPS14	-0.0159578929743692
CYP2D7	-0.0159954598202627
AKR1D1	-0.0159971484406745
COA4	-0.0160709059391157
FCSK	-0.0160749893224351
GABBR1	-0.0164065682083137
ZRSR2	-0.0164382720248719
COX10	-0.0164510916965451
QKI	-0.0164660228013185
TMEM101	-0.0166179376970035
ZFP69	-0.0167110784337855
RPL5P4	-0.0168099132926297
SLC25A42	-0.016935222398977
HPS3	-0.0170180226688568
NRGN	-0.0171789619367756
RAD54L	-0.0172629505957972
TXNRD1	-0.0176638841845397
SNTB2	-0.0177603834212469
TCAIM	-0.0178331334726856
GCH1	-0.0179246281982446
ABHD16A	-0.0179460513406664
TAL2	-0.0179505377906295
NUDT17	-0.0179586807730797
ALKBH4	-0.0179661007962293
ABITRAM	-0.018230007049701
CTH	-0.0182820385729557
FAF2	-0.0183211480629029
TMEM63B	-0.0185065384048695
ZBTB8B	-0.0187668390117676
LDHC	-0.0189501528338557
SERF1B	-0.0190072997892172
IMMT	-0.0191549506191251
BBS9	-0.0192409865362003
HCK	-0.0194145920025274
LRRC37A4P	-0.01955096617258
NFKBIB	-0.0196096452015182
TASOR2	-0.0199195108068086
RUFY1	-0.0200377669164318
SPAG8	-0.0200562747381732
TPM3P6	-0.0200967511904333
DNAH3	-0.0201187605104978
KIAA1328	-0.0201789964703096
MST1R	-0.0202827558879844
SMARCA4	-0.0202900726569427
SLC15A2	-0.0203399687988461
DNAJC17	-0.0204981829171756
NSMCE3	-0.0205229084670117
LY6K	-0.0208460089234484
GLRA3	-0.0208501193339311
RPS26P19	-0.0209125183778838
SAMTOR	-0.0210139502999545
HAUS4	-0.0210327784651165
GLA	-0.0210876826364183
ATP6V1E2	-0.0211356270417413
CIDECP1	-0.0213406396710726
NOMO3	-0.0216989059708341
OPHN1	-0.0217222985910564
FUT6	-0.0217390670577432
KLHL10	-0.0218241496895352
CEP72	-0.0218518347295551
IARS1	-0.0218684931375186
TMEFF2	-0.0219452011585845
JUN	-0.0219460702109633
NUP188	-0.0219686100110506
MSS51	-0.0221991534447845
PI4KB	-0.0224921230575955
GNPNAT1	-0.0226042763786245
H2BW2	-0.0227197126200065
ANGPTL6	-0.022781633475978
LONP2	-0.0229018002596394
MAGI3	-0.0229154213914483
NPIPA3	-0.0230425432974729
ZCWPW2	-0.0230946809881485
CEP131	-0.0233114314125723
CNPY2	-0.0233448223190409
RHOBTB1	-0.0233532561804894
SCFD1	-0.023743193620155
TYW3	-0.0238055036645601
FBXO6	-0.0238065425720317
RPS28P7	-0.0238323794629968
FSTL3	-0.0240394100421426
FNIP2	-0.0244191995847569
EIF5A	-0.0244487304281527
RASAL3	-0.0246808717871722
PPP1R12A	-0.0246835428393502
TRIM52	-0.0248136450337452
UQCC5	-0.0248328212402068
PMS2P6	-0.0250711867248644
DLGAP1	-0.0251536224964272
ZNF415	-0.0251546662894963
AP2M1	-0.0254180490473626
BMAL1	-0.0254301885990754
SERBP1P6	-0.0254561273803872
NXPH3	-0.0255315478657502
CDK2AP2	-0.0256895429392473
SNRNP70	-0.0259012299497624
VWF	-0.0260513884520122
XBP1	-0.0262007955660106
UPK3BL3P	-0.0263255506135223
EXOSC1	-0.0263993597028404
DTWD1	-0.0264011495334559
HSPA8P5	-0.0264627341810494
METTL22	-0.0264927657370229
TLR6	-0.0265042011683029
DNAAF9	-0.026919739193268
TEN1	-0.0272308824103956
TMEM132A	-0.0274895330826677
RNF14	-0.0275116537321556
RBM7	-0.027547874714103
SYNE1	-0.0277024957400142
PGAP1	-0.0277465839713157
TSPYL1	-0.0278233387806283
MOK	-0.0279602614624694
POLR1H	-0.028437154023862
BTBD7	-0.0285760324250813
CASTOR1	-0.0285983751566534
CDC123	-0.0287330994806094
NDC80	-0.0287429479112279
ITGB1	-0.0288712873193742
CENPN	-0.0289118684319556
RPSAP69	-0.0289129277418156
CCNF	-0.029037263593223
BCL2L2-PABPN1	-0.029080503694562
PIGAP1	-0.0291538566534139
LIMS4	-0.0291925873658859
MRFAP1	-0.0292054555352564
ZSWIM6	-0.0292070073769968
CMIP	-0.0293440336086827
MYO1C	-0.0294183752056552
POLR2MP1	-0.0295091681620862
SNHG32	-0.0301068041900794
PRAM1	-0.0301136223890618
NDP	-0.0301153706327509
NEUROD4	-0.0301312312240861
FST	-0.0302880559234696
CDKN2D	-0.0304444045111857
RPL10P19	-0.0304774498120071
PDSS2	-0.0307337413963091
TLX2	-0.0307427710159332
RPL31P46	-0.0307912147866545
SPAM1	-0.0308653020963701
ETAA1	-0.0312346562739349
NADSYN1	-0.0313134764634267
ULK1	-0.0313729621497513
CARF	-0.0314260453593601
KDR	-0.0314437346284453
RPS27P8	-0.0314949325851297
PPIAP29	-0.0315502506498982
KCTD18	-0.03157646398081
SLC45A4	-0.0315937836928203
HAGH	-0.0316364267627175
ZNF24	-0.0318010532590392
NSMCE4A	-0.0320355048049112
PHKG1	-0.0320809970988757
DNMBP	-0.0322345032897465
THSD7B	-0.0322887782389582
NME9	-0.0323315482694084
TPM4P3	-0.0324507033800546
OR10G4	-0.0325056976161382
BCKDHA	-0.0325427795454198
CD160	-0.0325598977674344
RPS9	-0.0329105421257731
FBXW9	-0.0330405357829902
NCF2	-0.0333724319335319
PROK1	-0.0334202115041481
CLMN	-0.0336641886354409
FAM219B	-0.0337602373011773
ADAMTSL4	-0.0339007239276026
NRG4	-0.0339437225098537
GTF3C3	-0.0340306080502009
TRIL	-0.0340570850791091
BRPF3	-0.0342342699128674
ERICH5	-0.0343609661644413
HRH2	-0.0345627949063403
CTBP1	-0.0349030942442189
CHRNB1	-0.0349631975683128
ANOS2P	-0.0350249653251871
CCDC174	-0.0350279908663734
LAGE3	-0.0350529313426351
HSPA1A	-0.0350965022510634
DOCK7	-0.0351094503759158
CDK5R2	-0.0353664646638026
TREX1	-0.0355398914155476
DUOX2	-0.0357006858926007
SLC25A12	-0.0358733396545433
GPR137	-0.0359292167885891
ZNF410	-0.0360115055313764
EPAS1	-0.036013740876783
TJP3	-0.0360770458656643
HUNK	-0.0360923552836501
SLC25A24	-0.0361813038373156
RPS2P4	-0.0362571716034393
SNX13	-0.0363790498138543
EIF1	-0.0364437462450911
ACTR3C	-0.036675136437095
LRIF1	-0.0367992220655021
WFDC3	-0.0368034981336227
TAS2R60	-0.0371303607429864
ZNF354A	-0.037178256104639
ASNSP3	-0.0372294921890458
CLCNKB	-0.0373871845414022
HS6ST1P1	-0.0373956969487166
GABRE	-0.0374883043866362
ADGRA3	-0.0375223228562317
TPM4P2	-0.037530039172104
NIF3L1	-0.0375801417510732
QRSL1	-0.0375870656635723
GJA3	-0.037588163456028
ZNF483	-0.0378437079052712
RSPO1	-0.0379069360218254
FARP2	-0.0379118976762771
PRDM4	-0.0379476621597754
ST13P7	-0.0380011031283988
RDH5	-0.0381220352682566
PRPF39	-0.0383263228132496
PAQR8	-0.0384752472396774
FAU	-0.03848484391679
ADCY10	-0.0386179605301349
ZNF223	-0.0386195741222025
TMEM25	-0.0387157410606881
ZC3H7B	-0.0388470176322436
WDR44	-0.0388521929222263
PPIP5K2	-0.0391551526865844
TIPRL	-0.0392082812903721
NOS1	-0.0392414236595448
ZNF888	-0.0394299139480046
DVL3	-0.0395812803606431
TBX20	-0.039847600194373
DDOST	-0.0399189503206737
PDK4	-0.0399576055742336
NAE1	-0.0399639254735882
HMGB2	-0.0399938346407288
DPH3	-0.0402344038335032
MYH15	-0.04034754824063
CACNA1F	-0.0404667651982395
UPB1	-0.0408387746010088
CNTNAP3	-0.0408435196717733
TMDD1	-0.040845171233424
SLC15A1	-0.0409210081471287
ARRDC4	-0.0409918878635239
ZNF226	-0.0410389183146013
FAM72C	-0.0413634530800685
HS6ST3	-0.0414018731246658
HIRA	-0.0414100175564584
WDR75	-0.0415301577899434
PSMD13	-0.0416264965499729
KDM2B	-0.0416400830319163
GNLY	-0.0417748797833612
TBC1D19	-0.0418970533937161
APOLD1	-0.0421537537948749
C19orf44	-0.042238836740732
GTSE1	-0.0423074924722548
CSK	-0.0423746498583253
LRRC38	-0.0424698371062503
NHLH1	-0.0426213514046378
SDC1	-0.0426974033810371
LAP3	-0.0429202909999805
TULP3	-0.0432420490456847
SEPSECS	-0.0432633785276982
WASHC3	-0.0433142590937848
TDP1	-0.0434189893516838
TNFSF12-TNFSF13	-0.0437140969399311
RPL21P37	-0.0437475482315759
RPSAP17	-0.0437815169012855
ST3GAL5	-0.0438446698791012
VPS52	-0.0441028460992176
AKAP3	-0.0441805251523185
SAFB2	-0.0442721650171962
TMA7	-0.0443410335638423
PCDHGB5	-0.044362319474179
CCNB3	-0.0445291398267807
RS1	-0.0447114445807715
TMEM62	-0.045075312422186
PHF20	-0.045103475947751
RNPEP	-0.0455382730959896
AMY2B	-0.0456190294282084
S100Z	-0.0456302489214827
PRELID1	-0.0457920778117922
NAGPA	-0.0458469496590113
EMC4	-0.0459116446593133
SLAIN1	-0.045918946915415
WDR45	-0.0459262463912757
PPP1R42	-0.0460163289095709
ZC3H6	-0.046027014051471
GARIN5A	-0.0460551087764554
OXNAD1	-0.0461550873224961
GEMIN5	-0.0463945553844752
PNCK	-0.0464182188753047
SANBR	-0.0467295838573273
MARCKS	-0.0468286167640797
ZNF569	-0.047158519073738
ITGA2B	-0.0471882909621208
PGAM5	-0.0472582474753312
PLCL1	-0.0473187730809192
DTNB	-0.0474314708265647
ZFAT	-0.0476069818448709
GBA1	-0.0478774975277969
OSGEPL1	-0.0481036739973748
TSTD3	-0.0481626093266582
CPEB4	-0.0482795272608224
TWNK	-0.0489264256085535
STK25	-0.0489718979484207
RNPC3	-0.0491318414774882
ERLEC1P1	-0.0492124332147281
GEMIN8P4	-0.0492728021279549
TRAPPC13P1	-0.0494075710848917
GUSBP3	-0.0494741692334194
GAL3ST4	-0.0495424355512585
ZNF786	-0.0496027085774503
SLC16A5	-0.0496781182754979
IFI27	-0.0497265541250584
LYSMD2	-0.0500803862141322
CEP162	-0.0501354034256336
LEPROT	-0.0501996039421407
PANK1	-0.050301426642337
MPL	-0.05039668673063
SATB1	-0.0503996818122424
GGCT	-0.0504066836591736
TAS2R38	-0.0507139236127955
CLEC4C	-0.0507561351414009
SLC44A3-AS1	-0.0507667344339405
CACNB2	-0.050807439947801
FOXJ1	-0.0508802133669286
CRYM	-0.0510513588852044
TBC1D3D	-0.0512622794096115
FPR2	-0.0514664472279935
ROM1	-0.0515955066273444
GOLGA3	-0.0516112339172031
NUP160	-0.0516798736475593
PRDX1P1	-0.0518547958789967
NAT9	-0.0518667583960792
EBLN2	-0.0518908399544761
C1QTNF9B	-0.0518916457599432
PGP	-0.0520314176283785
ATF6B	-0.0521007537053296
RPS2P17	-0.0521728386806822
SLC35B1	-0.0522743544445062
LINC01347	-0.0525044209890253
XKR4	-0.0525988252879074
TLE6	-0.0526678167174679
LRP1B	-0.0526890675388673
HDLBP	-0.0528313523139279
RPL13AP7	-0.0528370221298044
MYO9B	-0.0528476372800599
SLC25A22	-0.0530657815482596
GGA3	-0.0532096995208628
CMAS	-0.053250157821026
ATPAF1	-0.0533749860505898
DNM1L	-0.0533831841324101
BRCA2	-0.0535078531568988
FOXL1	-0.0536191639847233
FAM90A26	-0.0537045140975478
MICALL1	-0.0540109991074863
HMGN1P4	-0.0541380152384724
C12orf50	-0.0542000090147337
ATP6V0E1	-0.0542579410883441
LRRC66	-0.0545155458311604
TCP10L3	-0.0545210942511014
FBXO24	-0.0545521096706259
NXF2	-0.0546813789326224
FN3KRP	-0.0547048936641885
CTBP2P4	-0.0547404890439583
TNFRSF19	-0.0548855951910018
BCAT1	-0.0549372672743899
SUPT5H	-0.0553527857177518
PCDHB6	-0.0553802711428407
POU2AF3	-0.0554647257955327
PCCA	-0.0556185800420887
ZSWIM4	-0.0557710021302541
TOP2B	-0.0559025983243525
SUSD3	-0.0560219541199854
CYP2C9	-0.0560628778057256
MRPL51	-0.0567923985426911
SLC20A2	-0.0568341666258918
GM2A	-0.0568520633051483
SLC30A5	-0.0570552210327667
MIA	-0.0570612421242588
SLC2A8	-0.0571856566476557
UGT1A12P	-0.0574826927572655
SNW1	-0.057705180707762
PIK3CA	-0.0577339516947787
ZNF33A	-0.0578045767060481
CCDC192	-0.05788240571063
VPS45	-0.058276660897161
SGPL1	-0.0582908778346902
RPL7AP66	-0.0586063803979121
ST8SIA5	-0.0590126837556484
MAPDA	-0.0590913584153981
PASK	-0.0591112911165399
DCAF8	-0.0594262592990534
OR2L2	-0.059593245927566
UMODL1	-0.0597955143350848
MRTFB	-0.0599092211714303
LRRC37A2	-0.0599302009999106
ATAD3B	-0.0600594131558364
GPRC5A	-0.0600927422075148
BRD10	-0.0601357370211277
TTC32	-0.0604488667541389
FGFBP2	-0.0605683677113733
USP42	-0.0607587796620088
CHML	-0.0608886503663371
TYSND1	-0.0608910129680798
PRR13P5	-0.0610206429041205
RNF216P1	-0.0612801132195757
CD8B2	-0.0613019687258131
CPVL	-0.0613068614396468
ASCL1	-0.0613141199646764
PEX5	-0.0615602761675241
SLC39A9	-0.0617098311862537
RPL36AP43	-0.0617143686977125
BHLHE41	-0.0617526641582684
SNUPN	-0.0617639203745098
MRPL1	-0.0617736821777507
C21orf58	-0.0619233753259349
TRIM66	-0.0622146872248076
TRIM39-RPP21	-0.0622820421249413
NDUFB1	-0.0624358511405284
SVEP1	-0.0624601127886241
TLR9	-0.0625953035424238
ANKRD35	-0.0628098933679021
SMIM19	-0.0629040917882687
APEH	-0.0630612895578515
CUBN	-0.063129803263643
SLC2A4	-0.0632689768121084
RAB34	-0.063390470805244
RPS6KL1	-0.063525319314705
WFDC10B	-0.0635400744317009
NUDT4B	-0.0637938482911458
ING5	-0.0640639425471295
RPS26	-0.0640852227228061
MTF1	-0.064372039968121
SNX18P7	-0.0643868432677205
TNFSF12	-0.0644581795565412
RCHY1	-0.0645984126026545
SLC5A5	-0.0646353107314642
EIF4A3	-0.0647102163490768
ZDHHC9	-0.0649251087977911
GLIS2	-0.0649909788589468
SYTL3	-0.0651479551784506
OCRL	-0.0654723180984119
ATP1A1	-0.0657694166581127
CORT	-0.0661305898875975
NOCT	-0.0661999089678866
RSPH9	-0.0662568155874906
SPATA31C1	-0.066391815440323
ADAMTS1	-0.0666425365713752
AASDH	-0.0666750914192323
HYKK	-0.066717152552634
SMURF1	-0.0667587023486324
ANKRD34A	-0.0667643072412299
UBE2CP2	-0.067112186761696
PPP6R1	-0.0671459644582909
TACC3	-0.0671809597392081
FBXW4	-0.0672687512173285
ITGB1P1	-0.067325401225617
DNAH9	-0.067596362462308
CD1D	-0.0676086989393625
GOT2	-0.067800370344943
FKBP1A	-0.0678805262176691
RPL21P120	-0.0679179428730059
LMNB2	-0.067998848526588
ZNF317	-0.0680638413550079
CTXND1	-0.0680849918853304
FAM131A	-0.068246085836525
KCNE3	-0.068347078706862
XKRX	-0.0685885732962699
NDUFAF4P3	-0.0687435779499723
MCM5	-0.0688606224591739
SLC11A2	-0.0689089089580176
NPM1P6	-0.0691189201855633
KBTBD6	-0.0691612696492732
ZNF641	-0.0693132176745868
ZNF699	-0.0694170837660874
RPL13AP11	-0.0695335688318342
SPMIP5	-0.0695912110299894
RTRAF	-0.0696318531011275
GUSBP1	-0.0698106234742257
NUCB1	-0.0698253198313738
GK5	-0.0698939250776102
IGHMBP2	-0.0699063304849647
WIPI1	-0.0700570668781175
OTUD4P1	-0.0702079385103653
MED20	-0.0703986311412374
HAL	-0.070419940908001
C8orf76	-0.0705062283292197
PITX1	-0.0706912615072618
SLC4A7	-0.0709401406780863
CYB561D1	-0.0710076379252367
TPT1	-0.0710618326304475
RPL13AP22	-0.0713945863378095
BICRA	-0.0715201714660926
POLR2J4	-0.0716054778425889
CAMK2N1	-0.0717143278009555
ALG11	-0.0717197164984692
YIF1B	-0.0718109573746436
COG4	-0.0719951026158901
ZNF623	-0.0721372684449744
MFSD6	-0.0721710001617864
ETV3	-0.072202883601755
RRP1	-0.0722176508810623
TERF1P5	-0.0725232291944355
MITD1	-0.0726353266100286
MED28P1	-0.0726878850648254
TEX2	-0.0728348754867621
NKD1	-0.0729250271811734
SYNJ2BP	-0.0729444009389758
RAD1	-0.0729794706143794
FNTA	-0.0730751081511786
ZC3H15	-0.0731672701524685
SAMD15	-0.0733507295138591
CRKL	-0.0734532421221942
MMP15	-0.0737516900038929
SELENOK	-0.0739295334059957
TCERG1	-0.0740351288391576
GAS1	-0.0740680677997753
MYD88	-0.0741593247670854
ESPL1	-0.0741667400723989
RNASE4	-0.0742568874318513
CAPN10	-0.0742580189201994
R3HCC1L	-0.0745118739550438
EIF4E2	-0.0746114939669803
PCOLCE2	-0.074812762654891
ZNF140	-0.0752981882621655
RTEL1-TNFRSF6B	-0.0754862939319235
TMEM222	-0.0754979446760043
PTCHD3	-0.0755755341180305
GUSBP9	-0.0756350836101127
RPS18	-0.0760919928522532
KDSR	-0.0761987534317604
DIXDC1	-0.0766883467422624
RPL3L	-0.0768343937525331
GOLGA6L3P	-0.076963897167415
BRF1	-0.0772435518668633
OAS1	-0.077424837618607
GPR151	-0.0776270938650268
GRK2	-0.0777126734339456
MRPS23	-0.0781136261168973
BET1	-0.0783483409401843
FAM53A	-0.0783561422796641
ADAM19	-0.0787628539544762
RPTOR	-0.0787989477277025
SLC25A3P1	-0.0788822980772953
MAZ	-0.0789275469371108
DPP7	-0.0790677490024447
TAGLN2	-0.0794966975907664
WEE1	-0.0795761204546435
MRPS31P4	-0.0796237287856691
RTL4	-0.079712498793791
ZNF732	-0.0798074524751479
PROZ	-0.0798588729407811
KNG1	-0.079908345085339
IRS4	-0.0800327734346501
CRHR1	-0.0803567646039922
RPL17P39	-0.08044638670186
PPP1R3E	-0.080491544124698
TIAM2	-0.0805858168245548
DDIT4	-0.0807277561176047
RPS3A	-0.0807308378400204
LRRC43	-0.0807619542383942
UBE2S	-0.0807990141115567
RBM3	-0.0810312422913763
AVEN	-0.0811679171232343
SHQ1	-0.0812339359652028
RDH14	-0.0815024118900191
KCNQ3	-0.0815788253434009
ANKRD39	-0.0817780564390206
SREK1IP1	-0.0817809113325888
TRMT9B	-0.0818779587574216
EIF2D	-0.081889173084288
WDR46	-0.082161730914703
HDGFL3	-0.0822703358899296
CDC42	-0.0823816826488904
SERF2	-0.0823896444446277
ODAD4	-0.0826033966170506
STX16	-0.082778242313362
EMC1	-0.0828774428435897
PLXNB2	-0.0829218960521506
SGF29	-0.0829388286304428
FTCDNL1	-0.0830243274117774
PGLS	-0.0831026369713727
DYNC1I2P1	-0.0832465132684391
C4A	-0.0836495026141916
TRAF3IP2	-0.0837653009322659
PIK3R3	-0.0838669966415307
SLC23A3	-0.0840872937504335
NELFE	-0.0841753211282329
ARNT	-0.0842415543733213
NDUFA6	-0.0845348357695232
TAF7L	-0.0845806066777467
STK32A	-0.0847423401505762
E2F3	-0.0848910412313195
SYT5	-0.0849486015136394
GNG10	-0.0850376731733012
HNRNPUL1	-0.0854273279704803
TACR2	-0.085512517665016
SLC9A8	-0.0855909322144044
MPP4	-0.0856661319889925
CCNE1	-0.0857474738979684
LRFN3	-0.0861449883528642
ABCA11P	-0.0861998338311524
SRP14	-0.0862188811401007
RNF212	-0.0863591153375206
RBL2	-0.0863811535146495
PRR11	-0.0865956944205681
RNF146	-0.0869071037289843
CCNB2	-0.0870331270739828
FUCA1	-0.087067624703203
MSC	-0.0870708304839805
CORO1C	-0.0870987920565736
CCDC38	-0.0871922158955965
CDYLP1	-0.0872873928837396
MARK3	-0.0873789327601974
DDX56	-0.0873984956259536
RTP4	-0.0874715967609606
SMPD4BP	-0.0875165807150692
YBEY	-0.0876512127089016
DFFBP1	-0.0877942457791933
RAP2CP1	-0.0878489835189008
USP12	-0.088317266252382
HSH2D	-0.0883748650758854
ENPP3	-0.0884797402457842
POLR2E	-0.0885605197525492
PPP1R14BP3	-0.0886927700497289
CENPM	-0.0887054764633964
OR2AG2	-0.0887482274715505
TRMT11	-0.088785100305538
BTBD1	-0.0891594185808079
ENPP7P5	-0.089531858971609
KCNG2	-0.0895350152304851
ZSCAN32	-0.0896126120835299
GRM5P1	-0.0898763645636819
SELENOO	-0.0898882739388407
ZNF718	-0.0900209219744217
AZIN1	-0.0900445768198188
PACRGL	-0.0900803649201372
GIP	-0.0901775301126375
EIF3M	-0.0903032470311921
FUBP1	-0.0903097713085396
PTGES3	-0.0903686051130191
USP38	-0.0903735853999205
MCAM	-0.0904211212803944
SUPT16H	-0.0905259377312792
RPL10P9	-0.0906494328018611
GPATCH3	-0.0908319610286249
SNRNP200	-0.09086833660664
ZSCAN10	-0.0910223105340466
SKINT1L	-0.0914052805598165
QSOX1	-0.0914598718643035
RARS1	-0.0915136248025421
RRP8	-0.0915192482860865
KIF13B	-0.0915394640308061
SLIRP-OT1	-0.0917058429496943
TGM3	-0.0919936549773503
CCDC138	-0.0921641839784631
RPS26P6	-0.0926598909732479
DIPK1A	-0.0929018249351623
FDXACB1	-0.0929249218014053
KRBOX4	-0.0929794027398164
DHX37	-0.0933197429623645
HSPA4L	-0.0934314544510378
GDF9	-0.0934664533030793
NPPC	-0.093540928605502
DVL2	-0.0936123034494631
TUBA1A	-0.0936411073875536
MAGEA2B	-0.093698284458986
HYAL1	-0.0938267692261325
HLA-DQB1	-0.0940547517965431
FAM221A	-0.0941527347439297
SLC28A2	-0.0944858485406467
HIF1AN	-0.0946795869695688
TPI1P2	-0.0951943299646399
CABYR	-0.0953586823363819
KCNT1	-0.095522993403644
PMM1	-0.0955804297367664
CASQ1	-0.0958365681303479
ZDHHC3	-0.0958811221001786
HNRNPAB	-0.0958912206112305
NOL8	-0.0959952808267858
OLA1	-0.0960756055557966
TUBB8P8	-0.0964182944812233
AKAP9	-0.0965089275615796
DDX49	-0.0965214535219833
PCDHB13	-0.0966858700933399
ARSK	-0.0967412562502465
HNRNPA1P4	-0.0969516966861154
MYCBP2	-0.0971459818537562
PTN	-0.0972094355532919
IST1	-0.097431229369323
RPL12P7	-0.0976667568707487
FOXA2	-0.097685690250374
CABLES1	-0.0980851974917069
MPV17L2	-0.0983162927553046
ANKIB1	-0.0984067982333098
PDXK	-0.0984446925069661
TNKS	-0.0984950064664279
MMAA	-0.0985324557048782
PDIA5	-0.0987445504897249
HSD17B4	-0.0989836675075057
PIM1	-0.0992315441012769
TOX2	-0.0993155547000769
OR2W6P	-0.0993740282066657
MESD	-0.0995036081019645
BPHL	-0.0995073904694414
SLC26A10P	-0.0995567823843914
SQLE	-0.0998247895380296
TMEM67	-0.0999440522051809
TTLL2	-0.0999514580681133
C6orf47	-0.100081804010294
DPY19L2P3	-0.100155145800152
MLLT1	-0.10039951252214
TRAPPC9	-0.100463312956861
ZFY	-0.10053541292689
ANKRD13D	-0.100757310125629
MORF4L1	-0.100946345871553
PGAM4	-0.100970840436655
SUCLA2	-0.1011430793504
PEMT	-0.101277528615639
STAT5B	-0.101377751151001
GABRA1	-0.101522194388173
ZNF687	-0.101542033897761
ZNF354B	-0.101655832593629
COPZ2	-0.101863386476484
FERMT3	-0.101995436061875
GRK4	-0.102138414994675
GPKOW	-0.102413748516641
FMO4	-0.102469976446591
MICOS13	-0.102533463670734
TDRD7	-0.1029667549424
UBXN10	-0.103126926656437
UQCC1	-0.103184869438258
SP9	-0.103229104739753
APOC1P1	-0.103464719075348
TMEM198B	-0.104855171216952
SEPTIN3	-0.105116550174195
PDS5B	-0.105242408371308
RIOK1	-0.105526162598844
PMS2	-0.105637713615194
SYNJ2	-0.105730665366827
NCEH1	-0.105733355191933
QSER1	-0.105926178701149
MRPL50	-0.105968898843931
COPB2	-0.106258136697095
FIGNL2	-0.106261134309842
RTEL1	-0.106294228485823
COPB1	-0.106305490467676
AFG2B	-0.106323156124696
DGKZP1	-0.106335465146874
ARID3B	-0.106369337977001
INTS1	-0.106712250008501
MZT2A	-0.106720755236822
IKBKB	-0.106879235861048
PPIA	-0.107065295204171
MIER1	-0.10754947948161
GPM6A	-0.107571936611976
FBXW2	-0.108242468684405
ZNF189	-0.108350008348897
ELOVL6	-0.108621458296064
NOP9	-0.108626328285194
SGPP1	-0.108813835775685
MRPL14	-0.108946036686458
PAQR3	-0.109015205342879
C1orf174	-0.109031136965106
CDR2	-0.109051020614546
PCDHGB9P	-0.109158515812414
RABGEF1P3	-0.109273071843555
EIF2S2P3	-0.109323193313972
GOLGA2	-0.109727899960525
RAF1	-0.110122073906151
GUF1	-0.110186041137937
TBX5	-0.110444795414232
ADRA1B	-0.110506514251714
THOP1	-0.110561293939372
CLUHP3	-0.110588298127553
RHCE	-0.110739016253529
ZNF519	-0.11075306607628
STAT2	-0.110804017037518
PDE10A	-0.110826991288512
REXO2	-0.11097635287051
IPP	-0.111053067536579
ALX4	-0.11106873492294
RPL4P5	-0.111078368258883
DUX4L34	-0.111098655354533
REN	-0.111168575609662
TRPM6	-0.111400507909213
MISFA	-0.111469563991956
ALDH7A1	-0.111740684618843
SMCO1	-0.111959495909046
HLA-L	-0.112017129851033
USF1	-0.112086360599333
EVA1A	-0.112346446473522
RETREG1	-0.112384818582289
SYCE2	-0.11272023300581
ABCA1	-0.112928254599678
RPS19P3	-0.112992247186107
ANKRD20A19P	-0.113072623944433
HDHD3	-0.113163290461835
DUSP8P5	-0.113172308515304
GPRC5D	-0.113248451051821
KLHL2P1	-0.113249616151108
LRRIQ3	-0.113351507264361
KBTBD8	-0.11346552372455
GPN1	-0.113595452343396
DNAJC8	-0.113627246315748
NLRC3	-0.113688966654485
SHKBP1	-0.113847059958759
KRT18P4	-0.113850704086624
STK26	-0.113859455592605
HSP90AA2P	-0.114137478273532
CEP295NL	-0.114239569018813
PTCHD4	-0.114307105728499
SUMF1	-0.114346832348683
ZNG1C	-0.114367468442005
BIRC5	-0.114371084644022
BET1L	-0.114444377790565
AK2	-0.114675932792874
IRF5	-0.114758271916458
LSM3	-0.115086796988522
CIAO1	-0.115250981064697
TMPOP2	-0.115272717736956
USP34	-0.115347775829492
SNX30	-0.115471194192034
MARK2P19	-0.115552753170546
VANGL1	-0.115653809188374
NFATC2	-0.115694998297957
HERC2P2	-0.116154403303766
TYMS	-0.116408521785738
PCDH15	-0.116443052795724
SPMIP4	-0.116506267351581
OR2B6	-0.116506486699986
STX5	-0.116664503936788
GZMM	-0.116688737013209
DCAF7	-0.11674821041303
ZNF256	-0.116811179997315
UBE2E3	-0.116952771853739
ARHGEF25	-0.117126204525762
ITIH4	-0.117232455946711
BOLA1	-0.117303482941831
HCCS	-0.117598963759301
IL17D	-0.118405829222048
NF1P11	-0.118406594365937
CPSF1P1	-0.118471984414827
HIF1A	-0.118518193413689
DNAAF19	-0.118566118916418
CSMD3	-0.118635089575256
PPP5D1P	-0.118832598971587
TEN1-CDK3	-0.11889230011984
RLBP1	-0.119003842567084
MED18	-0.119011780649612
NECTIN3	-0.119089507378547
ELL2P1	-0.119198263047646
CCDC86	-0.119262959691566
TMEM30A	-0.119409947106118
TSEN2	-0.11949266997136
STK25P1	-0.119534869518373
GMPPA	-0.119628826461965
GTPBP1	-0.120306992616524
ALKBH7	-0.120349213870913
CCNK	-0.12051871750861
CTRL	-0.1205217983175
CLBA1	-0.120763471965547
CCT6P1	-0.121033671638945
PSMA2	-0.121064454596332
TRIM69	-0.121221766456194
RPSAP18	-0.121671674103762
KANTR	-0.1218336139333
ZNF20	-0.121852626857106
CYP20A1	-0.121923397343988
TBC1D8B	-0.121985875745181
NCAN	-0.122076406271485
ZNF263	-0.122677234440354
NIPAL3	-0.12282089385361
HDAC10	-0.122823795537712
LYPLAL1	-0.122916164179405
GPN3	-0.123008016095789
VPS4A	-0.12306426432363
CHAD	-0.123145250245406
SLC35B4	-0.123171894926072
BMP3	-0.123246706576892
RPL17P7	-0.123416175675115
TTC41P	-0.123426681671458
RPL21P118	-0.123798567305162
SPATA9	-0.123820433438054
RIPOR1	-0.12392050322532
TIPIN	-0.124068153189116
CDCA8	-0.1243488701611
HMGN2P15	-0.125408381591185
AIMP1	-0.125686402678243
BAG2	-0.12569605263649
OCIAD1	-0.12577149819559
MCM3AP	-0.125913963105332
H2AC15	-0.126429654466473
KLF12	-0.126588810244404
CACNB4	-0.126619514841933
DHX29	-0.12664822696044
ACSBG1	-0.126763439788805
KIAA0586	-0.126786690050665
CEP250	-0.126907190875463
TMEM14B	-0.127019119764671
HNRNPA1P10	-0.127104840979846
CCZ1P1	-0.127114036856149
ITCH	-0.127306344794553
REV1	-0.127357983676558
PCNX1	-0.127427590423086
DDX51	-0.127434911556409
FAM21FP	-0.127542313732911
RPGRIP1L	-0.127611693186881
PLCD3	-0.127749952163574
CABP4	-0.127819333222674
JMJD1C	-0.127930598629266
SLC25A37	-0.128204663253417
ZNF75D	-0.128856971708583
PACSIN1	-0.129046130398714
SHISAL2A	-0.129198265217296
POLM	-0.129416247707855
JAG1	-0.129474798393061
GCFC2	-0.129487726653799
POLR2J2	-0.129715197196273
NTNG2	-0.129755258707605
GPANK1	-0.129913301233258
TRNAU1AP	-0.130234189792061
ABHD14A-ACY1	-0.130442786981233
RPL7AP62	-0.130477990155624
NEDD8	-0.130536701382123
KCNB2	-0.130710785323619
FBXO40	-0.131026501322218
SLC3A1	-0.131290416605189
ARMC1	-0.13129084713119
ZFTRAF1	-0.131306833947386
PARP9	-0.131504727126688
MOCS2	-0.131579422332958
ZSCAN26	-0.131944511059781
BCL2L1	-0.132233665866409
PSMB2	-0.132331006298642
ERICH6	-0.132435637104678
CTU1	-0.132499305858371
GLRX2	-0.132572038108853
TTC21B	-0.13269720592319
IFNGR2	-0.132881523953522
CHD1L	-0.132948094940818
ELAC2	-0.133011908202812
DXO	-0.13305614889609
ARHGAP5	-0.133083346484611
CPPED1	-0.133232830876586
HPSE2	-0.133272241026874
NIM1K	-0.133274296328538
BUD23	-0.133416892827117
RAB2A	-0.13345853674451
UBXN8	-0.133469808700749
MC5R	-0.133896278490412
SLCO2A1	-0.133956490715729
PNPLA6	-0.134027358242571
RACGAP1	-0.134076039235247
TUBG2	-0.134179247545042
ATAD5	-0.134330059824344
UBR4	-0.134341093218894
TLR3	-0.134482368947963
CYP24A1	-0.134504700567871
PTGDR2	-0.134634282020444
LRRC37A17P	-0.134693524794673
C15orf40	-0.134836822918705
CHMP2B	-0.135189864493658
SLC35A2	-0.135401220959481
AICDA	-0.135437662761895
FAHD1	-0.135490804110945
NDUFB4	-0.135573587694031
ACADSB	-0.135602938642165
HHIP	-0.135692393455542
ZNF658B	-0.13586725621949
IARS2	-0.135978444546993
ARV1	-0.136343816528662
KLRF1	-0.13634951650131
MCM9	-0.136623024744922
FBXL7	-0.13672190614745
SMIM1	-0.136884375584099
MAN2B2	-0.137218960502438
MET	-0.137294966123554
ASPM	-0.137308887982767
IGF2R	-0.137852192003469
SNRNP48	-0.137905531581763
WDR26	-0.138303398446654
NOMO1	-0.138320780386401
ARHGEF28	-0.138335332481587
CEBPG	-0.138603745248664
CACNA1A	-0.138843284626327
NRBF2P6	-0.139323318896837
TMEM47	-0.139469774346814
ATP8B4	-0.139833152992938
SNRPA1P1	-0.139852100172625
GON4L	-0.14015493843637
MYO1G	-0.140370580616512
UBE2J2	-0.140502244220662
CCDC69	-0.140552506009127
FOXP1	-0.140792056816862
YWHAH	-0.140823041602083
POLI	-0.141106424912841
TLR7	-0.141134428885314
NEIL2	-0.141211635776106
FSD2	-0.14122924628844
TGDS	-0.141471664400612
RHOXF1P3	-0.141734340628094
CTNS	-0.141831840930341
TBC1D10B	-0.142071894757921
CDPF1P1	-0.142140739102174
SSH2	-0.142244573492273
TEX264	-0.142354615222059
DENND3	-0.14243130160149
H3P36	-0.142625199670111
NTRK1	-0.142848278826691
KMT2E	-0.142916754727013
ZNF180	-0.142959171115542
CLSPN	-0.143159170716717
FKRP	-0.14328580694503
TUBGCP4	-0.143288305482291
KLHL20	-0.143372257020359
LHFPL5	-0.143438832235707
CACYBP	-0.143756254423376
SMAD2	-0.143796765943498
RPL7AP43	-0.143871222421029
PLA2G5	-0.143912655426932
OR7E47P	-0.144123651860303
CACTIN	-0.144140020029894
EIF3G	-0.144314442241949
ERI1	-0.144453705077061
PINLYP	-0.144494138088726
CEP43	-0.144559382025116
CNMD	-0.144908109842886
PTPN11	-0.14517531178217
MEIS1	-0.145238691163701
RPS19BP1	-0.145255555368071
MFSD6L	-0.145393833976267
SPDEF	-0.145409227497703
C3orf62	-0.145857697321734
DENND10	-0.145930532818925
SEPTIN7	-0.14593989708868
REPIN1	-0.146060821922741
TSSK6	-0.146068858639109
SDHAP2	-0.14619438580482
RUFY3	-0.146222291865651
EIF3C	-0.146644948173315
POLR1B	-0.146998623986224
MMADHC	-0.147456794406227
EFS	-0.147596272498237
SPINDOC	-0.148236458168949
ELOVL1	-0.148307158386462
NAP1L4P1	-0.148313992493999
C1orf122	-0.148339956435914
PHRF1	-0.14845450833103
FOS	-0.148893989533398
MED23	-0.149024854830127
PNMA8C	-0.149255380853768
H1-3	-0.149335355014623
UBXN11	-0.150037208641511
ANKRD7	-0.150257705143027
ANXA9	-0.150289612704388
ZFAND2B	-0.150626663501878
MSH5-SAPCD1	-0.150654675033224
ZBTB8A	-0.15065702977993
GFER	-0.150694346901505
H4C9	-0.150847016749534
MCRS1	-0.150851771766227
RPL11P1	-0.150915419025575
ST3GAL6	-0.150962730539707
NUDCD2	-0.151274839304514
AGBL5	-0.15132295461777
GLCCI1	-0.15155911930614
ZKSCAN8	-0.151849274880203
CAP1	-0.151936848464481
TDRD9	-0.151939699870289
FRG1BP	-0.151940376691911
CSAG2	-0.151941418440638
ZDHHC16	-0.152059007201419
TMEM129	-0.152144322837368
RGS8	-0.152210369596359
PLEKHG6	-0.152215309418309
ERVK3-1	-0.152316647973266
WRAP53	-0.152508618789816
IQCB1	-0.152650248546436
TTLL12	-0.152705027963154
APBA2	-0.152736818314321
CACNG4	-0.152861147696163
RPL37	-0.152938857388677
SMIM10L2A	-0.152976839576848
PSMC5	-0.153055263855101
TSHR	-0.153194335088221
CSPG4P10	-0.15326577928682
SMIM10L2B	-0.153268632826841
NPRL3	-0.153737045776034
C5orf34	-0.153762662121246
TBXAS1	-0.153965153044847
TMEM258	-0.154172056928407
CRY1	-0.154172658806605
KLF1	-0.154371203836802
STK24	-0.154636657746286
LRRTM1	-0.154667628629289
POT1	-0.154683888868911
MKS1	-0.154720966076781
SIGLEC15	-0.154906837806313
YIPF1	-0.154977018607455
SLC25A3	-0.155235589738736
FAR2P4	-0.155539376171193
CISD2	-0.155940543851442
ZC2HC1A	-0.156529082366472
ARMCX4	-0.156839586674024
MTRR	-0.156875925436123
UBAP1L	-0.157107902001696
CLPTM1L	-0.157145418292262
YWHABP1	-0.157238233867047
ZNF624	-0.157329745871359
POM121	-0.158132244033011
CLP1	-0.158634451813199
ZBTB17	-0.159236604828191
APC2	-0.159696047835901
STRCP1	-0.159909082364707
ACSL4	-0.160076011624932
CDON	-0.160149071856025
HS3ST4	-0.160230421805057
H2BC12	-0.160424912911923
ATXN7L2	-0.160764041900549
AP3M2	-0.160972228203292
KIAA1958	-0.161034452513544
B4GALT7	-0.161143065824498
PRR15L	-0.161289771687257
SLCO1C1	-0.16143983595835
LXN	-0.161497238402038
LZTS3	-0.161558251512351
ZNF174	-0.161686394351825
QPCTL	-0.161980264188797
COPS9	-0.162006614497347
ZNF688	-0.162015916594073
THAP4	-0.162033546013281
C1orf50	-0.162351928331235
RBM23	-0.162378575691396
RPL13AP20	-0.162419326093302
RAB42	-0.162533179624856
RXRA	-0.163075243340916
GGPS1	-0.163105691557887
ZFP82	-0.163184722634466
ACRBP	-0.163217028828702
EBNA1BP2	-0.163296026529281
NDUFS6	-0.163380343174038
RBM8A	-0.163633939867212
TRIM41	-0.163701925411498
CHN1	-0.163749882211612
TRIM54	-0.163783423839097
SPCS2	-0.163814373136061
RFPL2	-0.16402588479984
ZNF331	-0.164361861389127
KIAA0319	-0.164512546858144
RTTN	-0.164630474404921
WIZ	-0.164638193425481
TEX21P	-0.164859720277848
SMG6	-0.164881133805017
PUS7L	-0.165185956259397
ISY1	-0.165194704408826
CREG2	-0.165199346058827
AZU1	-0.165202711035808
PGGHG	-0.165272032941903
GJB6	-0.165476656239058
STARD6	-0.165497991664822
CDC42EP4	-0.165557410703895
ZNF66	-0.165585855963816
ACOT2	-0.165608543626302
EPHX4	-0.165686168605206
TMBIM4	-0.165834505721023
ZNF300P1	-0.165989496646829
KLLN	-0.166052608908514
DNAJC24	-0.166235119361375
QTRT1	-0.166294098422857
DHDDS	-0.166578137103095
EPPIN-WFDC6	-0.166697691131308
DNAJC19P5	-0.166937275196732
RPS6P25	-0.167245434889229
LRRC24	-0.167326536248793
UTP18	-0.16750186988367
ACAP3	-0.167632129021652
NRADDP	-0.167723352328624
GOLGA6L17P	-0.16778154324107
FOSL2	-0.167832943413703
GPR87	-0.16788525823653
LAMP2	-0.167888412689879
WSCD1	-0.168027271786018
SEPTIN8	-0.168286050214996
PTCD2	-0.168431961305774
CDIN1	-0.168656393525235
STK11	-0.168668325455662
BRD4	-0.168722981867377
AADACL3	-0.168851745319413
CYP21A2	-0.168853717746322
CDK2AP1	-0.168945341879466
DCLRE1C	-0.169073915162605
PNPLA4	-0.169102142226919
GDE1	-0.169316957225388
PSME3	-0.170058247397987
VBP1	-0.170134851931644
SSBP2	-0.170423344319265
ABCF3	-0.170493946337165
CCDC116	-0.17066412416849
PLAGL2	-0.170790048067276
GPR180	-0.170839458023438
ZNRD2	-0.171088933155062
ZFP91-CNTF	-0.171209451589775
SLC35G5	-0.171280250465682
RPS29	-0.171354017337501
VRK3	-0.171660040253219
RIMBP3C	-0.171702146521967
TIMM50	-0.171802720841862
KLHL18	-0.171829867500539
RNF144A	-0.171870927475892
MRC2	-0.171885218193003
GDPD1	-0.171970053175326
ZNF598	-0.171976563701368
SMG8	-0.172052464263898
SART3	-0.17209796535071
NPFF	-0.172713968508706
CRYZL1	-0.173001218788137
OSBPL7	-0.173162758155565
SLC2A14	-0.173191035921671
LNX2	-0.17328496977385
SYCP3	-0.173370079666558
TRIM74	-0.173391697020283
JPT2	-0.173433175199796
RGPD5	-0.17403591440322
CCT6P3	-0.174126628312156
TUBA1C	-0.174179453831076
DNMT3L	-0.17438799140323
TMEM138	-0.174607677645466
CHAMP1	-0.174686554707076
BEND5	-0.174752592054125
OR9H1	-0.174798192757894
USP9X	-0.1748824904655
FCGR1A	-0.175181051273789
NUDCP2	-0.175282806806295
ZNF638	-0.175674113144453
CCDC91	-0.175695642848067
TTLL13	-0.17580885817365
LVRN	-0.175954660910931
OR9K1P	-0.176106877150963
SMC6	-0.176118160060814
LEP	-0.176188061198966
RPL19	-0.176213887563972
PCDHGA6	-0.176237936458632
SRSF7	-0.176551604045435
MTRFR	-0.176613851105276
ABCB9	-0.176703301855676
KLHDC2	-0.176736425865762
CDC37L1	-0.176970666264559
CSRP2	-0.177040528590692
SSUH2	-0.177173699773625
ONECUT2	-0.177174969841605
TMEM271	-0.177246334383665
PRKAB2	-0.177274332320249
C21orf91	-0.177299476795116
GOLGA8B	-0.177438894617103
CPN1	-0.177582986217654
DACH2	-0.177797538965893
LAT2	-0.177905821665272
CCNQ	-0.177988706349222
CBY1	-0.17807323625307
ATP9B	-0.178146832493355
ZNF490	-0.17817742421694
KIF9	-0.178412981552771
TFPT	-0.178417561118391
NDN	-0.178422297837166
PDE12	-0.178432352797675
CA9	-0.178497844348181
ZSCAN5B	-0.178531072813717
BARHL1	-0.178555046843978
DDB2	-0.178563845330669
KAT8	-0.178649527536486
MYO1A	-0.178849073372189
RPL14P1	-0.179009736730116
RBM45	-0.179413347057451
NKAP	-0.179766292311391
TXN2	-0.179868656796245
HGH1	-0.179940228646571
TMEM131L	-0.180037849649654
HNRNPH1	-0.180104207490528
DUSP10	-0.180506402460607
MNT	-0.180564550589236
BCL2L2	-0.180626091994174
BRD3OS	-0.180722924653748
UBXN1	-0.180766721031949
NES	-0.181249150822854
GAS2	-0.18129356917499
SAAL1	-0.181445981011522
TCEA1P4	-0.181781099160862
HNRNPH1P1	-0.181884777023308
SRSF11	-0.181988038021535
EPHB2	-0.182039022665532
NLRP2	-0.182164040368579
ACSF3	-0.182321177174036
WDR31	-0.182397154049828
FRZB	-0.183106778662425
PSMC2	-0.183151145136329
TNFSF18	-0.183348348912603
ZACN	-0.183351431038987
IFT20	-0.183501757250869
RIC8B	-0.183680967048393
EXT1	-0.18368992737016
HMGB1P6	-0.183935871641505
FAM86KP	-0.183986264361062
CLEC2L	-0.184069336782808
FTLP3	-0.184357511394731
PTRH1	-0.184428698225044
CYP4F11	-0.184576921653251
LRRC70	-0.185162611486821
C16orf74	-0.185347125892828
SQOR	-0.185465775609605
PDF	-0.185559592217355
ETNK2	-0.185647951418775
RILP	-0.185704363836234
HCRTR1	-0.185889402022642
SMC5	-0.185908763913236
MEGF6	-0.185972169328004
JTB	-0.1861520183921
PUS1	-0.186532757952889
SESN3	-0.186729111708027
SREBF2	-0.186868584281961
CHD4	-0.186923100002677
LEFTY1	-0.187122381925608
BGLAP	-0.187125579911719
EPO	-0.18721633838277
EEF1B2P3	-0.187507015527177
SYNPR	-0.187911733907186
MGA	-0.188236299495063
ARX	-0.188479527927644
TSC22D3	-0.188749977144136
RFX2	-0.188752336913533
SSC4D	-0.188761119329298
MRPS31P5	-0.18878370763798
ZNF250	-0.188821250469932
FBXO7	-0.188933833779531
PMP22	-0.188965127387103
RNF2	-0.189176065771432
TSSC4	-0.189277586063267
OR56B1	-0.189334331961104
ATP6V1C2	-0.189555028915188
EEF2KMT	-0.19004898485554
CLK3	-0.19005276061369
EPG5	-0.190101026649168
DLL3	-0.190199448796628
AIDA	-0.190985012766698
EIF4A1P2	-0.191028129500975
NCDN	-0.191290851318104
CDS2	-0.191360489804784
METTL2B	-0.191473349103837
CSDE1	-0.191601680097674
MRPS22	-0.19205941108442
ADAP2	-0.1927529234692
SCN3A	-0.192770401894036
GAPDHP37	-0.192780517784709
CLEC4OP	-0.193031138050484
BTBD8	-0.193183469359842
CACNB1	-0.193193894592196
LSM6	-0.193214387238729
C2orf42	-0.193579627554877
AFAP1L1	-0.193661983819724
CSTF2T	-0.193721143101029
SAP30BP	-0.193929999422776
RNF185	-0.194094314457053
DNAJC16	-0.194160291527572
TEFM	-0.194222379767026
MSTO1	-0.194285857904323
HAUS1	-0.194448504220621
FBXL18	-0.194748437707126
OSBP	-0.195141629592307
SH3GLB2	-0.195194079942229
ZNF767P	-0.195239514088988
GABPAP	-0.195455153323356
JUNB	-0.195583088514359
PSMA5	-0.195597324631359
KDM5C	-0.195727778743489
CDK3	-0.195808068786942
EFNA3	-0.195858307442172
GTF2F1	-0.196083079462779
KLHDC9	-0.196136560888915
ZNHIT3	-0.196244565113858
TSNARE1	-0.196432454337578
GORASP2	-0.196768326650704
CDH3	-0.196898789805569
CCNG1	-0.196900793589478
AMER1	-0.19695000402207
STRADB	-0.197089159549786
HDX	-0.197285088021216
DYNC1I2	-0.197292109275632
EIF3CL	-0.197317673010097
FAM90A27P	-0.197505297066983
CCNYL2	-0.198071910978209
SGO1	-0.198084784484302
VPS37D	-0.198333057488207
ZNF597	-0.198336957108783
CDK5RAP2	-0.198997731909162
HGS	-0.199201245365501
ZNF512	-0.199343192941678
ZSCAN18	-0.199510611357906
ULK2	-0.199608936115538
DUSP7	-0.199989432731581
ARL6	-0.200034780452715
EIF4G3	-0.200045724785586
TKFC	-0.200090488118952
FOXO3	-0.200335249891383
CNOT11	-0.200643013071938
ZDHHC20	-0.200775865458817
TARS1	-0.200913140934557
FGF16	-0.201048814452968
HSPE1P2	-0.201140432191394
ADAMTSL5	-0.201211968522711
SETP14	-0.201290120143893
ADAR	-0.201354571475395
GPR161	-0.2014016324749
GINS3	-0.201719512550663
RBM25	-0.201773053444604
BST1	-0.202200842576722
GID4	-0.202383780424648
QNG1	-0.202782690510527
DBIL5P	-0.203139413902966
RABGEF1P1	-0.203249719052245
EIF4G1	-0.20331343505934
PLS3	-0.203521013761394
ADAMTS18	-0.203609014463164
RPL26P19	-0.203620123333413
FGF7	-0.203649477995109
STRA6LP	-0.203677309885006
ADNP2	-0.204095690615183
PCDHGA12	-0.204350741460749
SFTPD	-0.204649135842641
USP12P1	-0.204828179157801
POLR2F	-0.204871956276735
STK11IP	-0.20488451324897
CDK13	-0.204906709707642
LEMD3	-0.204949132745793
ST13P6	-0.204949492494687
EIF2S3B	-0.205001768747595
LGALS7B	-0.205090632291788
WWP2	-0.205095082517547
GSTO2	-0.205292795618978
CLCF1	-0.205613480173987
PBK	-0.206224245261046
C19orf53	-0.206590894886145
PROCA1	-0.206823074572959
TRIM56	-0.207044769683781
BRINP3	-0.207137425752618
MTND1P23	-0.207250151928417
FAM238B	-0.207380221934068
NR4A1	-0.207470928644226
RAPSN	-0.207605678611794
BYSL	-0.207654460182042
HPCA	-0.208045095691221
MPV17	-0.208333355792165
NRBF2	-0.208812341355928
ZNF696	-0.208908397926857
ZNF518B	-0.209179068942809
CHRD	-0.209193053744736
TRPM4	-0.209237998243387
PPCS	-0.209252884083998
WASH4P	-0.209696767782431
NME8	-0.209743350456137
KCNA2	-0.209777616325956
HECTD1	-0.210315512594914
YTHDC2	-0.210369669308871
NUFIP1	-0.210416715400976
MACO1	-0.2104375805452
APOD	-0.210448965379789
MAGOHB	-0.210586908035058
GPR137C	-0.210647114563808
IL1RAP	-0.210801831123086
HLX	-0.210813202352583
PRRC2C	-0.210875429850334
ZNF833P	-0.210899936198475
RPL23P2	-0.211141073632131
GOLGA8A	-0.211310115100168
FGF12	-0.211514596703602
ANOS1	-0.21176395667065
GIT2	-0.212012176341806
BIN2	-0.212233982894479
UBE4B	-0.212344519719335
ZNF815P	-0.212524205152628
MRPL41	-0.213009035848377
MAK16	-0.213054568834256
KRT18P17	-0.213549840395493
GAR1	-0.213588599769182
RPL6	-0.213981558252375
NEMP1	-0.214383882813509
CCT6B	-0.214689297554081
SUGP2	-0.214803351337467
PABPC5	-0.214956464238446
FAM169BP	-0.215498248561354
ERCC8	-0.215576578972511
RAB3GAP2	-0.21577089543322
USP2	-0.215903582673681
UPF2	-0.216115333233759
TNIK	-0.21635389148927
CXXC5	-0.216654825608501
AKR7L	-0.216727127738131
RACGAP1P1	-0.217405145427615
MYO3B	-0.217429706870322
NDUFB4P11	-0.217465418002764
XPNPEP3	-0.217505756362588
SERINC3	-0.21756818794957
GSTA4	-0.217580961906821
RNF224	-0.217730139778874
DSG1	-0.21784137026861
KDM1B	-0.218036173732039
RDM1	-0.218381479326671
PKNOX1	-0.218509386312158
GPR176	-0.218627942086914
SRD5A1	-0.218660701177391
DRAM1	-0.218734999680532
ZNF593	-0.2189733186624
HPS6	-0.21919485596964
KLHL21	-0.219206744258353
HFM1	-0.219308251981193
PCDHGB8P	-0.219395554346079
PPP2R5E	-0.219435943842251
RPL9	-0.219462001362671
IRF2BP2	-0.219873829443111
SLC35E1P1	-0.219896141940605
EXOSC2	-0.219919081274403
RPGRIP1	-0.219984286698107
APCDD1L	-0.220209920146536
ZNF285DP	-0.220299378342582
ZNF77	-0.220393507672535
SPA17	-0.220424146620371
CARD9	-0.220449785463855
PCDHGA7	-0.220452835578968
CRYGN	-0.2205771081751
TRPC7	-0.22065502977918
RPL23AP42	-0.220969561077475
NOB1	-0.220987047769162
JADE2	-0.221027963709487
EEF1G	-0.221622779242145
PDIA4	-0.221660349043614
FBXW11P1	-0.221796536107194
PAXBP1	-0.221945405425483
YAE1	-0.221976878888566
FER1L5	-0.222082721047702
MPDU1	-0.222132916898029
DDX60L	-0.222305589975337
PARP16	-0.22255383736382
CNNM4	-0.222563745827923
MBL1P	-0.22257334607915
SHANK3	-0.222664791054741
TXK	-0.222677779464453
MDM1	-0.222766452264975
RFC5	-0.222802041346774
RSRC2	-0.223066249152537
MED26	-0.223170007652048
STAC3	-0.223175219816053
ODAD2	-0.223235558388279
PDXDC1	-0.223895737554335
LRRFIP1	-0.223914768653197
GNAT2	-0.223916117373774
KHDC3L	-0.223950029056482
RPL4P4	-0.224096496717019
NMT2	-0.224179227844016
REXO5	-0.224226655752029
KDF1	-0.224370871888179
MCM3	-0.224542986310064
SULF1	-0.224638696468722
TUB	-0.22471985980105
RTF2	-0.224802737518042
CFAP20	-0.225021173481687
RHNO1	-0.22512277250585
RC3H1	-0.225124919764132
WDR93	-0.22523022109868
FAM13C	-0.225591130239703
MAP3K13	-0.225648858282857
LUZP1	-0.225904100767262
RPL17P18	-0.225909769473458
ACAD10	-0.225975347629415
ZNF653	-0.226002008705164
ATOSB	-0.226276630466515
MRPS14	-0.226346146198403
CFAP73	-0.226401477703601
P3H4	-0.226441384339734
CNTNAP3C	-0.226449147921575
ERVFRD-3	-0.226518136108019
POLDIP2	-0.226613996478114
ELMO1	-0.22670692463807
POLR1A	-0.226796132007143
ZNF790	-0.226803529897735
SPP1	-0.226804356051896
GNA13	-0.226934290604589
FBXO31	-0.227125601610803
ZNF622	-0.227379469451343
MFSD14CP	-0.22739312659579
C1orf43	-0.227449754620286
OR2A42	-0.227583257155581
TMEM30B	-0.227971708576451
ACER3	-0.2280383785399
BANK1	-0.228120360157846
CTNNA3	-0.22829760679351
LEO1	-0.228413653640679
MRLN	-0.228564815143719
RNF208	-0.228587224461559
IFIT1P1	-0.228649894951505
C2orf49	-0.228654505818312
SGCG	-0.228713652446713
IP6K1	-0.228762231561439
TAF5	-0.228848396427934
TMEM94	-0.228872523781889
PSMB3	-0.22894361061317
CDX1	-0.229409631441294
NINL	-0.229598401996204
HOOK1	-0.229667671284146
SLC25A46	-0.229711746713844
MSH4	-0.229828061099765
FNTB	-0.229837438956355
COX16	-0.229837702778736
CHMP1B2P	-0.230030017292921
ZAR1	-0.230050080372584
IL13RA2	-0.230292387613852
RPL36A	-0.230803207771225
C1QTNF6	-0.230837031166648
HYI	-0.231101491322106
C14orf93	-0.232381969288808
MAGEA12	-0.232957257165422
KIAA0232	-0.233069363604208
TDP2	-0.233201232602699
AXDND1	-0.23324063888726
DCBLD1	-0.23330524906941
MOB2	-0.233497597444107
CREB3L2	-0.233829583862016
POLD2	-0.233890757046074
PIPSL	-0.23408232391668
MTAP	-0.234179270015151
ARIH2	-0.234266533444829
CD99L2	-0.234505325638075
KLC3	-0.234693367034667
SLC30A6	-0.234892100898689
KCNIP2	-0.234901129824634
ZNF358	-0.235057008044546
TENT5A	-0.235072215122941
SOWAHB	-0.235209168683081
HSPB9	-0.235216629390335
PCGF1	-0.235341458725257
STX3	-0.235505029235791
RAB8B	-0.23570126356592
HDDC3	-0.235899870546721
GOSR2	-0.236367394232186
MRPS33	-0.236453853794343
TNPO1	-0.236604201346435
IFT88	-0.23676655868205
SUGT1P2	-0.236769602425538
ZFAND5	-0.23678453605995
BROX	-0.237094244068641
PMPCA	-0.237332978028794
H2BC18	-0.237432973368195
ACTL11P	-0.237439800970901
NRIP1	-0.237493667954993
TRADD	-0.237847374907221
ICE2	-0.238081259397937
TMEM154	-0.238331442428207
RABGAP1	-0.238481802092375
ARSB	-0.238877104915515
GNAI3	-0.238991225025941
PSMB1	-0.23905597624972
DNAJC7	-0.239295795091801
IQCN	-0.23960684245418
ATP5F1D	-0.239725572464397
CPAMD8P1	-0.239839930214175
GAREM2	-0.239925042744178
PALS1	-0.240022513032135
EVPL	-0.240132602905209
RALGDS	-0.240495022275551
INSRR	-0.240583829269612
TSSK3	-0.240592229999101
C12orf42	-0.240749417140429
NBPF25P	-0.240809454719098
PSMA4	-0.240833195463281
SH3KBP1	-0.241111944482694
NKTR	-0.241671633316556
TRMT61A	-0.241745240870627
TIAL1	-0.241762166758746
DBN1	-0.241812773800728
NPIPB15	-0.241896302850467
KRT7	-0.242298492308945
FTH1P16	-0.242588846926963
RPS2	-0.243169487294589
NEK7	-0.243530059069625
TBC1D31	-0.243735148865139
IL17REL	-0.244010982572068
HOMER1	-0.244024676797536
NEK9	-0.244344447865082
SAMD5	-0.244389327172706
TSGA10IP	-0.24447119139957
CASP9	-0.244807780789217
UNK	-0.245351895338735
GTF2IP20	-0.245449043019354
CLCNKA	-0.245568951413597
METTL3	-0.245670620656192
CANX	-0.245683107357867
EML4	-0.245931760632095
FBXL20	-0.246291850080746
SNRPE	-0.246591013470418
ZNF425	-0.246764583077731
MAP4K1	-0.24697246345493
TMEM81	-0.24710781152702
KLRA1P	-0.247200034836587
CYB5A	-0.247276014755939
MCMDC2	-0.247382675062611
EHD1	-0.247399215306277
PPP1R3G	-0.247612563997258
PPIAP14	-0.24772268877623
MSANTD1	-0.247766224809708
PLAA	-0.248004354322537
RAP1A	-0.248042567578981
STK39	-0.248401042970574
RPL10P15	-0.248564707195952
CDKN3	-0.248572559517124
VPS37A	-0.248633890063874
FASN	-0.248786134352783
AHCYL2	-0.249061803429688
PRR14L	-0.249144241764226
FXR2	-0.249245589955482
ZRANB2	-0.249311035678619
POLR2J	-0.249500391473226
PEBP4	-0.249703525396227
STEAP4	-0.249779254007674
FHIP2A	-0.250048953955747
DEFB131E	-0.250146671669587
NKX6-3	-0.250189347556535
UCP3	-0.25019270112739
ZC3H13	-0.250256933877565
PXT1	-0.25032446130746
OAZ1	-0.250387500806046
DCUN1D3	-0.250401154766785
TNFRSF25	-0.250510125372808
TTLL6	-0.250978673022114
WDR77	-0.251059158775437
ATRX	-0.251110414239158
ATP1B1P1	-0.25125731131587
DNAL4	-0.25144968751697
ARMCX5	-0.251867992722101
BRMS1L	-0.252037179949328
TMEM150A	-0.252042882304438
ZNF547	-0.252247927049579
CCDC28B	-0.252371233617058
H4C5	-0.252462857934367
LETM2	-0.252556056255806
RAB40A	-0.25290019407951
MADCAM1	-0.252913368761212
TMEM256	-0.254094332320378
DNM2	-0.254300882677671
GSPT2	-0.254371291350193
UBE3B	-0.254597132558178
USP19	-0.25497808820381
XPO7	-0.25551590780135
RGS4	-0.255568507796539
ZDHHC17	-0.255643805544326
GCHFR	-0.255751860890186
RBM22	-0.255866591565909
EOLA2	-0.256160736600928
PDE4DIP	-0.256183514718417
NUMA1	-0.256451857181844
POM121B	-0.25680914659426
PPEF1	-0.257059320352197
ERCC6L2	-0.257276572804906
RSPH3	-0.257313334996948
DDX39B	-0.25781253983227
ENPP7P8	-0.257876567614957
OTUD5	-0.258074938233947
POTEE	-0.258311833803981
ATXN7	-0.25833922380938
INPP5J	-0.258421272163643
USP11	-0.25906655222697
TUBB8B	-0.259611855969074
HS3ST3A1	-0.259895647387644
IQCD	-0.260037181055865
TAF10	-0.260231907321836
ALKBH8	-0.260423083432204
DPM2	-0.26057516411655
TDRD12	-0.260792938245608
KLHL34	-0.260809073301683
GFOD3P	-0.260925006417621
OXLD1	-0.260984223312833
BOLA3	-0.261043407551105
WDR13	-0.261050418341992
ARG1	-0.261298667750484
PRPF19	-0.26144606833772
EMSY	-0.261527696000041
SLC33A1	-0.261688884822574
OTOP2	-0.261794258447445
ARL8A	-0.262259522276038
GTF2E2	-0.262904223586596
MARCKSL1P2	-0.262927418012395
PSMD10	-0.263053468881114
ISG20L2P2	-0.263096372098643
PTPRN2	-0.263112050170173
TPD52L2	-0.263336932320545
IMPDH2	-0.263411629076411
GATC	-0.263650315077953
EGFL6	-0.263941712226791
SRRM2	-0.264191508439624
LMNA	-0.264207775326615
DAB2IP	-0.264277667431102
PHF10P2	-0.264608371187724
PLPP2	-0.264712882208493
ESS2	-0.264821555283654
SLC5A9	-0.264960707856115
IGDCC4	-0.264996071816345
ITPR3	-0.265147407787215
B9D1	-0.265529481787178
CD302	-0.265769103313506
MTCL2	-0.266338800140382
PHOSPHO2	-0.266456543619773
RTBDN	-0.266516422919752
MDP1	-0.266536874387102
TBC1D25	-0.266549728561887
ATG9B	-0.266624743648381
TMPRSS11D	-0.266639972122046
ESAM	-0.266675912198459
BAK1P1	-0.26693100086489
DDX50P1	-0.267122720448802
EXD1	-0.267198100920884
H4C16	-0.26730328199005
DNAH6	-0.267582222104034
TMSB15C	-0.267840493124008
TCHH	-0.268268480815258
THOC5	-0.26847467952898
IQUB	-0.26848917419649
NMNAT3	-0.26856676984351
PRMT2	-0.268634078084991
DOLPP1	-0.268646605272721
CCDC17	-0.269181058008475
MAPKAPK2	-0.269199748524575
PHAF1	-0.269392689404481
DDX19A	-0.269435455670233
LGALS14	-0.269532880829126
KLB	-0.269652119760779
SKA3	-0.269696129335983
MFSD13B	-0.269834797450495
TNFAIP8L3	-0.26992335606396
EME1	-0.270071047481455
CWC15	-0.270135628922267
RAPGEF1	-0.270151057130977
SLC25A5P5	-0.270277299433636
RBBP4P1	-0.270416687425052
KLC1	-0.270861049638971
HIBCH	-0.271149320282517
GCSAML	-0.271244673391128
GLDN	-0.271607415335988
PLAC8L1	-0.271853315130894
PDE8A	-0.27242408743262
HDAC11	-0.272487035253759
TMEM223	-0.272640931470378
POU5F1P4	-0.272923472721441
HECTD2	-0.273042027532899
NCS1	-0.273157745551955
PROCR	-0.27319840059538
COL5A2	-0.273703875075911
KRT8P30	-0.273855818141279
RPL35P5	-0.274094951735007
PRDX2	-0.274132566717184
ZNF684	-0.274185475772197
CLPSL2	-0.274523511068427
OR52K1	-0.274556369227576
BUD31	-0.275451641339572
SF1	-0.275453985635361
NUP155	-0.275751616328054
MYG1	-0.275962029699635
CPTP	-0.276434998872499
PADI3	-0.27659564300592
POGLUT1	-0.276648017672193
ARHGEF4	-0.27703730851907
NAXD	-0.277105287059185
JMJD7-PLA2G4B	-0.277580422953904
ZNF275	-0.277618409859269
RIPPLY3	-0.277893804396012
VPS33B	-0.278250001402632
EFCAB7	-0.278875084233025
SMC4	-0.27948657093749
SEC61B	-0.27971572635122
ARHGEF19	-0.279825375048046
PRPF18	-0.280722455069893
KCNB1	-0.280763166601436
SEPTIN12	-0.280805677409221
SULF2	-0.280862761067282
TRA2A	-0.281182729396031
THBD	-0.28130310381611
RGS12	-0.281308816328469
GNA12	-0.281607311586713
BCL6	-0.281636006633314
PPARA	-0.281691993628532
INHBA	-0.281744594721948
RPL41P2	-0.281819889761709
TCF3	-0.281997563701137
C20orf203	-0.282420720710872
GOT1	-0.282563549103821
FOXC2	-0.282853409556096
SLC25A36	-0.283337811549747
OS9	-0.283454223819637
MYLK4	-0.283565784920825
C12orf60	-0.283614606517509
ZNF233	-0.283716570643977
TMEM126A	-0.28378464918394
ZNF281	-0.284074997427479
PSMA3	-0.284167304878232
NAA50	-0.284277221921652
CRIP3	-0.2842911181492
DCTPP1	-0.284372657023367
RDH11	-0.284452811316677
ZSCAN22	-0.284531903684813
UTP14A	-0.284576256037729
SORBS2	-0.284635321848346
CRIPTO3	-0.28469181690715
SPATS2	-0.284718328888946
TMEM80	-0.284832599841787
SMIM10L3	-0.284990563269157
HNRNPA1P7	-0.285036850971188
BDNF	-0.285244792081201
AJM1	-0.28536229845572
RPL39L	-0.285772731205333
LRR1	-0.285947722409016
BNIP3P16	-0.286120792295239
MAML1	-0.286657208548057
RRAS2P1	-0.286934823958216
C17orf100	-0.287076886839244
CLEC18B	-0.287470287380307
RAB2B	-0.28750948307142
D2HGDH	-0.287544444474951
FSAF1	-0.287674447205963
TBL3	-0.287780108228884
CAV2	-0.287946567524761
TMEM41A	-0.28817310295582
AOC3	-0.288193346051598
RPL32P29	-0.28819635535314
POC5	-0.288209811125709
NF1	-0.288613661524423
CEMP1	-0.288896656098507
VN1R87P	-0.289211253870018
CCT3	-0.289292901336156
MTREX	-0.289435804852732
KCNC3	-0.289721098487359
ATG2B	-0.289850590250967
EARS2	-0.289888229723085
SLC7A6OS	-0.289930450935056
PLA2G2A	-0.290211194561382
SDHDP6	-0.29027339138122
THBS3	-0.29028545435248
INTS5	-0.290307933245507
ASF1B	-0.290371932713931
EIF1AXP1	-0.290430186606723
GNRH1	-0.290443765105583
PRSS30P	-0.290451482137659
MERTK	-0.290472639965287
SARS2	-0.290866250871108
SYNC	-0.2914469189181
SFRP2	-0.291632784357106
DEF8	-0.291763364359348
KRT8P39	-0.291853912635327
ENTPD6	-0.292187386869856
MAPK12	-0.292215427735072
AKR7A2	-0.292274325838432
RNF167	-0.2922899437273
CENPL	-0.292364637532175
ELK4	-0.292390920892674
ZNF7	-0.292442161567945
JMJD8	-0.292444646402091
TESK1	-0.292539694712424
CENPV	-0.292607886365846
RPS24P8	-0.292695640106976
RFX3	-0.292811283163609
EGLN2	-0.29283305974211
C1orf87	-0.293045191104676
PRSS51	-0.293145181478238
MAGEB16	-0.293678144925719
RARRES1	-0.293953519757637
DUS2	-0.294023355495554
FLT1	-0.294037756865603
RPL3	-0.294127584890824
CP	-0.294217779697091
GNPTAB	-0.294372665351445
MRPL22	-0.294373280249257
OR5H3P	-0.294690081989254
PREP	-0.294766999607561
PRAG1	-0.295180298180662
EZHIP	-0.295458117770877
NRDC	-0.295613890846369
GSTCD	-0.295764393344289
SYNCRIPP1	-0.295929169981274
MYO5B	-0.295949949160107
LRP12	-0.296131830427837
ADPGK	-0.296240595173899
COG6	-0.296273306368681
RPSAP54	-0.296317387447998
BMS1P13	-0.296733338550973
RPH3AL	-0.296827952033657
SETDB1	-0.296910130906385
PRRG1	-0.297469561583458
TMEM114	-0.297495871634433
ZNF32	-0.297514848118634
ERC1	-0.298098917607994
NSUN6	-0.29812223966809
PCDHGC3	-0.298224279685623
KIF14	-0.298240694646202
FAH	-0.298386167110939
CHMP2A	-0.298941583405508
FDX1	-0.298954900529744
UPK3BP1	-0.299269883791808
GINS4	-0.299288933203749
WASH3P	-0.299666747829999
CARM1	-0.299671035352254
CORO2B	-0.299800725339943
BAG1	-0.299832801965826
XDH	-0.299867257142243
MST1	-0.300098983169346
CSAG4	-0.30021157305451
EIF5B	-0.300629333933441
BRCC3	-0.300953308093978
DYNC1I1	-0.300959967716025
MTG2	-0.300983715139204
GPT	-0.30114609967467
PPP4R1	-0.30123476780005
RALGAPB	-0.301353442379296
LRRC3	-0.301465507333035
RPRD2	-0.301484140417016
METTL2A	-0.301507050799472
SLC44A1	-0.301519038769099
CHMP5	-0.301673158818424
DNLZ	-0.301769638998781
TAS2R4	-0.301875975155869
RPS6KB2	-0.301914262085231
TRIM63	-0.301958822832103
IGF2BP3	-0.302271283968235
TEX22	-0.302603823825076
FRG1	-0.302777345560272
SRSF9	-0.303149304512836
H1-10	-0.303389702006894
ASH1L	-0.303614484262423
BRI3	-0.303621895832987
ROPN1L	-0.303724130336257
POLR3H	-0.304230652876031
ETHE1	-0.304863060137701
ZNF544	-0.304992799165984
BAIAP2	-0.305264348473669
SLC38A1	-0.305508551179044
BCRP8	-0.305572589059399
AARSD1P1	-0.305651963306533
RPL37A	-0.305658048128483
HSPB6	-0.306082717442728
COA8	-0.306244926485173
RPS15P4	-0.306413801563393
ELF2P1	-0.306465450991092
CES4A	-0.306821547446517
ZNF652	-0.307731665542433
MAFK	-0.307785304177222
MATCAP1	-0.307844728519519
C13orf46	-0.308070444258691
MTF2	-0.30808275609026
FAM27B	-0.308224975962753
FAM90A16	-0.308341571576359
HLTF	-0.308585465896135
JOSD1	-0.30867988981881
CTTNBP2	-0.308930830239111
BMS1P23	-0.309031963196777
BUB1B	-0.309416843267467
ZWINT	-0.309476200601484
H2AC11	-0.309568907572678
SZT2	-0.309596231852587
CHRNA4	-0.309981982847995
RPS10P5	-0.310173354351929
ZNF552	-0.310394773363971
HEXA	-0.310958782427391
DDX1	-0.311460072276652
DHX9	-0.311560496737652
FOXF1	-0.311853149727221
HLA-DRA	-0.311859625392651
NEK6	-0.312076220403072
GPAA1	-0.312188195369962
MIGA1	-0.31231582957479
PRR22	-0.312315984560148
ZNF542P	-0.312324757493494
PDE7A	-0.312438130851914
RINT1	-0.31295602388013
CDHR4	-0.313162640468324
MEI4	-0.31337041068713
TMPRSS13	-0.313382295467499
TOX4	-0.313463457682445
E2F4	-0.313643900918342
CDX4	-0.313942119826388
BZW1P2	-0.314176427317585
METTL15	-0.314488233479471
CENPS-CORT	-0.314535406210405
AK6	-0.314587000393658
IVD	-0.314671004584419
QSOX2	-0.314891422996375
MRPL21	-0.314900786244806
RPL9P32	-0.314902816007075
BEST3	-0.315185291333091
SLC38A2	-0.315330633018701
PLEKHG1	-0.315353060784885
SLC22A15	-0.315427254781962
CFAP97D2	-0.315526923116
ZNF582	-0.316083931828438
DNHD1	-0.316476234422602
ITLN1	-0.31649609722707
PREX2	-0.316503280805926
CRTAM	-0.316506308170694
EEF1B2P6	-0.316611795959928
KPNA6	-0.317611828874524
BLM	-0.317757861172099
A2M	-0.317768765638913
TRMT10A	-0.317820020771741
AURKB	-0.31790233262426
SRP72	-0.317916673753491
MRNIP	-0.317933387408359
SSR4P1	-0.31816517617058
VSTM2A	-0.318270659809031
RAB15	-0.318385482111374
UVRAG	-0.318488643628191
SSBP1	-0.318678434043649
PIGK	-0.318844150289825
DNAJA1P3	-0.318913692635664
ZNF280C	-0.318942064273641
MPPED1	-0.319079136160471
BBS2	-0.319117894917314
MID2	-0.319399837424776
MIF	-0.319477885852434
CARMIL1	-0.31951375233388
RPL17P6	-0.319657546745703
MARCHF6	-0.3196873179844
CTBS	-0.31986493721889
ASIC1	-0.319940459401981
DNAI1	-0.320036424528916
ERMARD	-0.320102667078252
PBX1	-0.320106327615015
U2AF2	-0.320511300756436
ZDHHC8	-0.320533768972014
UMPS	-0.320640047095233
RCCD1	-0.320875742622288
LSM7	-0.321076008015049
BCAS1	-0.3211981212832
MTERF1	-0.32141768149622
RPSAP9	-0.321507753051578
VEGFA	-0.321577303131739
SELENOF	-0.321617783542573
EEF1D	-0.322005397135058
SMCO2	-0.322017503644715
RELL1	-0.322174999465898
ODAPH	-0.322386176329757
NBPF14	-0.322501372182133
ATP6V0A2	-0.322601944132781
SINHCAF	-0.322651262285648
GLUD1	-0.322662593205159
GBX1	-0.322744039609949
SYPL1	-0.3228127447542
NUP62CL	-0.323396036010643
ASB7	-0.323727164805405
STRAP	-0.323838077321486
NDUFB8	-0.323880719002759
DHRS13	-0.324133142078639
RPL7P20	-0.324264550126154
AGPAT1	-0.324523888841995
ENTR1	-0.325380246521819
TFB1M	-0.325472713871224
DRD5P2	-0.326005291393489
PPM1N	-0.326035627702561
AIPL1	-0.326104200505222
IZUMO2	-0.326187287587144
CCL26	-0.326189985989542
CDK12	-0.326246855417287
NREP	-0.32630828989211
NUDT15	-0.326429378433266
TCL1A	-0.326432144849584
C12orf56	-0.326435551813139
TRIQK	-0.326581876769197
ZNF595	-0.326643280589532
FAM227B	-0.3267073017396
OMA1	-0.326746608680057
SPSB3	-0.326950028577005
NBPF2P	-0.327021705780417
MAGEA8	-0.327211575716218
RBBP7	-0.327509847947548
KIF3C	-0.327809746249125
ZFYVE16	-0.327981783356572
ACY3	-0.327993038114276
DUSP3	-0.328094200861576
CMTM3	-0.328289199169697
SPCS1	-0.328337772244774
UBE2F	-0.328732748201303
CRYBB2P1	-0.328854327089355
ASNSD1	-0.328981190901426
MDH2	-0.328992725415792
CPA2	-0.329222730334318
PSMB6	-0.329258084221384
SHPK	-0.329465503033358
TRIM62	-0.329486134144134
MMD	-0.329677292023925
CD68	-0.330285861179499
DOK1	-0.330315171113655
AKR7A3	-0.330611177076234
RSL24D1	-0.330731309652144
SLC39A13	-0.331103443490683
PXDC1	-0.331233188919093
POU6F2	-0.331317110070572
ZNF550	-0.331390728790299
RBBP4	-0.331464724207504
LRRC9	-0.331608054543715
SLIT3	-0.331678483340303
MORF4L2	-0.33212285297601
THAP11	-0.332314998257907
CPNE4	-0.332367836175902
EDC4	-0.332542833417988
UBAC1	-0.332574968946573
ADHFE1	-0.332586746379618
ADCY2	-0.332663411256452
ASCC1	-0.33287131334245
TNFSF14	-0.333340289838345
ZNF200	-0.333341323659774
RRS1	-0.333566434209574
C2orf72	-0.333587027706732
POLR1D	-0.333788300189889
FOXO3B	-0.33381266019837
MALRD1	-0.333912746765113
LYG2	-0.333945285168779
CD46	-0.33424732194256
PLEKHO2	-0.334275434949492
TERF2IP	-0.33453408553813
RPL21P39	-0.334577611797864
LHPP	-0.334604629805465
PIP4K2C	-0.334913356531021
SEC31A	-0.335127449548738
EPS15L1	-0.335264267186712
EFTUD2	-0.335741108403505
RBMS1	-0.335749229526224
GRB7	-0.336549594584771
IPO8	-0.336691956506743
TXNL4A	-0.336843665644659
INPP5B	-0.337105459814813
REDIC1	-0.337299003698594
PPP2R5C	-0.337461997919824
COG3	-0.33749826309374
FAM50A	-0.337598975589033
C4orf36	-0.33790610070047
SARS1	-0.337944170140617
POU5F1B	-0.33799949228606
COQ10A	-0.338000372029848
BRD1	-0.338059110863859
RABGGTA	-0.338105880377827
RBM19	-0.3381973512093
WTIP	-0.338285334023857
GPATCH8	-0.338363622862525
RHOU	-0.338444615860921
CCDC134	-0.338741508595291
C19orf81	-0.338985876300675
METAP2	-0.339267250252528
IRGM	-0.339362492754873
CFB	-0.339641574300401
RASGRF1	-0.33980379507971
SERBP1	-0.340385029888301
MUTYH	-0.340388336601886
UBE2I	-0.340680470518488
TMEM208	-0.341267314942463
DLG1	-0.341312812847887
H2BC9	-0.341803823144672
HFE	-0.341872168588382
CALY	-0.34200012808952
FAM86C1P	-0.342041658924403
PMFBP1	-0.342065750085048
PBLD	-0.342066843291394
RPL32P32	-0.34209934328095
EPB41L2	-0.342137283808364
ATAD3A	-0.34227368737977
CEP44	-0.34247890971283
GREB1L	-0.342639953066186
TMEM240	-0.342684819507365
KLF11	-0.34288047154358
RPS18P9	-0.34294692469631
NLRP10	-0.342975123654778
GLRX3	-0.34309303873537
PLA2R1	-0.343484909077455
ZNRF3	-0.343565732129388
KCNQ1	-0.343777469343069
MKLN1	-0.344189157694307
CNEP1R1	-0.344239313092297
PIDD1	-0.344340286134154
GTPBP4	-0.34459197662923
ARMC8	-0.344608556646276
IFT22	-0.344677157941752
FTSJ3	-0.344777668158465
RRN3P3	-0.344868177823395
SCAPER	-0.345019115648115
SENP3	-0.345169977351673
DNAJC2	-0.345226767524742
ZNF691	-0.345280169835454
PDE9A	-0.345596475539835
ANKRD42	-0.345609056978086
TGOLN2	-0.345613920586037
NCBP1	-0.345790723172889
RPL5	-0.345834021594963
ZNF837	-0.345887642510879
LEPROTL1	-0.346224854763619
MFSD9	-0.346509174190205
RAD52	-0.346573068248267
TPI1P1	-0.346780227694557
PARP15	-0.346960662397783
FREM3	-0.347319240230238
ABCD4	-0.34794759017333
RSKR	-0.348133917709368
SMDT1	-0.348135037552624
ZCCHC8	-0.348327429029371
RAB26	-0.348434492836547
PLEKHF2	-0.348581257437487
ZNF277	-0.348674272503286
FBXO11	-0.348971887226232
GLG1	-0.349019832600472
ACR	-0.349053290170192
KIAA0513	-0.349210113579501
UQCC3	-0.349306291249862
FXYD1	-0.349329923204508
PTS	-0.34955318470266
HOXD1	-0.349759241213739
TRPC1	-0.349797937327325
PPATP1	-0.349947402831592
LRRIQ4	-0.350056687768429
NDST1	-0.350559300667481
CFAP100	-0.35059309657716
PODN	-0.350632923681572
GPBP1	-0.350848402927851
TCF19	-0.351051076826144
LZTS2	-0.351157917283583
DENND4A	-0.351373472942392
MRPL45P2	-0.351496457017065
ATL1	-0.351655130798127
RAB23	-0.351951186446295
TMEM88B	-0.352308121475226
PLEKHA2	-0.352520560122767
IPO11	-0.352765943558647
MRPL2	-0.352894261151807
ZNF621	-0.352930879675815
PELI3	-0.353021798191442
GON7	-0.353085878468914
IQCA1L	-0.353112452548812
NAPSA	-0.353166556078601
NAA20	-0.353340127093868
EIF3EP1	-0.353345774426497
MORF4	-0.353429632508912
AP5Z1	-0.353478328248471
RRP7A	-0.353880111001063
STX12	-0.354208680856349
SLC2A3	-0.354234079755254
ACTR8	-0.35425838380553
GOLGA6L9	-0.354965539127644
ANKRD33	-0.355252845209428
PPFIA4	-0.355265938359735
WFDC2	-0.355313633837529
AMBRA1	-0.355410247599338
ZNF705EP	-0.355489249414937
SELENOI	-0.355625785946876
CTSA	-0.355718631505698
PRR4	-0.35597452408486
DSCAM	-0.356122257985971
EEF2	-0.356291777288028
SZRD1	-0.356300964322022
EDN3	-0.356583927692448
NPM1	-0.356720204552101
STRN3	-0.356739632028987
PCED1B	-0.357052671396851
TYRP1	-0.35711836959138
ZNF112	-0.357475856299763
ARID5B	-0.357724995709038
GPR132	-0.35785433485817
ALG2	-0.358086151371787
PEX16	-0.35817092339272
CFHR3	-0.358596912993171
SSX4	-0.35862733881292
NKD2	-0.358771242414973
GPR141	-0.358846716029276
EMC7	-0.35887673067319
EEF1E1	-0.358943182935454
CCDC80	-0.359263704218094
MSANTD2	-0.359368042040591
CBLC	-0.359386156070827
ALDH1L2	-0.359462697289481
PLP2	-0.35948423162218
INHBC	-0.359612721680547
MCCC1	-0.359685085473645
PUM3	-0.359882806005687
SLC47A1P2	-0.360546472424504
GTF3A	-0.360553598960554
UTP3	-0.360729541249255
UBE2SP2	-0.360883493151516
CC2D2A	-0.361047533590959
TATDN1	-0.361202779732092
NDUFAF4	-0.36126729070148
TMEM201	-0.361396029333664
IRF2	-0.361446658477305
BMS1P3	-0.361546321642114
RPGR	-0.361601579865474
ANKRA2	-0.361946968317115
LINC00680	-0.362010680502365
ANO7	-0.362075901243873
ITPR2	-0.362139781709472
RHBG	-0.362540403123207
RPSAP52	-0.362541458095846
DGAT1	-0.36257698127851
PAM16	-0.362595274886812
H2BC14	-0.362751052944295
TNFRSF12A	-0.363362848067019
VPS13A	-0.36358780319319
SLC25A51	-0.363730155091513
GGCX	-0.363751140906875
JUP	-0.364249426141242
AGAP9	-0.364428286338601
PCDHGA11	-0.364470422009215
ZBTB12	-0.364659258716678
ZNF565	-0.364671720127215
TBC1D22B	-0.364900725259801
ORC2	-0.365011705025463
DKC1	-0.365192414343178
APPBP2	-0.36545508088823
XPO5	-0.365701296767968
GOLGA6EP	-0.365803533130396
DCTN3	-0.366279005954806
MTHFSD	-0.366458371364626
SLC39A2	-0.366532430154913
IGSF9B	-0.36662185105564
KDM2A	-0.366759090971516
ZNF345	-0.366842579467229
NPIPA9	-0.36692147027772
SIX1	-0.366996643591766
TRIM6	-0.367514246280062
CCNE2	-0.367629797340787
MRPL33	-0.367766170265769
PPP1R35	-0.367866643370474
VDAC1P8	-0.368258301601079
ATG4A	-0.368287340596473
PHTF2	-0.368430974990494
RNF34	-0.36844914669411
BTN2A2	-0.368614515520674
TINCR	-0.368933083486494
MCEE	-0.369042726693097
FABP5P9	-0.36914614789904
PCP2	-0.369700770508234
LAT	-0.36975900393672
RPS27	-0.369802238866149
MBLAC1	-0.370350560606543
SLC6A13	-0.370451724442472
PHF1	-0.370590645023286
TYW1	-0.371003993401092
RPL9P28	-0.371107711789544
UXT	-0.371139211971301
DNAJC3	-0.371456695103061
THTPA	-0.371698837939431
ZNF440	-0.371705498466063
PAN3	-0.371741428395864
NHEJ1	-0.372275192203567
FAM114A2	-0.372469238448229
CHCHD5	-0.372639297658995
DSTN	-0.372690545981121
RPL13P8	-0.372704000128386
TXNL4B	-0.372897126838879
PNO1	-0.37292408436533
TNIP1	-0.373057842077563
EIF4ENIF1	-0.373189577853754
SLC6A10P	-0.373250189086803
RECQL	-0.373294430402959
CFAP144P1	-0.373438267983904
LRRC1	-0.373771095746962
COMMD10	-0.373821934760888
AHCTF1P1	-0.373992752319248
PRRC1	-0.374285392830021
PLK1	-0.374350348487752
SYVN1	-0.374587632632941
TIGAR	-0.374671373505282
GALT	-0.374909038726472
RNF24	-0.375385953552308
IP6K2	-0.375593582668863
STK17A	-0.375611284034921
CCDC51	-0.375633099894611
DUSP14	-0.376033874014045
WDR53	-0.376036193921895
LRP6	-0.376626398736056
C1orf35	-0.376720072539662
AZI2	-0.376916340641286
ZNF526	-0.377048866881654
POLR2H	-0.377050880859216
ZNF268	-0.377162520379572
ZNF536	-0.377170628081904
NAAA	-0.37740589969919
ARHGEF2	-0.377716365706599
SLC25A35	-0.377911737321763
SNAPIN	-0.377936269367712
ATP5F1A	-0.378286054963782
GPALPP1	-0.378298807073327
PGAM1P8	-0.378400593914986
MYBPC3	-0.378407306203584
CCDC62	-0.378440617016543
ARHGAP19	-0.37849320733391
MYH14	-0.378902631468227
KRTCAP2P1	-0.379144906923711
CELF4	-0.379191169647138
MPC2	-0.379295304813678
OGFOD1	-0.379538859407031
TMEM89	-0.379617163064376
TACR1	-0.379725472833234
SERPINB8	-0.379752655917161
C19orf12	-0.379832047433992
FBF1	-0.379928852860249
FGF2	-0.380023648146664
ZNF2	-0.380086058689688
FAM86HP	-0.380175071323166
ZNF548	-0.380350756316754
RBMX2	-0.380646419722366
CYP7B1	-0.380739819219934
CSTF1	-0.381003695146179
JAGN1	-0.381007258089563
CAP1P1	-0.381862439209978
ZFP37	-0.381956411102116
NR2F6	-0.381974717884471
DLG3	-0.382396984487213
TASP1	-0.382581081563486
SNX18P3	-0.382776004717257
PPIL1	-0.382843218814741
YWHAQ	-0.383142367410083
ZNF84	-0.38341808457066
MED28P7	-0.383451781036072
TEC	-0.383460457406273
TCEANC	-0.383504183359229
UBXN7	-0.383516141294096
DDX17	-0.383602375617818
SPACA9	-0.383735077337712
C3orf52	-0.383809738508474
FAAP24	-0.383994941814682
CLEC11A	-0.384215117608364
BBS12	-0.38435137129963
GPX2	-0.384534025540239
CYP51A1P2	-0.384702431140228
PBDC1	-0.385032554402866
PCDHB11	-0.385189123945371
GIGYF1	-0.385780561695142
PDE6B	-0.385803397554854
MRPS15	-0.386079655058726
JKAMP	-0.386263925798217
ZFYVE19	-0.386295642162833
DTWD2	-0.386326376476824
CMC2	-0.386503894488557
GTF2IRD2	-0.38665471981846
INTS14	-0.386897335866892
MAMSTR	-0.387025565235119
CNP	-0.387125776712354
SCN5A	-0.387346621224658
CYP4F29P	-0.387748281993103
INTS12	-0.388131261666611
ADAMTS14	-0.388414651255599
CAV1	-0.388474911709794
MGAT4C	-0.388726254435157
REL	-0.388761420147176
ANKMY2	-0.389011950622653
CD38	-0.389087386130496
TBCEL	-0.389174484840075
SF3B4	-0.389239369943785
H2BC27P	-0.389342351057979
DYM	-0.389380365671318
TP63	-0.389397457949749
PRELID1P1	-0.389680314478497
RAB10	-0.389706567466348
MAN2C1	-0.390139537723939
VN1R42P	-0.390165015249439
CELF1	-0.390296605324881
APOA5	-0.390485116167516
CDC25C	-0.390880375250409
SELENOP	-0.391755013809879
RPL18AP3	-0.391799671453039
CNDP1	-0.391864370556014
DRG1	-0.391938522740452
ASB6	-0.392002896313502
STOML1	-0.39216945516857
CLTC	-0.392211234968029
ULK4	-0.392222661820211
PHF7	-0.392621597812897
COPS5	-0.392771149044666
EIF6	-0.392915963253529
SNX11	-0.393285920584235
BTN2A1	-0.393530353168899
ZNF845	-0.393610048797707
TUBAL3	-0.393728184913542
SAT2	-0.393797729023252
LY6L	-0.393884931641861
DPYSL4	-0.394346224685387
RNPS1	-0.394540620340127
KLHL17	-0.394665071430932
TUFM	-0.394866344437887
FMC1	-0.395236651210793
DHX15	-0.395280336803455
GRIN2C	-0.39540456397958
HTATSF1	-0.395697091769942
MAPK6	-0.395925547409341
MOV10L1	-0.39600099899204
CDK2	-0.39621019242668
POR	-0.396274086449959
TFE3	-0.396386964433758
GADL1	-0.396408990729569
HPGD	-0.396537736961738
RPSAP26	-0.396722028203763
AKAP11	-0.396882249383481
ANAPC10	-0.396952110612451
MAPT	-0.39724888108203
MRRF	-0.397262596986935
RPL32P2	-0.397717084966471
EMC10	-0.397902539184811
PDCL3	-0.397967765655861
NOL9	-0.398115305162465
NFU1	-0.39816272753293
ZNF616	-0.398203546735044
ANAPC13	-0.398347783303826
MAP2K6	-0.398528202562323
RFX4	-0.398759126140527
ZNF678	-0.399161742112951
SIRT4	-0.399195398375993
DGKH	-0.399293417302186
USP25	-0.399533514542651
PTPRD	-0.400049378174422
ARF1	-0.40009088503599
ZNF367	-0.400163473867556
OGFOD3	-0.400713166152593
SP140L	-0.401022018279566
RHOBTB3	-0.401796018386003
MAGOH	-0.402022745619167
NDUFS3	-0.40207396469487
H2AC17	-0.402355162772601
HSD17B1	-0.402647402621755
DPP3	-0.402678975084485
LSM14A	-0.402723730333989
ANKRD36	-0.402826005310098
ACTMAP	-0.402827401049552
LGI4	-0.402935272407034
TOMM20L	-0.402969745113321
RRM2B	-0.403056029639518
PAMR1	-0.40358672906479
TRGV3	-0.403849587579238
CSTF3	-0.404194531395553
RGS16	-0.404243662355759
USP54	-0.404352651012132
DCAF12	-0.404489492396806
B3GNT4	-0.40469187031055
ST6GALNAC2	-0.40500281309433
PI4KA	-0.405028259601054
ZNF212	-0.405160054360029
SBNO1	-0.405619172567077
EFNA4	-0.405760609787979
NCAPH	-0.405999944347269
RALB	-0.406021367803117
IQGAP3	-0.406314930684524
TSR1	-0.406362219565607
TRMO	-0.406400774681912
SLC39A4	-0.406454665566495
ZBTB8OS	-0.406621028728984
RPL8P3	-0.407000381026947
FAM227A	-0.407016481588406
ANKRD9	-0.407130481772528
GUCY2D	-0.407293910520023
MTCO1P12	-0.407615619132558
ATPAF2	-0.407814186313171
MYO5C	-0.408158279344521
SMG1	-0.408286211693044
CYP4F2	-0.40850656965545
ZFP2	-0.408542645740426
ABL1	-0.408752561606838
SFMBT1	-0.409147199273514
MAD2L1BP	-0.409352530784237
PEX14	-0.409546865300105
ACTRT3	-0.410044390715054
AOC2	-0.410055820529642
ZNF136	-0.410151687431489
TAX1BP3	-0.410177633158567
PLAC8	-0.410448175354802
GPLD1	-0.410482118755487
KMT5A	-0.410594019673481
ENOSF1	-0.410733652609741
EPN2	-0.410742901503309
EIF4H	-0.41084542861891
TCFL5	-0.411028037746998
CCAR1	-0.411191726456177
PLEKHG2	-0.411978070713174
RBAK-RBAKDN	-0.412066434038209
YLPM1	-0.412741194939602
CPD	-0.412985912334842
ARSD	-0.413073788573277
TMC5	-0.413090021439893
TRIM35	-0.413254288337736
MFN2	-0.413930337592141
KCNE1	-0.413930387483492
SLC35E1	-0.413937605696142
TBC1D26	-0.414068938351624
GTF2B	-0.414290945469358
CYC1	-0.414653601013786
AIFM2	-0.415365044276337
GDPGP1	-0.415579180854421
NXT2	-0.41564967246081
TRMT2B	-0.415707029540459
INPP5E	-0.415888451791891
TJP1	-0.41610841246677
MKRN7P	-0.416323959383409
UBE3D	-0.416368227511624
ERAS	-0.416385273394268
CDH23	-0.416593440853939
TRAM1	-0.417009030499864
DNTTIP1	-0.417058892439761
MARF1	-0.417084984925299
NDUFAF3	-0.417250109318477
TEP1	-0.417473925937239
CCT8	-0.417511923627775
LLGL1	-0.417766484467837
BNIP2	-0.41778912077776
MOG	-0.417806309910945
LPCAT2	-0.417815705715425
NIPSNAP2	-0.417965346174126
AGTR1	-0.418391331117933
MRPL13	-0.418761114583187
WDR5B	-0.419100838470572
KLHL2	-0.419390913406835
CASQ2	-0.419466244449412
TIMM22	-0.419504730211522
ECT2L	-0.419656245462918
AKR1C7P	-0.4198451820294
ANKRD16	-0.419882057117144
CNR1	-0.420034845942763
TTLL9	-0.420044480260182
ZNF195	-0.420194319048051
MAX	-0.420283161704954
PCBP2P1	-0.420558714128659
DHFRP1	-0.420804564752267
RUNDC1	-0.420941859921108
MRPL16	-0.421052504456594
RRP7BP	-0.421533404779229
GLOD5	-0.421563657060292
C1QL3	-0.421644768309155
PTPN13	-0.421963064861166
EXOSC3	-0.422021524502542
PAK6	-0.422123617781857
C22orf39	-0.422390342324483
JOSD2	-0.422411220809959
NDUFA3	-0.422427127241906
C17orf114	-0.422430244399286
ZBTB1	-0.422520097805909
GARNL3	-0.422663135241685
CCDC183	-0.422998002028053
IGFLR1	-0.423093510010211
CYP4V2	-0.423139157954511
GLI4	-0.423207127865061
HHATL	-0.423462555597249
MYO18A	-0.423860741801316
KCTD21	-0.423863608442666
ARPC4	-0.424049867696306
RPS27L	-0.425165602385178
COL5A1	-0.425839290078215
CYB561D2	-0.426027910382654
LSM12	-0.426090196153101
C9orf78	-0.426281509900778
MRPL40P1	-0.426455053867402
CAPS	-0.426648800956884
CCDC7	-0.426742226370279
SLC4A3	-0.426909755432525
ZNF142	-0.427003441771614
MORN3	-0.427475658992003
NOTCH3	-0.427701686526603
LAIR1	-0.427739556007224
NDUFB9	-0.427780285463048
PCGF3	-0.427934702479871
DFFB	-0.428060206404973
IL36G	-0.428060893556431
ATP2B4	-0.428296459074129
MYBL2	-0.428329694492314
SMIM13	-0.428541083019501
EDRF1	-0.429253977418295
HTRA1	-0.429627871507966
PAAF1	-0.429752626178877
OR51B5	-0.429805579798267
KDM5A	-0.429843576442849
TPCN2	-0.42997626616579
GBP1P1	-0.430079731580157
GAS2L1P2	-0.430304009168123
RNPEPL1	-0.430514289325622
SIK2	-0.430639635754891
ZNF497	-0.430647097378992
SDHB	-0.43068022159073
RASSF8	-0.430783499966476
SEPTIN7P8	-0.43082927171192
RPS8	-0.431035544398272
SCYL2P1	-0.431096337240545
SAFB	-0.431380942847482
PIGO	-0.431480818803329
RAB35	-0.431543857269194
FNDC3A	-0.431787152333547
RHOT1	-0.432011474955384
HLA-C	-0.432199755951387
RWDD1	-0.432488005242637
MECR	-0.432786442406923
RGP1	-0.432838612888828
EPPK1	-0.43285248039736
KNDC1	-0.433057509471591
PSMB10	-0.433064683301556
CRCP	-0.433195348833796
THAP8	-0.433740814490135
FAM8A1	-0.434242865205647
TBC1D13	-0.43457656198154
AMMECR1L	-0.434751368462917
GBA2	-0.434919005847333
CSAG1	-0.434969707912647
ITGB1BP1	-0.435035410366236
ISG20	-0.435148397486777
PABIR3	-0.43517560756623
TESK2	-0.435241819655605
PIN1	-0.43549118403047
QRICH1	-0.436022130552519
NPFFR2	-0.436299612020898
SYNPO2L	-0.436399349315055
CREM	-0.436479891191374
BRD9	-0.436717014219194
UBE2D3	-0.436915369139094
RALA	-0.437006615881664
CLHC1	-0.43737255042815
ZNF285	-0.437550134927421
COX7A2L	-0.438127551702487
TLR1	-0.438163739896594
ZMPSTE24	-0.438449162421354
MRPS10	-0.438566379606641
GFI1B	-0.438689780946448
ZNF461	-0.438777481148244
GET4	-0.440147742148577
PLEKHA7	-0.440348959002146
DDHD2	-0.440450665714226
RABGAP1L	-0.440452275665782
HSPE1	-0.440619796317379
CYP3A5	-0.440814071979738
TRAPPC6A	-0.441100292945048
NIT2	-0.441524033827755
FIP1L1	-0.441639867648682
DPYSL5	-0.441709880345433
NEMF	-0.442297417210855
ENAH	-0.442652706008624
TMEM167A	-0.443162605271987
FBXL12	-0.443378571271646
ZNF280D	-0.443607548313466
MKNK1	-0.44374699379602
HLA-DQA1	-0.444249756067563
QDPR	-0.444436093652675
CC2D1B	-0.444688978584704
ZNF839	-0.444815718024688
ZNF18	-0.44493361023448
SNX16	-0.445034267790665
VPS8	-0.445058379884783
CNOT6	-0.445230833627565
PHACTR2	-0.445277746118924
CD96	-0.445458767053143
MKRN10P	-0.446007902214931
STAP2	-0.446053440853169
PRPF6	-0.446296092074618
LYPD5	-0.446685158937646
TANC2	-0.446873521681579
CISH	-0.446887037236816
PRDX1	-0.446921502972883
ARPC5L	-0.446990338547612
HMCES	-0.447279621353454
UCHL5	-0.447848550463483
CHERP	-0.448132411092429
XNDC1N	-0.448479494090464
DDX41	-0.449218897891683
RANBP1	-0.449315967363467
SUN3	-0.449328554122982
ASXL3	-0.449432663697495
DOCK5	-0.449958146198116
POLL	-0.45044714741169
SPAG17	-0.450579887322349
CYSTM1	-0.451144526709565
VSTM5	-0.451406168448965
OFCC1	-0.451597916583352
DST	-0.451667228704517
TMED4	-0.451778711958471
ADNP	-0.451938858637221
DCXR	-0.452194042063212
ZNF319	-0.452429051469117
SBK1	-0.452713013925707
CDK10	-0.453289924557277
ANP32B	-0.453417989947634
SLC30A2	-0.45343834874214
C17orf67	-0.453852662498555
MBP	-0.453915380321114
ARF4	-0.453923873220983
ARMH1	-0.454140968195256
SNTN	-0.454402808412821
MTFMT	-0.454692495111923
ELOVL7	-0.454823846281811
RPS25	-0.454921749660462
NME5	-0.455053915079723
SYAP1	-0.455193034936483
RPS24	-0.455404174388986
RCOR3	-0.455433292056174
PHF5A	-0.455618025329839
ATF2	-0.455868064584333
PHF8	-0.455986478520386
RPS19	-0.456094017287681
YPEL4	-0.456097047226499
EEF1AKMT4	-0.456163282995088
FXN	-0.456229624497573
ZNF557	-0.457209662271316
RHOF	-0.457383397720201
PNISR	-0.457545648401016
KLHL36	-0.457563450822831
MRPL38	-0.457573735817225
CUX1	-0.457953162797294
VAV1	-0.457958952876032
LEKR1	-0.458064102613099
RARA	-0.458189459154302
HDAC2	-0.458343864615939
THOC3	-0.458542369416981
TMBIM7P	-0.458574376248655
KPNA3	-0.4587202290456
TAF12	-0.458977730537555
ZNF782	-0.459748339400071
MOSPD3	-0.459997611374847
RPS20P33	-0.460391240566845
H4C2	-0.460523612479689
CNTF	-0.46065158673293
SRSF5	-0.461198208158934
PCDHB19P	-0.461532819312084
SPTB	-0.461551419547501
SF3B6	-0.462760262685021
LRRC14	-0.462839160202792
CAPN5	-0.462904309719293
HNRNPA1	-0.463118975608027
SHANK1	-0.463311520878222
LINS1	-0.463713034465007
ZNF134	-0.464001692028478
CACNA2D2	-0.46418669413665
TUBAP2	-0.464559374110438
PGBD5	-0.465120201929098
PKN2	-0.465138043215388
NOVA1	-0.465435069290999
EMB	-0.465719736441715
PCNX3	-0.465820196535038
MGME1	-0.466314199681958
PBX2	-0.466587062990363
LARS2	-0.466703752679661
SEMA4D	-0.467325793798011
DNAJC4	-0.467485344009428
YJU2	-0.46765829820011
MINAR2	-0.467706913255612
RBBP9	-0.46779638208352
ZNF521	-0.467889024449281
PHLDA3	-0.468133207879977
BTG3	-0.468153431279365
COMMD9	-0.46840422625937
EOMES	-0.468451905665742
COQ5	-0.468540139949347
SLC30A1	-0.468666039967774
PYROXD1	-0.469262618259112
ZDHHC7	-0.469265212994314
UNC5CL	-0.469378981276987
PSMD7	-0.469404332436396
CLEC1A	-0.469453299173421
ANAPC11	-0.469723129171891
ING2	-0.470243572638777
PRB3	-0.470282865604408
VAPA	-0.470568917871117
SH3BGRL	-0.470643204257303
KCTD10	-0.471227286870763
TEX19	-0.471355327939284
TBRG4	-0.471896126056147
PCDHB3	-0.472302724928312
TBC1D3E	-0.472461176706671
AP4M1	-0.472915166896815
ZNF229	-0.473197269132733
KLHL35	-0.473271518206912
TK1	-0.473321657036696
TMPRSS9	-0.473407898324137
ARCN1	-0.473423398245488
CYP11A1	-0.473813785215018
TENM3	-0.473915163158984
FANCB	-0.474176704794728
POLE2	-0.47474135099564
ASIC4	-0.474890853774229
SUOX	-0.475854146348457
EP400	-0.476022071047789
TMEM128	-0.47614898393203
PCNPP1	-0.476164473627183
ZKSCAN3	-0.476202107816138
SNRNP35	-0.476291274573154
SSTR1	-0.476319986117275
ZBTB34	-0.476342623022047
ENDOG	-0.476397637906434
C7	-0.476514199112732
GATA3	-0.476846126005509
ATG4B	-0.476957609279644
C3orf38	-0.477251168119271
NRDE2	-0.477315602429834
SIVA1	-0.477716240755799
ARHGEF7	-0.478758242805733
ZBTB24	-0.478987260354059
MARS2	-0.479414067330138
IKZF2	-0.479545312916659
CHORDC1	-0.479570294654319
RBM6	-0.479576547456355
PTP4A2	-0.479774641816566
KRTAP5-10	-0.479893806659968
ANKRD46	-0.480107694421664
TPRG1L	-0.480525682061173
TMEM108	-0.480639714064117
CHPF2	-0.481264541478963
ZNF774	-0.481367592206365
TAF1B	-0.481512498491364
BTF3L4P2	-0.481671333460998
ACTBP7	-0.482282509867257
FNDC10	-0.482647446223001
CAMK2G	-0.482857354314783
RPL7AP76	-0.483473122754431
TOM1L1	-0.483692576280656
ICA1L	-0.483777571932055
VCX2	-0.48379955257347
OIP5	-0.483928419775276
BLOC1S5-TXNDC5	-0.484187969529725
TCEAL1	-0.484316458191109
ZNF148	-0.484349633322201
ZNF236	-0.484739813916694
DNAJC5	-0.485058559116038
RBM24	-0.485123524555581
SLC67A1-AS	-0.485166782311473
CNOT8	-0.485345759987776
SRI	-0.485362679223896
ATP5MJ	-0.485398381581548
LRRC37BP1	-0.485651110256756
FSCN2	-0.485822097849327
PROC	-0.486322647288172
FBH1	-0.486469622407482
KNSTRN	-0.486847156877776
ZNF556	-0.48694047573208
ATG13	-0.487223551912754
OR7E22P	-0.48726555933156
VAV2	-0.487372037683415
CCDC87	-0.48749905833104
HECTD4	-0.487521064312822
TIMM9	-0.487910936554326
FOXL2	-0.488705277079653
IQCC	-0.488961556459587
TOB1	-0.489077610729675
PFKFB2	-0.489175552226689
DDHD1	-0.489438290247179
MAMDC4	-0.489466790357616
AMT	-0.489472001638571
FOXN2	-0.489477720417108
PPP5C	-0.489492521657742
AK3P3	-0.489668456581412
FAHD2A	-0.489881545408118
NCOA5	-0.489951545444829
ZSCAN23	-0.489998737457799
CCDC162P	-0.490150105941518
RPL29	-0.49015341853103
GSAP	-0.490326762162973
OR7E13P	-0.490592306001107
SRRM5	-0.490604919319111
SAMM50	-0.49067512789672
ESPN	-0.490743283514606
EFCAB15P	-0.490961144330007
SCNM1	-0.491015274364953
IAPP	-0.491209650597546
SEC16A	-0.491636042191557
BRPF1	-0.492251231226774
H3C8	-0.49236403559302
FRG1JP	-0.492395944547177
CD59	-0.492490541847472
ZNF8	-0.492532537854294
TMA16	-0.492627030867016
CDC14A	-0.49265496013677
FAM86FP	-0.492697908848193
ZNF41	-0.492873289440975
CPNE7	-0.492913952967837
HPS1	-0.493079142481878
MIGA2	-0.493277787726014
ATP6V1F	-0.49378031060795
CENPC	-0.494107621128413
FAM86B1	-0.49423211612309
GTF3C5	-0.494766640329139
CGGBP1	-0.49502846902944
IRS2	-0.495924172703099
DEFB134	-0.496067029882157
WBP11	-0.496090973264307
SEMA3B	-0.496162502729128
PPP1R8	-0.496357508584317
PAX2	-0.496414349625479
RPL7P32	-0.496530163647333
UHRF1	-0.496951898183733
CTBP2	-0.497019935428758
BCCIP	-0.49736591355857
KDM3A	-0.497533976930867
ATMIN	-0.498036185007554
ZNF571	-0.498090125035669
FBXO42	-0.498539989341634
ZNF205	-0.498918043031664
DNAJB6P1	-0.49893064468448
H2AZ2	-0.499077993070885
CD69	-0.499104428599587
PRSS44P	-0.499139071793345
ZP2	-0.499247231048358
AHSA2P	-0.499262727772382
RRP36	-0.499675614255587
LTB	-0.499926397256422
CCZ1	-0.500124683490574
MINAR1	-0.500223011891185
SMIM7	-0.500475497949755
NNAT	-0.500499283479056
FRK	-0.500548873976296
BMS1P1	-0.500573752292072
FRMPD2B	-0.500658040033343
LEAP2	-0.501145946947931
C5orf22	-0.501181722181762
MIPEPP3	-0.501450355831315
PIGL	-0.501688354796623
FAM3C	-0.50206227645748
TOLLIP	-0.502234895312081
KRT8P45	-0.502337514360909
ZNF432	-0.502413692140995
GAPDHP21	-0.502514421180044
FNDC3B	-0.502521044601654
NBEAL1	-0.502571268987716
SASH1	-0.502626809247379
EIF4A1	-0.502930078523057
DCLK1	-0.503131115370176
VPS35L	-0.503259150437591
PJA2	-0.503493719227993
NUP98	-0.503658236094737
MAGEL2	-0.503679499967741
FBXO36	-0.504417006474027
ELAVL4	-0.505258700654495
NPIPB6	-0.505545048441332
SLC22A13	-0.505743367171115
MTMR12	-0.505930567413034
PI4K2A	-0.505943081452931
NSRP1	-0.506089556323775
COX14	-0.506115437974448
NRBP1	-0.506153246020265
GNAS	-0.506482782720987
PABPC1P3	-0.506505942167077
SERTAD3	-0.506600095211665
CLU	-0.507054416425112
ZNF37A	-0.507057613914761
GGA2	-0.507333536858787
TBC1D3C	-0.507534090231407
PPT2	-0.507700631900933
NDUFA2	-0.50770939187969
NGFR	-0.508378179677177
LHX1	-0.508910458970846
RSPH10B	-0.509852915521653
PLEKHH3	-0.50987286599742
CFHR4	-0.509885545078308
SS18L1	-0.510174791161317
DCAF4L1	-0.510358086215488
SUPT6H	-0.510591993803767
CROCCP3	-0.51059601870355
METTL4	-0.510733898321667
SEC22B4P	-0.511148543954134
PPRC1	-0.511325473636894
ZYG11B	-0.511380444559286
TSPAN8	-0.512206079639335
AVL9	-0.512402859264687
OR2F1	-0.512482470772841
FLNB	-0.513033380113604
MAPK4	-0.513264945757876
NPAS2	-0.513735940802522
LYG1	-0.513857669259277
EIF2AK3	-0.514031959943478
BZW1	-0.51410200604585
TBX4	-0.51434458148425
MRPS12	-0.514512902336235
MAP3K4	-0.514529117082238
C9orf153	-0.514764465843136
APC	-0.51483339417317
ITGB3BP	-0.514944694624592
JAG2	-0.51504117052563
RMC1	-0.515243916753432
RNF227	-0.515660422439832
BSDC1	-0.516186780777829
ELP6	-0.516343502157962
ZNF396	-0.516591008735404
PCNT	-0.51702240337151
SLC35C2	-0.517118711220865
EIF4EBP3	-0.517237576416366
SYT15	-0.517434976362091
AKAP5	-0.51777095298776
ARIH1	-0.517865500086357
DNAJA3	-0.518198335667538
TNFRSF13B	-0.518957326859064
TSPAN12	-0.519074200476446
MBTD1	-0.519318131578633
SLC5A10	-0.519405694682049
SMIM26	-0.519445139003144
UGGT1	-0.519462535518385
RRP1B	-0.519466795045661
CD200	-0.519595431971149
RMI2	-0.519666819745228
PEF1	-0.519981343251682
ASCC2	-0.520262839255396
H4C14	-0.520508385336617
PKHD1	-0.520653817743409
ZFP36	-0.521076532937736
ZNF670	-0.521172217766281
MMACHC	-0.521332037266069
CEP41	-0.521506667408073
LRRC23	-0.52154619459909
C19orf48P	-0.521663440730232
ZFP1	-0.521955254394251
ECHDC1	-0.522246802924792
CPNE3	-0.522308691078321
SULT1A4	-0.522458165805471
ZNF511	-0.522509424603323
GNG5	-0.522618929834832
CXADR	-0.522654475801411
CDK5RAP1	-0.522745850442211
ETF1	-0.522915044611158
DRD4	-0.523246398206595
EXOC3L1	-0.523325713728131
RPL23A	-0.52340991580629
MFSD4B	-0.523450138513858
CAPZA2	-0.524212347567261
MAP4K4	-0.524299826339278
SOWAHC	-0.524439786838676
ZNF441	-0.524550613791803
RAB30	-0.524899950723812
TPRKB	-0.525197578840755
MRPL32	-0.525358649209589
SNF8	-0.525510058734405
USP36	-0.525524166428715
KMT5AP1	-0.525541932960698
AGAP11	-0.525849639229651
PPFIA1	-0.526062629935567
TTC9C	-0.526306697025122
CCDC59	-0.526717509857906
SWSAP1	-0.526768775637177
CLEC6A	-0.526874693232007
CSTF2	-0.52711734502203
IMP3	-0.527286451251387
KCNH5	-0.527650197073676
RPL13AP25	-0.527840138742635
ETNK1	-0.527899953609287
CHP1P2	-0.5281814596475
CYP27A1	-0.528199223373898
EFHC2	-0.528406666718738
NEURL1	-0.528416227020234
NRAS	-0.528485595454457
FAM240A	-0.528585436485281
EIF1AX	-0.528786528507212
RPL36	-0.52886010314343
KIN	-0.528997126130184
ADD3	-0.52935453046592
MAFB	-0.529605563604349
KCTD6	-0.52970552955917
ADAMTS2	-0.530009210930923
RPL23AP60	-0.530165139586546
KLHL11	-0.530319203569133
RPL4	-0.530339908985625
PCDHA9	-0.530354601348483
NFX1	-0.530468299980088
SPATA24	-0.530517124592808
XPO6	-0.530625512531055
SLFN5	-0.530942228456087
RBM14-RBM4	-0.531055333300996
RACK1	-0.532235327351245
COX19	-0.532370235554751
ZNRF2	-0.532466203945864
CTSS	-0.53269995824509
AK4P1	-0.53281057870541
CLEC16A	-0.533091453073704
TUSC2	-0.53314316180811
TMEM120B	-0.53330778786229
TRAF5	-0.53336486676906
BTBD9	-0.533766729030904
KICS2	-0.533910633444398
COQ9	-0.534240282862049
PRNP	-0.534442652210244
CFAP58	-0.534451858943162
COMMD5	-0.534526443674996
TUSC1	-0.53457061883838
WDR89	-0.534688841186869
NECAB2	-0.534768190167991
F8A3	-0.534946032845744
CA5BP1	-0.535392367864711
CYP4A11	-0.53546331229069
PCDHA13	-0.535730150888271
SNRPD1	-0.536011095794925
NDUFC2	-0.536179880273532
SIDT2	-0.536195734426041
RAC1	-0.536367268471406
ZNF271P	-0.536484312909846
RPL15	-0.536715313779656
PER2	-0.537003898400988
CCDC65	-0.537137672863073
RAB43P1	-0.537326304667484
ST8SIA4	-0.537422592637523
CAPZA1	-0.537453188566969
GALNT1	-0.537695089300286
DEFB133	-0.537754925960523
C3	-0.538049164419178
VAPB	-0.538068463142279
GUK1	-0.538083582378841
RMDN1	-0.538412430178483
CRLF2	-0.538646877800845
COL4A5	-0.538773512424365
SPEG	-0.538998747533235
GPR89P	-0.539096508832809
NKIRAS1	-0.539822700887838
ITM2B	-0.539828497333514
EIF2AK1	-0.539869995626652
COPA	-0.539999243851625
OTUD3	-0.540176954591076
FNIP1	-0.540228943535084
MCTS1	-0.540260899766127
PGAM1P7	-0.540379831217176
MXD1	-0.540470351777669
MTX2	-0.540633819774526
CNTLN	-0.540763938788172
VAMP2	-0.540782086301792
TPRA1	-0.540926002815865
CDC27	-0.541006341105626
ZNF383	-0.541183335070212
RIPOR2	-0.541784851760989
TMEM203	-0.541984061131588
CFAP144	-0.5420767889667
MIR9-1HG	-0.542285326055944
GRK6	-0.542570906280764
FOXO1B	-0.542816277397962
AKAP8	-0.543181724184883
PIGBOS1	-0.543871385920046
OR2A20P	-0.544351204605601
MAGEB17	-0.544874156258769
VMA22	-0.544952563299058
SMARCD3	-0.545183375924274
PGAP3	-0.545316482964339
TTC19	-0.545565199848134
NEURL2	-0.545709194346942
METRNL	-0.545938662639343
NF1P8	-0.545993117791777
YRDC	-0.546108689229023
TFB2M	-0.546262252092215
LCN12	-0.546281913421772
HSPD1	-0.546433373277595
RBAK	-0.546468727031104
NANOGP8	-0.546903662051835
GTF2I	-0.546924542365879
SRSF1	-0.546971929739999
SELENOV	-0.547166047930265
SPCS2P4	-0.547177949230668
ZSCAN12	-0.547367939229434
GABPB1	-0.547612204858336
PCDHA11	-0.5476161372695
NDUFA1	-0.547738376851599
STARD10	-0.547971873087777
CIAPIN1	-0.548146369453839
BMS1P21	-0.548177654187738
PEX13	-0.548195939063166
GID8	-0.548253098879704
OXER1	-0.54846780273551
NCBP2AS2	-0.549846257325627
ESCO1	-0.549976306441771
PAN2	-0.550890317517154
RPL6P30	-0.550925685092073
SNRPA1	-0.551059625816815
ECD	-0.55116678868068
HROB	-0.551372711809701
RPL28	-0.551843920119791
RPUSD1	-0.553524846211373
SLC39A8	-0.553832974935432
NRN1L	-0.554228198658543
FANCA	-0.554277246083136
PERPP3	-0.55428883424961
TRAF7	-0.554333190143183
FAM86JP	-0.55433887531886
MTIF3	-0.554344225367543
MYL12B	-0.55448577738144
RPL26L1	-0.554843576096601
NPM1P9	-0.555128542864259
FAM209B	-0.555265273191953
FAM89B	-0.555306616466673
RPL32P3	-0.555382374244601
NAF1	-0.555833692737672
ZMYM1	-0.556011027206554
DOCK8-AS1	-0.55631668714197
UBN1	-0.556528026455474
MDFI	-0.556610891020822
DPH2	-0.556648180082289
DDAH2	-0.556756064992062
IGDCC3	-0.557112213836135
FAM83G	-0.55711384169647
RAMAC	-0.557301520546266
TRA2B	-0.557666771050279
USP20	-0.557952073341498
ERRFI1	-0.558010039182319
GCM2	-0.558339780941278
LIN37	-0.558458281910143
PTMAP5	-0.558576890133622
ARHGEF39	-0.558708664878893
SPG11	-0.558749263062792
OPA1	-0.559465062092597
ZNF671	-0.55947429062736
CCDC22	-0.55954630521831
MORC3	-0.559566141168709
KIAA1191	-0.560139520588783
RELN	-0.560151392872577
HNRNPA1P8	-0.560477804965575
NSMCE2	-0.560534916449393
NUAK1	-0.56055469673143
RIMOC1	-0.560588605203394
INPP5A	-0.560605777368413
HSPD1P10	-0.560712581612909
TTYH2	-0.56077917519546
PLEKHG4B	-0.561422864125837
CDH12	-0.561585854357719
ADGRG5	-0.561901594665787
CD151	-0.561903079058315
NSUN5P2	-0.561908775353336
IL3RA	-0.562026915876757
CTHRC1	-0.562031434115328
SERTM1	-0.562082939200452
RPL38	-0.562168737102236
NDUFAF8	-0.562252324480449
TMEM127	-0.562607943469296
MREG	-0.562635702472732
PPIP5K1	-0.562906461118364
BCL7A	-0.56292311536989
SAMD1	-0.563048935972174
RPL7AP16	-0.563067639311725
ANKRD20A11P	-0.563253630980566
LPGAT1	-0.563432593319633
SYNGR3	-0.563789524169405
OSBP2	-0.563810430150191
APTX	-0.563978953519195
RBPMS2	-0.564121105061458
NAPB	-0.564145384045294
FUT2	-0.564190015245892
C17orf107	-0.564346124403012
C5orf58	-0.565147357040901
ZNF708	-0.565197066446169
NUDT5	-0.565274067929558
MAPK7	-0.565336471901952
ALG1L13P	-0.565336842950359
ACSL3	-0.565382069490059
ZNF606	-0.565668430604259
MPND	-0.565840666744215
BCL7B	-0.565992613083733
RPS17	-0.566034617728107
HSD11B2	-0.566275635673497
FBXO38	-0.566694194710152
TBC1D28	-0.566979290916449
TPRG1LP1	-0.567178437892311
PFDN4	-0.567277706971894
LRRC8B	-0.567307703658588
IL17RB	-0.567492862862046
GSS	-0.568346383064873
ATXN3	-0.568384193814027
PCMTD1	-0.568455820919522
HAT1	-0.568525896971142
RNF213	-0.568942290278031
CYP2C18	-0.569126592765163
ZMAT2	-0.569496173230869
GABARAPL1	-0.569578454574017
KLC4	-0.569778530762401
BANF1P2	-0.570031834016913
C14orf39	-0.570178859307269
CEACAM22P	-0.570942071850055
MBD6	-0.571538721017977
FBXO44	-0.571896707155076
SEC24A	-0.572060558641013
HCFC2	-0.572129067350147
CHRNA1	-0.57238435474728
UTP25	-0.572405733615452
TGIF2-RAB5IF	-0.573142014626932
KCNN2	-0.573195567929599
TMX3	-0.573797264913535
SMCR8	-0.573897112383116
RALY	-0.574019943319362
ZNF772	-0.574128314082356
SRP9	-0.574256410370248
RPL21	-0.574912434184033
VEZTP1	-0.57510940837501
CCDC78	-0.575178537506186
DCTN4	-0.575189176530407
FEM1C	-0.575633975077107
ANGEL2	-0.57567604461833
POLR2B	-0.575807984137709
COPS4	-0.576131173486781
ELOC	-0.576182681625175
TMEM141	-0.576938726666953
AP4B1	-0.577017405458958
UPP1	-0.57763867931775
NHP2	-0.577703420738618
TANK	-0.578061236678942
IFITM10	-0.578437409126667
PLEKHN1	-0.579014769598937
IDH1	-0.579178311644038
TRIM21	-0.579199351375654
TRIM24	-0.57983045728611
NKAPP1	-0.579989844700027
DBX1	-0.580108284015008
PSENEN	-0.580406410386828
FASTKD2	-0.58053683326315
SPAG5	-0.580594361340775
TBC1D2	-0.580729502623193
ZMYM6	-0.580856316157599
TMED7	-0.580926166750319
OSBPL2	-0.581031587674125
ENO1	-0.581180286023455
RPA4	-0.581427133425171
ANKRD11	-0.581659208627235
TMEM249	-0.581685491383957
ADAD1P1	-0.581756355500591
MCUR1	-0.581887535248118
TMEM275	-0.582140323884509
PPM1E	-0.582200690724401
CAPNS1	-0.582627526250405
WNT11	-0.582641170574222
S1PR5	-0.582858651658644
CDRT15P3	-0.583004152444609
KLF10	-0.583220921672915
ADAM20P1	-0.58355211144396
RPS27P25	-0.583610798318161
DOHH	-0.583793074817018
AMN1	-0.584022761221508
BRAP	-0.584438180596994
CALCR	-0.584621579334482
GPR157	-0.585114785151196
CEP70	-0.585946688620434
ZNF729	-0.585950160003613
TRAPPC2	-0.586109150294456
TIMM29	-0.586340771874724
GNMT	-0.586391324066541
PRTN3	-0.586532272700498
ZC3H7A	-0.586555908783239
ADCY8	-0.586703570661328
CILP	-0.586803103007261
DUSP1	-0.587030014265095
HBP1	-0.58728911893101
COPS7A	-0.587393737316253
CENPX	-0.588018910824641
GRAPL	-0.588325688562761
MSH5	-0.588598436013603
IGFBP2	-0.589153698990761
SMAD5	-0.589484405752587
ADAMTS13	-0.590082592820264
JAK1	-0.590215452845499
RPL10A	-0.590280222063183
NDUFA11	-0.590351459049254
TBK1	-0.59035637950332
JMJD6	-0.59045427700859
SYCE1	-0.591085290743407
ACTG1	-0.591302697520576
CPOX	-0.591306799118053
ACCS	-0.591331120662156
FUZ	-0.592199774506162
ABHD13	-0.592434431684975
MINDY3	-0.592551570382143
TLE1P1	-0.592831376487463
MPRIP	-0.593082699914368
RPL26P30	-0.593133687798392
TTI2	-0.593198181416446
HARBI1	-0.593711654997709
ATP6V0E2	-0.593765694535328
HAUS2	-0.593871050026396
INIP	-0.593875417525094
IGF2BP1	-0.593899606739481
CAPRIN1	-0.593978645639046
BCO2	-0.594265368418314
LRRC59	-0.594275149587995
MON2	-0.594491119041226
THEM4	-0.59455513995071
SP3	-0.594666103255345
LTO1	-0.594671332344071
SALL4P7	-0.594770253060897
NBPF10	-0.595278339333265
NFE2L2	-0.595608518366773
SHROOM3	-0.595910804616097
ITFG1	-0.595973989793225
RPP38	-0.595986085760237
ENO3	-0.596092779307567
MUC15	-0.596606797795839
CYP2D8P	-0.597199737041911
CNPPD1	-0.597415710114026
HNRNPF	-0.598285646210578
RPL7L1	-0.598335562056198
ANKRD36B	-0.598365627479779
EIF3D	-0.598420039852842
DIRAS1	-0.598450709984146
KRR1	-0.59847708886818
CMSS1	-0.598491046747397
XIAP	-0.598827787062464
SPDL1	-0.599014108746277
OR2B4P	-0.599386664026745
NELL2	-0.599585138468679
HMGN2	-0.59977525073955
ZNF892	-0.600234832828991
TMEM87A	-0.60027690239268
VPS33A	-0.600891582179942
ENPP7P1	-0.601012089180385
CYB5R4	-0.601040200945055
MSX1	-0.601197363922966
NSUN5P1	-0.601205616652009
ZNF324	-0.601278186607245
NUBPL	-0.601431267158707
UPF3AP2	-0.601819654790109
C6orf136	-0.60197529682878
DTL	-0.602235194092673
LY6G5B	-0.602241254429927
C13orf42	-0.602330055558725
ANAPC4	-0.602661061583773
FAM131C2P	-0.602816706785481
GPC6	-0.603143985608969
TSC1	-0.603234383780024
PELP1	-0.603412379496126
HSF4	-0.603456070038784
C10orf88	-0.603495384201626
COX6B1	-0.603645740407826
TXNIP	-0.603833890828025
ITGB5	-0.603838043424077
CHKB	-0.603904729167037
HARS1	-0.604407694943429
SS18L2	-0.604482472256982
EXOSC4	-0.604835060313447
ETV5	-0.605169688906402
AFG3L1P	-0.605215841623765
MYF6	-0.60535101367515
ALG5	-0.605705188519354
ATP8A1	-0.605787817982278
PCF11	-0.605806114453888
PCM1	-0.606031120056522
CES2	-0.606275492375749
SRARP	-0.606551127563366
SDHAP4	-0.606574720730857
MAGEA4	-0.606596272603807
FABP5	-0.606601346679039
ERO1A	-0.606677164480358
ANXA5	-0.606731064272285
BRIX1	-0.606937741509992
REXO6P	-0.606938495008212
ZBTB37	-0.607175550676252
CAMK2A	-0.607354467877644
PATL2	-0.607411051989924
TAS2R20	-0.607493923575375
RBFOX1	-0.607596012984064
PDLIM1P4	-0.607700744137387
CHTF18	-0.60778199068279
NCOA7	-0.607800651809724
FARSA	-0.608116213097759
GDF11	-0.608317812999769
ACADM	-0.608352326952921
FAM177A1	-0.608733049474256
TBC1D16	-0.608964959691017
PIK3R4	-0.609381585807594
YME1L1	-0.609829386752733
SHISAL2B	-0.610035422043275
FHL3	-0.610039497493051
MRPL19	-0.610185332125699
DSCAML1	-0.61023188597287
TMEM59	-0.610358703932639
KCNE4	-0.610438765121855
UBE2V2	-0.611056254725264
GATAD2A	-0.611071214443813
POLR3C	-0.611425584284058
RFWD3	-0.611440112062835
CACNA1H	-0.61146179790157
MAGEB3	-0.611867489713054
ZBTB44	-0.612108603018505
HDAC9	-0.612169042640038
TSACC	-0.612411945190573
AGER	-0.612501069487965
ACAA2P1	-0.613138514293272
ISG20L2	-0.613449178979368
CCHCR1	-0.61361734451301
SRPK2	-0.613735031339764
ALKBH1	-0.613761493600205
MVB12B	-0.613951481770669
LOXHD1	-0.614012014788007
FICD	-0.614310708074201
MRTO4	-0.614831157231501
ZMAT3	-0.615010548657813
POLR3D	-0.61505005593785
ELMOD2	-0.615094421765143
HSD17B8	-0.615125430774507
SPRED1	-0.615337418255163
NBR1	-0.615528776065018
PPIG	-0.615585131000193
HASPIN	-0.6158566565388
IPO4	-0.61591501145227
SHMT1	-0.615916980805083
HGD	-0.616975218948532
NOC2LP1	-0.617527612375293
AACSP1	-0.617879960823207
SPDYE8	-0.618184193208995
SNCB	-0.618447284494183
TSEN34	-0.618685425228665
RBM20	-0.618747872244595
TSR2	-0.618988498995323
SYPL2	-0.619270062050302
RASL11B	-0.619874882608893
INSYN2B	-0.621686742087413
RPL7	-0.621830685838819
MDM4	-0.622163195497522
LIN52	-0.622543465323699
SLC22A1	-0.622698151980778
CASK	-0.62277272164748
NPM1P24	-0.62301341354746
SHISA9	-0.623203339480965
PROM2	-0.623298055084761
CNTNAP2	-0.623849343668954
GBE1	-0.623863983411321
SWAP70	-0.624468528123532
ACBD3	-0.625126898517315
IRF9	-0.625393946848894
RPL32	-0.625734748508537
SEC14L1P1	-0.626128045349356
PTBP1	-0.626453549918228
FLCN	-0.626804850604007
PAQR6	-0.626812566002048
NOL3	-0.626873753925219
EXOC3L4	-0.627120223516257
ELL3	-0.628383679396342
HELB	-0.62859269405866
KIF15	-0.62868288976226
ABHD17A	-0.628714517709336
ZNF300	-0.628832732064779
SPOPL	-0.629227255058725
DHRS3	-0.629251002660804
MINDY2	-0.629335612015617
CHRAC1	-0.629427300763214
ZNF821	-0.629496127087203
PM20D1	-0.629578341880092
WDR36	-0.629748132696408
CCDC180	-0.629786958728089
SLC22A2	-0.629987613821094
MTCO2P12	-0.630115815238072
ZSCAN25	-0.630385329151746
VWA5B2	-0.6311866427398
MGAT3	-0.631747610832372
SLC37A1	-0.63177832042486
TAF4	-0.63183232476362
KRT8P3	-0.632140063369849
IDNK	-0.632538872916916
SCAMP5	-0.632676913591708
TATDN3	-0.632698153893679
SHBG	-0.632821037928607
FURIN	-0.63323693402929
UMAD1	-0.633264724913514
NIPBL	-0.63352162229095
ZNF446	-0.633586024012064
H2BC4	-0.633858312513396
ADH5	-0.633903089754281
SCN8A	-0.633909919996738
DIAPH3	-0.633996383145701
IL4R	-0.634450642474136
TLE4	-0.634622334127378
TRIM17	-0.634710384873876
C8orf82	-0.634904608063722
CCDC142	-0.635040794817799
ZNF709	-0.635351595546054
UQCR10	-0.635473934622822
NT5C3A	-0.635487941192736
GOLGA2P10	-0.636425150934809
ADAMTS6	-0.636901399160473
EIF4B	-0.637009278083259
MZT1	-0.637521189907602
RAB6D	-0.637636826809352
LGALS7	-0.637771286064355
PON3	-0.637813048956749
GIMAP4	-0.637916013103652
CCNG2	-0.638178265908058
SLC31A2	-0.638199526897002
SLC17A5	-0.639311283203435
CENPS	-0.639744706418498
NKAPD1	-0.639922262305797
UBE2D2	-0.640542292170704
SLC29A4	-0.640815066621206
GABRG2	-0.640818938185631
FRMD5	-0.641487229811149
SLC45A2	-0.641554153048655
RRAS2	-0.641639853182932
UQCC6	-0.642450310951431
EIF3J	-0.642622118259149
MRPL20	-0.642863627146037
PALB2	-0.642951997663338
EQTN	-0.642954097388662
MFAP3	-0.643171328764189
ZNF202	-0.643194063193327
ANKRD53	-0.643423083467679
POLA2	-0.643460116705516
TRAPPC14	-0.643547623604668
SUMF2	-0.643611825189751
NXN	-0.643971769170056
RPL21P40	-0.644005647406912
DHODH	-0.644032315397056
PROM1	-0.644044791799373
OR7E125P	-0.644443453212299
ZNF407	-0.644669526590747
PGM2	-0.645307707755072
RNF141	-0.645442577482468
SCRN3	-0.646117990408571
MMP28	-0.646121706244117
SYT16	-0.646302023549183
BORCS7	-0.646432112321445
APIP	-0.647063934964526
FAM156A	-0.647282822923099
GEMIN8	-0.647440265642922
SGO2	-0.647544581270366
LYRM7	-0.647592375474818
CAMK2B	-0.647632516505756
MEFV	-0.647664237702399
RBM44	-0.647677197759599
STYK1	-0.647694862120529
ARMCX3	-0.647745892916419
TOMM40	-0.64781862363289
RHBDF1P1	-0.647872596093899
AGFG1	-0.648073757699141
TMEM9B	-0.648152237670757
WDR6	-0.64839283651434
BTLA	-0.648431561994195
PET117	-0.648551910246392
MSH6	-0.649387867243965
MTFP1	-0.649460439066439
MRGBP	-0.650036438093171
DMD	-0.650668666778093
SELENOS	-0.650742927978283
PPP4C	-0.651014320547055
PRPSAP1	-0.651050896943674
ALDOC	-0.651467386794873
KCNG1	-0.65152190601329
FAM174C	-0.651556380469785
MAL2	-0.651830767561458
ZNF823	-0.652007417252718
NUDT14	-0.652035302100228
WDR4	-0.652073329636458
PTGR1	-0.652320128745687
ANLN	-0.652385985966575
CCDC71	-0.652482913522346
PIK3C2A	-0.653034467169498
NACA	-0.653426174828136
ATAD1	-0.653736774811569
KIAA0319L	-0.654142268581001
GPRASP1	-0.654163965778475
SDHAP1	-0.654273108279248
FIGN	-0.654310729005896
TMPRSS11E	-0.654336025406759
BTNL3	-0.654383553618402
TMEM165	-0.654477472788901
GOLGA6L4	-0.654884533359984
PCNP	-0.655360833728036
OR52N2	-0.655467389767988
ANKRD65	-0.655767875233757
GRM2	-0.65624486830599
ZZZ3	-0.656390026229884
KCNK1	-0.656657652063825
NME6	-0.656750019783563
HELQ	-0.657913099695031
RNF5	-0.657926122537631
NUDT13	-0.658161547587169
SLC23A2	-0.658482973504275
CPT1C	-0.658544377271165
PCMT1	-0.659018431156286
KLHL22	-0.659307752413847
VRK2	-0.659652708369383
UTP11	-0.65981411438944
FUT8	-0.660083913653787
VEGFB	-0.660101627181769
RIBC1	-0.660452066152016
RABGEF1	-0.660615432715653
TAF13	-0.660673985203138
MARCKSL1	-0.660764827570867
RNF19B	-0.660791341589087
C1QTNF1	-0.661717160403802
FAM241B	-0.661929540917295
ZFP28	-0.662109448483926
SLITRK5	-0.662396934213541
PCDHGB3	-0.662537905772974
ZNF846	-0.662642221700578
CFAP96	-0.662817300476108
HAUS6P3	-0.663310423258097
SETD5	-0.663608312223618
SKIC8	-0.663620571014954
PXDN	-0.664075635870081
MC1R	-0.664202709060484
ANAPC7	-0.66446865180327
CYB5D2	-0.664754139230963
FAM32A	-0.665075984905948
BNIP3L	-0.665180702021741
FAM90A11	-0.665279694798772
ATAD2B	-0.6655545076518
TCEA1P2	-0.665771642746942
GRAP2	-0.666141214227139
SPAG7	-0.666504116516375
DYRK4	-0.666583560687385
MRM1	-0.666904336405097
TACO1	-0.667024282448695
WASH7P	-0.667196618104404
SAMD4B	-0.667219968099928
TMSB10	-0.667225690230274
ETFBKMT	-0.667611369183414
RHOV	-0.667806645791095
C1QL4	-0.667929824783659
SCO2	-0.667954234462307
PPP1CC	-0.6681130986482
SGCZ	-0.668306125292871
CLASP2	-0.668469351019822
ASCL2	-0.668513387486278
NPIPB14P	-0.668525729898974
PPP1R10	-0.668988981018057
SRBD1	-0.669378831407532
RPAIN	-0.669419383667456
PPT2-EGFL8	-0.669710201182645
MTX3	-0.670604053745244
CDC5L	-0.670828862248547
CWF19L2	-0.670829022932782
H3P6	-0.671113967077401
IFT70A	-0.671373525045925
LRRC51	-0.671724918028902
GGNBP2	-0.67181165839398
GABARAPL2	-0.672018220057315
TREML1	-0.672020008920743
CCDC85C	-0.672517572062073
RPL36P7	-0.673123827605876
RBBP5	-0.673241341768639
LZTR1	-0.673460521040549
CT47A10	-0.673610287463988
SNX18P13	-0.673610287463988
FGF11	-0.673623350460472
PARP11	-0.673701126363061
ZCWPW1	-0.674093489117473
CACUL1	-0.674597469292336
SLC25A5	-0.674616131396787
GALNT4	-0.675073148677036
LBHD1	-0.675488123241201
OTUD1	-0.675977496578158
RAC1P2	-0.676232153998563
DDX31	-0.676569896625105
RHOH	-0.676983622578255
FNBP4	-0.677159977009242
ARFRP1	-0.677376465301049
GUCD1	-0.677475738123576
TSC22D2	-0.677739590296892
SLC5A7	-0.677769564294486
TAS2R5	-0.678227477502017
SET	-0.678242121099505
DDX4	-0.678533935726549
RNF182	-0.679182039162482
RTKN2	-0.679207453124146
TSKS	-0.679297941082715
CTPS2	-0.679467429320623
GRHL3	-0.67960560824764
HCAR2	-0.67976578466699
FSD1L	-0.679779116569369
RIN3	-0.679799792547926
SERPINE2	-0.680121056815064
SCYL2	-0.680558836725975
STAM	-0.680637474289404
ARHGAP18	-0.681178727946245
CCNY	-0.681599824963366
ZBED5	-0.681681562382088
ZNF583	-0.682159313264447
RRAGC	-0.682303973368717
PFN2	-0.68267780831321
FAM83A	-0.68273151602312
CD99	-0.682872491902702
WDR5	-0.683313108553798
SNX5	-0.683344016434774
CLCN3	-0.683976943678121
MAGOH2P	-0.68426874539327
RPS2P29	-0.68454398353523
GRIN3B	-0.684679358871909
MOSPD1	-0.685066839061742
ZDHHC11B	-0.685299758979324
DDX10	-0.685338958115729
LPCAT1	-0.685379287490868
RASL11A	-0.686231834962495
ZNF239	-0.686347769128066
YWHAZ	-0.687371647835844
ITSN2	-0.687534346816101
ITLN2	-0.687636845585858
SENP2	-0.68777353729601
RMND5A	-0.688215661899659
CYP2E1	-0.688812820315505
SNX27	-0.688862200869005
MROH6	-0.689344755703741
ANKFY1	-0.689702576882262
KAT2B	-0.689805523279625
RWDD4	-0.690252875769853
SOSTDC1	-0.69052497319438
DNAJB1	-0.691176169871532
ADAMTS3	-0.691720162446466
VAMP7	-0.691913508379668
WASHC5	-0.691929185026555
TAP2	-0.692338358953852
ARPC1AP4	-0.692405350796468
SPPL2A	-0.692494606225876
RBFA	-0.692654026444638
EIF3L	-0.692757351135933
KATNIP	-0.69281128055011
HSPA8P15	-0.693119702656749
PC	-0.693245478086779
GAP43	-0.693266347698896
PPP1R14C	-0.693290779623192
GOLPH3L	-0.69334408486371
EDEM1	-0.693525039404581
TNFRSF13C	-0.693746787343568
CDS1	-0.694060027030897
NUTM2G	-0.694111378692365
SLC2A11	-0.694195704465247
TMPPE	-0.69436968829518
CCDC85B	-0.694399391681377
ZNF555	-0.694839618731366
ZC2HC1C	-0.694873630110193
SAP18	-0.695056652571396
LENG1	-0.695071603072898
OR7E38P	-0.695471503234817
N4BP2	-0.695918174322788
COA6	-0.696242400257092
OPRL1	-0.69626429900523
TPD52L1	-0.696487724374576
C1orf198	-0.69649252963909
ZCRB1	-0.69700423704343
RNF181	-0.697061913543425
UBTF	-0.697153771256022
MED9	-0.697553367259535
LLGL2	-0.697684399565366
CFAP418	-0.697690429458956
RPL12P8	-0.697739756881607
XRN2	-0.697918224301064
LHFPL1	-0.697936638390511
SNTB1	-0.698030380657075
NCL	-0.69809920962238
RBM41	-0.698127184337906
NAGLU	-0.698984061822571
UBL5	-0.699493078419979
VN1R81P	-0.699575268664542
SRP54-AS1	-0.699807026177387
ERLEC1	-0.700407873785073
MMGT1	-0.700558986880984
UBR3	-0.700627765086338
SC5D	-0.70081682826053
RPL21P75	-0.700856352603194
SUZ12P1	-0.701257926507753
TDRD3	-0.701359034964153
CCDC146	-0.70175803650297
RHOG2P	-0.701872757362798
CPSF4	-0.701887836422014
OR7E14P	-0.702301415211009
SEC24B	-0.702355465466652
HEATR5A	-0.702415850767927
BHLHE22	-0.702669412941583
NCKIPSD	-0.70312157549796
ABHD17C	-0.703223804328564
RPS18P14	-0.70331177682519
POFUT1	-0.703670704204706
PFKL	-0.703811928890419
RBP4	-0.703850043495055
BLOC1S3	-0.704101828514204
GSPT1	-0.704660055074965
HMGXB4	-0.704777844777556
DHX35	-0.704849856204754
PCYT1B	-0.705166580735201
NEIL1	-0.705279963329514
ZNF391	-0.705894379595779
ZUP1	-0.705895629890203
CYP2D6	-0.706069883966966
CIMIP3	-0.706174842252513
PTPN2	-0.706247442211665
INO80B	-0.706293339434239
SIK3	-0.706371365556256
MAGIX	-0.706847799058378
ZNF335	-0.707076507842896
ZNF518A	-0.707177571302218
HEY2	-0.707242369020554
CHMP4BP1	-0.707317463192648
PANK3	-0.707468570033572
EBAG9P1	-0.70793993513466
PPP2R3A	-0.708201229993866
TPM3	-0.708737345823837
EPPIN	-0.70926958711052
LSM14B	-0.709467766592304
PTMAP2	-0.709485845229128
SPAG16	-0.709880191644775
CNKSR3	-0.709897339441471
CEP95	-0.709933682525984
VPS50	-0.709993673489456
IL9R	-0.710081834296171
ARHGAP44	-0.710365244639211
RSPRY1	-0.710377023418419
TOP3A	-0.710407698981677
TBC1D27P	-0.71090193016663
TROAP	-0.711846645667686
GRPEL2	-0.711846759370947
ACVR1C	-0.711920928080444
C19orf47	-0.711986788223335
MTNAP1	-0.712013583908569
PIGQ	-0.712037754819204
SMO	-0.712368164904724
PKIA	-0.712393382755863
PELI2	-0.712414394678619
MINDY1	-0.712500549410514
EPHX1	-0.712622790495949
CASP8AP2	-0.713012009810238
ZFP30	-0.713032047364951
GEMIN4	-0.713135248073788
SNAPC5	-0.71326023008019
MDN1	-0.713295248638586
EIF4E	-0.713321099820021
ZNF710	-0.713493233211658
SMPD4	-0.71356551585307
SLC37A4	-0.714509876159919
PCDH11X	-0.714608547666369
RFC1	-0.714706329091821
TOR1B	-0.714746588132174
KDM1A	-0.7147966835275
MPHOSPH6	-0.714925000029
ZNF883	-0.715452179926792
ATP5ME	-0.715737268765029
USP10	-0.715920423249701
C1orf162	-0.715973646812063
UBE2E1	-0.716159854182465
SNAPC4	-0.716241673241108
TIGD7	-0.716296392469653
PRXL2C	-0.716314019415394
NDUFS1	-0.716366561131503
RCBTB1	-0.716397819380917
NPLOC4	-0.716518154886486
SUSD2	-0.716612260240883
CSGALNACT2	-0.716901802661731
ARID4A	-0.717053729707224
PFKFB4	-0.717346905876768
OSBPL10	-0.717390338671295
PSMA6	-0.717729767474192
SSBL4P	-0.717840168270364
TNFSF13	-0.71796787497564
AMER3	-0.718641429957202
CRAMP1	-0.718693610202004
EXOSC8	-0.71877274075707
PDE4DIPP7	-0.718976536481496
ZNF596	-0.719398025171649
PSMC3IP	-0.71942273943292
SERHL2	-0.719585105876754
RBL1	-0.719759853025902
ZNF12	-0.719957919288548
PUM1	-0.720040450516833
GFRA3	-0.720969371861681
ZNF587B	-0.721850269316884
SRGAP3	-0.721882217910455
BHLHA9	-0.72192484247433
GASK1B	-0.721943775768897
EMC6	-0.722457643195798
BMS1	-0.72290096793527
FBP2	-0.722932100700459
BECN1	-0.722956741524073
DPF3	-0.723005393703457
C11orf58	-0.723325726876347
COX15	-0.723366101534446
ZNF524	-0.723775219058829
TOMM6	-0.724317754279466
ECI2	-0.724629692904552
RPL27	-0.72506600193145
ZNF48	-0.725209185427753
DCUN1D5	-0.7256002521655
POM121C	-0.725798800894016
RAD23B	-0.726178675838417
BAMBI	-0.726827419314511
MUC3A	-0.727186978527558
ANKRD26	-0.72737611759169
PDHX	-0.727577302156051
RFXAP	-0.727931545484769
EDC3	-0.727948686420093
TUBB2A	-0.728417780576895
RNF6	-0.728711957405936
ANO5	-0.728805673224639
RPS6	-0.729154465952938
PHIP	-0.729381523270003
PCDHA1	-0.729579497941324
AMD1	-0.729969757704375
GPHN	-0.730026394925535
RPL29P4	-0.730358460755751
RIN2	-0.730415355376545
ARF6	-0.731294415520343
MOSMO	-0.731472765312535
C7orf78	-0.731563536415924
TP53I13	-0.731613819735018
AANAT	-0.731654022617577
PKD2L1	-0.731831303521664
SLC67A1	-0.732133786529569
HERC2P4	-0.732997649933012
MTRF1	-0.73305251322374
SLC40A1	-0.733127595445075
RABIF	-0.73317653694141
TSFM	-0.733180469925891
PRICKLE4	-0.733395743537045
KPNA5	-0.734132330033416
SF3B2	-0.735159542328684
SYS1	-0.735237756584535
UQCRC2	-0.735433940295045
GAPDHP62	-0.735526416570732
CTNND1	-0.736054106695483
IGBP1	-0.736225811372225
CBR4	-0.736300092095268
NDUFA10	-0.736777604772409
WNT9B	-0.736980437636169
BORCS7-ASMT	-0.73901649701298
GDPD4	-0.739046570796152
SLC47A1P1	-0.73931358710196
SCG2	-0.739424892655176
LMO3	-0.73981781576663
TBC1D14	-0.739886863187818
GYG1	-0.740376069210027
DOCK9	-0.7404256120539
BTF3	-0.740428797616639
ZNF114	-0.740436935060454
LRRC8A	-0.740552073945903
YTHDF2	-0.740565982241184
CDT1	-0.740673520324435
RASGEF1C	-0.740859079107326
CEACAM7	-0.741435074254948
MAPK15	-0.742330454996508
NECAB1	-0.742421072224409
CDC42EP5	-0.742599319398297
FAM187A	-0.742731070964716
CYP4F22	-0.743029877292176
DRGX	-0.743038617910104
DDX60	-0.743042719144449
MRE11	-0.743149113128014
RMND5B	-0.743297666305772
RGS7BP	-0.743437259703549
PTTG1IP	-0.743445591106122
CCDC43	-0.744871531298405
PPIL4	-0.745610836811586
TRBC2	-0.745656407391489
LAMC1	-0.745710866062076
MRPL49	-0.746430080844722
SMAD1	-0.746629621619597
RPL8	-0.746834364766509
SUMO2	-0.747681836220322
PDSS1	-0.748054562554713
ENOPH1	-0.748239549107569
CFAP65	-0.748666273154272
PCDHGC4	-0.748898238676691
IGLON5	-0.748932973679283
NDUFS7	-0.74901077271003
LYAR	-0.749016205943584
SNX2	-0.749080561639717
ANAPC15	-0.749083466206943
LAMA1	-0.749629174324942
RPSAP3	-0.749648244375131
TCF12	-0.749682404572623
TOR3A	-0.749804172024172
PSORS1C2	-0.749962663268807
HNRNPU	-0.750208564551883
SRSF8	-0.750334518079492
SYDE2	-0.750702868227884
RFNG	-0.750807322987357
GATA4	-0.75191401638819
CFAP70	-0.751993638876316
MMP24OS	-0.752049266933797
GRIP1	-0.752072192544586
MT-ND4	-0.752282636856886
ZNF30	-0.752552590711925
MIF4GD	-0.752642398061068
STEAP2	-0.75285349102297
PTPRK	-0.752934012514679
ANKLE1	-0.75372034817418
CSAG3	-0.75408424577778
LGR5	-0.754190964349912
CR1	-0.754225494357141
SMIM47	-0.754364548219795
TCP10L2	-0.754903879215435
CHEK1	-0.755005350172655
TAF4B	-0.755115039553997
IER3	-0.755162174210761
RBM12B	-0.755193578951147
ZNF304	-0.755333084877983
SCAND1	-0.755430512141446
COX18	-0.756122237682063
MTRES1	-0.756235032082012
ACHE	-0.756350166007572
PTPA	-0.75668450666575
RSF1	-0.756950667210519
RPL17P50	-0.757172927543082
KCNJ4	-0.757202354801107
RASSF10	-0.757506001299815
USP47	-0.758298706467226
PTER	-0.758712499044102
SMNDC1	-0.758764132325879
CEP170B	-0.758855813121785
MEAF6	-0.759202595250198
SEC22B3P	-0.759705574316693
CENPH	-0.759825189686083
BMS1P4	-0.759956710143155
SLC66A3	-0.761185088271064
NTN3	-0.7614834301625
RPS3P3	-0.76169591072342
LUZP4	-0.762247592296811
FGFRL1	-0.76225128395645
CEP135	-0.76274786242086
PDZD11	-0.76328454515606
BDH1	-0.763570881235199
ALG9	-0.76372442775481
ANGPT1	-0.763973492001929
ZFP69B	-0.764027447093416
ZNF567	-0.764231236154235
RAPH1	-0.764409059466147
SOWAHD	-0.764662076522905
PDP1	-0.764723570849633
SNX6	-0.765772975832648
SH3BP5	-0.766423468566654
MPHOSPH10	-0.766586196197221
FAM149A	-0.766664575712357
KASH5	-0.767108069368513
NAPA	-0.767598331834318
MFHAS1	-0.76776884597157
IDH3B	-0.768077172988353
RUNX3	-0.769510669418528
CT47A1	-0.769986667021967
NKAPL	-0.770027203408798
PTCHD3P2	-0.771058068829317
CD177	-0.771264669903357
ELOVL2	-0.771282520813332
NT5DC2	-0.771370677727668
YY2	-0.771827683836341
EML1	-0.771849643670187
ZNF564	-0.772120746605749
FAM222A	-0.772210843239294
BMPR1AP1	-0.772290344374497
ZNF354C	-0.774005157639715
APH1A	-0.7740418166051
NEK4	-0.774672321611279
TIMM10	-0.775028206686733
ZBTB18	-0.775145918778644
KRT8P35	-0.775400329746584
SMU1	-0.775446511745565
INTS7	-0.775734240922941
RCC2	-0.775973038531665
CD19	-0.776227454483307
BFAR	-0.776292331105337
CIPC	-0.776384338983461
FEM1A	-0.776521163793262
CHMP1B	-0.777266254599664
PSMC6	-0.777935462377748
ZBTB21	-0.778065262515428
TRIM64B	-0.778256958883373
DDB1	-0.778340855905736
H3C10	-0.778362917385167
TRAF6	-0.778445138367876
CTDSPL2	-0.779117291735196
TAF1D	-0.779514328531811
FAIM	-0.779900770261015
BTF3L4	-0.780164535265485
TAS2R31	-0.780522481215422
PPP2R5B	-0.781384333276608
VPS36	-0.781545096012869
PEX39	-0.782714325205046
SNRK	-0.783623822729514
EIF5	-0.783687871557168
FAM83C	-0.783779245630216
CYB5D1	-0.783984536161438
PIGS	-0.784438482143706
PIGA	-0.78476171173702
FANCM	-0.784984120954093
LYSMD1	-0.785103476583326
PTDSS2	-0.785504893397727
PLD4	-0.785535187372708
SHPRH	-0.78557833242413
MIPOL1	-0.78644080004856
TMEM184C	-0.786444356458492
MAGEA3	-0.786482266281256
SETBP1	-0.786657559209736
EYS	-0.786686423774152
MMP17	-0.787159556337838
FAM187B2P	-0.787207240326931
C1GALT1	-0.78735946144048
C1QBP	-0.788077642467743
POLR2D	-0.788236632313903
UCK1	-0.788598002622403
PTBP2	-0.788665313883788
RPL35AP20	-0.788823434486556
CTCF	-0.788963896494076
TYW5	-0.789489108469609
CAMSAP2	-0.790082359298912
CSE1L	-0.790256709071239
RAC3	-0.791030789551065
AFG1L	-0.791222524910126
PSMD6	-0.791249529372288
TMEM235	-0.791744011246568
ZBTB11	-0.791828815238224
VDAC1P13	-0.791929834039439
FAM3D	-0.792006884215198
MT-ND6	-0.792089987059013
MARCHF8	-0.792540057715555
MYEF2	-0.792589666026774
GINS1	-0.792651853090849
UBE2CP5	-0.792876745542115
SYT15B	-0.793323062874692
POLA1	-0.793723573115888
ARID4B	-0.793918059855881
BMF	-0.793992829828128
FAM83H	-0.794332602889652
DDX24	-0.794335203651216
SPRTN	-0.794782130470232
KCNS3	-0.794786518202727
TRIAP1	-0.794975018560349
MEX3A	-0.795102587627827
ZBTB32	-0.795137412597642
ENHO	-0.795766111691673
SLITRK1	-0.795983004535365
CLOCK	-0.796225764865616
CELSR1	-0.796544253056056
DIAPH2	-0.797321420700971
HNRNPLP1	-0.79786874119602
RBP5	-0.797958657885038
NPW	-0.798569271075929
DCK	-0.799429023898135
PRKCD	-0.79944378355658
SKP1	-0.799597337159432
VWA7	-0.799875776955644
SRPRA	-0.800139319567328
NUFIP2	-0.800530080873176
SNRPC	-0.800543806702525
KLF8	-0.800665577480444
RAB24	-0.800718767130625
NGF	-0.800845655125729
PDXDC2P	-0.800981029322572
MAGEF1	-0.801350938541607
PRMT8	-0.80168158468802
ZNF70	-0.80220256685695
MAGEA9	-0.802795826923941
ELAVL1	-0.803116900705214
NUTM2A	-0.803490519960025
USP33	-0.804315933798212
NPM1P7	-0.804513247085498
BDH2	-0.804645183811913
ENO2	-0.804788819373545
TMEM63A	-0.804861302200899
IDI1	-0.804983076736043
TTC39C	-0.80542245976854
CEP20	-0.805738390576212
CASD1	-0.80577843277243
AAAS	-0.806191210716386
USP3	-0.806257313000154
EMC8	-0.806338252642292
KBTBD2	-0.806478417010418
TNKS2	-0.807522783224402
ASIC3	-0.808290976684527
GTPBP8	-0.808319097432403
ZNF605	-0.808343753186855
MYO15B	-0.80892735724761
RAVER2	-0.809105576814245
ZNF784	-0.809388924250525
C9orf43	-0.809839312187161
SCLT1	-0.809903001623032
CEP170	-0.810064056913507
RBIS	-0.810131928802887
OSBPL5	-0.810138106482011
ZNHIT2	-0.810467839283574
EIPR1	-0.810528578846259
VPS37C	-0.81083604102977
EIF3E	-0.810954736194076
CHST5	-0.811174438945757
ANKRD20A21P	-0.811410464898758
UBXN2B	-0.811497079285538
FFAR4	-0.811618923732408
MAP6	-0.811813005721905
IRGQ	-0.811840421116531
ANG	-0.812196941611355
BCAP29	-0.812312345921281
KAT6B	-0.81276970350682
MAGEA2	-0.812928682256193
SCP2	-0.812966483761094
PDIK1L	-0.813148850428109
LRRC37A6P	-0.813305919674843
JAZF1	-0.814394052219581
RPF2	-0.814607436147184
RPL13P12	-0.814912403169008
RPL17	-0.815411606725467
SULT6B1	-0.815695651719536
CLDN34	-0.815820448223207
IQGAP1	-0.816098284868003
C4orf33	-0.816491830936833
RPL3P7	-0.816669710237289
TRH	-0.816734626437308
LYL1	-0.81709207689915
LINC01881	-0.817458009227329
ZGPAT	-0.817592873850672
VPS25	-0.81771640312702
METAP1D	-0.818231433315794
POU5F1P3	-0.818264362271992
HYLS1	-0.818889659125786
MAP3K9	-0.818941459168922
SEMA7A	-0.819378795446866
MRPL3	-0.819847825790065
HSPA9	-0.820339109756927
ZFP14	-0.820401799219382
ERV3-1	-0.820923362479648
GFM1	-0.820982898900182
R3HDM2	-0.821852874616424
TET1P1	-0.822135099087739
MRPS17	-0.822222299998427
RPS11	-0.822321782176388
PTGES2	-0.822380434478209
TPPP3	-0.822859839695009
DOK3	-0.822879247221337
YTHDF1	-0.823004193715327
MRPL28	-0.823445892104434
PPP1R9A	-0.82375148708707
TNFSF11	-0.823875062984314
VPS11	-0.82399909342548
H3C1	-0.824235729392053
MAN1A1	-0.82427276014566
NFYC	-0.824617688312359
MYO16	-0.824752236449158
COL4A1	-0.825454926940153
CCDC169-SOHLH2	-0.825549361515356
METTL21A	-0.82570394789634
CDV3	-0.826222918258886
FLOT1	-0.826411405931845
ZNF10	-0.826951163624053
WTAP	-0.827057425282127
ZNF543	-0.827060664319196
FBXO48	-0.827070721119744
NIFK	-0.827215558081313
SCAF11	-0.828491033803329
HMGN5	-0.828660866282263
PTCD3	-0.829247739623561
REEP3	-0.829680958899944
CWC22	-0.829841894625423
SHH	-0.830120392071123
AMMECR1	-0.830121193904321
STMN1	-0.830428711194954
SMC1A	-0.830722784402155
POP1	-0.830897211396267
PRKCG	-0.831658167222344
TNK2	-0.832271593384021
CCDC170	-0.832740588560397
WDR27	-0.833660646195834
SH3RF1	-0.833741039993895
MSANTD4	-0.833803856329047
C1orf159	-0.834300472068384
GHRH	-0.834614279420734
SMAP1	-0.834678962125989
ZNF573	-0.834833084377142
PNPLA7	-0.834940093732742
KIZ	-0.835339943229576
NSUN7	-0.835510158957731
NAP1L5	-0.836005598299922
TLK2	-0.836030853809972
CTAGE7P	-0.836350991684415
KDM6B	-0.836400213678194
FBXO21	-0.836583526233515
ZNF16	-0.837195297979381
ORMDL1	-0.837420314719682
GREM2	-0.837777337350783
CCDC124	-0.83829252169032
FMR1	-0.838476575330248
ZFAND1	-0.838533345381538
ZNF211	-0.838653045875415
CENPBD1P	-0.838865783669847
CA5B	-0.838975307595381
CRACD	-0.839035036043749
NELFA	-0.839381925953145
ABHD18	-0.839728242865371
SCART1	-0.839782322938049
RPS6KA3	-0.840024871078807
MRPL27	-0.840387336827746
TIMP4	-0.840519109928012
ARL16	-0.840656099575682
KLHL24	-0.841221076884079
HNRNPD	-0.841527108182508
E2F7	-0.841869849466754
FLVCR1	-0.84202817683963
DNASE1L1	-0.84240868706108
CCT2	-0.843006723585188
PLEKHD1	-0.84332494692663
KCNQ2	-0.843782201386529
CRIPT	-0.843905027015111
MFSD14B	-0.843955895794521
CFL2	-0.844329071946731
PDPK2P	-0.844406344337374
DNAJC6	-0.844420830791851
CLDN7	-0.84471259458434
ZNF207	-0.844966630007434
SLTM	-0.844968287734273
TREX2	-0.845485222172561
FGF20	-0.846267463600131
B4GALT4	-0.847594172450441
CINP	-0.847891626776259
TBCC	-0.84808303818588
ITPKC	-0.848860915644127
PGAP6	-0.849173023113813
LSM1	-0.849522154813877
FAAP100	-0.849674626672403
CDH9	-0.850462962572591
HERC2P3	-0.851069656456656
UTP23	-0.851475012430395
NTMT1	-0.851684086277113
EPS8L2	-0.851799988798316
YEATS2	-0.852221353000333
NPEPPSP2	-0.852548604594906
DDX42	-0.852907591040066
AGO4	-0.852919765898153
RLF	-0.853192080313746
NDUFA7	-0.853287850246843
ANKRD63	-0.853322381895635
CHD7	-0.85378930271746
CUEDC1	-0.85384875534965
GUSB	-0.854084161994672
STIL	-0.854220446032496
PARM1	-0.85428164916277
HIRIP3	-0.854855084242387
SGSM3	-0.854940261715267
USP14	-0.854999055793304
LACTB	-0.855184772630343
INTS6L	-0.855690590724927
RAB7A	-0.855840728790577
EIF4EBP2	-0.855852314810375
STARD7	-0.856928806189045
ZNF79	-0.857071613541963
TRIP11	-0.857082485728012
LZTFL1	-0.857681051063192
PRSS45P	-0.858765047538553
ZNF160	-0.859000279471237
NHLRC3	-0.85916016428096
NEUROD1	-0.859491557571518
AXIN1	-0.859745799221666
MID1	-0.859937629658709
RNF126	-0.860057754415379
DCLRE1A	-0.860274682920936
ACY1	-0.860636275704234
DBNL	-0.861941941070254
ZNF106	-0.861964107693814
ADAT2	-0.86257130191866
GABRG3	-0.862584834655106
PMPCB	-0.862715034902995
HELT	-0.862988760261418
ATP6AP2	-0.863381852002252
ZNF829	-0.863578671329999
ZNF532	-0.863740044746686
CDNF	-0.86382980121323
ADAMTS9	-0.863898451254827
HSBP1	-0.86396910513916
CYB561A3	-0.864674187134226
DMRTB1	-0.864730717953953
CYSRT1	-0.865202395649709
CCNT1	-0.865439213609322
SLC19A2	-0.865850399629262
TMEM107	-0.866007014437901
NTN4	-0.866387017486497
SYNE3	-0.866711861034767
ZNF713	-0.867099834428065
PSKH1	-0.867103938930009
STARD3	-0.867163553170282
PLAG1	-0.867375353103825
FBXO22	-0.867503981527076
ZHX3	-0.868765244700131
CAMSAP1	-0.86877992574759
PLCH2	-0.868809746397695
UEVLD	-0.868895867813309
PHF11	-0.868916310700243
TRIM53AP	-0.869880678221627
SSXP10	-0.870000993672864
MCUB	-0.87012791215003
WAC	-0.870184428906671
SHOX	-0.870334465451935
CSRNP2	-0.870469275995062
DNAJC30	-0.870804795811299
B3GNT2	-0.870872213025488
GOSR1	-0.870890527933031
SLC10A3	-0.870986774155656
PSD	-0.871369287046942
GAD1	-0.871629969398362
BZW2	-0.871729469553823
MIB1	-0.872184911926806
PNOC	-0.872579836534526
RRM2P3	-0.872599097204544
PIGT	-0.872810734858393
KLHDC4	-0.872953011953229
PWP1	-0.873254567292324
OTUD4	-0.873368691225273
BCAS2	-0.873691820480767
NOTCH4	-0.874071361629318
MT-ND4L	-0.874186117927591
LINC02881	-0.874469931342727
FAAH	-0.87455696825278
EIF3H	-0.875350800406922
AP4S1	-0.875798326569561
E2F6P4	-0.875819165089117
C11orf54	-0.87606024281501
CNOT2	-0.876075333257116
APEX1	-0.876118725117962
ZNF599	-0.87612505723867
SIX6	-0.876489452974466
ZNF430	-0.876608731742068
TM2D1	-0.876660528509974
SON	-0.876845917866259
SP1	-0.877231922151455
EIF2AK4	-0.877964942453219
HIKESHIP1	-0.878180175644013
PTGR2	-0.878463819475267
SUPV3L1	-0.878732787607608
CYP2F1	-0.879151945806868
PUDP	-0.879207285644251
SFR1	-0.879349285728419
LIN7C	-0.879992613679318
HES6	-0.880048253136441
SMBD1P	-0.88088394560339
WARS2	-0.88145753294041
SEC62	-0.881607744034273
TAB3	-0.881795125436066
C1GALT1P1	-0.881919631554895
THOC7	-0.882624324883516
OR52K3P	-0.882636205779377
TRIM49C	-0.88280841916149
RELCH	-0.883102894242061
ARHGAP12	-0.883108561554271
OR2L1P	-0.88339359268581
CDC73	-0.883440194261372
RAB11FIP3	-0.883448313979702
MRPL44	-0.88356018296912
RNF19A	-0.883746914747593
MICOS10	-0.883850454375597
TAF11L11	-0.883954855620611
CD163	-0.88407332860645
SPECC1L	-0.884170633215107
POP7	-0.884325729324781
APCDD1	-0.884703394820495
MAIP1	-0.885291903975897
H1-0	-0.885363016044032
ASPA	-0.88538208426627
ASNSP1	-0.885415713929042
CTDP1	-0.885670923517443
ABCA3	-0.885843676347332
PAQR4	-0.886064373747866
PRKAR1A	-0.886342287238034
MTMR9LP	-0.886638348234005
MCAT	-0.887412046136464
C6orf163	-0.887442934980979
BLZF1	-0.888838958667091
DUX4L26	-0.888944855257974
ZNF529	-0.889067633173631
ZNF451	-0.889115812098705
NFE2	-0.889390821366284
GDI2	-0.889483838682617
FMN1	-0.889499476990975
CHST10	-0.889601383436824
ASPSCR1	-0.889957185123551
INTS13	-0.8908576972627
SMIM29	-0.891620913122468
FBXO25	-0.891889349741787
MT-ND2	-0.892039542304359
RXFP1	-0.892417076711554
PRORSD1P	-0.893376271722946
AASDHPPT	-0.893501105104498
HNRNPA3	-0.894128048044385
ARMH3	-0.895035112973083
CNST	-0.895070170729912
ACTR6	-0.895115143367281
FBXW4P1	-0.895359657686978
RUVBL1	-0.896752386461206
FAM162A	-0.896953634802459
POLK	-0.897042459273724
TXLNG	-0.897081016740023
UPF1	-0.897253463065906
SLC30A9	-0.898263989782979
STAU1	-0.898339391437411
ZMYM5	-0.898658185913902
RHEB	-0.898772089218557
KAT5	-0.898950240941132
ARL17B	-0.899016775426138
MTDH	-0.899413036792505
CKAP2L	-0.899528391430477
TSPAN6	-0.899721307116096
PIH1D2	-0.899886540155301
ZWILCH	-0.900041418999505
CNBP	-0.900404698275267
ZNF674	-0.900492822790676
HEATR5B	-0.900635658235716
TTC9	-0.90092515529725
ZNF35	-0.900989725325789
DTD2	-0.901204493294817
ARSA	-0.901745425443744
NOC4L	-0.901785461574324
FOXA1	-0.90255223252649
GHR	-0.90277501329658
COX11	-0.902778411010795
IKZF5	-0.902950087929833
ATXN1L	-0.903027406017506
MRPS34	-0.903158709380054
TXNL1	-0.903459914151356
NHLH2	-0.90349932576776
NAGK	-0.903875631331413
BCOR	-0.903883393523899
COG2	-0.904049275570867
ETS1	-0.904374480290308
PEAR1	-0.904447106654745
ELK3	-0.904609185266735
TMEM277P	-0.905300187342169
RPS21	-0.905342994606484
CCDC14	-0.905584328848847
TRAK2	-0.905724822689401
COPZ1	-0.906320256876717
AGAP13P	-0.906614570568817
TMEM178B	-0.906819744876731
ELMO3	-0.907035383671377
SLC25A34	-0.907514040621895
GEMIN7P1	-0.907703828244129
SERPINE3	-0.907996497000349
TPM3P9	-0.908257850012128
ADGRG6	-0.908628397656592
CA13	-0.908922912262298
TMPRSS3	-0.909307755991978
POF1B	-0.909896154953658
ZNF614	-0.909921194790181
ALKAL1	-0.910174367301773
SLPI	-0.910198286078102
HAS1	-0.910285051397171
DTX2P1	-0.911260834010041
AP3S1	-0.911394730631442
HSD3B7	-0.911613189106492
SRSF3	-0.91184853132943
MTCL1	-0.912274066252892
SCARF1	-0.912564734110048
EPS8	-0.912779118737378
SEC1P	-0.912782456491139
TMUB2	-0.912924815266194
ZNF576	-0.913191499584968
C1QL1	-0.913452497274984
DIPK1B	-0.913696815019457
TRBC1	-0.913718087365665
RASSF7	-0.913816792637682
MFSD13A	-0.914128542751538
ATL2	-0.914383332976246
MTND2P28	-0.914657062076822
ABCD3	-0.914858633584321
SUPT7L	-0.915416665530307
HACD2	-0.915509285094392
FARSB	-0.916036763766337
UPK1A	-0.916256589794344
C2orf15	-0.916450200696567
RPS23	-0.916577242286648
TMEM91	-0.916913671882341
UVSSA	-0.917093582180309
AMH	-0.917317886676932
BIN3	-0.917570196692005
SHOC2	-0.917607834990484
ACRV1	-0.917729758712394
ARHGEF26	-0.91821687758383
RPS6P8	-0.918274601073172
SMARCE1	-0.918288687867448
KCTD9	-0.918297600343023
COL10A1	-0.918317694237614
TSSK4	-0.918722978137458
MED4	-0.918918474411927
NUBP1	-0.918950307961854
HNF4G	-0.919913214417655
NARS1	-0.919975311208515
RDH13	-0.920028976622994
MTMR2	-0.920258119066493
TRAPPC11	-0.921036142080614
CLDN23	-0.921826152165786
TGFBR2	-0.922034635703546
SLC5A3	-0.92231775192227
BMAL2	-0.92261184230629
BRMS1	-0.922749416124261
ADGRA3P1	-0.922863401818022
WNK3	-0.922888876693831
NFYA	-0.923191336743788
SCN2B	-0.923396612969488
VEZT	-0.923528167975617
TUBD1	-0.92353652598958
CCDC85A	-0.923692426027404
TP53RK	-0.923858701401431
DUSP22	-0.924033978242859
FOXRED1	-0.924152688215801
TCAP	-0.92419650467659
NFYB	-0.924520414154865
HIGD1A	-0.924995884955815
RPS15A	-0.925008775947701
ASIC2	-0.926209388835983
METTL23	-0.926232983146636
UBL4A	-0.926577253193104
NIPSNAP3A	-0.92684123170644
MICAL1	-0.926959606209351
XKR9	-0.927004153667605
SPIDR	-0.927759521405539
SLC12A1	-0.92799022183305
CBFA2T2	-0.928415542688768
ABHD17B	-0.928601979451347
ACAP2	-0.928635843171251
H2AC25	-0.928691500791043
POLD4	-0.929279175062956
CYP27C1	-0.92941221985044
RAB5A	-0.929629660837232
ABAT	-0.930311328683347
PTBP3	-0.93046746524971
ZNF224	-0.930574610543883
ZNF826P	-0.931003568310018
CACHD1	-0.931277148255842
ZKSCAN5	-0.931534602881297
MRPL57	-0.932098591652486
SP2	-0.932218139842286
LBR	-0.932385555098599
PRKAA1	-0.932765990284164
RPL36AL	-0.933331863094714
VPS9D1	-0.9337416698984
FRYL	-0.933757459089362
TMSB4XP4	-0.933793221871842
FAM174A	-0.933875343146916
C9orf85	-0.933933572266474
PRPF40B	-0.933942302853589
ARHGEF40	-0.934300835189779
PF4	-0.934584671643147
RAB11A	-0.934747909736434
SLC25A47	-0.934859980837309
NAP1L1	-0.935283125338307
LRRC37A15P	-0.935520461069878
PTGFRN	-0.935671580095209
SOCS5	-0.936037176671956
MRFAP1L1	-0.936772504976003
HNRNPA0	-0.936992828817549
ZNF568	-0.937074796411513
B3GALT5	-0.937604647264768
ATP1B1	-0.937799995074292
SHLD1	-0.938074799332011
WDR7	-0.9380909173079
PAIP1P1	-0.938220699607041
HTR1F	-0.938347731759086
RPS15AP10	-0.938362847564499
TMEM167B	-0.938496718846555
VOPP1	-0.938630849144885
DDX20	-0.938921485974203
EIF3F	-0.93918823014802
IQANK1	-0.939452052275326
PIGB	-0.940213835548255
SPATA22	-0.940324189536945
ATP6V1G2-DDX39B	-0.940388635384133
GJA1	-0.940430873797812
NDUFV2P1	-0.940629357462115
CORO6	-0.941320128626126
CHST6	-0.941403510375721
DHX32	-0.941716902969851
KDM3B	-0.941726884011001
PREB	-0.941815185385467
RPS20	-0.942250713898779
PRDM2	-0.942855584986783
DCLRE1B	-0.942929255266017
CD209	-0.942944656672294
SLITRK3	-0.943271988854669
NKRF	-0.943444574304071
VAMP4	-0.943550747777123
NOLC1	-0.944470754269558
TAX1BP1	-0.94474916693916
SPAST	-0.945157344948804
TAF6L	-0.945465998758354
FAM133DP	-0.945596635417128
HNRNPLL	-0.945736164199922
GADD45GIP1	-0.945894148195878
UBAP2	-0.945970623836215
ACKR4	-0.945977802210616
SLC25A32	-0.946445612106999
SASS6	-0.946492131825449
TBP	-0.946915720340339
DIAPH1	-0.94772642297921
TRIM22	-0.94799554347092
C1GALT1C1	-0.948221433887821
PAICS	-0.948366030690122
RBMXP2	-0.948547674779351
MYO1D	-0.948656826956948
ZMYND15	-0.948828496364837
VPS51	-0.949015985923917
PARD3	-0.949377934917743
SAMD8	-0.949385696034669
RPL31	-0.949683050314613
ARMCX1	-0.951377209890214
HILPDA	-0.952258026466861
KATNAL2	-0.952433041655031
TUBA3D	-0.952438809613043
KISS1R	-0.952752971429312
LMBR1L	-0.952787558451103
GJB7	-0.953869185659162
EXO5	-0.954366634340687
NDUFC1	-0.954419591979793
MAPRE1	-0.955097352545913
FAM219A	-0.955142623444856
DPY19L3	-0.955725505266653
PSORS1C1	-0.955741140087705
FBXO8	-0.956059815013166
HSCB	-0.956539100868336
GOLPH3	-0.956740907215072
GNA11	-0.956766414781516
WDTC1	-0.956942370527157
RBM15B	-0.957004386003792
GPATCH2L	-0.957099180241105
TMEM132E	-0.957197269886525
MSRA	-0.958177938833845
AK9	-0.95833119323033
KDM4E	-0.95861175816406
OSTF1	-0.958775813673574
LMNB1	-0.958985898469867
YTHDF3	-0.959015406371461
RPF1	-0.959526071203665
NLN	-0.960090824083297
SPON1	-0.960454175833313
STK31	-0.960466407720017
B2M	-0.960603742349065
SMURF2	-0.960810191066332
PARP8	-0.961026135560993
SLC6A2	-0.961224424547329
EYA3	-0.961972646571917
PAIP2	-0.962395358315412
ZIK1	-0.962415525728544
CEP78	-0.962468119859752
DDX52	-0.9626711106287
RPL21P16	-0.962910392446317
DNTTIP2	-0.963287941441413
ZNF442	-0.963879183146439
REXO4	-0.9641232651948
PAIP1	-0.964574944978687
TMTC3	-0.965005250728424
CIRBP	-0.965039466767451
SSX2B	-0.966244816552534
BOP1	-0.966746091776748
HBA2	-0.966908463760946
CD99P1	-0.96708530175741
PSME3IP1	-0.967290451340712
FILIP1L	-0.96748283310784
BRWD1	-0.967713578337762
FOXD1	-0.967886895650596
FAM98B	-0.968150455549746
MCPH1	-0.968411675517111
SEMA3D	-0.96843595521214
TTC5	-0.968486694229513
PHKB	-0.968693984635785
TINF2	-0.968727400209132
FREM2	-0.968873329013616
SENP8	-0.969019127920145
GOLM2	-0.969372587045397
ZNF816	-0.969561885185218
BAIAP3	-0.970094799641799
CRPPA	-0.970347672432276
NAV1	-0.970375037796064
NOL11	-0.970627147778332
ZNF763	-0.970749376692316
PARPBP	-0.971605817850319
NOL4L	-0.971831476160614
RNFT1	-0.971911297114477
DNMT3A	-0.972180458869231
ERAL1	-0.972408373320603
GTF3C2	-0.973234039504315
DESI2	-0.973274032443928
ZNF292	-0.973566780726644
INSIG2	-0.974036944154475
SKA2	-0.974091536833855
MAN1B1	-0.974147470527564
INPPL1	-0.974786547827301
ATAT1	-0.97495004554725
HMOX2	-0.975083434090048
CFAP298-TCP10L	-0.975338948203514
LIG4	-0.975535076406199
ZNF333	-0.975650388009778
PABIR1	-0.97616815562038
POU5F1	-0.976563226182738
WDR33	-0.976750364695401
MGRN1	-0.976901443685197
FAM200A	-0.97697635522538
DDX28	-0.977018275648959
NPB	-0.977753145820447
NOXA1	-0.977966421484998
PLA2G4B	-0.978687056567771
MFSD8	-0.979220407578525
RBMX	-0.979254382719655
AKAP17A	-0.979568224651311
CLIC2	-0.979734363475832
GPBP1L1	-0.98004192929376
ZNF812P	-0.980051013154999
FEM1B	-0.980250415682591
TRIM71	-0.980257614849138
ABCB10	-0.980276813450836
RPL34	-0.980311887493802
MED19	-0.980610046236599
UBE3A	-0.980699297618127
WNT10B	-0.980865450152971
WDR45B	-0.981444073155423
SSNA1	-0.981849750448801
GALNS	-0.982063563882789
TAF1C	-0.982217948932888
CLEC7A	-0.983016377632077
SALL4	-0.983285972869175
CCDC47	-0.984429408296991
GNB2	-0.984691040658727
MMP24	-0.985021107333312
NSUN2	-0.985037692378472
NCBP2L	-0.986065805679462
C15orf61	-0.986831471976511
CLK1	-0.986973379742106
ZC3H12C	-0.987098070876559
SIKE1	-0.987437726305421
FAM222B	-0.987556550091507
ZNF69	-0.987956172002266
CREBBP	-0.988271362280459
SLC35E3	-0.988516620732438
PPIP5K1P1	-0.98854047159279
OPRK1	-0.989174409485619
NACC2	-0.989888162632739
CCNL1	-0.990030904478441
WASHC2A	-0.990131179988393
HEATR3	-0.990134261168723
SCPEP1	-0.990446524174284
BPTF	-0.991456564855675
GPR37	-0.991553958736075
AP1S2	-0.991963050965978
ZBTB40	-0.99197064238258
ACSS1	-0.992684434994128
TIMM23	-0.992731764537367
NYX	-0.992878769875274
MTMR8	-0.992998958665474
ZNF107	-0.993124129013745
MORN1	-0.993295959445788
SOHLH2	-0.993344370519306
GABRB2	-0.99353529351527
FUNDC1	-0.993746367144628
BBS4	-0.993857017245265
H2BC26	-0.993923805407875
PRADC1	-0.993973128034586
MTFR2	-0.994359470154898
FNDC5	-0.994627309847556
TSHZ3	-0.994734112097164
CCDC18	-0.994745387178355
BLTP2	-0.994859930038435
COMP	-0.995246387831018
ZNF283	-0.995700740458244
PHKG2	-0.99572158328404
IFT80	-0.996260836013154
WNT9A	-0.996404333706954
GRIP2	-0.996468387911799
ANXA11	-0.996642931092074
NONO	-0.997693986277913
RPL17P47	-0.997822947542912
CLCN2	-0.997902603302081
ZC3H4	-0.99832822684697
NPNT	-0.998558427105967
ATP1B2	-0.998877671483305
TDH	-0.999279912187177
IL9RP3	-1.00007016949583
LIN9	-1.00204002237855
DHH	-1.00214078140076
PALMD	-1.00214428738601
ARL6IP4	-1.0021599562043
SMARCA5	-1.00227909796971
LHX3	-1.00228682992202
ABCE1	-1.00246502109508
RAB5C	-1.00371784127177
APOO	-1.00402328859284
FASTKD3	-1.00403463828921
PTPRM	-1.00436354105975
CGAS	-1.00476321943797
RMDN3	-1.00489938834129
VTI1A	-1.00539314288296
UCHL3	-1.00703460332871
SOX2	-1.00711376104478
PRIMA1	-1.00716257577624
ZNF510	-1.00721228065467
RAP2C	-1.00725111220121
NUP85	-1.00750661781886
RPL23	-1.00762307561521
UGT1A10	-1.00795700564356
NR1H2	-1.00882791125667
XRCC3	-1.0091971694467
FAM76A	-1.00980259788283
CELSR1P1	-1.00988548176016
COX4I1	-1.01032742386951
FLVCR2	-1.01160397483578
ZNF394	-1.01202140891807
TAF1	-1.01223821719918
TRIB2	-1.0122544068845
SETD7	-1.01232074617689
WDR74	-1.01239422638022
MEI1	-1.01283834115177
YIPF4	-1.01285778249354
RNF220	-1.01317861263784
DTYMK	-1.01327506442293
CHMP6	-1.01356973318823
MAP4	-1.01421958955581
TMEM121	-1.01451269068699
WDFY1	-1.01589565969603
RPRD1A	-1.01592277632643
AKAP12	-1.01601296749615
ODAD3	-1.01611619505132
GEMIN2	-1.01637062080629
CD48	-1.01676985782028
FAM111B	-1.01715174835618
LPIN1	-1.01748196988164
LYRM2	-1.01755466596918
CHMP4B	-1.01837299158478
CUL2	-1.01862881725396
NICOL1	-1.01892946848481
FAM200B	-1.01932153478488
POLR3B	-1.01941161753899
TMEM262	-1.0203738984701
CNOT7	-1.02062455649493
TRAPPC2B	-1.02076818664537
C17orf75	-1.02077687303056
GTF2H4	-1.02125129850391
PRODHLP	-1.02129078072078
NEDD4L	-1.02232295177637
HOXB3	-1.02248373085281
CYYR1	-1.02276979921506
EMG1	-1.02348312395946
SRFBP1	-1.0243084853172
ZNF663P	-1.02451074318059
ADPRHL1	-1.02466044169241
ZNF700	-1.02472654628716
SUGP1	-1.02490124032966
GTPBP6	-1.0251372584716
ZNF860	-1.02575423956621
GABPB2	-1.0260079307313
SMAD6	-1.02644836172603
SNRNP27	-1.02649581214094
PITHD1	-1.02657857293996
UQCRC1	-1.0266175256212
SLX9	-1.02689124224085
DAZAP2	-1.02698489667146
ATP5MK	-1.02763766473269
PLXNC1	-1.02855446884851
MTFR1L	-1.02885274839241
GEN1	-1.02889384980527
MTR	-1.0297023501868
AURKAIP1	-1.02990411955285
FOXJ2	-1.03057258501005
SP4	-1.03103690233151
MBOAT1	-1.03119291162063
PTCD1	-1.03153821548679
AOPEP	-1.03211516094878
GPRASP2	-1.03221062037496
FAT4	-1.03237705098983
DYNC2I2	-1.03271508218049
MDGA2	-1.03301546035546
KIF3A	-1.0330667005504
ABHD3	-1.03339705115919
BLOC1S5	-1.03433132446133
DUSP19	-1.03452320318918
TRAPPC4	-1.03458152620941
RP9	-1.03486895978314
H1-1	-1.03497315307146
TIMM8A	-1.0354747227274
PHAX	-1.0362538653121
TMEM38B	-1.03628457990916
GRSF1	-1.03652103339976
DHX36	-1.03687515776259
PPP2CA	-1.03718757621561
H4C8	-1.03741385874757
DIRAS3	-1.03826988065318
PCDHA3	-1.03854673742924
CHAC2	-1.03920213822279
NDUFV2	-1.03941542053059
NOXO1	-1.03973802145772
AP1AR	-1.03993481695031
PLEC	-1.04009342178784
PA2G4	-1.04009991762576
USP51	-1.04010384270939
MOB4	-1.04048824805079
SPTY2D1	-1.04053488026606
ITGA2	-1.04055297095419
MRPL39	-1.04083008747241
COPS8	-1.04191054138047
UBE2L3	-1.04218492709907
RHOXF2	-1.0425274308397
ZNF99	-1.042643727456
SNX3	-1.04274117688364
POLR2C	-1.04287041034217
UBR1	-1.04292039972247
LHFPL3	-1.04303142185177
LRRC57	-1.04305215387424
TOMM20	-1.04329241657863
MPLKIP	-1.04413424022227
CFAP298	-1.04428176874133
PDCD6IP	-1.04478835012583
ACAN	-1.04514108048571
HSPB1	-1.04527313699012
HAS3	-1.04539400151869
CFAP77	-1.04548969840819
KGD4	-1.04695245607575
ZNF175	-1.04730399065906
SLC30A8	-1.04768905388484
STRN	-1.04836530908085
FUBP3	-1.04845777678773
SSTR2	-1.04861652250505
NIPSNAP3B	-1.04885074910156
HS3ST6	-1.04892246965078
OR1F1	-1.04896876079617
KCNK4	-1.04919237311274
CERS3	-1.04981087038202
ICMT	-1.05010421562793
PDK1	-1.05061495533128
NOA1	-1.05079162002242
ABCG2	-1.05105506073814
SKA1	-1.05121561329503
N4BP3	-1.05167576861554
STK38L	-1.05178517536196
RPLP0P3	-1.05214611979429
RAB4B	-1.0521583240546
ZNF805	-1.05255844948715
METTL18	-1.05273157437208
MIS18A	-1.05324664315726
NAA16	-1.05361933379979
MRPL48	-1.05471968549873
CENATAC	-1.05486431021653
PPCDC	-1.05525827820593
CIDEA	-1.05619738595844
SLC38A10	-1.05627717088078
SYNCRIP	-1.05628501111835
BMS1P2	-1.05629957562846
ZMYM2	-1.05653827346806
F2R	-1.05662898894572
PRKCQ	-1.05694289978548
SMG5	-1.05739791770177
SLMAP	-1.05755222299973
ZNF717	-1.05807636184586
PPIL2	-1.05838838680047
ZFYVE26	-1.05877358268669
ZNF723	-1.05914227469554
ZBTB25	-1.0597376962338
CSKMT	-1.05977150724032
FKBP14	-1.05991073010079
USP18	-1.05998250134126
RGS19	-1.06045395837385
MSI2	-1.06159747613732
CCNA2	-1.06167684333629
LIFR	-1.0617631645303
OVCA2	-1.06289728170912
ZBTB49	-1.06307557920375
PGBD4	-1.06318277902581
SLC35F1	-1.06340332085227
WTAPP1	-1.06365968053448
DONSON	-1.06517007802739
ELMOD1	-1.06518489984331
HERC6	-1.06522939585533
VPS13D	-1.06557924232676
HTATSF1P2	-1.06558005378397
KCTD15	-1.06559141433479
BBIP1	-1.06577347287782
RAB14	-1.06582097848841
FAM153CP	-1.06587812339539
NAA15	-1.06670845388762
LY6G5C	-1.06723333539594
ACOT13	-1.06753934733543
PMS2P5	-1.06814896363732
CSNK1D	-1.0683114082809
SRGAP2B	-1.06840323053607
ZNF204P	-1.06901840490466
RBMXL1	-1.06935042733375
MARCHF1	-1.06960829837675
ZNF566	-1.06970836055566
PIERCE2	-1.06976992522468
KRT8P52	-1.06999682448511
CTNNBIP1	-1.07045216808302
DYRK2	-1.07058325125857
NUDT4P2	-1.07124287726212
POP5	-1.07129595088232
ECT2	-1.07133623909313
ZNF131	-1.07150802530865
LDHAP4	-1.07164547279156
DICER1	-1.07242613552122
MAP3K15	-1.07275971497579
LMF1	-1.07276702048603
ZNF625-ZNF20	-1.07277987949935
FKBP15	-1.07289361184887
MUC19	-1.07312692094496
UTP15	-1.07331920711024
COX5A	-1.0740462662599
C19orf25	-1.07440583811398
C1QL2	-1.07493774525354
SIAH1	-1.07496389769165
CEP104	-1.07512222615677
SIX4	-1.07522440276604
UNC93A	-1.07551882935689
NEUROG1	-1.07577508182329
BLOC1S4	-1.07618915715354
GCAT	-1.07672462716982
MYO1B	-1.07686035567478
TYMP	-1.07691435386358
IRAK2	-1.07738776538858
CIMAP1D	-1.07760835643812
SNX22	-1.07765033666891
KCNH2	-1.07791793249409
ZNF225	-1.07792019996876
FGF7P3	-1.07896043647928
CTR9	-1.07897841267399
MRPL47	-1.07962050900878
PATZ1	-1.08013241813861
CERK	-1.08054920045466
LSM2	-1.08071414073568
SENP7	-1.08135834294067
CCPG1	-1.0817008974961
BMS1P9	-1.08222457806931
RABL6	-1.08319934284959
TMPRSS11F	-1.08335431661281
H2AC10P	-1.08348246510146
ZNF625	-1.08373099463934
LY6G6C	-1.08402522748097
ATP5MG	-1.08467428719136
JAK2	-1.08471481689225
SPMIP9	-1.08486245536019
DGCR6	-1.08494630037253
RNF149	-1.08578387558718
HSPA1B	-1.08589525034301
OSBPL1A	-1.08596000628305
EPB41L4B	-1.08750568001561
TMEM175	-1.08760271997444
CHIC1	-1.08790846043895
RTF1	-1.08814919962992
DET1	-1.08897493472958
FAM76B	-1.08908977603451
DHFR	-1.08933752509023
AHRR	-1.08942798593089
RPS15	-1.08953240836025
TRAF4	-1.08975256456033
CHRNE	-1.08976017467816
PTCH2	-1.0898220870527
BPNT2	-1.09031868610787
NLRP6	-1.09043529134951
TRIM26	-1.09076163425567
NBPF18P	-1.09089343123918
COL6A4P2	-1.09097739471454
CDCA7L	-1.09104102718468
COG7	-1.09151928244978
CATSPERE	-1.09344045420886
GHITM	-1.09370458395918
RAN	-1.09384012046521
MT-ND3	-1.09401037251464
IKBKG	-1.09422873135653
CCDC25	-1.09424818783579
P4HA2	-1.0943100242141
EMC2	-1.09476088288914
DHTKD1	-1.09523787734018
TOMM22	-1.09539564372051
TMED5	-1.09557840036744
GINS2	-1.09649184167648
PPAT	-1.09699723628781
UROD	-1.09738605052913
DQX1	-1.09752258600597
FLT4	-1.0976744065149
CLEC2D	-1.09856625664959
BCR	-1.09861643007953
H2BC17	-1.09873271668999
USP53	-1.09884474197901
PHF23	-1.09903470826913
FAM89A	-1.09904993030837
TRIM43B	-1.09926706998155
VHL	-1.09936867298654
UBE2R2	-1.10008483821871
SEC24C	-1.10011145322611
DUS3L	-1.1006991302704
ARHGAP11A	-1.10079458265032
RPL35A	-1.10123003598615
BCL11A	-1.10127022701885
HNRNPK	-1.10136851553757
CCNB1	-1.10183875499954
BBS1	-1.10190341749084
DHX40	-1.10206497251754
KANSL3	-1.10304424785752
KLHL4	-1.10364543465188
HNRNPM	-1.10367277355275
C16orf86	-1.10472861802093
COMMD2	-1.10475595587959
UQCR11	-1.10477458653247
USP22	-1.10485741273015
ZNF273	-1.1048753165067
CT47A12	-1.10491998971393
OFD1	-1.105443720611
IHH	-1.10570240539273
POMT1	-1.10583303263479
CRTC3	-1.10624687031468
ANO7L1	-1.10704630360032
FAM229A	-1.10706803265499
SPRYD7	-1.10741295717879
LATS1	-1.10752538478982
RPLP1P6	-1.10761534990527
HEBP2	-1.10849279760722
ZFP42	-1.10887424312088
MRPL40	-1.10906557986106
TPTEP1	-1.11000933656859
ZBTB7A	-1.11006859578163
SRPK1	-1.11008969357121
VMAC	-1.11057037446758
SHISA3	-1.1107422498879
MS4A7	-1.11090476239422
GOLGA7	-1.11094871168277
CRTC1	-1.11095937767855
CCNC	-1.11157593570581
RPS13	-1.11172107490849
MT-ND1	-1.11200103657685
CCNDBP1	-1.11277798385293
UPK3BL1	-1.11300404289339
NAT14	-1.11314862251045
THRAP3	-1.11354527279315
SHLD3	-1.11464367606118
ELL	-1.11467888847862
NBEAL2	-1.11545011742018
RPS7P3	-1.1161360660154
MGLL	-1.11624570550062
ZNRF1	-1.11630830349727
CBFA2T3	-1.11658800286552
GPR149	-1.11663278800794
PAPPA2	-1.11666630219302
TENT5C	-1.11682363957645
POLR1F	-1.11708544764181
PROX1	-1.11725450608958
SDHAP3	-1.11750018128197
MAP7	-1.11779256584809
ESPNP	-1.11811044304419
ELAPOR2	-1.11811587624424
MYCBP	-1.11844712864857
TADA2B	-1.11855440714389
COX17	-1.11951622327773
RASD1	-1.1197734436667
LRRC10B	-1.12055542040545
SIN3A	-1.12114717833397
CAP2	-1.12118703784122
ZNF835	-1.12167889254122
TCF21	-1.12239436990223
SLC47A1	-1.12272146669961
PEX12	-1.12277867660692
C6orf89	-1.1228514852447
LUC7L2	-1.12323191551274
ZFPM1	-1.12489345823833
ABI1	-1.12497013659897
TBC1D4	-1.12519449003063
RSPH10B2	-1.12519903980479
MSI1	-1.12666185593793
MRAS	-1.12833661047405
LSM4	-1.1283693341334
IL17RA	-1.1295608706847
LYPLA2	-1.12982881725577
BACH1	-1.12999481816635
SIGLEC11	-1.1302214732576
LDLR	-1.13054483981288
TEPSIN	-1.130593889129
HTD2	-1.130621823007
CIMAP1B	-1.13100986532994
SDHAF2	-1.1312614605957
ZNF654	-1.1313761061145
SRRD	-1.13252602477785
TCP11X1	-1.13260408439298
GLYCTK	-1.13329782233072
RAB6B	-1.13350782853643
HERC2P9	-1.13363373745578
PRPS1	-1.13363824586919
CASP7	-1.13573905148318
TEX9	-1.13592177240147
BRSK2	-1.13610662631888
NXF1	-1.13635455137898
CYBC1	-1.13662734974025
ZNF586	-1.13689908769676
REPS1	-1.1376345897351
SMARCC1	-1.13792996644243
CYFIP1	-1.13811649549716
DGKD	-1.1383593365569
JHY	-1.13867163396904
COX7B	-1.13870573471569
UFM1	-1.13942484662554
ZMYND19	-1.13949981109062
OR1F2P	-1.13979342546108
PEBP1	-1.14008022518754
PIGW	-1.14009564504059
INTS2	-1.14099460116257
TMIE	-1.14105382573921
TENT4A	-1.14114094186947
TMSB4Y	-1.14130209155984
MSL1	-1.14163448210064
TMPRSS5	-1.14167910404397
ORC1	-1.14187776724344
CDC16	-1.14190057682791
ING1	-1.14344032688585
FAM186B	-1.14459669188959
TIMM21	-1.14480254604309
MED14	-1.14523383193593
AEBP2	-1.14538135611313
TIA1	-1.14565870013909
ZNF343	-1.145679932051
KIAA2013	-1.14582146439614
VRK1	-1.14590965928604
RBM48	-1.14694719636671
NEDD1	-1.14731132890609
ZSCAN21	-1.1473783742967
PPP1CB	-1.14751157123236
ABCF1	-1.14757504190465
MCOLN3	-1.14776517049512
C5orf15	-1.14796775074568
SNAP29	-1.14796958655021
PECR	-1.14845981849483
AGAP4	-1.14860152974963
RUBCN	-1.14899568116795
TRPM7	-1.14982069329899
JAM3	-1.15006650723207
ADGRV1	-1.15044975048712
PCSK9	-1.15079854651157
ZDBF2	-1.1509830501898
SCAND3	-1.15143554281766
STK35	-1.15145098934611
WDR12	-1.15149682953637
PLSCR4	-1.15174369781184
LHFPL2	-1.15245885697581
STX16-NPEPL1	-1.15260541950762
PAXIP1	-1.15295884577663
BOD1L2	-1.15321192564975
DECR2	-1.15367684370883
CIR1	-1.15381851616165
ZDHHC2	-1.15406815912603
CLASP1	-1.15460102725903
YPEL3	-1.15553438872474
EIF2S1	-1.15553773034821
SEC23A	-1.15554742023073
ARHGEF16	-1.15563783690398
UBA5	-1.15592421168506
RASSF3	-1.15669252771254
ZNF721	-1.15670270116048
ARL5A	-1.15718437979319
CCDC92	-1.15736650089994
ZNF420	-1.15740277063338
MBD3	-1.15748417906305
ZNF101	-1.15786274301891
PLIN2	-1.15867978516224
FZD4	-1.15870287857012
UBE2Q2P1	-1.15942137026079
SLIT1	-1.15945813815911
FBXO2	-1.1596026031721
FNBP1L	-1.16051942889619
TTC27	-1.16089933618375
RALGPS2	-1.16139754543291
CHCHD10	-1.16179247871311
HOXD13	-1.16181343812815
RPLP2	-1.16286686829667
NAMPT	-1.16394751992602
FCF1	-1.1643733426453
PLD2	-1.16516854007748
DUX4L37	-1.16562622350671
CCDC82	-1.16582244333821
TRAPPC10	-1.16590434783442
ABCC13	-1.16597420958644
CATSPER2	-1.16608343332509
TAMM41	-1.16649698172503
ADCK2	-1.16675962288961
ATP6V1A	-1.16724837021729
PRP4K	-1.16733240165039
SPATA18	-1.1677041251956
BRI3BP	-1.16815036249129
PDE4DIPP4	-1.16819472476354
CACNA1G	-1.16865356988331
ADCK5	-1.16880075809608
THUMPD1	-1.1688274697222
NUP37	-1.16964520061863
GABRR1	-1.16982707832144
UBE2Q2P2	-1.16986407739086
TMUB1	-1.17006552562318
STAT3	-1.17037764253921
ZNF849P	-1.17049469150403
ISOC2	-1.17064782320525
TMEM106A	-1.17095230618758
SPOCK2	-1.17162772321842
ZSCAN5A	-1.17197342344471
PAFAH1B1	-1.17205613354472
ZNF37BP	-1.17308156465066
CYBB	-1.17374893340678
ARL15	-1.17393364192077
ZFAND6	-1.17401524292002
ATF7IP2	-1.17427476205799
COL6A2	-1.17482106950764
HLA-B	-1.17537758112963
RPP25L	-1.17561144857455
MICA	-1.17567940039949
DEF6	-1.17718251136068
GSKIP	-1.17771230272263
CEP97	-1.17813070973349
MYO18B	-1.17819076396384
NDUFB10	-1.17819658621213
LONP1	-1.17958285853981
RANBP2	-1.1802918625665
DNAJC28	-1.18057348500386
CDKN2AIP	-1.18076320179611
LANCL3	-1.18141507909359
GOLIM4	-1.18144072012144
ZNF775	-1.18153615366169
TUBAP13	-1.18185127385695
KIF13A	-1.18212014481162
SLC4A8	-1.18215944444873
EFEMP1	-1.18233296598075
TAS2R19	-1.18237188519338
DHX16	-1.18271659687972
FSIP2	-1.18309899193463
TP53BP2	-1.18365430408991
VEZF1	-1.18395732462514
POLE	-1.1844724922937
LINGO1	-1.18457699584465
PLEKHA5	-1.18507237565638
MRPL34	-1.18533403071041
RNF111	-1.18557861950944
PBRM1	-1.18599427742188
NUDT22	-1.18632832714138
HSP90AB1	-1.18663485852845
COQ10B	-1.18682609069276
PFAS	-1.18683435505444
GABARAP	-1.18791823395737
LAMP3	-1.18886955282901
MT3	-1.18891563594255
ARPC3	-1.18897840679045
ATP5F1C	-1.18940114622352
NCK2	-1.18961360418376
ZNF471	-1.1900651623124
KNL1	-1.19007009782837
ST14	-1.19053611411919
CRMP1	-1.19078704074944
ENTPD2	-1.19084679317801
MOGAT3	-1.19088975096285
SREK1	-1.19182123190611
AP2B1	-1.19182787846947
RTN3	-1.19195569061278
CRK	-1.19205738833758
PDAP1	-1.1928696128019
AP1B1	-1.19504290498715
DUX4L50	-1.19520874245477
RPSA	-1.19590740517134
CBFB	-1.19592008158438
ORC6	-1.19605058214723
PHOX2A	-1.19611494904603
BLCAP	-1.19655041360703
IRF7	-1.19706690381663
TWF1	-1.19806630769452
ZFPL1	-1.1985964201013
SLC44A3	-1.19860859602343
ZNF639	-1.19870055129413
PPP1R12B	-1.19927184329507
EP300	-1.1997933835544
CREBRF	-1.20000334001375
DNAL1	-1.20003165549613
CAMK1D	-1.20027995605377
ZNF891	-1.20028782361459
ADD2	-1.20048666340444
FRAT2	-1.20067492279306
SCRT1	-1.20098656201019
HNRNPKP1	-1.20149576539757
TBPL2	-1.20191117119828
UBALD2	-1.20227795064658
TMED2	-1.20234926737702
HMGA2	-1.20266859439967
RPS6P12	-1.20269092852632
LLPH	-1.20297987892193
TEDC1	-1.20312464625901
G3BP1	-1.20379784236408
SETD1B	-1.20395618201665
MFSD14A	-1.20429140024596
TMEM98	-1.2052479063049
TRAPPC6B	-1.20567282381367
RNF11	-1.20591135786739
KBTBD4	-1.20637241471459
SPTBN2	-1.20646123322866
LAMC3	-1.20647986215331
CSNK2A2	-1.20710619676153
POC1B-GALNT4	-1.20719614216499
NPAT	-1.20742325184978
C1orf52	-1.20763355311589
RAD50	-1.20769328470923
FAM210A	-1.2078898610448
HACL1	-1.20796123105463
CYP26A1	-1.20806769154464
LARP4B	-1.20809004559618
LIN28A	-1.2081849858458
PRODH	-1.20912132694263
GALNT10	-1.21014168898418
ATP5MC3	-1.21021030206331
RBM12	-1.21080409213965
POU6F1	-1.2118113546943
CIAO2A	-1.21194139061639
CHRM4	-1.21230635537221
GCNT1	-1.21237196676563
HSDL1	-1.21246998722407
MATK	-1.21256487321931
GMNN	-1.21335707458648
KNOP1	-1.21361891681423
NAGA	-1.21387184397972
RRM2	-1.21402043773353
AIFM3	-1.21420131259368
IER3IP1	-1.21431565046316
ITGB4	-1.21433503379013
KRTAP12-1	-1.21478152290949
ZNF480	-1.21580051404671
PNPT1	-1.21646794623268
TBC1D22A	-1.21654825213968
MUSTN1	-1.21661404900549
YY1	-1.21664474410047
PHC3	-1.21677050597451
CDC42SE1	-1.21703704406973
ZNF418	-1.21711358687994
PPP1R1C	-1.21721792633709
BCORL1	-1.21752308664674
SLC6A5	-1.21783648178523
TESMIN	-1.21800488574827
SLC30A7	-1.21884006320661
RAD18	-1.21957193028802
LINC00933	-1.22048261821491
SEPTIN14P6	-1.22094549543067
ABCC9	-1.22101190961135
CPSF6	-1.22118595005782
ZNF513	-1.22216962879726
ABHD14A	-1.22218645434404
OTOGL	-1.22227307513099
MED31	-1.22233744526825
VDAC1	-1.22259723252738
DACT2	-1.22267460970389
ZNF3	-1.22278605448822
RPS6KB1	-1.22372642455238
GLI3	-1.22403650733522
CXorf38	-1.22404592169999
PAK1	-1.22443443222863
SOX1	-1.22455835138432
ZNF527	-1.22499446566523
ARHGDIA	-1.22525973322155
TTLL4	-1.22529962468224
AHR	-1.22632290052177
HAUS6	-1.22635845117404
VPS54	-1.22661061226634
BEND4	-1.22752560088765
ZNF570	-1.22762729147916
CFAP36	-1.22767595690556
KIF1B	-1.22786020185388
CENPP	-1.22913049065579
SETD6	-1.2296003736203
FRG1EP	-1.2296297266503
CARNMT1	-1.22997248226153
NOP16	-1.23001720538924
DNAJB12	-1.23012969120368
GMEB1	-1.23063503415417
ZNF507	-1.23065187300939
MAGEA11	-1.23066638133841
ARID1B	-1.23087389381599
RPL7AP39	-1.23116592272853
NOL7	-1.23168305768508
MAP3K2	-1.23175433648614
CALR3	-1.23192025072635
NGDN	-1.232102055968
NDUFB7	-1.23223463428006
ROCK2	-1.23238693261304
NUTM1	-1.23246746825106
RPP14	-1.23273482536466
IFI35	-1.23363751119453
ZIC2	-1.23423712514845
RPS6KA6	-1.23435417204781
NATD1	-1.234381227791
ENC1	-1.23491420513875
EFCAB14	-1.23552013560328
FOXR1	-1.23604405921383
CLCC1	-1.23641247251857
PSMD5	-1.23650923481241
HMGB1	-1.23660617401397
MT-CYB	-1.23670935379512
ST13	-1.23673014088685
FIBCD1	-1.2369283466765
KNTC1	-1.23727913797931
FBXW5	-1.23803990944086
PLK4	-1.23804184357731
SLC35E2B	-1.23810004832872
CHURC1	-1.23837815027033
POGLUT3	-1.23843729864626
PLEKHA8P1	-1.23853738375719
DUSP26	-1.23972437394714
SAP25	-1.23992640947101
FAM171B	-1.24011453029293
KLK2	-1.24083414075929
NCOA2	-1.24113637710953
UQCRB	-1.24116706938657
HERC1	-1.24200176389626
CCND3	-1.24232799536681
UQCRH	-1.24239543219049
CMTM6	-1.24308847474126
GNAI1	-1.24369284198074
ATG3	-1.24387840231881
OXSR1	-1.24399422606008
ALOX12B	-1.24417766024253
DHX38	-1.24453995115254
NEDD9	-1.24457494866354
NUP153	-1.2446964851668
ST3GAL2	-1.2448685963035
TENM4	-1.24507558665654
ZNF117	-1.24516720747396
ZNF581	-1.2456837565877
WIPF2	-1.24641136432358
ZNF664	-1.24676124695838
PPP3CB	-1.24684415450232
BLACAT1	-1.24821955550502
OR1L8	-1.24823619318288
TMX2	-1.24884127976416
ZNF454	-1.24979268943567
NANOGP7	-1.24990334437111
RPS16	-1.25013443738497
GSR	-1.25014851398789
ZNF14	-1.25045777519767
PCBD2	-1.2515230660205
MTPAP	-1.25167208465929
SMARCA2	-1.25177138779335
MIS12	-1.25243334961408
ARSG	-1.25318712599798
IBA57	-1.25324718816039
LRRTM4	-1.25475986817318
ORMDL3	-1.25480775834883
IGF1R	-1.25695776931608
CFAP119	-1.2574950825796
TRPT1	-1.25776518062377
TENT5D	-1.25915635300289
AHCYL1	-1.25955827482917
ZNF326	-1.25978800180559
PNRC1	-1.25988665243369
NUP107	-1.26063757951695
CBX3	-1.26104117147283
RPL11	-1.26202303599499
PSMG1	-1.26235087096349
UGDH	-1.26289609658184
ZNF57	-1.2629788918744
SRY	-1.26313725330425
RIIAD1	-1.26384700824633
ERICH1	-1.26389116031784
GALE	-1.26404381572296
NOTCH2NLB	-1.26431011295078
MYC	-1.26470156249517
UFL1	-1.26492854028834
LRAT	-1.26505249626126
MTBP	-1.26512751719965
FAT3	-1.26539305601109
CUL1	-1.2654406589851
RNASEH1	-1.26581665987025
TM9SF3	-1.26601371070211
GNAQ	-1.26629390103262
HAAO	-1.26629513713918
TMEM230	-1.26705950761809
ZNF514	-1.26723451144686
NUDT18	-1.26800419883661
EXOC8	-1.26846540795692
GOLGA6L5P	-1.26915782503417
PLXDC1	-1.26921376015951
H2AX	-1.26927208863139
ZNF347	-1.26935921910865
GANC	-1.26959138596627
MMAB	-1.26968218830477
IL15RA	-1.26985295743404
MED17	-1.27030269578116
GPN2	-1.27039264599651
RAB9A	-1.27063829051361
PRKAG1	-1.27101210977058
ATF1	-1.27127338415288
TCF4	-1.27155211261085
C16orf87	-1.27191572026045
DNAJB2	-1.2722137653488
AFAP1	-1.27311626646983
ZNF124	-1.27323692336058
ATP5PD	-1.27358017598929
NASP	-1.27402628965014
IL1RAPL1	-1.2747528695959
NUP43	-1.2749434643847
UTP6	-1.27569543772718
CRABP1	-1.27624675481974
SMPD5	-1.27641752850044
COX7A2	-1.27651960616452
EXOC1	-1.27696923829086
SLC12A6	-1.27697102813093
GSC2	-1.27756572132058
UGT2B4	-1.27768546887927
ATP5PF	-1.27913090882204
RREB1	-1.28129598443812
CDIPTOSP	-1.28154293345429
PXYLP1	-1.28202760767608
SPEM1	-1.28250445133132
GPRASP3	-1.28272616526678
DCTN5	-1.28287463583673
PAX6	-1.28299018791052
YIPF6	-1.28305463383538
NF1P10	-1.28320089201346
BRCA1	-1.28331348249466
OSTN	-1.28444060368764
PITPNA	-1.2855331019303
MAPKAPK5	-1.28578160187958
TNFRSF8	-1.28621819998014
LUZP2	-1.28644687118361
TIRAP	-1.28662242335059
HIGD2A	-1.28679686425491
PSMG2	-1.28743595143516
PPP4R4	-1.28774553175444
C19orf33	-1.28796525974544
SERINC4	-1.28863954057804
HCFC1R1	-1.28866915509284
ZNF610	-1.29073660950445
ARPC1A	-1.29103279814439
LRIG1	-1.29109543421087
SPATA20	-1.29192396821018
PHACTR4	-1.29213745083015
GATD1	-1.29268756969529
TGFBR1	-1.29288934887399
LARP7	-1.29293122533695
TIAM1	-1.29305671405568
ZNF492	-1.29410364479696
ZFX	-1.29438192963875
RND2	-1.29452723923443
ADAMTS7	-1.29490790723652
RUNX1	-1.29603105701894
SEPHS1	-1.29616027421605
C15orf39	-1.29634818812072
NDUFS5	-1.29682049559007
MT-ND5	-1.29708832032935
PRPS2	-1.2988553405011
MFN1	-1.2997577963357
CENPW	-1.30009214069338
ROBO2	-1.30010002327521
PRPSAP2	-1.3003003204337
POP4	-1.30048143784311
SPTSSA	-1.30091431343759
MASTL	-1.30145606406115
POLR3A	-1.30258443984242
DYNLL1	-1.30261693759589
RGS20	-1.30281173844545
C17orf50	-1.30423610979477
FBXO33	-1.30425182546797
RPS12	-1.3043321075822
NUP42	-1.30503633152071
ADPRS	-1.30516415802037
VAV3	-1.30590048827927
SMC3	-1.30628785705049
DEPDC5	-1.30661335088917
PAPOLA	-1.30807985139093
DSN1	-1.30874752030222
HDAC5	-1.30922765207327
IMPDH1	-1.30961530416287
TJP2	-1.31033236491125
TNFRSF11B	-1.31033829872014
MALT1	-1.31055905968392
MCRIP1	-1.31129477106758
ANKRD12	-1.31171439133117
KRT8P46	-1.31175832567561
HAO2	-1.31190951250145
ARK2N	-1.31205817594167
PCDHA6	-1.31230353733642
TBX3	-1.31307998119205
DOP1B	-1.31335380288217
DMXL1	-1.31345232049843
INO80D	-1.31430720405524
TMEM150C	-1.31498863347932
ZCCHC14	-1.31515207081756
SCFD2	-1.31660864426461
ID2	-1.31703925092445
DPCD	-1.31804056552834
SIGLEC6	-1.31835568678109
NDC1	-1.32039207722051
KLHDC10	-1.32045693348121
ATP5MC1	-1.3205546326844
PDE6C	-1.32128859885276
TEX14	-1.32246963624296
ZNF551	-1.32249102309127
GPR137B	-1.32274840983494
UBA2	-1.32369698209601
NDRG3	-1.32377526588929
SF3A3	-1.32379019222015
ATG4D	-1.32404177470124
HINT3	-1.32448706284282
ZNF260	-1.32516468941839
HEMK1	-1.32610283336058
SLC25A39	-1.32640489899276
SLC9C1	-1.32669783045505
HIVEP1	-1.32688670967471
ATP6V1E1	-1.32691917450948
SFI1	-1.32693129487361
RNF122	-1.32745657645737
KHSRP	-1.32753776922532
BCLAF3	-1.32852222453719
DYNC1LI1	-1.32869774171454
U2SURP	-1.32884706255937
SRGAP2C	-1.32923908982811
PAK1IP1	-1.3297047888855
EFNB1	-1.33011044710764
AURKA	-1.33072019188093
UGT2A1	-1.33076542067748
LDLRAD3	-1.33216626762708
SPTAN1	-1.33304478364754
ABHD14B	-1.33306078758933
PTEN	-1.33313296781094
MBTPS2	-1.33342738085743
NAA35	-1.33358484445547
DENND2A	-1.33398408333433
KLKB1	-1.33442553051543
LSM8	-1.33462162378996
PLK5	-1.33504849226611
LRRC73	-1.33555597431004
CWF19L1	-1.33663120843707
VPS35	-1.33690866977618
PHYKPL	-1.33745468406825
FAM157A	-1.33754376017253
DRC3	-1.33768216481968
CHCHD1	-1.33795352972326
HRK	-1.33801031311661
NHLRC2	-1.33950320719606
PLXNA3	-1.33978125952813
BCLAF1	-1.33981385484174
ALDH3B2	-1.34005027258703
MOSPD2	-1.34079566246764
WDR73	-1.34159153942625
RANBP9	-1.34160416826088
PIP5K1B	-1.34185704137189
LINGO3	-1.34201110269615
VSIG2	-1.34217557443223
SIAH3	-1.3428960834708
SOCS4	-1.34299489898951
TIMM8B	-1.34319096121182
THAP1	-1.34393028324865
IRX2	-1.34424911578027
PDS5A	-1.34430379018489
TTYH1	-1.34524070276209
PDCL	-1.34524294200205
TEX261	-1.34532791153287
RPL26	-1.34636649915723
LANCL2	-1.34682871391122
NBN	-1.34688031520086
VDAC3	-1.34735340837227
CRADD	-1.34786068602103
ACAA1	-1.34806918236793
QPRT	-1.34897138808761
RABL3	-1.34967199376187
HPCAL1	-1.35003162106653
CTSV	-1.35157533182234
MRPL15	-1.35219579170085
INKA2	-1.35248102129538
WDFY3	-1.35251230074199
PPP3R1	-1.35341841252433
NAA30	-1.35364382704447
PLAAT2	-1.35409170938873
VWDE	-1.35470427729007
PIK3AP1	-1.35484450784149
BTG1	-1.35484514378372
RNF114	-1.35497733765472
THG1L	-1.35577525718363
RCOR1	-1.35595888657509
SH2B1	-1.3560917930122
CRYGD	-1.35689337829436
ZNF92	-1.3570762217783
DMBT1	-1.35779509020221
CAP2P1	-1.35787314855916
PRKXP1	-1.35795852959905
ACADS	-1.35980122876052
ABHD12	-1.36044069108709
BCKDK	-1.36154628288387
DBR1	-1.36156150148183
POLR2M	-1.36167077573574
TACC2	-1.36310631644446
C10orf95	-1.36355211209257
SLC6A3	-1.36383047691364
NEGR1	-1.36420839139486
SMAP2	-1.36444410045793
TPPP	-1.36456288476796
COX5B	-1.36458662198972
KIF21A	-1.36490353274847
ZBTB2	-1.36496227008241
JMJD4	-1.36564498182327
RNF183	-1.36619512809865
PLOD2	-1.36630136896582
SIRT7	-1.36679438767706
S100A10	-1.3671990118861
ZMYND11	-1.36735491560314
GUSBP16	-1.36764934743109
WHAMMP2	-1.36765034444207
CSRNP3	-1.36799328749186
PPARGC1A	-1.36850122652907
AGA	-1.36873598725196
HMGN4	-1.36880784776245
HES1	-1.36890378725047
TOMM34	-1.36940710138847
ACP3	-1.37108782950155
EIF2AK2	-1.37124428901623
ICE1	-1.37125468566477
CYP2T1P	-1.37193262109654
PRPF38A	-1.37282116756209
SSBP3	-1.37283850796214
MED1	-1.37314169901737
PRSS12	-1.37336764301714
MGARP	-1.37345126746136
NLRP3P1	-1.37360598591079
FAR1	-1.37397976446519
IPPK	-1.37445175043844
MYCLP1	-1.37453655169981
PPP1R37	-1.375047743476
STXBP5	-1.37527947699017
MAPK8	-1.37600941781723
GPR12	-1.37689677127827
BDP1	-1.37697969058001
AACS	-1.37699395291793
CYP4F3	-1.37709596034777
GASK1A	-1.37714521853137
FAM83B	-1.37729056154002
DLST	-1.37746036658527
FANCD2	-1.37750857689937
MAD2L1	-1.37770674796228
LRRN4CL	-1.37813550352792
C2CD4A	-1.37819321999475
DGKE	-1.37885155213967
SEMA5A	-1.37925252816501
SEC61G	-1.37965924869356
VIPR2	-1.38058089445186
TMOD2	-1.38143545866339
ZNF530	-1.38159097643018
ASAH2B	-1.38165465757054
NR2C2AP	-1.38165764531997
USP31	-1.38199316402457
FAM199X	-1.38245272339647
LRCH2	-1.38312711177729
PHB2	-1.38450938947831
AIRIM	-1.38490090647046
ERCC4	-1.3849883266854
SNIP1	-1.38512757999353
DOC2B	-1.38521842517958
SMIM15	-1.38638308825894
ZNF26	-1.38640447836249
ELFN1	-1.3868795505664
BLOC1S6	-1.38693447178242
ALG14	-1.38792785071888
PNRC2	-1.38873118844655
NDUFA4	-1.38960711730918
ZBTB43	-1.38961838272719
SMAGP	-1.38969977890959
ZNF83	-1.39098589472479
PEG10	-1.39157547556749
RFC3	-1.3916432328612
B3GALT1	-1.39198141635264
OR7E5P	-1.39216380017879
ZNF264	-1.39225249808429
RALGAPA2	-1.3924823880766
RAB6A	-1.39263743383989
SGTA	-1.39336539590446
C7orf25	-1.394174262294
RPL22	-1.39456727473499
NSUN3	-1.39487979686083
NUDT1	-1.39494216693071
ACVR2B	-1.39510867821593
DIS3	-1.39625644628947
MRPL17	-1.39684702963589
FAM90A28P	-1.39739514138453
NANOS3	-1.39859590102945
CUL5	-1.39907407757378
FRG1DP	-1.39915275587172
XAGE2	-1.39984381699747
ZNF776	-1.40002011332068
ADARB1	-1.40012838070358
CCSAP	-1.4011115233845
ZNF737	-1.40237687282804
BNIPL	-1.40277040599707
PSIP1	-1.40304911449904
DDIT4L	-1.40342194376858
ITGB1BP2	-1.40345666404469
PPP3CA	-1.40369032093502
WDR20	-1.40373041712589
MMUT	-1.40498234489939
TIGD4	-1.40506177331789
CDC25A	-1.4050653159225
STAG3	-1.40585354585598
CRYL1	-1.40645466631653
TBXT	-1.40703384074032
CIAO3	-1.407726960135
ZNF146	-1.40780962708657
SFT2D1	-1.40803417498378
CDC6	-1.40860340299718
PTMA	-1.40862073340049
ACVR1B	-1.40884559278891
CHCHD4	-1.40943174674329
RPL13A	-1.40979763503944
IFT70B	-1.4104843855004
TIMM10B	-1.41068909528982
FN3K	-1.41081100615635
GABRB3	-1.41105104724045
BAG5	-1.41166602142519
SPATA8	-1.4121062029115
TUBB2B	-1.4124171535319
TMEM238	-1.41331798379363
CCDC186	-1.41378932135728
THAP5	-1.41382580048324
METTL14	-1.41400547750574
RAB3B	-1.41422619610739
HIC1	-1.41548315007808
CPLANE2	-1.41557679138706
DCUN1D1	-1.4155855241492
SUGCT	-1.4164351762609
TGS1	-1.41660938390818
RAB19	-1.41707222334279
SEC22A	-1.41748339163632
DNAJC27	-1.41818501162291
IKZF3	-1.42001281257216
EFR3A	-1.42062951247838
PACSIN2	-1.42063838453062
TPRN	-1.42068979990921
PLEKHG5	-1.42072865490126
STPG2	-1.42089067852744
RB1CC1	-1.4209097773846
ABT1	-1.42116303010336
TACC1	-1.42151129226589
RSBN1L	-1.4237929293593
PTH2R	-1.42448882144842
ING3	-1.42456388454221
MAP1LC3B2	-1.42551775234535
ZSCAN4	-1.42580720877931
TMEM181	-1.42642436133478
UBR5	-1.42655975712517
MIDN	-1.42682042940752
UPF3A	-1.42783001088831
ATOSA	-1.42795446136494
MAT2B	-1.42859737828042
NIP7	-1.42953087460579
BAG4	-1.42997058350028
LCA5	-1.43039879203612
ZNF587	-1.4313573471536
APOOL	-1.43231970688248
MAP2K4	-1.43259114988323
DNA2	-1.43300265804212
VPS26A	-1.4331478507999
CD2BP2	-1.43321627926296
GTF2E1	-1.4332925785017
TCTA	-1.43455070359212
CLEC4G	-1.4346623842294
TEX12	-1.43609147479554
PCDHA10	-1.43655083635228
CALCOCO1	-1.43708795726964
CDC40	-1.4375514130383
VMA12	-1.43770416446033
RAB8A	-1.43805787564135
PPTC7	-1.43837579728383
GLI1	-1.43838818983415
MIX23	-1.4389153983141
RBM46	-1.43910012110496
RRP15	-1.43940801761623
PRKD3	-1.43951580160445
SLC27A4	-1.43983626046028
FBXL14	-1.44054829577146
DDA1	-1.44067730493446
CALB2	-1.44107080161007
NEPRO	-1.44141703422999
USF3	-1.44213673870307
PPP1R18	-1.4422429686567
CYS1	-1.44257113033005
UTS2R	-1.44284699289049
GAREM1	-1.44288570737328
TANGO2	-1.44334942329784
ARHGEF12	-1.44457812089598
EXOSC9	-1.44569893899174
KDM5B	-1.44636395376413
DUS1L	-1.44654120226605
TUBB	-1.44686554317196
PRKCE	-1.44730689433332
PLPP5	-1.44732676521759
GPATCH11	-1.44739484545616
GDNF	-1.44766232890572
DNAJC22	-1.44766753223146
ZNF554	-1.44804585307625
DHRS11	-1.44806244963049
NSL1	-1.44807598150658
KIFC2	-1.4482261285474
BIVM	-1.44860834406284
FASTKD1	-1.44898711175307
FBXO9	-1.44913597182968
MRPL35	-1.44955250232267
ZNF780A	-1.44962065248018
ARFIP1	-1.44990823865786
SRSF10	-1.44994195217654
BHLHE40	-1.45014663714312
SH3BGRL2	-1.45042269160852
ZNF875	-1.45066444350015
ZCCHC10	-1.4513563935824
TAS2R6P	-1.45180521152922
CEP192	-1.45183432502227
YAP1	-1.45263316190536
HAUS8	-1.45292991096278
ZCCHC2	-1.45360776666638
MNX1	-1.45399178975733
GYS1	-1.45403571738529
EMILIN2	-1.45469911782245
SUDS3	-1.45548317860716
CBX8	-1.45697433600022
WDR82	-1.45740282247512
PLCB1	-1.45751298828512
ATP8B1	-1.45797813790949
CCT5	-1.4588544307763
OCLN	-1.4589682272589
BOLA2B	-1.45950035331466
GVINP2	-1.45980720577802
BRME1	-1.46013584724534
H3C6	-1.46017992151232
MYO3A	-1.46019650527294
NOTCH2	-1.46075290750016
FBRSL1	-1.46086338477442
MAPK8IP2	-1.46133208130437
CRIPTO	-1.46146780552463
L2HGDH	-1.46195380142782
NKIRAS2	-1.46259764838635
SOCS6	-1.46355023898842
ROBO1	-1.46373647705936
SORT1	-1.46534553655499
WASH5P	-1.46564841720348
AURKAP1	-1.46657195372926
PXMP2	-1.46719463418083
RGS11	-1.4686849512872
MED6	-1.46875925614207
CETN3	-1.46982120585345
PRKAR2A	-1.4716830948267
CCDC117	-1.47228550032893
TMF1	-1.47289465856001
STX2	-1.47317964416768
GET1P1	-1.47343002439888
FOXP2	-1.4734908137384
WAPL	-1.47420346296863
COPS2	-1.47451247993557
MAP3K7	-1.47485151760396
PI4K2B	-1.47509555489986
OR3A1	-1.47629468830045
TIGD5	-1.47721674709083
NSD1	-1.47814855450808
PRPF40A	-1.47874354287365
TMED8	-1.47932958909452
KIF24	-1.47936314673681
MPI	-1.47947692488671
MRPL53	-1.47990825076585
TBC1D23	-1.48010446570401
LINC01145	-1.48112551016349
ENTPD3	-1.48147853728189
GEMIN7	-1.48159591177178
SNRPB2	-1.48168650223053
TAF2	-1.48182850585726
SULT1C4	-1.48235904256139
TM9SF1	-1.48294790770831
LRRC37A11P	-1.48313170180512
FAT1	-1.48420498658986
CHRFAM7A	-1.48454796768376
KIAA1549	-1.48522138374055
H2BP2	-1.48630758554275
WSB1	-1.48635144882976
IL15	-1.48641781030235
ALPP	-1.48689047920755
TOP3BP1	-1.48692861282348
CIDEB	-1.48695781164321
C6orf62	-1.48698693795516
C1QTNF5	-1.48722678864457
TBC1D9B	-1.48747269064152
MPHOSPH8	-1.48754682450659
CASP3	-1.48777743064053
MIS18BP1	-1.48919696233732
TOX3	-1.48922499045321
FASTKD5	-1.48922586084819
MMD2	-1.4894178930372
APLP2	-1.490002030643
DDX46	-1.49020654394389
STYX	-1.49115371486519
SNRPD3	-1.49167822581104
ADO	-1.49181422577379
PDIA2	-1.49236664147139
CASTOR2	-1.4927392384331
SH3GL1P1	-1.49408755345617
ENY2	-1.49463440873209
RPSAP70	-1.49516214891803
C2orf68	-1.49594535753527
TRIP12	-1.49628881287653
IL1A	-1.49702919495661
ANO6	-1.49723526001465
TAOK1	-1.49806864812527
CNIH4	-1.49816293246671
PUM2	-1.49842243224081
ZNF887P	-1.49851289617153
FGD6	-1.4993400844225
DDX6	-1.49947985645041
DDX3X	-1.5000911309305
SLC9A4	-1.50066580078668
ERGIC2	-1.50128900242202
CDKL4	-1.50168935896133
PSMD12	-1.50196797608926
HS1BP3	-1.50221159998645
NICN1	-1.50291988208903
SNX25P1	-1.50296809200379
ZSCAN16	-1.50439153234766
GUCY1B1	-1.50481414998348
CCDC172	-1.50486448336511
SETD3	-1.50504731376127
SEC23B	-1.50525443640015
RLIM	-1.50535228437942
GSTZ1	-1.50578210276964
HUS1B	-1.50589719837347
ICAM3	-1.50595625426791
ILF3	-1.50683595129025
ARHGAP24	-1.50755304715939
MTM1	-1.50779961159317
RPL13AP5	-1.50861202993222
ZNF766	-1.50863724225945
NMD3	-1.50946179917403
TOPORS	-1.50998028100255
MYORG	-1.51004026830012
SPMIP6	-1.510072794557
CCDC159	-1.51047861781421
ANKRD37	-1.51153953714907
FAM91A1	-1.5118218859773
ADRA2A	-1.51183708144857
NAPG	-1.51255990254091
GUCA1A	-1.51296180501419
TSTD2	-1.51335945966805
SIN3B	-1.51365669667268
CFC1	-1.51388996249103
UBE2N	-1.51401404366296
EHMT1	-1.51404395709379
ZNF549	-1.51408108580565
YWHAG	-1.51415160156662
MRPL42	-1.51455573351022
PDE6G	-1.51551825838024
OOEP	-1.51588338213147
MGST3	-1.5162322829095
SIPA1L1	-1.51633081396136
EZH2	-1.5172220300308
NT5C2	-1.51752826692636
MAGEB1	-1.51760738939128
CLEC4GP1	-1.51784411188251
TRAF3	-1.51840996537312
NBPF26	-1.52002411675601
SLC22A3	-1.52145805239724
ZNF470	-1.52215094593314
CCNH	-1.52238741638811
PIWIL2	-1.5226921598963
NINJ2	-1.52330985365107
VDAC2	-1.52354284839177
HAPLN1	-1.5243106563955
MLX	-1.52531946457139
EIF1AD	-1.52553575906367
ISLR2	-1.52576048788184
CSPP1	-1.52666101551542
HNRNPDL	-1.526833894316
ANAPC5	-1.52686504533557
DPH1	-1.52694238853413
ATG14	-1.52703738387469
TMEM191B	-1.5302355988749
TRMU	-1.53176991177044
NFKBIA	-1.53199631583154
ZBED4	-1.53202657490139
ZNF512B	-1.53242405180234
DENND5A	-1.53282991689368
GOLGA6L7	-1.53326979457372
TMEM171	-1.53341351634553
ZNF665	-1.5340478575632
ALS2CL	-1.53410997937972
PFKFB3	-1.53443331367146
TRPC4AP	-1.5347639421119
RSBN1	-1.53546130247583
EIF2S3	-1.53575508005358
RNF217	-1.53630125310696
TMEM179B	-1.5365589934465
FXYD3	-1.53726340952808
TMEM255B	-1.5374053273234
SLC35D2	-1.53743417581472
ADTRP	-1.53747272564919
ZDHHC5	-1.53759034261425
KLK8	-1.53759146929513
TRIP13	-1.53772061489292
USP28	-1.53796752887101
CELF6	-1.53808480702923
PCDHA5	-1.53813550134298
MSH2	-1.53830651509317
SPSB2	-1.53945787243842
SRSF2	-1.53972934344643
CYP26C1	-1.5409793873878
DPP8	-1.54157242545089
FAM169A	-1.542558108397
SLIRP	-1.54290602765185
PLSCR1	-1.54313411210669
CRYGB	-1.5436836423124
HSDL2	-1.54377450750407
TET3	-1.54389026188281
IL23A	-1.54396260665066
LKAAEAR1	-1.5443810958245
FBXO45	-1.54466242693292
LTK	-1.54524829276824
NOC2L	-1.54576059693893
DGCR6L	-1.54577582873062
DOCK11	-1.54615741648609
PDIA3P1	-1.54689563135548
KIF3B	-1.54692820832689
GATA2	-1.54701565881414
NFIB	-1.54710556317363
SCAND2P	-1.54718087159219
KIF20B	-1.54723010594297
GOPC	-1.54761594072565
WDR55	-1.54783968382763
C5orf63	-1.54841079924535
SLCO4A1	-1.54984347269938
ABHD15	-1.55005260205334
LIAS	-1.55006376261092
UBQLN1	-1.55022605072934
NDUFA9	-1.55032845433679
DEK	-1.55100095750056
CDCA3	-1.55102121573473
HCG4B	-1.55124740645083
ESYT2	-1.55193513567854
PUS7	-1.55198589498506
CRH	-1.55295687361599
B4GALT6	-1.55446563634356
ZNF534	-1.55449296448137
RYBP	-1.55516672952976
P2RX6	-1.55570469173487
KIF11	-1.55576794225342
BAZ2B	-1.55603416928785
PCDHA8	-1.55606046949912
ZCCHC4	-1.55750214540588
STEEP1	-1.55907880491824
FAM107B	-1.55923742732843
RMND1	-1.55955951280731
FABP5P3	-1.56022688300657
TRAPPC13	-1.56139627368908
SPAG4	-1.56224975566874
ERFE	-1.56311762538076
BORCS8	-1.56346265414979
SOX5	-1.56358109040363
EXOC3	-1.56401427786217
PIAS1	-1.56439133194359
STAM2	-1.56480475542631
NDOR1	-1.5652485453838
FOLH1B	-1.56554785974504
MED11	-1.56586680641543
ZNF807P	-1.56587322513262
NDRG2	-1.56606438678272
PCDHA2	-1.56644620765593
DNAJB14	-1.56720004698721
CRABP2	-1.56759781347986
ARFGAP2	-1.56782186956064
FMNL2	-1.56803807061783
HEATR6	-1.56874837129702
SBDS	-1.56927829064635
DARS2	-1.56931442255298
KLHL14	-1.56952409876887
PLBD1	-1.5697297342307
PIP4P1	-1.56988778648698
MELTF	-1.57061486227347
MOB1B	-1.57065249518243
DUSP5	-1.57065523119666
ZSCAN1	-1.57161269437257
USP48	-1.57166401636664
PRLR	-1.57239386835888
FGF10	-1.57514886868933
APPL1	-1.5755376311657
SHCBP1	-1.57559457268997
PPWD1	-1.57593443004293
IFNE	-1.57593810553904
IAH1	-1.57662105732092
MGAT4B	-1.57696065272715
BARD1	-1.5773630234216
LCMT2	-1.57745890561406
MCM6	-1.57782830074868
TMEM237	-1.57854662802743
DAZAP1	-1.57933186069076
PVR	-1.57983396057756
ADGRB3	-1.58000522609122
C20orf204	-1.58006586147868
POU2F1	-1.58146127308254
PEX10	-1.58174097290973
ARID3A	-1.58210691991852
SFN	-1.58240560803168
ALDOA	-1.58246497357487
TMEM86B	-1.58277123247371
UBE2D1	-1.58355969196421
AAK1	-1.58364991859773
SENP6	-1.58420147804275
RBM34	-1.58465563843694
CCDC50	-1.58482851225075
SLC52A3	-1.58492396253382
FEZ1	-1.5857547532838
NUS1	-1.58579460003444
LACTB2	-1.58710838101543
CDCA7	-1.58744944186732
ASXL1	-1.58748688294032
SSBP4	-1.58818136657763
RHBDL3	-1.58865227959471
ATP5PBP5	-1.58871810739749
PPP2R2C	-1.58895548971675
RNF170	-1.58914640529443
FGF14	-1.58950791895975
PRKG1	-1.59083171951912
UNCX	-1.59090565549292
RHOT2	-1.59121544393616
TXNDC9	-1.59222914904909
TAF5L	-1.59231112619611
VCX	-1.59303007307452
GNG11	-1.59332388077414
EEF1AKMT4-ECE2	-1.59384250707714
DCP2	-1.59446413227142
CTIF	-1.59543120915797
IGIP	-1.59591800658847
GABRA5	-1.59644601958828
C11orf52	-1.59654915650207
ELOA	-1.59670415702379
ATP5F1B	-1.59745941282808
CHST12	-1.5974990778549
S1PR1	-1.59822046367027
EWSR1	-1.59836422729637
GNL3	-1.59935752535522
RBM33	-1.59941263652492
TOMM40L	-1.59950418112889
RPRD1B	-1.60002110633349
RBM4	-1.60013233548322
FAAH2	-1.60017370065159
FBXL15	-1.60029361857913
GTF2A1	-1.60071495926233
GALM	-1.60234130214932
FOXO1	-1.60331245372517
CDA	-1.60337884607849
ARHGAP25	-1.60356038786381
ZNF81	-1.60376330606671
MIPEP	-1.60645308397582
ARFGEF3	-1.60687968203407
WBP2NL	-1.60751716999207
SACM1L	-1.60929637961697
MRPS25	-1.60942161955185
NFATC2IP	-1.60947993405823
ZNF253	-1.60953180170691
PRSS56	-1.61022051739315
MPP7	-1.61049716826237
KBTBD7	-1.61085416118516
FBXO32	-1.61125924734139
RASSF4	-1.61157031228135
ACO2	-1.61212883729139
ZC3HAV1	-1.6123897772002
CREB3L4	-1.61318657429987
PAF1	-1.61323434778451
FRG1GP	-1.61457243729273
TMEM102	-1.61528521717662
RPS27A	-1.61607422798558
NVL	-1.61607512847816
ITM2A	-1.61641172228011
SFPQ	-1.61665806777963
ITPK1	-1.61707794844877
PDE4DIPP3	-1.61730790640562
WIPF3	-1.61911125906251
MEGF10	-1.6205676225781
HACE1	-1.62157929162072
GPATCH1	-1.62269145375981
DLK1	-1.62270565327528
GPR108	-1.62279635598939
RPS6KA2	-1.62340471805065
PIKFYVE	-1.62394081945402
DCP1A	-1.62414529339725
BNIP1	-1.62428095087677
STC1	-1.62451426218268
RPL14	-1.62506593912508
CASTOR3P	-1.62556279021906
ZNF433	-1.62621317152624
SFXN3	-1.62644737795489
PRR13	-1.62740128118715
SLC25A20	-1.62818475017215
DDX43	-1.62827716867447
MXI1	-1.62852781626185
INAFM2	-1.62880270730233
MLLT10	-1.62905890195209
AMIGO3	-1.62925051585944
USP46	-1.62943999013867
SNN	-1.62972525112875
VGLL4	-1.63027081580156
TRNP1	-1.63083891974344
ZNF488	-1.63191218903008
FAM9C	-1.63203454328619
TMEM38A	-1.63211755366072
SPTLC1	-1.63246599235895
BEND7	-1.63341949450556
PEX1	-1.6334406052931
RET	-1.63403825283918
UBR7	-1.63422326827925
MYOM2	-1.63505409810425
SETD2	-1.63532734734786
RAPGEF6	-1.63614686002339
EEF1AKMT2	-1.63660661546094
DCTN6	-1.63674006881334
NUDT8	-1.63728834949514
PAGR1	-1.6374986986694
CCND2	-1.6375931919265
MAL	-1.63867170427278
UACA	-1.63884608852648
ZNF138	-1.63912338929216
SLC16A6	-1.6405971751941
ABCD1	-1.6411736102432
NTN1	-1.64202550492586
POGLUT2	-1.64203379486766
NDUFB3	-1.64211561308401
MGAT2	-1.64248868748139
SRSF4	-1.64267692271564
WNT5A	-1.64408243826461
NUF2	-1.64437460711976
BOLA2	-1.64472563054354
UBTD1	-1.6456524283789
EDEM2	-1.64569592300354
TMEM170A	-1.64685689711948
PNLDC1	-1.6469648997342
TUBA8	-1.6477735872918
TEKTIP1	-1.64786288156987
GPSM3	-1.64859239921518
PHF19	-1.64940753258181
TFAM	-1.64946458887069
CLK3P2	-1.65082592355144
SESTD1	-1.65184290788432
CDC45	-1.6522232368845
MRPL42P1	-1.65448264299832
LIMS1	-1.65512186754957
CCDC6	-1.65575935082657
ZNF655	-1.65707410589291
MICU3	-1.65744468454547
TAS2R64P	-1.65859237713401
EFNA2	-1.65894111665308
LYVE1	-1.65895643719488
C18orf32	-1.65901690257576
EXD2	-1.6591136554903
XRCC5	-1.65949642534433
E2F8	-1.65964066191804
PRKDC	-1.65992613880883
TEX56P	-1.66016419813734
DTX2	-1.66044089980459
TMEM220	-1.6607802123911
FOXI3	-1.66176560950367
MOCS3	-1.66280021461168
CENPK	-1.66334940093951
NRG3	-1.66378663208544
ZNF431	-1.66410913914175
RIMKLB	-1.66415326114811
DNAAF2	-1.66449043127603
SIRT1	-1.6645648898417
CLK4	-1.66519650595417
PRELID3B	-1.66543960628034
ARL13B	-1.66593710321402
PPP4R3B	-1.66606517663735
MAP4K5	-1.66612275928673
GLE1	-1.66652368121902
TTC6	-1.66677903565083
SLC25A19	-1.66779739614797
MIEN1	-1.66881037923395
PCSK6	-1.66956646864017
PHF2	-1.6699499748937
HLA-H	-1.67038419739585
MARK2	-1.67089076323198
PIF1	-1.67217644788598
CCNT2	-1.67302535977615
RGL2	-1.67390984380356
PDCD6	-1.67393474402813
CASZ1	-1.67464361060955
ZFYVE21	-1.67544401567205
CLPX	-1.67579122848873
TES	-1.67636544927113
PRKG2	-1.67663986624353
PLEKHH1	-1.67672973197993
EXOSC10	-1.67708503117619
B3GALNT2	-1.67775494538599
GALNT6	-1.6798780832165
VCX3B	-1.68062200173209
DDX5	-1.68091914148831
NT5C	-1.68097636638502
CCDC127	-1.68127195137207
PPM1D	-1.68134580884384
JADE3	-1.68273315557093
CTSK	-1.6834192829845
NPTN	-1.68466494101373
TCP11L2	-1.68518849754468
PAFAH1B2	-1.68637918404274
TRAPPC8	-1.68654381775712
UPRT	-1.68674801755987
NMI	-1.68689786733487
DIP2C	-1.68701485925417
FBN3	-1.68746344221849
GPR153	-1.6878141293075
BCL3	-1.68986401726611
MND1	-1.69002510587142
TEX13C	-1.69031104190253
C6orf132	-1.69076839692736
CHD1	-1.69094451591422
RBMS3	-1.69121483549621
HOXB2	-1.69133767986691
SPEGNB	-1.69167244877878
NCAPG	-1.69222202271166
HNRNPH2	-1.69317948989693
SOBP	-1.69429086503756
HRH3	-1.69475164608663
ZNF765	-1.69496331052405
CEND1	-1.69540131930916
TFDP1P1	-1.69637797572924
ERBIN	-1.69753125810016
COX20	-1.69845847830713
RNF168	-1.69869459496879
VPS53	-1.69959450284845
EXOC7	-1.70023879092788
ZNF677	-1.70132169718412
LNPEP	-1.70171991830168
MCM10	-1.70348863385951
ZNF417	-1.70494262069407
ANK3	-1.70705970476102
LRRC37A	-1.70716687425384
ZNF585A	-1.70926948930664
FRG1CP	-1.70934010345429
USP37	-1.70969031927285
SMAD4	-1.71029202460827
SIGIRR	-1.71058767602021
FSBP	-1.710604052785
BTBD18	-1.71068797948778
UBE2W	-1.71072885019387
CLIP1	-1.7110374885167
EIF2A	-1.71242516781972
FBXL6	-1.71338502520562
RP2	-1.71393247314339
MT-CO2	-1.7143395459578
C11orf98	-1.71496822113755
THRA	-1.71603576697058
ZDHHC22	-1.71606555180617
SRP54	-1.71626846997696
FBXO28	-1.71629729113446
ZNF747	-1.71655848971454
VPS13C	-1.71693169423358
BCL10	-1.7175038745651
LARP1B	-1.71886482039805
GTF2H3	-1.71912843137886
MYH13	-1.71954794077758
SLC26A1	-1.71980759434793
CDC14B	-1.72004644130381
DDT	-1.72017212811817
ARHGAP10	-1.72033730146327
ST7	-1.72039099084926
KCTD5	-1.721807141765
TUBB3	-1.72194760375336
PLEKHM3	-1.72214304925427
MAP3K1	-1.72288803725773
OSTM1	-1.72323982112147
AP1G1	-1.72341872888749
COL9A2	-1.72381131766466
PRKCH	-1.72473331356587
ATP2C2	-1.7252520945329
CDH20	-1.72574834441161
WDR76	-1.72597354724393
LSM5	-1.72704593392539
CCDC167	-1.72708055630163
SMIM14	-1.72786116142549
PPP1R21	-1.72869194402944
PCDHB1	-1.7306289501216
KLRK1	-1.73338427573714
PRCD	-1.73338974527063
KALRN	-1.73486513254238
DYNC1LI2	-1.73530040703195
ESF1	-1.73586037639431
PIK3CB	-1.73636591066848
PABPN1	-1.73720582591621
SLC25A6	-1.73825087332059
FTH1P3	-1.73844695037441
TRPV3	-1.73873494586661
HK2	-1.73901564228519
MOV10	-1.73905106149565
TNFAIP3	-1.74057019452644
ZNF486	-1.74068716420832
PCMTD2	-1.7410348512614
ELF1	-1.74104608673479
TMCC2	-1.74107200365335
RNF130	-1.74109710749976
PCDHA4	-1.74137723076831
WDR11	-1.74175794329526
CYGB	-1.74204110276443
ATAD2	-1.74214252718835
DDX53	-1.74282084389118
SPRYD4	-1.74321309554679
RAB22A	-1.74327978989884
PPP2R3C	-1.74405231993271
FSTL5	-1.74439418613337
XPA	-1.74678539065151
PNPLA8	-1.74725503930359
ZNF764	-1.74754786208483
CALM1	-1.74812467103601
SLC6A4	-1.74854784063441
PMF1	-1.74874034797103
RAB31	-1.74906867192207
DIPK2A	-1.74975699341223
COX6C	-1.75060644430611
MAPK1	-1.75075525888784
TRIM23	-1.75082033497666
PTCHD1	-1.75172381274524
ZNF17	-1.75181283023654
RTN4RL1	-1.75312179464761
PLS1	-1.75324932700809
PEDS1	-1.75356400213946
FZD6	-1.75358718248093
ARRDC1	-1.75368197686343
TALDO1	-1.75380011723511
EIF2B1	-1.75407631750921
MT-ATP8	-1.75464565066519
TVP23C-CDRT4	-1.75508740284515
BTNL9	-1.75656555786162
MRPS35	-1.75679678051457
ARID2	-1.75694059680292
TRIR	-1.75706311739575
TTC31	-1.75748546443988
TMLHE	-1.7576846988021
NLRP11	-1.75920972820459
NIPA2	-1.75929316030737
SCN1B	-1.75997302151711
CYTH3	-1.76351390327598
API5	-1.76513271117443
NOM1	-1.7668239740818
BICDL2	-1.76686359509452
PPA1	-1.76710274557328
ZNF485	-1.76839332704947
TSNAX	-1.76928591970469
AGPAT3	-1.76938844988787
PRR35	-1.76974117044989
MYB	-1.76993227645982
MATR3	-1.76996270389936
HAS2	-1.77029546507883
PLPPR3	-1.77048349911291
TRMT10C	-1.77096796002212
MTMR11	-1.77226979959599
N4BP1	-1.77242438045471
COL28A1	-1.77294471761093
LBX2	-1.7730595193373
HES7	-1.77452077719573
TAF11	-1.77491704985369
EID3	-1.77590742502426
NCAPD3	-1.77599013905466
STAG2	-1.77626010909759
SAT1	-1.77780851816294
HEG1	-1.7779043529773
C7orf57	-1.77904120008149
ZNF350	-1.78005491190234
EIF4G2	-1.78078355027819
CTNNA1	-1.78094670470129
ESRP2	-1.78104611817879
SLX4	-1.78126484356878
NAGS	-1.78175784229888
TOB2	-1.78294024186779
COX8A	-1.78337059856132
CWC25	-1.78404095419247
HECTD3	-1.78436688448191
PDCL3P4	-1.78459684878769
ERLIN2	-1.78558166822957
OGA	-1.78688060221511
NELFCD	-1.78691793615128
IL37	-1.78780493600543
DNAJC14	-1.78824452379464
NDUFA8	-1.78852933373248
TWSG1	-1.78871579853586
DOCK8	-1.78946834684023
UNC13B	-1.78947827744593
RICTOR	-1.78982850615262
ANAPC2	-1.79032105238984
BMP2K	-1.79071130523001
URB1	-1.79071235467186
BICD1	-1.79073552087866
TBC1D1	-1.79082066686082
CHAF1A	-1.79099299294385
UBE2T	-1.79128520686091
CALML6	-1.79130402576456
RIMBP3	-1.79404550967431
EEA1	-1.79414768568586
SSH3	-1.79427438712576
ANKRD49	-1.79904181371492
GABPA	-1.79976204338077
UTP14C	-1.79982313790366
ZNF517	-1.80091500136503
GMIP	-1.80173116790018
PEX19	-1.80219098254862
LRCH3	-1.80232203561694
RPL13P5	-1.8027655299754
NAA38	-1.80309040941721
CACNA1B	-1.80384807445623
CCDC27	-1.80499453988491
MCTP2	-1.80569692263935
RAB21	-1.80570459709418
SECISBP2	-1.80649674048933
CLDN1	-1.80787416767904
EAF1	-1.80842608461951
USP1	-1.80897979070038
CHST15	-1.81061228293934
LGALS12	-1.81134245132778
MACROH2A2	-1.8120932916053
ZC3H10	-1.81256990077951
LAMTOR3	-1.81357919906242
OR2A9P	-1.81424401947645
DSTYK	-1.81439576405694
OGFOD2	-1.81445650840815
SLC25A10	-1.81641412976091
RHOQ	-1.81681837694224
PLPP1	-1.81793433409122
GRB2	-1.81794948494335
HTR2C	-1.81844650786595
MRPL30	-1.81864245892482
BCL2L11	-1.8197521003299
SNX14	-1.82209225752439
RPL27A	-1.82227699919677
ESRP1	-1.82240495427574
TEX13B	-1.82240715321239
CHEK2	-1.82369833467315
RFC2	-1.82422899488754
ZNF880	-1.82530899023374
MISP3	-1.82559417474663
PMM2	-1.82570238450897
MT-CO3	-1.82668972204434
SECISBP2L	-1.82723194623146
LRPPRC	-1.82880829175883
CCDC121	-1.82896055742849
MRAP2	-1.82974175099087
NR2C1	-1.83075756462913
PRKAG2	-1.83076216193555
GSTM4	-1.83329094150769
ABRAXAS2	-1.83329640354823
RYR2	-1.83332772533076
POLR2K	-1.8338679089397
CXCL16	-1.83394403047433
CLDN9	-1.83400553191329
HS2ST1	-1.83483247246917
SUB1	-1.83514756436992
SERPINB9	-1.83565060928329
PPP1R14B	-1.83667941989671
TSPEAR	-1.8377114290552
NHSL1	-1.83825419343179
PERP	-1.83827448299526
TBRG1	-1.83894454955414
SOS2	-1.83935928160124
MRPS30	-1.83947980162151
RCN2	-1.84004115366233
LRRC37A12P	-1.84036031394661
SERPINB6	-1.84041040611708
USP24	-1.84113040267075
NSG1	-1.84146845563401
POMC	-1.84159893052106
BCRP9	-1.84196396861823
MSANTD3-TMEFF1	-1.84219095347491
ST13P13	-1.84377728707476
MED24	-1.84419969160371
HSP90AB2P	-1.84511493027831
SPON2	-1.84524137326022
DSC2	-1.84529853032239
CCDC97	-1.84531339080517
LCOR	-1.84538834779523
DUSP8	-1.84570235457611
PHC2	-1.84691055013302
ST6GAL2	-1.84716494538904
PRPH	-1.84727195869811
LINC02693	-1.84729008180477
UBA1	-1.84751042279336
MBNL1	-1.84780978373622
RAB11FIP2	-1.84795116798304
TGIF2	-1.84836508782385
C6orf120	-1.84943286525928
IGFN1	-1.85052276984592
MT-CO1	-1.85125837772226
EEIG1	-1.85303686106877
SLU7	-1.85383038423924
ARL6IP1	-1.85423792226405
ZNF75A	-1.85484404181595
ZNF799	-1.85722666682987
ARHGAP8	-1.85732373246187
COBLL1	-1.85738565492618
C1RL	-1.85772637581581
EGFL7	-1.85790021866721
ELF2	-1.85795738457097
MRPL43	-1.85910325464264
SPTLC2	-1.8599394990957
RDX	-1.86018216637025
GTPBP10	-1.86102722156636
UQCRFS1	-1.86117806454474
MARCHF5	-1.86148159211438
MCM7	-1.86166351303965
MCL1	-1.86374025893542
SNX4	-1.86418590845664
LRRC69	-1.86547318485445
ITSN1	-1.86620688584624
CYB561	-1.86637777745267
NAP1L6P	-1.86646230276859
ZNF468	-1.86682098491736
SLC35A3	-1.86832363246176
UBA52	-1.86899139216847
COX6A1	-1.86911850758472
NUP54	-1.87185372480631
PMEPA1	-1.87194851242826
TMEM191C	-1.87311400469485
VTA1	-1.87399125180076
AP5M1	-1.87434504667604
SUSD1	-1.87592286697682
BARX1	-1.87597422456944
CHRNA3	-1.87674703432471
XRN1	-1.87856961247852
C8orf34	-1.87932869162184
ACBD5	-1.8793318698893
TAF9	-1.87992900684861
SPMAP2	-1.88033617189314
PAFAH2	-1.8803558138811
CLDN16	-1.88171598146622
PGAM1	-1.88328473290402
EFHD1	-1.88370709637935
FAM157B	-1.88389066847895
SDHA	-1.88471019202418
FAM120A	-1.88543786021764
KCTD1	-1.88561377197236
CYTH1	-1.88586079104743
SPINK1	-1.88616965886073
LMO4	-1.888033235953
ZXDB	-1.88869045845492
NQO2	-1.88869176951704
HERC2	-1.88894295921049
CHST11	-1.88901832149427
UBXN2A	-1.88905222692669
C18orf21	-1.88913501448861
SIGMAR1	-1.88935829829396
PI15	-1.88971620296601
MFSD1	-1.89017262614428
ASS1	-1.890360528209
GADD45G	-1.89073171182869
WDR47	-1.89119646387627
GSTO1	-1.89169527000348
EIF3K	-1.89194072471647
AKTIP	-1.89236803625649
SCNN1G	-1.89263907363392
SMARCAD1	-1.89266032834166
ZZEF1	-1.89297419336133
SPECC1	-1.89339611637078
STK17B	-1.89391114927845
CEP76	-1.89542101939701
ALG13	-1.89637982063321
SMARCD2	-1.89785664433794
PANX2	-1.8979411564416
TMEM161B	-1.89871402756522
DSE	-1.90035341115629
LIAT1	-1.90203587514347
GRAMD1A	-1.90227826658206
SLC4A1AP	-1.90291314752581
VWA8	-1.90302946755206
GRTP1	-1.90337519121359
IQGAP2	-1.90537979548718
TMEFF1	-1.90625037778581
SLC25A38	-1.90766894926637
UBA6	-1.90784072993706
LINC00869	-1.90793495095629
GTF2H1	-1.90859721653585
MAPK11	-1.91137619107793
NAA40	-1.91205297153167
PHLDA2	-1.9125973714985
PATJ	-1.91321561059515
TPD52	-1.91324075142765
MAU2	-1.91389587462825
TLCD1	-1.91517933024503
RPRM	-1.91534506181325
GPAM	-1.91544323709663
RASEF	-1.91552795431012
SALL1	-1.91641862212749
NDUFAF7	-1.91747426516589
MTCH2	-1.917729108527
ARL8B	-1.91779398237866
EBF3	-1.91879288083176
PRKX	-1.91994867938779
GMPPB	-1.92041551040587
BSCL2	-1.92088662342049
SNAPC3	-1.92388672044332
ACE	-1.92482154348196
ZNF34	-1.92602221690102
PWWP3A	-1.92648541864384
KCNN1	-1.92655003823431
SAP30L	-1.92679239647575
SERPINA11	-1.92685647404278
ZNF818P	-1.92718323874526
DMAC2L	-1.92758284213983
EGLN1	-1.92871725843157
TRIM37	-1.92929500044491
ATE1	-1.92988364197356
TOPBP1	-1.9319299678041
UPK3BL2	-1.93219017309254
ASPH	-1.93406475300046
RAD51	-1.93571013532698
SMUG1	-1.93571879541974
NUP58	-1.93634001775756
RERE	-1.93674005370106
ZNF426	-1.93690886917118
TAL1	-1.93740524865634
VPS4B	-1.93794349720461
ZSWIM3	-1.93811160064827
URM1	-1.93815605981704
AGPAT2	-1.93878610727688
ZNF234	-1.93887886135769
ZNF841	-1.93891508084669
FANK1	-1.93897217700751
CCDC88C	-1.93994749752832
NFIL3	-1.94022657928516
RNF207	-1.94055223373523
MANEAL	-1.940749565474
CCDC61	-1.94145996227761
SPIN4	-1.94214189567358
RNF113A	-1.94232120635611
CEBPZ	-1.94267431427586
ZNF607	-1.94316831850497
MCMBP	-1.94425987578495
TTF1	-1.94454878183644
UBE4A	-1.94487339834412
PARN	-1.94571448091549
DOCK4	-1.94622282775056
ARHGDIG	-1.94674013188617
PIGZ	-1.94876179335552
FYTTD1	-1.94905203564745
CA4	-1.95242214422836
MRPL12	-1.95310065084819
CD2AP	-1.95414033728215
PEX26	-1.95483318412291
GPAT2P1	-1.95487758370022
PI4KAP2	-1.9551584472464
SDCCAG8	-1.95561379601939
MGAT5B	-1.95596297925594
DPH6	-1.95598097985481
KDM7A	-1.95671678852606
STMN2	-1.957034567402
ZIC5	-1.9585293184311
ZNF559	-1.95855134537185
ZNF43	-1.95924763571147
ISLR	-1.96043436506486
WNT5B	-1.9614393492223
ZNFX1	-1.96331394022728
SPSB1	-1.9645051031764
RNASET2	-1.96469061977931
PMAIP1	-1.96473065267145
ATP6V1C1	-1.96483674037803
FBXL16	-1.96506737662547
GSTP1	-1.96628722599015
ARL6IP6	-1.96793105749017
BAZ1B	-1.96834711834911
TBCA	-1.96877612839611
PEX11G	-1.97008156200684
FBLN1	-1.97095990141397
PNP	-1.97102273466838
RPL23AP87	-1.9712766261443
XRCC4	-1.97228126950801
CHM	-1.97253964702712
TRMT2A	-1.97269554320134
ZNF615	-1.97299301746527
DNAJC15	-1.97384863887099
NUDCD1	-1.97480461753712
AP1G2	-1.9750673814975
KBTBD11	-1.97620070715221
F3	-1.97760834148666
BIRC6	-1.97778136382557
EBF2	-1.97799647405618
PKD1P2	-1.97818261499978
CEMIP2	-1.97921948807335
CHD5	-1.97987962998364
MBLAC2	-1.98053267138036
KAT6A	-1.98107415503548
RNH1	-1.98188773102914
PCSK5	-1.98333384232757
URGCP	-1.98680460638715
CACNA2D3	-1.9869608580691
MAN1C1	-1.98704293250696
EIF3A	-1.98823085949732
SREBF1	-1.98916357217087
NPM3	-1.9894295044175
CMKLR2	-1.98969324764128
EXPH5	-1.99050013121752
EPN3	-1.99053437777899
AGO2	-1.99083429380241
RAD51AP1	-1.99092909421668
ZNF780B	-1.99166176664328
KCNMB4	-1.99192116978825
CDKN1B	-1.99518903237696
SPACA6	-1.9952793851394
MRPS28	-1.99579351620264
PHF13	-1.99699680807262
OSGEP	-1.99823624875032
GAPVD1	-1.99924854027333
SMAD3	-1.99936335732639
EEF1A2	-2.00022113515526
CNPY1	-2.00022735801771
NUP88	-2.00029418490491
PKN3	-2.00062734848293
GRB10	-2.00096083402211
ABHD12B	-2.0015287138552
STOM	-2.00164441194271
EN2	-2.00206072570436
PARP14	-2.00296766635266
UBE2K	-2.00383425231975
NEK8	-2.00462114772442
NOTCH2NLA	-2.00618200256656
PCDHAC1	-2.00622374193534
FBXL3	-2.007069353034
MAGI2	-2.00762169038796
SGK3	-2.00788115995158
CHUK	-2.00814225904349
SEMA4G	-2.00893242021264
SLC16A2	-2.00950046895794
IRX1	-2.00979858743439
SORL1	-2.01143990456853
LIMD1	-2.01349677219194
EVA1C	-2.01408746237774
SPEN	-2.0141458234632
TENM1	-2.01439850010268
PARP12	-2.01456841531248
AGFG2	-2.01518707176004
TVP23B	-2.01559441851873
FER	-2.01585115310933
MARVELD3	-2.01619064691097
MAB21L1	-2.01811332984622
PDZD7	-2.01942895509973
GTF3C4	-2.019478678011
DARS1	-2.02009024401288
CLIC5	-2.02079975543243
ZNF680	-2.02107843645162
PPP4R2	-2.02139056470109
GRIN1	-2.02252369451123
TRIM43	-2.02311923001187
OBI1	-2.02368896844608
CLIC4	-2.02393391324423
ZNF502	-2.02462102325246
ZBTB6	-2.02478028232058
HEY1	-2.0251721199311
IRX2-DT	-2.02536048551732
PWWP2A	-2.0258718697256
DPY19L2P1	-2.02622115687665
UNC5A	-2.0269291303984
OTUB1	-2.0279243361496
COL20A1	-2.02804931966109
SAMHD1	-2.0289958372419
TBL1XR1	-2.02910519344563
BOD1L1	-2.02926030468342
GPI	-2.03226778846424
SRCIN1	-2.03291021075692
BMS1P10	-2.033437772867
MEX3D	-2.03401704471238
TEX13A	-2.03417725437006
KIAA1143	-2.03466404803207
HUS1	-2.03519426067162
SLC25A29	-2.03603473371557
MPP3	-2.03861353423292
IGF2BP2	-2.03941584199293
ZNF761	-2.04213413237218
XK	-2.04269761520096
C2CD2L	-2.04278273628726
RASGEF1B	-2.04335094204628
CDK17	-2.04396409795499
PRELID1P4	-2.04409611563452
LDHD	-2.04487786930544
PACS2	-2.04505776220244
CHSY1	-2.04553356854688
EXOSC6	-2.04564315308435
MYNN	-2.04717694491012
PRMT6	-2.04733240329424
RMI1	-2.04921345945646
VIRMA	-2.05074510315573
SYF2	-2.05200319983117
BTN3A2	-2.05274547135518
UNC119B	-2.05287904203351
CAAP1	-2.05381606003828
RBM17	-2.05481987876865
ERVW-1	-2.05525560996187
PPP2R1A	-2.05662212751121
ZNF154	-2.0567304979419
LOXL3	-2.05705331928166
SYCP2L	-2.05753543627561
PRDM5	-2.05769187658148
MYCT1	-2.05819947143366
TRUB1	-2.0583429742378
ZNF491	-2.06001059950307
GALNT3	-2.06024241855661
DNMT3B	-2.06154230638325
ZFTA	-2.0616908984994
TNFAIP8	-2.06222200488501
WASL	-2.06300334747764
KIAA1191P2	-2.06411437944967
DRG2	-2.06419117957398
DDX21	-2.06484979397121
CUX2	-2.0649880592006
TIPARP	-2.06518432413654
CMYA5	-2.06577257956104
LAMA2	-2.06612298042475
TRIM36	-2.06680148507812
C10orf90	-2.06875346138063
SPRY4	-2.06935910213105
KLF16	-2.0697459139505
C1D	-2.06999825637747
TNFSF4	-2.07029973653447
MCM2	-2.07290480868742
PCDHGA8	-2.07399140074083
SOS1	-2.07532003624898
SCOC	-2.07608121311036
SHISA8	-2.07649423069846
TRMT6	-2.07682044593194
EIF2B5	-2.07817730180596
PKMYT1	-2.07862267163123
ZNF850	-2.07952771220835
ZBTB10	-2.07994892210473
ZNF879	-2.08115019740893
GLDC	-2.08139238287316
ATOH1	-2.08159893544733
DPPA3P2	-2.08218524882429
FEN1	-2.08336312226534
NMB	-2.0848630016072
FUT10	-2.08567930998709
KXD1	-2.08577173777279
LYPLA1	-2.0863215567842
F12	-2.0865411375077
TMEM70	-2.08698930076982
TERF1	-2.08707802373656
CDHR3	-2.0872108828074
KREMEN1	-2.08845921199799
ZNF836	-2.0885172616487
PTF1A	-2.08996890124308
SPDYC	-2.09201890496692
H3-3B	-2.09283140677559
KHDRBS1	-2.09406266573645
PPIAP46	-2.09508228978517
CLDN6	-2.09533177858537
MRPS18B	-2.09804966276573
LRRC47	-2.09858971250001
NEK2P4	-2.0988288383201
TSG101	-2.09921526027967
HAPSTR1	-2.10188896411662
NCKAP1	-2.10307723811058
BRIP1	-2.10309545794648
TMEM69	-2.10353565213283
INO80	-2.10392453681339
WASHC2C	-2.10393155654306
PNMT	-2.10629789145254
RNF4	-2.10695318846179
TICRR	-2.10731915454779
C17orf58	-2.10775992990906
EML3	-2.10878525644638
SLC2A13	-2.11009084266439
SH3D21	-2.11061190702284
ZNF724	-2.11106418294688
JMY	-2.11106617885781
VCF2	-2.11286251960495
NFIA	-2.11309746633084
CLINT1	-2.11411101348369
EXO1	-2.11437731481666
CCZ1B	-2.11586920819355
COQ4	-2.11675993219553
ZNF563	-2.11758634055303
PYCR3	-2.11909472669943
TENT2	-2.12202901508768
CERS4	-2.12272821994769
PTPRU	-2.12275866621062
PLEKHJ1	-2.12358638402659
SCUBE2	-2.12395344494156
CGN	-2.12530675928931
GAB1	-2.12652879092585
COMTD1	-2.12672639765537
FBXL21P	-2.12724265386798
WNT3	-2.1272882427227
EPB41L3	-2.13048511100162
ALPG	-2.13110234688311
CHD3	-2.13287634039037
MLXIP	-2.13601158725356
KRIT1	-2.13634982764817
DDX55	-2.13642057759369
IDE	-2.13824244911024
TRABD2B	-2.13965415131165
STX18	-2.14264530014276
WBP4	-2.14380520050362
KMT5B	-2.14413624890233
CBX2	-2.14418996181615
ECHDC2	-2.14549876958615
MIER3	-2.14593990224728
DYNC2H1	-2.14613788185129
PLEKHB2	-2.1462344135077
TENT4B	-2.14623710449302
MXD3	-2.14677958997118
DGKQ	-2.14761737004732
HIVEP2	-2.14768745160057
TBC1D24	-2.15081358817136
ACOT8	-2.15087864194483
ZNF525	-2.15213424814955
CPLX1	-2.15256768770871
C18orf54	-2.15318593127041
DRAXIN	-2.1535436225254
ACTR10	-2.15357271754708
NCOA3	-2.15371734014361
ARPP19	-2.1548211191474
EFHD2	-2.15542112799815
ZNF135	-2.15547760813008
MBD2	-2.1563007312645
SLC35F2	-2.156482355537
RPL10L	-2.15650036908545
CHST9	-2.15651554888621
INPP5F	-2.15756080733296
WNT7B	-2.15769962724503
ZNF540	-2.15840268712473
ANKS1A	-2.15924279016426
PEX3	-2.1597311050281
QARS1	-2.16143676022641
HIPK3	-2.1620369263165
SNRPCP6	-2.16220260110879
KCTD2	-2.16226200230103
SLC14A2	-2.16228243080852
ARLN	-2.16284474363703
TMPO	-2.16498638374358
SLC39A10	-2.16530100429957
MTMR9	-2.16593524155934
POLR3F	-2.16649900886576
ZNF44	-2.16656685008189
PITPNB	-2.16726543068495
MOB3B	-2.16913458522234
MCF2L	-2.17405288297619
SLC28A3	-2.17415830389068
COL13A1	-2.17498308046665
XIRP2	-2.17597111793268
CDC7	-2.17638066531018
LRRC45	-2.17746241810796
HLA-K	-2.17848320340301
ICOSLG	-2.18018505593155
ARL1	-2.18118398264491
TMPRSS4	-2.18351351799924
NDUFB5	-2.18517484536469
IK	-2.18568841809977
ZNF251	-2.18637524238978
TIMM13	-2.18688012476638
THAP9	-2.18763159508922
SLBP	-2.18773007452955
SUZ12	-2.188624895801
BPNT1	-2.18867717165605
TRIM8	-2.18997039153512
SYNJ1	-2.19010099529827
NUDT10	-2.19053428619953
ANKRD28	-2.1911285470266
HMX1	-2.19180180017727
GPM6B	-2.19262648581305
ARFGEF2	-2.19319952267171
IFT172	-2.19354637530259
RYR3	-2.19389711439033
RGS17	-2.19437667084817
TOMM70	-2.19449741021879
PDE5A	-2.19654235896693
IPO7	-2.19669555194191
PCDHB18P	-2.19715719865796
NADK	-2.19720636422206
FAAHP1	-2.1975216825619
ATP11C	-2.19754746647997
RAP1GAP2	-2.19786546203475
CLSTN1	-2.20035075177181
PGPEP1	-2.20067715700649
ERI2	-2.20142361777855
A2ML1	-2.202134260512
RORA	-2.20341962091665
VPS28	-2.20391326298778
AR	-2.20446062283118
CHTF8	-2.20474674313475
GRPEL1	-2.20550868989261
MPPE1	-2.20576985293715
PANK2	-2.206149074094
BCAR3	-2.20693457709194
FAM168B	-2.20707274648183
ZNF730	-2.20746114404782
KIF16B	-2.20809747980188
ZNF675	-2.2082318547338
VPS26B	-2.20911235627985
UBE2O	-2.20962220741391
CDK6	-2.20985622359644
DPPA5	-2.21013044531425
EVL	-2.21048719294253
SDC4	-2.21057590621982
ARSI	-2.21070355770873
LRTOMT	-2.2107676175536
IPO5P1	-2.2119102445796
ZNF789	-2.21362822715935
RAD54L2	-2.21428237388167
FAM133B	-2.21527500217935
CENPQ	-2.21534006586533
RIPOR3	-2.21583261082194
PRKCI	-2.21791169996527
GLB1L	-2.21904923815072
ARHGEF35	-2.22229574030671
SLC24A2	-2.2223785168226
SDE2	-2.22259829607333
SRPX2	-2.2232498285848
SLC25A44	-2.22371808581344
VPS29	-2.2248072430205
SCT	-2.224827272067
TMEM109	-2.22502015718099
MCM4	-2.22591535951722
SYNDIG1	-2.2273410364604
MICB	-2.22749053755944
KATNA1	-2.22954736253384
CAVIN3	-2.22990046153413
MAPK9	-2.23128221396761
NPEPPS	-2.23245636108163
ZBTB33	-2.23370139504966
NCBP2	-2.23380347215116
MTRF1L	-2.23410880998864
MN1	-2.23565836786683
TRPM1	-2.23623194178166
ENTPD8	-2.23624926686072
NUP50	-2.23730007596025
DENR	-2.23886355303761
MORC4	-2.23903823959472
NUDT4	-2.24015041020998
TTF2	-2.241369354413
NODAL	-2.24298645441912
AMN	-2.24362934294472
KCNJ1	-2.24379604898411
SLCO1A2	-2.24394107440867
SAV1	-2.24411706969725
RCC1	-2.24438457534298
PIK3C3	-2.24567565451865
NAMPTP1	-2.24669960629718
CCP110	-2.24743177417182
MTSS1	-2.24819403564238
ADA2	-2.25020905401058
MSANTD7	-2.25082893811201
PDCL2	-2.25206766780669
EPSTI1	-2.25287832871866
AADAT	-2.2528807263383
UGT8	-2.25351545057822
GRIK3	-2.25372466170667
KLHL7	-2.25388791564894
ASB8	-2.25440438012397
PPM1K	-2.25506258698612
MAEA	-2.25572730135441
ARHGAP39	-2.25616348374083
ZNF738	-2.25665234341707
GMCL1	-2.25672140926172
HES5	-2.25761172007977
DSCC1	-2.25769853001901
FAM124A	-2.25774563428466
CASP6	-2.25838098879013
ATP5PB	-2.25841875295976
PIAS2	-2.26218242505273
CABIN1	-2.26222196506283
CCT6A	-2.26350312023215
ZBTB3	-2.26404012405126
CENPU	-2.26466281288982
PSPC1	-2.26472237096806
PRIMPOL	-2.26681893622034
GCLC	-2.26683004467052
MRPS18A	-2.26790541255053
PDHB	-2.26963179246348
KIT	-2.27018224007866
SLC39A6	-2.27111570145013
DR1	-2.27251165772424
MTATP6P1	-2.27276768976595
SCRN1	-2.27398144470025
STRA6	-2.27404330780561
FARP1	-2.27701138137574
ARHGAP31	-2.27724825728264
COL11A2	-2.27738980567221
HPDL	-2.27771174134651
RAB18	-2.27824740682661
COL4A2	-2.27962608025557
MAP3K8	-2.28062875367466
NUDT21	-2.28064172104249
KLHL23	-2.2822862783767
RDH10	-2.28426548771437
WDR43	-2.28870284549674
LYSMD3	-2.28884369856547
KLF13	-2.28967061756929
EPHA3	-2.291446290629
DGCR8	-2.29261621370757
C1DP1	-2.29290483625038
ZNF731P	-2.29319092225551
LMTK2	-2.29366091003055
STON2	-2.29425486034639
NKAIN4	-2.29549412635857
TMEM50B	-2.29586645678019
SPRED2	-2.29648221352946
AHNAK	-2.29659642051176
SCARF2	-2.29771200632665
ZNF121	-2.29805930549678
NETO1	-2.29883797719147
CPSF2	-2.29943379923509
TRABD2A	-2.3009306189826
PCDHAC2	-2.30299180213532
C2CD4C	-2.30314324966542
RAB12	-2.30322533633795
LRP4	-2.30341283534781
BSG	-2.30355259373943
SLC4A2	-2.30502366668418
B3GNT7	-2.30636141166101
KIF26B	-2.30724203293347
AMOTL1	-2.30733145501353
PPP2R2D	-2.30817049870503
SLC9A3	-2.3086393331721
PAPSS2	-2.31091147735826
RC3H2	-2.31120051083165
H2BC15	-2.31219750192336
SMYD2	-2.3125573076779
PROS1	-2.31371960518517
PPP1R1B	-2.31502303883526
FERRY3	-2.31834383464012
UBE2B	-2.31905772159387
AGBL4	-2.3197931316641
IREB2	-2.3203175261458
PPHLN1	-2.32063084451425
RNF44	-2.32240489753522
SCGB2B2	-2.3234803331061
PGK1	-2.32368581866845
DSTNP2	-2.32377326977671
VCPIP1	-2.32394615472869
CABP7	-2.32546402447652
CILK1	-2.32643363216975
TMSB4X	-2.32652940227916
KDM4B	-2.32785211213734
SUN1	-2.32901594538959
FRMPD3	-2.32932973570068
KIF25	-2.33007419526112
LSMEM2	-2.33144037949765
DCAF5	-2.33219095943706
NTRK3	-2.33269552869171
TUBB4B	-2.33427123001244
REEP5	-2.3348098560853
CFAP97	-2.33578030717589
ERVV-2	-2.33622645765695
DPYSL2	-2.33648397325551
RALBP1	-2.33743870383205
PRPF8	-2.33910562565563
UAP1L1	-2.33971379205575
ZFP3	-2.34310678392382
WDR72	-2.34317046225571
ERP27	-2.34457189550648
EIF3B	-2.34492439927999
TNPO2	-2.34559911095443
PPP6C	-2.34655126775019
CRNKL1	-2.34876193375446
SLK	-2.34992865743933
GCNT2	-2.349995608038
P4HA1	-2.35061734279925
PHF20L1	-2.35283449359618
IDH3A	-2.35361963202363
MTIF2	-2.35367485808147
HSP90AA1	-2.354636802952
ESRRA	-2.35566640184357
ZNF589	-2.35641898304913
MED13L	-2.35799879630931
LIN54	-2.36013768191581
PDGFA	-2.36029575704591
SLC25A21	-2.36046890836601
FZD8	-2.36289733950632
SYT1	-2.36346142416326
PHKA1	-2.36357308861763
OR2A7	-2.36539295746893
SGCE	-2.36561303373004
ZNF506	-2.36585491999387
PRR15	-2.36732816958352
ZNF501	-2.36780172789875
CTCFL	-2.36976336598291
PPP1R16A	-2.37017295625539
BCL2L13	-2.370913171291
ZNF827	-2.37101088135913
RPS3	-2.37278882604635
UGP2	-2.37471858221645
ADCY5	-2.37768647907079
ESCO2	-2.37880153104216
ID1	-2.37891204457932
SELENOW	-2.38093488566112
CBR3	-2.38095732068758
PTPRR	-2.38259400033615
FZD5	-2.38274788653262
CTNNAL1	-2.38282710094123
PCDHB5	-2.3832168349666
FAM98A	-2.38456797360705
NANOGP1	-2.38459618109349
CTSB	-2.38509982093367
DNAH11	-2.38542169179791
IFITM3	-2.38570594167307
XPO4	-2.38776127433091
DNASE1L2	-2.38802591639067
MAN2A2	-2.38803406020489
KTI12	-2.38814347443382
SNAP23	-2.38842611450171
TLE5	-2.38884007633038
CLN8	-2.38890692142344
UBE2G2	-2.38941360339339
SLC6A6	-2.39051542539518
TMEM266	-2.39098586643756
TRABD	-2.39123852461694
HTRA4	-2.39137088450628
OSBPL3	-2.39258620009294
ADSS2	-2.39302903101815
TLE3	-2.39332426107768
LARP4	-2.39358894010568
LAPTM4B	-2.3945807676516
AMFR	-2.39515010295094
CROCCP4	-2.39529417595915
FXYD7	-2.39535429492095
HGSNAT	-2.39559206063644
WDHD1	-2.39625660189653
CMPK1	-2.39654039888939
TRMT13	-2.39792143251265
MDM2	-2.39937402096966
ZNF181	-2.40071464259248
NSA2	-2.40173835833956
MYL5	-2.40229207935034
SNTG1	-2.40369089291945
ANKRD13C	-2.40739028948799
OLFML3	-2.40754901385289
COQ7	-2.40871287662993
SEZ6L	-2.40882992542023
RNF40	-2.40989361141368
CRLF1	-2.41004052508656
MEF2C	-2.41038041654976
MT-ATP6	-2.41183964025487
SLC7A10	-2.41185162848544
MPC1	-2.41308821648546
SLC6A20	-2.41403770239246
TIMM17A	-2.41464950842357
RNF138	-2.41667140408119
PURA	-2.41725999431078
GAS2L1	-2.4179018486832
ERVV-1	-2.41837775514552
HTT	-2.42030390295758
NDUFAB1	-2.42126742658152
PALM	-2.4218113328565
HIPK1	-2.42276624618946
SDK2	-2.42289468025085
ANXA2R	-2.42322355326922
GALNT17	-2.42340157912827
MACC1	-2.42477581989434
PPP6R3	-2.43096478210495
ZNF28	-2.43125522862265
ATL3	-2.43198078368383
FOXB1	-2.43223769310778
POU3F4	-2.43236718021558
GDF3	-2.43249328423833
UBXN4	-2.4339631658517
TSPAN14	-2.43405808242754
TSPAN18	-2.43497562900301
OLIG3	-2.43596601573732
SLC25A11	-2.43680235324733
PIWIL3	-2.43823070118966
IER5L	-2.43829974197675
NARF	-2.43922706435887
DLAT	-2.43972221577726
ATP2B1	-2.43994663115653
DBNDD1	-2.4409499665154
PLEKHA1	-2.44204041833162
SPTBN1	-2.44279563377468
JPT1	-2.44474651675748
PSD3	-2.44479214274345
PCGF6	-2.44523502293016
CPLX2	-2.44702767582782
DSEL	-2.44712671610603
LRRK2	-2.44800986266304
REC8	-2.44814868248441
NELL1	-2.44871000926679
SRGAP2D	-2.44991795845184
KPNA1	-2.45144436537959
AGO1	-2.45221340626341
SLCO1B1	-2.45330129111926
CPEB3	-2.45465180511425
SOX8	-2.45813265200862
SYK	-2.45832417066205
PCNA	-2.45911567402669
ZNF443	-2.45922860004778
U2AF1	-2.45994872226724
LDLRAP1	-2.46207926674184
CECR2	-2.46251865153563
USP13	-2.46316348710001
CCNJ	-2.46335118166244
BORCS6	-2.46348437098778
NOP58	-2.46449063885053
HOXB1	-2.4654491860164
SFXN2	-2.46636765056156
SMIM3	-2.46714240808826
HS3ST3B1	-2.46789762002906
ARHGAP17	-2.46834863856313
SUCLG1	-2.4697157478278
ATRNL1	-2.47003164088484
CCNL2	-2.47097084879878
CRACR2B	-2.47139584069701
MRPS18C	-2.47199785825002
PEDS1-UBE2V1	-2.4729066272418
DHX33	-2.47481177379523
BSND	-2.47490237066087
PTGR3	-2.4749486691302
USP8	-2.47561220536913
UBE2Q2	-2.47617976289565
NDUFA4L2	-2.47933959546454
LRRC40	-2.47991877178611
FAM3A	-2.48119412826293
KIFBP	-2.48194891346384
COL9A3	-2.48198025872572
MB21D2	-2.48205540740313
CERT1	-2.48241689086999
GLI2	-2.48283986826714
ADGRA2	-2.48327183012399
TOMM7	-2.48533578777035
CCNA1	-2.48614809230597
LY6H	-2.48630555409473
TMEM123	-2.48767834449836
MOB1A	-2.48768102311127
PCDHA7	-2.48776448700978
UTRN	-2.48935555421814
ATP13A3	-2.49247536366618
PBX3	-2.49317898951977
GTF2IP1	-2.49384447958825
LRP3	-2.49486081564222
ARL5B	-2.49556695714834
CAMKK2	-2.49765053716808
PRSS35	-2.5000380966966
RIOK3	-2.50034299576665
USO1	-2.50126810116833
SERHL	-2.50190377026492
SAP30	-2.50264697740371
TBC1D8	-2.50302148820453
OSBPL8	-2.50332870740379
DBX2	-2.50486592857202
ZGRF1	-2.5056016015666
LNX1	-2.50702004558611
CDKL5	-2.50793640141311
MAPKAP1	-2.51092348484813
TRPC6	-2.51108905964313
LRRC34	-2.51120173545276
SHC3	-2.511775380567
KMT2C	-2.51213116373178
PLAAT4	-2.5132597247575
WASHC4	-2.5138666371998
NMU	-2.51428293087175
AFF4	-2.51464051943758
ZNF577	-2.51506098146842
SLC25A4	-2.51584564023786
DLX4	-2.51763399621681
COL21A1	-2.51804991362275
SDCBP	-2.51931471327973
OAF	-2.51965995144206
PDGFC	-2.52036321945511
FOXI2	-2.52064415182383
PAICSP7	-2.52259701287395
LGI2	-2.52273063750401
FAM120AOS	-2.52340708556469
PPARGC1B	-2.5235952117271
CDK14	-2.52456023543315
ZNF726	-2.52600002256786
DNAJC11	-2.52642160624905
MPG	-2.52665546696032
DECR1	-2.5283249605149
CDK5	-2.53164519201228
SCN9A	-2.53393391683126
WRAP73	-2.53397994200401
DDI2	-2.53490214775574
MTG1	-2.53561692576174
HID1	-2.53628174859785
LRRC3B	-2.537577740328
DENND4C	-2.53786650183461
FOXK1	-2.53834059862444
LMAN2	-2.53995968245522
ST13P2	-2.54128743342348
IRF2BPL	-2.5414596159271
TUT4	-2.54147731546171
SLC7A2	-2.54377388316808
TCF7	-2.54506382132203
NECAP1	-2.54546216647345
ATP6V1D	-2.54559787990602
SPIN1	-2.54580680209946
MICU2	-2.5506544090632
UBL3	-2.55135571437564
FAM153A	-2.55234126797542
TSPAN13	-2.55332840922737
STOX2	-2.55537826528311
TENT5B	-2.55697814228898
RCAN3	-2.55770841020395
FAM110A	-2.55867595303066
FUS	-2.56167292508733
NAT8L	-2.56288796054224
LNPK	-2.56559768220293
PI4KAP1	-2.56746940096729
TBL1X	-2.56981272141622
OGDHL	-2.57114378461107
BNIP3	-2.57167363375408
CS	-2.57176953470957
RORB	-2.57369625735876
SLC22A23	-2.57397198456074
PDPK1	-2.57618504427352
PPP1R14A	-2.5765250087228
ATXN7L1	-2.57773297051579
OR1G1	-2.57955777450294
NXPH4	-2.58015387913012
CHIC2	-2.58192072354103
P2RX2	-2.58233772947194
CCDC137	-2.58266163912166
EYA1	-2.58309673358761
SEPTIN5	-2.58344777958295
MTUS1	-2.58458276987788
DUSP9	-2.58477491334328
RBBP8NL	-2.58566036883735
SPSB4	-2.5862628751841
FGFR2	-2.58757430323393
TRIM33	-2.58997369013624
SKIC3	-2.59095134607893
SLC27A3	-2.5912007886862
GNB4	-2.59142236999101
CHCHD7	-2.59164153715436
ZNF791	-2.59229453837129
DLL1	-2.59243263299908
FOXN3	-2.59349626263502
ADAMTS16	-2.59390947576152
MARCHF3	-2.59425698326511
CCDC169	-2.60060522693089
C8orf33	-2.60113441873566
SCNN1A	-2.60139087092841
CYP2B6	-2.60203562068335
CHFR	-2.60345183601686
CCDC33	-2.60630867876993
LBH	-2.60789658544109
WSB2	-2.60831799893358
DPM1	-2.6135950873326
RTKN	-2.61445605644132
VSTM2B	-2.61618470695553
FBP1	-2.61977672642528
USP32	-2.62046980186337
NOTCH2NLR	-2.62183438010656
EZR	-2.62271213044701
EFNB2	-2.628196458301
DOP1A	-2.62832655877929
ZFHX3	-2.62993109536865
KDM4C	-2.63069759825135
PIP4K2A	-2.63129543371358
NRARP	-2.63364936398021
PDGFRA	-2.63531016195678
WNK2	-2.63640177372175
RND3	-2.63719478592895
UBN2	-2.64020553552702
EXOC6	-2.64101057769004
PRMT3	-2.64133866961654
PDPN	-2.64178280915868
KCNJ5	-2.64212065086656
GBX2	-2.64429004300483
FAM53B	-2.64443066344894
BIK	-2.64566457850002
VAMP8	-2.64675677632283
STIMATE-MUSTN1	-2.64847559116038
PGGT1B	-2.64868477511824
FGL1	-2.65071941960562
USP43	-2.65255222631509
MCC	-2.65323574356585
TFAP2E	-2.65342503054695
TC2N	-2.65456017241952
TFAP2A	-2.65602818103395
LTN1	-2.65611654381384
LRRTM3	-2.65894577332656
CAVIN4	-2.65959693580759
CDH6	-2.65967162950875
AKAP7	-2.66331681564235
SLC1A3	-2.66391815346228
SYNE2	-2.66416230914339
CFLAR	-2.66417607931813
CELF2	-2.66828854535567
FGF17	-2.66862733206365
ZNF792	-2.66963774255232
ADGRA1	-2.67104700348868
MAEL	-2.67450414184883
MAPK1IP1L	-2.67779581271124
NIPA1	-2.67912977968266
CDCA4	-2.68044173953278
DPPA4	-2.68197351386711
DTD1	-2.68398837999738
NR4A3	-2.68477477514891
GOLGA4	-2.68562367716244
CERCAM	-2.68579641931177
PCDHB15	-2.68812899014362
SIRPA	-2.6887172130274
RAG1	-2.68878191576602
RCOR2	-2.68920909601979
SEC14L1	-2.68948726488305
CYCS	-2.68983582901774
TMEM88	-2.69100609914838
HCN2	-2.69130874535653
ARHGAP21	-2.69378794604296
MED29	-2.69528221814619
USP7	-2.69543888456946
WRNIP1	-2.696625246902
GAS8	-2.699557916856
TLE1	-2.69989687984102
ALDH3A2	-2.70523107209076
ANKH	-2.70527516577844
IMPA2	-2.70556678673376
ASH2L	-2.70578944977793
PCSK1	-2.70773700864862
JARID2	-2.70835655271472
CCDC57	-2.70887024926488
CBR1	-2.7116063127321
MRPL18	-2.71197263388555
SEC22B	-2.71589730680316
ZXDA	-2.71604369590535
L1TD1	-2.71806357224831
CCT8P1	-2.71820705593241
MAS1	-2.72070045357924
FOXO4	-2.72080473193809
AP4E1	-2.72189713311566
BAHD1	-2.72218285011398
AP5B1	-2.72325860492315
AMIGO2	-2.72470064914007
GRAMD4	-2.72521822476217
SHF	-2.72755840287398
ADAMTS19	-2.7280837023221
LDLRAD4	-2.72970480571974
RB1	-2.72996227918839
PDHA1	-2.73104471991269
ARID5A	-2.73184820332553
FAM86B2	-2.73458910991332
C19orf67	-2.73761259778031
DOT1L	-2.73834520385029
PRH1	-2.73837404669985
SPIRE1	-2.74113138755662
RNMT	-2.74360144604694
DCAF4	-2.74457131064982
ELAVL2	-2.74468126502204
SVOPL	-2.74953713334931
ARHGEF18	-2.7531526894822
TGFB2	-2.75392149840164
NAB1	-2.75474234040841
UBASH3B	-2.75606117976953
NPAS3	-2.75641215591855
GSX2	-2.75647854049398
EPHB3	-2.75739154506817
GTF2F2	-2.75779741705894
ESR1	-2.76166638467478
H2AJ	-2.76179036013403
PXK	-2.76179255304455
PRDM9	-2.76496435992566
ADGRG2	-2.76804053798633
PRDM16	-2.76870161986344
VSIG10	-2.76947355218664
ZXDC	-2.76963358676991
SCNN1B	-2.77127329660059
PITX2	-2.77282605969689
DBNDD2	-2.77353903608703
HSF5	-2.7739367783561
ZNF613	-2.7761922184207
SLCO4C1	-2.778024744172
SERAC1	-2.77886898934243
HELZ	-2.78264935621272
TDG	-2.78394556132569
ZNF493	-2.78495737100613
CA2	-2.78703140733274
CEBPA	-2.78770121936201
MMP11	-2.78805068018801
SEMA4A	-2.7885306617624
FZD3	-2.7886875827301
KLF4	-2.7893123958203
NDUFV1	-2.79021364551721
PLAAT5	-2.79255897979281
ADD1	-2.79349068962206
AUH	-2.79530698739343
C19orf85	-2.79592834733506
OR3A2	-2.79811167436269
SLC16A3	-2.799603263599
CD33	-2.79971626760093
IMPDH1P10	-2.80044495266683
MT2A	-2.80078887863205
FMO5	-2.80127093137953
BBX	-2.80931387785102
MFAP3L	-2.80962124941122
MAD2L2	-2.81137397262375
DPP4	-2.8141506456375
CR1L	-2.81481662882907
FNBP1	-2.81659490375624
H3-7	-2.81890201512358
SLC35A5	-2.81939971329857
CDKN1C	-2.8247590417471
IFT56	-2.82613621511525
ANKRD18DP	-2.82772782077775
AGTPBP1	-2.82861999174603
LRRC4	-2.83205185244278
LPAR1	-2.83437654497161
HYCC2	-2.83916246347438
EXOC5	-2.83999684177403
BEND3	-2.8412693189396
LRSAM1	-2.84340139538601
LMX1B	-2.84420562703092
FCHO2	-2.84589434995799
NSFP1	-2.84865961320196
NNT	-2.84988402586305
TMEM254	-2.85137650990999
GTF2IP4	-2.85169686029282
SOX13	-2.85244726231596
ALPL	-2.85346220162839
ZNF439	-2.85563002698863
ETS2	-2.85611571394851
VIT	-2.85979575329326
AKIRIN1	-2.86022312463775
MAP4K3	-2.86035574752384
ZNF429	-2.86088964640642
ERCC5	-2.86217567164786
GCGR	-2.86314642116454
AP1S3	-2.86560509481562
FLRT1	-2.86700524676841
SHC2	-2.8700231423051
TULP4	-2.87088914740977
SLC25A16	-2.87488497402781
SLC37A3	-2.87675403623344
NFAM1	-2.87678479327473
VMA21	-2.87725127686473
COX7A1	-2.87823485729507
NEUROG3	-2.87863165276345
G3BP2	-2.87967845441004
ZNF682	-2.88203632467459
AMDHD2	-2.88299880583893
AMER2	-2.88363404512177
MT1A	-2.88367093595073
STAG1	-2.8861010211146
NBL1	-2.88668523096513
SLC16A12	-2.88747962459404
SNCAIP	-2.8878456809136
EXOC2	-2.88841811618165
A4GALT	-2.89107565743679
ZIC4	-2.89339019624682
MYSM1	-2.90233852663932
ATP11B	-2.90432152201351
RFX1	-2.90547543224314
XRCC2	-2.90753675042776
MTND4P12	-2.90841579113179
RADIL	-2.91000203007384
CCL28	-2.91268594867988
E2F1	-2.91496058417069
MNAT1	-2.9189718994553
MMP25	-2.91998644879952
SKIDA1	-2.92232617593774
HIC2	-2.92408297111455
MTMR10	-2.93139273171482
RAB3IP	-2.93339779566185
ZNF585B	-2.934402701753
PLPP3	-2.93517833457569
DUT	-2.93932085477965
ARSL	-2.94301986787418
PTAR1	-2.94855496483857
IFITM1	-2.95011175789756
MYO1H	-2.95039836292133
MYO10	-2.95160474699983
MTMR6	-2.95169887085628
DCUN1D2	-2.9529253912192
NEK3	-2.95294981821874
PCBP4	-2.95455275646495
BMPR2	-2.95459023922125
PDLIM1	-2.95533011679579
ARFGEF1	-2.95838009769107
DIRAS2	-2.95881682665037
INHBB	-2.96062952482686
AGAP1	-2.96200572303482
NOTUM	-2.963225144692
ANKRD13A	-2.9641527631917
INPP5K	-2.96619189160487
ZNF600	-2.9672998800152
SIGLEC14	-2.97205616498307
MLLT11	-2.97451950303981
MIR1915HG	-2.97549277864479
ZNF611	-2.97970800985319
RUNX1T1	-2.98032657260956
ATP2A3	-2.98098880082561
ZMIZ1	-2.98138887428845
RTL8B	-2.98826292047486
MT1JP	-2.98886161645778
ATP6V1G1	-2.99311327759918
SLC25A14	-2.99389707763731
KIF5C	-2.99394945902829
CTTN	-2.99564114227561
SCUBE3	-2.99615512454665
WDR87BP	-2.99636866194345
ANP32E	-2.99648760727482
NCOA1	-2.99713187593585
NPM2	-2.99760850973788
CHMP4C	-2.99798364434814
COMMD7	-2.99799371285472
ZNF701	-2.99893930844449
LURAP1L	-3.00030899663259
NR3C1	-3.00094940429033
SMC2	-3.00159662526066
ZNF793	-3.00423016447895
MCTP1	-3.00483071609198
GPR160	-3.01043341102186
ERBB3	-3.01145556514367
PRDX6	-3.01471261201318
ST8SIA6	-3.01579986548844
CISD1	-3.01638722825056
AFG3L2	-3.02448790995629
NAALAD2	-3.02548859484913
RGS10	-3.02651792805664
FOXC1	-3.02799832976854
ZNF649	-3.02813767320113
RNF145	-3.03104208230553
PCBP1	-3.03210152721268
SEMA3C	-3.03211900700853
PKIB	-3.03359447100818
AFDN	-3.03671209130474
SLC16A10	-3.04101748402403
GRHL2	-3.04258398683396
ZNF252P	-3.04439697640252
SAMD11	-3.04722049304942
CABP1	-3.05305419338622
CCDC150	-3.05384466209778
AQR	-3.05909572135969
ZNF626	-3.05982804416985
ZBED1	-3.06097351227218
ARRB1	-3.06240990793275
GAD2	-3.06894650914154
NCOA4	-3.07097567541138
NSMAF	-3.07214964613221
ENPP2	-3.07363570185594
ASXL2	-3.07661179889969
TLE2	-3.07797295641407
GCC2	-3.08322206772954
GPRC5B	-3.08366121728738
MRPS5	-3.08379093559414
SNX25	-3.08469183846382
DEPTOR	-3.08634855202611
RRAGA	-3.08635306848922
SOX21	-3.08922286354529
GLS	-3.08928443985674
CRYGEP	-3.09069466965031
PYGL	-3.0916685313245
SMAD7	-3.09461079722502
UGCG	-3.09789037687304
EVA1B	-3.09808757382792
FGFR3	-3.09898557045212
OGFR	-3.09947366795818
AGL	-3.10000833300551
ZYG11A	-3.10088930167016
LAMB1	-3.10146159937845
MICE	-3.10167291912
ZNF302	-3.10280944243803
GSC	-3.10544754200534
PAK2	-3.10607506861472
ZNF528	-3.10700576214311
AHNAK2	-3.10777795299672
MYO6	-3.10792719901656
REST	-3.10933238543081
ZNF85	-3.11098645741708
ZNF257	-3.11137910426013
SKIL	-3.11239027740866
PHF10	-3.11251018167551
ZNF91	-3.11369484283683
ITGA9	-3.11815832899596
USP16	-3.11937409547663
DMBX1	-3.12381639535088
PPP1R11	-3.1283939805407
ZBTB42	-3.13394255455079
PRKAR2B	-3.13556034605007
FAM20C	-3.13896765310175
TMOD3	-3.13948011232585
LGI3	-3.13982268552776
BNC2	-3.14086001099517
MAP1LC3B	-3.14267225955656
TRIB1	-3.14509433508227
SERINC5	-3.14550713671039
SLC17A6	-3.14686275466133
KRAS	-3.14746249423935
MAPRE3	-3.1481162924393
CA8	-3.14933937051472
GRID2	-3.14937654348279
FEZF1	-3.15323153076392
PLEKHA8	-3.15587876891428
FBLN5	-3.15933001164621
ZNF254	-3.15993973213866
GPR50	-3.1624701134723
TUBB6	-3.16892501382611
FHIP2B	-3.17041625515198
TRPS1	-3.17212736542111
LTV1	-3.17367955584228
FGF8	-3.18543210522194
LRRK1	-3.19345445517974
ALDH1A3	-3.19357117249924
PNMA8B	-3.19943891550699
CFAP95	-3.20215568665826
ZNF516	-3.20303533765129
SPRY1	-3.20605771419552
MESP1	-3.20656674073451
ENSA	-3.21211133609636
CARHSP1	-3.21354712740109
BICD2	-3.22008406569072
HOOK3	-3.22138847648814
TNMD	-3.22200118041545
UBE3C	-3.2238476292283
CRYBG3	-3.22393102821792
CAPN1	-3.22657755277376
ATXN1	-3.22732236937436
DNAJA2	-3.23154384867261
EPB41L5	-3.23754894037476
RNF187	-3.23827108929825
TRIM7	-3.24193837820574
CDK7	-3.24239530257765
RESF1	-3.24704820087636
TSHZ1	-3.24862028395686
ZNF681	-3.24891727509002
PDCD2	-3.24893629052605
ANK2	-3.25033342347418
NUDT11	-3.25099848160357
DHX40P1	-3.25181314416277
CACNA2D1	-3.2525590229821
FAM20A	-3.25589335197391
SKOR2	-3.25977945309366
YEATS4	-3.26176153821848
MKRN1	-3.26297937586473
TRIM2	-3.26437247593939
TCEA1	-3.26591050413218
IGF2	-3.26671039711371
SORBS1	-3.26717211700079
DNAJC9	-3.27096998392439
KITLG	-3.27116605732214
HLA-F	-3.27150236752762
SFT2D2	-3.27167736087877
GAK	-3.27431086749309
RBP1	-3.27798206941024
MAML2	-3.27939406870972
ARHGEF5	-3.28069376914378
GALNT7	-3.28077030429564
NEFM	-3.28127040298913
TMEM64	-3.2834763663957
PGM1	-3.2873296265063
ZNF395	-3.28840482222223
ARMT1	-3.29507971311142
NF2	-3.29873077358293
MIR3171HG	-3.29887260407033
DPPA3	-3.29897772595712
AKAP1	-3.30012138146549
CATSPERZ	-3.30306943915358
RALYL	-3.30376935679345
ABLIM1	-3.30437470500334
HMGB3	-3.30481989059804
C2CD5	-3.30818949320467
TMEM54	-3.30893498791491
PPP2R1B	-3.30965703079845
COL27A1	-3.31018997800131
SEPTIN11	-3.31067634763966
SDHD	-3.31338663078069
BRD3	-3.31389713633894
NFIX	-3.31580625762846
SPINK5	-3.31594872893762
PINK1	-3.31638896184673
PJA1	-3.31721940017465
MT1H	-3.31799860988107
SERPINB5	-3.31880280545212
TSTD1	-3.32028298183253
ZNF844	-3.320430463198
MYLIP	-3.32210407189956
SMPD1	-3.32828248111312
THRB	-3.33983669913907
ZSCAN2	-3.34789688011275
GUCY2C	-3.34949196289565
AMDHD1	-3.35348925974254
MAGEB2	-3.36485379649501
LRRC26	-3.36493760621325
PTCH1	-3.36635155887033
ZIC1	-3.36641653317473
MIXL1	-3.37003214948143
MTA3	-3.37351975089881
NRBP2	-3.374992741177
GALR2	-3.37599081274458
PRRX2	-3.37662800106821
ARHGEF34P	-3.37823566913067
F11	-3.38060783035586
PLPPR1	-3.38177959598653
SOX18	-3.38400154190716
SMIM41	-3.38448101474633
SLC66A2	-3.3872924519832
IL34	-3.390026039958
MRPL23	-3.39248030072029
MLEC	-3.39387812689606
ARHGEF10	-3.39566553432072
PITPNM2	-3.40425280533853
ECPAS	-3.40591771928296
ZNF808	-3.40614713635588
HTR1D	-3.40630647373047
TBCD	-3.40782896653149
AGAP3	-3.4133919303742
FGD4	-3.41464617462911
EDIL3	-3.41625794686012
TCP1	-3.41772706147848
BCL11B	-3.42182586788036
SHROOM2	-3.42829370150797
CXCL12	-3.43009288198117
TET1	-3.43749808678195
NDUFA5	-3.44425655007051
RBPJ	-3.4455814478624
RABGGTB	-3.45099601877818
CRYGFP	-3.45167401828526
TECPR2	-3.45205738500023
NIN	-3.45239384330484
MDK	-3.45406644447135
ZNF208	-3.45618755058586
CHRNB4	-3.45894470956057
MT1E	-3.46468048785624
PTPN9	-3.46708445396417
TPI1	-3.46831790129115
CDH1	-3.46903129965109
FGF19	-3.46922608394384
TRIML2	-3.47179751905644
TRDMT1	-3.47760478533439
EEIG2	-3.48254763223024
SORCS2	-3.4842333975751
ZFP36L2	-3.48783523544453
MT1M	-3.49232945054406
CALB1	-3.49366064934211
KCNG3	-3.49772128632516
FTLP14	-3.500738285763
VASH2	-3.50211146678927
BRWD3	-3.50555331583563
TNRC6A	-3.5078557419709
HIPK2	-3.51087404400341
TLE7	-3.51368948588699
ZNF296	-3.5139890532514
AP2A2	-3.51458467122711
ONECUT1	-3.51550882278489
ADAT3	-3.52384901872711
PLP1	-3.53067785436361
PTPRB	-3.53623666367478
FRAT1	-3.53869231473595
DND1	-3.53892522281487
DPPA2	-3.54068658074305
B3GNT5	-3.54329463329663
PRAC1	-3.55094086482135
LDHA	-3.55663982299472
GSE1	-3.55676702340544
LIN28B	-3.57162941103293
PACSIN3	-3.57553800685107
VPS37B	-3.57919259175635
TLL2	-3.5799037797312
BMP1	-3.58229468001158
CIBAR1	-3.58318105917673
TMEM184B	-3.58794344205968
FOXD3	-3.59004039857832
AK4	-3.59699615217536
NLRP12	-3.60003718319171
PHLPP2	-3.60326569204905
SOX14	-3.61093389012705
INA	-3.61588975115399
TRHDE	-3.6182812749061
AKT1	-3.62093776375388
HES2	-3.62789348555481
SAPCD2	-3.63084798906432
RIF1	-3.65625971907685
UBE2G1	-3.65757226451184
KAT7	-3.65846711808516
SOX11	-3.66111333595753
RNF38	-3.66346337398997
DMTN	-3.66545460019579
SECTM1	-3.66874245480941
BAHCC1	-3.67293123514462
CRIP1	-3.68320392276833
IQSEC2	-3.68403519272192
PGM2L1	-3.68491070116546
DOK6	-3.68670308005435
ETV4	-3.69464873129267
RGS14	-3.69501222596298
C4orf51	-3.69816124355664
ZNF90	-3.70639076034788
ECEL1P1	-3.70851398994645
DNAJB6	-3.70995253943221
SP8	-3.72089805488721
ZNF714	-3.73115712537767
EGFLAM	-3.73161483085065
MXRA5	-3.74995220332076
FAM83F	-3.75212920779983
TAOK3	-3.75866344554038
KRT18	-3.76624437575102
RPP25	-3.76957587934724
HELLS	-3.78068881952937
MT1F	-3.78105482284065
MT1L	-3.78211485599647
MEF2A	-3.78590359297773
SGK1	-3.79801281440786
CEBPZOS	-3.80056369068578
UNC5B	-3.80356757983147
ZNF137P	-3.80711348979993
RHBDF1	-3.80922300795708
ANKRD19P	-3.8152037989412
TIMP2	-3.81536486080947
NEFL	-3.82495350192698
ZNF578	-3.82706937529394
LPAR3	-3.83786573514901
IPMK	-3.84048184419692
CAPG	-3.84282579084887
REEP4	-3.84488214612059
ECEL1P2	-3.84709157565706
MRPS16	-3.85300236056059
SETD4	-3.85400895154624
FAM120A2P	-3.85568484895624
METTL27	-3.86031147175454
UCKL1	-3.8699532962431
FSCN1	-3.87303265896141
EGFL8	-3.87461532227639
SFMBT2	-3.87564133012418
THBS2	-3.89300358848598
TFAP2C	-3.8968686663184
ZNF100	-3.90187954268945
ITPA	-3.9102502328856
DLX3	-3.9127011816808
FA2H	-3.91718232230502
BMPR1A	-3.93353313438505
ECEL1	-3.93426837605569
ATP6V1H	-3.93451720306958
LHX4	-3.93655017375672
HES3	-3.93696218498224
COL6A1	-3.93849169534634
AGMO	-3.94490647112156
RIPK4	-3.94502443411399
SCD5	-3.94963676023874
PRDM14	-3.94968274297319
CHST8	-3.95249612020893
TRIM27	-3.95337926444591
ACOX1	-3.96442226062348
CPO	-3.99414530406074
TMT1A	-4.00024568671569
ATP11A	-4.00651348304178
HOXB13	-4.01025130624001
DPYSL3	-4.0303457666605
POLR3G	-4.03040781251789
RAI1	-4.03221377205151
SNX9	-4.03476640745922
TDRD1	-4.03659803500448
PIM2	-4.03672867152472
LGR4	-4.03723859995778
RING1	-4.03812097346103
MT1X	-4.05413173512261
OAT	-4.05446240924714
FOXH1	-4.06337132294533
RNF125	-4.06550973299396
SYT6	-4.06993561038193
LHX5	-4.07938350712545
NETO2	-4.08120784920188
MT1G	-4.08126908173145
ZNF266	-4.08930529509701
KIAA1217	-4.09094696786696
LTBP1	-4.09703430934359
C6orf141	-4.10677996436429
AXIN2	-4.10886183912398
BHLHE23	-4.1088826888884
NANOG	-4.11162439174985
HR	-4.11304070164361
SCARA3	-4.11689235855672
IKBKGP1	-4.12861544218701
BMP7	-4.13547890632646
FN1	-4.15067374594752
KAZALD1	-4.1721228979715
PLAAT3	-4.17246865003085
FERMT1	-4.17558182239695
ZNF728	-4.1870986734655
NFATC1	-4.19251330040375
GNA14	-4.20449857856752
CNTFR	-4.21185940742775
CCDC8	-4.21643160903098
ARHGAP42	-4.22255221722824
ZNF560	-4.22902103684017
OC90	-4.23498874788566
SEPTIN6	-4.23949055775393
TUBBP5	-4.24223849908891
AK3	-4.25347117602248
TNS3	-4.25514837992088
FRMPD4	-4.2553925388628
HHEX	-4.25665514282523
RIGI	-4.25690241446872
DSP	-4.27045729942337
P2RY1	-4.27304076552218
SEMA6A	-4.280632310727
PRKCA	-4.2829398081688
PAX7	-4.28544557420558
TWIST2	-4.3037045896018
OVOL1	-4.30638147434969
PHLDB2	-4.30988185560822
CD9	-4.31948286826055
MAFA	-4.32480190636511
MRS2	-4.33621336697792
PCDHGB4	-4.34588679218821
RTP1	-4.34618663813506
IRX4	-4.3600149838376
CGNL1	-4.40544703105789
ZNF770	-4.40766078367883
KCNJ5-AS1	-4.41373288549148
NKX6-2	-4.41844486881704
CPT1A	-4.42188113820562
ASRGL1	-4.42761032685897
KRT8	-4.4309478102433
HBE1	-4.43695960616257
RRAGD	-4.45087465424886
HLA-G	-4.45298367683092
SLCO5A1	-4.46725002207214
SPRY2	-4.47013514523712
MYO5A	-4.49150707131543
GDF7	-4.50724659227927
HHLA1	-4.51694491980999
RBM47	-4.52516510821946
MECOM	-4.53846035559591
KCNAB1	-4.565699517111
TRIM25	-4.56795410569178
PDK3	-4.59367070968086
SPART	-4.60393117557904
TLX1	-4.61148852006853
PRAC2	-4.62763495920001
FAM210B	-4.64685284414999
ROR2	-4.65408707561271
FGF4	-4.68063142102815
GATA5	-4.6808239134619
SOX15	-4.70466980430984
PTH1R	-4.71244686149785
TNRC18	-4.71953084855978
F2RL1	-4.74086877256558
SOCS2	-4.7677757729622
ZNF398	-4.77849205132344
DDR1	-4.79248493379892
SIX3	-4.79938017890464
BAZ1A	-4.82156374597846
LRFN5	-4.83052352339397
AFF1	-4.84685087596897
ZIC3	-4.85143341556606
TMEM200B	-4.85156269627461
CCND1	-4.89655926713682
GDA	-4.90576338537959
AJAP1	-4.91879725817734
ZNF878	-4.96971277113166
VENTX	-5.00310455218203
HLA-A	-5.1257867322175
NR5A2	-5.16168905047409
SATB2	-5.26680395526829
SCGB3A2	-5.26702719459298
HIP1R	-5.31402057575283
GLB1L3	-5.34647210226462
FBN2	-5.35579216417579
CKB	-5.36355152569327
FOXP4	-5.55622232573055
UTF1	-5.62991106830161
TBX1	-5.69635614856915
NKX1-2	-5.9358932147511
MEST	-5.97108577923905
INSM1	-6.12478855918937
PAX5	-6.14191785188076
