VSNL1	3.44866056198187
ZNF560	3.13953906081533
ZNF728	2.99337688518374
SPESP1	2.85507314608892
FAM220A	2.85206295911234
SOX4	2.8360488369866
MKI67	2.26392361890424
CCT4	2.20871467682006
MAP3K7CL	2.19879219136649
ZBTB44	2.18597837872014
HSPE1-MOB4	2.17040249639151
SPTSSB	2.15306831778324
SPRY4	2.10846387977008
DLG2	2.09452072711458
RBM15	2.04720037841701
SLC5A8	2.04507044678298
GPAT2P1	2.03794239203134
ATP5F1E	2.0225556718845
RRM2B	1.99609330864794
GPAT2	1.98188171366369
MBP	1.95004135276063
HERC4	1.91088469363504
SNRPG	1.88945451280237
RRBP1	1.88159091925317
THY1	1.88068200960105
MRPL52	1.87308224854709
RAD54B	1.85848158426761
CRISP2	1.8447769892897
TMEM33	1.83945032159753
GFUS	1.83232237830893
BHMT2	1.80527542467207
PCDHGA11	1.78397732407279
SNAI3	1.77741839433949
ICAM3	1.76313726347703
ATP10B	1.76086994723661
HMGN1	1.69566551633678
GDA	1.6956189205408
CIMIP2C	1.69510522255512
PZP	1.68698514543615
RAPGEF3	1.68295842899446
MLF1	1.67978663166107
PKM	1.67588266126298
PPM1A	1.66758231290825
RASL11B	1.66613691354061
CNIH1	1.65968246014371
URI1	1.63413920829276
MAP2K1	1.62341479806807
RABEPK	1.62161063410818
RING1	1.62018757683072
PCDHA13	1.61276715347804
DRD3	1.60263737514156
OSBPL10	1.59414848952571
TRDN	1.58915689273143
HSPA14	1.58478677168875
THOC2	1.58219545154033
PHF14	1.5813388694754
SV2B	1.57799355469611
HMGB1P6	1.57731551622317
CCDC152	1.57533097656159
RPS10-NUDT3	1.56925464232768
FAM169A	1.56334280342629
SCAMP3	1.5597865055408
ID3	1.55599649390767
PRKD2	1.54295442387032
ZNF677	1.53868019334299
ADGRF5	1.53369650207059
SRFBP1	1.53352075940545
BTG2	1.53299286186625
UGT1A10	1.53121151626341
ARPIN-AP3S2	1.53009958099159
CDKN3	1.5180564053063
ADK	1.51766949072901
GOLGA6C	1.51675751761327
FKBP4	1.51526314154592
ALDH1A1	1.50574647650504
CAB39	1.50349551285243
SERPINI1	1.49597670096608
RHOC	1.49323693348575
CBR1	1.49268940994756
JAK1	1.49174977283358
INCENP	1.48638125500501
HK1	1.48594773860328
DROSHA	1.48538444154284
ETV1	1.4840916181865
CORO2A	1.48360232161623
PCID2	1.47982869438634
TLL1	1.47976831007594
RNH1	1.47857315504775
SCG3	1.47786173580129
RPL23AP82	1.4698859451994
PHC1	1.46505706313812
DUXAP10	1.46222043131846
RPL35	1.45622045773116
SLIT2	1.45447958558171
SMIM30	1.44916804769105
RAP1GDS1	1.4454672152115
IGSF1	1.4449103501235
RASIP1	1.44483851065252
RYR1	1.44335583866217
RLIG1	1.4413115042452
ZNF208	1.4221021672193
MPP1	1.41652190186902
SLC25A28	1.4153471660237
FHOD1	1.41090171487191
PEX2	1.41068945708456
CKMT1B	1.4086517836229
NME2	1.4065066722106
NPM1	1.40583524700404
MMP16	1.40405141046889
TEX56P	1.40399804156219
LPL	1.40221843817058
NTAN1	1.39728346243215
SLC48A1	1.39595618517751
PDCD10	1.39283693818332
SNX5	1.3920821315968
ANKRD29	1.38735295962315
DIDO1	1.3867819504447
TNFAIP8L1	1.37795944228185
HNRNPUL2-BSCL2	1.3772057794871
RPL41	1.37569222176181
STX6	1.37241280708111
MED15P9	1.36804869235572
TINAGL1	1.36740215661073
GART	1.35827946505861
GRB14	1.35476067121265
SOD1	1.3504338427427
TKT	1.34910733340402
CBLN1	1.34908547199159
SEC11C	1.33917042470714
GOLGA6D	1.32961945267824
CDC20	1.32543091958728
MTHFD1	1.32280848788294
SUN2	1.31749234179941
HSPD1	1.3156141999815
LEPR	1.31525202433566
NFS1	1.31418877489756
QNG1	1.31386184310916
LCK	1.31281904352156
INTS10	1.30977061354655
MRPL24	1.30741342877172
C1GALT1C1L	1.30682754903762
RPL39	1.30410654823344
CKS2	1.30292108897908
WDR3	1.30226993724926
SMIM41	1.30173966043739
TUBBP5	1.29491702674136
PDGFB	1.29461015107499
LRRC58	1.29218347508474
RBMS3	1.29216655738488
TXN	1.28911672813214
TTC38	1.28812592030525
TLN2	1.28804230501181
CDKN1A	1.2874701376657
TMEM183A	1.28629469070878
NANS	1.28389032778718
SH3BGR	1.28232621393534
DIMT1	1.28038923953538
PRR11	1.28034166028773
KARS1	1.2792087001069
USP12	1.27755021843952
HIKESHI	1.27373390239284
NDFIP2	1.2729423743881
PIR	1.26967712635466
LRRFIP1	1.26956440332778
RPS29	1.2695401694892
CEBPZOS	1.26399950957412
ITM2A	1.2616774750896
BICDL1	1.2603431488125
UIMC1	1.25992204852858
LPIN2	1.25854687859062
RXYLT1	1.25817548688814
PTP4A1	1.25646377191843
MAPRE2	1.25486830481651
CASS4	1.25133216699591
MAT1A	1.24843193765241
RPAP2	1.24778169442981
RBM26	1.24676893807205
ZNF257	1.24659162710419
HMGN5	1.24451174591459
SIM2	1.24216520840465
CXCL2	1.23470631352262
HMGN1P37	1.23380848738528
AZGP1	1.23345714168205
URB1	1.23342414459256
KCNJ8	1.23079946845915
PGPEP1L	1.23016500766224
ARL14EP	1.22942972052321
NME1-NME2	1.2264804420302
ATP5MF	1.22592183569418
FANCL	1.22151198880305
STIP1	1.21960586545896
DDIAS	1.21843694334889
STRBP	1.21721668673108
C2orf78	1.21617307116396
PFKP	1.21314699810677
EIF5A2	1.21034402264291
LDAH	1.20850852390806
ICA1	1.20806769716171
NME1	1.20598846459288
PSMA5	1.20583924858789
NPIPB8	1.20493534874406
OR2C3	1.20472146477628
WHAMMP3	1.20415248827857
GEMIN6	1.20263234268974
PTGES3	1.20257353492052
ZC3H18	1.20243623590604
TWNK	1.20213954087122
DMAC1	1.20073620953408
TFB1M	1.19763607296661
SYT4	1.19655464964257
H1-1	1.19300037938025
PLA2G12A	1.19015422998169
GSDMD	1.18976513353371
PF4V1	1.18815980242591
PDCD2L	1.18809787482573
SCLY	1.1879209837777
SEPTIN14P19	1.18696982268437
SPHKAP	1.18633423797467
BMPER	1.18632138684335
TMEM243	1.18535692721994
MEOX2	1.18395019701916
KPNA2	1.18324553644497
ACAP1	1.18307688194379
METAP1	1.18028640542904
GOLGA6A	1.18016187209472
MYCBP2	1.17855443649459
DNAJA3	1.17740952328489
DOCK4	1.17716364780263
ST20-MTHFS	1.17672848875027
VEPH1	1.17548478224381
HNRNPC	1.17541652607719
ZC3H15	1.17514508273041
ELK3	1.17473726487519
CD93	1.17357264402442
GNB1L	1.1728358008912
MEIOB	1.17226623342496
FBL	1.17165107786534
TEX11	1.16944970451784
GPRIN3	1.16888626824208
RPL37	1.16834332198354
MSN	1.16612251401493
TBCA	1.1646820683773
DLGAP5	1.16040703241625
ETV5	1.15979408658981
TRIM58	1.159089103097
HAUS7	1.15719901462415
AREG	1.15667976255315
MDM2	1.15652363458956
GPR150	1.1561734456396
FAM72B	1.15533731996098
SPARCL1	1.15512985145861
FUNDC2	1.15487055314049
RPL39L	1.15477642041823
ECHDC3	1.15476107700263
OC90	1.15344777038976
NMD3	1.15219590236046
ESCO2	1.15145647278936
DEPDC1	1.15029214201716
DCUN1D5	1.1484897142278
RPS3A	1.1466390763465
MRI1	1.14250996793816
TMEM185A	1.14233249600087
PPP1R12BP1	1.14085008844033
RPL38	1.14080114749443
UQCRQ	1.13881753053317
PHLPP1	1.13881208743236
DBT	1.13789055134668
IL17C	1.13743490493688
AP1M2	1.1362244575605
NT5E	1.13464687395982
MRPL58	1.133390680775
TRMT5	1.13309933029078
CAPZA2	1.13192695744259
IL17RD	1.13124819890505
TRIM59-IFT80	1.12996412933209
RFPL3	1.12962842900488
HSPA4	1.12807808822887
MIEF1	1.12785322898423
DEUP1	1.12778120968283
RPA3	1.12765248422649
SBNO1	1.12696522868967
TRIM10	1.12515728799652
UHMK1	1.12353037591632
CD79B	1.12271065683215
EPRS1	1.12158126512472
NLGN1	1.12152875817706
HMMR	1.12137321163166
THOC1	1.12050464297041
CMBL	1.11903715956063
EIF2AK4	1.1170583226875
NXPH1	1.11497500365321
RPS14	1.1137286925617
RPS2P5	1.1104043040573
MEP1B	1.1097665956132
PRDX3	1.10883731080645
GMPS	1.10687010521063
TRIAP1	1.10624959137308
CSMD1	1.10587202890926
C14orf119	1.10495629004319
RPL27	1.10369296173024
PSMD14	1.10369032360263
MRPS23	1.10358964253844
MLIP	1.10272627658965
PRR3	1.10145118536108
LIF	1.10067609069535
GOLGA6B	1.09973797410737
TOP1	1.09921063575275
GMNN	1.09848664005878
MALL	1.09649538521827
USH2A	1.09475263672871
DAB1	1.09434633888971
BNC1	1.09369710900417
AHSA1	1.09181876517363
MALSU1	1.09145154935261
NBDY	1.0906246296566
UAP1	1.08815839799497
SMTN	1.0879296121768
KCND2	1.08739985705301
DCAF13	1.085616401251
ZBTB16	1.08555557686732
POLR2L	1.08473552628895
PPID	1.08456968781176
H2AC12	1.08403078756315
RUVBL2	1.08311088603871
SYT13	1.0827602800246
PEX5L	1.08241943427458
TACR3	1.08219693810999
ERH	1.08157154835778
C5orf63	1.0814677196267
COMMD6	1.08117581146146
PARK7	1.08078509083213
OR6B1	1.07994831762792
STAMBPL1	1.0781129040436
LPCAT1	1.07689105788115
EDA2R	1.0767025289205
OLA1	1.07535818006997
RBM27	1.07373536476527
MARS2	1.07086093821222
PPP1CA	1.06918472263474
ZCCHC7	1.06914365863823
NUP37	1.06619946860069
MSH2	1.06579372865152
ZDHHC14	1.06517191563653
ITGB1P1	1.06370425663989
BIRC5	1.06368717297717
SRPK1	1.06363281102386
CYBA	1.06197928319379
MAP3K20	1.06088348414646
NIF3L1	1.06033422716697
NEFH	1.05988122757957
TTN	1.05774042755347
USP15	1.05713216828417
DDX39A	1.05708222526455
EPB41L2	1.05521154805012
BTF3L4P2	1.05450619676512
THUMPD2	1.05448068444031
LRATD1	1.05398092841864
CMC1	1.05258043900239
MAP3K21	1.05195388862518
PPFIBP2	1.05136491997703
TPX2	1.05128038482931
GPRC6A	1.05032921284939
SF3B3	1.05019956804695
GPATCH4	1.05003819187434
ANKRD2	1.04780268337518
RPL22P1	1.04758249597038
CENPE	1.04664290301144
ZFR	1.04600128417317
SELENOH	1.04590300156796
IRGM	1.04541191621128
PANK3	1.0445534031939
ADSL	1.04121390534356
NOP10	1.04020094117189
GSTCD	1.03910287251369
GOLGA6FP	1.03743724041879
YBX1	1.0372511745013
RELL2	1.0365724162432
TGIF1	1.0355707429781
SLC2A14	1.03549063691839
BRINP2	1.03447008419951
CYTL1	1.0331817422087
KRT10	1.03268393615162
CBLN2	1.03229815586802
RHBDF2	1.03181057796031
CDC26	1.03136070846268
NBPF8	1.03109191251325
HERC3	1.03108473423931
SERBP1P5	1.0307259669702
CYP2U1	1.02807690011078
NOL10	1.02783671661796
STEAP4	1.02743973632141
PPM1L	1.02738325181652
TXNDC17	1.02668471288871
ZMAT4	1.02665489526914
PRDM9	1.02612962081557
MRPL44	1.02604009317863
RPS21	1.02515627332568
MDN1	1.02466018969152
OR2A1	1.02400544332472
TOMM5	1.02316089382544
ARAP3	1.02289825602077
FAR2P1	1.02121090841614
DIP2C-AS1	1.02046152304954
CALCRL	1.02023365929275
MRPL13	1.01894965337676
FAM72D	1.0182636166813
ANKRD52	1.01825728827758
EIF4A2P1	1.01640875723204
SDR42E1	1.01380894149262
WDCP	1.01346796001776
GRM4	1.01328597301569
RAB38	1.01319038162534
SCO1	1.01237258208698
RFK	1.00997316831004
HADH	1.0078910625432
TTC21B	1.00762809081233
RPL23AP77	1.00738815081782
MACF1	1.00723965029814
USP33	1.00722876857852
ZMAT3	1.00688798395753
CD74	1.00613171419391
COX7C	1.00432396422802
STX10	1.0034966247491
STOML2	1.00343207230378
SUGT1	1.00306916554125
RUVBL1	1.00225472222026
ACO1	1.0018682489165
PALD1	1.00112035809177
CCSER1	1.00064920380469
MYC	1.00047935857623
GPD1L	1.00000617206132
GTDC1	0.999896572887453
LAMA4	0.999870269190627
DPPA2	0.999803295524524
RPL23AP42	0.99939958139823
FMOD	0.998195311976528
GDE1	0.997373054967494
SLC35D3	0.996794007180005
ZNF74	0.99542892566615
TBRG4	0.99406479837919
RPSAP15	0.993402956390281
RCL1	0.992950420537727
ZNHIT6	0.992888294159472
ST6GALNAC4	0.990457535738095
FABP6	0.989261147104612
RINL	0.989122943468807
TNS2	0.988950382718137
INSC	0.988218792806069
LRP10	0.986151100296972
NDUFAF6	0.984151368210003
LPAR6	0.983632940593497
COPS9	0.983066742568861
UTP4	0.982529239527717
C11orf98	0.981546543800257
CKMT1A	0.981431484413366
TXNL1	0.981004234634674
GP5	0.980737811130702
LCN1	0.980645764730349
TM7SF3	0.97874201026845
ARMCX5-GPRASP2	0.978737318699426
TMEM232	0.978268868258228
ZSCAN2	0.977608869098433
AMZ2	0.977552821412257
RNASEH2B	0.974534741629366
ODF2	0.974118595495559
HUWE1	0.973870531156812
PRORP	0.973295673198393
INTS8	0.973054444273298
PSMD13	0.97200972746768
GSTO2	0.971622918671216
PPIA	0.97125211813302
TMEM126B	0.97092078027856
CD164	0.970604438998249
FBXL5	0.968250532131703
NLRP3P1	0.967865499213003
MTHFD2	0.967544113509274
SZRD1	0.966688265588362
CDT1	0.966480150499419
ITGB1	0.965840884270338
MRPL4	0.965358103641814
POLR3E	0.965328923085425
L2HGDH	0.9645370796918
MMADHC	0.964520027344105
SLC9A5	0.963952089459931
MIA	0.96255694643628
CDK1	0.96220830702124
NMNAT3	0.961470823132722
PA2G4	0.961447603928332
CMKLR1	0.960733603052233
ZNF593	0.960681784347466
NKX3-2	0.960567616573723
GRK7	0.960415664333402
SLC8A3	0.959679585014657
ACTBP11	0.959377181799016
PTPRZ1	0.958775297763053
MRPS27	0.957396519594092
GAPDHP37	0.956048104081911
RAD51AP2	0.954646658461466
UNC13A	0.953596840952384
NEU3	0.953541446447785
HDDC2	0.953011753558808
SLC17A9	0.951802267005419
RPL37A	0.951682506685155
ETFA	0.951599214777249
PPIH	0.95099824620795
UCMA	0.950883551469036
RBBP6	0.950484793448564
DFFA	0.949215649713467
SP100	0.948847382241957
GTF2A1L	0.948467467101127
RPL35A	0.94834406070148
ALG6	0.947934468114038
PCDHA2	0.9461810008001
ACAD11	0.945299396912713
CCND2	0.94465334035635
CSNK1G3	0.944038404800006
ONECUT2	0.943898445007723
SESN1	0.943670383948873
HNMT	0.943235906286422
EMX1	0.94228753335569
CKLF	0.941743374041375
ENPP7P2	0.941327722996091
SP110	0.941044345891018
AEN	0.940144945715163
STT3B	0.939721845684236
LRRC75A	0.939710479436608
PRKACB	0.939549770483753
RIMBP3C	0.939271510661213
SMC5	0.939202468741138
UFD1	0.939057172863
EHBP1	0.937125858854052
NTS	0.937103497421898
HMGA1	0.936945513677584
TMA7	0.936903837844711
RPL36	0.936612414822841
ZNF676	0.934847238896916
SPRR1B	0.934477893427101
TMEM205	0.933727791683207
MRPS26	0.933712218693439
ELOVL3	0.933353775330289
LACC1	0.933247796595639
LSM12	0.932068576246693
GTF3A	0.931854190855628
IVNS1ABP	0.931006684178315
PPP2R2A	0.930570747579479
ABTB3	0.930206471353907
FOSL1	0.928723418360887
DGKK	0.928409609415719
TRPC5OS	0.927856933588453
SIRPB2	0.927317742649048
RGN	0.925913803698863
DAD1	0.925824429915822
EEF2KMT	0.925067177051152
ZNF561	0.92450130500088
EIF2S1	0.923467014236279
MYO16	0.923002947471337
C2orf66	0.92280209478388
ULK4P2	0.922295210901227
FAM107A	0.921516968351856
ECSIT	0.921240988371117
PSMA6	0.921123512965921
HADHA	0.920455860284608
ZNF215	0.920437854358813
ARPC5	0.919790608938177
RPS3AP26	0.919012970497615
PKIB	0.918809756084798
SSB	0.918581122968743
SLC9A9	0.917665832662319
INTS13	0.917194438239332
ISY1-RAB43	0.916833284020155
DBH	0.916821741995625
ZNF850	0.915738157194308
TONSL	0.915679817365382
HRG	0.915516491557124
ZFYVE28	0.915400622506849
CD163L1	0.914952523752481
KIFC1	0.914933321503999
TRIM32	0.914655520943981
CHRNA2	0.913899759162529
PLXDC2	0.913746587406987
SLIRP	0.913415715604647
TOR4A	0.912912573435277
SMG1P6	0.912857872499958
CLDN11	0.912822164735515
CDX2	0.912312731628261
KYAT1	0.911849007809194
UBASH3B	0.911677270699352
CDC42EP2	0.911628579306899
SRI	0.911580744014784
CCDC90B	0.911123293436105
GREB1	0.910828188012344
ANLN	0.910361309011557
ZNF277	0.909844643458889
ZNF474	0.909600447555676
PSMA7	0.908964224786833
NDUFAF2	0.908548123950508
RPL22L1	0.90829754113954
RPS18	0.908250044279745
ST6GALNAC3	0.908143848212624
IQGAP2	0.907879094328785
RGS9	0.907830548758683
TMEM74	0.907724064179252
DISP2	0.907563087091022
EIF5A	0.906878099697233
WHAMMP2	0.906369178769208
LRRC14B	0.906326527060823
CYP4F27P	0.905423359345029
AKAP11	0.905345000107374
RPL24	0.905171962881292
RSL1D1	0.904200772781794
GAR1	0.903535830442991
GABRB1	0.902870511485023
BTF3	0.902790535985402
UBB	0.902284701459297
IGLL3P	0.901708313750579
RPS7	0.901072505460384
ZNF341	0.898600791588901
DMRTA2	0.898333242012761
UNC5D	0.898155920823867
SNRPF	0.897980941230772
MYO9A	0.897388606137043
SNRPB	0.895474479530835
EDNRB	0.895472307613622
TTC1	0.894654977515535
AFMID	0.894639716048479
FEZ2	0.894096697029027
SGTB	0.893929230833278
GTSF1	0.893702676042942
FAM3C2P	0.891816135078323
TMEM233	0.891529355006434
RPL17	0.890960485905143
PFN1	0.890520354394314
KCNQ5	0.890323605862291
SERBP1	0.889449100987606
PLK3	0.889397273171698
STAT1	0.889019655833762
CASP4	0.888504934496544
PTPN12	0.888040151499746
ST3GAL4	0.887624137845566
FRG2C	0.887438618107322
PPM1H	0.886414613112281
ICAM2	0.886043209048413
ADAD1P1	0.885528380439894
PLPPR1	0.884770797825888
STAB1	0.884384444989376
NBPF20	0.883622401202121
ENDOD1	0.882845556762873
RHBDD1	0.882003642984325
RPL10A	0.880972152699031
KIFC3	0.880733213833427
BCL2L14	0.879826810073626
MPO	0.879718221666567
INO80E	0.879515958146674
KPNA3	0.8791584652242
GAL3ST2	0.878941428937301
WWC2	0.877323924804967
PDGFD	0.877298915287207
SLC38A4	0.877177740065457
DDX54	0.876493417547022
SLC19A3	0.87572216307356
ANKRD13B	0.875702775515117
IPO8	0.875672755926255
NHLRC1	0.875664822747577
HEBP1	0.87480082552118
GRIN2D	0.874595883660358
MORF4L1	0.874240314049576
CFAP68	0.87286643035807
OR3A2	0.872797663689196
FCRL5	0.872681775783968
GLTP	0.872465138238782
U2AF1	0.872361943860204
PSMD8	0.87232740838961
THADA	0.871687710809672
USP45	0.871317505488425
AIG1	0.870853670088731
TMC8	0.870647903154727
RESP18	0.870555775748028
CYB5A	0.870475574968903
SYP	0.86945219316474
SLC16A7	0.867825549004783
HNRNPL	0.86753713793963
GAB3	0.866958433896352
TOP2B	0.866726052668349
SLC9A7	0.866081087058393
ZBTB45	0.865926997289352
GAL3ST1	0.865798947764582
PIH1D1	0.865683238533246
IMP3	0.864860096509903
UROC1	0.864759221283455
ABCF2-H2BK1	0.864351162872424
SOCS1	0.863219690847813
CTU2	0.863116849187061
PPFIBP1	0.862022913717201
RASD2	0.861757166849343
ZFC3H1	0.861117984495056
TDRD1	0.860891774311921
MFSD2A	0.860236281534294
RARS1	0.859647098200614
RRP9	0.85908831435295
SLC52A1	0.858077137692833
DDT	0.857702288116751
COQ8A	0.857628082111095
PSMA1	0.857076532505555
WHAMM	0.856965673144926
C1orf226	0.856454304378885
DOK5	0.856240111914225
CIITA	0.856159047679133
SRPK2	0.855763689484102
TPT1	0.854408943069666
TTK	0.854096900310908
TPST2	0.853936735788287
PLA2G4A	0.853607826884848
ATP1B3	0.852747891774774
DELEC1	0.852181032721773
BBS9	0.851309861541044
USP44	0.850948682957862
ZPLD2P	0.850582585762862
SDHAF4	0.850541097657239
TMEM106C	0.849076424497135
MRPS33	0.84900929151531
BOD1L2	0.848513187052028
NECTIN4	0.848372088077641
ENG	0.848291280175481
GNG4	0.848002597730568
GSDMA	0.846522029888209
CHRM3	0.845576976219707
MRPS6	0.844993344479384
OCIAD2	0.844009833274993
CYRIA	0.843529702482264
POMP	0.843431237909455
SLC45A1	0.843384746770773
RAB3C	0.842691453566484
POTEF	0.841079307292906
CELF1	0.840677503263009
CST1	0.840126489463585
CHGA	0.839242386670836
VDAC1	0.838695978529503
XRN2	0.838675403607549
HNRNPCP2	0.838640670716163
ALG8	0.837985018671241
MMAA	0.837170726632632
IMMP2L	0.83693475404883
LETM1	0.836782854345814
BOP1	0.836282210609758
H2AC13	0.835954033707738
TRIM9	0.835699972713818
MOG	0.835520715056161
ANKRD45	0.83542972560247
NAA10	0.835295857317356
OR8B9P	0.833064936179381
AFAP1L1	0.832628717139379
LAMTOR5	0.832382413618394
TNFRSF21	0.832308461005564
SPRR2F	0.832161480539553
CXCL1	0.831883431750087
PSME4	0.831540969184177
RAD51C	0.829742546611378
IRF6	0.829261717401991
TRIM16	0.828910219783829
CLN8	0.828480503266014
EIF3I	0.828286248575778
POLR1E	0.827792229134254
SSRP1	0.827588558404311
SAAL1	0.826889095555502
ARHGAP6	0.826278332102214
PPP2R5A	0.825357488201871
MYL12B	0.824606335998728
TAS2R19	0.824392060507505
LZIC	0.824208665814074
SND1	0.823228191342156
WNT2	0.821598692886437
NQO2	0.821584297284242
WFDC13	0.821287242980537
BLOC1S2	0.821115940549407
MAD2L1	0.820920753655907
ENPP6	0.820290083157559
POC1A	0.82018714272321
MLPH	0.819956708902355
FLACC1	0.819723846248199
USHBP1	0.819642815733097
FAM72A	0.819295789573472
MGAM	0.818904632033332
ZNF890P	0.81842481840845
EIF2B2	0.818311870193885
THYN1	0.816571811589936
TAF4B	0.816226462115983
HEATR1	0.815200345242148
CDK11B	0.814222126500095
KLK12	0.813745866398946
GDI2	0.813420095583739
TIPIN	0.81328055428868
CPAP	0.813012785108424
YBX3	0.812656959389455
RACGAP1	0.811706035607041
BRI3BP	0.81144811177232
CHCHD6	0.811290154857385
CYP26B1	0.810880845447011
STK32C	0.810115871020969
GALNT9	0.809833194650179
FATE1	0.809454589926836
TTC39B	0.807756672724305
ETV6	0.807578654231012
TSN	0.80741327573189
MRPL33	0.806169348015494
LRRC47	0.805467945392597
GPD2	0.80546784018001
HNRNPA2B1	0.805163712427408
UQCRH	0.805159644816439
RPS26P47	0.804837778086234
MAPKAP1	0.804378784105852
CLEC20A	0.804340984557476
H3C7	0.804237007271335
GASK1B	0.803978683570504
KCNE3	0.803728406857818
CEP63	0.803654096138638
RNASE9	0.803448413139535
TRAP1	0.803308380090823
COL4A4	0.80319157008045
PDE11A	0.802987827087265
PSMA2	0.80252642009912
ALKBH2	0.802436277738148
P3H1	0.802397513177815
OPCML	0.801763740939533
PDE4DIP	0.801596615032781
FYN	0.801366112801579
MOB1B	0.801266006498253
DEXI	0.80101843486807
EEF1A1	0.800904863795627
RPS15A	0.799839130590841
GRIK2	0.798581479057893
SLC12A4	0.79851245209353
PLPBP	0.79828000404384
PPIL1	0.797873492379819
TNNI3K	0.797585678041296
LSM6	0.79752041934867
NDUFA13	0.797349940695792
PRDM10	0.796702444914321
PREP	0.796460225065245
EIF3D	0.795375389009639
PF4	0.795329004289945
VMP1	0.795071211268378
RPUSD4	0.793053283034981
NOPCHAP1	0.792709033083926
CNRIP1	0.79261782581818
BCAP31	0.792593908294797
METTL2A	0.792552699314002
NF1P11	0.792404411659178
RASL10B	0.792396507120785
SDHB	0.792272898436631
CNTN1	0.79207329838115
AMZ2P1	0.791982776035945
SERPINC1	0.791353044415133
RPS24	0.790416570330675
PPM1F	0.789835472335045
TEX13D	0.789457035700334
LMO7	0.789423409634036
DAAM2	0.788977529481041
EBPL	0.788321298961301
SYN1	0.788264165956141
FLAD1	0.787602464670806
SLC39A10	0.787553742993237
RALA	0.787473067691481
NAP1L6P	0.78699964370414
SLC22A23	0.786735291183718
PIP4P2	0.785859352775558
PMS1	0.785067980440426
COMMD10	0.784957887984945
RAB11FIP5	0.784721576590423
EFL1	0.784235542792279
DYNLT2B	0.783559176747869
ASCC3	0.783468543522874
MOAP1	0.783254877056121
SGCZ	0.782692275084234
ARSJ	0.782585911389012
LIMA1	0.782485526894029
SPR	0.781744873672438
ABCE1	0.780755044262347
OLFML2B	0.780644900393132
EIF3E	0.780317781322148
KRT10-AS1	0.779704228485788
CD40	0.779557661028855
SYNGR2	0.779016064723475
HNRNPCP4	0.778913699461806
NCAPD2	0.778640985898506
TRAF3IP2	0.77832401347808
ELP4	0.77824735044655
DNER	0.777237765724276
GLO1	0.776678491400716
GFPT2	0.775132504053651
BTN3A1	0.77452177261003
GPR155	0.774355548889256
NUDT8	0.774315310047281
CIB1	0.774160290537533
RPS5	0.772977165964252
ECSCR	0.772730071379911
SEC24D	0.77272377448459
EDA	0.771264353887156
NOC3L	0.77122192359116
CLPP	0.771022295893992
EIF3M	0.770587447719709
CCT3	0.770288088627099
SAMD9	0.769970849570437
RAB5A	0.769326049930687
GXYLT2	0.769306998625025
ANKRD44	0.769206063622586
BTN3A2	0.768961257668737
LMAN1	0.768750304859158
HSPE1	0.767117239063395
ASB1	0.766601473889188
DYM	0.765843063213102
CFHR4	0.765778161868461
GLRX3	0.765676644112305
MTFMT	0.765146964766675
TRGC1	0.764385265509496
GDF1	0.763705212549393
MTPN	0.762851635772387
UBLCP1	0.762567995033043
CFP	0.761980851507193
TLE7	0.760913207166125
SNX10	0.760863171267533
ZNF436	0.760821578878356
RFC1	0.760623341596557
MAPK13	0.760479043979165
LONP2	0.759599282005497
MSH3	0.759369916308878
WASF2	0.758919754554691
SNRPA1P1	0.7586532955404
C22orf15	0.758561550912759
ARX	0.75714466041344
N4BP2L2	0.756847339855887
EPHB1	0.756569408303309
EIF4A2	0.755848675881055
PDZD4	0.755481708444692
COPS3	0.755359650591796
RPL34	0.75440568473581
SH2D3A	0.753891117002973
ATIC	0.75388749293706
RPL36A-HNRNPH2	0.753546162870195
NCL	0.752951346354217
MGMT	0.752866891129948
NCBP1	0.752506391119228
ITPR2	0.752148996218529
ARHGAP29	0.752006949356324
ZNF221	0.752004885459986
CD320	0.751139609790665
RAB1B	0.751046850868654
RAB3GAP1	0.751033546243195
METTL8	0.75099673908527
MRPS10	0.748864413284907
KCNJ2	0.74879328117505
HIKESHIP2	0.748378191534836
GMDS	0.747953181100408
DPAGT1	0.74791037533579
SLC25A5	0.747252077623679
LYG2	0.747083513203805
LAMTOR2	0.745956453089824
OPALIN	0.745880202877693
EFHC2	0.745719956210039
TEX10	0.745607458955668
TECR	0.74477786320444
EHD4	0.743395964534046
COQ2	0.742599331005043
NANOGNB	0.7425923982184
ANKEF1	0.741909740572197
STXBP1	0.741525074294255
SAMSN1	0.741349273858842
MIOS	0.741342475929903
ZNF816-ZNF321P	0.74105444101754
GGCTP1	0.740939440172097
TOMM7	0.740450268697585
RPUSD3	0.739685825859868
CAB39L	0.739221948960167
RGS3	0.739146618139954
PHF5A	0.739136216391547
POLE3	0.738424907636397
COL4A3	0.738224828446254
GJC1	0.738210309880631
SFT2D1	0.737926477613699
IMP4	0.737836542002603
MTERF3	0.737521695530056
GRAMD2A	0.736513706310334
HPCAL4	0.736183131583168
CDCA7L	0.735936680174403
CPA6	0.735058226243047
MAGEA4	0.735032002713557
IFI30	0.734631719503005
AAGAB	0.733874025524281
TGFBR2	0.733760921875906
GRHPR	0.733624524716021
VSIR	0.733196749486515
TIMM21	0.732623051232918
PPP1R15B	0.732497145857199
ELAVL4	0.732496274538635
NUDT9	0.732429325016278
SRP72	0.732400455955884
CEP85L	0.731703043889436
GADD45A	0.731380745753038
TMEM245	0.731176418607516
SNRPD2	0.730682255470876
RPS19BP1	0.730594243541231
MYH11	0.730591223864241
HLA-H	0.729801579008774
CDRT15P3	0.729792014580167
LYRM9	0.729470531132371
IFT25	0.729074579486754
SERGEF	0.728839563570457
RHOD	0.728821479813426
TFRC	0.728742151449019
CRKL	0.728606451552907
PLK4	0.728165961636224
NIBAN2	0.727931581553813
PTGES	0.727831486012431
AMPD3	0.727635629466958
LCN10	0.72709080431206
DPYD	0.726040157561611
TUT7	0.725189560365227
H4C2	0.724516427885211
EOLA1	0.724066010692055
CPSF1P1	0.723328107318235
DNM1L	0.723093508777832
TMEM229B	0.723071673543958
AAR2	0.722868695902331
GTPBP4	0.722387380877915
RPF2	0.722211155828749
CCDC144CP	0.722163557535206
SYNPO2	0.721448860045252
PPP3CA	0.721395948232432
RPS27P4	0.719356954842602
PSMG3	0.719229881002314
PTGFR	0.718832851893086
PSMB1	0.718216013365887
DORIP1	0.718085091789159
POLB	0.718023949991099
PCBD1	0.717920268750439
TMEM196	0.717671157190388
ENOPH1	0.717496062066585
FIS1	0.71723389864867
ITGAE	0.71646724697112
GNG12	0.716457946523673
GPC6	0.716423355787441
DCP2	0.715732204985545
TOP1MT	0.715182206303367
DENND2D	0.714958406784392
TCL1B	0.714921193017007
NKX2-6	0.714805426788122
SCFD2	0.71480265260964
TUBA4A	0.714713809876762
FAF1	0.714664079532151
ADAM28	0.714281985161308
PROK2	0.714224002516184
GRIA4	0.71395261849869
NFAT5	0.7136056534282
KIF2A	0.712378505139376
BCLAF1	0.711724320082855
DLX1	0.711438364590781
NPM1P39	0.711205913599032
GBP1P1	0.710861335872528
PPBP	0.710856108869404
UBE2Q2P13	0.710833336588523
PRSS12	0.710466413699533
HPRT1	0.710438462777369
GPR3	0.710232024384774
AKIRIN2	0.710127369491687
CDC42	0.710123219953209
GTF2A2	0.710065989442487
NBPF11	0.70992487688642
SNTB2	0.709600375729456
ARB2A	0.709554016535208
RIOK1	0.709284653452938
DPF2	0.708817214739137
ELP2	0.708472303003108
DPH5	0.708255964749309
SH3D19	0.70825578264503
BOD1	0.707780801445988
NSG2	0.707611770991123
GPR63	0.707547190300431
PSMA4	0.707366817463597
DUSP23	0.707309823836964
CKAP2L	0.707283670235344
RPAP3	0.707233343312326
BGN	0.706987161104516
TBC1D2B	0.706944629855958
TOMM70	0.706279297833597
H3C12	0.705439853807653
BMP8B	0.705182979173508
GCK	0.704828292396854
CAMLG	0.704187069020746
TAFA4	0.704126287695946
SMPD3	0.703484951927226
PTER	0.703155334998744
PIGR	0.702997562081738
MRPL11	0.702842715443623
CHCHD3	0.70241666240539
TPTE2	0.701523414743971
PAK1IP1	0.701117508063835
MRPL36	0.700919488097413
SPATA16	0.700746507925128
LYRM7	0.70072829912375
ATG12	0.700577626494191
GOLGA7	0.700366796067776
ACTG1P3	0.70033912142769
OR52A1	0.699639947045754
PTPN20	0.699063908117169
PES1	0.698893771844314
ARMC10	0.698104898240268
TTYH3	0.698029479270538
CWC27	0.697545817163721
ZC3HAV1	0.697442211518391
DST	0.697378540285056
FOXJ1	0.69723842617759
CCDC141	0.697117296841425
MRPL50	0.696210315068686
LSM11	0.696014644881869
TOMM22	0.695341989152156
OXSM	0.695056021160056
TMT1A	0.6949048596497
POLR2D	0.694695888969266
SAMD3	0.694438079993647
MRPL1	0.694148845781802
RAPGEF2	0.693972947749403
RPL7	0.693609819220212
MORC2	0.69338750271485
HNRNPKP1	0.693043804038689
NDUFB6	0.693025077881132
HCLS1	0.692895171455487
FXR1	0.692671156661519
SNX3	0.692546680519295
PRMT1	0.69229907513287
ZNRF2	0.692034490541212
CKAP5	0.69141206159495
FBXO5	0.691263575341101
CADM2	0.69113154325655
RPS3AP6	0.691047888227186
RSL24D1	0.690738794951721
LSP1P4	0.690302473443449
COIL	0.690065781530334
PELO	0.689341466810796
ZPR1	0.68933171174543
CEPT1	0.689310243215892
MRPL3	0.68925986563235
SARDH	0.689028411131484
MANEA	0.688674186923143
TMEM45A	0.6876699962793
IGSF5	0.687532837613444
B4GALT5	0.687498371211956
BMP6	0.687286767775611
ARHGAP23	0.686956194683993
RAD21L1	0.686818623809233
SVBP	0.686492636381466
FOXO3	0.685982278715262
ITGA4	0.68596609502145
EIF1AXP1	0.685526556128266
AP2S1	0.685368555396501
BAG3	0.684641453487163
FBH1	0.684582302038336
STEAP1	0.684555371401501
HSDL2	0.684211798473848
YWHAE	0.683933876741252
CSTF3	0.68392213512214
DNAJC1	0.683825402866761
NF1P8	0.683258920113716
PROK1	0.683146943394694
FAM13A	0.683084269179804
COMT	0.68271077113923
CTU1	0.680979095646773
FAUP4	0.68092430452043
BECN1	0.680423339416238
MRPL51	0.680059993450297
SARNP	0.679969295845478
ALDH8A1	0.679640647734424
DYNLT1	0.67948483161675
MRPS34	0.679173055910311
GPX1	0.678721493680708
SLC39A4	0.678669558223169
NUS1P1	0.678666184116253
WDR82	0.678413425111876
CLIP2	0.67800051843723
BEX5	0.677947288568931
ECT2	0.677503907007735
TUBA1B	0.677473718002144
NOA1	0.676834979091675
MRPL42	0.67674390294775
DEFB133	0.676153832693636
NRN1	0.676047997684231
TMC6	0.675739951356569
KANK1	0.675490986244096
LCP2	0.675365152841237
UTP18	0.675220811921132
SLC35C1	0.675197635259183
TMEM160	0.674905096269669
MYRIP	0.674643942196557
PSMD1	0.674421077549711
ITPR1	0.674265698224751
CORO1B	0.673724033434677
SRGN	0.673519819654296
CAND1	0.673468589260888
PRKCI	0.673272020543695
RPL21P28	0.673227174731464
RASA3	0.67316018588469
MPHOSPH6	0.673138109157921
NFKBIB	0.672915787798311
NCMAP	0.67282765749597
AHSG	0.672559491510219
EED	0.67192728806348
TMEM183BP	0.671587841696768
SCRT2	0.671518354969047
ERGIC2	0.671181946618768
MYL12A	0.671038928174566
KHDRBS3	0.670790212660221
IL7	0.670647880736092
KPNA4	0.670262404200207
SLCO1C1	0.6698462317507
MEMO1	0.66959590790519
AP3B2	0.669547950491419
TMEM68	0.668984155076507
ME2	0.668686792276406
DIO3	0.667554477461499
PARVB	0.66745490286536
NBEA	0.667364655676643
AFF3	0.667147519893244
MTHFD1L	0.667134317411
UQCRFS1	0.667128827575193
PDSS2	0.666956786444734
NUP35	0.666946840788113
CCT8	0.666335543033828
SLC9A2	0.666326374545896
VWA3A	0.666224839881209
MZB1	0.66615300647729
OST4	0.665663361646348
RWDD1	0.665323458285097
SHISA2	0.664686417441636
LANCL1	0.664671344770355
DENND1A	0.664365806801047
SNAI2	0.664159957428232
RPS6KA1	0.663711892799825
MCHR1	0.662991086127617
PTPRG	0.662666905108837
ARL3	0.66257431992114
PLEKHA3P1	0.662219189135691
PSMC2	0.661756622685911
EXOC4	0.661090476688073
LRP11	0.661058440896067
SLC7A14	0.660949994176034
TTI1	0.660829648841232
NMBR	0.660593955848677
TRIM59	0.659974818764552
REV1	0.658897382162834
PCDHA11	0.658593896510153
EAPP	0.658592905193763
BCHE	0.658062052017594
CDK9	0.657882751263496
ZNF483	0.65768913611961
OMA1	0.657547351768999
SLC33A1	0.656927925978008
MRPL37	0.656635990573388
TERF2	0.65644865866698
AKAP17BP	0.656376063307219
NCF1B	0.656267602693022
MANSC1	0.655906643104312
PIGH	0.655660087949276
LDAF1	0.655618354381976
ITCH	0.655593022107995
HJURP	0.655571730361438
PTP4A3	0.655433524205287
GAS7	0.655162805512388
CPEB4	0.65490071626659
RAN	0.654726058659251
VASP	0.653766951975586
HMGB1	0.653553704435806
SEM1	0.653429012247111
MYRFL	0.652974901309053
USP28	0.652313065318578
ZNF593OS	0.651870599076023
HCN3	0.651690644083983
PRKAB2	0.651647509031468
DAZAP1	0.651592767715763
ESD	0.651562673942662
RASSF9	0.651396731828635
DHRS7	0.651263800972675
PGM2	0.650537073311986
ATP6V1G2	0.650470368669161
LSM3	0.650461809484794
RAD18	0.650083236153425
NUTF2	0.650063171184174
ACTR3	0.649849286531303
TNR	0.64960259443543
PLEKHF2	0.649575426148265
ACD	0.649497658813657
MCU	0.649368599851347
EFCAB5	0.649179246851238
TMEM14C	0.649142986158566
COX10	0.648984862928543
P2RX5	0.648028503463003
DNAJB6	0.647900048926793
MEIOSIN	0.647885083888439
GSPT1	0.64785774203357
BTN1A1	0.647725394265605
MAP3K11	0.647589749481388
SDAD1	0.647559691117682
GLRX5	0.647345937730399
NXNL2	0.647293755030323
PSMB6	0.646823244425164
PCDH11Y	0.646647221915767
GET1-SH3BGR	0.646235401250441
SAMD13	0.645781993297833
DKC1	0.645569416253713
CNGA1	0.645422795179824
LTV1	0.6441394312026
SEC16B	0.644097164978495
PPIL6	0.643447313935367
RNASEL	0.643188752177496
ZNF672	0.642722063004063
JSRP1	0.642163782859918
TMEM120B	0.641935592152651
AHI1	0.641787004411897
MOB3C	0.641288250372019
TBC1D28	0.641041636853334
FHIP1A	0.640867207663724
CDKN2AIPNL	0.64080999788858
DEPTOR	0.640108426498922
MUCL3	0.639916546196908
SAMM50	0.638991289212239
VAV1	0.638777407334331
NKX2-4	0.638748223635035
MANBAL	0.63871052225248
SPAG17	0.638564035194732
BRIX1	0.638437162168966
HNRNPH3	0.637969196317631
RBMXP4	0.637893124490626
PKHD1L1	0.637804014279064
AZGP1P2	0.637574656840301
OR2T8	0.636485613596156
LDB2	0.635837480053792
PIWIL2	0.63536674456759
ERVMER34-1	0.635351657045677
MBIP	0.63530453471192
GDF6	0.634983627447365
STN1	0.634974770708221
SLC18B1	0.634658647394388
SLA	0.634473689003219
RANBP17	0.634334278107773
MRPS24	0.634099121336964
UBE2D3	0.633828030720516
CHMP7	0.63372520900245
IMPACT	0.633624657236
PGM2L1	0.633267458952996
MAP4K2	0.632920869691114
SPAG9	0.632194804685632
FAM83D	0.631703839575542
WDR89	0.631651177267588
KRBOX1	0.631604334726653
RAB32	0.63132059059365
ST20	0.631247449940589
SLC66A1LP	0.630888632204309
TRGC2	0.630440132190892
TCAF1P1	0.630390550140482
POLR2F	0.630290687366988
TEAD4	0.630255547779461
TCP11X2	0.629889292295246
RRAS	0.629684226359607
ACAA2	0.629388680234931
KIF20A	0.62932125793805
SUCLG2	0.629019322471839
IL1RL2	0.628669546361596
ACOT7	0.62831586969377
FAM151B	0.627933010648739
TOMM6	0.627657923933287
SAFB	0.627311241220533
NDUFS5	0.626464161087073
RIDA	0.625305382225143
ARHGEF1	0.625214250835439
INKA1	0.625121587623944
RHOA	0.625048479888751
ST13P2	0.624935696224786
PSMD7	0.624513749426696
CCNE1	0.623989598136252
XPC	0.623970111608426
FGFR1OP2	0.623480544303519
MELK	0.62306421104669
PDE12	0.622931346574604
UBOX5	0.622747773360257
PUSL1	0.622665510529518
EI24	0.622537081841165
FOXN2	0.622506454975598
UBA3	0.622330695006139
CXXC1	0.622155144657885
C1QBP	0.622104558115933
ATP6V1B2	0.621976630095853
POSTN	0.621961964232371
JAKMIP2	0.621707193140353
KLHL2P1	0.621563083447808
GABRB3	0.621201644200763
ULBP2	0.621068071996608
CDC27	0.621044888510081
PLA2G4C	0.620945186344007
PSMD6	0.62072552367523
MID1	0.620561050935182
WRN	0.620421445696041
UCHL5	0.620367597236329
ATP5IF1	0.619949226149156
PMS2P1	0.619837786655007
CHST1	0.619643302797922
H3C3	0.619634769143221
TPP2	0.619341766347139
TRIM14	0.619325749185803
PSMD3	0.619279799629623
ERICH2	0.619140568039131
ATP5F1A	0.618659762602158
WDR33	0.618441379248964
ALYREF	0.618067297374619
NUDT16L2P	0.617761911453411
ALDH1B1	0.6177339392036
GLB1L2	0.617728877702451
FLI1	0.617608509720996
TNFRSF10D	0.617364884028756
AKR1A1	0.617335956324633
NDUFA1	0.617319034504693
FNTB	0.617296036333862
COPS7B	0.616978407563591
SSR2	0.616967813475831
PTGER3	0.616301271158626
JCAD	0.616298924445202
UHRF2	0.616287401684909
GABRP	0.616056633995505
LMBRD1	0.615641245343653
ALS2	0.61513863904035
MRPS31	0.615121236674914
FAM169BP	0.615036572141093
VPS26C	0.614982779023011
ATR	0.614932850823129
OSTC	0.61465113831664
MRRF	0.614596044755125
CTR9	0.614338486742351
RACK1	0.613951041026954
SAV1	0.613877675381348
PRIM2	0.613818643500057
USB1	0.61367547787523
ADPRM	0.613561426591569
TIE1	0.61335187284179
NUDT4	0.613222436118196
TUBE1	0.612524219902127
SNCA	0.612465190406171
SEMA3F	0.612440948626354
PSMG4	0.612379497289663
ZNF330	0.61183814943214
PPIB	0.611544441485425
ARPC2	0.61141442056368
C19orf53	0.610997109414811
NDUFAF5	0.610607483784385
OVCH2	0.61058366370892
EPB41L4B	0.610559232995914
RPL12	0.610149568507484
GFOD1	0.609694578404112
SLC4A7	0.609448126182058
CAP1	0.609289342253519
APP	0.608773631428861
HNRNPA3P6	0.608266060887639
MEIG1	0.608170963250145
AMD1	0.607471378613568
PNRC2P1	0.607410846815664
RABL2B	0.607172138414636
TNFRSF1A	0.607160021797002
PSMB8	0.606086228047921
ASAH1	0.606006156919901
STEAP3	0.605326178397356
STX4	0.604800114462934
HMGB1P19	0.604493547396132
AMOT	0.604457837704666
HS3ST1	0.604201604908282
POLR3K	0.604152503429678
ACTN4	0.603652393293136
RUNDC3A	0.60287212990318
CHPT1	0.602727528139825
ERG	0.602699753695739
EDEM3	0.60267136734393
ANKRD34B	0.602666107680418
SMARCD2	0.602277779546064
HPS3	0.602236703204761
CUL3	0.602007020945544
SCIN	0.601986948032603
HOXC13	0.6017635805213
IPO7	0.601593645493375
COX17	0.601330202076963
WBP2NL	0.601178873194421
ADH6	0.60069705566928
UBALD1	0.600287961335186
TFB2M	0.600245660388318
ERP44	0.60017943334141
PNPLA5	0.599937425621439
PINX1	0.599630761896454
PRPF4	0.599505648194666
NFE2L3	0.599415583622872
ACTL6A	0.599356367640804
CYRIB	0.599179034663651
MKKS	0.598862242806258
PLXNB3	0.598714323175853
ABCA17P	0.598611387081518
LINC00674	0.598416837983215
LGSN	0.598308429407724
GMPSP1	0.598108307618656
PLCB2	0.598003062679472
DHPS	0.597897212262494
NELFB	0.597815359720788
BUB1B	0.597770175065779
TPMT	0.597737579620136
HARS1	0.59747736454604
L1CAM	0.597467151821349
NAA15	0.59732440319259
EIF4E	0.597237209725081
OR2A9P	0.597196470835685
CDCA5	0.597194426150401
FRA10AC1	0.59714457063122
RIN1	0.59694884461355
LIPJ	0.596928217816417
RBX1	0.59628297204673
UBAC2	0.59536139301007
IDS	0.595044482912118
RIPPLY2	0.595041675002505
PNO1	0.595034967725052
CBX5	0.594546356885803
TCF15	0.594325783545684
KITLG	0.594294994737229
NOP9	0.594259047075389
IFITM2	0.594081340035365
TMEM241	0.593946569384961
PABPC1	0.593826990238869
SH3YL1	0.593538155859035
SCN2A	0.592955041964716
TTC23	0.592722590119282
YIF1A	0.592561046444114
PUS1	0.592516632642169
GPS2	0.59244732976469
FPGT-TNNI3K	0.592276429155636
STXBP5	0.592234285116202
DENND11	0.592228128718585
CXCL5	0.592198872080787
RAB8B	0.592117912220563
RLIM	0.591919043863447
RPL32P29	0.591590434509383
CEMP1	0.591511597803459
YBX1P1	0.591441056688597
NTHL1	0.590512640188016
DIP2B	0.590505199796723
SH3GL3	0.590503392823449
MOV10L1	0.590296826836631
HPSE	0.590227439893609
MAP9	0.59021205239835
ETFDH	0.590144150491509
ANTXR2	0.590078386696106
PKP3	0.589935376323487
BMP8A	0.589721209214179
CARMIL1	0.589657789738485
ELAC2	0.58939713207586
RPS6	0.589339653702411
EHD3	0.588946950077218
KHDC3L	0.588777818727294
CRLS1	0.58855311643246
RASAL2	0.588402871757968
ADRB2	0.588361208338369
SNRPC	0.587656827918764
RPL36AL	0.587344616728154
SF3A1	0.587228000229392
BLM	0.587070853878394
TMED7-TICAM2	0.58674713060796
BUB3	0.586614371264103
FUT9	0.586434064695723
ARPC1B	0.586333468662944
RNF26	0.5863090424564
EIF2S2	0.586299922728211
TMEM26	0.586209335413049
WWC1	0.586142862465746
GINS1	0.585916690755388
ADGRL4	0.585873237007311
ZC3H12D	0.585700749051415
CCNA2	0.585562062756726
SMPX	0.585549550045695
ATG101	0.585510246976605
ARID3BP1	0.585352119686135
IL12B	0.585100538640739
CRYBB1	0.584949076004715
BUD31	0.584813332320575
CETN4P	0.584568052353691
PPIAP22	0.584557440748529
PCDHB5	0.584358699302864
SORCS3	0.584022715789044
SPRED2	0.583295425588338
FDPSP8	0.582952623082934
SEPTIN10	0.582940730190074
ARFIP1	0.582776561457108
CDC37L1	0.582539733747633
NCAM2	0.582536536153381
HSP90AA1	0.582506723786397
WWC3	0.582242831431065
APOBEC3C	0.582222011866361
TMEM147	0.582148598438934
VN1R51P	0.581731586151723
GALNT14	0.581609894445578
DNTTIP2	0.581100162461778
TSEN15	0.580990082622103
LARS1	0.580944837795297
GRK3	0.580742046884232
APAF1	0.580719953161072
HYLS1	0.580498412163756
B4GALT1	0.580390544322952
LGALS8	0.579778032269724
CYP4F2	0.579709175502608
ASB3	0.579690012975305
SEPTIN14P12	0.579350486371161
ACTR3B	0.57872409507047
GRAMD2B	0.578342219505887
RPS27AP16	0.57807043482047
VAMP7	0.578060336198358
ZNF256	0.577852707434578
GSTA2	0.577668866609743
TPT1P4	0.577345840696957
FAM83F	0.577306163090524
SMC6	0.577054890503402
ANKRD20A7P	0.576878450470323
SBF2	0.576873512845512
TNS4	0.576581018023159
PUF60	0.576500338188021
HMBS	0.57639836306216
LRRC1	0.576288117165978
NCOR1	0.575884268859357
TRAPPC12	0.57576614879469
NAT2	0.575159868792225
YOD1	0.574951126184278
CEP83	0.57488736530281
TUNAR	0.574855405632289
CSE1L	0.574768431495775
ULBP1	0.574745368214155
CORIN	0.574570453504618
HCN1	0.574236895939088
STXBP5L	0.573795397100726
IL1RAPL2	0.573703818745987
C16orf46	0.573440187522335
OTUD6B	0.573309010794316
GPR6	0.573297049505576
RPIA	0.573294660806697
MRPL2	0.573274126907803
NOB1	0.573141322346792
S100A16	0.573085071800586
LYRM4	0.573051829721369
RASGRP2	0.572519001881735
PHF24	0.572450741588346
EEF1A1P16	0.572191896212472
GRIA3	0.572023537161215
NDUFS6	0.571775441517365
OXR1	0.571668204161369
SAMD8	0.571386392592584
RNGTT	0.57109683203263
ANOS1	0.570814405892371
ITPRID1	0.570375256582087
COQ3	0.569608965244576
TMEM187	0.569427561505966
PARP8	0.569207268300381
NEK2P4	0.568842175416737
TBX18	0.568836695072833
GOT2P2	0.568746281836457
KLRD1	0.568505121300406
TBC1D7	0.568373369502843
DISP1	0.56832145364094
SMC1B	0.568300848611257
APC	0.568229383284778
ANAPC15	0.568107683006999
ENPP5	0.568090649526259
EIF5B	0.567904723587057
TPTEP1	0.567827757290757
OSM	0.56725076348522
EIF4A1	0.567227204799834
PPP1R2	0.566550311848367
OTULIN	0.5665350443338
NEUROG2	0.566253508702745
CRCP	0.566176725103443
ITM2C	0.566101879166068
HECA	0.566043644305809
MUC12	0.565687528389849
LAPTM5	0.565540287418752
MRPL54	0.565539097464893
POC1B	0.565194912145932
SEMA3A	0.565033649200683
MPHOSPH9	0.564745041770804
LAGE3	0.564641457564332
ATP4A	0.564630896299711
CLEC14A	0.564434900181209
PSMC3	0.564429477658055
FCGR2B	0.564138040529778
ST8SIA5	0.563608074470985
MECP2	0.563572446550472
NKX3-1	0.563238272042634
ITPKB	0.563222799153855
PCNA	0.563036825343985
HADHB	0.562894509306902
CLP1	0.562162509038262
FUBP3	0.562114078190326
MUC19	0.561988943732963
RALBP1	0.56157827104434
COL24A1	0.561450864255224
LRIT3	0.561226027445926
EBAG9	0.561079099101999
PAPSS1	0.56089338726747
ACSL6	0.560885853458351
MICOS10	0.56073999485619
NPIPB6	0.560568076956629
PARP4	0.560417662270461
CIP2A	0.560261188298213
NOL4	0.560075256874669
ZSWIM9	0.559987996148815
GPN3	0.559748235272154
ENTREP3	0.559586881003048
ATP23	0.559474470441764
POLR2H	0.559434874222737
CKS1B	0.559098565688979
OIP5	0.559002473617515
HTR1B	0.558951700950493
MRFAP1	0.558775463505182
MLH3	0.558716250510741
PPP1CC	0.558507708286641
NPFFR1	0.558427807276511
EEF1A1P5	0.558305641310566
EXOSC5	0.558116736342387
ZNF23	0.557929115261148
PUS10	0.557906003162523
RPS7P1	0.557881154341886
SAR1B	0.557476876197619
KIF14	0.557322625904053
LAMTOR4	0.55661098812074
PDE1C	0.556517645290816
H2AC7	0.556090307736347
ALMS1P1	0.555919942723232
SLC25A53P1	0.555647043298542
PHC1P1	0.55533748220306
CMSS1	0.555130959843899
HERC5	0.554713143420425
ZNF787	0.55453784102363
AK2	0.554448886650901
EXOC6B	0.554323078446337
CCNB1	0.554099682024885
NEIL3	0.554005207718414
RCN3	0.553499710223907
GPX8	0.553256335997492
RAC2	0.553239484370053
RPL21	0.553104025088894
ILF2	0.553021751721801
GGH	0.552937103564338
ETV4	0.552826632974553
ZRANB3	0.551818887445016
POLD2	0.551755421017353
FAHD2B	0.551567573980023
ARG2	0.55156604945664
RHEBL1	0.551494957720028
FAM118B	0.551083126631958
SMC4	0.550971496584989
FRG1JP	0.550899068240586
TRMT112	0.55084294489236
PARLP2	0.550769452492062
WDR12	0.550474351926763
NARS2	0.550119415627902
RUNX2	0.550024785941576
PTH2R	0.549963793179247
TMEM31	0.54988242765484
MRPL22	0.549865996185568
SMIM20	0.549750970816943
INPP4B	0.549639522897301
GALNT2	0.549636862151396
KBTBD3	0.54963616652995
FGF13	0.549490366363974
RPS3AP5	0.549270774691619
RPL35AP20	0.548993140462942
SST	0.548766535235194
PARD6A	0.548556228548468
RNF169	0.548449519342198
BTBD7	0.548223554534915
SLC30A7	0.548033720481367
MRPL49	0.547708343800039
TPM4P3	0.547567247604461
SKIC8	0.547543477928374
BBC3	0.547444918125261
RNF128	0.547298452208854
SGMS1	0.547293153626757
METTL2B	0.547275835194317
GBP4	0.546942934229598
GPR160	0.546668588162049
CD72	0.546290986120661
ISCU	0.5462409397234
RIBC2	0.54623306979478
PAQR5	0.546003684404915
GAN	0.545928548358584
RAB39A	0.54550081858959
FANCG	0.545364971252736
ATXN10	0.545303194697661
TNPO1	0.545299199212469
GOLIM4	0.545192617581496
CIAO1	0.545188634485094
NAA20	0.545007501364383
ZNF541	0.544801080037978
WHAMMP4	0.544465634500915
MSRB3	0.544374888157995
TRIM55	0.544328561157515
RNF180	0.54428088804757
CENPX	0.544272894836402
UST	0.543952413778993
SORD	0.543874722790928
ADGRB3	0.54370614024657
ZDHHC19	0.543522762263082
ZBTB8OS	0.543473652425003
RIOX2	0.543472623121216
CXCL3	0.543318707904486
CAAP1	0.54309210232577
HNRNPAB	0.542784604061728
TLCD4	0.542603070361354
KIF18A	0.54243574396011
YWHAQ	0.542358050652987
NBPF9	0.542281938870513
TWF2	0.541910991544598
PYCARD	0.541674109351021
SFRP2	0.541594110752722
LRRC42	0.541255615863335
RTL9	0.541163874109804
ADAM9	0.541001813200664
VSTM1	0.540847793958308
ATG4C	0.54050679064536
HSD17B4	0.540494464647795
LCE1E	0.540469038415406
PRDX1P1	0.540407843099863
DNAI3	0.540290505884969
ALG3	0.539664957967073
ZNF404	0.539621776139127
STK17A	0.539598581292483
COL5A2	0.539335629810988
EXTL2	0.539056953175107
PFDN4	0.538679024890173
LSM10	0.538258937557805
GORAB	0.538128047607053
GOLGA6L17P	0.537599584440175
CCR6	0.537580005623913
TCEAL7	0.53748412193247
AKNA	0.537176717560262
LRRIQ3	0.537087554915413
CDK11A	0.53707067980571
GCNT2	0.536746968086697
ASB12	0.536706635838394
KDELR1	0.536637549009717
GNPAT	0.536220539585287
DLAT	0.535435244558262
PABPC1L2B	0.535325252203615
NHSL2	0.535269255490472
YARS2	0.535054527848037
RPS9	0.534834139378326
ZCCHC3	0.534758541298383
CPS1	0.534423062021961
L3MBTL3	0.534292273784737
NPHP3	0.534278199833865
FKBP11	0.53416493751893
LSM12P1	0.533972998628009
TXK	0.533889766396421
ZNF503	0.533817711200492
ZBED10P	0.533721515971244
HDAC2	0.533511287033018
PPIE	0.533508099198366
RDH14	0.533461157036311
GPBP1L1	0.533392436555632
FRMD6	0.533263436119018
TRPA1	0.532387673419212
PTPRC	0.532312423767416
SLC22A5	0.531934965845412
DNAAF11	0.531689226601399
ANP32B	0.531612398345374
CYP2C19	0.531562009735923
C15orf39	0.531468811927777
IGFBP6	0.531203823748463
VAMP3	0.531020227209809
GRIN2B	0.531002534152251
RPL12P42	0.530439916221984
CLC	0.530317747916865
TMEM258	0.530288160171931
KLF9	0.529788921056576
AFTPH	0.529200688944533
OR52N3P	0.529089221632491
GPR39	0.529023750647539
EBNA1BP2	0.528453986085131
RFC4	0.528254664173217
MCF2L2	0.527910607612535
CRIPTO3	0.527851291974669
RGS22	0.527849523647966
CEBPB	0.527838022077092
SPCS3	0.527800476512846
MRPL16	0.527787090075678
MRPS22	0.527693202596685
CTSLP1	0.527570749247497
MRPL46	0.527438187940817
SNX31	0.527423440341302
ADGRF2P	0.527392485794477
RHEB	0.527286147948585
FUBP1	0.527017187024762
ZFP42	0.526930667335774
CCER2	0.526396987818782
KLF2P4	0.526379452869768
IWS1	0.526355277995769
ABRAXAS1	0.525856529762481
COX7B	0.525604858182811
TP63	0.525577648261576
CHKA	0.525262178079438
CNOT2	0.52448352462237
C2CD4B	0.524380356333364
UNC5C	0.524295609918944
CDHR4	0.524203143004957
AGBL3	0.523540692827752
MAT2A	0.523104428417935
LYRM1	0.522657716707867
GCDH	0.522637867587347
TUSC3	0.522596603876166
SLC43A3	0.522536696557558
GPAT4	0.522322230972389
LRRC61	0.522303335056686
FOXF1	0.522273414617041
DCP1B	0.521651068690742
ITPRIPL2	0.521528628802031
SNAP25	0.520958240673082
NUDC	0.520792888011608
XKR3	0.520517349310912
NT5C2	0.520309885350851
NPR3	0.520216402137077
PATL1	0.520212604341881
FAM228A	0.520159325735642
WDR70	0.51969335390889
ZNF300P1	0.519507344166112
SINHCAFP2	0.519370632140981
CEMIP	0.518833813730428
HNRNPK	0.518820204826119
DUSP6	0.518604903980957
FAM229B	0.518515004114891
AKR1C3	0.518212477359249
GABRR2	0.518005663584482
PRDM6	0.517682838311278
DDX50	0.517210505377973
POU4F2	0.517200932021933
BOLA3	0.517160058853766
DCK	0.51708463023242
MSX2P1	0.516912905054179
AQP11	0.516908511659179
LACTB	0.516892811089089
ACP3	0.516752591724825
EDF1	0.51638804030688
MED18	0.516145719295424
NOMO2	0.515971373156264
PLRG1	0.515862695153702
INPP5D	0.515617610734895
PDE1A	0.515374211784949
FRMD3	0.51514989205626
VSIG1	0.515067641377065
PRDX5	0.515007540725134
RBM18	0.514951688318646
DHX15	0.514645946469302
UBE2Q2P16	0.514636426962377
CCT5	0.514603133413403
ERI3	0.51452765322254
CTSLP3	0.514318333948622
TMED8	0.514271803854739
KLHDC3	0.514270602264696
VAPA	0.514248925269436
INSYN2A	0.514216375491692
CIAPIN1	0.514157719541744
S1PR3	0.513759326021302
FAM78B	0.5135363959047
PRPF38B	0.513040803431482
CCDC39	0.513031037463371
TBC1D15	0.512962308540075
AP3M1	0.512760407177942
C6orf136	0.512250132630228
PGAM5	0.512183334727263
ZFP91	0.512002875348057
E2F5	0.51193519286882
MRPS9	0.511890490886926
CLDN5	0.511879171555359
PIBF1	0.511427625433221
KIF20B	0.511406621621051
N4BP3	0.511399367413053
KIF23	0.511398528683456
AATF	0.511182054363453
RHOXF1P3	0.511069842519966
KNL1	0.510974942808661
PAIP1P2	0.510911612401801
NT5M	0.510123954140731
KLHL31	0.510085328526423
HSP90AB3P	0.510079095957513
NUDT2	0.509245077617839
CRYBB3	0.508759171351838
PRSS3	0.508624934025352
IGSF21	0.508555730499277
SPATS2L	0.508518071470746
CPSF6	0.508503804556313
NDUFAF4	0.508358546363519
RPL5	0.508229846323547
HBQ1	0.508128386768301
DYDC2	0.507600919597752
HIVEP3	0.507416622672319
TM2D3	0.507084063296708
LYPD3	0.507024596781756
RGS2	0.506917682592516
POLH	0.506855764778958
AHCY	0.506839694289147
SAA2-SAA4	0.506822349542708
CBX7	0.506727580877837
RPS13	0.506644042794693
RPL32	0.506370004362705
CSNK1A1	0.506259999793239
RPL27A	0.506083350051914
HDAC1	0.506036608451102
PPAN	0.505797934623495
LHFPL6	0.505619229865212
CSNK2A1	0.505585497626726
GPR158	0.505541865193139
PSMB10	0.505438669468603
ATP13A3	0.50527888063169
C8orf76	0.50527679267281
ADAMTS8	0.505163804945496
CLTA	0.50494275410668
SRPK3	0.504537326098711
MRE11	0.504474905559525
PHB1	0.504154753407833
CAPN15	0.50399283026291
BRINP1	0.503906975398191
GALK2	0.503826548022617
THRAP3	0.503687608748986
RPL12P38	0.503456613851866
RRP12	0.503410882841146
PSMA3	0.50339379541416
MAT2B	0.502985704134584
ZNF41	0.502802243399567
PGA3	0.502734012372306
LGALSL	0.502297757398819
MFAP1	0.5021749309479
DNAAF5	0.502000055013581
NANOGP7	0.50189959472536
EDN2	0.501760096957118
PPARG	0.501633898352169
RAVER1	0.501596420426955
LRGUK	0.501125758223785
EEF1AKMT4	0.501076324186463
ZSCAN4	0.500981389424873
ESRRG	0.500949854863394
MYBPHL	0.500669134320693
HINT1	0.500637398785972
BLOC1S1	0.499930756367022
KCNJ3	0.499918594328384
LRRC78P	0.499530296406243
STT3A	0.499469491065916
ASPRV1	0.499324477851843
AK5	0.499208020886009
FXYD5	0.498913442901744
DTX2	0.498540165590283
CP	0.49851146812322
AHCTF1	0.498356771710423
NEB	0.498323406189991
PUM3	0.498142769323653
SPTY2D1	0.498091018952838
SEC24B	0.498079925431361
ASMTL	0.497917859843987
PRSS21	0.497748609828988
IKBIP	0.497741998663561
SIPA1	0.497722705831275
TBCK	0.497675156895654
ZNF157	0.497605728842698
C1orf202	0.497548873104073
RANGAP1	0.497089569063186
HTRA3	0.497063368686476
VLDLR	0.496885017226006
ZNF732	0.496280727626241
CMPK1	0.495968383267816
ERAL1	0.495895878840793
HRH4	0.495685008103212
AVPR1A	0.495553819564551
MAGOH2P	0.495370187987658
PCDH10	0.494832852058275
MAGEA3	0.49462999499401
KCNT2	0.494472920568204
THBD	0.494373012703519
ZNF322	0.493881757758669
PITX1	0.493807292728351
SULF1	0.493693472425034
CINP	0.493597499443215
NUP155	0.493457761356445
SDR16C5	0.493272717480784
UGT8	0.49311471144849
AFAP1L2	0.493100303095495
FAM240A	0.493056196846032
CALR3	0.492875231206297
DICER1	0.492623369800484
NOL8	0.492586144053745
ASPM	0.49257915627704
PPFIA3	0.492297042209332
MYOZ2	0.492245709679529
AGPS	0.492113892789541
MIGA1	0.491253509487312
MROH7-TTC4	0.490943628518623
SH2D4A	0.490815871843321
SMYD5	0.490784204418099
PMS2P13	0.490698966611903
DAW1	0.490649802079183
BMS1P7	0.490588564995309
PPARD	0.490194274068968
MRPL38	0.489843210909904
DNAJC21	0.489829787957978
TMTC4	0.48974895683339
PLGRKT	0.489617462932465
ZCCHC9	0.489348155846666
TIMM9	0.489276276793678
GAS2L3	0.489272857662117
PMS2P2	0.489175433422748
SIX1	0.489112109204289
FAM201B	0.489023557187452
FAM124B	0.488875424847128
FMN2	0.488408737772811
ARHGEF15	0.488397877049234
NIP7	0.488238296997008
CYB5R4	0.488093824949501
STAU2	0.488028319899552
H4C3	0.487864422310168
ERCC5	0.487530419245383
FGF20	0.487417865721079
CCDC126	0.487302128520957
SPMIP8	0.486889796798868
RSPO2	0.48674314735368
LEO1	0.486696616545853
RPL34P9	0.486600505378917
TUFM	0.4865777580924
DPEP1	0.486450747240729
FAM111A	0.486341967555888
ATP1A3	0.486281840995756
PKD1P6	0.486049923628514
CIMAP3	0.485866079757656
PIPOX	0.485803144248371
GLS	0.485705749723381
PGBD5	0.485562175866315
ARHGEF12	0.485285844054223
HSCB	0.485063514253848
PDE6D	0.484401117813453
NT5DC3	0.484279900551875
DEPDC7	0.483773147643991
GJC2	0.483214942856382
SLC27A5	0.482957757660875
SYNDIG1L	0.482828779029835
ABCB11	0.482610576337738
ISOC1	0.482507659147036
ELAPOR1	0.482335463641005
RASAL3	0.482254106423285
SGIP1	0.482185696542123
KHDC4	0.481953234875033
CNOT11	0.481901546760721
KLK13	0.481831345093893
BLMH	0.481700868543956
ERCC6L	0.481644905862017
XPO1	0.481633714319803
ZNF385D	0.481578691559582
JOSD1	0.481146416433898
KTN1	0.481105699442485
TAF15	0.48087266112186
TTC22	0.480770200705981
ELOB	0.480523345290222
C22orf42	0.480435499670629
NAA50	0.48036605690988
LEP	0.479979891610308
KIAA0930	0.479589665609193
PDLIM2	0.47958064820724
DPY19L2P4	0.479579264052097
MTIF3	0.479392106232563
PLOD2	0.479261544362485
TUBB8	0.479228186486446
SNPH	0.479202965636849
GPR37	0.479172000137032
SUMO2P21	0.479170975298141
LMO2	0.478954430395924
AHCYL1	0.478926369432347
RBM11	0.478780781302375
ZNF143	0.478625425490717
MARS1	0.478462790410308
CLCN1	0.478010380928633
ROMO1	0.477779322197505
MRPS12	0.47761209745555
TGFB3	0.477499301713914
APOL3	0.477418819522691
TCHP	0.477263383543926
ICE2	0.476920834566769
CHRNB2	0.476205176076553
STARD5	0.476167547007954
VKORC1L1	0.476057677198717
RALY	0.475869963628074
JTB	0.475619617863115
ANXA2P2	0.475520895297291
SLC22A20P	0.475505694266292
GMPR	0.475378781740568
MTFR1	0.475258295168864
NSFL1C	0.4749220708534
STRN	0.474898213159198
ZXDA	0.474762054194994
PPIAP29	0.474724901761081
SLC5A9	0.474634508794981
GAL	0.474629609667088
GK	0.474576014476752
JAKMIP1-DT	0.474557199877316
SMARCA5	0.474480215738936
CARS2	0.474447648303557
STIM2	0.474257566223524
BCL7C	0.473722249343071
CBX3	0.473551063561993
YIPF3	0.473429796053875
NUDT6	0.4732062231366
YARS1	0.473144859588633
UQCC5	0.473116275245147
GYG1	0.472926278454584
PCNP	0.472824874056715
ASGR1	0.472639354317111
PML	0.472593885035232
RPP14	0.472424796702325
RGL2	0.472342210239325
PRKRA	0.472338318353124
FAM163B	0.472233855062898
STRIT1	0.471974652571456
RAI14	0.471842372168793
RAC1	0.471394873562688
SSX4	0.471157218847704
TBC1D5	0.471151817099372
PAXIP1	0.471074011986296
SPN	0.470871534126666
SH3GL1	0.47049787999918
RPS25	0.470466310375168
TCAF1	0.470452572905176
FAM216A	0.470410026421853
ATP5PO	0.47038487817911
NOCT	0.470192552980362
PYY2	0.470086882583074
COPS5	0.46978591691403
THSD8	0.469384273947815
KIZ	0.469224003156969
DCLRE1A	0.468953701495257
NEK2	0.468774742212653
C1orf53	0.468773976641644
ORC5	0.468760899286708
RBM10	0.468687726887578
MYO9B	0.468201141701138
ARSK	0.467773614591275
FAM91A3P	0.467689571835993
KCTD20	0.46754518408081
GABRA2	0.46737657835579
RALGAPA1	0.467147826975866
KCNK3	0.467026290819537
GCSHP5	0.466189533613209
FOXJ3	0.466085155092842
HMX2	0.466082815012162
SH3BP5L	0.465949105765361
TRAPPC2L	0.465765384984999
TIMMDC1	0.465755379755452
LPIN1	0.465529073993112
SHQ1	0.465469128073902
RAB33B	0.465419321890116
ARIH2	0.465153023044582
DHX29	0.465126756914661
LRRC20	0.465032691607232
IGLL5	0.464881626297551
CEP57L1	0.464877197559478
DCAF10	0.464748534840257
XYLT1	0.464715844118016
FAM81A	0.464564836626441
EPHA1	0.464474851418317
CENPA	0.464468080946812
LCAT	0.464328729231474
SRR	0.464208494325351
CPNE3	0.46415442790613
MYDGF	0.46376184929611
ZNF622	0.463756384310284
RAP1B	0.463652540331615
ANKRA2	0.463352948197054
SMARCAL1	0.463189254072985
BRD7P2	0.46314980962841
AASDH	0.463144146112588
SFSWAP	0.463123044196348
WASH4P	0.463005180865137
BORA	0.462851613988146
EPHA6	0.462820531573179
MKNK1	0.462803514523331
NEDD8	0.462524078653487
RBPMS	0.462386164112391
PLAA	0.462377416025863
SRSF4	0.462012548196015
TACC3	0.461702727457222
NEDD1	0.461078004445883
SNCG	0.461062971938861
RTP3	0.46093553548708
STK3	0.460872522811326
CD274	0.460535864092426
NANP	0.460488087946699
JAZF1	0.460475378930902
APMAP	0.460455614548457
NR2C2AP	0.459954172884308
MOBP	0.459545547387973
OTUD7A	0.459467723378907
JADE1	0.459340824427779
OR52N2	0.459284593430141
ELOF1	0.459034435575567
CALM2P2	0.458972185415984
FOLH1	0.458575492245826
IQCJ-SCHIP1	0.458330781854821
MTSS2	0.45831330972204
RITA1	0.458204950760259
GRHL1	0.457866719583814
GNAO1	0.457863690181736
TMEM186	0.457284925492957
CYP4F22	0.457247882486279
OSGEPL1	0.457183101972348
SKAP1	0.457115267245198
ACIN1	0.457082876755252
NRXN2	0.456940622424013
PMPCA	0.456262262649098
DND1	0.456087763922619
XYLB	0.455879695192809
NR1H3	0.455877457322727
VKORC1	0.455780080468082
DEF6	0.455471026800323
PSRC1	0.455327944001192
TSC22D4	0.455221133955109
TICAM2	0.455009566923566
CHAF1B	0.454876105254658
LDHB	0.454600736675061
PTPN23	0.45455727474279
CXCL6	0.454492423301313
KIAA0586	0.454278403029805
HSPA8P5	0.454179268780002
GALNT18	0.454100986685707
CHPF	0.454062989403211
PDLIM5	0.453832936391853
TAS1R2	0.453824444034837
RPAP1	0.45357965222336
TLR4	0.453473759219784
UPF3AP3	0.453467604734709
PTTG1	0.45340902072047
GPD1	0.453329876325439
MYL6	0.453001480193716
SPACDR	0.452979907470711
RO60	0.452787560130119
ST3GAL3	0.452648853756267
RPSAP47	0.452587198240155
HCRTR2	0.45258414707373
ORC4	0.452254853593534
CHCHD10	0.452217526228005
PARPBP	0.452158420351205
PRRT4	0.452037703773922
RPL30	0.451676234923397
OCIAD1	0.451478957257409
PTK2	0.451219625354019
DOK4	0.451156280391198
ENOX1	0.451132265089492
TRRAP	0.451127619571955
PFDN2	0.450932337703118
NDUFC2	0.450810966663988
COL19A1	0.450773083472865
TIGIT	0.450751458266667
PKIA	0.450658679064591
SLC25A17	0.450546720292385
ABHD2	0.450428588600173
PITRM1	0.450364013140088
SUDS3	0.450323085901546
SCYL1	0.450249647882507
NSA2	0.450013580530622
TMEM116	0.449943557526735
TMIGD3	0.449905707540166
CHST8	0.449885703268556
PTPN6	0.449740681658838
H2BC6	0.449615476679645
RGCC	0.449607432988985
RPS17	0.44957486994254
PHF3	0.449298011983037
PDIA6	0.449110958359864
ISG20L2	0.448931232907712
BICC1	0.448792007268218
NOL12	0.448636415891937
SLC41A2	0.448359637847291
UBA6	0.448192152556101
KCNMB1	0.448169909736674
FIRRM	0.44771719882406
PLD1	0.447668017873981
CIAO2B	0.447580781660228
AIMP2	0.447555694679273
CCT7	0.447400087981283
CDCA7	0.447389084896927
LRR1	0.447286476705391
GPR4	0.447173744021682
RAB17	0.447135577493279
FGD5	0.447111128768076
AKR1B1	0.447045349864902
FAM90A11	0.446789122247575
FBXL2	0.446677458694843
PYCR2	0.446543228672425
MRPL14	0.446505182265102
MTA1	0.44643998235016
PROSER1	0.446343068447211
ODF2L	0.446178938263044
ILDR1	0.44612552035547
ZBTB43	0.446015236776035
NDUFAF1	0.445887970499112
SSR1	0.44581172472771
ARHGAP8	0.445651049119233
HNRNPF	0.445450801903383
LYPD6	0.445430210925988
SPATA25	0.445412143302969
CAPZB	0.445337869937502
FARSB	0.445172881486697
ACSS3	0.445145368608397
SEC61G	0.445060252514154
SPANXB1	0.44504915221886
HSPA6	0.445041386674899
FANCE	0.444969226683112
CD58	0.444902471925993
UTS2	0.444786488589013
PAPOLA	0.444704136367861
ABI3BP	0.444569094999497
MRPS17	0.444499193820027
BRMS1L	0.444225806831766
GTSE1	0.444130624889873
JMJD1C	0.44399899684117
HSP90B1	0.443644498378596
TMBIM1	0.443604244975867
XPR1	0.443269581350766
DENND1B	0.443256895040798
HEXB	0.443105571872264
AGGF1	0.44287911796672
DDX10	0.442855966141766
MIB1	0.442855168165088
TMEM178A	0.442784424434152
NLRP14	0.442514327158857
PRM1	0.442317462292517
PSMB5	0.442219882859333
EEF1E1	0.441795504188286
TYW1B	0.441669512716991
MADD	0.441529209116796
ITGA6	0.441441439909657
CCDC60	0.441383423293956
MLLT3	0.441348078432671
MRC1	0.441187913965512
MAGEL2	0.441099166189669
CLGN	0.441078968925924
SARAF	0.441047652812509
PPP2R2B	0.440315089223868
SNW1	0.44022831801524
H1-4	0.440128163184896
TMEM236	0.440033857141734
DCX	0.439934193309277
R3HDM1	0.439931598376539
FOCAD	0.439877251843485
TCAM1P	0.439601319401447
ADA	0.439577343328422
TNFSF12-TNFSF13	0.439560410523328
PRIM1	0.439472158714222
TNFSF14	0.439263632343282
ATP1A4	0.439046847087029
PTGS2	0.43895753790467
MKLN1	0.438808502914855
BOLA1	0.438660776725029
ANKRD20A2P	0.438613999865526
ADORA2A	0.438514905808992
PINLYP	0.43821450193769
ALDH18A1	0.438187708159333
SCUBE1	0.438043934859517
BPIFA1	0.4379569486806
WWTR1	0.437805831478865
SULT1A2	0.437424491898845
ACTR2	0.437154160627886
RAB5C	0.43713531883263
CIAO2A	0.43696852928084
PYROXD1	0.436845066783469
METTL18	0.436691047718689
NUP210	0.436551574343854
PFN1P1	0.436507247224047
UBE2SP2	0.436486552418715
C5orf47	0.436427981669656
NPFFR2	0.436292744160923
NIPAL1	0.436093403610947
SPOCK3	0.435934493302132
ATP5MC1	0.435905001697214
WDR36	0.435876339857731
RD3	0.435778842651332
MASP1	0.435662156250128
H2BC13	0.435462831864018
ZNF155	0.435304129030083
ZNF227	0.435179678169855
TASOR2	0.435145383267293
PTPRE	0.434970752507718
SLX9	0.43495504323192
VMO1	0.434764952865377
MCCC2	0.43467429866959
GTF2E1	0.434645974016692
OXTR	0.434498946617697
LRBA	0.434478454994581
ADCY2	0.434305386997617
GNL2	0.434258867855864
LSM7	0.434205485259106
ZNF552	0.434167693557238
CCT2	0.434066313492893
RAD51D	0.434042061103648
THUMPD3	0.4339937422221
ELOVL5	0.43383688242886
AKAP10	0.433479225956996
HSP90AB1	0.433439616080211
ABCB4	0.433432680642425
AVP	0.432948231738757
CACYBP	0.432797381406516
TFCP2L1	0.432520525524305
KRTDAP	0.432463274273502
NUFIP2	0.432228145801511
RAD23A	0.432169920188382
VIPAS39	0.432147319008909
NCR3LG1	0.43209216515924
EPHA2	0.432056524257433
PPA1	0.431926236296238
DDX25	0.431821495948012
SLC25A26	0.431764349488022
CMAS	0.431713312109341
ANXA4	0.431608903850434
DCAF1	0.430895078798817
DBF4	0.430709021430821
OXA1L	0.430632620019247
POLR1B	0.430574791661004
BCAR1	0.430332919190444
WBP11	0.430179643969846
PRSS33	0.42996528369679
RPL23	0.42993007321476
SELENOF	0.429855359807392
TARDBP	0.429715237947076
WASF1	0.429505303920727
CDCA8	0.429406464932973
GIGYF2	0.429216281404714
CD226	0.429131978923593
KIAA1143P1	0.429032411757571
SETDB2	0.429010633622094
TNFRSF10A	0.428956496890547
RPS27A	0.428880990486659
MSS51	0.428852265230503
PDE4B	0.428700292629723
RNF133	0.428636906985726
AASDHPPT	0.428512338558757
GLOD4	0.428392373256287
TPM3	0.428287727836927
UBE3D	0.428262177709082
DIS3	0.42786635349227
DNASE2B	0.427866066128078
RTCB	0.427815108395875
CBX1	0.427416704880251
TNFRSF10C	0.427406954468171
ASB13	0.427262893232302
SKA3	0.427233434158094
STARD13	0.427218276732885
FCF1	0.426873512770174
NOP16	0.426855391290417
AKR1B15	0.426819983003829
CDH5	0.4267988854657
TMEM19	0.426517757185341
EPHA5	0.426377460793897
BCL2L12	0.426370215024655
CCDC172	0.426359041503436
ANKRD46	0.426319348622654
NR4A2	0.426247381108311
MEN1	0.426189815811365
TSFM	0.426126063953078
OR52A5	0.426020103625341
EPO	0.426005852338239
DNAH10	0.425939850770804
GAP43	0.425849758291376
RASGRP3	0.425748205610657
MTREX	0.42560061143454
ISCA2	0.425575186961399
DENND1C	0.425564355882234
CD83	0.42527741985742
DNAAF3	0.425245357896828
DGKZ	0.425233006354629
UMPS	0.425044454613597
KIF6	0.42500592155428
PNPT1	0.424914395770409
NMT1	0.424870405369694
C9orf78	0.424647273398852
SERPINB5	0.424533525099244
GABRR1	0.424486897819473
DNAJC19	0.424180059073298
ANKRD13C-DT	0.424139574884786
RPLP1	0.423948208777168
B4GALT6	0.423569777273547
MSTN	0.423536314827535
CLRN1	0.423075341724386
IRF8	0.422997121850987
USP17L11	0.422825909097711
SNRPE	0.42281725607081
KCTD19	0.422783212159083
QTRT2	0.422657387986406
NMRK1	0.42262616605285
FBXW7	0.422549556840047
ANKS6	0.422410660021303
TOR1AIP2	0.422408945559102
PRRT1	0.422188783889633
PJA2	0.42200596400464
MRPL43	0.421963322247702
CNOT6L	0.421932771502134
NOP2	0.421892413981296
PQBP1	0.421694632905397
WFDC1	0.42168420881325
ZMAT5	0.421647059950495
MTHFD2L	0.421456610705632
SMAD5	0.421104807037086
PUS7	0.421097698279027
ARHGAP20	0.421042213935374
HORMAD2	0.420994259206451
TMEM242	0.420788708370549
BRCC3P1	0.420642311731161
ACTR3C	0.420463942399238
COPS2	0.420293624028572
PEX1	0.419750273247216
EXOC3L2	0.419636151513298
WDR43	0.419610203834128
NPM1P27	0.41961015153053
TFPI2	0.41960646729158
RPE	0.419454539071698
PABPC4L	0.419398619457567
ZC3H7A	0.419252655996969
UBE2V2	0.419165992613291
UTP23	0.419155875657847
CARD11	0.419080947213882
CCDC32	0.418617948068611
TTC4	0.41859717094278
SERTM2	0.418557804841302
HPX	0.418535533192288
KCNA2	0.418393141542943
PHETA1	0.418262120631447
PAIP2B	0.418226308705329
CSMD3	0.418124028664416
SDHAF1	0.417490937585802
ATXN7L1	0.417475412582075
BLCAP	0.417450635458039
RBMS2	0.417366607196798
NSD3	0.417208467384298
BTRC	0.416989271868675
ARRB2	0.41676306828221
NFKBIE	0.416677318352273
RPL36A	0.416428943723248
ARHGEF3	0.416157384800555
APOBEC3F	0.416004726323496
TRIM5	0.415728679402634
CFL1	0.415635703333734
DRAM1	0.415528548144443
HSPA12A	0.415438125077436
SEH1L	0.415386196942975
CREB1	0.415278745277841
CRLF3	0.414844807718017
ADAM8	0.414781459720998
LRCH1	0.414489612009747
ZNF444	0.414464158989198
NPTX2	0.414200048495997
SYNCRIP	0.414180378028981
AK4	0.414167283811986
TSPAN7	0.414137137018409
SAFB2	0.414136350079391
UPF1	0.413921533325279
CFAP57	0.413720872150891
RPUSD2	0.413635883158498
PIF1	0.413468112456081
TUBAL3	0.413416405384015
LRRC39	0.41335825656152
ATP5F1C	0.413296622500043
PLPP7	0.412923200930319
ITGB1BP1	0.41289464629056
DPY19L1	0.412764520140287
LIMK1	0.412607018379129
ZC3H12A	0.412593065207509
UBE2L3	0.412587756765243
UCK2	0.412478603926219
PPP4R4	0.412350266073046
HSPH1	0.412171547326659
CLCC1	0.412159147007969
EIF2S2P4	0.412019234907678
MT1IP	0.412013014213138
KLRG2	0.41198190791568
SGO2	0.411930038158224
PAM	0.411822154810202
MANBA	0.411805322251452
POLR1C	0.411393972971768
AP3B1	0.411296861947897
SPCS1	0.411187775844245
RAB39B	0.411050173076056
EIF2S2P3	0.410826265372223
IHO1	0.410734154553972
ZFAT	0.410076204437904
CHEK1	0.40992525093383
GNPDA1	0.409832785690335
PLS1	0.409787363993213
HTRA2	0.409736041916877
TOM1L1	0.409661817579343
FECH	0.409629702203108
POU2AF1	0.409460046295753
HAGHL	0.40937601843465
LVRN	0.409326418500329
YME1L1	0.40918464195104
TIFA	0.408664184666549
FAM162B	0.408446029487392
CD70	0.408342185085822
KBTBD12	0.408154740796026
MME	0.408062463856019
CILP2	0.407876810226224
GJB3	0.40765560635547
IGFBP4	0.407622212623358
FGB	0.407602224912994
WDR17	0.407569460937176
GTF2H2C	0.407197789591585
MRPL32	0.407126265451422
SLC35B3	0.40711431449096
BET1	0.407011501137513
PLSCR4	0.406937027786889
DTD2	0.406685848718062
AGK	0.406670631728032
AAMP	0.406636765802731
IRF3	0.406632774473832
IFFO2	0.406595225180015
SPIDR	0.406183897684764
NHP2	0.406183453377047
DPM2	0.406075386390283
GMNC	0.406057889230991
SMG1P7	0.405996776187316
ELP1	0.405929578712864
KCTD16	0.405846610122934
TMSB10	0.405811270830527
NOL7	0.405691899084146
AARS1	0.405473602045629
ZNF286A-TBC1D26	0.405216178974262
NUTM2G	0.405156200920958
SNU13	0.405082090205241
PGCKA1	0.404856231026823
TIPRL	0.404777638876918
NDUFB1	0.404600274982293
ELP5	0.404280552758218
HARS2	0.404045253932581
ZNF880	0.403966654008068
PITPNB	0.403922754251781
ESPL1	0.403868545874062
ANP32A	0.403549142518908
RIMS1	0.403498694406147
SLC26A7	0.40318589774907
UTP15	0.403137297171574
LNP1	0.403102382212458
IZUMO2	0.403030213124891
ACTG2	0.40282993002249
ZNF768	0.402654072134322
H3C13	0.402578789930678
PRKCB	0.40252376942203
PLPPR2	0.402492169454651
MTMR8	0.402464054708095
C1orf74	0.402334023940223
MBTD1	0.402331918739685
ROCK2	0.402305218099779
PARS2	0.402054029742113
AZGP1P1	0.401973868204265
FSHR	0.401966525424276
FAR2P4	0.401793797545848
PDE4D	0.401575444914166
CDCA2	0.401523467054029
TAF4	0.401457407294931
IKBKE	0.401299552561762
APLF	0.401221030472865
APOBEC3D	0.401087231344219
PPP5C	0.401030456392244
LAPTM4A	0.400957369421615
ATG16L1	0.400796847864833
HBS1L	0.400726797742726
SLC25A19	0.400689440647171
MED7	0.400636279072451
CTSH	0.400609712832902
DDX47	0.400509996351451
CIMIP2B	0.400375206603024
ZRANB2	0.400195754334332
PER1	0.40014143745275
GJB5	0.399836169946337
PCLO	0.39981363123943
IL18	0.39974095707538
TIGAR	0.399612808335293
EEF1E1-BLOC1S5	0.399284687611349
FETUB	0.399218457747035
TRIM4	0.398665032889357
ABT1	0.398558827835263
EIF2B3	0.398532532179305
ARHGDIB	0.398507561226554
HERC2P5	0.398342065656475
CHRM2	0.398232253426558
FOLH1B	0.398219615025827
EOGT	0.398079975904531
ZNF24	0.397954145371752
PSMC6	0.397742574874938
PHLDA3	0.397713717989035
SNN	0.397700730853441
PLSCR2	0.397605628547198
COLEC12	0.397515191475623
RPL7AP11	0.397473030251972
RAD21	0.397239019423119
PFN3	0.39718406212466
ARL4A	0.397083815851243
WDR74	0.396938553069252
SMPDL3A	0.396784641927155
SMG7	0.396654301636545
LMO4	0.396287275904519
BAK1	0.396275237463587
MBOAT7	0.396235104514976
NCF2	0.396156501131093
FBXW10B	0.395962020866212
ADRA1D	0.395680426864479
CCDC93	0.394647259468524
ACAT1	0.394596852082604
FAM110C	0.39448441645236
COA6	0.394338056300746
NTSR2	0.394309330488905
STIM1	0.39417901046003
EEF1A1P8	0.394075969232749
GAGE10	0.393932019539977
POLR1F	0.393780601913203
SRGAP1	0.393757363883944
H2BC21	0.393678277222223
MINK1	0.393436150400796
PDCD7	0.393403288095858
CPNE1	0.393323268084338
SGCD	0.393252166544438
RPL39P5	0.392962493204545
SARM1	0.392843486256901
CD2AP	0.392805490801882
TSEN54	0.392478501830759
ADCY8	0.392296932253524
NBPF15	0.392257649835493
TNFRSF11A	0.392001150290185
SIM1	0.391943228105968
COBL	0.391904003188259
BBS7	0.391902829015022
HLTF	0.391860887093947
GLB1	0.391801760789557
ATXN3	0.391789946789692
DLC1	0.39168419785434
GNAQ	0.391602521384533
NFXL1	0.391502023875678
ZFAND6	0.391481069217341
SUGT1P3	0.391326032190024
CDKL3	0.39116113124532
NEK7	0.39109358220628
VWCE	0.390948875998084
PKP4	0.390923219564276
ACYP1	0.390890999870037
MAP2K6	0.390661384927987
CHERP	0.390626694335774
BEX2	0.390618202025627
PRR5L	0.390445973002756
SULT1A1	0.390337340902438
STAT3	0.390264051592823
AASS	0.390099097469951
PLCXD2	0.390009865403738
PAQR7	0.389980087235573
HM13	0.389787820948552
NECAP2	0.389689095500958
LRRC8C	0.38957424092994
DCAF17	0.389486453700183
CDC40	0.389417742630517
DCDC2C	0.389379477039585
UBE2F-SCLY	0.389273653831007
RAB5IF	0.389225912162377
CFL2	0.389155299538164
TRIM65	0.389136574941534
MRPS11	0.388975355570271
SNRNP70	0.388844069176391
FAM98A	0.388827119394908
LYZ	0.388659576476594
RFTN2	0.388594106452556
INPP1	0.388367485149969
EMG1	0.388262115377157
F11R	0.388165346675405
AMPD2	0.387977858578496
ENTR1	0.38796257593927
ICE1	0.387946344479383
COX6A2	0.387850706574558
TSLP	0.387830407395162
GDNF	0.38757894583957
CSDE1	0.387461745483155
SLC25A33	0.387183983622042
PIAS4	0.387148344516869
BRAT1	0.38712576824848
KCNN3	0.387061760593568
PDE4A	0.387009798750522
TLR2	0.386874642898934
NAV3	0.386753191626436
DNAH17	0.386724141839499
NBAS	0.386474751112202
MORF4L1P1	0.386320776657177
UTP20	0.386304973722971
COPB1	0.386268120335164
CUEDC2	0.386217170000904
ZNF438	0.386211880150732
FAM120A	0.386000155884644
GALNT11	0.385982912597939
SNUPN	0.385955560786241
CYP3A43	0.385822396705167
MPZL3	0.385794378174819
ZNF322P1	0.385661873961328
MAP7	0.385547454552987
GRM7	0.385441614788777
H2BW1	0.385421871737978
FBXO45	0.385228309879793
NCF1	0.385203353620464
OR7E12P	0.384780423193396
INPP5J	0.38474315400314
E2F6	0.384721396119517
ADAMTS20	0.38463238655808
MAPK14	0.384488723457644
TTC9	0.384341622180227
COLGALT1	0.384340249016888
PDE6G	0.384336134990946
HSD17B10	0.384331231430211
TAF7L	0.384316264066102
CNTRL	0.38422711415767
SELENOT	0.384157079954388
ARHGAP9	0.383952046992796
GPR89B	0.383751746687377
KNG1	0.383747594731136
S100A6	0.383373895861296
STRAP	0.383327073969948
MT3	0.383299511434867
CTDNEP1P1	0.383066349940491
SRSF11	0.383051045193184
CD200	0.382927742608581
SOHLH2	0.382819224935751
MNS1	0.382771320364405
OR56B1	0.382651025494424
APBB2	0.382315280020562
COA1	0.382299323967877
POLRMTP1	0.38204936306529
TMEM213	0.382040884574503
TATDN1	0.381997726446936
ZNF707	0.381987963708345
LYSET	0.381397132809238
PCDH12	0.381332498245129
G2E3	0.381149683895383
TFR2	0.381008161173544
DRAP1	0.380960181168907
DOCK9	0.380574867433764
NUP160	0.38043763754771
TM9SF2	0.380419111602636
NDUFB2	0.379989902212795
NAF1	0.379880912631807
MRPS2	0.379613607430101
TXNDC5	0.379473962830351
MAST1	0.379310483429603
GET3	0.379120980443275
PALS2	0.379027061276489
XIAP	0.37883125634733
RRS1	0.378810326407844
CYP2J2	0.378728979723509
NHERF4	0.378623561238763
NCAPD3	0.378583691825392
C1orf94	0.378466526472861
IDH3G	0.378419839536617
CD36	0.378384256694353
UBE2E3	0.378280792050911
TGFA	0.378236046103507
NSMCE1	0.378042442926966
DNAJC17	0.378009774911386
CRYZL1	0.377984926964326
HDAC4	0.377897721851621
DOCK2	0.377744861880361
THOC7	0.377672222742971
GPR89A	0.377666026289611
CLEC4OP	0.377609967117482
DDX18	0.377342204812183
RPS10	0.37728206244205
UTP11	0.376967931081543
TBC1D2	0.376964497653769
PA2G4P5	0.376740726943633
C19orf33	0.376733328941919
GGT6	0.376437471941277
SMIM13	0.376414720274808
STXBP4	0.376379109605423
UBE2E2	0.37629754796974
TRIM21	0.376260135012512
C15orf62	0.375913470109501
MIX23	0.375894121014994
CRNKL1	0.375771848790809
RAB20	0.37562835101721
CMTM4	0.375602545650109
MYOM1	0.375441269867052
DMGDH	0.375362423816989
SSNA1	0.375172150702155
GLYATL1	0.375070037695593
EDEM1	0.374931760272391
FTH1P5	0.374866002788235
GIMAP4	0.374743639678516
NDUFA12	0.374729884770931
CD1C	0.37469402225479
PYURF	0.374571493830234
MAGEB16	0.374561849575811
FADD	0.374409518457945
DNAJC12	0.37440545058691
RANGRF	0.374230977186603
SUDS3P1	0.374199210180769
HRH2	0.374020557488973
ERCC3	0.373995117951833
SLC12A2	0.373987113169276
BEX1	0.373909864202656
ADD3	0.373772001907929
ATF6	0.373767952956555
RAB2A	0.373650478421819
ZNF556	0.37362891238988
BATF3	0.373617017204899
KCNE2	0.373510377173015
C3orf70	0.373218941343647
CFAP61	0.372952180678574
UBE2S	0.372563973300302
NPIPB11	0.37253760095049
HIBCH	0.372532066524126
SNX2	0.372445532937763
TGM7	0.372384766821576
UBE2F	0.372070314657308
COX5A	0.371979801996048
CC2D1A	0.371887708798334
OR2B6	0.371843342473747
RPS27L	0.371802546889287
CRYZL2P	0.371787522624957
NMNAT2	0.371615262700721
KCTD3	0.371528734494803
GPNMB	0.371482397232421
VAMP8	0.371316864773685
PPHLN1	0.371068345429383
BORCS7-ASMT	0.371049243097402
PLLP	0.370955889341648
POU3F2	0.370843643970108
PADI2	0.370790707076736
CDC123	0.370752176838858
HCFC1	0.370608831378977
KIF21B	0.370412326929777
FKBP6	0.370321199768146
GRAMD1C	0.370264701818168
EFCAB8	0.370183969895006
GLRX	0.370148495320887
TNFRSF1B	0.370084584967982
ADRB1	0.369970478935947
WNT11	0.369940662095399
CRISPLD2	0.369901989373953
CDC42BPB	0.369847014308406
VN1R83P	0.369738119429401
GZF1	0.369649820787513
TMEM61	0.369573971249845
RPL23AP53	0.369549889660917
TMEM30A	0.36953844095391
ALG1L7P	0.369526090605616
KIAA0408	0.369487223920656
TCEANC2	0.369441358595526
GIPC2	0.369322688529132
PLK1	0.369008209099693
CAGE1	0.369003011463856
SULT1A4	0.368835152619106
NAMPTP1	0.368767391872798
PMS2P3	0.368754165186754
MATN4	0.36874160778123
CNOT7	0.368716853523046
SMCO4	0.368665622084282
SEPTIN1	0.368627097194916
SH2B2	0.368525720281966
EEF1A1P6	0.368382568675703
GLG1	0.368365499953977
ARC	0.368304710130262
UCHL3	0.368244738848918
PSMG1	0.367984662933253
FTSJ1	0.367957130111786
ZMYM1	0.367889554799919
LINC02203	0.367834817788409
ATP5ME	0.367527121632007
ZNF692	0.367512122964663
PPP2R5E	0.367271751344835
SLC5A1	0.367200769002836
RTF1	0.367119472657224
PKP1	0.366866932739209
TGM4	0.366644522931058
SPI1	0.366502935727392
C16orf95	0.366328254009591
PLD6	0.366233440295313
SLC35A1	0.366179622698629
POLR1D	0.365868166729665
TRMT10C	0.365653270671391
SRP19	0.36560824333238
PRIMPOL	0.365513374296207
ZPLD1	0.365417896325985
PAPSS2	0.365093803724977
ZFP36L1	0.365072466411355
RABEP1	0.36479435471852
FRRS1	0.364728323560762
EIF5AL1	0.364647419763765
NIPAL2	0.364555596425395
IL10RB	0.364499574306983
KATNBL1	0.364231113646972
CDC73	0.364220401207931
TBCE	0.364202034609063
NUP88	0.363992262766801
REPS2	0.363928630404513
PGF	0.363812330373693
VDR	0.363507558948263
MYBL1	0.363465530824049
ZC3H13	0.363459285643745
OR4D1	0.363289327974429
DNPEP	0.363237529550959
NTMT1	0.363114462252636
CENPL	0.363063433043279
IGFBP7	0.362712578058438
TCEAL8	0.362595041061303
RPL23AP81	0.362551534990934
CCR4	0.362530414531311
IRAG1	0.362505661497723
CAPN3	0.362203207859137
IKZF1	0.362029749803114
C1orf174	0.36191902090604
PRC1	0.361890574051407
TMEM40	0.361818339118634
RIPOR2	0.361760039617831
TAS1R1	0.36171228621351
RGS17	0.3615970835779
MIA2	0.361586833962649
GNGT1	0.361499396847523
EMX2	0.361323503024908
SEPHS1	0.361241557973501
VDAC3	0.361149850725168
SLC2A1	0.361087329948649
ADGRL3	0.361040424125734
TFAM	0.360902325353466
MIB2	0.360832009255219
ATP8B5P	0.360817092566405
F2	0.360603781459243
TMEM100	0.360517342296736
FLT1	0.360377991186336
ASB4	0.360232028605619
IL20RA	0.360010277677492
MCTS1	0.359952815415253
HDAC3	0.359919025997337
PLXND1	0.359520883234908
RSAD1	0.359520550821196
CDYL	0.359027113358899
RHEBP2	0.359025894166805
CHGB	0.359009917400949
STX8	0.358972137668873
NAAA	0.358833632865706
FKBP2	0.35871484836608
TCP1	0.358551407134917
C1orf50	0.358476613500933
PRMT3	0.358195344038721
XRCC6	0.358195221097871
KIN	0.358075611415497
STK16	0.357964127245281
PRCP	0.357878162118435
CDK8	0.357844439335754
NAA35	0.357813174144733
TEX30	0.357739803642281
SYNJ2BP	0.357327274416875
APOOL	0.357322502303912
SCN1A	0.357306068207601
USP32	0.357272234962676
COG6	0.357261537444587
RMND5B	0.35691158755081
NSL1	0.356867745985204
DHRS12	0.356736948104138
PODXL2	0.356703885248632
MYL11	0.356644090781299
AIRIM	0.356575076072991
NR3C2	0.356401384373891
MPPED2	0.356172492404992
FCHO1	0.356098228342625
POLDIP2	0.356030199211556
IPCEF1	0.355951348329344
DGKB	0.355931867334183
APOL4	0.355865807912182
PPT2-EGFL8	0.355628287132272
TDP1	0.35548972198813
MCM3AP	0.355387095249575
PHTF2	0.355312024909631
YES1	0.355289233924516
EXOSC2	0.355274362029098
UTP3	0.355225391030425
PCP4	0.355140641322493
PHF8	0.354990159956137
PAWR	0.354967417030045
DLX2	0.354670764220973
ABLIM2	0.354548966835812
FDXR	0.354488936423818
MUC3A	0.353842633425463
TRIM6-TRIM34	0.353772316618932
HACD4	0.353767457472273
GABPB1	0.353751127573811
SMIM10	0.353534700681563
DSCC1	0.353532101340305
MGST2	0.353160350561865
HMBOX1	0.353075221220953
GGT8P	0.353040087597949
SLF2	0.352867705748262
WDR86	0.352848506895418
FRMD4A	0.352745707065433
ATP5MK	0.352718341407985
PEAK1	0.352699145613634
TIMM50	0.352691883133367
C8orf90	0.352546376062893
SYN2	0.352413559783485
TBC1D9	0.352325417813535
HHLA1	0.352293876794753
TFB2MP1	0.352231174332514
A1BG	0.351473574810974
RPLP0	0.351344870552477
MAIP1	0.351220033143457
DIS3L	0.351043442377414
RFT1	0.350803075817157
EID2B	0.35077731219812
OSR2	0.350731136716002
SHROOM4	0.35069038825866
AR	0.350502500247232
UBE2M	0.35044805574764
KRT18P4	0.350442851314234
GNL3	0.350424156390745
CSTB	0.350415851376536
DENND4A	0.350337199220621
C2orf49	0.350310318620695
OR7E7P	0.349966481815182
PACRG	0.349942176165073
NRK	0.349906403465503
ANKRD18A	0.349746590877492
RPS15AP10	0.349725822652616
RRM1	0.349703861856958
SEPTIN9	0.34955694354997
ZNG1C	0.349556580029001
NOTCH4	0.349486640376199
PPA2	0.349072367027682
TESPA1	0.349054166581066
REPS1	0.349024866782466
SIRT5	0.348978326559469
CSK	0.348948637425831
CEP55	0.348904697981927
CDKAL1	0.348876774884187
POLR1G	0.348806742594798
NCAPH	0.348644823459883
WDR5	0.348345876440927
ACSM3	0.348338353184052
FHIP2A	0.348162229069641
SRP68	0.34811225404095
IQCF1	0.348109922802549
RMND5A	0.348045173796215
ALG12	0.347833697335197
KRT18P15	0.347706837795417
PITPNC1	0.347659237838683
TSGA10	0.347606059157084
FAT3	0.347522923458029
OAZ2	0.34743912542834
ADRM1	0.347338735969307
CNNM1	0.347264068819894
NSMCE2	0.347014273864244
ARHGAP44	0.346947891507832
H4C11	0.346946711574279
TM9SF4	0.346818241684108
DDX23	0.346764063820732
TEX38	0.346761097134554
SLC25A45	0.346749235080465
KLF2P2	0.346623504202778
UQCRHL	0.346457145035089
GGCT	0.346319658786274
PGPEP1	0.346214666189581
CYC1	0.346076819052147
MPZL2	0.346065458335688
ACSL1	0.345950850067901
STUB1	0.345796542282943
CLEC4A	0.345753497129147
TIMM13	0.345510294534463
CCNF	0.345506619324388
CTDSP2	0.345307461227179
MRFAP1L2	0.34524510045251
EIF4EBP2	0.345175260241209
TMED2	0.345171152958008
CD8B2	0.34496723850692
ZNF525	0.344849144861195
RHOBTB2	0.344729722879197
FBXL4	0.344700099085978
SERPINI2	0.344249687800195
SF3A3	0.344191244653596
TCEAL5	0.344151308052664
NDUFB4	0.344052770097117
H2AZ1	0.343745912222617
WIPF1	0.343728852890054
KIF5B	0.343666576927815
F13A1	0.343568955090896
XPNPEP3	0.343360708887573
TMEM267	0.343282532223262
ABCD3	0.343265575500198
SCAI	0.343234772966102
SLC7A7	0.343017785418123
EIF2B4	0.342991142896277
ABHD10	0.342923126883611
MASP2	0.342906662493823
TFEC	0.342698529422231
SUCLA2	0.342685047409167
POTEE	0.342675046784649
ANKMY2	0.342593945680196
SF3B2	0.342496310865217
MICOS13	0.342399894652174
DHODH	0.342200397365774
TBCCD1	0.342027723731137
URB2	0.34199838563307
PRELID3B	0.341925461523585
KCNF1	0.341754161096321
RPL23AP49	0.34172306852761
RPL21P53	0.341664919302092
SMIM8	0.341382032078053
RPL21P87	0.341285895168621
NOM1	0.341073040426863
CAPN6	0.341040420484582
SLC22A14	0.34100612669283
RNPC3	0.34098622648622
VAMP5	0.340589713147235
RPS3AP49	0.340551875127297
DUS2	0.340542884697509
USF1	0.340382034870945
CHST4	0.340370877162777
CPED1	0.340235639372838
CAPN14	0.340204758909217
RPL12P16	0.339894042270594
LIG3	0.339870175011659
ZNF384	0.339854143609414
TRGV5P	0.339709240494359
SLC5A2	0.339670845340383
MAP4K3	0.33955021443885
NCR1	0.338853173642644
CRIP3	0.338704737566199
UBE4B	0.338696388318899
ITPRID2	0.338670303217885
HMGB1P35	0.338596993705557
C5orf24	0.33857502053364
VSTM4	0.338528780875009
PMS2	0.338461976843329
GNG11	0.338283777340534
NIFK	0.338121160845736
NDN	0.338079254005543
CD302	0.338018754165801
SNTA1	0.33797270166024
VPS13B	0.337894888789872
CATSPER3	0.337886945622142
FEM1C	0.337379468592452
RPS6KA6	0.337294854728852
RELL1	0.337282083338086
STK25P1	0.33722561843539
ARCN1	0.337181975027283
PARL	0.337165781193355
PDP2	0.336970141326076
ABCC2	0.336765783494523
STARD3NL	0.336704806027706
NUDCD3	0.336648330391342
SHLD2	0.336618511355757
MYH14	0.336614942397872
ADIRF	0.336415932410533
OVOL2	0.336396180494947
NRBF2P3	0.336322258260459
CMC4	0.336231950268125
RXFP1	0.336104684923293
TIMM23	0.336004542416429
C1orf116	0.335912440343116
MCPH1	0.335856214696202
SHE	0.335799459862928
GABBR1	0.335510221164133
ETS1	0.335494439799124
TNFRSF18	0.335480899626195
ADISSP	0.335458272013577
TRIM74	0.335259571766061
ARHGAP11A	0.335195016780437
PHAX	0.334726529829305
EPB41L4A	0.334568724931986
MAP3K4	0.334489557771317
CCN2	0.334282527886625
CRIP2	0.334140949501944
GPAT3	0.334080536607887
CBLN4	0.334067886092402
CRACDL	0.334047864081152
BARHL2	0.333967923000151
GOLGA6EP	0.333950647029583
EEPD1	0.333911062630537
TIMP1	0.333646458217749
CHEK2	0.333614823229907
FBXO36	0.333575453557615
IDO1	0.333527015178902
TXNRD2	0.333468025081054
GUSBP4	0.333423220180299
RASSF3	0.333395283660799
STXBP3	0.33333244651115
CD22	0.333232087056013
NOS1AP	0.333025515894353
NLE1	0.333014604570363
IQSEC3	0.332981203611717
CCDC122	0.33296813631825
SNRPA	0.332914437514867
TP53	0.332765052659384
TC2N	0.332723172187982
CNDP1	0.332704447633836
BLTP2	0.332702514081127
AGO3	0.332630149033485
VBP1	0.332629346582042
RALGAPA1P1	0.332592618664608
EIF4EBP1	0.332515905279045
FAM241A	0.332209011663347
SETX	0.332140051465508
TNFRSF10B	0.332129662613747
RNF166	0.33190910700285
COPRS	0.33171822116734
ARPC5L	0.331652486724484
TANK	0.331430863935588
SRF	0.331405360793422
CD3E	0.331329070018624
GPSM2	0.331273167023853
CTDNEP1	0.331228142354057
PCED1B	0.331222044348313
CALR4P	0.331079893006327
CCDC168	0.330956722433563
ALDH1L2	0.330869989828877
TANGO6	0.330831080260131
PAICSP7	0.330814141095377
PTGER2	0.330542205283915
DDOST	0.33051463035576
NEK5	0.33036764207479
EMBP1	0.33025261249957
DAPK1	0.330210675205479
GABRA4	0.330071075414731
LMNB2	0.330042062515694
GPATCH2	0.329982573695485
MAF1	0.329778947043756
RPS2P4	0.329777619986525
CALHM2	0.329586269019254
ACO2	0.32955169263511
MOB3B	0.329411983412535
GIN1	0.329166871997275
PIGU	0.329054211258318
LSP1	0.328821432714857
CTSL	0.328783731470909
DYNC2LI1	0.328557220973557
CDRT15P6	0.32829219529304
LSG1	0.3276955512262
GET1	0.327562266330635
DDX27	0.32749623349253
MED21	0.327478702518614
DMXL2	0.327378913737429
NDUFS4	0.327322469364855
PRDM1	0.327086767168706
FOXN3	0.327022505023811
RAP2B	0.326886992333525
GLUD1	0.326841399498865
SLC8A1	0.326839475386451
RHOT1	0.326579630371728
SBDSP1	0.326449386433549
SMIM27	0.326293118530621
SENP3	0.326175537002766
SESN2	0.326106697666889
GDAP2	0.325851096264146
JAKMIP1	0.325757500618454
RCSD1	0.325523951178739
TP53INP1	0.325423474359247
SIRPB1	0.325380612244779
C1DP1	0.325290111313439
COMMD1	0.32528157903757
C9orf72	0.325244599713226
ZNF213	0.325045822267414
EEF1A1P13	0.324778820973721
NKAPL	0.324650959986472
DEPDC1B	0.324460735380832
RANBP3	0.324368331773252
XRCC5	0.324170058201681
ZNF788P	0.324129431902319
CEP104	0.323999740287119
PRPF38A	0.323965979353876
TRAV18	0.323959010875755
FAM78A	0.32391380369004
TUBGCP2	0.323853302254063
ATP2A3	0.323823399534315
FIP1L1	0.323651219298997
ETF1	0.323623960313708
PIGN	0.32362293394953
IMPG2	0.323506866840584
ATPSCKMT	0.323469824920519
KIF11	0.323407565327429
SMARCB1	0.323358611454167
GSK3B	0.323278486126822
ENPP7P15	0.323239439293235
CYP2C8	0.323166262513975
TSHR	0.323128620474217
GTF2B	0.322992035198024
AUP1	0.32294464600234
KRT15	0.322656475423695
UGT2B4	0.322643501553838
CNOT10	0.322633201299986
CHSY3	0.322578602147612
FSTL5	0.322576469767062
HACD3	0.322554535022962
PFDN5	0.322390471512738
RTL8A	0.322364364501699
IFT52	0.322282527231604
MSX2	0.322201003428702
CAPS2	0.322015191979649
PFKM	0.321735220777626
ATF3	0.32156512484935
LARP6	0.321219458090839
PCDH20	0.321186564394252
CZIB	0.321175914347291
INF2	0.321091419219516
RASGRF2	0.321058357263888
KLHL7	0.320989260095561
CDH26	0.32098782585875
REV3L	0.320842316800379
ITGA5	0.320836616045887
DNAJC25-GNG10	0.320810336468088
GLDC	0.320327784668381
NUP50P2	0.3203241632052
BMAL1	0.320276330750725
ANKRD27	0.320153393965515
MOCS1	0.320090218783653
BRK1	0.319987343723977
PENK	0.3199837921492
HEY2	0.319955185699632
PABPC1L2A	0.319807024615323
COG5	0.319786168062154
EEF1A1P10	0.319730023813761
CCDC85B	0.319636070764493
CERS5	0.319575788785909
EIF4H	0.31944230554706
CDC20B	0.319349820204055
ZCCHC18	0.319315189961267
ARFGAP3	0.319179769299199
ELK4	0.319167873202671
RPP40	0.319140187349225
RPS12	0.319122987361947
GANC	0.319110927540575
LRRC28	0.319012663971371
TUBA1C	0.318904997230217
CAPRIN1	0.318858357612337
SLC18A3	0.31865357506957
OSBPL6	0.318335700750867
BPGM	0.318289576913821
SUV39H2	0.318185085428774
TNNT2	0.31815660327961
RPS3AP20	0.318139906209224
SMIM26	0.318124032811428
MON1A	0.317997664852874
FSTL4	0.317987975947007
SAC3D1	0.317941371116737
NLN	0.317901766403241
KRT17	0.317823195758295
MATN1	0.317789509399852
ZNF204P	0.317685245994899
RBMXP2	0.317624697137805
TTI2	0.317605866716537
SLC35G2	0.31757176302001
CNTNAP3P7	0.316869474349766
TRUB2	0.316835197318412
GSKIP	0.316764625523864
STIMATE	0.3167029360212
TSACC	0.316696705600763
RPS4X	0.316642812909132
RSRC1	0.316512494036557
CYP4F33P	0.316433222859576
SELL	0.316416488292017
SNRPD1	0.316363092846867
TERF1	0.316353908437298
CCDC169-SOHLH2	0.316207296725363
DRAM2	0.31611324838354
SIKE1	0.316105005832516
CYYR1	0.315874347203696
LRRC2	0.315848309402759
CBY2	0.315835508331884
SLC22A13	0.315645607324472
RAB4A	0.315620225361733
MIPOL1	0.31547820949955
RNF13	0.315426130016412
ING4	0.31537224405714
FIBP	0.315311035763299
ATP5F1B	0.315252991865578
TRMT12	0.315115860574629
NDUFB11	0.314913010196293
RIT2	0.314845795027235
PHF7	0.314841077250819
CCNK	0.314813137423086
SPOPL	0.314590085192572
NACC1	0.314584397014747
PKD1L2	0.314337404568726
ANKRD10	0.314209580641455
DYSF	0.314002042765867
SSR3	0.313968200713425
TCIM	0.313947010382711
TWF1	0.313868625216769
PRMT5	0.313798961625272
STK24	0.313697221961725
JPH3	0.313603268373531
MBOAT1	0.313380676875111
DNAJC24	0.313325293905715
FAM187B	0.313309947708555
PRPF19	0.313301632111956
CALCR	0.313245541901097
ELOVL4	0.313144591761735
RNF8	0.313019634871456
AIM2	0.31300328183783
IBTK	0.312907811172188
EEF1A1P4	0.312814110939669
HSPE1P2	0.312751493143632
NCOR2	0.312317752534653
COG8	0.312184842993804
NXT1	0.312156022335164
POLR2J	0.312117551197718
GRWD1	0.312112452675527
DUT	0.312041540249011
ATP11B	0.312014101168903
DPY30	0.311980118078649
ARID3C	0.311763785624132
GOLT1A	0.311761805189264
C2orf76	0.311681542733522
LIPT2	0.311503009099876
THEM4	0.311502943180555
EEF1A1P19	0.311336043511174
CFAP251	0.311300511498971
HNRNPA1P50	0.311184992127581
H2BC19P	0.311156682628514
SPTBN1	0.311131090379051
HDGF	0.311052897720983
CNOT6LP1	0.310995854983094
MPV17	0.310910166057565
NUFIP1	0.310861992182397
VCF1	0.310845370598539
CFAP47	0.310650519303477
PDF	0.310473676126357
DNAJB13	0.310148391147135
UQCR11	0.310141159543
RNF225	0.309829514885933
TMEM126A	0.309742534649533
DMKN	0.30959819103929
MAP2K4P1	0.309239995765591
RAB14	0.309232296957968
CCDC66	0.309196463093996
GCM2	0.309110943091586
PARM1	0.308796681145442
ARAP1	0.3086819941068
NTSR1	0.308603536178863
NCAPG	0.308601175047394
LIPT1	0.308542687776822
RP9P	0.308463354719002
TTC19	0.308386324204571
PRKACA	0.308292247101768
PTCD3	0.308260981773134
GOLM2	0.308004134988297
SPATA21	0.307685074153654
SYNGAP1	0.307676927084633
NSUN2	0.307560010232128
PHB2	0.307483574484094
LYPD1	0.307272979737929
RPS4XP17	0.30724857577109
NRSN1	0.307031456200682
ADAM22	0.306924205962365
SEC61A2	0.306896273716353
MDH1B	0.306848264685867
NFKBIZ	0.306831876009581
CIB2	0.306815315900283
TAF3	0.306744919924542
GAS2L1P2	0.306508136764886
BIRC3	0.306502354706704
DSC3	0.306405642805886
CNNM2	0.306120165715304
ABCD2	0.306116175663742
MYL6B	0.305971676991802
SRA1	0.305840557220081
SNX7	0.305821722065321
RFX8	0.305748413038353
APEX1	0.305718695129542
LHX1	0.305655664706536
C12orf75	0.30564719296783
GABRG1	0.30553038633119
RAB27A	0.305415103964027
PRPSAP1	0.305329791074394
GPC5	0.305237756185905
OTULINL	0.305225464696219
TPK1	0.305169083210449
SLC25A30	0.305161106548567
MTX2	0.304997659657929
RPL26L1	0.304912553115294
SRSF1	0.30487981843641
MYH15	0.304728621564519
NUDT4P2	0.304557965576563
FBXO22	0.304530054379559
NOP14	0.304518164480885
BAIAP2L1	0.30443826899407
MAG	0.304338510937245
FAM114A1	0.304244728678046
FHDC1	0.304242985263288
HNRNPD	0.304053570151337
HLA-F	0.303895198628903
NXF2B	0.303872727707438
CAMKMT	0.303859271045634
RPL11	0.303661634628471
SIGLEC10	0.303603973227104
PGC	0.303543830549004
CCNO	0.303329792896138
PSIP1P1	0.303315157535595
SULT1C4	0.303313869706463
RASSF5	0.303266067006679
CAP1P1	0.303232613341672
LRRN2	0.303080136892829
RPN2	0.302794484571852
HSPA4L	0.302773060473872
CNBD2	0.302731152749523
CALN1	0.302628891082891
CPEB1	0.302442838621309
GAB2	0.302419746535585
ANKRD16	0.302250076225126
SSR4	0.302206572467542
MAK16	0.302154761953341
COL2A1	0.302096946288555
KCTD9	0.302048824100263
ANKRD18B	0.301981506158635
MYH2	0.301877399647046
TRIM16L	0.301864998876812
EMC6	0.301764902535241
NUP93	0.301724826579978
TLK2P1	0.301585511003958
GLCE	0.301565078954227
C1orf167	0.301459159296211
BBLN	0.301442025143178
PPP1R26P1	0.301341079416025
ECH1	0.301286886977522
TAB2	0.301274452504398
PWP1	0.301248883860211
H2BC4	0.301171665386698
HYPK	0.301165986935138
KRT72	0.301128030086282
PYCR1	0.300927876201605
DHX9	0.300787716224065
PTBP3	0.300650990888053
DPM3	0.300632988701276
UNG	0.300592578397483
USP34	0.300573481918988
CD37	0.300558447844719
MRPL27	0.300298969068259
MEA1	0.300293517575065
SIL1	0.300155919802845
EIF3FP3	0.300130409816329
HSPA1A	0.300112007839248
BNIP2	0.29984981355304
KCNS1	0.299826632279708
CALHM6	0.299822120950636
PRKRIP1	0.299568742532238
NDUFA4	0.299423563471681
NKAIN2	0.299309902002963
PHYHIP	0.299202640669855
SNX6	0.299179630111192
MRPL19	0.299061185244971
AKR1D1	0.299059143001038
LSM1	0.298943190537975
MRPS15	0.298924821300524
FBXO43	0.298869814843251
OPN3	0.29880341724715
CPNE2	0.298746885797421
DNAJC8	0.298441624305992
SLC25A32	0.298394809485894
FTCDNL1	0.298306316741283
UPK3BP1	0.298243175066352
SLC44A4	0.298043352922345
CPSF3	0.298019298235682
SLC43A2	0.297885974933527
HSD17B11	0.297855872714367
GTF2E2	0.297694165167157
MRPL35	0.297636389363891
DCAF4L1	0.297576570295078
DNMT1	0.297537420895449
SLC38A6	0.297354658255047
ACSM6	0.297184780529658
RBX1P2	0.296898641404039
STK4	0.296893450472775
TRANK1	0.296538955650371
SNRPB2	0.296482460672222
ZNHIT1	0.29644960395958
RNF10	0.296147242145611
PPP1R12A	0.296130255053374
BCRP8	0.295998512041576
PRPF18	0.2959292389669
H3P6	0.295823761791755
LGALS14	0.295781813836121
KDSR	0.29574667355492
DDX11L9	0.295714605524224
UQCC1	0.295687997344756
ABI1	0.295627175054205
TPTE2P6	0.295624043304012
TOP2A	0.295560924028279
CEP41	0.295476268224975
SACS	0.295403944003789
TUB	0.295222669160402
NCAPH2	0.295185654304935
TUBA3D	0.295113205069353
KCNH7	0.295053367543978
MYCT1	0.295021079917334
NCBP2AS2	0.29486536229276
ACAD8	0.294840921232814
EEF1AKMT1	0.294744533288593
SPC24	0.294618481660631
TNFSF10	0.294610468923459
SMIM12	0.294540371200256
NAT10	0.294514143825808
FKBP3	0.294498254990857
FAM204A	0.294437727513109
FGF21	0.294384437757234
IMPA1	0.294210906889083
TARS1	0.294169259204802
NIT1	0.294047919727818
SGO1	0.293912706100569
SEPTIN7	0.293829143950604
OSR1	0.29357309778437
SKINT1L	0.293520940671517
C4orf50	0.29344223143438
PLEKHB2	0.293333423964482
TFG	0.293228420256661
RLN2	0.293157822420702
UTS2B	0.293038758816542
ZYG11B	0.292986861268304
ABCB6	0.292940337146008
ANKS1B	0.292848628683019
ANKFN1	0.292707638755516
ZNF835	0.292706620302394
HNRNPUL1	0.292679971139866
CHUK	0.29260699078852
MSH4	0.292456902477239
EEF1A1P11	0.29230969300121
TRABD	0.292217912097001
SLC25A3	0.292186789600966
GCM1	0.292137746893163
HAUS6P1	0.292107589811868
GALNT13	0.292077050176332
NTPCR	0.292076750255254
PTPN7	0.291991450131786
SPIN2A	0.291972798733638
NUDT15	0.291882604004336
TMEM92	0.291784364107805
PRND	0.291772689019278
LRP5	0.291614931688138
TMCO1	0.291606920732856
RBBP5	0.291506107818278
WLS	0.291352330839668
AGBL4	0.291252854953204
PTPMT1	0.291203135521491
PCNPP1	0.29114650730004
GFI1	0.291108251986003
BRD8	0.29110720689709
ATF7-NPFF	0.290976254174283
MZT2B	0.290896294096822
CHAF1A	0.290878226257219
GUSBP5	0.290605959452166
SRD5A3	0.290596868002122
OR10AB1P	0.290473018361691
C9orf85	0.29031288128855
ASF1A	0.290311624079837
RPL29P11	0.290241214894055
PSMC4	0.290007022521008
ABHD18	0.289984836079459
CTAGE1	0.289922438705176
KNOP1	0.289741693127928
ZCCHC17	0.289736534229189
FKBP7	0.28971301209553
BDKRB2	0.289676400549922
S100A2	0.289664128206213
CTNNBL1	0.289630049514584
ZNF106	0.289521001367084
NALF2	0.289324926089832
CUL2	0.289236599829894
INTS3	0.289121040246251
ADGRG6	0.28902153620028
FUT4	0.288752252482712
AUNIP	0.288702840327507
CNOT9	0.288471259620782
RAC3	0.288210041614276
FOXL2NB	0.288108582740005
GALR1	0.288054445461165
TCP10L2	0.288048409658299
ARFIP2	0.287963677718656
AICDA	0.287936793033739
PSMB2	0.287932700640389
TPST1	0.287923589082703
KBTBD8	0.287830085543637
PLPP4	0.28759131158534
ZNF90	0.287545678214837
HTATIP2	0.287450233182113
DEK	0.287322699865218
CRYBG1	0.287158648000619
NRROS	0.287049321087251
TRAC	0.287023069219284
UBR1	0.287013935814201
DPP9	0.286981841290858
MACROH2A1	0.286981341755424
ECPAS	0.286898112537718
STX11	0.286803970351728
GORASP2	0.286719880806058
SMYD3	0.286711484510194
TRIP13	0.286660727839662
DRG1	0.286439889349563
CARD8	0.286107842473446
CD14	0.286082109916175
EVC	0.286080041322713
DCHS2	0.285912725803988
PCLAF	0.285778486112355
ATXN7	0.285715389300272
TRBV20OR9-2	0.285523590715482
MED28	0.285511533788458
RPS7P10	0.285316616610818
FIGNL1	0.285269876217498
FKBP14	0.285008159071851
PRR16	0.284885857198488
RUBCNL	0.284810451826336
PUDP	0.284579483055589
RAB42	0.284544355913183
MRPL9	0.284467465669922
CFHR3	0.284405993161742
TPR	0.284394864670844
DPH1	0.284364132094635
NPEPPS	0.284355677890393
TSNAX-DISC1	0.284293746938263
CRY2	0.284241821838255
REXO2	0.284006515750824
CDADC1	0.283991206519019
SFR1	0.283880266355676
EFCAB7	0.283814813452843
IDE	0.283772549592578
PDGFRB	0.283683423695148
NUP205	0.283631961790224
RAF1	0.283491946178698
CTBS	0.283183499601489
ABHD5	0.283127373651521
PRSS42P	0.283043210529069
RPL10P9	0.282966406754103
GCSH	0.282600226508391
KDM4A	0.282596129750949
ARF6	0.282512829133012
ZAN	0.282458278068315
OTUD4	0.282200147514229
MFN1	0.282058374816569
STARD4	0.282023133560401
TNIK	0.281997020899025
HLX	0.281840889893908
PDSS1	0.281728481045341
THAP1	0.281588019734667
ZNF540	0.281435730029684
RPS23	0.281320228391298
METTL23	0.281264831216984
FES	0.281217564439736
N4BP2L1	0.281003120912892
PUS3	0.280991243837888
CCNQ	0.280887184328348
CFAP92	0.280837901635605
SH2B3	0.280694619421765
RIPK2	0.280616500810825
ATP5MC3	0.280480086576151
CALR	0.280383168447083
SPTLC2	0.280063677819362
NME7	0.280050807579473
OVGP1	0.280030966820405
CEP15	0.279978634776703
KDM2B	0.279906779172694
MDFI	0.279895924335791
DMRT2	0.279889966952772
PDK4	0.279815789067083
GNA13	0.279784380303306
KIF2C	0.279596470157554
SEC11A	0.279592360071515
TMEM108	0.279563158031999
CUL4A	0.279462559382847
VCX2	0.279414288171967
PTRH2	0.279269881761127
SDF2L1	0.279153546934857
PITPNM1	0.279052898801185
POLG	0.278751624968649
PLA2G4D	0.278624506474514
CCDC86	0.278596320730896
EIF3F	0.278587549878643
ATM	0.278415057583066
ACOT9	0.278388718283545
WDR18	0.278169685862152
ZNF169	0.278083952500348
PPP2R5C	0.277956952384737
STON1-GTF2A1L	0.277922881244056
NET1	0.277740593392683
RASA1	0.277628422995992
COG4	0.2773573594247
NKX6-1	0.277293558747832
CIDEB	0.277252438029256
SNX17	0.277232737447978
TMEM177	0.277175427148275
GPI	0.277168247055254
MRM1	0.27715266583609
GRPR	0.277052293705103
MDH2	0.277002256312129
ZP3	0.276920399373197
RUBCN	0.276862999280461
ATP5MJ	0.276815156397016
STX1A	0.276770350622294
PPP3CB	0.276750913033783
PACRGL	0.276713135836314
USP47	0.276696618710642
SINHCAF	0.276691340502075
CCNB2	0.276677695411772
SLC5A4	0.276639540274807
MAOA	0.276618143953609
NHLRC2	0.276615330401539
POLR3G	0.276586739082052
CCBE1	0.276460190134716
SHC3	0.276403799981377
ACTA1	0.276334758184509
ABI2	0.276326814289872
STARD8	0.276288202943921
H2BC8	0.27617157270081
USP39	0.276071722050131
ZNF93	0.276040165062788
TM2D2	0.276028431853607
TICAM1	0.275932777476117
C2CD6	0.275872889647861
TAF13	0.2758410335368
GRSF1	0.275662468807634
GABBR2	0.275620955651455
NALCN	0.275602898022614
MGAT1	0.275578232111911
TGS1	0.27553725872505
GJC3	0.275379458213213
NABP1	0.275372742315169
TRPM2	0.275223536479605
DNAI4	0.27516622863442
FBLN2	0.275159880575513
ASGR2	0.274945693795744
SERBP1P6	0.274922517490779
ASPHD1	0.274879846216871
SRPX	0.274848221249119
CANT1	0.274790806809831
SUB1	0.274695386228106
MCOLN1	0.274647504122334
MRM3	0.274604036575297
HNRNPA3	0.274490895271481
DGKE	0.274444833432179
PPP1R12B	0.274410438992098
AFG2A	0.274291974038945
SF3B1	0.274263659046408
HBE1	0.274255635580529
ERN1	0.274244819292621
PRELID1	0.274003731886196
EIF4G1	0.273726685152891
CSPG5	0.273689232719239
TSPAN2	0.27365342294332
PDS5B	0.273417425982758
ZDHHC2	0.273413501549599
CMTM8	0.273330602827664
ANO6	0.273198907632757
TIMM17B	0.273190382604832
GABARAPL1	0.273173433028053
PEA15	0.273057101082312
SLC25A12	0.273026491861058
OGFRL1	0.272936638671846
DPP8	0.272930831815999
YWHAB	0.27293036231729
NEDD8-MDP1	0.272622901214566
C17orf58	0.272576901950515
SHROOM1	0.272485324726457
CHCHD4	0.272479138586116
ST3GAL1	0.27246049489309
MYL7	0.272344161024095
ALAS1	0.272249345240279
OR10AG1	0.272248200016236
LLPH	0.2721224741802
KPNB1P1	0.272115566008023
LCP1	0.272047910857048
TRIM15	0.272040764455989
FOXG1	0.272022063350875
TDP2	0.272010138602581
KLRK1	0.271931471389773
TMIGD2	0.271835441425786
SLC2A3P2	0.271801946560491
OXCT2	0.271719380235304
YRDC	0.271708122480225
LRRIQ4	0.271587352593981
XPOT	0.271314239480169
PRKD3	0.271262632752432
MYO1F	0.270903119295314
CENPF	0.270902509777272
MSH6	0.270893087079546
LMBR1	0.270887625956511
NOSIP	0.270831263951716
IRF1	0.270826301379724
SRGAP2	0.270530643282149
ENTPD1	0.270354307409742
APOL2	0.270345497027786
BCL2	0.270342619907825
CCDC13	0.270269568030107
ALAS2	0.270201429611968
DNTT	0.269848690585051
ARMC1	0.269772732407548
RSRP1	0.269640744759984
TUBGCP4	0.269565045470319
KBTBD6	0.269564824913619
CCDC169	0.269555220596859
RPS6KC1	0.269430777409094
ORC3	0.269411758348644
RINT1	0.269374523684846
NDC80	0.269177104763011
ZNF627	0.269062428744954
GRPEL2	0.268960665247106
WDR91	0.268926172407048
ADGRF3	0.26888482843923
MFF	0.268875771584436
WT1	0.268530894694311
CAPN13	0.268525598095468
ADH5	0.268445674957712
DPYS	0.26835961517258
TPTE2P3	0.268332529859619
LGALS9	0.268147802311929
ZNRD2	0.268140706682267
EIF4BP3	0.268110434739078
CYP27B1	0.268021667283323
HLA-J	0.267861960194684
SAMD4A	0.267785716671135
PCDHA3	0.267753948151787
PPP1R42	0.267669833235414
KLHL8	0.267663514025991
GBA3	0.26762163766471
IRAK4	0.267611988701578
ASB9	0.267554430185118
TACO1	0.267544486900589
RPL6P10	0.267510385998343
DPH2	0.267459135548881
IFT20	0.267373926182294
GFRA1	0.267348809117602
TMEM161A	0.267321017663859
PPM1G	0.26731040893573
FTH1	0.267208934198232
PLAAT1	0.267188133784715
PROKR2	0.267175324682592
MAD1L1	0.26693096615103
ARHGAP28	0.266882419861482
ZWINT	0.266871558747052
RP2	0.26683396186781
TRMT9B	0.266671926572441
UBAC1	0.266612374453247
GOLGA7B	0.266611120886744
GPALPP1	0.266599421161989
ZSCAN10	0.26639846628123
CSNK1E	0.266287749104378
MRPL17	0.266137268118232
EIF4E2	0.266096248075751
RPL24P4	0.266073661519475
ANKRD17	0.265665973317738
NPEPPSP2	0.265651875500481
RNF41	0.265605853512916
ACOX3	0.265573082516522
NENF	0.26544292502223
C3orf52	0.265434833312621
FSCN3	0.265414379472735
PDCD2	0.265366133729516
DCDC2	0.265237859226517
NMUR2	0.265229044841859
PARP1	0.265053681542143
TMEM11	0.26494006416833
FAM181B	0.264904326612074
ANAPC1	0.264900207948954
ATP5MG	0.26487497418764
ALX1	0.26482637443914
CFAP221	0.264750668915309
SLC26A4	0.26472315220428
OTUD7B	0.264722117337201
NUCB2	0.264614984751043
GOLGA5	0.264607420682172
CHI3L2	0.264450902697394
ANXA7	0.264432612518566
MCTS2	0.264413905116899
DDX41	0.264241212245593
LDOC1	0.264223023289647
REXO1	0.264210203573563
INSL3	0.264162815553334
MBNL1	0.263856268623948
SCML1	0.263687899093832
RPL7AP6	0.263659040545802
GUCY1A2	0.263439331150268
VTA1	0.263301637979146
KIF18B	0.263253334035512
SRPRB	0.263178335344675
PRODHLP	0.263104061843471
MTNR1A	0.26308657470583
RFTN1	0.262991983907321
YWHAZP3	0.262866435818527
POLR2G	0.262859418948357
SLC39A14	0.262691769327563
PCTP	0.262615529432478
CTH	0.262554391739348
LIPA	0.262535804376127
RNPS1	0.262529325156339
HP1BP3	0.262489770058257
POP7	0.262363348343114
CITED4	0.262324873689047
MCMDC2	0.262312830938358
UNC79	0.262271602574979
ALG10	0.262237008899992
BUD23	0.262215033959278
TCEAL9	0.262127532202258
PSMB3	0.262060883833102
RFXAP	0.261994457326028
BYSL	0.26196747767058
CDKN2A	0.261846551068705
C19orf73	0.261581224801327
CEP112	0.261458707392432
REP15	0.26117677614942
HVCN1	0.261146577089318
BCLAF1P2	0.261047778154144
RP1L1	0.260982717398943
PSMB7	0.260932719216972
CDC37	0.260894897510585
SPIRE2	0.260824317529118
MARCHF4	0.26074056913824
IGSF3P2	0.260713103070289
ACBD6	0.260642331776206
TLN1	0.260484845471147
RETSAT	0.260441227251213
KCNJ15	0.260438488215528
IARS2	0.260331942185872
NR6A1	0.260314625559758
CUL1	0.259806849695535
MRPS30	0.259768502106341
ADARB2	0.259750141223185
GCSAML	0.259575904979328
PTBP1	0.25954795793358
JMJD6	0.259299441782666
SYCP3	0.259281476380993
C11orf58	0.259271252347329
C20orf96	0.259210771371213
TRPM6	0.259196394466991
UBE2N	0.259185399532527
C6orf62	0.2591730185293
TMEM132B	0.258780646522226
MESP2	0.258738033205401
MTRES1	0.258687244619502
LAMP2	0.258634999016009
SLC44A3-AS1	0.258497515535632
IL6	0.258470417756743
ZNF678	0.258355952749986
EVA1CP2	0.258325001379625
TMX2	0.25825705054393
UQCRB	0.258097214490784
BRCC3	0.258089655647099
FGGY	0.258063002963662
TEX29	0.258044632229168
PRUNE1	0.257916274367394
FAM135A	0.257839804720819
BAX	0.257741543807092
KHDRBS2	0.257709795514329
ARL6IP5	0.257702537324984
FBXW2	0.257629749705031
C10orf67	0.25762621569877
WRAP53	0.257520226669498
GMPPA	0.257508495448618
RTL4	0.257357659821927
STAB2	0.257316483724028
TTC29	0.257294188043875
MMS19	0.257284890096505
UTP14A	0.257090607924808
TMCO3	0.256922698447436
DAB2	0.256911901234138
RPL23AP25	0.256859330563106
PSMF1	0.256814199317388
MLH1	0.256706575103357
CPQ	0.256689604847035
FUCA1	0.256643947538809
C1D	0.256613429175522
CDC42SE1	0.256413151719452
NWD2	0.256407387718427
YIPF5	0.256388644824972
LRRC36	0.256176586511267
IFT57	0.256147894116196
SEC23IP	0.256143064108561
PLEKHM2	0.25609577835806
PURG	0.25578632081355
MRPL45P2	0.255774306353905
FOXA3	0.255748966980794
WDR59	0.25573558743209
PRICKLE1	0.255678401746577
USP32P3	0.25563780886911
HOOK1	0.255529791409923
ACOT13	0.25552297075415
POT1	0.255301851422488
QRFPR	0.255265042070783
CORO1A	0.255174692738978
TCF20	0.255164883250948
ECMXP	0.255132251501748
GOLGA8O	0.255124851485327
TEAD1	0.254963351059339
NTM	0.25488847518195
FAM217B	0.254879196340528
CCNYL2	0.254766379667844
TXNL4A	0.254757179014774
ABHD6	0.254682541912494
AKIP1	0.25464890194929
TXNDC12	0.254613878713031
C3orf80	0.254601241903727
ADGRG5	0.254573448084919
POLG2	0.25454440573213
TCHH	0.254403403076225
ENO1	0.25434588676143
HGD	0.254272962411721
PWWP2B	0.254187561105772
TMEM198	0.253983866716377
BOLA2B	0.253769915923802
B4GALT3	0.253753767963363
RBFOX3	0.253739029665486
LAMP5	0.253580293701155
TCOF1	0.253481665182368
KMT2B	0.253422466136541
COG2	0.253378005733618
SCG5	0.253345266630555
ARMC5	0.253229555605489
GATAD1	0.25321024137125
WNK1	0.253161879320064
MYOG	0.253074214452086
ITGB3BP	0.253069519615613
MRPL48	0.253066438813582
ZNF804A	0.253041677170156
PPP1R16B	0.252857690187345
NDUFB7	0.25283428894759
NFX1	0.252710861514693
NEK1	0.252521307089501
DYNC1H1	0.252512545709285
GSTA1	0.252447744729889
IRAK1BP1	0.252321885290896
METTL5	0.252223859573843
VEGFD	0.25218284423806
CDKL2	0.252048330317431
PIGBOS1	0.251932237233405
HCCS	0.251851600656966
XPO5	0.251843590320677
TMEM30B	0.251623558968267
ARHGAP19	0.251568434242972
RNF144B	0.25153691959089
ABLIM3	0.251388097631248
FARS2	0.251373451234385
PDCD6IPP1	0.251369799526839
RPL32P27	0.251366418166792
DENR	0.251355366965136
EAF2	0.251134385750697
LAMC2	0.251002855891865
TRIM28	0.250993212979893
SWT1	0.250640468262472
SLC25A13	0.250633339560575
OR14A16	0.250490509021343
FH	0.250455086672778
HOMER1	0.250394173248643
DSG2	0.250325894231808
SLC6A13	0.250318593915189
ACTR5	0.250093798022689
SELENOM	0.250087062302787
MDC1	0.250040434338104
TCAIM	0.250002070581772
SERP1	0.249766628813903
NUDT5	0.249764292533464
ZNF273	0.249763964638086
ARK2N	0.249699967169084
SF3B4	0.249548356857605
SPRED1	0.249529915681427
THAP4	0.249423276872569
LHX6	0.249412988573506
COPS7A	0.24925652414936
CHURC1-FNTB	0.249217074481136
HMGN3	0.249205511181326
ACTR8	0.249147316784552
CPXM2	0.24912131385952
SMC3P1	0.248971473067712
TAF12	0.248927907587741
RTCA	0.248897928014903
RAB3A	0.248870182216329
PPP4R3A	0.248845204141799
DTL	0.24883017816213
ZNF223	0.248679442009711
PRKAR2A	0.24859247311535
P2RY2	0.248446475565581
CASQ1	0.248356809805735
TCEA3	0.248343997720731
BRCA2	0.248294854761814
UBL4A	0.248275953518031
KLHL42	0.248179597186936
HAT1	0.248153941125063
PVALB	0.248105162420477
AKAP14	0.248067165790646
BRCA1	0.247911403916105
RFESD	0.247910690197409
NOL11	0.247773173379098
ZNF528	0.247639738900537
HSP90AA2P	0.247556529395433
NTNG1	0.247481340585365
DZIP1	0.247472173656539
GYPC	0.247470276281371
ELF2P1	0.247439593388485
EIF4A3	0.247421717139956
NPAP1	0.247363734388149
DMRTA1	0.247274400220756
RPL21P16	0.247228598196445
NOL6	0.247115607400199
JOSD2	0.247020721198013
CCDC124	0.247001328766546
UBL7	0.246970293563257
TESC	0.246811615033872
RPL26	0.246766226823742
IGLC2	0.246716103437713
URGCP-MRPS24	0.246648978453244
MED4	0.246648663365395
NHS	0.246578201266048
PIP4K2A	0.246444485211212
IL17RE	0.246339910477159
FGG	0.246294242518179
SET	0.246251521201751
HIGD1A	0.246199121090725
ZNF197	0.246178756147939
SIT1	0.246094959957916
WDR44	0.246088876938125
RAD23B	0.246067427588595
ZHX2	0.246021288033819
CD19	0.245968432073481
TMEM184C	0.245866619588248
CHST11	0.245807821943098
OLIG2	0.245800066357825
ADAMTS15	0.245664505829587
FASTKD1	0.245577300489561
HAS3	0.245519428126051
AGTR1	0.245345132218364
MMS22L	0.245279948726687
PTCHD4	0.245254913697459
RBIS	0.24520255574658
AIFM1	0.245045987641515
MRPS28	0.24501152074031
COX16	0.244868402776497
FTH1P2	0.24484738183334
SP1	0.244831874624209
TRMT10B	0.24482391591683
AKT1S1	0.244722943465416
UBR3	0.244674603061069
TARDBPP2	0.244629159958897
CMTM1	0.244501527050324
PIGF	0.244454822424175
RCN1P1	0.244422121110482
SNRPA1	0.244390559853412
OXT	0.244382545686839
NPRL2	0.244238034052441
KCNAB2	0.24417949604856
PAICS	0.244153559713722
TSPAN4	0.244150631422755
CLIC1	0.244022609332753
ATRX	0.24396486881136
GOT2	0.243902422064317
CATSPERD	0.243862138616698
XAB2	0.243839944261054
SLC25A40	0.243740451117676
COQ9	0.243728322047947
C14orf93	0.243694906517015
BOLA2-SMG1P6	0.243528247338233
ARPC3	0.243471716522741
MPRIP	0.243437900242948
GTF2H2	0.243351658929838
SLMAP	0.243227713095769
RAPGEF1	0.243079577135629
NDUFB9	0.242938992018071
EIF4HP1	0.24293101736235
MSL3	0.242904688905325
ANKRD20A5P	0.242872957397564
COX7A2	0.242858757808304
RUNDC3B	0.242710759765115
PLAUR	0.242632067592826
KANSL2	0.242497615242331
PSKH2	0.242353640425487
OCEL1	0.242318059400828
SKP1	0.242120763308715
ENPP1	0.242090076331677
PLCD1	0.2420569951143
CRYAB	0.241933036412431
UBXN2B	0.241887371906636
BZW2	0.241847050575753
FTH1P23	0.241634113858752
PRCC	0.241620631945483
MYL10	0.241458493409167
ABCA15P	0.241182814829667
TMED10	0.241175540642199
ERLIN1	0.241161064571255
ADIPOR1	0.240893897127943
HRAS	0.240861953306101
WDR97	0.240809162397791
UFSP2	0.240807519000122
GIPC1	0.240779282845992
MED12	0.240578688614513
PPM1B	0.240457628021553
ANKRD20A21P	0.240431653043062
TFCP2	0.240419108207683
ARHGAP26	0.240393268427542
SSU72	0.240379298571936
AFG2B	0.240316396155902
MCM3	0.240316132558535
OAZ1	0.24029732912495
PCDHGA12	0.240189588133034
TTLL5	0.240125856017617
AEBP1	0.240102485058203
SLC7A3	0.240102322234978
MAMDC2	0.239981783138969
MYPOP	0.239953233513076
LAS1L	0.239794703741525
KBTBD7	0.239700874618953
CCDC34	0.239664790444916
IQGAP1	0.23959942219394
BIN1	0.239556604713524
OXNAD1	0.239530880833732
RPS10P7	0.239489584689444
SLC5A11	0.239472377188125
SPATA31G1	0.239380654589486
MDFIC	0.239106691407484
CFAP161	0.239059508976471
RNF126P1	0.239038458940855
SLC9C1	0.238891639370438
DLD	0.238877891971234
CRYGD	0.238875858895616
KCNV1	0.238803458210434
TMEM145	0.238671315507126
XPNPEP1	0.238653030705004
SULT6B1	0.238463423109172
IGHA1	0.238463256434024
C13orf42	0.238451211899978
SLC39A3	0.238420361553487
HMOX2	0.238405360768004
TRIM34	0.238330527913967
STOML1	0.238328074711853
ATG5	0.238281170160014
LAMA3	0.238214009937031
CA12	0.238186954605874
RAB37	0.238183836605681
PDCD5	0.238106161044815
GLS2	0.23805560518762
NKAIN3	0.237602837212195
PAGE4	0.237562099785063
MAGEH1	0.237335370240719
UBTFL6	0.237296521944661
RPS6KA4	0.237254502196959
TMEM165	0.237250406824846
CRACR2A	0.237244591637179
CSRP1	0.237205569712254
PPP1R11	0.23711082410928
TEKT3	0.237091863134329
NGDN	0.237054533559476
RIC1	0.236987260383151
CEACAM1	0.2368308570123
APCDD1L	0.236810772510736
GUCY1A1	0.236602510640927
CCN1	0.236571699655959
TLE1	0.236464845261145
TMEM81	0.236462119024773
EVI5L	0.236412076969288
LRWD1	0.23638153354746
SCAND1	0.236302424220356
RASL11A	0.236219085044097
OSBP	0.236134771356657
BCCIP	0.236000968466825
TMEM167B	0.235990662847769
DZIP3	0.2359552649456
JPH1	0.235937856757675
BAAT	0.2359336065576
ZSWIM7	0.2358874348205
UBE2D4	0.235862442538969
KLF2	0.235689859610986
SLC6A15	0.235650384718992
C1QTNF3	0.235627726293675
MAP3K5	0.235443861772184
SF3B5	0.235316788291288
DNTTIP1	0.235291065567176
CYTH3	0.235185021931891
BRD10	0.235157435465883
DDX11	0.235105502384636
ZNG1DP	0.23503978937296
NABP2	0.23485827949488
UNC50	0.2348229873649
H4C16	0.234585389143262
EMC3	0.234566221509884
LCA5L	0.234526343810862
GCFC2	0.234357424441985
DDX1	0.234344120144671
CA10	0.234307789965241
CENPS-CORT	0.234169077396717
MX2	0.234069669346019
BUB1	0.234061281159207
LYAR	0.233821839812148
INTS15	0.23376799823111
APOL6	0.233719686618397
RNASEH2A	0.233684934497495
ARHGAP18	0.233554365516529
ORC2	0.233515638288542
ZNF492	0.233433218039653
E2F3	0.233392270275629
ZDHHC20	0.23338898886133
H2AC14	0.233222627308334
RANP4	0.233171126182043
KAT7	0.233076670487079
FRMD8	0.232911815228899
TESMIN	0.232838409235226
RBM7	0.232768822725362
FAS	0.232745052626396
CLVS1	0.232734903051493
TPTE2P5	0.232589659846153
TMOD4	0.232508691027162
WDR93	0.232453100366658
MAGEE2	0.232282496800069
CSNK1G2	0.232202687163455
NUP43	0.232135019190617
GRPEL1	0.232103441187116
SNAPC2	0.232005320470226
EIF2A	0.231958780519453
CDIP1	0.231944162475824
ARHGAP19-SLIT1	0.231847554483013
SEMG1	0.231571413711172
IMPDH1P5	0.231513987226791
UTP6	0.231372716376249
TERT	0.231370990034881
TYRP1	0.231350068219118
MARK4	0.231286740412854
RAB40B	0.231278180675733
GATB	0.231269289663824
NAP1L2	0.231214787649852
PIEZO2	0.231132716021066
IL18R1	0.230713404489734
RPL7AP30	0.230460602241184
ACP5	0.230204580064633
TDO2	0.230170072053177
MCM4	0.230153685946734
ZWILCH	0.230062332307551
CA8	0.229985700008746
COLQ	0.229951454010338
HTR6	0.229920943127102
CLCN3P1	0.229884065991657
PLPPR5	0.229857549402496
UQCRC2	0.229842074527831
AMMECR1	0.229838383544938
GSTT2B	0.229774428279455
A2ML1	0.229471748546569
HERC2P4	0.229401785865852
TTC23L	0.22915194764219
SCMH1	0.229050453340706
MMRN1	0.229032945302966
BLOC1S6	0.228880153013495
CPOX	0.22880904957689
TMEM249	0.228599841624851
MGA	0.228580185779235
IL4R	0.228579675580864
SP4	0.228568485103612
UGGT2	0.228518693098159
AARD	0.228428708620533
MILR1	0.228371633072325
GNL3L	0.228227390015512
COTL1	0.228057054713913
DAG1	0.227954261422903
AKR1E2	0.227934225806705
RNF214	0.227813420165592
RGP1	0.227696865644615
RPL26P6	0.227618352508724
FRG1	0.22759357690224
DUSP7	0.22757105348003
TRMT6	0.227540031286308
GFRA2	0.227465042508717
ARHGAP4	0.227436688533306
PDCD11	0.227362106858272
SLC25A41	0.22735879254151
ELL2	0.227240148510583
LRFN2	0.22720723768495
ST8SIA1	0.226974310349999
PALM2AKAP2	0.226967637988588
PELI1	0.226803086483194
POGLUT1	0.226788351186132
JAGN1	0.226783825711804
TTC27	0.226721953212698
HJV	0.226705311934644
GLYR1	0.226673570878228
SENP5	0.226474463347765
LCN15	0.226433937506103
CISD1	0.226390515507312
PCNX2	0.226268552461955
H2AC16	0.226266760360752
NTAQ1	0.226248496780849
SORT1	0.226246929344301
RPS8	0.226194774258726
SOX3	0.226141380751805
PGAP2	0.226029246988103
MEGF9	0.225973456287553
ADRB3	0.225956427502212
SDCBP2	0.225946063770044
RELB	0.225941292644494
CSGALNACT1	0.225934743597846
POLE4	0.225910858363943
PCYOX1L	0.225799240410637
CYP1B1	0.225772243107758
ST6GAL2	0.225730798193561
SCAF11	0.225682063991086
GPR25	0.225668332127976
PRR4	0.225666330833479
C10orf88B	0.225585442413264
SLF1	0.225552531438695
FER	0.225482107908267
PLA2G4E	0.225479444095063
SLC9B2	0.22541644905548
ASAP3	0.225401095229388
CDIPTOSP	0.225390131674701
CFAP90	0.225287083622112
DLL3	0.225196435360302
FAM185BP	0.225188247704487
SLC38A1	0.225168966192455
GOLGA8R	0.225155489992325
NUSAP1	0.225063369001905
PALMD	0.225044493197512
UBL5	0.225036030120091
GIP	0.225029363772445
C11orf68	0.224930979585278
MAGOHB	0.224901787432037
RPL21P98	0.224700764948137
KRT222	0.224659860748004
ELMOD1	0.224635955743707
SLAIN2	0.2245512942583
RPS26P15	0.224497453076561
SKAP2	0.224455176383511
TPD52	0.224436608205908
CFAP46	0.22440469479982
ZNF207	0.224207615905509
KIAA1210	0.224144255529327
KYAT3	0.223973800363472
OPA1	0.223961077188443
C19orf84	0.223911451820775
GEMIN7	0.223753326377897
ASNSD1	0.223549752746132
DCDC1	0.223543716120946
WARS2	0.22329054017761
GPR45	0.223181070112589
ERAP2	0.223128651460037
PNN	0.222890092696045
STYXL1	0.222842235839267
FAM221A	0.222836246103885
TRIM68	0.222811987894915
RMI2	0.22275336641135
GTF2IP14	0.222713619787307
SHFL	0.222566754387068
CDC23	0.222255928863865
TCF23	0.222210852619926
KAT14	0.222192375429996
KIF13B	0.222190996727421
BHLHA15	0.222176602763662
SLC24A4	0.222140494078848
FBLL1	0.222133463015768
ITGB1BP2	0.222023804457043
FUT3	0.221945475105704
PIGCP1	0.221881534266255
REXO4	0.221828800736934
SPIN2B	0.221806227274035
SUPT4H1	0.221753641173499
ZC3H8	0.221709621587748
SLITRK4	0.221654579407695
GNRHR2	0.221624119953535
KLK14	0.221444962730229
PSPH	0.221425013255763
KDM4E	0.221367969863137
WDR49	0.221333240328037
SUGT1P2	0.22133034176197
TRIM52	0.221277061729377
INSYN1	0.22123715795663
RPL17-C18orf32	0.221178867241227
ETAA1	0.22114681302517
POU3F3	0.221067921995642
PRDM13	0.220967548941972
CD63	0.220833389408464
SRM	0.220676932402825
ZSCAN31	0.220608924438186
ESX1	0.220540683009344
ACAP2	0.220519232102858
ORAI1	0.220476820506341
EXPH5	0.220473436966183
RNF139	0.220471168498748
LAMP3	0.220380399466515
SLC30A10	0.220173442771144
ITGA1	0.220111807253676
OR2T33	0.220104750287231
PRMT2	0.220068630984237
SLC44A5	0.220009927758376
GLUD1P3	0.219994333468134
TDRD5	0.21999020675556
PDS5A	0.219926778538346
RDH12	0.219847475626642
SPEGNB	0.219836668162224
FAAP20	0.219705413340854
GXYLT1P6	0.219690706864336
S100A11	0.219675789357855
LYST	0.219638817427305
IGSF22	0.219631501757259
GALE	0.219611176209314
WNT9B	0.21951676444637
NAE1	0.219357269237769
MTA2	0.219338611820117
ZBTB46	0.219333621892035
SRSF6P2	0.219240233885641
THAP3	0.219160665203596
RPL13AP20	0.219104457998477
CITED1	0.219040234567691
TENT5A	0.218986554722379
PTK2B	0.218939855139072
SCYL3	0.218923144876184
FNTA	0.218763634691725
SCARA5	0.218647141615298
CFAP300	0.218513878170537
PALS1	0.21848502398823
MTLN	0.21846947442296
WDR55	0.218396183493533
RPL17P39	0.218260478241883
LSMEM1	0.218241102172453
RNF24	0.218169183018877
EP400	0.217997466711856
UBE2C	0.217901404799626
CENPBD2P	0.217812671860962
FBXL17	0.217795682871989
SLC51A	0.217616826124926
RPL23AP97	0.217483266233907
BRSK1	0.217379048326988
TMEM18	0.217371013877619
KANSL1L	0.217362995994097
ETNK1	0.217361743218879
LYSMD1	0.217269791167675
KCNS3	0.217254002272969
MRPS7	0.217232920051455
PRDX4	0.217182180819769
COL6A3	0.216953073232098
RPS15	0.216920172049306
KHK	0.216904630141955
PGS1	0.2168270979164
SDC2	0.216807946592752
IRAK2	0.216785365039665
HGF	0.216751542451854
SF3B6	0.216717807301044
TMEM45B	0.216690496612177
ARHGDIA	0.216689857878054
MRPL34	0.216479275281596
DACT1	0.216469041144266
EIF3H	0.216354580898304
NOD2	0.216348017361689
ZBTB5	0.216301566177229
CNFN	0.216124751711858
WHAMMP1	0.216007805202989
ZFYVE19	0.216000680453799
MCM6	0.215983983516361
TRIO	0.215790318469818
METTL15	0.215739886749165
TRAPPC3	0.215629586417332
DENND3	0.215616932018102
CDPF1	0.215567669740083
GRM5P1	0.215460803755912
CIPC	0.215391088902177
NKRF	0.215329374434513
RPL23AP7	0.215259874294519
CFDP1	0.215079982546156
POLN	0.215078215368367
LIAS	0.215070588468253
NUTM1	0.215040168075199
KAT8	0.215015450128825
STK10	0.214989290913959
COL6A5	0.214932711482156
COPZ2	0.214863973008435
CCDC12	0.214833936032781
KNSTRN	0.214786477173107
ALDH7A1	0.21463608122831
GLMN	0.21461271318704
GATC	0.214595782874896
RSU1	0.214575332153093
RFPL2	0.214360343486738
EIF5	0.214283917772548
ZHX1-C8orf76	0.214282541845886
VPS37A	0.214130632694363
RPL21P37	0.214083625854304
STAT5A	0.213909904518639
RRH	0.213908114148603
OTOAP1	0.21390371293395
RPL21P93	0.213860880047055
GALNTL5	0.213796984795368
HSPD1P11	0.213744070373297
PSMD10P2	0.213721550401585
RPS3	0.213455161432904
KLF3	0.21337856903332
CRTAP	0.213115616803827
LTC4S	0.2131088951736
NSFP1	0.21306827229423
BRDT	0.212994664264569
TEDC2	0.212958876389428
FLII	0.212908787033874
KICS2	0.212899298950896
FAM185A	0.212882105386667
DCTPP1	0.212860890970482
GPATCH11	0.212857829301491
PDE3B	0.212838744829158
PAQR8	0.212833825378717
FLRT2	0.212822489594587
CXXC4	0.212820975726346
USP41P	0.21280258111498
FANCF	0.212785287043113
ST6GALNAC5	0.212713126597548
TIMM44	0.21263764707512
VPS33B	0.212494134043621
H3C1	0.212335436363837
ZNF81	0.212331001080796
UROS	0.212284279130321
DENND10P1	0.212198501309256
EMC4	0.212197052816949
MRPL47	0.212158895125513
COA8	0.212039914015896
STK26	0.212009746004837
CHMP3	0.211972520490674
RPL18A	0.211967247140149
NDUFA11	0.211916070617804
EEF1B2P6	0.211894607324038
CNNM3	0.211726344457452
AP3S2	0.211674508015992
ZNF738	0.211614143281786
DNAJC13	0.211474316467606
RPL13AP22	0.211450953290705
TCERG1	0.211449119927889
PPIF	0.211432537377911
ESCO1	0.2113025687475
PHF20	0.211241967003405
SAXO2	0.211160183087471
MARCHF5	0.2111541443186
LRRC45	0.211105947957634
TIAL1	0.211028031181477
HEATR5A	0.210939736758855
ZNF876P	0.210843822380204
CYB5RL	0.210674339196585
PDXK	0.21062149233245
MRO	0.210549363642498
LRRC37A7P	0.210447014503576
NOC2L	0.210350688252643
TBC1D8B	0.210348161618528
CCDC50	0.210227305136814
PLEKHF1	0.210150451606807
LAP3	0.210025855748242
DDB2	0.20995664294124
NUBPL	0.209756414701563
LUC7L2	0.209690656689013
GFM2	0.209655033432314
HSD17B6	0.209534240741355
ATP5PF	0.209528735612559
FAM210A	0.209454818720603
PMPCAP1	0.209305317589741
TMEM139	0.209232153734828
COPS4	0.209165606381969
SMC2	0.209131551193077
RRAS2	0.209127522514481
ELP3	0.208906988884355
PPP6R1	0.208883737539224
MOCOS	0.208826917091499
HSPA9	0.208814691052384
ZBTB20	0.208739813701296
FAM171B	0.208683789416776
CERT1	0.20835241610813
GPS1	0.208234767777581
HTR7	0.208233494349835
SLC1A5	0.208217891168339
KLK2	0.208152193136072
GNB4	0.208003142569494
NAIP	0.207910881547932
MINPP1	0.207891670981854
CKS1BP3	0.207780184572857
SLC39A8	0.207757753662886
NAPB	0.207741959797701
LRFN4	0.207687845997451
AP1S1	0.20762565460811
MGME1	0.207593837664092
SPRYD3	0.207574374093247
CDK13	0.207204526591882
EIF4A1P10	0.207158484571968
CPVL	0.207058098423447
PCYT1B	0.207017501547574
DHRS4	0.206948119720011
LIMS3	0.206939377214196
CHRDL1	0.206890198134489
CCR9	0.206776658045765
ZNF32	0.206773070824315
MSRB1	0.2067292638102
RPS18P5	0.2066838003027
CGB5	0.206640676988194
UBQLN4P1	0.206569022083097
ZBBX	0.206513531655931
MEI1	0.206468025972377
CLEC4C	0.206459261739181
TRIM63	0.206428517957112
PDAP1	0.206270409860573
TASOR	0.206218084558996
NDP	0.20621292700609
RBM46	0.206079545806389
RNF216	0.206074432973459
FAM222B	0.206049870459991
HAX1	0.205950232812947
NAALADL1	0.205908641864602
CHMP2B	0.205700432683873
FAM120B	0.205605123880066
GEMIN2	0.205531483880514
CFAP263	0.205522883671386
CHAC1	0.205445847656561
SLC29A1	0.205422112158795
TMEM170B	0.205396839271668
ADGRE5	0.205213506850023
ISOC2	0.205199428525803
RPSAP69	0.205196979179542
C3orf38	0.205195445390318
TIMM10	0.205077928549099
B4GAT1	0.2050024632455
GRIN2C	0.20497278486417
TPTEP2	0.204950241385346
STPG1	0.204894713073878
LRRCC1	0.204857802986332
SUMO2	0.204834235288338
ADAM32	0.204767409867392
TTLL12	0.204685282725297
ZNF383	0.204535528925002
CKLF-CMTM1	0.204465793226525
RILP	0.204345679597555
PTH2	0.204282156395559
PLK2	0.204245521409151
PIM2	0.204189961364031
SLC4A10	0.204145557884426
UXS1	0.204111279452787
TUBA4B	0.204093472102848
MYO7A	0.203857892420815
EIF2AK2	0.203772600764417
ITPKA	0.20372766041376
TRMT44	0.203672707102743
VWA5A	0.203618455928859
MICA	0.203583593625909
NMNAT1	0.203555706966751
OR2T32P	0.203528712438052
MRPL10	0.203511214498148
REELD1	0.203425321171821
DPY19L4	0.20340784336818
ASAP2	0.203355580057244
TLR7	0.203345453183911
EXOSC8	0.203180657273559
BTBD8	0.202870519215889
RNF123	0.202828429921296
KIF15	0.202706305466288
COX6C	0.202691677811841
ABCF3	0.202661179160991
HNRNPA1P8	0.202607759845094
IL1R2	0.202277834504854
B3GAT3P1	0.20224514503557
COL3A1	0.201971481016463
LTBR	0.2019218748317
PRMT7	0.201880171312144
CLDN10	0.201878425975576
TSC22D2	0.201565211503718
RPS4XP16	0.201511559182416
CXorf38	0.201350284201598
ZNF626	0.201316590392498
PKMP3	0.201259330996045
PPTC7	0.201099467907696
CSF2RB	0.20102421297651
CHST3	0.200980823820767
SELENOW	0.200881061586913
MYH3	0.200813853611881
BCAT2	0.200807021457414
BABAM2	0.20079549943438
IL15	0.200793178661807
TSR1	0.200792006529706
CAPN5	0.200671084805985
G6PD	0.200645830119845
UNC13D	0.200640194957377
ZNF365	0.200572677676806
WDR26	0.200322952746095
P2RY6	0.200312591827163
RPL6	0.200312166518113
IRAK3	0.200305014438396
TRAPPC2B	0.200302594941675
MPP2	0.200180068094222
UBE2I	0.200116778376603
DHX33	0.200052299808469
BZW1	0.199944751754931
GOLGA8H	0.199937516645343
IGSF10	0.199863461333884
DHX37	0.199860811335662
SLC22A15	0.199778394045153
TSSK6	0.199752439784942
SLC4A9	0.199677045570521
IQCH	0.199427087433687
TMEM138	0.199417316746209
ELMO2	0.199376350655847
UBE2CP5	0.199345853300267
SMKR1	0.199174546211165
AIMP1	0.199109483823664
FCGR1A	0.199047327094802
ASXL3	0.199026136452048
H2AC25	0.199018456034829
ABCA4	0.198956549821129
IFIT1	0.198738407383689
ELMOD3	0.198567878293142
DCTN2	0.198557641582718
GLUD2	0.198487860085189
KCNA3	0.198381466398056
E2F7	0.198345355885842
VWA8	0.198289632478222
UCP1	0.198255712196456
CLDND2	0.198248933648019
SLC41A3	0.198185430556453
UBR7	0.198157956661241
FSCN1P1	0.198124540082697
KCNK7	0.198086248851222
ATL2	0.197993335216395
GOLGA4	0.197993065519143
CHST2	0.19794478680923
ODR4	0.19789943438712
ANKRD20A1	0.197866482222244
HSD11B1L	0.197716010477124
WDR53	0.197706207810639
TBX15	0.197690740852342
ROCK1	0.197681481895478
PPFIA1	0.197635783756108
FRMD1	0.197623077205286
EEF2	0.19745481379354
RPL23AP74	0.197442669387869
UQCRFS1P1	0.197400126946807
TRHDE	0.197365505242258
PIK3R5	0.197326715533634
ILK	0.197212344063277
EEF1B2	0.197123148918431
DUSP13B	0.197082288209023
ZKSCAN8P1	0.197077251802142
NEIL2	0.19703335256125
RGL4	0.197021519424212
ABCC5	0.196922977004485
ZNF667	0.196907394109127
MDH1	0.196896580407103
FKBP1B	0.196508337908105
GJD2	0.196434635522443
KRT86	0.196331286592756
TRPV2	0.196281604667763
TFDP1	0.196197493613536
ADAMTS7P4	0.196182371355125
ZNG1B	0.196176972452993
CENPQ	0.196037681321029
CSTF2	0.195993358986101
RHOH	0.195724745605639
AKAP6	0.195670279784511
SYMPK	0.195668020075448
DDRGK1	0.195603347474556
RBM42	0.195601963007949
SMCHD1	0.195463109774732
FLOT1	0.195362056051417
MTMR12	0.195361613946837
ZNF25	0.195324279559995
DCAF12	0.195280935545526
PTPN3	0.195272542439268
PLA2G3	0.195225367130461
NPL	0.195184039387703
TAOK2	0.195152466146619
PAFAH1B2	0.195125307714879
ZNF595	0.195079452600211
NDST3	0.195020277475052
KLF18	0.194928912590395
STAT6	0.19477431034272
IL1A	0.19473190963869
ANO5	0.194726932512565
NIPAL4	0.194667020820188
PITHD1	0.194643648951501
VCP	0.194629402271785
P2RX7	0.194535380525865
BATF2	0.194508436031547
ATP8B3	0.194503815390166
ERMP1	0.19447395621006
PCDHB3	0.194421067863829
PAX2	0.19430665151565
SERTM1	0.194220386924835
DGUOK	0.194145867129636
RFC5	0.194061284078454
CRIPT	0.194034151585391
RPL7AP70	0.193856565170155
CARD10	0.193839890373165
EIF3G	0.193826464128963
ZFP91P1	0.19373247720273
EPAS1	0.193680198140217
TCEAL1	0.193549484933898
ZSWIM1	0.193548627321319
SFXN4	0.193414239821317
RFLNB	0.19331102580829
GJA5	0.193254985923355
SYT3	0.193245564910293
ZFHX2	0.193180696142722
TDRD3	0.193164995746218
SDHC	0.193162716558125
NFKB1	0.193075178741195
GALNT15	0.193050510405191
SH3RF2	0.193007563494426
MAML3	0.192989508677885
GSTT2	0.192881890431948
RPS16	0.192813130956277
EFR3A	0.192809509620498
SSBP1	0.192570044571858
ZNF862	0.192512769987204
MCOLN2	0.192419590362716
LRRC37A	0.192385346267131
ETNK2	0.192377418154694
ZNF639	0.19227674887944
IL6ST	0.192191102840545
IQSEC2	0.192172569788902
VN1R95P	0.192148321475654
RPSA	0.192081517981471
CLUH	0.19203814976621
CFAP157	0.191958164019044
LPCAT4	0.19176656776619
LAYN	0.191715236855206
RAET1K	0.191699253825656
PLCXD1	0.191617648020341
PLCL1	0.191565673879174
IGSF8	0.191400255660894
RAG1	0.19137400354684
TRAF4	0.19122232393303
SEC13	0.191182687173327
MYCBPAP	0.191143400897119
EIF4B	0.191129457742234
GTF2IP8	0.191055354254432
TEK	0.190991076847592
RAMP1	0.1909633810892
TOR1A	0.190625319120807
CERS6	0.190610225865912
WDR1	0.190479360663343
PACC1	0.190467214868523
BAIAP3	0.19032257241144
C11orf16	0.190218084200066
PHF6	0.190124419178819
BTBD10	0.190116403085134
MARK1	0.19011219620475
VPS13D	0.19004767200795
PILRA	0.189976446273176
NBPF2P	0.189968009004159
HSF1	0.189944453799182
NRXN1	0.189905018899439
WDR76	0.189877205845074
RPS2	0.189843252866092
PID1	0.189807760509815
PGR	0.189803715178114
XCL1	0.189728799998118
PAQR3	0.189719283240937
PHGDH	0.189619829168812
MAPK6	0.189602356163248
ITFG2	0.189310039818564
CHIT1	0.189279219065406
DUSP5	0.189256632658955
YBX1P10	0.189254895187
HIRA	0.189216847757404
SSH1	0.189109078504629
ICAM4	0.189087092770667
H2AC6	0.188957504671362
ATF4	0.188949967153361
COA7	0.188913467755656
C12orf56	0.188858977455788
CLYBL	0.188753697701332
EML6	0.18873096126194
WRNIP1	0.188684528638152
POU5F1P4	0.188357243490347
VCPKMT	0.188216758159806
ITGA2	0.188183616120936
RHOG	0.188122848846564
SLC7A6	0.188065644415439
KRTCAP2P1	0.18805751079669
USP38	0.187837200518182
CLK2	0.18778365662513
SARS2	0.187628156479518
ADAM21	0.187575126325367
PTPRO	0.187571075812954
NCK1	0.187449550868516
NUP98	0.187326429470931
TNFAIP8L2	0.18718540020337
GLRX2	0.187173021960818
DYNLT2	0.187163259665747
EPS15	0.187101961806128
ECHS1	0.186983793769276
POLR2I	0.18698006701324
ARID3B	0.186962635282439
ANAPC10	0.186945665779084
MYO1A	0.18692969636609
IFNAR2	0.186907764848509
RCAN2	0.186669496224469
WFDC10B	0.186629873886258
KIF27	0.186602986064795
PXN	0.186601955396973
VRK2	0.186601802061122
LAMTOR1	0.186546577897979
MED15	0.186528654931106
CCDC62	0.186322563971634
H3C11	0.18631666439665
ZNF568	0.186239694029929
TPM2	0.186059913206441
CA7	0.186004950485881
PSMB4	0.185901398053915
RGS7BP	0.18588904978731
IARS1	0.185840040551304
SART3	0.185838736240118
APBA3	0.185750912761757
CDC34	0.185708652255795
UTRN	0.185689016389374
CSAG2	0.185666091184267
GTF2H3	0.185658624837486
KCNH4	0.185656025461534
POU5F1B	0.185463262514492
BAD	0.185443092924451
PRDX1	0.18534377637429
GGTA2P	0.185322065329397
MIS12	0.185089392438275
RHBDL1	0.185087035569538
GFI1B	0.185026015309267
C20orf144	0.184912630203308
KCNK2	0.184908608565119
DACH2	0.184893187827394
NACC2	0.18466087003661
NSUN5	0.184588101970124
BZW1P2	0.184525720396569
HFE	0.184343032361783
ZNF829	0.184198336610691
RFLNA	0.184144241759738
ABCB7	0.184013599772761
ANKRD36BP2	0.183932198476267
PHKA1	0.183858837184039
ERCC6	0.183817074390596
RYK	0.183701409430715
RANBP1	0.183619236480738
METTL24	0.18359653480094
NBEAP1	0.183484302952029
TSPAN13	0.183479180914437
ANGPTL2	0.183466502556793
FBXO33	0.183285202521338
MGST1	0.183281432147041
PAM16	0.183279380912946
LRRC59	0.183247996017257
RAP1A	0.183205739165661
ATP6V0B	0.183042026024341
FSIP2LP	0.183038229543823
DEPDC4	0.183008668376011
HBA2	0.183006745158457
NFATC3	0.182880934001053
ZFAND4	0.182723904228838
RPL7P1	0.182721957102814
TGIF2-RAB5IF	0.182693778340467
CLPTM1L	0.182683752300753
NDUFC1	0.182595682523093
GFER	0.182523515983259
FAM184B	0.182495864083706
SERINC3	0.182326431493874
HTR3A	0.182233888327014
EIF3J	0.182197536865319
MACIR	0.182151001314863
ZNF98	0.182133931705007
TG	0.182124133122911
PARVA	0.182100815328613
CRYBA4	0.182087576959601
MIS18BP1	0.182083515060944
FITM2	0.182046439499361
TTC9B	0.181984397470949
LIMD2	0.181970153738402
GNG3	0.181933043858155
PDZD8	0.181782270394942
RTN2	0.181679885161852
CSH1	0.181667756175725
SOSTDC1	0.18166003969958
EMC2	0.181590845519815
NXPE3	0.181439730472298
SERPINH1	0.181404068628983
PPP4C	0.181359837373693
KRT8P45	0.181334607810008
FCGR2A	0.18125344285518
FRG1HP	0.181208653339254
STAG3	0.181022472763743
ZBTB3	0.180994123213805
CYP2R1	0.180796366988244
TMEM192	0.180646801627944
RPL31	0.180569325677971
HS3ST4	0.180552103782764
FAM24B	0.18047732658162
FGR	0.180323106074463
OXCT1	0.180263826048148
HSD17B13	0.180260710091337
UCHL1	0.180171380809035
KIAA0040	0.180141884218254
MEP1A	0.180068621967453
GM2A	0.179918580610959
CFAP91	0.179795793919291
SLC41A1	0.179705618775708
TUBGCP3	0.17961826448801
NR2F1	0.179480101048413
VIRMA	0.179385303781944
CACNB4	0.179285436854202
VPS45	0.179198388764952
FAM43B	0.179168160361506
USH1C	0.179153707267042
MAP6D1	0.179093089536016
SUMO1	0.178910883416489
SIX4	0.178765320769722
MAPRE1	0.178720321205059
RAB25	0.178670211013881
H2BC20P	0.178616033664155
CDCP1	0.178215075966637
ARL8B	0.178168512098971
CCNE2	0.178015314078477
SLC4A4	0.177976688700441
NINJ1	0.177936675469935
ZNF318	0.177868771182883
SELENOS	0.177833923866187
SMAD2	0.177612062364871
NPIPB2	0.177593823920138
HMGB1P31	0.177493200585579
NDUFB5	0.177423266372142
PRKDC	0.177314932878707
DMRTB1	0.177302081545263
HMCN1	0.177260870544607
COPG1	0.177199437933123
ATP6V1F	0.177107645154532
MTMR9	0.177086357627826
PLEKHH1	0.177028397528776
ZBTB40	0.176992827406773
RNF20	0.176984643400194
PTDSS1	0.176969354430093
CDIPT	0.1769507069481
CTNNB1	0.176754279985132
ERRFI1	0.176739784969057
DCUN1D1	0.176669188943928
TRIM6	0.176654916874793
DLG4	0.176600023583589
DPPA4	0.176507995812228
TLK1	0.176395459842598
TMED3	0.176206140415898
RPL8	0.176031762291556
SATB1	0.175984560308846
MRPL21	0.175842637071631
RPL24P8	0.175814202984208
PET100	0.175771270005905
SHC4	0.175743278644997
CCDC47	0.175359868108132
SYNPO	0.175288032957002
CEL	0.175098166121622
CRK	0.175023061822849
DIAPH2	0.175000922511906
CLPTM1	0.174912070893546
MFSD12	0.174874556603546
BNIP1	0.174799136256858
HSPA5	0.174777628973292
ENOX2	0.174757317699156
RPL7P47	0.174715497793445
STX2	0.174615066442551
HOXD1	0.174608539688269
FAM124A	0.174605200654485
POLR2B	0.174559307163737
SLC46A3	0.174527628549043
BEX3	0.174442958427232
OXCT2P1	0.174391797683608
ZNF603P	0.174315397387658
SEC31B	0.174258197116274
CDC25A	0.174215422200141
SPATA22	0.17416396501077
RPL7P23	0.174141533753978
PIGC	0.174121230182273
TIMP3	0.174089317396397
ZNF706	0.174061722952041
ZBTB34	0.17391677798629
RPL41P2	0.173661211356895
OSTF1	0.173627258507328
ZNF37A	0.173557378711912
IFIH1	0.173357473241914
DTX3L	0.173273684968167
RAD1	0.173231107665807
PKP2	0.173205756540409
METTL26	0.173199206788178
TMOD2	0.173194291166539
FGF23	0.173104533679371
MTCH1	0.173006222626483
CYFIP2	0.172968886264019
G6PC3	0.17296269601626
METTL21A	0.172953799230754
KAZN	0.172916486148439
TBPL1	0.172879031900083
PRLHR	0.172483558174363
RPA1	0.172448449682613
CMC2	0.172445022562631
ZNF562	0.172412882038938
RPN1	0.17240929967935
WDR83OS	0.172365213204277
IFRD2	0.172337483065842
NAT1	0.172198557470718
ZNF141	0.172191518322434
BHMT	0.172079744047982
TRIML1	0.172043840547433
LETMD1	0.172027840384666
KCNH8	0.171978891079496
EVPL	0.171755793291795
SAMD12	0.171726530605721
CNIH2	0.171677661113065
SUPT16HP1	0.171582113352882
VSX2	0.171536422061993
PRPS2	0.1714608658705
BAMBI	0.171370127208113
EPHX3	0.171312413684303
UBA52	0.171285394774555
DNAJC25	0.171190841362288
CASP6	0.17109959854505
MALRD1	0.171053595012343
INTS12	0.170955938922804
LRP8	0.170890123911376
NSUN4	0.170887800128408
CWF19L1	0.170827706438396
ERMAP	0.170712996685184
MTCP1	0.170598695465307
KLHL15	0.170560020983268
RPRML	0.170423043196068
NDRG3	0.170400501988336
LOXL1	0.170381674772903
TEX15	0.170367998963143
GPR156	0.170329196152564
COQ6	0.170252000764807
MYL9	0.170222139952568
RPS3AP21	0.170182012824458
FUZ	0.170017594286378
WNK3	0.1699459434503
UFM1	0.169890081739444
PLSCR1	0.169874908508105
ARMC2	0.169788136946072
RBBP7	0.169612352475055
PPP1R13B	0.169563475622999
MPZL1	0.169511481967273
TCTN3	0.169466518532712
ILRUN	0.169405370126449
CNOT3	0.169300558990108
H1-2	0.169173664442976
C12orf57	0.169155483988587
SMNDC1	0.169125872805515
KPNA5	0.169123759438406
CRIPTO	0.169060999977623
NDUFB8	0.168981111432296
PRKAG1	0.1689521642866
TMEM59	0.168857131107524
CCDC167	0.168828931126486
COX7A2L	0.16873042143955
MOXD1	0.168726735149752
NASP	0.168679807273216
SYCP2	0.168670077934565
ZNF749	0.168570416341652
RAB1A	0.168333616322641
MTERF1	0.168320112310161
WASHC5	0.168299047909072
EIF4G3	0.168290237393008
ANK1	0.168278516085002
ECT2L	0.168277139658392
NLGN4X	0.168223770487857
NPR1	0.168085655792779
ANAPC1P4	0.168051085169692
EMC8	0.16804127031291
AKR1C1	0.168011591248326
SPDYE8	0.167987736818625
ERLEC1	0.167922970798907
TJP2	0.167841874181192
AGFG1	0.167809432696319
KIF17	0.167762051266836
NDRG1	0.167665549922298
MOSPD1	0.167615906128951
PLGLB2	0.167583804736861
PISD	0.167309388345565
ASPA	0.167217984267957
PPP1R1C	0.167125212658517
MTX3	0.167061589594572
PTPDC1	0.167051402084455
MAFK	0.167035051173864
LPO	0.166928539948186
DNAJA1P3	0.166812923776788
SLC46A1	0.166572077359661
KIF22	0.166497059829462
UBE2Q2P2	0.166478247631107
BEST2	0.166476002232303
ATG7	0.166442149276182
RPL14	0.16643754706065
GUSBP13	0.166400089166084
IRAK1	0.166311803987357
SGPP1	0.166181018005263
ATP8B1	0.166156756220519
SS18	0.166146635255399
TCP11L1	0.16611085280881
RFX6	0.165997224722952
VPS13A	0.165925827367885
DMTF1	0.165873012573693
AVL9	0.165800808721028
CTAGE12P	0.165800467759178
CCNB1IP1	0.165709623480497
RPS26P58	0.16562934278522
TRAK1	0.165616578339382
DAZAP2	0.16549743933475
FRG1GP	0.165495754741032
AANAT	0.165463275050205
COLGALT2	0.16545320619417
TCFL5	0.165435275647594
GLULP6	0.165370978113179
EVPLL	0.165304934054641
CSH2	0.16513710578277
LSM4	0.165125809135647
TGFBRAP1	0.165121126700191
PEX11A	0.165112010612311
SCN3A	0.164993682188918
DCPS	0.164989801246847
SLC25A3P1	0.164866962216962
MRPL39	0.164845220207361
PPP3CC	0.164842995513261
NEU4	0.16465639150553
POPDC1	0.164629275163704
STEAP1B	0.164613734602356
GEMIN8	0.164563790112912
PDE8B	0.164477677200211
EEF1A1P12	0.164432792496888
MAP2K5	0.164343263825265
EPHX2	0.164259377035499
CNPY3	0.164207909746772
TAGLN	0.164116593198397
DDHD1	0.164100711335133
SOCS7	0.164082073638464
CSTA	0.163876415289368
CEP295	0.163875011099644
GSG1	0.163842133016478
POLR2M	0.16383707492233
RCBTB1	0.163812779271816
DSN1	0.163766232732157
THNSL1	0.16369786398359
DCAF12L1	0.163645672520317
CXCR2	0.163539781580604
CERS1	0.163430586044018
TUSC2	0.163394185783303
SWI5	0.16335397235201
GRM8	0.163280371565697
HDX	0.163264370928383
TLX2	0.163174368048995
ARPC4	0.16315322503547
CEP70	0.163112447924883
UEVLD	0.163068392095104
NRG2	0.162901297048302
NELFA	0.162837563598252
PSMG2	0.162829209676845
LACTB2	0.162807920409642
BUD13	0.162474653576109
RND3	0.162377875092668
PIN4	0.162359789072751
MCF2	0.162355569323862
SYPL1	0.162256212459174
CCNC	0.162254212984141
RPS15P4	0.162169747874127
GORASP1	0.162133047349533
AP3M2	0.162102981812991
RPS2P7	0.162094197038693
TTL	0.16208507461798
GNPNAT1	0.162031927417012
ADM2	0.162022163599682
SPICE1	0.161979842802968
AARSD1	0.16190133749945
GABRA3	0.161854578291182
PSMB9	0.161789797149284
TNFSF4	0.161783734928569
STX17	0.161736450798201
PTGR2	0.161727831459836
MLX	0.161698629241156
TSPAN9	0.161475527799024
EEA1	0.161374854915087
ZNF717	0.161249155268392
C15orf40	0.161189284778402
RNF213	0.161164598885375
HINFP	0.161154476152457
TARS3	0.161102592173302
DNAAF8	0.161054597152341
SLC39A9	0.160971571565994
RCC1	0.160948794549342
ACVR1C	0.160933352338555
RFC2	0.160930375924781
PDE4C	0.160798851004373
BIRC2	0.160689173458423
HNRNPA1P16	0.160567391313166
RPS2P46	0.160483746737608
EIF4A1P2	0.160451500233089
SUCLG1	0.16028851008643
KLHL5	0.160258637151165
MGAT4A	0.160244756804757
SLC30A8	0.160016579812849
CARS1	0.159960973138525
CMTM6	0.159956497370366
HSPA8P15	0.159922367318443
STMN1	0.159866329430183
ADAD2	0.159849790286129
RAB35	0.159780456119954
PAGE2B	0.159771755138882
RPS9P2	0.159754516077149
CEP164P1	0.159637946928984
SCN5A	0.159600459285807
PLEK2	0.159593018293065
IL1RAP	0.159581904321388
FAM90A1	0.159567945423299
IAPP	0.15941910783306
MLF2	0.159382949940353
CDYL2	0.159328688450528
PMVK	0.159270197101214
PHC3	0.159269895576267
GRM5	0.1592050505749
UBE2J2	0.159199332559677
PPCS	0.159013729865042
HMG20B	0.158961627185738
DUSP16	0.158933904664719
NDUFV1	0.158915962091431
USE1	0.158878547541323
ODAD2	0.158816063316186
SKI	0.158787457987192
GCNT4	0.158720267903658
RPL21P119	0.15868312225801
FAM234B	0.158651722858948
PUS7L	0.158648945843697
GAPDHP62	0.158620036877911
ELOVL6	0.158604478060002
COL25A1	0.158524495186236
RHOV	0.158443195034217
TRIM50	0.158404723250302
CHL1	0.15839269320444
GAPDH	0.158353598072496
RPS6KB2	0.15832428460739
FAM238C	0.158320252204887
DYRK3	0.158279883525203
CX3CR1	0.158214711164994
AGTRAP	0.157999342303348
ITGAM	0.157819141462557
USP48	0.157775196028441
MRFAP1P1	0.157702510175412
TOR1AIP1	0.157667356701904
MAFF	0.15758874610584
P2RY1	0.157442132028532
HNRNPA1L2	0.157380466781557
DDX3Y	0.157365711701921
PPP2R3C	0.157329539924618
RRP1	0.1573217036205
DAP3	0.15720880511333
MFSD6	0.157138583748256
IFIT3	0.157047656102701
TBC1D4	0.157009787590723
CFAP44	0.156896810846481
GUF1	0.156894829534701
RGMB	0.156786946414947
SLC30A9	0.156775074166106
SMC1A	0.156739908603499
CDC45	0.156737918459612
PTPN5	0.156634998352186
SLC1A1	0.156561524271596
PBK	0.156495544298052
TM6SF1	0.156394530231214
SPDL1	0.156357245966877
PPAT	0.156296260695175
CLNS1A	0.156290068150551
SDCCAG8	0.156259130757855
LRRC25	0.156206522504284
SEC22B4P	0.156017873659394
EIF6	0.156017631191026
TMEM63C	0.156000317189315
NDUFA10	0.15595520049904
ARHGAP33	0.155927394877556
CERS2	0.155916797142957
PAIP2	0.15584472274993
SEC22C	0.15574446457779
CLSPN	0.155664405544121
BID	0.155661065741284
AFG3L2	0.155616166609385
RNF138	0.155606488243531
PARG	0.155579637033248
P2RX5-TAX1BP3	0.155474010744126
WDR25	0.1554269682381
ZFAND1	0.155408710347072
ALLC	0.155400283307928
FRMD4B	0.155321297772003
AMOTL2	0.155267931613959
BEND4	0.155248338878103
PRKG2	0.155217741630306
RBM38	0.155213525096135
SLC26A2	0.155152176829881
ATG10	0.155144013831066
SPATA12	0.155062314992462
FAM72C	0.155041626758863
AIP	0.155017418444736
DNAH9	0.154954638505618
ANAPC7	0.154905550870879
PRTFDC1	0.154882074658594
CAPZA1	0.154870925089093
SETP12	0.154816916360533
CD44	0.154761428576196
ADAP1	0.154687593799654
NDUFB3	0.154679212697099
ADD2	0.154677701822651
NEK11	0.154637369173018
PASK	0.154589325285636
UTP25	0.154582359208333
OCA2	0.154514822110977
ANKIB1	0.154450863075543
ARHGAP40	0.154449602168732
TSPAN5	0.154207234824191
NAIPP4	0.15417943321826
ANAPC16	0.154128203130862
SNX18	0.153966521706477
THG1L	0.153891500419182
NUP210L	0.15385636787442
TMEM17	0.153810019608969
C1orf162	0.153797238729618
NHERF2	0.153725447162374
H2BC12L	0.153683904355899
LMNB1	0.153632375459562
CHMP5	0.153611140938325
MYT1	0.153484098432618
ZSCAN12P1	0.153354041178436
PRR12	0.153322523390152
TM2D1	0.153305438676459
NKX2-5	0.153286706956785
CXXC5	0.153088598931928
CLTRN	0.153002624486189
TAOK3	0.152894278774896
HDAC7	0.15281670423681
SPRY3	0.15268637431722
EEF1G	0.152665518533705
CHRNA7	0.152547815325446
FAM20B	0.152506397861193
GFPT1	0.152318694215036
TARBP2	0.152310575963828
MAST2	0.152300153203225
ADAMTS3	0.152250092083724
RPL7L1	0.152157794980456
CTSZ	0.152132367231779
THAP10	0.152108069236176
TDRD6	0.151921057981028
RANBP1P1	0.151810940145498
CEP128	0.151772930838393
THEM6	0.151727579475558
ARMC9	0.151648000055377
CFAP97D1	0.15162516058846
GARNL3	0.151575189347943
KDELR2	0.151570281402197
POLA1	0.151565119737273
CYP4F62P	0.151559588478953
PDZD2	0.151435292612613
CR2	0.151288478575281
ERFL	0.151266718600669
ZNF746	0.151253521357224
GRM1	0.151210985962137
BMAL2	0.151090237381697
CFAP20DC	0.150922315561248
TAF5	0.150816393280646
MAML2	0.150692286597878
SLC3A1	0.150681145904458
SIAH2	0.150603695544542
KLHL9	0.150551012378705
PGAP4	0.150436543006733
NAIF1	0.150336566764294
SOX30	0.150312832217346
BCAN	0.15027991104731
NUDT13	0.150160092094983
VTI1B	0.150152264204842
AMZ1	0.149981298796653
GMCL2	0.149910791031805
KLHL36	0.149896552463696
SPAG5	0.149853568584222
POLR3D	0.149804081716469
SLC39A7	0.149788137561953
GXYLT1	0.149770233947374
WDR62	0.149766370703267
EHMT2	0.149695426141505
PCBP3	0.149688531691787
MTX1	0.149652387746621
CDC25B	0.149565555443361
EGF	0.14941299368193
RGS6	0.149382837559055
ARHGAP1	0.149361647776859
MTOR	0.149292101123388
PSMD2	0.149209421975043
KIF9	0.149196293411794
NDUFV2	0.149069791974257
GLE1	0.149008966570539
PTPN18	0.148922325649251
DLL4	0.148631009957984
ZNF800	0.148486105200344
ANGPT4	0.148474270432031
UBA5	0.148377812768116
ARID5B	0.148372907313025
C8orf33	0.148346542355336
ATOX1	0.148336071238594
MBD4	0.148150804158305
KCNJ14	0.148150170530316
FUT1	0.148085322158775
PEX6	0.148082599957317
ACTN1	0.148032841296194
TRAM2	0.147972625641935
MCRIP2	0.147946926416942
EIF2B5	0.147898926413799
FMNL3	0.147855917380647
ZNF702P	0.147846228528077
ZKSCAN7	0.147705160206335
NUDT16	0.147695944358599
STON1	0.147641405038145
PSMC1	0.147637562957043
COX14	0.147621858559552
FYCO1	0.147526527923956
DDX31	0.147510148008973
MRPS35	0.147441810155418
RBBP8	0.147389744370444
LYG1	0.147366050948615
GRIN2A	0.147352012482708
DALRD3	0.147296117970228
USP4	0.147280595526248
CADPS2	0.14728000666027
KRI1	0.147228902093214
ZNF826P	0.147130579138768
DYNC1I2P1	0.147122724776697
FAM90A2P	0.147039794089313
PFN2	0.147024096728534
PCDHA6	0.147012089118657
H3C14	0.147001862426842
HNRNPLP2	0.146994186479141
NSUN5P1	0.146979799772577
KMO	0.146979668670234
TAB1	0.146834625811825
CCDC9B	0.146776000615584
GMCL1	0.146743109135681
NACA	0.14671700508673
LPCAT2	0.146638532360819
UNC93B1	0.146597009814774
ERC2	0.146521594171872
RTF2	0.146464042973197
ZNF519	0.146431214129057
AGPAT5	0.146399468703178
FLVCR1	0.146376620560201
MAGOH	0.146315970314742
OR52K1	0.146256739018842
PLXNA2	0.1461980555986
MED27	0.146191472580125
TAPT1	0.146151835811605
PLCXD3	0.146100355904581
TCL1A	0.145912875118351
NUDCD1	0.145896273471326
SREK1IP1	0.145875873682995
MID1IP1	0.145864152096845
FDXACB1	0.145795272416637
CBY3	0.145664324953041
ZNF200	0.145596312669754
APEH	0.145581586362757
IFNGR1	0.145566906223926
ARIH2OS	0.145469713385424
RPA2	0.145456474802251
SYDE1	0.145417924391946
RNF148	0.145400241437162
PCMT1	0.145385200198664
KCTD12	0.145384696197606
MBNL2	0.145358731833259
FASTKD2	0.14534441221942
CELP	0.145283326845806
BTK	0.145237170195454
REM2	0.145103284310288
CFAP418	0.145101758131819
EEF1D	0.145074696258701
RTL10	0.145056779313773
ALKAL2	0.145036229415402
S100A9	0.144912737103375
AVIL	0.144789806533946
SH3BP1	0.144705767544856
TRIM35	0.144697643927166
PDIA5	0.144692113610424
CARMIL3	0.144654275034399
GRAPL	0.14464297221473
H2BC5	0.144560976078558
SFXN1	0.144531172973674
RRP8	0.144320337126867
DMRTC1B	0.144319804025359
NAALADL2	0.144316239330572
PRDM7	0.14426434074338
TUBB2BP1	0.144259175023144
RCN1P2	0.144179559699829
ISY1	0.144164075795594
MRTO4	0.144156301272309
TAGLN3	0.144123400872387
CYP4F30P	0.144091930139397
TFAP4	0.144038063214965
KIAA1191P2	0.14392454847717
UBE2Q2P1	0.14386899698885
AMD1P3	0.143832378089611
CROT	0.143824019322032
DHRSX	0.143814639678784
C6orf47	0.143689514835094
HAUS6	0.143620893809685
INMT-MINDY4	0.143612478505046
CCSER2	0.143570511221668
EYA4	0.143465880273756
ILKAP	0.14346145472348
WDFY3	0.143447990443005
BTN3A3	0.143409067003075
KLHL32	0.143364628698507
MDGA2	0.143289156689525
EFCAB11	0.143262570303295
RAB40A	0.143179284662906
DYDC1	0.143077683705259
UBA2	0.142974262074103
RAB44	0.142974257044082
SMIM38	0.142948782688247
C2orf88	0.14292362020975
ZNF195	0.142876455495655
ADRA1B	0.142866662511024
NR0B1	0.142756592095996
INTS4P1	0.142674939924046
RNASEH1	0.142673072965269
SCFD1	0.142584188554126
NAP1L3	0.142422478651195
RPS3AP47	0.142407855273579
PXT1	0.142298867355024
RBM43	0.142286076065933
N4BP2	0.14227110362829
XKR8	0.14226009563698
RPS27	0.142259196400493
NUBP2	0.142235902699231
ZNF410	0.14221726458835
HIC1	0.142206865335425
AZI2	0.142177985098953
QPCT	0.14213271055242
ELOC	0.142091486939792
AHCYL2	0.142077160731792
CAPNS1	0.142024751542049
ESR2	0.141955591077843
CD82	0.14179133267476
ACKR1	0.141743595273365
ZKSCAN1	0.141729070940696
JARID2	0.141713691605427
PROB1	0.141655228190488
USP7	0.141636534533504
MFAP5	0.141617012574871
EFCAB3P1	0.141561956244228
NEDD4	0.141536726110806
ATE1OSP	0.141534811308161
SLC31A1	0.141530064897591
SEMA4B	0.141491451742131
TRAPPC13	0.141448311272856
EDIL3	0.14137003025793
FAM3B	0.141347904012217
NIT2	0.141347222238176
COL10A1	0.141246338846738
LCN2	0.141242293536624
STAG3L1	0.141163176960405
RB1CC1	0.141090041415855
SUSD1	0.141083462812194
MYCBP	0.140939061704059
ANAPC1P2	0.140899558403907
UNC45A	0.140781546746806
ATRIP	0.140719256630167
GH2	0.14055679134894
RPSAP9	0.140534027444766
ASB2	0.140533715979051
DTYMK	0.140505714121471
ARG1	0.140421879092385
BFAR	0.140401945863768
DPM1	0.140400546463681
PPP3R1	0.140319921184255
UBN1	0.140278156313747
HLF	0.140132966418118
SLC9A1	0.140107007577109
PNKD	0.1399536214937
MAGEA6	0.139937446804343
ZKSCAN4	0.139927219369099
PLEKHA8P1	0.139833215786778
MAGED2	0.139824792177525
TNC	0.139791203546268
CUL4B	0.139679841491807
NDE1	0.139676557564561
KCNJ6	0.139656674831586
FBXL8	0.139637930937438
VIT	0.139550086511852
ATP5PB	0.139476167895971
C5orf22	0.139399781210372
TFDP2	0.139396921169202
REEP3	0.139326619208004
MTFR2	0.139325292644021
RAB29	0.139273541005183
FAM110D	0.139144360542011
FGFBP1	0.139107756510299
BOLA2	0.138969172692155
RTN4	0.138866034191733
NRL	0.138730182495711
TNRC6C	0.138608679099131
AOC4P	0.138533997035906
NUP58	0.13847203096724
C11orf65	0.13843807974426
BICRAL	0.138325779552345
VARS2	0.138251162445842
AAMDC	0.138186421993408
LIX1L	0.138110964378645
RETREG3	0.138080055006542
HSPD1P4	0.137872689491825
REEP1	0.137849596689366
CDK14	0.137794741277613
SCX	0.137790448081016
KCNJ1	0.137710082237931
UBXN8	0.1377067747137
CLTB	0.137584288638856
PREB	0.137249399684944
C19orf12	0.137109499727962
WDR7	0.137071101719263
ENPEP	0.137050407361133
GPX4	0.136990319755067
AP2A1	0.136945350503482
TTC9C	0.136808956274751
RHBDF1P1	0.136805957169017
PHLDB3	0.136772172116332
CFAP54	0.136737560783778
FTO	0.136700088576894
ATP6V0A4	0.136688294542253
ZNF286A	0.136657886229523
IQSEC1	0.136555748024245
TBC1D10C	0.136482693456021
UBE2QL1	0.136447196527987
MAGEA9B	0.136417804834201
AKAP8	0.136347635201536
MC4R	0.136202025898108
STAU1	0.136200395435904
CTDSPL	0.136138616606069
RTN1	0.136103612593657
ARMC6	0.136100981199655
GABRA5	0.136060590459388
GRM3	0.136052469041161
FER1L6	0.135954149743627
MTRR	0.135932628812497
CMIP	0.135901048556855
RPS24P19	0.135795961119006
PDHX	0.135788704710808
KDM6A	0.135762686217308
RNF125	0.135740048845985
SNORC	0.135688988029323
YTHDF3	0.13568778634956
XAF1	0.135664203596554
TDRKH	0.13564873603533
SEC63	0.135640401256152
HELLS	0.135587538726909
MCM5	0.13554474710179
FAM47E-STBD1	0.135368310339557
PCDHA5	0.135335963622965
KRTCAP2	0.135335483626474
KCNK15	0.135279827007745
SPG21	0.135264762465962
PRKCSH	0.135041279768628
CD8B	0.13483939418392
RPL9P7	0.134813229854841
FBN1	0.134798824440345
SVIL-AS1	0.13468701294792
SPAAR	0.134680992267458
QSOX2	0.134647275175958
CAD	0.134632414570864
RPL17P7	0.134600248515269
TRGV9	0.134506562513381
RPL23AP87	0.13449835455435
ZUP1	0.134474770640322
CPLX3	0.134425982977075
CRISPLD1	0.134400680964338
TRAPPC5	0.134342729590317
ALDH9A1	0.134299976844997
KLHDC8A	0.134287303059201
AMN1	0.134267656149735
MRPS18B	0.134222596685352
GTPBP8	0.133998931014881
CERKL	0.133987014136211
RPLP0P3	0.133934108197002
FAM86C2P	0.133799044744641
GPR135	0.133753830683749
RBCK1	0.133707035226916
IFIT5	0.133664145455725
ASTE1	0.133614669022369
ACER2	0.133571097973196
EXOSC3	0.13354905315625
SUV39H1	0.133474049882657
JDP2	0.133450795480546
SRSF9	0.133450736900751
RPS6P8	0.133435554716381
STOML3	0.133351013023242
BMS1P10	0.133264386799255
TBK1	0.133238154412118
GPAA1P2	0.133170561843884
CARM1	0.133150857730616
PDCD4	0.133131346898343
MPV17L	0.133021053560806
H2AC8	0.133006644518715
ZNF534	0.132908461881821
ANAPC1P1	0.132729732208659
EXD1	0.132511223213858
H4C5	0.132463543065375
CSNK1G1	0.132441299883568
FAM86EP	0.132421506883561
PPP6R3	0.132351542871658
EPN2	0.132315589334409
RAD1P2	0.13231421035845
MAP7D3	0.132286855284309
TXNRD1	0.132118373644744
GPR180	0.132113716441379
BMS1P13	0.131930063065719
NAA60	0.13191408464577
C9orf40	0.131801050554951
ZNF695	0.131763855700537
ZC3H11A	0.13174611502535
TNPO3	0.131741726229684
ITGAV	0.131690619035609
AHSP	0.131541593735244
MYT1L	0.131486489538359
ZYX	0.131470989882679
CDCA3	0.131463910047008
CAMTA2	0.131453677226332
TRIR	0.13144554120684
GTF2H1	0.131362135421011
CCNI2	0.131353169930354
CLDN19	0.131304501039871
STMN3	0.131267049871517
TRIP6	0.131247953830986
SCAPER	0.131157512329022
BORCS8-MEF2B	0.131125948131314
RPS26	0.131038736084683
ARL5A	0.131021258736792
SLC7A6OS	0.130907891034234
ARMCX6	0.130732075173738
PPM1D	0.130604799798947
GPRC5D	0.130563961871167
RPL6P27	0.130500253419516
EIF1	0.130401177032291
GPR85	0.130390536012156
RANBP2	0.130353243229408
NKAP	0.130310703413265
VCAN	0.130308976468956
SMIM45	0.130276406202983
GOLGA8M	0.130229059443631
DHX40P1	0.130182977221826
POU3F1	0.130050063291801
NCKAP1	0.130004275630926
GPKOW	0.129955753406821
TLCD3B	0.129899886872353
TSR2	0.129830384785615
ANO7L1	0.129809473415684
LRRFIP1P1	0.129808189085176
RIMKLA	0.12979889572368
EXOSC9	0.129756185877269
BANK1	0.129626252060444
PPP1R14B	0.129595832200267
GABRA1	0.129569927215563
CACYBPP2	0.129569746168249
ACTL6B	0.12956890325417
SUSD6	0.129567004977546
SLC30A1	0.129524310276016
DDX52	0.129446716962902
NEK9	0.12935475192477
TSPO	0.129235452893223
UBE2E1	0.129234337030999
GOLGA8UP	0.129229128472
GJB4	0.129210580774674
APOBR	0.129132665725504
ATP5MC2	0.12911005717567
KSR1	0.12909508677574
TRAF7	0.129049642501981
F8	0.128841592391858
FAM8A1	0.128815445229935
TRMT61B	0.128762814853428
NDUFA2	0.128732035708185
EFCAB14	0.128695619585622
YKT6	0.128568495655605
PTPRN	0.128536553595699
UBE2FP1	0.128448724375634
TUBG1	0.128435972806343
DENND6A	0.128421425835292
ARMCX2	0.128354206939861
CDRT4	0.128332564955088
PAX8	0.127921933711234
ANGEL1	0.12788580007457
ASNS	0.127869834117686
TANC1	0.127776645372306
ALKBH7	0.127758516621363
RHBDL2	0.127719018406417
SLTM	0.127557923647827
SMARCA2	0.127529298309395
CARD19	0.127485665888515
OVCH1	0.127256468819091
LYNX1-SLURP2	0.127210879969428
SLFN12	0.127204458099022
CDC14A	0.127137925235535
DHDH	0.127073562945975
OSMR	0.127057245697518
HASPIN	0.12704186107285
ACTR1A	0.126909868991361
TLNRD1	0.12689424394452
PIN1	0.126874758666975
FAM133A	0.126811028281869
HAUS4	0.126792882631136
C8G	0.12667572339015
SLC38A5	0.126653797277972
CRYGS	0.126648013569817
CDS1	0.126602413963637
HPF1	0.126528762111956
BLTP3A	0.126397825321439
MKRN2	0.12637568279748
RSPO3	0.126054345659063
GINM1	0.126024188104493
LRRFIP2	0.125983189705451
ANKLE1	0.125934318610662
PLEKHA6	0.125861717401629
KATNA1	0.125819919818786
EIF3A	0.125768636025254
PGM3	0.125742782010348
MLNR	0.125714496051353
SYNJ2BP-COX16	0.125700065750298
BMERB1	0.125669486814175
SETD1A	0.125661080163438
PLIN1	0.125660224093021
AK7	0.125631111138584
ZNF430	0.125584149680241
TLR5	0.12553154600868
PFDN6	0.125531355661871
ARAF	0.125457510530444
SCLT1	0.125449591958391
RGPD8	0.125449521250255
CCR1	0.125415587290419
EOLA2	0.12533671681091
ITK	0.125332391829138
IMMP1L	0.12531717316635
THSD1	0.125246638675363
CD81	0.12522232456673
SLU7	0.125212142555634
PMF1-BGLAP	0.125183964847526
SMIM11	0.125177249183657
GARS1	0.125167263056733
DCBLD1	0.125114645045226
ZNF414	0.125112092827339
CD55	0.125110234826554
UBR2	0.125093854852918
PICALM	0.125014652110456
PPME1	0.124973632084574
WWP1	0.124969480971267
KRT3	0.124960993321304
LINGO2	0.124882426167605
TOX	0.124798204501933
ZNF18	0.124783859559453
ZC3H11B	0.124714796144905
ZNF662	0.124700001238233
PDE3A	0.124692937471155
GDF9	0.124688666209317
PPP1R3D	0.124675458825579
PRR5	0.124548244244424
STK40	0.124470366938077
PABPC4	0.124327424353018
LPP	0.124321991705921
CTSLP2	0.124285470253625
NPC1	0.124139355806203
CDKN2C	0.124044158898905
SLFN5	0.124033431737015
TUBA3E	0.124023238960061
RELA	0.124003097234936
HNRNPA1P10	0.123854994223853
PPP1R35	0.123693306790136
LEMD3	0.123613120634297
RIMS2	0.123552961777366
STARD3	0.123547068491737
CALCOCO2	0.123499080702878
SLC12A9	0.123385229861122
DNAH3	0.12325100595954
POLK	0.123148734857015
ZNF487	0.122981131931686
CSPG4P10	0.122898022830193
OR2L2	0.12286217345921
HGH1	0.122722596276892
ADCY9	0.122722565511066
PRPF31	0.122702585558237
ZDHHC1	0.122526362999402
FAM228B	0.122432689123749
ABCF2	0.122383284208334
SASS6	0.122366262824822
KHDC1L	0.12220658671596
PABPC1P4	0.122147564335217
NUDT16L1	0.122139894131443
RFX3	0.122121854352992
SLC4A1	0.122071078136355
RPL3	0.122063798263867
RAET1L	0.122049895861517
MLKL	0.121974846089279
TMEM256	0.121963826806146
SS18L2	0.121950362781034
EXTL3	0.121887708649015
TASP1	0.121810976284307
ATP2B2	0.121724263690053
MB21D2	0.121713516093492
SPICE1-CFAP44	0.121636721980056
NUDT4B	0.121587014682146
TMEM9B	0.121435539424675
UQCC4	0.121395248486248
CALU	0.12133912963887
MED12L	0.121287989482899
ZMYM4	0.121076872883428
TECPR1	0.121075753238922
UQCR10	0.121044157190262
HCST	0.120940776837843
TAFA2	0.120872703183602
GDAP1L1	0.12085905513001
PTGER4	0.120828562198417
TNFSF12	0.120768590452093
GALNT1	0.120757472942629
RHCG	0.120726926772521
SLC15A1	0.12069993827916
INPP4A	0.120655075251262
PAQR9	0.120589338762679
LAMB2P1	0.120396584159011
RPL23AP2	0.120365551812832
GPR87	0.12032787051097
IGFL4	0.120257076945008
TCP11	0.120248433516639
ABHD17AP1	0.120066453567742
PGD	0.119959384326209
STX7	0.119878160821998
MCFD2	0.119841558436102
RPL12P4	0.119736300359217
PSMD4	0.119706904615362
FKBP1A	0.119607238838104
RPL21P40	0.119600768019766
WWOX	0.119548025451135
SKIL	0.119533780920038
HMG20A	0.119492702851705
INO80B-WBP1	0.119432499517159
LCNL1	0.119336449446841
ZNF750	0.119328431798026
JKAMP	0.11931368951893
TAF6	0.119274020416352
FABP5	0.119255095875698
PHLDB2	0.119198088077876
HOOK2	0.119183146333817
TM9SF5P	0.119157466404665
MTO1	0.119117858715642
RPS20P14	0.119116701375482
EIF2AK1	0.11911016143233
MPPE1	0.119107478946108
TBX10	0.119076472508403
DGKH	0.1190455257476
RCAN1	0.119021710450511
CYP4F59P	0.119016911062615
DNAL4	0.118973761190104
MARK3	0.118968663784402
PTPA	0.118919912638283
PIDD1	0.118824142976076
ATP10D	0.11874152187406
WSCD1	0.11859356535817
SLC16A14	0.118513189677531
KRT17P6	0.118435987185281
RIPK1	0.118384620014912
VPS72	0.118339139941894
RTRAF	0.118313907632357
ETHE1	0.118094486688804
CALD1	0.118089759596667
KCTD8	0.118064988768478
ZNF771	0.118003141543242
PPP4R3B	0.117962064136559
TBL1Y	0.117932386735197
KDM1A	0.117715390088749
DNAH7	0.117612288140514
GBA2	0.117551598259969
CCDC181	0.117538248561823
RPL21P75	0.11744418311125
FASTKD3	0.117436956807915
AVPR2	0.117278350466596
BAG1	0.117258680037712
PLCE1	0.117168432654441
ACTR6	0.117099415761279
PREX1	0.117034275499743
R3HCC1	0.116939126987732
PIGS	0.116880544474119
LRPPRC	0.116866639354646
EPB41L3	0.116801102215207
LIPH	0.116746565179929
TRAPPC2	0.116722567308956
WFS1	0.116637497131916
PPP1R9B	0.116402061242772
CCZ1	0.116340165172373
TNFSF13B	0.116315036202086
DERL1	0.116308363762629
SS18L1	0.116264939958671
RAB9B	0.116255112673499
SRRD	0.1162479280255
NDUFS2	0.116199697646065
DHRS4L2	0.116183490272929
SDHA	0.116093254864833
PLAT	0.116023871789471
NEDD4L	0.115995493096287
ITIH5	0.115938201049688
ZNF580	0.115915621960535
UBE2SP1	0.11578488057798
DNAAF10	0.115677956393848
COX18	0.115653112739249
NOP56	0.115561300855453
PHACTR3	0.115554793412604
GOLGA8N	0.115399164678547
RAB3GAP2	0.115335772832035
TNFSF15	0.115255942794749
CD79A	0.115245294502121
IGKV1D-43	0.115242262039366
TBP	0.115214024760023
XRCC3	0.115122860203383
CSAG3	0.115079116791187
KPNA1	0.115064297235795
GATA4	0.115036883721184
CHMP1B2P	0.115022657199337
DTX1	0.115014427041458
SOS1	0.114998565228391
TMSB15A	0.114921382628193
TXLNA	0.114725418554144
TATDN3	0.114662408290817
TADA1	0.114554897540165
NPNT	0.114302488518801
DNM3	0.114167253191557
CFAP20	0.113723771596626
POP4	0.113683063131332
PMP22	0.113629897916859
CNOT6	0.113619082883937
CNMD	0.113577884922583
NOVA2	0.113553586193872
NCALD	0.113452168434734
MTCL3	0.113419133155027
LHFPL5	0.113358869091757
RPS3AP38	0.113325571911089
CYP4X1	0.113261897573378
SALL2	0.113200297973647
TMEM62	0.113194165204644
NDUFC2-KCTD14	0.113173099885191
SATL1	0.113084068129472
DKK2	0.113072165600972
PEX11B	0.113039915951196
MFSD4A	0.112871763609208
HDHD5	0.112852955143418
NOXRED1	0.112849070179449
LHFPL2	0.112838794362547
MRPS21	0.112830861709617
RNASE1	0.112771922135825
GTF2H2B	0.112746919076382
APPL1	0.112743431659464
FDX2	0.112677820816178
CEP170P1	0.112675983732055
TOMM34	0.112595237343946
RBL1	0.112575908292948
ANKRD7	0.112569847213422
SPATA7	0.112560760665011
INIP	0.112525827614586
PRRT1B	0.112348585638346
NPTN	0.112308951170216
ATP5F1D	0.112239475665931
MITD1	0.112218063482798
EMP1	0.112214221741379
EQTN	0.11220875050132
GPR83	0.11220193337882
BACE2	0.112192028156903
DIXDC1	0.112064008602084
NUP133	0.112043965861295
CPSF2	0.112006395637221
RPL7P9	0.111952692781602
NIPSNAP3B	0.111906306732117
PABPC5	0.111822267623297
ZCRB1	0.11175309727757
BPNT2	0.111574326584965
RPL7AP66	0.111471933674164
ITGB4	0.111447588672914
LIPE	0.111420757632823
COQ5	0.111389176639052
GBE1	0.111358957178168
SLC24A3	0.111303094721049
ENPP4	0.111182243945617
MED30	0.111119313081427
AHR	0.111114653667425
HIF1AN	0.110994208410776
ZNF785	0.110844115959094
KLK1	0.110730767412995
FGF18	0.110702063309331
PSMD10	0.110686410839176
GCN1	0.110674930679698
PTPN11	0.110631793787786
E2F2	0.110627635529665
MAGEB17	0.110573427735279
ARIH1	0.110569390914008
SFTPA2	0.110501649109058
RPL15P5	0.110481220502646
CLEC11A	0.110453040567239
MEF2B	0.110443736081299
UBA7	0.110434541472927
SRD5A2	0.110424428404439
GNB5	0.110336707426752
FUNDC1	0.110259078912796
KDR	0.110254481852415
RPL7AP45	0.110174536146465
YTHDF2	0.110152907502325
PADI1	0.11005332138497
SMARCC1	0.110051929056473
DPRXP4	0.109961901088962
TGOLN2	0.109874980039777
SETMAR	0.109837239461062
KCNC4	0.109805044208363
HS3ST3A1	0.109796146516712
PMS2P8	0.109751775596559
PMAIP1	0.109746884245374
IFI27	0.109707616658249
SPAG1	0.109625883623944
CDCP2	0.10954370492783
RBM28	0.109479225156124
ADRA2C	0.109458753858258
AZIN1	0.109368836721471
RNASEH1P2	0.109210418070189
IMMT	0.109206818597643
AURKC	0.109123671751696
NDUFS1	0.109104443814653
CCL25	0.109052396605821
RPS7P11	0.109051149079359
RPL15P3	0.108827457602648
MPG	0.108779422487075
MAZ	0.108770029792747
ATG3	0.108750716997267
NCEH1	0.108743138153799
TALDO1	0.108740328994127
CNN2	0.10864158940018
OSER1	0.108414342097442
DBI	0.1083934480415
DBF4B	0.108388738189784
UCN	0.108366364473557
CCT6A	0.108166125183783
ST7	0.108089375419944
NUDT12	0.108056220916778
FGF12	0.107912407813151
CHORDC1	0.107910021176037
TOR2A	0.107894949704682
PDIA3	0.107812900952392
ZEB1	0.107807331909684
TRNT1	0.107797930189718
RNF114	0.107735098821346
C3orf33	0.107643789490695
GFM1	0.107385253010317
OR52K3P	0.107318928136746
HPS6	0.107298260867271
SRD5A1	0.107291165126925
WDR83	0.107032175848526
ATAD3A	0.107022577974601
AKAP9	0.106889056107859
TBX21	0.106887806044359
ABCB1	0.106840974681285
SMTNL1	0.106787684446167
RELN	0.106775680665186
FAM89A	0.106723534326573
GAB1	0.106722708293614
HIP1	0.106658642248339
SAR1A	0.106641520897511
FPR2	0.10657515209693
SYNM	0.106529206566606
MOB4	0.106506188441866
ARL17A	0.106426134575463
TIMELESS	0.106358911945852
CHST13	0.106351765805788
ZMYND12	0.106330611408373
GPR149	0.106246289597536
ASPHD2	0.106132916423618
STAC	0.106132245598991
KLK4	0.106120785477822
WDR37	0.106041700957657
FBXO34	0.106000271721196
FKBP1C	0.105966915412655
BANF1	0.105934788724392
LCMT1	0.105858148871683
ZC3H3	0.105676468111028
SLC19A4P	0.10549683959605
OPA3	0.105471969118027
LRIT1	0.105334404423108
FAM90A25P	0.105088444858858
NALF1	0.104981965080829
MEIOC	0.104966065070845
UNC5CL	0.104863553271349
DUSP11	0.104807208201746
C6orf118	0.104758729887015
LINC00933	0.104753972136939
ABCC4	0.104513677558725
FMC1	0.104486583445427
COA5	0.104486248608939
TMEM70	0.104475298542386
ZNF92	0.104472946739834
HERC2	0.104471980900321
DTD1	0.104470941684078
RPLP0P9	0.104459465656951
SLX1B	0.104344733484111
PPM1E	0.104235651389647
ABCG5	0.104146104598071
SH3PXD2B	0.104069756836499
RBSN	0.10406908461399
TMEM253	0.104028859162114
PIGX	0.104011673770258
GPBAR1	0.103985460194354
P2RX1	0.103932448702791
GCHFR	0.103916748199414
LMBRD2	0.103752392475121
RBM41	0.103661081858376
ADGRB1	0.103618339995505
ATP6AP2	0.103582645927412
CALHM3	0.103578664017092
FREM2	0.103450753588577
GPRC5A	0.103423240086902
PREX2	0.103403916637408
ITSN2	0.103381469351686
NEK6	0.103376314195712
CTXND1	0.103326795163614
ST6GALNAC6	0.103276300549826
PAK1	0.103272527583258
NDFIP1	0.103252773251491
CIST1	0.103219633398792
SHLD3	0.103174164247148
GCA	0.103122596406287
APOC1	0.103117666634575
ERO1B	0.102889055949391
HSPD1P10	0.10277143267234
APLNR	0.1027036373855
EIF2D	0.102702058069165
TNIP2	0.102699548816403
RBM17	0.102641371959338
DNAJB5	0.102636864557871
DBF4P1	0.102529135861908
FBXO4	0.102467406600305
EML2	0.102457626036068
IGKC	0.102351341398631
RBAK	0.102308126044868
ARTN	0.102177217930597
ADAMTS12	0.1021546998921
SRGAP2C	0.102050259281433
ZNF22	0.101821745729415
KCNK5	0.101804081194943
UQCC2	0.101557407608689
KIAA0825	0.101528243077768
MGAT4C	0.101474442113024
HIRIP3	0.101441867835375
ST13P6	0.101424648568081
TBC1D3	0.101402393955259
PDCD6IPP2	0.101182592120105
DDX19A	0.101142559837904
PPIC	0.101111434771745
TIMM8A	0.101067828692719
CTSK	0.101056916753748
LTA4H	0.101010009209476
EXOSC7	0.101006026706849
EPHA10	0.100957022582122
ZNF630	0.100942680516814
OTOGL	0.100877507195968
KIFAP3	0.100822045560732
ZNF598	0.100795508948988
NOC4L	0.100784424295948
CCNYL1	0.10075667824851
U2SURP	0.100670418742634
MGAT4EP	0.100658528969772
ACYP2	0.100623499115928
FABP7	0.100595056831432
SLC10A7	0.100570141097916
KDELR3	0.10046167866147
TRAM1L1	0.10045479395165
CENPW	0.10039823277312
NKPD1	0.100298781630905
STK39	0.100235739835856
SMG1P3	0.100224536245526
HMGCL	0.100183521942515
RDM1	0.100155065053991
EEF1A1P7	0.10014504926254
POLRMT	0.100028699816198
RPL5P4	0.100007226398684
ANXA6	0.0999392012368803
TMEM229A	0.0998680316822843
NUCKS1	0.0997715183430596
MUL1	0.0997487883272495
PLEKHH2	0.0997418979987825
ZNF182	0.0997039558612011
DHX58	0.0996793248024041
CREB3L1	0.0996539813343127
GID8	0.0996521544444066
MYO1D	0.0996298559308046
SLC30A5	0.0996209351198701
GGT1	0.0995785626987771
ECD	0.0994606540551297
GEMIN5	0.0993462168916354
CHAC2	0.0992334418727388
EPS15L1	0.0992328564709613
PPATP1	0.0992295937536323
ABHD4	0.0991720950288926
TAS2R64P	0.099170623838965
PEG3	0.0991673693357989
RPS2P55	0.0991577107444786
RMI1	0.0990144212771228
FGF9	0.0990094827858763
MYMX	0.0989886700420668
MAP2K7	0.098804303701034
CTRL	0.0987566360738398
LHPP	0.0986871073091147
TXNDC9	0.0986850260464272
GLIPR1L1	0.0986738454622459
DIP2A	0.0986001857202348
TMDD1	0.0985169543286704
ARF4	0.0984927997377033
SNRPN	0.0984647492567283
ZCCHC10	0.0983143809990846
TIMM29	0.0982797510934492
FUT11	0.0982615032420168
METTL13	0.0982444300745549
WNT3A	0.0981792066989905
ANKRD22	0.0981254954467103
B3GNT4	0.0980867992344102
IL20RB	0.0979741743066343
UFSP1	0.0979402958733602
SEMA7A	0.0979205846702675
PRELID1P6	0.0978897166909937
KGD4	0.097880003049616
SLC7A5P1	0.0978514887953547
PASD1	0.0977119987546289
CASR	0.0977100231333512
GABARAPL2	0.097675452535947
BTLA	0.0976604916501397
TNFAIP8	0.097619553806115
CD7	0.097485094495863
DAGLA	0.0974506294512748
ARFGEF1	0.0974486598590056
ST7L	0.0972411831012371
DCAF13P1	0.0971949499710644
SCP2	0.0971878646585985
CMPK2	0.0971845071563218
LCLAT1	0.0971673874071586
STAC2	0.0971361944494406
HMGCLL1	0.097062060864697
GIT2	0.0970523214320781
MOB2	0.0970334976820951
GALNT10	0.0970099895136024
MKX	0.0969969986044489
C8orf58	0.0969815132340392
GADL1	0.0969527271821825
MCM8	0.096946539401744
RASL12	0.0967219086677977
CNTLN	0.096719949232583
ESPNL	0.0966152161212987
KLHL18	0.0965790572394562
NAPEPLD	0.0965398949735894
SSPN	0.0964023845949903
APOBEC3G	0.0963747809655957
SLC2A5	0.0960811636177667
DMC1	0.0960298274087481
IL22RA1	0.0959879408264122
MRAP2	0.0959216914334499
RUSF1	0.0958941725417868
FCN3	0.0958806994782465
TMEM140	0.0958722860247219
NLGN4Y	0.0958460305919483
B3GALT5	0.095748487464604
DCAF11	0.0957088672921629
SLC50A1	0.0955628795870629
DZANK1	0.0955428989960554
SUPT20H	0.0955050519841565
FLNB	0.0953297171597566
CD86	0.0952710225049819
GGCX	0.0952577046595663
MYG1	0.0952189208242473
PIK3R1	0.0951896791973672
MEAF6	0.0951741854153055
PRR14	0.0951560070108374
CPNE8	0.0950177513445527
CDC42EP3	0.0950022441748069
FUT10	0.0949773946880607
LPAR2	0.0949477255749459
NOS2	0.0948316758093659
SLC10A6	0.0948152919001386
GPR84	0.0947200389657841
TRIB2	0.0946966924455272
PTX4	0.0946727958686387
NTN4	0.0945664716282804
INTS9	0.094508890504002
ARL1	0.094469244089376
RPL21P120	0.0944427474427406
HHATL	0.0944063203262456
BTF3L4	0.0941672751570406
PNPLA4	0.0941403952267247
GAPDHP35	0.0941294047929803
WNT8B	0.0940946817479399
SLC19A2	0.0940738927661056
GGA3	0.0940391619469945
YJU2	0.0940380715058241
TRIM80P	0.0940065512768965
ATAD1	0.0939859545045385
MAP3K3	0.0939598766810244
KLF5	0.0939566700522045
BEND6	0.0939054056597445
CR1	0.0938876222510369
EXOSC4	0.0937907669401406
KRTAP10-6	0.0937844411012402
BMPR1AP1	0.0937570528024917
GNE	0.0937321800912628
MYOM3	0.0935998916770329
ALAD	0.0935527302675321
FAM86C1P	0.093482000019904
NSRP1	0.0934690245301999
CSRNP3	0.0933250532448536
DERPC	0.0932749554998742
ALOX15B	0.0932652152650317
BOK	0.0931898201690468
NECTIN1	0.0931226779880741
ABCC8	0.0929927551097005
MMGT1	0.092990517354955
NPIPA7	0.0929336360927341
BTC	0.0929220868685736
CSMD2	0.0928888122021606
MCAT	0.0928648950344546
RBM34	0.0927699685067137
LRRC9	0.0927292811048421
RSAD2	0.0926715948789537
SMU1	0.0926147618865632
SSX2IP	0.0926004293338304
TMEM144	0.0925937175784462
NUMB	0.0925633989430875
RPL4	0.0925578094531592
AGAP5	0.0924623688814283
SLC35F3	0.0924535830490566
CREB3	0.0924353514557163
POP5	0.0923711813467844
IL23A	0.0922839938026255
H3C8	0.0922075660059516
SLC20A2	0.092199102219566
PRKAA2	0.0921456807466669
NLK	0.0921149129558833
DMRT1	0.0920857936491647
TUBA5P	0.0919869979359397
NMB	0.0919307779626455
ZDHHC4	0.0917623299306669
CHTOP	0.091744424738352
CCNG1	0.0916767053027293
SNAP23	0.0915815750660317
LASP1NB	0.0915733689564762
HECW1	0.0915329691903568
ILDR2	0.0914895703620477
DUSP12	0.0914710696620489
TMEM117	0.091464421641629
PSMC5	0.0913461478544778
IGBP1	0.0912080589027621
BCS1L	0.0911893778691899
RNF19B	0.0911563329057
TCF25	0.0911333674289309
MEGF8	0.0910577541646823
PRPF6	0.0909259497451801
AP3S1	0.0908857516341796
LASP1	0.090802176488081
UBE3A	0.0907980127957629
GGNBP1	0.0907641730831697
RPS11	0.0902744157462721
FPGS	0.0901562729496559
GOLPH3L	0.090137751367234
CHRNA9	0.0900262331554389
CCDC125	0.0899867564853344
CRHR2	0.0899431677355264
SNAP47	0.0899341788873714
WAS	0.0898641897997628
ISL1	0.0898599064720546
PRKD1	0.0898558339262672
PTX3	0.0898320929532432
DLST	0.0897401980472668
TBX20	0.0896490335346059
NBR1	0.089644854194952
LTO1	0.089562255569324
MIPEP	0.0894702486066201
DENND2C	0.0893033459293348
DOK7	0.0892455697808336
ZBTB17	0.0892392866815766
ARHGAP25	0.0892218621695632
PRDM5	0.0892171758416341
CBX3P9	0.0892100108115677
AP5M1	0.0891154762360097
ZNF511	0.0891145848662467
HPS5	0.0889377126035965
PLEKHG3	0.0888792378784762
OLFM1	0.0888761361469299
GNB1	0.0888435518368928
RPP38	0.0887697815488011
ZNF440	0.0887514577895796
RAPSN	0.0887449031966713
RASA4CP	0.0886973823746444
GBF1	0.0886148003163494
H2BW2	0.0885023875313038
LRCH3	0.0884792794216282
DISC1	0.0884500196064092
SHMT2	0.088434838681788
WIF1	0.0884178593065544
VN1R42P	0.0884030779925475
PHOSPHO1	0.0883687247139252
H2BC15	0.0883406981691219
PDLIM1	0.0882466697015591
NAA25	0.0881621892821493
ARHGAP32	0.0881161353483085
TBC1D12	0.0881046027209698
CCDC184	0.0880760588869825
COPB2	0.0879899750014771
TARS2	0.0879836034174979
RNLS	0.0879482210137632
TENT4B	0.0879177463964368
KCNB2	0.0878484704271449
CWF19L2	0.0877707374981959
NRDC	0.0877594886728438
HELB	0.0877545643336065
DUXAP9	0.0877507438715659
SHC1	0.0876729287078756
RASL10A	0.0876620118855318
MYO1B	0.08761343381568
ADCY3	0.0874723871475314
ADAT1	0.0874659186345023
FEM1B	0.0874385609716899
RAB6A	0.0873565342960251
ANKRD40	0.0872325082427577
H2AC15	0.0871677388472779
LUZP4	0.0870789083036368
ING3	0.0870239338567074
HAUS2	0.0868629525843142
GUSBP15	0.0867402114427744
ACKR4	0.0867320985265118
MXI1	0.0867065753731945
IKBKB	0.0866809460111192
COQ10B	0.0866794334186048
SSUH2	0.0866441906979301
VAMP1	0.0865292688368922
NXT2	0.0865236128589645
DDX59	0.086475440273069
SORBS3	0.0863528252227505
ADAP2	0.086345304559198
TMEM47	0.0863112142747674
MRPL15	0.0862984236792422
IL15RA	0.0862048167938134
PCOLCE	0.0861923012685765
CALHM4	0.0861756626160809
CCNH	0.0861413250448305
ABRACL	0.086139833748619
NAXE	0.0861127906119804
SLC25A25	0.0860917632571147
GNG8	0.0860913817167168
IFI27L1	0.0860472394544652
DNAJA1	0.0860252033416142
C11orf24	0.0859541903473345
RIN2	0.0858689740153
EIF3C	0.0858084614335056
NLRP10	0.0857154101076835
SEPTIN7P14	0.0856689191499539
PAK6	0.0856608934796041
ATRAID	0.0856016998647055
RNF150	0.0856010997058801
ZNG1A	0.0855855572549363
SLC35D1	0.0855710817297974
PFDN1	0.0854536857029641
IL2RB	0.0854502722180454
UPF3AP2	0.0853560164234121
HAUS3	0.085309885703486
TMED7	0.0852931042086748
RARS2	0.0852904297277464
NUP62CL	0.0852732548463223
CYP4F11	0.0851972179677561
PARP2	0.085185084342289
NME9	0.0850835986592682
ZDHHC23	0.0850795473070822
SNX13	0.0850021421638806
THAP6	0.0849732739717095
ANXA3	0.0849557755184435
COMMD8	0.0849504732749306
PLPPR4	0.0849056385669943
GGT5	0.0848740006909183
CCM2	0.0848229114226131
PHF10	0.0848084580935766
POPDC3	0.084797369792431
TMEM263	0.0847784854442552
CAMTA1	0.0847737175741521
CRIM1	0.0847590318373718
PNPO	0.08467423507669
NSUN5P2	0.0846397690129288
TGDS	0.0846318086075543
BPNT1	0.0845501989572158
PCCB	0.0845444294687341
RFX1	0.084424143739356
TEX101	0.0843813518589817
METTL1	0.0843628108122094
DTNA	0.0842831264828855
EFHC1	0.0842037507527381
EXO1	0.0841965314586295
HAUS1	0.0840618958518491
NUS1P2	0.0840061216813362
LRRK1	0.0839411768066573
BBS12	0.0839051621435595
KIF1C	0.0838408275228531
DAXX	0.0838278483810447
IER5	0.083822979061773
FAM168A	0.0838097952711872
CLHC1	0.0837989099840237
HPCAL1	0.0837868059107093
MED28P7	0.0837830787246068
TFF3	0.0837348808026391
MOSPD3	0.0836818153427802
DCAF6	0.0835774313314751
MCUB	0.0834873581006293
SYBU	0.0834559052252875
PHYH	0.0833456190537802
PPP1R7	0.0832752526044183
NKIRAS1	0.0832351705643413
CHCHD5	0.083207890799022
RNASE4	0.0831238560442027
ZC3HAV1L	0.0831151432822045
HRCT1	0.083095973582562
FBXO7	0.0828148324421514
SLC37A2	0.0828077623982622
FAM110B	0.0827833027882573
FGF16	0.0827152304685342
MON1B	0.0826741338305825
BCL9	0.0826702627632009
CCDC40	0.0825778679031451
RAB10	0.0825454495987979
UQCRC1	0.0825239408200134
SHISA4	0.0825230199359549
GFOD2	0.0823206268294411
PDE8A	0.0822724587110804
KIRREL1	0.0822507173592124
POMT2	0.0822262497079537
CCDC154	0.082211055637649
TATDN2	0.0821707444209333
CELF4	0.0821539913516096
ALG1L1P	0.0820866299840853
SRXN1	0.0819587624062498
DUSP19	0.0819497305856763
UBIAD1	0.081926257904227
SFMBT1	0.0818350736099609
SRRT	0.0818205379455523
RASGRP4	0.0818017589657733
ZNF830	0.0817937633805643
TMEM154	0.0816946829517202
KRT8P30	0.0816728660521594
GMPR2	0.0816624750721559
HEMK2	0.0815544433102966
PLPP6	0.0815117626059336
SLPI	0.0814607414737354
KCNMA1	0.0814520812372184
PDCD6P1	0.0813495523931664
IL32	0.081219763952725
RIOK2	0.0811908809524412
LRRTM4	0.081144587523923
TMBIM4	0.0810523074373427
RNPEP	0.0810390805109009
PPIG	0.0809769711510807
PFN4	0.0807776395947706
MMD	0.0807351277811657
ZNF705EP	0.0806012428550611
AURKB	0.0805647427923855
ALG13	0.0804884169459368
NUF2	0.0804610517444154
ZNF852	0.0804569272625569
NOG	0.0803912787539407
MED9	0.0803889521669529
SF3A2	0.0803665982846953
TRIQK	0.0803285567896328
BMS1P20	0.0803058701896475
SRP54-AS1	0.0800315548247143
ZNF286B	0.0800001783401304
MAP2K2	0.0799925774060738
RBFOX2	0.0799820941646413
OLFML1	0.079900995124982
PCDHGA6	0.0798447622451272
IMPDH2	0.0797862706420157
MORF4L2	0.0797435941115554
PEPD	0.0796925863614457
MPC2	0.0796622035744853
NAA30	0.0795974710588104
CAT	0.0795904740060851
C12orf50	0.0795107914076387
NUDT19	0.0794916056766439
DHX8	0.0794745017627954
FDX1	0.0794179106810617
MYORG	0.0792699137324295
SEC23A	0.0792630055833663
SLC25A5P5	0.0789780103671023
SLITRK1	0.0788237394294832
KRT16P1	0.0787441332539074
SLC7A1	0.0786815439872985
NPHP1	0.0786025410479373
SLX4IP	0.0785669856404183
RUNX3	0.0785009043778568
GNB2	0.078499342891995
OR2S1P	0.0784854676163581
RNF113A	0.0784307899182772
ZNF614	0.0784194056256007
RPL19	0.0783950338018329
WFDC21P	0.0783420723630744
FAM240C	0.0782608372777702
SP140L	0.0782592546933911
AIF1	0.0782457148647685
FAM90A24	0.0781793836285345
ETV2	0.078156141426881
PRPS1	0.0781514345174009
TAPBPL	0.0781011485888168
OBSL1	0.0780196475505212
MCM10	0.0779647942378401
GULP1	0.0779390796745095
PLAGL1	0.0779095699103981
OR5H5P	0.0778500900538646
ZNF697	0.0778023241058293
PPP2R5CP	0.0777958787836009
POU4F1	0.0777298783621776
HPS4	0.0775123225877444
KCTD14	0.0774851864490222
UBE2J1	0.0774822005779696
EID2	0.0774559477701782
AADACL3	0.077442015989014
KCTD6	0.0772688380041316
SLC35E1P1	0.0771708359951334
C5orf58	0.0771017584711102
OR9H1	0.0770083090429494
SNAPC5	0.076989603108571
TRAIP	0.0769868395297903
VPS26B	0.0768740180196678
AGAP6	0.0768550314460232
PLTP	0.0767667778850276
UROD	0.0767457066587145
ASCC1	0.0765060734451922
FAM3C	0.0761874776164928
DIO2	0.0761306219787139
WIPF2	0.0761264877641534
PCDH9	0.0760360132906209
LRRC27	0.0760180020232475
TLCD5	0.07599615001775
KDM1B	0.0759935351292767
TADA2A	0.0759840388572028
PIWIL3	0.0759620421584892
UBR5	0.0759050287647769
OR9K1P	0.0758959181436958
GLT8D1	0.0758538763839747
MRGPRF	0.0758346036733993
RNF181	0.0758276057126545
BHLHE41	0.0758135184800292
ANKRD24	0.0755975254084148
CT62	0.0755793401231132
KLHL34	0.0754977457707227
RNF14	0.0754922557673927
HSD17B7	0.0754615178423841
H2BC11	0.0754519690036527
MARCHF10	0.0753775533583967
IGLV5-52	0.0753372245609218
SLC38A2	0.0752796015343556
DHRS7B	0.0751961692462935
TEC	0.0750440016040693
SLC25A46	0.0750390323680517
C1orf87	0.0749502403659174
IDH2	0.0748019675243334
NUP54	0.0747349562047959
GUSBP14	0.0747129148066022
MND1	0.0746510928798429
DYRK1A	0.0746265508658733
MFSD2B	0.0744427689246061
OXLD1	0.0744418633782497
MED1	0.0743775444856673
NUDCD2	0.0743748246305563
PNLIPRP2	0.0742753880798324
ECRG4	0.0741796850299163
ALG5	0.0741591551357631
C4A	0.0741331850680538
RERE	0.0741305208940208
PDZRN4	0.0741282404346453
PIPSL	0.0739701319621181
KMT5AP1	0.0738192442928882
RHOXF1	0.0737537261977452
MOB1A	0.0737454721114562
SLC26A8	0.0737444636307049
HCAR1	0.0736965134111012
LGALS4	0.0736582503231601
KLC3	0.0736258341321788
RBMX2	0.0736084501272739
CDC5L	0.0735404673694323
CABP4	0.0735061265492569
HSPA8	0.0733924398797298
CEP20	0.0732331463275326
PHYHIPL	0.0732104705502978
HMGN4	0.0732041508180564
ZNF184	0.0730281773960505
TRAPPC9	0.0729380727640967
NR2F6	0.072937674738752
METTL17	0.0729180664061779
NDUFS8	0.072853311404518
PNPLA6	0.0726224489710722
MRM2	0.0725826813084112
TMSB15B	0.0725558882482045
CYB5R3	0.072517647258314
LYSMD4	0.0725124293490171
CUBN	0.0724765309243398
TTLL13	0.0724215804798184
USP5	0.0723306849395558
NINJ2	0.0723304466494891
PHKB	0.0723135640073267
FPGT	0.0722946507036755
MRPL53	0.0720978936051604
C7orf78	0.0720729894054925
MRPS25	0.0719865292820555
IPO13	0.071853156820274
EIF1AX	0.0717799664846797
HYCC1	0.07177618740993
METTL3	0.0717528702160447
NREP	0.0717494008906042
GPX3	0.0717354174510329
SEPTIN5	0.0717333765909416
DNAJC19P5	0.0717264297382933
SDF2	0.071701147582836
SUPT3H	0.0716626794285426
AMBP	0.0716097034585129
TINCR	0.0715830843927391
LORICRIN	0.0715705748682135
GTF2F1	0.0715575263652617
IL4I1	0.0715560820077139
RAB34	0.0715411476064897
MINDY2	0.0712219426696865
VCL	0.0712218081435158
XRCC1	0.0711991824687851
CDKL4	0.0711551414863185
ARL2	0.0711120618053486
HTR3C	0.071090043487726
SMC3	0.0710030225043338
TMEM164	0.0709290026798916
ELMO1	0.0708573525581443
MRPS31P2	0.0708423385325403
APOBEC3H	0.0708420981120647
CCND3	0.0707550053419825
CCK	0.0707171536740908
OR5A1	0.0706993871378807
GGPS1	0.0706929023136603
TMEM268	0.070587636479211
MAX	0.0705241126931079
C1orf216	0.0704911443869896
SOWAHC	0.070457530571465
LAD1	0.0703639781458082
SRGAP2B	0.0703261771837436
GNAI3	0.0703087068664414
CLDND1	0.0702366372755735
CDK5R1	0.0701952484056273
COMMD2	0.0701933887064321
TTBK2	0.0701846199929393
DDAH1	0.0701464549171281
BLVRA	0.0700557925327554
ERCC2	0.0700216165020493
AOC1	0.0699801945339742
OOEP	0.0698704812918222
RTN4IP1	0.0698701955287125
MOSMO	0.0698192155290923
ALOX12P2	0.0698093665926953
PKNOX1	0.0697729955840921
PMS2P7	0.069596436574665
TRIM56	0.0694331212136367
STAP2	0.0694244144602643
CHURC1	0.0693618088492073
SEC24A	0.0693296214786745
CLTC	0.0692871434030073
CCL2	0.0692759558708254
KMT5A	0.0692618733231365
PPP2R5D	0.0692606469748738
TMEM14A	0.0692266470665142
HPDL	0.0691834094064444
PDE4DIPP4	0.0691528186992317
CLCN3	0.069151951706329
GOLGA8IP	0.0691188177433034
ITGB5	0.0691087561235662
ACACA	0.0691041091045024
FFAR3	0.0690346300707118
SLC39A11	0.0690087597581256
KCNK13	0.0689181820818457
PSMD11	0.0688449652883048
PPRC1	0.0688377322921969
MTAP	0.068835301495526
CPNE9	0.0687568659658452
CYP19A1	0.0686705791979552
SHISAL2B	0.0686462113668554
IQCB1	0.0685694730118962
TRMT61A	0.0685452333622468
TEP1	0.0685111430180037
CCDC71L	0.0685079580554025
NUP42	0.0682878596141642
COX8A	0.0682467555688832
ZNF101	0.0682454906843524
KCNC3	0.0682433581596737
S100PBP	0.0682309368099391
LUC7L3	0.0681536222070558
MATCAP2	0.0681019649513155
SUN3	0.068085664977945
SKA1	0.0680665242464597
TTC39C	0.068041777465313
PRG2	0.0680386107083893
KCNQ2	0.0679890570323748
CTNNA2	0.0679825359192711
DTWD1	0.0679195878584621
H4C14	0.0678965118846329
CEP290	0.0678427449278859
INTS4	0.0678248428770318
PRH1	0.0677826023976598
BEGAIN	0.0677795816700887
ZNF230	0.0677357812065321
B4GALT2	0.0676877749610469
KRT8P36	0.0676497221636058
ZBED6	0.0675962056908851
ACY1	0.0675541964320285
CFAP298-TCP10L	0.0675411294469007
COMMD4	0.0674970840799228
ATE1	0.0673743863875967
WIPI1	0.0673726683436965
KLC2	0.0673222902107923
E2F4	0.0673047135083808
LYN	0.067212397848271
KCTD18	0.0672069313542629
SDC3	0.0671848302479964
CD101	0.0671586711687386
TAF1A	0.0671564652181387
KLHL20	0.0671348039887467
PIK3R2	0.0670999457441269
NPY	0.0670612540618419
LETM2	0.067021936524031
RFWD3	0.0669811167964151
FBRS	0.0668910815867553
WDR75	0.0668156002360298
FAM90A12	0.0667412615663496
ANK3	0.0667252759148778
FOXJ2	0.0667135244452385
HNRNPA3P10	0.0666952490468172
PGGT1B	0.0665340178179032
ZNF285CP	0.0664347422144746
PDE4DIPP7	0.0664027101789145
LIMS1	0.0663647476218416
PIK3CD	0.0663382722423357
THUMPD1	0.0663305192475616
LRPAP1	0.0663249975354046
PIK3R4	0.066267320054887
DLGAP2	0.0661747442932774
CD46	0.0661378241894475
ZNF670	0.0660285935813875
CALML6	0.0659858541311064
MYNN	0.0659233922397607
CYP1A1	0.0658751156488486
CCDC117	0.0656956159865265
TMEM169	0.0656889361062672
GABRQ	0.0656888409772339
PANK4	0.065620323176486
TUBB8P8	0.0655517424821496
NFU1	0.065541320879483
ZNF551	0.0655350602515603
CTDSPL2	0.065455072107413
SYT9	0.0654244350920138
TSR3	0.0653703022084271
ZNF8	0.0653256966353285
KCNC2	0.0652947940130599
KPNA6	0.0652821809251668
RRP1B	0.0652074110341796
CYSRT1	0.0651741412857272
DCTN1	0.0651436900964843
ZC3HC1	0.0651047998974968
ISL2	0.0651005592685824
TRA2B	0.0650807417590158
DUS4L	0.0650508592492297
STC2	0.0650041864965925
C16orf87	0.0649974693251201
TMEM59L	0.064875934697415
HOXD13	0.064822831637092
SLC35F6	0.064768665357338
RPSAP54	0.0647544982752631
FAM162A	0.0647447732204992
METAP2	0.0647393529944473
TIMM8B	0.0647329356846319
DIRAS3	0.0647284261421061
ACTN2	0.0646668763111164
ZNF222	0.0645989892232001
SPRING1	0.0645044231938893
LARP1	0.0644942656848248
SIPA1L2	0.0644467491428766
TPRG1	0.0643502877407295
H2AZ2P1	0.0643437406914154
KIF4A	0.0642958546701873
CEP72	0.0642897545318733
PARP3	0.0642635868156932
RGS7	0.0642223689269057
ZNF462	0.0642183091116287
FN3KRP	0.0641953219199869
RABAC1	0.0640817142254863
DOHH	0.0640441115828243
GALR3	0.0640396415113339
INO80C	0.0640188882580075
POLD1	0.0640170672233216
TLK2P2	0.063973629942679
DPY19L2P1	0.0639634489919843
MRPS14	0.0639428412682418
EXOC1L	0.0639209990761325
PSMA8	0.0638803485207116
MAGED4	0.0637773759858758
ZNF730	0.0637719842716189
METTL4	0.0637437335542688
GGNBP2	0.0637391818487838
GPR137	0.0637329650783772
CYB5R2	0.0637143206411543
B3GAT2	0.0636882867888365
ANKRD13D	0.0635981699144146
RPL18	0.0635843732389775
CASK	0.0635836937118542
CYP4V2	0.0635363467876084
TMEM134	0.0634363019144815
MAGEA2B	0.0634292985839562
DPH3	0.0634016397955789
DCTN3	0.0633228991881781
THAP11	0.0633214661414794
UXT	0.0632584395232132
SCHIP1	0.0631360226332869
ASAH2B	0.0630708766378237
GOLGA6L3P	0.0630164929571919
VRK1	0.0630135650647913
FAM184A	0.0629515742000881
COA3	0.0628718127869188
SYCE1L	0.0628644426242902
PRKAB1	0.0628138408082704
TRAK2	0.0626996114517623
PKIG	0.0626005090086882
KLRG1	0.0625803495171279
ZNRF2P1	0.0622803614721184
TEKT4	0.0622206741975023
POU5F1P3	0.0622115963319203
HENMT1	0.0621912080794399
ZNF587	0.0620918716164118
TXNDC16	0.0619927263664549
UBE2T	0.0619300189387732
RNF135	0.061923099555879
YY1AP1	0.0618964755579039
WNT7A	0.0618936237652174
PTRHD1	0.0618808573920129
CLCN4	0.0618712373376232
ERO1A	0.0618396496050591
SMS	0.0617975191833657
IPO5	0.0617839377066836
TM4SF18	0.0617773547472787
C10orf143	0.0617467303828018
GSTM3	0.0617414846986942
TMEM176B	0.0617087825148814
SP9	0.0616892948724817
C10orf105	0.06164506742247
GDF15	0.061640368256229
LAIR1	0.0616289742703964
TXLNG	0.0615716506037822
HNRNPA1P21	0.0615419978455056
ADAMTSL3	0.0614625821712638
RLN1	0.0614301153519966
WBP1L	0.0614301046987743
FBLIM1	0.0613833586251672
SYT11	0.0613080983919836
NT5C3A	0.0612971542427442
ERGIC1	0.0612179709591788
TMEM191A	0.0612087194514651
OR52N4	0.0611960470298579
MIA3	0.0611413755271631
CRTC2	0.0610946882740522
MINDY3	0.0609243973025528
LOX	0.0607764522174853
GSTM1	0.0605405262157715
MAGEA8	0.0605244679011282
FAM50B	0.0605173066101169
CDHR17P	0.0604778186251856
AGAP12P	0.0604220817154723
VARS1	0.0603525100401893
KCNJ11	0.0603481840688654
APOO	0.0603375280728434
NMT2	0.0603262715504157
RPP30	0.06020440608664
ZNF684	0.0600994634868802
ACOT4	0.0600847214730133
SEC22B3P	0.0600663375514947
ZNF321P	0.0599880996597065
HYOU1	0.0599726253710417
CEBPD	0.0599521849570379
CAMKV	0.0598984944940568
SLC52A3	0.0598361470720985
OR2A20P	0.0598034198114637
DLG1	0.059802018254823
SPECC1	0.0597990004097589
HGFAC	0.0597637169810702
NUAK1	0.0597168657121687
ZNF174	0.0597067169891488
ISCA2P1	0.0596950547039052
SLC2A13	0.059605520011149
RAB9A	0.059559252694566
CORO1C	0.0595153337336609
S100A4	0.0593443069906158
RALGPS1	0.0592853309211132
XG	0.0592810187982117
ADAM10	0.0592288096436881
CRBN	0.0592287465758886
COA4	0.0592084077368211
TMEM223	0.0591519901592996
TMEM125	0.0591393842585981
TRIM72	0.0591087746781417
CDV3	0.059092829347309
EHHADH	0.0590676381324888
COX5B	0.0590346068187353
HAVCR2	0.0589019322418161
SARS1	0.0588445943040129
GPATCH3	0.0588419761346178
LGALS1	0.0588229507378544
FBXL19	0.0587552607374944
HMCES	0.0587500250359107
EPN1	0.0587190024716794
SYT16	0.0585954538158058
MAPK3	0.0584977848414969
THAP2	0.0584877956225808
SLC7A5	0.0584741674869505
BANP	0.0584373732278991
CMTR2	0.0584008030975289
MAGT1	0.0582439408409261
GOLGA6L9	0.0582368149313249
PEX14	0.058093040302782
DCAF12L2	0.058072383523886
PLEKHO2	0.0580025615853942
RPS26P19	0.0578144278062733
S100A13	0.0577729986012541
RHNO1	0.0576862520654358
BACC1	0.0576319048842219
MACROD1	0.0575064332575109
LIN7C	0.0574463546089352
RPL23AP60	0.0574310713162977
CCDC185	0.0573965555832385
FXYD6-FXYD2	0.0573892746393702
USP10	0.0573341071176356
FBXO8	0.0572868803653044
GLYATL2	0.0572758549602803
FRYL	0.0572150342912607
H1-3	0.0571839041728507
GOT1	0.0571651569473309
TRIM69	0.0571586382856048
PWP2	0.0571474964972783
RERG	0.0571295765762557
KPNB1	0.0569021239135586
RFX2	0.05684690205661
KLK11	0.056814814284555
SMIM15	0.0567870895536406
GEMIN7P1	0.0567773543055729
SYTL4	0.0567473612436374
AVPI1	0.0567067084780493
SLIT1	0.0567045572835407
ZNF688	0.0566914343373285
TCF19	0.0566913644718247
ASTN1	0.0566794947396788
NAA80	0.0566103471521893
SMARCAD1	0.0565985815180768
LSR	0.0565261474784123
PPIL3	0.0564821312711926
MPV17L2	0.0564703845545657
EIF1AY	0.056459018602774
CDK5	0.0564302260126009
LHX2	0.0564237010286033
ZDHHC17	0.0563476493278715
ACVRL1	0.0563250172713841
TMEM97	0.0563158562645854
PEX3	0.0563109435741814
TMTC3	0.0563074210410475
RNF7	0.056295093964911
RPL9P28	0.0562104769984464
MPHOSPH10	0.056196620654259
FAM86B3P	0.056185443252385
EXOC8	0.0561839502115894
TPRN	0.0561733086941902
TSPYL5	0.0561652452321593
KRTCAP3	0.0561477357595102
NDUFS3	0.0561347650140218
XPO7	0.0560965616725212
MED20	0.0560841421971343
ENDOV	0.0560670764564687
NT5C3B	0.0560320891683195
PACS1	0.0559682325564814
CASP10	0.0559134876149218
KATNAL2	0.055901174863262
NEDD9	0.055813065037117
CNDP2	0.0557306240767144
OLFM2	0.0556383544661844
SYNE4	0.055553295045545
GARIN4	0.055527796703503
MVD	0.0555109782806081
C11orf54	0.055449161563865
PNMA8A	0.0554370392201157
ABCA13	0.0553809310146888
SPATA13	0.0553653950012198
PNRC2	0.0553363350935668
RPF1	0.0553313497466198
RNF103-CHMP3	0.055249993537808
ROGDI	0.0551909187229108
MORN2	0.0551638456800519
ZNF579	0.0550852563294907
RBP7	0.0550565644245294
GTF3C3	0.0549865925608009
TMEM128	0.0549563793328098
ATF7IP2	0.0549468137654612
TMEM184A	0.0549233378130402
DNAJB4	0.0548905128189814
C22orf39	0.0548790542203225
HMGB3P22	0.0547805983599952
MAPK9	0.0547748974688319
MSRB2	0.0547662491222508
ZNF346	0.0547004633212792
ZNF849P	0.0546726072757916
ZNF619	0.0546365769662612
WTAPP1	0.0546349317375712
TUFT1	0.054615065957552
CCT6P1	0.0545807640024979
GPR108	0.054512565877634
SH3BGRL2	0.0544958315976212
OTUD3	0.0543999431930539
PCDHA4	0.0543974377886889
AVEN	0.0543781631889844
MYL2	0.054282755543493
DAP3P2	0.0541812479862396
RPL12P25	0.054179187797816
CD27	0.054060318696134
HLA-K	0.0539694272720784
ROBO2	0.0539658966017969
PDE4DIPP6	0.0539161172298882
STIL	0.0538806843855063
FAR2P2	0.0538684003878106
HSPBP1	0.0538612333806971
ACADM	0.0538313106608882
DACH1	0.0537775262410649
HLA-DRB1	0.0536968833300244
POLR1A	0.0536784248229404
PAIP1	0.053611526978557
C12orf42	0.0536099944795189
MREG	0.0535847804332145
DOCK7	0.0535365731910629
CALM3	0.0534826086058487
TPM4	0.0534633064233327
C4orf33	0.0534343238990997
PIGV	0.053430420563187
THRSP	0.05336230028261
TRIM47	0.0533593207880352
CTBP2	0.0533298901275141
FHAD1	0.0531343978514158
TRAF3IP1	0.0530921619909288
EIF3LP2	0.0530206405658946
ASCL1	0.0530108409564925
FAM95B1	0.0529591304502152
PA2G4P1	0.052951225100903
ATAD2	0.0529209363664503
SPINK2	0.0526150940847018
CREBL2	0.0525677655922615
RPL29	0.052554900803122
ZNF33B	0.0525501595164367
ELOVL2	0.05251521709609
VRTN	0.0524175217117826
SYAP1	0.0524043430660465
P4HB	0.0523436951339769
TPRKB	0.0523281583039454
KLHL33	0.0523265756794604
KDM8	0.052299591068925
RBM45	0.0522635376372938
NUDT22	0.052181018231031
C12orf60	0.0521755658487943
VILL	0.052138374573813
HLA-DOA	0.0520629529256795
AKT3	0.052014599940125
TMEM14B	0.0520114402809169
TMPRSS11F	0.0519940727781344
AFAP1	0.051991299487815
SNURF	0.0519868258011691
CYSTM1	0.0519717359823928
PGLS	0.0519410518859724
GATAD2A	0.0518848425174103
GPSM1	0.0518296641226886
TRMT1	0.0518286656640639
GAPDHS	0.0518054466150224
ACTR1B	0.0517777673905712
ANKRD20A3P	0.0517747096449604
ICAM1	0.0517382065886986
STKLD1	0.0517192957445247
IFT74	0.0517177914721633
NR1I2	0.0516906072917664
RAD52	0.0516307277744007
SCCPDH	0.0516260438554295
MPZ	0.0516078243664357
H2AC21	0.0514943582122234
RB1	0.0514679300728565
GTF3C5	0.0514528659348276
RAB27B	0.0514466558266823
AURKAIP1	0.0514293240010219
SGF29	0.0513269274494882
SRSF10	0.0512260899464488
LGR6	0.0512019770365095
PPP2CA	0.0511131285164017
MED8	0.0511008892940849
USO1	0.0510953731008069
ANG	0.0510614304012368
CHRNA6	0.0510550783758747
CYB5R1	0.0510305038279591
CATSPERB	0.051027803264433
PCDHGA10	0.0509922751040968
TES	0.0509822704492473
ATP8A1	0.0509796593866766
RXRB	0.0509635458504995
DDR2	0.0509345377214391
SMIM19	0.0508977847810085
KDM4D	0.0508696797342989
PCMTD1	0.050866253528915
CLUAP1	0.0508016993161512
KRR1	0.0507255297902048
VSIG2	0.0506979124775807
HLA-DOB	0.0506951144599235
SPINDOC	0.0506209125672549
TSPAN33	0.0505886265918365
XXYLT1	0.0505726446546129
TKTL1	0.0505195511017948
IK	0.0504735449562387
RAP2CP1	0.0504328424080385
REC114	0.0503742808678679
TPD52L1	0.0503377224606746
CNBP	0.0503370934743587
CHST9	0.0503062189204109
VGLL2	0.0502888093478493
RPS28	0.0502425868636436
BAZ2A	0.0502229265866717
NRGN	0.0502135115784584
GMFB	0.0501939033501939
L3HYPDH	0.0500332394836146
DNASE1	0.0500287139073289
KCMF1	0.0500169114310375
CD248	0.0499311355380407
CAV2	0.0498317165173818
ISM1	0.0497499627181228
FKBP9P1	0.0496845018799463
LONRF1	0.0496487446273226
RBKS	0.0495011710644202
F5	0.049300599248659
SERPINF1	0.0492571968127593
OTUD1	0.0491871289324397
SCN3B	0.0491573576127864
HBEGF	0.0491437259575872
CLN5	0.0491072793494875
TMEM35B	0.0490824399746575
CHST7	0.0490769454304662
BBS5	0.0489928257341475
PLEKHA3	0.0489685175679813
MS4A12	0.0489058779844915
MAD2L1BP	0.0488979482796796
SRRM1	0.0488917255763555
SLC13A4	0.0488846668760617
APRT	0.0487076141746385
IL13RA1	0.0486737323391885
SDHAF3	0.0486465743139733
RPSAP17	0.0486284673497594
PCGF5	0.0485648762273834
CDKL1	0.0485533652316499
OR2B4P	0.0485238956144903
GLT8D2	0.0485022335635423
GNG5	0.0484944347794811
CAPG	0.0483791410890488
TMEM106B	0.048373528213067
IFIT2	0.0483395023033249
MGLL	0.048320262376753
TPSB2	0.0482773457335546
RPL10	0.0482566617800734
NSDHL	0.0482405500680366
PABPC1P3	0.0482283484530133
PPP1R8	0.0482047147231819
DYRK2	0.0481970855090038
WBP1LP2	0.0481621795145079
OR5H8	0.0481410003389046
SHISA9	0.0481225156176717
CCN3	0.0481207573650535
OLAH	0.0481150003716146
ZNF724	0.048085491843378
DHRS13	0.0480556833674013
EMC1	0.0480284456042782
KCNK9	0.0480135616647737
KCNIP1	0.0480036841491103
AFP	0.0479019869896762
JHY	0.0478710303802954
DPY19L1P1	0.0478009980432957
MARCHF7	0.0477575711643837
C3orf18	0.047735142459367
TMEM115	0.047697051153873
RPS26P6	0.0476680719016704
ZNF136	0.0476430696525956
SEMA4F	0.047615039065917
CD68	0.0476128488764333
PDRG1	0.0476056284838863
TRAPPC6B	0.0475929689094263
NPY4R	0.0475898063527427
CDK5RAP1	0.0475711288932833
KRT8P33	0.047557209009797
C1orf122	0.0475498950266615
EDARADD	0.0475335058033361
ZZZ3	0.0475103930984183
ECE2	0.047321603460066
FXYD1	0.0472942326244498
OR2I1	0.0472835931762603
CD24	0.0472371284241027
SAXO4	0.0470925456128474
BCL2L10	0.0470644646502728
POGK	0.0470284409433029
DNAAF9	0.0469726644693482
SLC24A2	0.0469471652569331
FMR1	0.0469202684581623
CD47	0.0469201153526819
RALGAPB	0.046897881865094
FOXA2	0.0468465027387211
SGPP2	0.0468087992386962
HNF1B	0.0468018456142738
SPC25	0.0467704068333593
TMBIM6	0.0467466204743904
UPK3B	0.046719736680578
MRPS31P5	0.0466996095969828
NKAPP1	0.046539299030645
COG1	0.0465112547248718
KLHL26	0.0465110442255639
FTSJ3	0.0464695894881066
CCNY	0.0464660632777939
FRS2	0.0463822672573621
PDE4DIPP2	0.0463687072974825
CCDC68	0.0463345097832749
SLC25A37	0.0463280025980102
CD53	0.0463111812980373
MAPKAPK3	0.0462894298817373
NPIPB12	0.0461611867274026
TSSC2	0.0461396267263649
LRP1B	0.0460831718071285
GLOD5	0.0460814683659627
C4orf51	0.0460358332705659
GUSBP18	0.0460233900549969
ARL6IP4	0.0459865840559278
RABGEF1	0.0458994904915382
RAB7A	0.0458971430621746
ZNF616	0.0458546294142807
H3C2	0.0457305105145641
PLXNA4	0.0457120210825826
TNFSF11	0.0457009531529502
PIK3C2B	0.0456591744882896
ARL5B	0.0456356015581668
GEM	0.0456354603903237
RAD50	0.0455887282525311
ABHD16B	0.0455744751062177
RPL18AP3	0.0455443468156764
HNRNPA3P3	0.0454993899815623
MITF	0.0454863839353499
EBI3	0.0454678378716087
VN1R1	0.045466206632379
SMG1	0.0454580796456362
PRADC1	0.0454453707396903
ORC1	0.045410062729829
GIPC3	0.0453810924168574
TOMM40	0.0453688937389263
TPSD1	0.0453391731029684
FASTKD5	0.0453342685089948
FGD2	0.0452252343701467
KRT18	0.0451924342106774
ZNF317	0.0451443751784257
SHLD2P3	0.045142576366039
ZNF624	0.045087181876257
CFAP97D2	0.0450572021243909
ISCA1	0.0450558551876245
SLC6A7	0.0450258948621921
TYW5	0.0449510594108772
CCDC28A-AS1	0.0448764948751789
ACY3	0.0447332944162698
PPP1R17	0.044726266731081
ABCA11P	0.0446862232888746
THEMIS2	0.0446456426640689
ATP12A	0.0445871920696866
RMND1	0.0445851909623226
ZNF337	0.0445425977978074
MMRN2	0.0444918234237788
VDAC2	0.0444579380511922
ZBTB6	0.0444222107717173
GC	0.04441527701404
SETD4	0.0443693126970507
H2BC27P	0.0442780227838804
ARHGEF39	0.0442550143220917
C19orf81	0.0442401983027399
DYNLL2	0.0441446591956798
GIT1	0.0441027138784963
AHCTF1P1	0.0440926608398469
LINC00475	0.0440832546121133
DCC	0.0440199210755181
HMOX1	0.0439385408216448
NDUFA6	0.0438919245202337
ZSCAN20	0.0438650085708042
ZBTB14	0.0438546240588401
FAM187B2P	0.043803457010424
ZNF570	0.0437682520844439
FXN	0.0437312328915803
BDH1	0.0436662425676839
UBE3C	0.0436392286723158
CCDC80	0.0435943736599937
PCYOX1	0.043571188877558
FARSA	0.0434913285747274
TAB3	0.0434274577128679
IQCE	0.0433725985410049
C2orf74	0.043300365397054
MPDZ	0.0432525590730434
RAB40C	0.0432508011691098
AP2A2	0.0432462682252198
ICAM5	0.0432064183887122
ELAVL2	0.0431652529356283
PDE6C	0.0431370657807777
RPL32P3	0.043107069688414
CFAP107	0.043094502010843
PCNX1	0.0430613596792892
CALCB	0.0430580414953119
RPL14P1	0.0429998743897834
SH2D3C	0.0429814879969075
HECTD1	0.0429470180526295
VPS41	0.0428308937804604
POLQ	0.042783846451032
MCEE	0.0427376510804845
SYT15B	0.0426605738204709
NIBAN3	0.042644048518124
VPS54	0.0426054339991007
RNF11	0.0425730113744925
EIF1B	0.0425622264170621
CD209	0.0425571737491944
COX11	0.0424542839263731
CBY1	0.0423939510728141
HROB	0.0422469098308346
GRTP1	0.0422364939702025
SNX32	0.0422211824419823
H2BC7	0.0422198345026568
GYG2	0.0421754467507771
EBF1	0.0421356263662077
PCBD2	0.042117492268693
SYTL2	0.041973838832621
UQCC6	0.0419562196934107
CFAP69	0.0417885033809948
TUBB2A	0.0417784757858693
MLXIP	0.0417205466332421
NLRC5	0.0416729135616217
TPTE2P1	0.0416365052806085
RWDD3	0.0416256438236115
CABCOCO1	0.0416152011229297
KIAA1958	0.0416098960032979
DCAF8	0.0415525928505184
BORCS5	0.0415467346587363
NAP1L4	0.0415009701658593
ALG1L13P	0.0414794490366738
MYOCD	0.0413552785125375
TXN2	0.0412688772202045
RGS5	0.0411689286857971
C2orf69	0.0410976974222521
LZTS1	0.0410939309295302
PANK1	0.0410618029866383
VCX3B	0.040986171298232
ARNT	0.0409859852559999
MRPL40P1	0.0408275909294862
DPY19L2P2	0.0408052720653993
SLC25A15	0.040677315589094
TRAFD1	0.0406372584593116
WDR77	0.0405366900652232
NPM1P6	0.0404347737511105
TM9SF3	0.0404124771726959
MT1X	0.0404055956413819
FRK	0.0404043634888693
PON3	0.0402830108368787
TMEM65	0.0402325829175866
MCM9	0.0401100579703339
RBPMS2	0.0400834066602326
IAH1	0.0400385300867818
CBLL1	0.0400256045037348
CHMP4A	0.0400118786912218
PYGO2	0.0400029851561097
UBBP4	0.0399879179521465
DNAAF2	0.039983254207466
PLA2G2C	0.0399625383204832
METAP1D	0.0399537883813944
PAFAH2	0.0399333461155384
TAFA3	0.0399271204348995
CCDC116	0.039766498249996
USP26	0.039636375206978
FAM219A	0.0396344761993764
GDF10	0.0396317892417405
TENM2	0.0395606373799953
SPNS2	0.0395584393948689
PRR18	0.0395240144264601
FGF22	0.0395034171011096
TMCO4	0.039475035424922
ZNF420	0.0394408054837971
EIF2S3B	0.0393901792820812
SMPD5	0.039355179018525
DDX49	0.0393364675313299
MOS	0.0393305650855468
LRRN4	0.0393099717721412
TBC1D1	0.0391762726093335
RPL13	0.0391569121460359
SPMIP1	0.0390711695574635
ETNPPL	0.0389826643084796
C1GALT1C1	0.0389598907741581
SCN2B	0.0389223934368241
CAV1	0.0389152140167108
C2CD2	0.0387049151359916
MAST4	0.0386971846803114
PLA2G15	0.0386661450212133
LIN7B	0.0386599109597483
TTC17	0.0385503634421956
LBP	0.0384279837096805
RWDD2A	0.0383090148731611
PSME1	0.0382699589916129
NFE2L1	0.0382646350332855
VPS8	0.0381234151577029
PSAT1	0.0381157732983704
SEPTIN2	0.0380671627136447
VWC2	0.0380226121202083
AURKA	0.0379455289838661
RAB26	0.0378640766693112
SLC26A9	0.0378450588049684
METTL6	0.0378072673325019
NDUFB10	0.0377939330855056
EXOC1	0.0377179307224935
H4C8	0.0377004388183786
OCSTAMP	0.0376837207403898
PPP1R14BP2	0.0376777073307449
HSPB2-C11orf52	0.0376156292214226
ARHGEF6	0.0375123358067863
VAV3	0.0374224264927555
AVPR1B	0.0374010212751763
POU4F3	0.037381889511137
ZNF385A	0.0373771837896681
SNX8	0.0372987905563997
POLR2MP1	0.0372200329710801
ADIPOR2	0.0371296105968831
SLC19A1	0.0371050145215577
CDR2	0.0370847213478011
BPHL	0.0370264782465301
RIPOR1	0.0369744010300449
RAB4B-EGLN2	0.036963164658881
KLC1	0.0369157271656068
CKAP2	0.036882975373717
LRP2BP	0.0368239834847617
MAVS	0.036806944956926
ENTREP2	0.0366202828316411
RNF126	0.0366021226578685
SNX12	0.0365764527457179
POLE2	0.0365726420899101
CPT2	0.03656344469693
DIP2C	0.0365501496585397
STX12	0.0365292997623362
SERPINF2	0.0364492491923828
CNTN4	0.0363955588752576
SHARPIN	0.0363879802395561
BAP1	0.0363755987586023
ZNF121	0.0363381171629631
LYRM2	0.0363255088180328
PTPN2	0.0363205790886508
GLRA4	0.0362995783382432
CREG1	0.0362535641525017
CCNI	0.0362290405407734
CCDC170	0.0361824074338308
NEUROD1	0.0361560319144213
CHMP1B	0.0361480072150725
PCBP2	0.0360753546317144
MFSD9	0.0360727679888371
TTC3	0.0360448753022064
NDNF	0.0360178612926237
ZBTB37	0.0359991654462321
HLA-DRA	0.0359616504005295
DPP6	0.0359096304383878
SOX12	0.0358917257311398
RMDN2	0.0358583360942487
MTRF1	0.0358014094123076
TMEM143	0.0357965672397243
SLC12A5	0.0357961117693163
DCUN1D4	0.0357463569132099
KCNMB3	0.0356015547888493
PRUNE2	0.0355613532238158
ROPN1B	0.0355224781218857
SIGLEC1	0.0354928204043995
EPCAM	0.0354661319508001
TMED9	0.0354372596831603
ATOSA	0.0354268410690603
PIK3CA	0.035385318280166
LPXN	0.0353328161019699
MAGEE1	0.0353055514044091
ZBTB48	0.0352536237696491
CCDC149	0.0352241193347376
ESRP1	0.0351873446002433
MFRP	0.0351558006325178
HSD17B12	0.0350710512704882
MFSD14CP	0.035055835706406
DYNC1I2	0.0350197624194646
ZNF280D	0.0349996722121686
C12orf76	0.0349386174433784
GPR27	0.0348933925487629
ISG20	0.0348879764661365
DNAAF4	0.0348444862810207
SNAPC1	0.0347923590025631
SLFN11	0.0347899196176083
CERS3	0.0347858764297462
NFYB	0.0346709853467525
TCEAL4	0.034568397653575
PMS2P6	0.0345272918872767
CDO1	0.0345094917318327
R3HCC1L	0.0344987866093915
SCGB2B2	0.0343017971521091
GNA12	0.0342676486064807
KIAA1671	0.0342317804805102
HSF4	0.0341688060684452
VEZTP1	0.0341602976548974
HNRNPA0	0.0341426638296221
CNTNAP3P5	0.0339752310069273
DIAPH1	0.0339287395769117
RILPL2	0.033897155610677
TRAPPC4	0.0337607473071932
ZFP82	0.033689644344239
TCERG1L	0.033646855039663
NUS1	0.0336063145659696
SH3BGRL	0.0335472011034179
SUGP1	0.0334495941405164
OTOA	0.0334224549009389
CD109	0.0334072127680004
ACBD3	0.0333919112472457
NBEAP2	0.0332105757834659
PPP1R12C	0.0331652839131594
TMX4	0.0331451183818743
CNGA4	0.0330849900883036
RTKN2	0.0329727915200032
FANCB	0.0329122687363557
FIBIN	0.0327740017324735
MEIS1	0.0327602961587174
ATP6V0E1	0.0327486600151363
PIK3AP1	0.0326980474476538
DNAJB11	0.032663097721984
RGS10	0.0325342161382995
ZNF502	0.0325037212016672
CXCR5	0.0324390748521554
CNTNAP4	0.0323732867356641
TADA3	0.0323676463409764
MECR	0.0323343944212506
YBEY	0.0323303361349324
TTC33	0.032328869892406
CAMK2N2	0.0323121783735122
ZNF888	0.0320081942805812
HSPB2	0.0319095519421903
KDF1	0.0318173003423656
GPC2	0.0317709060601125
PRKCQ	0.0317299722161968
ZNF501	0.0317145276170827
PURB	0.0317095883645714
MMP9	0.0316104343057588
SLC32A1	0.0316047543510755
XKR9	0.031533038987424
ZNF718	0.0315105182087905
HSPG2	0.0314959186750143
RPL28	0.0314831217557664
FANCC	0.0314763832793208
SPDYE2	0.0314580508664418
PGAM4	0.0314335031553923
CMAHP	0.0313575151462028
TLR3	0.0313435709951036
SHISA6	0.0313383853912109
AMPH	0.0312826826063458
GVINP1	0.031265102053437
EEFSEC	0.0312485807350879
MAP2K3	0.0312406010111153
DUSP8P1	0.0311705180335157
NOD1	0.0311500793564015
PARD3B	0.0311442153474866
CD164L2	0.031086036347099
TCF21	0.0310384688944214
UPK1B	0.0309068351072511
STX16-NPEPL1	0.0308863774649234
NGRN	0.0308585487656898
FAM86B2	0.0306633361292658
ZNF581	0.0306583665608823
SAE1	0.030578456318365
TTPAL	0.0305294105154214
KCTD13	0.0305189817989845
GMFG	0.0304703880703481
PSD3	0.0304389920389241
TCF24	0.030430939674559
VANGL1	0.0303897462919905
PTPRA	0.0303394802417865
DSE	0.0303182297435439
RGPD4	0.0302998257600639
HNRNPA1	0.0302902079680669
FKBP9	0.030189395966722
TUBBP1	0.0301606874080775
NFE2L3P1	0.0300718098547074
SENP1	0.0300632107114042
ELAC1	0.0300515530070934
PRKY	0.0300513992011264
PXMP4	0.0298522867096453
ERICH5	0.0298422317737986
IL3RA	0.0298372573497625
FNDC3B	0.0297999301139635
UBR4	0.0297564831192618
SEMA4D	0.0297459168194026
COPS6	0.0296666662138496
TUBB8B	0.0296579442282303
ZMAT2	0.0296051787085404
HACD2	0.0295828149823487
TOMM40L	0.0295418885374993
MTNAP1	0.0295306425936845
PIWIL4	0.0295280474997709
ARHGAP11B	0.0294519014348501
TNN	0.0294368237942879
KDM5A	0.0293661218966386
PLOD3	0.0293417309594011
CEP43	0.0293205655457699
ZNF407	0.0292634278861082
SETP14	0.0291160125989558
ZNF382	0.0291143330108071
TMOD3	0.0289526862018538
BPTFP1	0.0289151630839914
GLT6D1	0.0288898435148042
PPARGC1B	0.0288860310553555
SHISA7	0.0288672211737463
ZNG1E	0.0287947576491596
PRPH2	0.0287916428188704
RNFT2	0.0287817018706228
ISCA1P6	0.0287746221710848
LINS1	0.0287457920128543
CDH18	0.0287098189451779
ARHGAP31	0.0286310692207751
ZBTB1	0.0285661363471833
CASP9	0.0285160981329741
UBC	0.0284819681137755
ZNF284	0.0284791292506034
SIMC1P1	0.0284653802462756
AQP4	0.028438867442848
GOLGA1	0.028438500306789
SMYD4	0.0284074081717514
ZNF57	0.0283881168352194
ZSWIM8	0.028225320976575
GXYLT1P3	0.0281891923682905
CADPS	0.0281187201531135
DUSP14	0.0280188473778768
EXT1	0.0279688862504081
RPSAP12	0.0279407960679416
ANKS4B	0.0278958666474162
AFG1L	0.0278628290872771
LRRC37A15P	0.0277030839277255
TMEM203	0.0276744879135198
SVIL2P	0.0276154993554248
GZMM	0.02755309965409
TBXA2R	0.0275435453029987
SPATA24	0.0274717465253802
EEF1AKMT3	0.0273585902946543
ANKRD61	0.0273384963496984
ATP6V1E2	0.0272446211724447
HARBI1	0.027238544590138
MEF2D	0.0269697734618766
MED26	0.0269597957781097
TBC1D16	0.0268964851292388
SAMD5	0.026891932058975
SLC6A6	0.0267836668423485
CYP20A1	0.0267506165401767
SNRNP25	0.0267269071776176
USPL1	0.0266836039171681
DSG3	0.0266460196772185
API5	0.0266291759222864
MRPL45	0.0266041584120629
GRIP1	0.0265746254000891
DOP1B	0.0265657664997147
TAS2R10	0.0264952196019214
TSEN2	0.0264946679430939
LINC01881	0.0263739673820157
ZNF790	0.0262803178917225
ACSL4	0.0262717149103499
UQCC3	0.0261393083456245
CAVIN2	0.0259618208646976
PLAC1	0.0258878151911031
ANXA2	0.0258429531827899
PNMA6F	0.0257842176758315
CCDC51	0.0257814648367484
CST3	0.025741555753505
FHL2	0.0257272863038039
UNC119	0.0257100453990072
ZNF281	0.0257020415501654
PLAC8L1	0.0256861432494851
HS6ST3	0.0256828101233712
WDR41	0.0256776875063713
PSD2	0.0255924504956867
TXNRD3	0.0255641053365514
RBM22	0.0254985909324127
ZNF875	0.0254967884324612
SDF4	0.025490390116307
RAB11A	0.0254459388282517
WNT2B	0.0254165667422551
RAPGEF4	0.0254066060781353
KLHL40	0.0253867970646978
CSNK2A3	0.0253837174633764
VSIG10L	0.0253688718471795
ZCWPW1	0.0253386808966657
GXYLT1P4	0.0252989443413986
ALKBH4	0.0252974999829232
BEX4	0.0252881598920491
GABRD	0.0252857412330601
COMTD1	0.025277301930443
CACNG6	0.025230073134185
ATP13A4	0.0252186389150761
RTTN	0.0251205867290904
GADD45GIP1	0.025118428431204
BRMS1	0.025085406637423
GCC2	0.0250429776344458
MIS18A	0.0249109324219315
ZNF486	0.0248631734645443
BSPRY	0.0248263868661014
KCNH3	0.0248036078736388
SPAG6	0.0247193389802499
PNMA2	0.0246814804763662
VRK3	0.0246773636957891
FAR1	0.0246314757584357
S100A1	0.0246283396243067
HAO2	0.0245978497558482
ATP6V1A	0.0245811694226416
MR1	0.0245655468230846
LDHC	0.0245573960585516
CDK16	0.0245093786009091
TMTC1	0.024377938111828
SEC61B	0.0241622874282139
RPS4Y1	0.0241431130891017
METTL25	0.0241252493823115
EIF4BP6	0.0240846051014335
ZRSR2	0.0240680909101784
POM121B	0.02403650586459
HCN4	0.0239935633594833
RPL4P6	0.0239179007216036
MASTL	0.0239151227709947
MTCO3P12	0.0238957511679712
EBLN2	0.0238580891805072
LEFTY2	0.0237761911653169
CDAN1	0.0237255059918816
MCM7	0.0237032507885006
MAOB	0.0236534816330834
LBR	0.0236315593860565
KIF4B	0.0235178348257051
DCLRE1C	0.0235085604254993
CASP8	0.0235078842031954
RNF112	0.023309587570928
INHBE	0.0232864638653547
RMDN1	0.0232744343503579
TPH2	0.0232703288309351
POTEI	0.0232486060696092
SRCAP	0.0231925323611727
SEC62	0.0231733671661887
ATAD5	0.0231183480840683
UBXN1	0.023114668787837
CHRNA10	0.0230660598933011
POU5F1	0.0230635937808213
TIGD7	0.0230560305833386
FZD9	0.0230366839975055
ATAD3C	0.0230354111456709
ARHGEF10	0.0230305875322141
BRD4	0.0230098358202986
ARK2C	0.022990615458522
NANOGNBP3	0.0229791699612986
KCNMB2	0.0229624186983176
HSH2D	0.0229395813822314
FAM3D	0.0228296125821006
SNX14	0.0227490990205616
CCDC85A	0.0227083620268311
GSN	0.0226675314155208
CAPN11	0.0226631033946125
CCDC59	0.0226571588155524
IPO11	0.0226541324331408
EFCAB10	0.0225686805153815
LXN	0.0225567943064488
CAMK2G	0.0225489457809814
POM121	0.0224914864421778
ITGA10	0.0224780934076859
KCNQ3	0.0224629010406862
TMEM42	0.0223900411118682
MACROD2	0.0223628272610271
CLEC3B	0.0223061685318767
BMP3	0.0221677954147152
SKA2	0.0221440279932977
GTF3C2	0.0220924101307005
KATNB1	0.022055821479241
FBXO16	0.0220548270810588
HMGA1P8	0.0219291249777595
TTC24	0.0218078243578383
C15orf61	0.0217584493763213
SCRIB	0.0217508463055101
NPRL3	0.0216829588767114
VPS50	0.0216590814020828
ZFP69B	0.0216423269006946
RSPRY1	0.0216087706561738
RLN3	0.0214394900497664
GK5	0.0214262508481691
PDGFRL	0.0214195756978869
PATJ	0.0213265772029819
ANAPC4	0.0213215808104696
CHADL	0.0213188127752986
IL36G	0.0213027433183436
ROBO4	0.0212801580122588
RER1	0.0212518974130788
KLF6	0.0212339950562011
CFAP53	0.0212051335395942
RRP15	0.0211855394730116
BLOC1S5	0.0211737602537417
SLC16A4	0.0211193035331921
ANKRD42	0.021055673925836
HYAL3	0.0210420517328656
SETD3	0.0210271709709811
CNN1	0.0210130674290951
HMGB1P10	0.0209540144541922
GNGT2	0.0208445539887351
APOB	0.0208256241355505
RTN4RL2	0.0208133964607811
PABPC3	0.0207655706742499
SLC27A6	0.0206939969770962
RPRD1A	0.020671085622642
CHRAC1	0.0206536950214232
TMEM50A	0.0205571813956159
VEGFC	0.0205552949229038
CHMP1A	0.0204476202881464
MORN4	0.0204390513124138
ZSCAN32	0.0204176989544478
RDM1P5	0.0204040323781014
LURAP1L	0.0203782166009535
SNTG2	0.0203471573660872
LSMEM2	0.020317789509387
ACSF2	0.0203167381878676
TBC1D22B	0.0202983089556213
STC1	0.0202237222281944
OR52A4P	0.020187485287352
FOXS1	0.0201481300374848
VCY	0.0201424028365229
NPHP3-ACAD11	0.0200927707482655
SLC29A3	0.0200737132630428
ENTREP1	0.0200498484409754
UBE2W	0.0200148080926403
DCTD	0.0199963590709177
SIRT6	0.019951551530633
LGALS7	0.0198843666406694
IGDCC3	0.0198684581505918
MSMO1	0.019852519281544
IL16	0.0197533459390724
ZNF20	0.0197315403697771
FAM149B1	0.0196730326501414
MISFA	0.0196493835331542
ST13P13	0.019636219920156
B3GNT7	0.0196222454629676
TRIP10	0.0196094432330323
CCDC174	0.0195432235659144
TAS2R4	0.019475602737965
ACADL	0.0194680445207232
SELENOK	0.0194455340896276
SPTBN5	0.0193084773660181
NEXMIF	0.0192414867958872
RPL5P34	0.0191913555335718
FGF7P3	0.019183601397337
KRCC1	0.0191431691715184
PRRC2C	0.01911961644248
PPM1J	0.0189283662976387
IFTAP	0.018886391134652
CSTF1	0.018847476227478
EHD1	0.0188321926290608
EIF5AP3	0.0188285663136997
HNRNPUL2	0.0187354956041902
YAE1	0.0187310552639163
CTXN1	0.0187272306219421
DDX12B	0.0187110606638322
SOWAHB	0.0186990162427349
LINC02210	0.0186830192783319
SIK2	0.0186806999775548
PTPRT	0.0186673250933566
INVS	0.0186097157830422
ZNF709	0.0186071099026293
RNF168	0.0185047444864201
SHLD2P1	0.0184463578172205
GJA4	0.0182820115222776
DEDD	0.018237594763138
STK25	0.0182270839809178
FGF7P6	0.0181389274326858
ZNF620	0.0180504652583558
SPATA31H1	0.0180364081632021
SCN7A	0.0178953268683859
MFSD13A	0.0178574682178117
COX4I1	0.0178259520928552
PCNX4	0.0177933616060037
GKAP1	0.0177533184421194
ZBTB26	0.0177208964898714
GCH1	0.017693587531223
RGS4	0.0176762190493941
HDHD2	0.017674056764402
PCM1	0.0176277035828593
DHFR2	0.0175809567484181
PYGL	0.0175567160247151
MTRF1L	0.0174876885572473
SSTR1	0.0173838724967804
MGAT5	0.0173658061106408
DMP1	0.0173164046698861
PRR33	0.0172205021578377
ZNF669	0.0171673052172892
MAP3K14	0.0171453518407206
DHX57	0.0171152284463089
MED19	0.0170235938467676
GPHN	0.0169100921601243
ANKZF1	0.0168920011033106
GOLGA2	0.0168379449086842
CCZ1B	0.0168149141795019
RUFY3	0.0168055843156403
AQR	0.0167897550282862
DYNC2I1	0.0167043431412951
PHAF1	0.0166802268692297
GSTM5	0.0166574739186803
CHKB	0.0166385073555569
MAP2K4	0.0166073089881582
GPX7	0.0165831497090386
H2AC20	0.0165714670820926
NBPF14	0.0165228368692503
AHRR	0.016485300620335
RNF141	0.0164609160201714
QRICH2	0.0164364517811679
XRCC4	0.0163767461948251
LIMS2	0.0163380256384117
FANCD2	0.0162079351734046
RIC8B	0.0161825535752209
RWDD2B	0.0161479954923607
NTNG2	0.0161307895400014
MINDY4	0.0160594719558087
ZCWPW2	0.0160110653855122
ATCAY	0.0159579271619504
PTPN1	0.0159406113902702
PTCHD3	0.0157396349097903
H3C10	0.0156257570581057
UBAP1	0.0155913747153738
PPIL4	0.0155523195292929
SYT15	0.015550381541528
CEP126	0.0155082540466753
PRR23D2	0.0154109820562318
FAHD2CP	0.0154039739480693
GNPDA2	0.0153947357015136
SLC25A51	0.0153393588926829
STRADB	0.0153076253612989
NHLRC4	0.015244160787649
NRTN	0.0152076326117284
FNDC7	0.0150754083124774
C1QTNF2	0.0150202001075239
R3HDML	0.0150155629814524
SKP2	0.0149826798426177
ANKRD23	0.0149421069784468
TEFM	0.0149326734116337
KLF15	0.0149305155638903
DHX30	0.01492168606823
PARP9	0.0149148272937285
CBX3P2	0.014911768740906
RPL9	0.0148518894110077
G3BP1	0.0148139258172656
ATG2A	0.0147765089108138
YEATS4	0.014774092804905
RCC2	0.0147674851858425
TNRC6B	0.0147216124814168
TSNAX	0.0144845821920414
LIN37	0.0144404175892605
SRRM4	0.0144212856004111
DFFB	0.0143667439762245
TXNDC11	0.0142842907123379
HELZ2	0.0142194566393821
MIF	0.0142180545980498
OGDH	0.014068395713577
PM20D2	0.014028939700961
IZUMO1	0.0139973355990462
USP6NL	0.0139459935262212
MSANTD4	0.0139081662296669
TMEM9	0.0138656951830556
SIAH3	0.0138361335195611
IFT43	0.0138113544019526
TUBG1P	0.0137338203637491
BCO1	0.0137071480534379
PRKAA1	0.0136932974126918
S100Z	0.0136019379517726
NRF1	0.013517208084585
ACTB	0.0135164600624876
ABCA10	0.0134539510228599
GDI2P2	0.0134295120375597
CDH15	0.0134183522479828
TRIM22	0.0133380097406956
VAPB	0.0132527724510553
HEXIM2	0.0132514326922614
FAN1	0.0132426036965151
SLCO2B1	0.0131670839249825
FAM200A	0.0131659325678774
YWHAZ	0.0131426501957223
PLOD1	0.0131157365546513
ZNF530	0.0131093337199725
SMCO2	0.0130217406954293
PMS2P9	0.0129347082064522
IFT46	0.0129174228189462
GSTM4	0.0128999855804823
FAM131B	0.0128353637524628
ESAM	0.0128344759901612
CTPS1	0.0128321534238793
DSTN	0.0128043751886771
IPO4	0.012696712632638
FLYWCH1	0.0125977219971321
CLN3	0.0124635206696649
TMEM87A	0.0123993321369376
CELF5	0.0123728708722724
CACNA1D	0.0123616176095931
LMCD1	0.0122693359384942
VAMP2	0.0122530695904264
C17orf113	0.0122056241535864
SLCO3A1	0.0121697615630603
ZNF773	0.0121472638021654
ZNF575	0.0121005439942139
ATP1A2	0.0120908854427731
ATN1	0.012025407626838
MYH9	0.0119850590698565
PGGT1BP1	0.0119209866184769
GALK1	0.011760618481828
PSCA	0.0117534048925212
METTL16	0.0117182214994175
IGSF9	0.0117028695992537
SNRNP35	0.0116846595274042
SPP1	0.011667727864789
PEAR1	0.0116654974304934
PDZK1	0.0116242880886155
CES1	0.0115955077985125
GABRG2	0.0115780159814249
CA5BP1	0.0115778377635303
TMEM131	0.0115769669304922
RASSF10	0.011558781464837
WDSUB1	0.0115253952130883
TRAPPC1	0.0115232718079202
EPPIN	0.011511985917445
SEPTIN7P8	0.0114995422657602
M1AP	0.0114454531876637
OTX1	0.0113941764718477
SYT2	0.0113939995673563
ST8SIA3	0.0113836466767552
SLC2A12	0.0113822101103418
MINAR1	0.0113260581345494
HDLBP	0.0112665930930703
C6orf89	0.0112503534689623
TJAP1	0.0112245225118778
TAF1B	0.0111427154838464
TMEM151B	0.0111312116853341
DKKL1	0.0111253820536755
ATG2B	0.011100317653315
CCHCR1	0.0110682415051727
NNAT	0.0110079847058804
CGN	0.0109807085184408
STUM	0.0109199109124649
TAC3	0.0108588714972771
IRAG2	0.0107738656153121
VDAC1P1	0.0107060272149024
PAAF1	0.0107041644725198
DHFRP1	0.0106204231840846
SOCS3	0.0106198963692902
BBS4	0.0105726060380531
KLHL13	0.0105152063089852
CCN4	0.0105095431324875
RAB3D	0.0104355910454777
RSKR	0.0102960849813416
CCL28	0.0102543892937873
SLC67A1-AS	0.0102239642909477
TMEM161B	0.0101614683682285
SEPTIN7P13	0.0101530347988719
CDIN1	0.010099836584577
PRSS50	0.0100302610029271
RPL17P6	0.0100096246676313
ARL16	0.00996554232842863
RNF220	0.00991587940314572
SYT17	0.00984505169206393
MFSD3	0.00984023914967275
ERMARD	0.00980682116838592
IRF2	0.00980519928004146
CYLD	0.00974189020630825
TMEM132C	0.00969947693920039
P2RY11	0.0096361713640838
MZT2A	0.00961697399952527
ZDHHC21	0.00961480934292211
MTND4P9	0.00951324519125469
ATP6V1E1	0.00949236374512774
TFAMP1	0.00948692064707863
PRPF3	0.00941926213832617
GJB1	0.00935498151353683
NBPF26	0.00931118960494208
SIX2	0.00927623699919704
ZNF587B	0.00918600645431091
NETO1	0.00913001064615559
DBR1	0.00912448247881742
MAP4	0.0090519853916813
PRKX	0.00904391118541971
SEMA6C	0.00903281696775081
P4HA3	0.00897651306010742
FGD1	0.00893535358851465
SLC1A6	0.00890191254445077
TTLL10	0.0088304707740448
AQP6	0.00878051216867741
VCX3A	0.00873211575173983
TAX1BP3	0.00864694911340104
CALML4	0.00852629771667091
NRP1	0.00852310734649832
BEST4	0.00833328121729379
SH3GLB1	0.00830155868201657
CER1	0.00821211954134923
ADAMTS6	0.00821022604093513
TPRA1	0.00817087181924407
AKIRIN1	0.00812433543032015
PSME2	0.00801827792794114
PRELID3A	0.00799933906408876
ATP10A	0.00798306064814912
RUNX1	0.0079710631730514
TRIM37	0.00795065010477927
CDC20P1	0.00784846955584926
HERPUD1	0.007729990854928
PHACTR4	0.00768189080405584
NIPSNAP1	0.00767812430417113
H3P16	0.0076339377505579
GNG10	0.00762205015302847
PKD1P1	0.00755174288745868
ZNF791	0.00751853713341751
ZNF648	0.00751498630431636
RIGI	0.00746667072872159
GPBP1	0.00744762897226802
MEI4	0.00739649427806102
SLC17A5	0.00734933189990067
NIPSNAP2	0.00734727161171274
KMT2D	0.00725616141549405
VCF2	0.00723931369544924
ATF7	0.00718476518074814
SEC61A1	0.00718304409255833
TMEM60	0.00714564325683694
ZNF354B	0.00707773048178651
SCARB1	0.0070735384895849
SPARC	0.00705444289710448
SUPT5H	0.00702400249991707
KASH5	0.00701420771954959
NXPH2	0.00695767384963126
SLC30A2	0.00692568949300874
CSPG4P12	0.00692123244371059
CENPB	0.00685578553616977
ZNF584	0.00680488354331098
CLXN	0.00674848290031149
ROPN1	0.00666043507348072
PRRC2A	0.00663428085042898
ACER3	0.00661203245943434
TRPM5	0.00651144742564159
TRIM23	0.00649034256536567
ENAH	0.00646393389447351
GRIA1	0.00642499719183415
NQO1	0.00631334852417527
HNRNPA1P27	0.00627606711296408
PRELP	0.00626225839816218
EP400P1	0.00622974926368211
CDH13	0.00619832646554187
HEBP2	0.00619146590809328
KCNK6	0.00619069628811101
ADPRH	0.00617455457063277
PAG1	0.00615909515176578
ZCCHC8	0.00615034167715024
ZNF586	0.00612079058605587
DPY19L2	0.00607656138532272
LTK	0.00605934664676224
CDH22	0.0060448122239072
DLGAP3	0.00598710208642679
UBTD2	0.00597948037019066
GPRIN1	0.00593972568507645
WDR45B	0.00578750122829648
NRIP1	0.00573010628060354
FHIT	0.00572826404146555
TPRG1LP1	0.0056921798085778
ZNF638	0.00562691429416823
PICK1	0.00562664685830406
MPLKIP	0.00555182842107195
PPP1R13L	0.00548548261340598
RTL5	0.00547831235566412
FERMT3	0.00540828617590032
HLA-C	0.00525857525139792
TAX1BP1	0.00522352781689016
WHRN	0.00521552546256293
DDX20	0.00505664467420729
FAM117B	0.00502387967010813
MFSD14B	0.00498483249924344
ANKRD6	0.00494916909386708
COX7A1	0.00494816599463188
ZNF527	0.00492124964864409
RAD17	0.00489685364143067
DTWD2	0.00487055654621595
CRYGB	0.0047960218377522
NRIP3	0.00478259125245723
MROH3P	0.00478019060430496
HNRNPU	0.00475638515891616
URAHP	0.00466212494627871
NPPC	0.00465543758499495
ZDHHC7	0.0046404651761145
TPGS2	0.00462750853716614
LRRIQ1	0.00459505971747624
ASH1L	0.00458996013934346
CLPB	0.00447580518822237
TMEM185B	0.00446321383647138
TWIST1	0.00442235352656027
TTLL1	0.00440731922700546
PTMAP5	0.00440039213187993
PDXDC1	0.00437730368715992
ANGPTL6	0.00429040044133778
RNF175	0.00414943722676996
ARMH3	0.00408562055737568
SLC13A3	0.0040671417229037
C16orf74	0.00403209090571931
MOV10	0.0039612111157429
UBL4B	0.00382859792913155
RDH16	0.00379505839537506
RAP1GAP	0.00379194921462444
ZG16B	0.00378757428147134
PDP1	0.00372986425624094
SP140	0.00357581195898914
NSUN6	0.00353016702230313
CCNDBP1	0.0035008818163618
SCAMP2	0.00334331825102258
C1orf210	0.00331411857217015
MATK	0.00330301531295782
UGT3A2	0.00330106742350467
SETDB1	0.00324367067365423
MRPL28	0.00320925294271342
PITX3	0.00320002357958461
PUM2	0.00294234450513182
G0S2	0.00290274768970726
PPM1M	0.00288916963091054
EMC9	0.00283381254768663
BAG6	0.00283046620041423
C17orf114	0.00277344259026822
PLP1	0.00274072759480462
CYP2B7P	0.00272416888128771
PCDHB6	0.00270611911042058
FAM186B	0.00267381971325238
STPG4	0.00254599008277452
DXO	0.00250017305443427
DNA2	0.00238783782477839
TSPAN10	0.00228004751163987
GPN1	0.00223733828784841
PEX7	0.00221977822797553
DMRT3	0.00215597340527569
FBXO3	0.00215302634981903
ZDHHC22	0.00214508936263677
CXADR	0.00203667615156298
RS1	0.00202987914359749
FAM167B	0.00197342510163285
C1GALT1	0.00195125430276762
BTG3	0.00185771293886487
SCYL2	0.00183363699770659
ZNF658	0.0017651447170138
SOX7	0.00157962285367537
MTFP1	0.00152991287494088
TIGD3	0.00151702016684204
NID1	0.00148590558709016
AZU1	0.00148230822477887
RAVER2	0.00147809160267955
HILPDA	0.00147161076265815
QRSL1	0.00144914646717559
AK3P3	0.00121811526601047
IER3IP1	0.00118981223288374
FAM151A	0.00118076623054283
NFYC	0.00113706394641743
SNRNP40	0.00113101358193576
ANXA1	0.0011122661618331
NR1D1	0.00109088184459501
SCPEP1	0.0010618789154896
PTCD2	0.000935127248247989
PARP6	0.00088117895290522
MLST8	0.000788531403824299
SIGLEC15	0.000777973235846009
SLC7A9	0.000697876331130363
TTC14	0.000688225551033923
WEE1	0.000685013091464167
ANKRD20A4P	0.000578162523215951
MAP1S	0.000570882411622661
GRIK4	0.000544947937496198
CHD1	0.000421160733660336
NCBP2	0.000420519403119765
LTF	0.000314038820315557
SLC25A48	0.000265538517340743
AGAP14P	9.21852276891264e-05
FMC1-LUC7L2	2.54298712230041e-05
IVD	-1.95391263546762e-05
SKIC2	-6.49420976075233e-05
TTC7B	-0.00010195893116504
PROM1	-0.000166626250930757
OPRD1	-0.000209523378963229
RAB13	-0.000242901537500225
KLF1	-0.000243854312416835
ERVFRD-3	-0.000245585771572508
PRDX6	-0.000264611671027946
ZNF391	-0.000294254410145059
FBXL15	-0.000327303778604482
NOC2LP1	-0.000351400146445298
ATF4P2	-0.000448349330206533
MYSM1	-0.000450516237918914
LENG8	-0.000452251140182263
SH2D1A	-0.000463593008698282
TP53AIP1	-0.000482076421786278
FBXO21	-0.000535634401195129
TRAPPC8	-0.000577923106349551
HSPBAP1	-0.000635671087424867
HEATR4	-0.000650917855569995
STPG2	-0.000785844291564584
RGL1	-0.000795355249522967
PPP1R10	-0.000798911514425955
FARP2	-0.000811097089156563
CCPG1	-0.00108846684274976
PKN2	-0.00108877502846015
SERF1B	-0.00109078221517567
KLF16	-0.00110106797912763
ZNF883	-0.00115029886751967
WNT16	-0.00128344788976502
HSD17B8	-0.00129093579009571
RPL7AP76	-0.00135081368249101
CENPH	-0.00138855477630787
OAZ3	-0.00169541613521495
CACNA1I	-0.00187144163155695
CUTA	-0.00189051139860928
QSOX1	-0.00212874375681978
HACD1	-0.00213464483442904
ATPAF2	-0.00227887084016604
SLC37A1	-0.00228710923940896
PDIA4	-0.00230081704127563
GUCA1B	-0.00232411857648799
DIABLO	-0.0023249462289108
LAGE3P1	-0.00237887573856632
TBC1D10B	-0.00239853733794732
SLC4A11	-0.00246529249283921
VASH2	-0.00248951769663996
CHCHD1	-0.00252868406636569
ASB6	-0.00254549569742151
NIPAL3	-0.00256772702837396
PCK1	-0.00258904503204482
FREY1	-0.00260107041810725
NAMPT	-0.00273000378897606
FUNDC2P1	-0.00283309295250396
MTPAP	-0.00286354963782838
NAA16	-0.00286778174025153
SLC38A9	-0.00287133038180453
HLA-E	-0.00287778897442676
RPL13AP25	-0.00288573549110321
PGAM1P5	-0.002893160572934
POLR2E	-0.00290226800628024
TNNC2	-0.00301760771705119
FKBP8	-0.00304066941323512
SNAPIN	-0.00304820690732041
MED6	-0.00305156117234847
FAM83B	-0.00306736910995466
AQP1	-0.00309194361118167
CNOT4	-0.00312836329739314
CHCHD2P7	-0.00317465586997573
TBC1D3C	-0.00318611989852247
SPTLC1	-0.00319817109232203
PGAM1	-0.0032387084094495
UTY	-0.00327208617968486
SIK1	-0.0032858197743137
CASC3	-0.00328719960483508
VPS52	-0.0034092984491485
RPS28P7	-0.00342102407594731
PAQR4	-0.00350345188026842
ERP29	-0.00352156111355549
HLA-DQB1	-0.00365002794557198
ZNF56P	-0.00368373566528276
CARMIL2	-0.00370547723862943
TERF1P5	-0.00376679383735701
PRMT9	-0.00383127652387101
TRIM3	-0.00383330875174178
USP46	-0.00385040004226161
KIF21A	-0.00385336614209503
SGK1	-0.00388630376150518
UFC1	-0.0039444239097168
CASP2	-0.00396846271561201
SVOPL	-0.00401657362164719
IFNAR1	-0.00407317909415136
TMEM231	-0.00408253969248487
ABHD16A	-0.00410527254503424
FBXW8	-0.00410782327561546
SMURF2P1	-0.00412028514410845
MRPL57	-0.00414514174304586
ARHGAP22	-0.00431146239036899
CATSPERZ	-0.00442271807984904
CNTN2	-0.00444851642520405
FZD10	-0.00451888639920933
RPS27P8	-0.00452713711199122
RPS18P9	-0.00454860486042504
NRBF2	-0.00475401326551362
CCDC28B	-0.00476585929957718
LINC01145	-0.00482028987635524
IQCA1	-0.00486265366841931
DAND5	-0.004890160270543
RRP36	-0.00489018772889334
SEL1L	-0.00492901124645985
NKTR	-0.00494974811558407
NOP58	-0.00495126014965579
SMN2	-0.00499107932190521
CRAT	-0.00501194184895586
WASH9P	-0.00504325405448464
MCRIP1	-0.00507450878788725
RAD54L	-0.00508067136404481
JPH2	-0.00508692581057548
INTS14	-0.00509680953232168
TMCC3	-0.00511562637891714
CEP57	-0.0053112120647237
PET117	-0.00532110373742939
SYNPR	-0.0054008568190921
SLC2A10	-0.00545624535782782
SLC6A1	-0.00547112079879587
SLC39A1	-0.00547122726545323
CLPX	-0.00550987587468688
FTL	-0.00555673789661136
TFDP1P1	-0.0055591418950954
ZNF107	-0.00563939050178928
GUCY2C	-0.00572378949634374
ZNF484	-0.00578460651870029
TOPORS	-0.00582134324702785
GLP1R	-0.00584629861898956
TBC1D3D	-0.00586345332316405
ZNF597	-0.00589441676024756
FAM81B	-0.00590598617445642
GTPBP10	-0.00593505091181411
MIOX	-0.00600725526145152
CRYZ	-0.00604384710477517
GPATCH8	-0.00609012355201955
APPL2	-0.00609169197057458
ADORA2B	-0.00612937967200338
NDUFB4P11	-0.00616900981895544
RPL26P30	-0.00617362289919458
MLC1	-0.00625743192358015
LARS2	-0.00629630342524613
C8orf88	-0.00633185582796295
STK33	-0.00634950543071056
YPEL1	-0.00635074219612375
CYP4F35P	-0.00637993581036018
C2orf81	-0.00647265308956238
RGPD2	-0.00647305852446544
SH3GL2	-0.00648761466376829
GOLM1	-0.0064988174753541
CKM	-0.00654194777856319
SLC25A43	-0.00658755830840457
SELPLG	-0.00661067862343307
CYB5D1	-0.00667048282724618
TFDP1P2	-0.00671032487931873
GTF2IP13	-0.00674318648751605
ITGB2	-0.00676608137236631
FAM98B	-0.00689586114226003
ABTB2	-0.006937105083855
ALDH2	-0.00699389889243856
NEMP2	-0.00699563041896235
TMEM179	-0.00702330527325028
MBTPS2	-0.00703112890208134
MAML1	-0.00704147250816756
C5AR1	-0.00708258680634697
GALNT4	-0.00709652791331503
ZNF35	-0.00710614603817734
DDX39B	-0.00712482174099465
ATP6V0E2	-0.00713639811770172
BCL2L13	-0.00715713084611906
ABHD14B	-0.00718298868626712
XRRA1	-0.00720671769473105
DGKZP1	-0.00722482947232249
SESTD1	-0.00722538380905787
GUCD1	-0.00725788986591945
ELOA	-0.00726038365927209
TNIP3	-0.00727615784929953
ADAM15	-0.00729379908147137
RNF115	-0.00731840433764407
LRRTM3	-0.00732661880054893
RGPD1	-0.00740550214397655
CT47A12	-0.00741068090613359
FKBPL	-0.00746464763153814
DRD1	-0.00748744105525982
FAM86FP	-0.00756082271415726
FSIP2	-0.00757902595083189
NPM3	-0.00763534793087511
PBRM1	-0.00764526895734512
XKR6	-0.00766785296077394
SEZ6L2	-0.00767069324501836
AGER	-0.00768528002759928
RPSAP26	-0.00769528667179381
MICB	-0.00780516029993762
GUK1	-0.0078077501394556
DRP2	-0.00782932541349928
SIRT3	-0.00792049880831057
TRERF1	-0.00793689887764815
CACNA1C	-0.00797512278205659
RIOX1	-0.00797662816319887
TBC1D3E	-0.00799535314035554
STAT4	-0.00808156057228149
RHOG2P	-0.00811768751401889
GGA1	-0.00818150173047877
TAFA5	-0.00818524938325003
DIPK1C	-0.00823259885068598
LAMP1	-0.00831777935830767
ASDURF	-0.00842214086617993
TMEM269	-0.00843777656119231
SCARF1	-0.00856818733968273
DOC2B	-0.00858239869953689
ZFP91-CNTF	-0.00859328531142173
RPS6P12	-0.00870709125794206
TMEM132D	-0.00889529833059368
FAM174C	-0.00892583848055827
NHLH1	-0.0089596442513113
B3GNTL1	-0.00900066591071855
ACTG1P20	-0.00902472682589963
MTG2	-0.00902962364885241
ADI1	-0.00904663653290538
OSBPL8	-0.00908927526138036
PPIP5K2	-0.00916632706636824
SPAG8	-0.00917233600177353
KCNJ9	-0.00917571341265759
OGFOD1	-0.00917952648299168
GARRE1	-0.00923312931129231
PDCD6IP	-0.00928640298846083
HNF4A	-0.00932834186046087
BTBD18	-0.00937308867375931
GSR	-0.0093964664583671
ACTA2	-0.00946764997253269
ADORA3	-0.00951006853792969
ZNF845	-0.00951360803567584
BCL11B	-0.0095273158268686
BABAM1	-0.00959052832272372
L1TD1	-0.00959590943226574
RGS16	-0.00962841624625497
HDAC11	-0.00970869950447231
CALCA	-0.00972013327118247
ARL17B	-0.00978901527550056
ZFAND2A	-0.00981597623373111
NOLC1	-0.00983745700022643
LRRC55	-0.00984312360441263
DNAJC7	-0.00989033041165285
BHLHA9	-0.00990253413173502
MCMBP	-0.00994276218623208
CH25H	-0.0100100696865584
CPN1	-0.0100196130014411
COLEC11	-0.0100309114645074
LRIF1	-0.0100354763278195
C16orf89	-0.0102225127384832
TTC28	-0.0102272193406141
IFI27L2	-0.0102430601288225
CYS1	-0.0102599372264051
KLHL2	-0.010263783141237
RPL15	-0.0103209559391308
FCSK	-0.0103398092634912
INAVA	-0.0103786839882959
KLHDC2	-0.0104032089166547
UBXN10	-0.0104228226137783
LYPLA1	-0.0104337351085861
SAP30L	-0.010501520007563
NR1H2	-0.0105318117577873
FSAF1	-0.0106162609819491
RPL35P5	-0.0106770261622792
LDHAP4	-0.0107481178576662
CLK3P2	-0.0107510894900253
TBX4	-0.010844867509917
HLA-A	-0.0108871462389347
GCATP1	-0.0109052493283945
KRT16P3	-0.0109772980981318
MTF2	-0.0110319474274765
OCLNP1	-0.0111256480143274
CMTM7	-0.0111563964776598
SRGAP2D	-0.0111565498317487
NDUFV3	-0.0115120716630255
GNG2	-0.011542470470313
MTHFS	-0.0115565151409669
ADAMTS14	-0.011710263085676
TRPC3	-0.0117259089062124
HMGXB4	-0.0117331893171397
AP1G1	-0.0117345704017277
FZD3	-0.0119445762943265
GUCY1B2	-0.0120070570687488
ABCF1	-0.0120884209286019
HSPA13	-0.0120957062909682
SLCO6A1	-0.012099314282128
HYKK	-0.0121067314749942
RPL23A	-0.0121078088890255
LRRC37A11P	-0.012115181326285
PRR35	-0.012162090097648
BEST1	-0.0122453710728266
COMMD3	-0.012253869652478
HLA-DQA1	-0.0122545279683033
ADCY10P1	-0.0123490936633973
DIPK1A	-0.0124824234601887
TRIT1	-0.0124961078725087
NANOGP8	-0.0125115813302233
AMIGO1	-0.0125191687974917
PVRIG2P	-0.012547080775209
FGFR4	-0.0126199953521347
SGK2	-0.0126961108882665
VAMP4	-0.0128062826894505
PSORS1C2	-0.0128640138748574
GTF3C4	-0.0128854880304909
GBGT1	-0.0128945405153903
DCT	-0.0129445135774518
SCAF1	-0.0129608446462009
PCDHA1	-0.0129827898222862
SRP14	-0.0130130987181359
TRAF2	-0.0130455978877198
TAGLN2	-0.0130492647694625
PIGP	-0.0130559594145317
RNF44	-0.0131233874615889
HSF2	-0.0132119033989189
HMGN2	-0.0133541964065693
CTXN2	-0.0133849953291388
CPSF4	-0.0133893092231971
SNAI1P1	-0.0134474783316761
KCNC1	-0.0134875661534676
SORD2P	-0.0135355504058944
MYPN	-0.0135809214320117
GATM	-0.0135921882887101
RPL12P8	-0.013593774032209
FAM218A	-0.0136290946136872
TREH	-0.013686540048301
LRRC8E	-0.0136902890041629
SRP54	-0.0137060510638759
SCML2	-0.0138200660982445
KLHL4	-0.0138475104082028
GUSBP1	-0.0138861011826593
AP5S1	-0.0139585716601083
RIT1	-0.0139603654253766
KBTBD2	-0.0139634228127075
GRK5	-0.0139864280520243
USP24	-0.0140093045067309
TRIP11	-0.0140207339421843
SVIP	-0.0140778024738237
SUGP2	-0.0140936133158954
ABCA5	-0.0141085076905638
CDK20	-0.0141655403479391
IRGQ	-0.0141925154334506
RBM3	-0.0142299162500666
FBXL18	-0.0142603579054327
NFE4	-0.0143452979546201
CA5B	-0.0143791208888835
CD300A	-0.014381414586904
ZNF99	-0.0144755631703149
NFASC	-0.0144904320150581
PMS2CL	-0.0145065561676339
CCDC9	-0.014602605699829
BDP1	-0.014654927662917
ATF7IP	-0.0146953051968065
LY6L	-0.0147185042477314
CDC6	-0.0147716805974897
FOXD1	-0.0148059375035865
STRADA	-0.0148080614224833
APBB1IP	-0.0149199754031255
RPL26P19	-0.0149287326636294
PDE4DIPP3	-0.0149297993401059
AACSP1	-0.0149855656448822
ACTC1	-0.0150652476537854
ENY2	-0.0150693820360959
MSANTD2	-0.0150847870306709
CARD6	-0.0151583717252932
COP1	-0.0152140858333805
DDX21	-0.0153060456085415
MAGEA12	-0.0153398720598819
ZNF131	-0.0153920233684197
RSRC2	-0.0154408842676311
FAM86DP	-0.0154705128029757
TFIP11	-0.0154722977637099
NEURL1	-0.0155627757512186
HEYL	-0.015582062411435
MARK2	-0.0156103030106572
MUC5B	-0.0156754791871266
UBE2Z	-0.0156767931308662
ABHD17C	-0.0156914085404476
FBXO41	-0.0157051487621919
SUMF1	-0.0157083893220833
VDAC2P5	-0.0158076745444957
PCYT1A	-0.0158550038561056
KATNAL1	-0.0158782146033663
SPAST	-0.0158921697957782
PDZK1P1	-0.0159332087643699
PSMC1P1	-0.0159713278580742
ZIM2	-0.0160695403613539
SLC16A11	-0.0160715804568218
FAR2P3	-0.0160841092234804
RECK	-0.0160971563439979
CANX	-0.0161714211322348
SSX1	-0.0161741653092215
OXGR1	-0.0162119379109083
CCR10	-0.016259033613761
SPOUT1	-0.0162903425482583
CTDSP1	-0.0163522493954247
AP1AR	-0.0164067766286416
ZNF596	-0.0164648015837664
MAN1B1	-0.0164707659688679
SLC25A22	-0.01647145485321
PTPN22	-0.0164956103093848
MRPL23	-0.0165523777828723
RRM2	-0.0165781742805787
SV2A	-0.0166373380264956
ELOCP19	-0.0166696898210635
SEC14L4	-0.016679767628306
CASKIN2	-0.0167315011222791
ZSWIM5	-0.0167865717000373
BCAS2	-0.0168647577938968
NBPF3	-0.0170015383428012
KATNIP	-0.0170294892640053
BAG4	-0.0170935867656309
RPRD2	-0.017167486942307
ZMAT1	-0.017267381364507
GOLGB1	-0.0172815923418597
SEPTIN8	-0.0172991819990121
ZZEF1	-0.0173889580639857
FSTL1	-0.0174599218126349
CCDC186	-0.0175235534539848
BLNK	-0.0177830830780193
MAPK8IP3	-0.0178981805386169
MRPL12	-0.0179083337194616
BMS1P9	-0.0179379598847372
GINS2	-0.0179384648910399
PCK2	-0.0179762812889401
RPGR	-0.0179858720284528
CAP2P1	-0.0180090689542727
BCL10	-0.018095906342041
COX6B1	-0.0181097520798104
FAM91A1	-0.0182804825571346
ATAT1	-0.0182939626372375
NANOGP1	-0.0183052624788954
PSTPIP1	-0.0183342066870599
ZNF782	-0.0183538125943508
CNPY4	-0.0183831355731455
FXYD2	-0.018432177257494
ZNF397	-0.0184405354502076
ELL3	-0.0185151806423473
CCAR2	-0.018548965875201
ZDHHC5	-0.0185803828443741
KIRREL2	-0.0186068522441018
GAS2	-0.0186823652606235
CRYGFP	-0.0188495801322481
SAA2	-0.018955549457614
FAM13C	-0.0189619707228202
FAM90A16	-0.0190066380683881
ZFP37	-0.0190117518646499
SHANK2	-0.0190300366856928
RAB6D	-0.0190567878052956
FTLP12	-0.0191152823677587
AK6	-0.0191249506068605
YIPF4	-0.0192692158323617
ATP2C1	-0.0193770733811574
PTCHD3P2	-0.0193874979775461
AK4P1	-0.0193898776799438
ZNF569	-0.0193946990580088
POGZ	-0.0194873607736719
PPP2CB	-0.0195322616923536
CLDN15	-0.0195556754192167
HLA-B	-0.0196350294760602
HYDIN	-0.019653665983672
MCCC1	-0.0196658127283226
FAM177A1	-0.0196935341323869
TBC1D30	-0.0197602324828261
SORBS1	-0.0197756229876323
RGS9BP	-0.019852499422327
C9orf153	-0.0198565151188894
CA9	-0.0198585857023174
DEDD2	-0.0199813903944346
ZNF500	-0.0200695582405069
SLC16A10	-0.0200734877408662
ZNF493	-0.0200924396251296
KRT17P2	-0.0200951216537117
SLC17A8	-0.0201273756637331
UBE2Q1	-0.0201334569563661
SAMD4B	-0.0201373739338438
H2BC12	-0.020156058902668
CDC16	-0.0201598454707749
TRIM61	-0.0202157884157324
RPGRIP1L	-0.0202977125818824
DYNC1LI2	-0.0203038986320539
ZNF665	-0.0204043879486399
CCDC138	-0.0204192783359839
TRIM41	-0.0204679099379821
ORM1	-0.020470795298237
SPATA1	-0.0205302524933173
MERTK	-0.020533318941006
PPARGC1A	-0.0205516818676318
RORC	-0.0205999211293209
RC3H1	-0.0206176854792054
ANKRD11	-0.0206424721774526
HMSD	-0.0206465284234775
LENG9	-0.0206870928856064
STAG2	-0.0206963929939506
CDH12	-0.0207042113147128
LIMS4	-0.0207121619616228
TMED5	-0.020716449991726
FLRT1	-0.0208613491161347
XBP1	-0.0209179337075996
MAGEA9	-0.0210522095825419
ZNF546	-0.0210975396903405
NBPF12	-0.0211000342393922
KLK5	-0.0211633083831135
PIP5K1C	-0.0212935726575532
CXADRP3	-0.0213074818148156
ZNF805	-0.0213145511291812
CREBRF	-0.021403696141222
CRYGN	-0.0214479024796093
MVP	-0.0214845476621386
ZNF740	-0.0214886493213801
ESYT3	-0.0214946527054791
SEPTIN7P2	-0.0214947127529973
SLC9B1	-0.0215113610437101
CT47A10	-0.0215384521848238
SNX18P13	-0.0215384521848238
ART5	-0.0215502158475541
NF1	-0.0215893056049855
TMEM200A	-0.0216164958780912
SYCP1	-0.0216467988512019
GBP2	-0.0217150925235108
RAB6C	-0.0217941832102613
BAG2	-0.0217961506789084
NXPE2	-0.0217985777187686
GUSBP17	-0.0218154659959951
AOC2	-0.0218539085782107
ZNF329	-0.0219159021523674
FAM153CP	-0.0219476603409032
NANOS1	-0.0219896152358262
MXD4	-0.0219986248678758
ETFB	-0.0220279483353281
AKR1C2	-0.0220547581075103
HSP90AB2P	-0.0222055678871751
COL20A1	-0.0222070942706889
LCORL	-0.0222603929642004
ITGA3	-0.0222860437395252
HDAC9	-0.0222901998193771
KIAA1549L	-0.022408593772283
MPST	-0.0224175162802552
AIDA	-0.0224517057625889
MOCS2	-0.0225329855299873
PI16	-0.0225479675979561
MANF	-0.0225808664143413
TCAF2	-0.022639192444359
STBD1	-0.0227461593414419
KANK3	-0.0227638079844298
C20orf202	-0.022776117237485
DIAPH3	-0.0228096786701337
NHERF1	-0.0228610230037237
CHD8	-0.0228792469758013
TSPAN31	-0.022976625674483
UBE2H	-0.0229795822699523
TRIM49C	-0.0229849678423394
GUCY2EP	-0.0230090148159861
TAF11L11	-0.0230869668235799
TFPI	-0.023110723679147
SLC35F4	-0.0231967765037181
ULBP3	-0.0232129137052397
CDH8	-0.0232251884115882
MRPL40	-0.0232599649835588
RGPD5	-0.0232619580866697
FCMR	-0.0232626335027417
FTLP3	-0.0233212799893458
ZC3H6	-0.0233407941707639
PRPF40A	-0.0233412066576487
ARPC1AP4	-0.0233951794646299
FUS	-0.0234373928285784
TLX3	-0.0234562082821589
ACAD9	-0.0234764089170448
NCKAP1L	-0.0234800268679369
NCAPG2	-0.0235414732289744
TEX35	-0.0235945680891228
H2BP1	-0.0236088606009769
KDM5D	-0.0236637980073431
SPATA8	-0.023694853181934
MYBBP1A	-0.0237168657499666
PRTN3	-0.023737625042513
SULT2B1	-0.0237699387448528
HTD2	-0.0238321307043395
PAIP1P1	-0.0238557141769022
APOD	-0.0239362656773111
IP6K2	-0.0239403935322809
SELENOO	-0.0240654612204351
AGPAT1	-0.0241210508973028
HAUS8	-0.0242221460383952
TRIM53AP	-0.0242391911504376
FRG1EP	-0.0242858318186932
NPPB	-0.0243034045301334
BLOC1S4	-0.0243388032554659
DYNLL1	-0.0244699673600899
SNF8	-0.0244729227141978
ZBTB8A	-0.024494789219144
RPLP2	-0.0245621270736803
MIPEPP3	-0.0245943243693284
RBM47	-0.0246160725146463
SPATC1L	-0.0246186388299779
PRAME	-0.0247065075110903
ELP6	-0.0247517591645186
ITPK1	-0.024770291405238
USP9Y	-0.0249585249930683
DNM2	-0.0249603842783418
GNA11	-0.0249742499781362
B3GALT1	-0.0249777746519334
ACTL8	-0.025030866803989
COPS8	-0.025035491857693
TMEM38A	-0.0251199088086842
CCDC91	-0.0251233567190915
VPS35L	-0.0251540134389887
POLR3GL	-0.025266441139474
CCDC157	-0.0252729111754534
TEX13C	-0.0253019141040172
ACP1	-0.0254177873336028
CT47A1	-0.0254258376336679
AP1S2	-0.025437270410392
GLRA3	-0.025460612873214
TMEM150C	-0.0254965578929312
AKR1C7P	-0.0255012793007486
KDM4C	-0.0255013184787963
HAPLN3	-0.0255911730281492
OLIG1	-0.0255924136888927
ALPK3	-0.0255930136822314
SORCS1	-0.0255952448067718
RNF103	-0.0256089094872454
SLC23A3	-0.0256185600469149
GALNTL6	-0.0256618496678361
CCDC175	-0.0256718611628613
METTL14	-0.0257197736869483
PLD4	-0.0257649851026772
JPT1	-0.0257673311909835
ALG1	-0.0257725327090822
MAPK8IP1	-0.0257901116589692
ROM1	-0.0257943768188237
CCDC121	-0.02580602308148
ZNF165	-0.0258362858515187
HIPK4	-0.025850202037142
ZNF813	-0.0258550046800852
BCKDHA	-0.0258811899129113
TRPC7	-0.0259004826152298
PKD1L1	-0.0259760115893674
YWHAH	-0.0259764375334125
BET1L	-0.0260060711733492
SYNE1	-0.0260825444245148
PAF1	-0.0260949311319546
NF1P10	-0.0261047935649884
RASSF2	-0.0262638792641455
SP2	-0.026287276408141
VPS37C	-0.02630135970261
SCTR	-0.0263556714425789
PBX2	-0.0263803761798042
FCHO2	-0.0263931144384015
REDIC1	-0.0264063983265726
RAB31	-0.0265158385173231
ATF6B	-0.0265551709793087
CCDC110	-0.0265773518322988
NDEL1	-0.0266187705842231
CRYBB2	-0.0266400228256104
DNAH14	-0.026672249289423
TSC22D3	-0.0266770999722755
TTC8	-0.0266773940466505
SSXP10	-0.0266854358277087
FAM241B	-0.0266892639882791
DLG5	-0.026704597145495
LARGE1	-0.0267080079844924
RBPJL	-0.0267102093123127
ARHGAP5	-0.026812244463634
CRHR1	-0.026857328974792
DUX4L34	-0.0269108015545796
HLA-DRB5	-0.0271095227811572
CDK2AP2	-0.0271273817786676
ENDOG	-0.0271412358890269
RNF31	-0.0271709809901189
TNFAIP6	-0.0271860361981788
PSEN1	-0.0272118722307884
NBPF10	-0.027267722355667
TRIM43B	-0.0273254966843388
TSKS	-0.0273386591670582
VHL	-0.0273390297905606
PTPRH	-0.0274144403329258
ZNF559-ZNF177	-0.0274375005116464
LHFPL1	-0.0275145368257837
FBXO11	-0.027533886820998
ATP7A	-0.0275518272188631
KANK4	-0.0275712439627375
PGM1	-0.0276020089804998
SAXO5	-0.0276020501481187
TNXB	-0.0276322230475291
DNHD1	-0.0276556394292642
PRKAG2	-0.0276713190935653
TPTEP2-CSNK1E	-0.0277016628806996
TMEM218	-0.0277197209192555
ALG10B	-0.0277725134172781
SRRM2	-0.0277841657227297
AXDND1	-0.0278013225622677
IFI44L	-0.027805717143716
CYP24A1	-0.0278361927676241
KIAA1328	-0.027851154696454
STX18	-0.0278619707074856
IFITM3	-0.0279853799643298
RECQL	-0.0280654152657331
SLC34A2	-0.0280810459538127
SOWAHD	-0.0280987231477095
CEP152	-0.0281108868905673
IFI6	-0.0282126750828464
GOLGA6L10	-0.0282174199862633
H4C9	-0.0282348795862865
ACVR1	-0.0282386991917931
SPOP	-0.0282724173542952
ANKRD12	-0.0283007091336539
CCDC81	-0.0283269947288085
ITLN1	-0.0283877636605745
RANBP9	-0.028388014370816
CNST	-0.0283896542398682
SKIC3	-0.0283907030262381
TMPRSS4	-0.0284510085552463
UBALD2	-0.028451256722164
GFAP	-0.028456937415434
TMF1	-0.0284804511699732
CEACAM7	-0.0285162538227538
ZFP3	-0.0285362315690177
PTGES2	-0.0285702182449755
LSM14A	-0.0285929400980554
UBQLN4	-0.0286382851635804
SLC3A2	-0.0286524141924803
MTURN	-0.0287344939785275
ARMC12	-0.0288819203541682
PCDHGC3	-0.028922121082104
EIF4G2	-0.028952315686594
RPL10P19	-0.0290000348334046
CGRRF1	-0.0290240330722879
HDAC1P2	-0.0290926357740725
NEK10	-0.0291357810464503
NSMF	-0.02916961860513
SPINT1	-0.0292334406417506
USP53	-0.0292459808860998
SERPINB7	-0.0292578181537699
TMPRSS11D	-0.0292775797624953
PTPRJ	-0.0293218053739798
PAPOLG	-0.029378952300947
DNAL1	-0.0293986942199246
ZNF285	-0.0294188240178478
FBXO15	-0.0295058925267913
SENP8	-0.0295377137127003
ANKRD30B	-0.0295585218143127
CENPN	-0.0295635347525972
JPT2	-0.029574490639832
NIPBL	-0.0296070894750571
IDO2	-0.0296196023641441
PIP5K1B	-0.0296257696454241
MXRA7P1	-0.0296716778107771
HTATSF1	-0.0296935725273677
CENPC	-0.0297190818367501
BRAF	-0.0298182884685179
LUZP1	-0.0298686043020702
PSAP	-0.0298853076954999
ROBO1	-0.0299620344144375
ODC1	-0.0299681490949245
KLHL21	-0.0299681839775917
DMRTC1	-0.0300167676646493
TRIP12	-0.0300298475159575
HUS1	-0.0302606824661538
CSDC2	-0.0303698666692614
SPIB	-0.0303907943302086
F8A3	-0.0304214949819288
TPM1	-0.0304405038702533
FAM90A26	-0.0305079553557949
ZNF132	-0.0305362371288974
CD96	-0.0306099547391574
DSG1	-0.0306529912518967
MRFAP1L1	-0.0307483599607949
NCLN	-0.0308668230458184
MFAP4	-0.0309794598929287
CTSC	-0.0309941992889775
GATAD2B	-0.0310017252750042
MNT	-0.0310314045511089
MIER1	-0.0310315655537874
PLD5	-0.0310327477933875
IFRD1	-0.0310767229840314
PHF11	-0.0311438817548424
PELP1	-0.031145169784026
KCNB1	-0.0311853585368714
PMM1	-0.0311995144734371
MYH7	-0.0312103614333734
APIP	-0.0312595155404585
ERMN	-0.0313014534056368
VGLL4	-0.0313262669448037
GLA	-0.0313662308790194
ELK1	-0.0313678854671769
C1QTNF6	-0.0314155627981226
UBXN2A	-0.0314259243036105
WDR54	-0.0315242356810015
SLC15A4	-0.0315361732776092
TFEB	-0.0315635638275147
EEF1A1P24	-0.031613861411551
AEBP2	-0.0316142200486855
HAPSTR2	-0.0316203722631972
CSAG4	-0.031645444312844
MCAM	-0.0316543813798565
NUTM2F	-0.0317002484151627
ADPRS	-0.0317358331697984
USP35	-0.0317387728302848
FAM163A	-0.031773063872516
COL11A2	-0.0317872413699541
TMC4	-0.0317920660941413
RNF167	-0.0318046215079671
PGK1	-0.0318719010465434
DPF3	-0.0319113612368076
CLOCK	-0.0319741043074946
TRIM64B	-0.0319750504880172
NLRP3	-0.0321523041621525
SLC13A5	-0.0322135746870257
PPM1N	-0.0322789594635523
AGAP10P	-0.0323617980045612
PRRC1	-0.0323691433081367
B3GNT2	-0.032412072355718
TULP2	-0.0324260733329737
ZNF146	-0.0324605133361538
ACOT1	-0.0326404510796095
SLC36A4	-0.0327561824066545
COL14A1	-0.0328214439346934
C2orf68	-0.0328338844794625
CLVS2	-0.0328375423541747
STS	-0.0328702529158698
HCG4B	-0.0328749231444955
CDH4	-0.0328802201630286
PSME3	-0.0329096667022866
CASTOR1	-0.0329211320271633
RPL7P32	-0.0329248121945852
TRIM62	-0.0329554752222753
TSPYL1	-0.0330461656808317
SPRTN	-0.0330586143522871
MARCHF9	-0.0331275805557505
ABCC13	-0.0331333899734302
NUDT7	-0.0331507268206204
LPCAT3	-0.0332262867159946
TMEM214	-0.0333055578572073
PPP1R26	-0.0333240799883355
SYT14	-0.0333482188428302
S100A10	-0.0334106018218854
GPR89P	-0.0334655087389532
VN1R87P	-0.0336417275514612
ZNF729	-0.0337104392092077
UBQLN2	-0.0337126981961684
MAL2	-0.0337150328669968
GPM6A	-0.0337603631716756
COASY	-0.0337624392612607
CREG2	-0.0338535993401343
NEK3	-0.0339352852633549
HNRNPH1	-0.0339691382212414
IDH1	-0.0339831980706109
TMEM151A	-0.0340086232256052
AZIN2	-0.0340280790575895
MBD5	-0.034040909781485
MYBL2	-0.0340480231507666
SRSF6	-0.0340711313486502
GPR12	-0.0341012166828173
SMARCA1	-0.0341422330138567
LARP4	-0.0341624313360668
ALKBH3	-0.0341995258083293
ZBTB41	-0.0342314491477407
SEMA3E	-0.0343161891137873
FRG1BP	-0.0343957532344962
NME3	-0.0344881082946554
GFOD3P	-0.034508205694082
FAM199X	-0.034563262607228
EIF4E3	-0.0346255873417449
FRG1DP	-0.0346324672306347
FSTL3	-0.0347156280014447
EPC1	-0.0347211221241028
SLC35A4	-0.0347376121348267
TRPM7	-0.0347857554387516
PLCG2	-0.034792944000527
ENKD1	-0.0348577106005429
ANKRD49	-0.0348914284505962
YWHAG	-0.0349461061660464
CABLES2	-0.0350727076155116
FNBP1	-0.0350833564091061
BROX	-0.0351151576423574
GAPVD1	-0.035118693903509
RARA	-0.035208982642334
PCCA	-0.0353069792354969
NGLY1	-0.0353133112713371
GTF3C6	-0.0353484664366796
SNRNP48	-0.0353807236725074
ZBTB25	-0.035381594789624
TBC1D3L	-0.0354383180781542
LRRC8D	-0.0354501807370953
SBSN	-0.0354521500869498
PPT2	-0.0355287381370025
BARX1	-0.0355857007118003
SYPL1P2	-0.0356204310592103
TPPP	-0.0356702673513249
NOTCH2NLA	-0.0357650106478677
LSM5	-0.03588893621838
MICE	-0.035898535438342
GOLGA8S	-0.0359126663018341
PRICKLE3	-0.0359209500557149
PTPRVP	-0.036041166857215
TGM1	-0.036109218585996
C1orf35	-0.0362212452030349
KLHDC7A	-0.0362451831210434
CHRNA4	-0.0362755965276579
AKTIP	-0.0363135461645988
ADAT2	-0.0363199045247488
TXNL4B	-0.0363530490360692
PCDH15	-0.0366333710286035
ATP5PD	-0.0366699852548622
EXOC3L1	-0.0367667307712508
DIS3L2	-0.0368023298290664
METTL9	-0.0369044795605478
ERLEC1P1	-0.0369049019054447
LMBR1L	-0.0369315370536164
DHRS1	-0.0369404841400669
PLIN3	-0.0371411114021324
GTPBP3	-0.0371499383873269
KLRF1	-0.037178062013622
NUTM2HP	-0.0371978383304028
ZNF550	-0.0372776549372257
PRRG3	-0.0373265879690503
C16orf86	-0.037375840098864
RCBTB2	-0.0373828915820665
BMP5	-0.0374258165830893
LMOD1	-0.037465904500739
TPRX1	-0.0375338593541816
PTS	-0.0375451168535022
MIEF2	-0.0375842870305455
TSEN34	-0.0376716223310759
THAP3P1	-0.0376870680372991
APOA2	-0.0378204836533079
SLC27A4	-0.0379202046601996
CD3D	-0.0379252455639438
KLKB1	-0.0379277797926252
RPL12P7	-0.0379760481897375
NEURL1B	-0.0380637970154072
IMPDH1P8	-0.038115242206952
GOLT1B	-0.0381713023656754
NRBF2P6	-0.0382118258862925
PPFIA2	-0.0382420346894143
CENPV	-0.0382568439690786
ARHGEF17	-0.0383100555293908
MAGEB2	-0.0383573352986129
STX5	-0.038437061654947
CHLSN	-0.038449064001653
MYO7B	-0.0385377193029142
SPIN3	-0.0385534816332887
C17orf107	-0.0385590076100289
DCUN1D3	-0.0385734151145627
FOXM1	-0.0386635946510185
KIAA0753	-0.038689762875146
NLRP11	-0.038702306190808
NHLH2	-0.038818060025029
BSND	-0.0388337432306243
MZT1	-0.0388602346677877
SNRPA1P2	-0.0388724678549105
MBOAT2	-0.0389852772709051
PNKP	-0.0390922130859369
BCRP2	-0.0391047106588044
BCAS3	-0.0391084865029486
CFAP144	-0.0391343943314127
ZBTB39	-0.0391543795170519
SPMAP2L	-0.0391998048467538
DOCK5	-0.0392913885179059
PPP1R36	-0.0393166847121574
LINC01347	-0.0393274562939229
EFTUD2	-0.0393853704044898
ANKRD50	-0.0394021664219884
CD59	-0.039407145004692
FASTK	-0.0394908060791248
THBS1	-0.0395066694588258
ADCYAP1R1	-0.0395284016177425
ZP2	-0.0395662367388993
MEDAG	-0.039609517919472
PLBD2	-0.0396247120649816
NARS1	-0.0396741722061085
VPS37D	-0.039712376167647
TMBIM7P	-0.0397325405711778
NADK2	-0.0397506790647816
PMFBP1	-0.0397794829620448
SQOR	-0.0397979613058626
SERF2	-0.0398287608654127
UPK2	-0.0399927914828286
ENPP7P11	-0.0400164704019057
APLP1	-0.040080335494627
EVI5	-0.0400804100454495
DGAT1	-0.0401290934899334
C1QTNF3-AMACR	-0.040187158263854
SHB	-0.04025130409651
FAM114A2	-0.0402978162629626
WDR35	-0.0403588248038138
HERC2P8	-0.0404016222609639
DECR1	-0.0404072768511391
FNDC1	-0.0404190323824428
RPL10L	-0.0405251779426131
KLHL11	-0.0405452315300022
OR3A1	-0.0406139159883072
NCOA7	-0.0406989343071957
IKBKGP1	-0.0407671101642023
CD34	-0.0407690239828444
BTD	-0.0407748920620353
TMEM219	-0.0407877060131005
NKX2-8	-0.0407993606447565
ATL3	-0.0408233098627243
OR4F2P	-0.0408298176413667
CREB5	-0.0408786161022884
HSBP1	-0.0409391190958738
B2M	-0.0409413017744461
SGK3	-0.040964062009168
TBX19	-0.0409656694946571
CILK1	-0.0409746483889014
NRG4	-0.0410154125726427
TACR1	-0.0411754381045649
PLCG1	-0.041193812008403
ESRRA	-0.0412383889863823
CYP2C18	-0.0413734813267108
SLC25A53	-0.041391446085058
PRSS30P	-0.0413999867265441
OSBPL2	-0.0415449935667139
DRD2	-0.0415996579995544
PRKAR1A	-0.0416173440479839
ZNF134	-0.0416380697875507
GPR151	-0.0416394672438004
CABP1	-0.0417069629091585
CCDC163	-0.0417731068719017
ARF3	-0.0417790073062234
MTUS1	-0.0418599552734986
LINC03040	-0.041895278579418
OR5H3P	-0.0420514824176745
AUH	-0.042090757727171
CDC25C	-0.0421157333056777
SERPINB4	-0.0422177758322801
BCL6B	-0.0422661050516936
PDCL3	-0.0423140896482963
PRSS43P	-0.0423494845575138
SUCO	-0.0423920686404679
PHF20L1	-0.0424138559199642
KRBOX4	-0.0424320883527954
SLC22A31	-0.0424426237847966
RELT	-0.0424475003181261
LRRC41	-0.0424794094818572
RAP2A	-0.0424923217624286
NCOA5	-0.0425072849258545
CALM1	-0.0425197877262775
ELL	-0.0425289642839291
STK32B	-0.0426229384324188
ADSS2	-0.0426455323025664
TMEM240	-0.0426968259772393
INTS2	-0.0427638131870337
PTENP1	-0.0428792760625922
C1S	-0.0429152642550532
TUBB2B	-0.0429400222094698
TLR6	-0.0429460450339212
BOD1L1	-0.0429529179502411
DMXL1	-0.0429687462118664
ACRV1	-0.0429804740949979
TMEM52	-0.0429987002480956
MRPL42P1	-0.0430053534185119
C17orf67	-0.0431612575100372
RNF145	-0.0432077623926644
SCAP	-0.0432315437859019
DDX56	-0.0433679793512242
DCAF4	-0.0433702848392391
DDX53	-0.0433888363727342
SIGLEC11	-0.0434371580008374
THOC3	-0.0435156590286855
DHCR24	-0.0436077825407146
RPL13P12	-0.0436589483728676
TOP3A	-0.0436622006003509
NDUFA8	-0.0436654933134658
ERICH1	-0.0437838709116394
SH3BP2	-0.0439947132836118
CEP19	-0.0440103169463002
ANO3	-0.0440263701300275
FOXO1B	-0.0440390373938632
ZNF124	-0.0440762256287229
LIG1	-0.0441345067759637
PPP1R3F	-0.0441538232113333
LRTM2	-0.0441758046209678
RABEP2	-0.0442188319763587
GHRHR	-0.0442874343083734
FOXE1	-0.0442960168320977
RPL3P4	-0.0443159649383377
GLT1D1	-0.0443705233487127
ACP6	-0.0444092566138195
FBXO9	-0.0444254463123705
PRSS22	-0.0444828920647769
ZNF287	-0.0446145832999068
USP16	-0.0447091543908928
HOXB3	-0.0447548435697371
CATSPER2	-0.0447654012143586
IFNLR1	-0.0447778666617937
RNASE10	-0.0448066619503268
DUSP4	-0.0448234673201333
SFRP4	-0.0448276021994091
EIF4BP7	-0.044855310649495
DOCK10	-0.0448921950329462
PTDSS2	-0.0448926796713977
MMP10	-0.0449672939989854
L3MBTL1	-0.0449829138525921
PEX5	-0.0449940594693487
FKTN	-0.0450483324706895
ACTG1P17	-0.045058740972777
KIAA0319	-0.0450746622217991
IRF2BP2	-0.0451073042276272
LMAN2L	-0.0451237313413252
IPO9	-0.0451352842361553
AK1	-0.0451450505985049
KANSL1	-0.0452737788016415
POU2AF3	-0.0453394659277908
MAP10	-0.0453766986427732
ART3	-0.045416960751308
PRKCE	-0.0454234260113362
CS	-0.0454821850351653
ASAH2	-0.0454881015712068
LOXL2	-0.0455708432916546
ING5	-0.0456373220807065
WASH7P	-0.0457093953191091
USF3	-0.0457496211548241
NDUFAF8	-0.0457618454686761
LRRC37A3	-0.0457773138125517
SACM1L	-0.0458480746053844
MFSD11	-0.0458498019187086
POP1	-0.0459174571260025
VPS28	-0.0459362847268914
TAF11	-0.0459831903481746
PLEKHG6	-0.0460160895503825
JAK3	-0.0460298800512579
OR1G1	-0.0460883948239258
CAPN8	-0.0461108235761998
RAB30	-0.0462116876904517
SETD2	-0.0462234927195612
LIG4	-0.0462323250830382
MAGEA2	-0.0462388045660811
FBXL3	-0.0463379261622534
RNFT1	-0.0463420499231594
NTMT2	-0.0464278900716024
CABYR	-0.0464306246999913
CCDC43	-0.0465313264612648
BORCS7	-0.0465607882821145
SNX24	-0.04657934777669
FMNL2	-0.04664208622419
PCDH19	-0.0466747820739964
FTH1P10	-0.0466807844414243
TAPBP	-0.0466810173169596
SPRYD7	-0.0467833806140341
XAGE2	-0.0467858155377465
NAIPP2	-0.0468583718543358
ZNF518A	-0.0468688047267634
SMAD9	-0.0469865346301189
ZNF625	-0.0469997365517192
MAGEB3	-0.0470585058059819
ACTG1P25	-0.047086215891421
AGAP9	-0.047092135650232
UBE2L6	-0.0471409612132571
C12orf43	-0.047142913793488
TCEAL2	-0.0472315500204315
RPL6P19	-0.0472841122718399
MXRA7	-0.0473482307800035
INO80D	-0.0473516104907441
PROSER2	-0.047430382364693
UBE2A	-0.0474476723492173
MRGPRE	-0.0474933193244269
CENPU	-0.0475215375795861
MBTPS1	-0.0475658910805976
ERVK3-1	-0.0476500567751412
KRIT1	-0.0476567118108114
NDUFA3	-0.0478086021890647
TCF7L2	-0.0478276961927284
GSTP1	-0.0478278352567683
TMEM231P1	-0.047936839174997
SFRP1	-0.0479866211212612
SELENOOLP	-0.0480329355569375
KIF5A	-0.0480333830159019
TXLNGY	-0.0480975191466682
AP3D1	-0.0481149740079084
BMS1P23	-0.0482030328737083
GGN	-0.0483323182266838
TIMM23B	-0.0484425941352926
GINS4	-0.0485795588109616
BRD2	-0.0486389105019539
TIMM17A	-0.0486845793013077
MTMR7	-0.0486998551641511
ROPN1L	-0.0489694118367624
RPL10P16	-0.0489909784095763
C5AR2	-0.0490496909642202
HFM1	-0.049052849295815
IL18BP	-0.0490562396646404
CORO2B	-0.0490836750704004
RSBN1L	-0.0491276005256693
TRAPPC14	-0.0491628964819109
IL7R	-0.0491659238011409
H3P47	-0.049207115657649
HAUS6P3	-0.0492294983495235
EXOSC10	-0.0492501746064806
CNN2P9	-0.0492529354303706
SPATA31E1	-0.0492651604601157
GHITM	-0.0493711434247476
YIF1B	-0.0494828272366286
TSTD1	-0.0495556501301362
ST13	-0.0495979171169697
PRRG1	-0.0496021451505157
PLS3	-0.0496292777584688
SBSPON	-0.0496370837504823
WASHC3	-0.0496463743905494
PGP	-0.0496816076639531
ZNF652	-0.0497185004747462
CATSPERE	-0.0497331916373382
RIMS4	-0.0498109631450187
PXDN	-0.0498312115203765
ATP6V1G2-DDX39B	-0.0499951629307125
CCDC158	-0.0500441633893964
NBEAL2	-0.0501283193797116
WWP2	-0.0501372282085238
RPL32P16	-0.0501829641451537
RAB15	-0.0502022031564251
TIGD6	-0.0503842287060449
EMP3	-0.0504140754041924
ZFP14	-0.0504848877571031
RPL4P4	-0.0505250322825705
BMS1	-0.0507091118912588
ZFP92	-0.0507824519743112
IRX6	-0.0508264307987371
AQP5	-0.0511493163250305
MRPL18	-0.0512260868586705
MET	-0.0512902014363349
CTTNBP2NL	-0.0512933873849013
TMEM120A	-0.0513223393521287
GID4	-0.0514942764398672
NIPA2	-0.0515719293871855
ADPRHL1	-0.0515835919848085
GPN2	-0.051635912211078
PLPP2	-0.0517341724951033
NXF4	-0.0517603344778747
ANAPC5	-0.0518034772056645
TNNI1	-0.05182935433793
TMEM119	-0.0518532793039559
CCP110	-0.05186281234323
STMP1	-0.0518722204905879
FAM21EP	-0.051873331818925
ADO	-0.0519955298774353
PLCB3	-0.0520105240004009
SLC15A3	-0.052011225102838
HLA-G	-0.0520654273106775
EFHB	-0.0520859441453195
ATP5MF-PTCD1	-0.0522112592516894
TUBB4A	-0.0523515910819695
CHRND	-0.0524142045465896
STYX	-0.052501542659377
PRDM2	-0.052558434819762
APH1B	-0.0527955896155621
TENT5C	-0.0527976313558091
DNASE2	-0.0528147381348822
CNTD1	-0.0528630463258509
TK2	-0.0529674347183985
KLHL28	-0.0530186740823528
DDX43	-0.0530478556668326
NPIPB7	-0.0530918766827115
PLAG1	-0.0532446767400064
TAS2R60	-0.0533075548363886
IL6R	-0.0533194073466927
EXT2	-0.0533413605867926
KIAA0232	-0.0533489202350469
SIGMAR1	-0.053354112521922
TBC1D26	-0.0533748457829622
LRSAM1	-0.0533832330132887
LRRC66	-0.0535072168353208
MEIS3P1	-0.0535707602851509
BEAN1	-0.0535920497727556
RNF25	-0.0536861693481207
DPY19L2P3	-0.053704138860567
RAE1	-0.0538625985368658
S100A3	-0.0538777667874499
TRGV3	-0.0538800303918873
ZNF473	-0.0539628253726752
PHEX	-0.0540588705587262
ADSS1	-0.0540751150876604
LIFR	-0.0540991630030151
HDGFL2	-0.0541032054578576
C2orf80	-0.0542358923193059
NAPG	-0.0542670989023184
ALG14	-0.0544547708168515
VPS4A	-0.0545053763263311
NCS1	-0.0545661265630188
NOTCH2NLR	-0.0546378623026948
ZNF333	-0.0546387129450645
SYPL2	-0.0546905267494952
FOXF2	-0.0547040203490666
RAB23	-0.0547344765154456
GTF2IP12	-0.0547698444673884
GTPBP1	-0.0548036704579631
MICAL3	-0.0548415113351184
PGAM1P8	-0.0548754373470377
GUSBP2	-0.054897863888487
MIR9-1HG	-0.0549336807410805
ZNF426	-0.054969242667155
AGO2	-0.0550159637648509
DYRK4	-0.0550913536550325
NPIPB15	-0.0551453249536004
SNHG33	-0.05521795678487
SH3TC2	-0.0552657303659445
TMEM44	-0.0552664787409413
MARCHF8	-0.0552733353675665
PTRH1	-0.0552888322503662
CRMP1	-0.055292964238039
ARHGEF7	-0.0552983242640815
ARHGAP12	-0.0554060434278229
RPL17P50	-0.0554970188361507
ZBTB38	-0.0555060885055651
MLLT1	-0.0555373728439617
RDH13	-0.0555830438782899
EZH1	-0.0556947335946808
EHMT1	-0.0557323605361771
SNX1	-0.0557612642594128
PTPN14	-0.0557745438514748
SFN	-0.05595070754789
HNRNPM	-0.0559702534270993
MROH6	-0.0559829106554532
GOLGA6L5P	-0.0560650803127461
MCRS1	-0.0560921470087781
ME1	-0.0561460127144494
CLASRP	-0.0561799768861501
RAB11B	-0.056197755802428
CSF2RA	-0.0562363561994983
GPATCH2L	-0.0563759670254456
VIM	-0.056401574697455
COPA	-0.056431767479869
RABL3	-0.056487275048198
FDFT1	-0.0565083140341647
SPNS3	-0.056538572487197
STK11IP	-0.0565908607528871
GRK2	-0.0566706297071333
SHISA5	-0.0566845930859804
NPIPP1	-0.056693616328651
OSBPL7	-0.0567001268613245
POFUT1	-0.056715607539268
TUBB	-0.0567444253394187
EIF3B	-0.0567462265322709
USP42	-0.056767869433555
MPP7	-0.0567794336403778
TMEM69	-0.0568317330392586
ZNF461	-0.0568445978445342
OR51B5	-0.0568935333270677
MYCLP1	-0.0569345473209388
TAP1	-0.0569676203441999
ULK4	-0.056995732731371
PTGIS	-0.0570826741139332
MLYCD	-0.0570928417350667
TAP2	-0.0571198028124899
XYLT2	-0.0571615940779669
VEZF1	-0.0572523383717596
CRELD2	-0.0572534747671621
ZNF496	-0.057253853021933
EML4	-0.057273281545487
TMEM43	-0.0572967340611787
EEIG2	-0.0573097335748836
BLTP3B	-0.0574207820138953
FADS2	-0.0574352677358861
MYO1C	-0.0574425750307193
TIRAP	-0.0574814809480863
CHCHD2	-0.0575306377605256
TMEM101	-0.057538535333705
SLC28A2	-0.0575923685510487
CCDC136	-0.0576168381521644
SCG2	-0.0576171335455378
FBXO42	-0.0576419892825052
SLC35F5	-0.0576673233273389
UPK3BL3P	-0.0578386918332949
PERPP3	-0.0578745334741476
SMCO1	-0.0579305344638792
SANBR	-0.0579820884259933
SLC9A3	-0.057995141304684
CLMP	-0.0581038233945869
KIF7	-0.0581853506541767
RBM48	-0.0582494086059816
ZNF691	-0.0582661498793026
XPNPEP2	-0.0584089115812419
CEP44	-0.0584449957066779
TRIM66	-0.0584455803498099
NUP107	-0.0584735695937351
ZW10	-0.0585268214272122
HNRNPA1L3	-0.0585666651861988
GAPDHP1	-0.0585688386168879
AREL1	-0.058592876630242
CHRNA5	-0.0586708607888437
BTBD6	-0.0587042348974304
PCDHB14	-0.0587325961322031
SPOCK1	-0.0587687137525641
CCNB3	-0.0589818955434038
MYO3A	-0.0590671426612022
UPF3A	-0.0591122557110247
B9D2	-0.0591602215591161
EMILIN1	-0.0592253345696517
MESD	-0.0593471081853578
TEX264	-0.0594172255683934
BCL2L15	-0.0594553904815639
CCDC88C	-0.0595865611533867
NPY4R2	-0.0596212708728005
CNOT1	-0.0596901945388678
GOLGA2P10	-0.0596973870772529
MRGBP	-0.0597239942731499
ABCB10	-0.0597350359993531
ANTKMT	-0.0598502659363587
WASH2P	-0.0599408724392058
UBA1	-0.0599942834736393
H2AJ	-0.0600067343601286
RPA4	-0.0600271080456781
CPSF7	-0.0600341118504883
GPR107	-0.060035336831788
UBAP1L	-0.0600366471279409
ZBTB22	-0.0601066756640877
KCTD7	-0.0601439244116928
RAMP2	-0.0601469812987381
MARVELD2	-0.0602126942109993
BCAS4	-0.0602579928018401
JRK	-0.0602735888363768
ZNF460	-0.0602856043975138
MOGAT1	-0.0606405202091243
SIRT2	-0.0607839036881624
NTF4	-0.0607867636853116
LYPD5	-0.0609084535825889
PSME3IP1	-0.0609096884632613
USP30	-0.0609228210648912
AGPAT4	-0.0609507649640935
VSTM2B	-0.0609685161141789
GAS2L1	-0.0609929001687629
CLDN12	-0.0609939102248393
C5orf34	-0.0609944964971534
COL11A1	-0.0609991077836603
ABRAXAS2	-0.0610038230907156
ACOT6	-0.0610133502337914
GPR75	-0.061047950843219
ABCC1	-0.0610590026386999
ITGBL1	-0.0610897937725703
VWDE	-0.0611794686654023
FBXO25	-0.0612484018387134
NEURL4	-0.0612719551035037
ST13P4	-0.0613040508220355
COX15	-0.0613108122403375
ZC3H10	-0.0613233398149642
WASHC4	-0.0613442428076006
GNLY	-0.0613813960180444
TSPAN11	-0.0614680868703924
TDH	-0.0615286801889484
ARHGAP10	-0.061542144766831
HIBADH	-0.0615526310691958
HTR1A	-0.061555525125102
ANXA5	-0.0616443527333326
C6orf163	-0.061646267130212
SMCR8	-0.0616622542043962
ALDOC	-0.0617804945379999
NUDT1	-0.061796490543954
TAC1	-0.0618101014575712
PSD4	-0.0618149354238572
LYPD6B	-0.0618626128077134
SPX	-0.0618891751668224
ALG1L9P	-0.0619837876039207
SPA17	-0.0621304813067448
NPIPB10P	-0.0621796112930479
MPP4	-0.0621960072831922
SPG7	-0.062267775063315
PIM1	-0.0623243774921872
CCDC77	-0.0623818010250536
ZNF138	-0.062405225295084
TMEM135	-0.0624254399592756
ADAM17	-0.0624863621136481
C11orf86	-0.0625251326858095
STX16	-0.062590884525356
STMN4	-0.0626494790470223
COCH	-0.0626789904772022
FOXD4	-0.0628570661011416
GATA6	-0.0628743597696368
RASA2	-0.0628925006356637
MRPS18C	-0.0629235624751778
TMEM129	-0.0629583869295822
PHB1P13	-0.0629732866924159
SLC25A20	-0.0629823887326849
MAPK1	-0.0630170604918555
DNAJC15	-0.0630173951275773
POMGNT2	-0.0630301385923422
GOSR2	-0.0630855721908557
SNIP1	-0.0630944881967452
HSFX1	-0.0631081970925572
SLCO4A1	-0.0631338528051065
CYP4B1	-0.0631446814537316
ISG20L2P2	-0.0631450462588305
NUPR1	-0.0631512613988331
CTNNAL1	-0.0631882159321567
RNF5	-0.0632929918400402
ATAD2B	-0.0633059219612621
GPR176	-0.0633322297361054
PCF11	-0.0633749365995589
TMUB1	-0.0634661561881225
PPDPF	-0.0634908104991182
RNASE6	-0.0635434894700979
CCDC191	-0.063555481458732
MED10	-0.0636948580204449
FAM168B	-0.0637082073837348
TLR1	-0.0637773495838443
ZNG1F	-0.0637950892529284
TMEM265	-0.0638033172550026
ZFYVE27	-0.0638414310747731
NECTIN2	-0.0638444102565605
GYG2P1	-0.0639198531587376
RAB8A	-0.0639444786950542
TMEM225B	-0.0639473385348176
STEAP2	-0.0639840560430015
ARPC4-TTLL3	-0.0639849411525514
NKD2	-0.0640283447381309
SERF1A	-0.0641070494477413
SEC24C	-0.0641161739277035
PRSS27	-0.0641684072310233
KCNK17	-0.0641765289725136
MAP7D1	-0.0643157059340689
BTBD16	-0.0643334253683295
AP1M1	-0.0643820445252559
ZDHHC12	-0.0643907954834436
WDR20	-0.0644353291405176
PNPLA7	-0.0644956692189465
SHROOM3	-0.0645018218722508
SH3PXD2A	-0.0645258495448963
CTSS	-0.0645775401814615
ATP2A2	-0.064596940651907
PDE7B	-0.0645976090115344
TRIM71	-0.0646157743399134
FCRLB	-0.0647522203663669
CHM	-0.0647645441213045
DCST2	-0.0648235957804235
ABHD12B	-0.0649090950666881
VPS4B	-0.0649665260358188
SLC35B4	-0.0650055143587782
ZNF480	-0.0650829859137342
PRR7	-0.0650832282206327
TF	-0.0651523804641244
TBL2	-0.0652449616385014
ZNF731P	-0.0652525148691726
RAD51	-0.0653005490370561
LGR5	-0.0653411930064036
FRMD5	-0.065382392682102
CAPN2	-0.0654175163614056
PRR13	-0.0655893190176136
ANKHD1-EIF4EBP3	-0.0657730067137106
LRMDA	-0.0657939435224851
TSSC4	-0.0658533720437407
CENPP	-0.0658616529370838
SMPDL3B	-0.0659907994244501
SERPINE1	-0.0660072293502378
LY75	-0.0661981699195787
WASF3	-0.0662745884567647
SVIL	-0.0663632086324128
SLC9A7P1	-0.0664386643162858
ALDH3A1	-0.0664783887431921
PSD	-0.0664974700856816
PACSIN2	-0.0665159146759539
ZFX	-0.0665177510191783
SERPINE2	-0.0665243616714566
METRN	-0.0665267287451134
ANKRD31	-0.0665730878640427
ACTRT3	-0.0666001826738021
ENPP2	-0.0666187019304742
USP27X	-0.0666596929390497
FSD1	-0.0667296975457698
PVRIG	-0.0667607919476368
ARPC1A	-0.066787797636399
CYP51A1P2	-0.066868712030007
MAEL	-0.0668993591695598
PYGB	-0.066917939510765
ZNF714	-0.0669542139945527
TMEM87B	-0.0669813416897786
ZKSCAN2	-0.0670402380678219
TOMM20	-0.0671589655734738
AKAP7	-0.0672224123240916
CENPVL3	-0.0672229499821054
TSPAN19	-0.0673155238710692
POLR1HASP	-0.0673278646143812
TNFAIP8L3	-0.0673377900109782
NOTCH2NLC	-0.0674075619732632
LENG1	-0.067481601532214
SOCS5P4	-0.0675830959257543
EPDR1	-0.0676246109741544
ADAMTSL2	-0.0676330048247093
H2AC11	-0.0676544177864256
GPT2	-0.0676626432371747
CYCS	-0.0676906165986986
DEAF1	-0.0677011709498722
SETD7	-0.067748011278019
INTS11	-0.0679645945764013
SPTSSA	-0.0679859719587168
SPATS2	-0.0680772033765759
ZNF276	-0.068097181479644
CABLES1	-0.0681446364958208
PPIEL	-0.0682199144752113
WARS1	-0.0683486689379726
ALX3	-0.0683526865735077
ALB	-0.06835922335065
FAU	-0.0684234018080242
VAC14	-0.0684368217196351
EDRF1	-0.0684419195858689
HCN2	-0.0687324021866433
TEX9	-0.0687389393671694
MAB21L4	-0.068838226267486
CYB5B	-0.0688446779243286
CD69	-0.0689262382846331
ZFP2	-0.0689672666309601
FZD7	-0.0690275597348287
PHF1	-0.0690291379100541
ZNF689	-0.0690809975399204
DPH7	-0.069162532678645
CLN6	-0.0692288041973649
GUCY2D	-0.0692897218808072
ECHDC1	-0.0693028879525187
TMEM130	-0.0693485962034594
SAP130	-0.0694107859028231
TMEM107	-0.0694508217738398
TSSK3	-0.0694869941809379
SLC7A2	-0.0694939665313806
DYNLT3	-0.0695002783946168
FOXC2	-0.0695142228788625
FBXL16	-0.0695813317773152
PTGFRN	-0.0696128202000807
GAB4	-0.0696401230552066
SLC14A1	-0.0696694650341823
ARFGEF3	-0.0698405671256829
RALB	-0.0698774801914235
ZNF367	-0.0699342767289705
PTGDR	-0.0699610110943775
PHPT1	-0.0699823207992221
DNM1P47	-0.0701992381729395
NPY1R	-0.0702073501556172
LPIN3	-0.0702099366816158
CHD2	-0.0702300909710559
AOC3	-0.0702888479163955
UBXN7	-0.0703850855535505
COX19	-0.0703882120067077
RALGAPA2	-0.0703960384499926
TMEM181	-0.0703994836037831
CCDC7	-0.0705276333409219
FLNC	-0.0705719726542835
GPX1P1	-0.0706722241171931
OR7E29P	-0.0706869963201066
ZFAND3	-0.0707392877820948
ADORA1	-0.0707740871953304
AMT	-0.0708458861415953
TAS1R3	-0.0708696009533105
MAGI2	-0.0708863173545975
ZBTB12	-0.0709440703277847
RPS2P29	-0.0709540439467852
INKA2	-0.0710752878367125
TGFB1	-0.0711006880388934
DCLK3	-0.0711129336999959
CDK19	-0.0711403969860498
SMAP2	-0.0711764143931031
FAM135B	-0.0712824465632785
GNAI2	-0.0713074558183163
DDX11L2	-0.0713138575672409
TNFSF9	-0.0713749616290678
FURIN	-0.0714055343964776
RIC3	-0.0714254394805493
RBL2	-0.0714579231300499
NAPSA	-0.0714883050771454
ADH4	-0.071504500077666
PRDM12	-0.0715074434642913
MYADM	-0.0716406639824626
CD200R1	-0.0716417681663154
PTGES3L-AARSD1	-0.0717189246401258
ZNF860	-0.0718196155391955
PBDC1	-0.0718534791622973
EXOSC1	-0.0718902861036929
WDR31	-0.0720965691819589
ZNF699	-0.0721695805540009
CAMSAP3	-0.0721737326085393
BRF2	-0.0721813315206863
GDAP1	-0.0722322102049371
DHX36	-0.0722487414568741
TGIF2	-0.0724165590961385
TAL2	-0.0724507523782152
USP18	-0.0724676886949843
LYSMD2	-0.0724739807704729
BRSK2	-0.072475224191913
GOLGA3	-0.0725212336348861
BARD1	-0.0725400645873524
GCLC	-0.0725515618504825
CDKN2B	-0.0726101598784839
FUOM	-0.072636398768795
PIERCE2	-0.0726369908968702
PNMA5	-0.0726434954239231
PLAGL2	-0.0727099626220707
FTH1P20	-0.0728283634725019
PWWP3B	-0.0729289186925554
CISD2	-0.072950206318426
KLHL24	-0.0729837814680745
GPM6B	-0.0730531429608294
AKR1B10	-0.0732136141017635
RAD51B	-0.0732945450546572
TEX19	-0.073318579195776
CENPM	-0.0734373039300441
HSD11B2	-0.0734440468804546
CD38	-0.0734658206293022
GPR19	-0.0734857282070813
ADCK1	-0.073493979502293
CACTIN	-0.073526578473432
KRT8P3	-0.0735741758859613
H1-5	-0.0736037929865913
ADCY7	-0.073662347228497
SRP9	-0.0737440465245027
EFEMP1	-0.0737994955947425
AMER1	-0.073807947596214
PHRF1	-0.0738234131419656
KLF7	-0.0738598199100008
SASH1	-0.0739222086648998
SLC30A4	-0.0739369326840343
KLC4	-0.0739382747582278
BRI3	-0.0739404643995585
SPINT2	-0.0739793173377546
NOTCH1	-0.0741389011818884
SELENOI	-0.0741597306240103
SPEM1	-0.0741841858132362
ZFP62	-0.0742342221587531
C14orf39	-0.0742781151236484
TCEAL3	-0.0742781483260786
RASSF1	-0.074315366446546
ADGRE2	-0.074442720634474
LPAR4	-0.0745057291948774
KLHL29	-0.0745694383018477
CIZ1	-0.0745898443122795
CEP85	-0.0746117717946827
CNPY2	-0.0746874186173554
WASHC1	-0.0746980824010874
ZNF816	-0.0746986000013619
SLFN13	-0.0747192706705655
FAM118A	-0.0748236886479075
NPIPB9	-0.0748289189012127
TPI1P1	-0.0748315364721533
JAK2	-0.0748908537448437
CNOT8	-0.0749614447981036
ZNF563	-0.0750064120034376
NAV2	-0.0750546427610813
DCBLD2	-0.0751158900206749
NFKB2	-0.0751610440791734
WFDC3	-0.0752266924556769
UGCG	-0.0752419604984696
DAAM1	-0.075252220828975
MAPK8	-0.0752787748975825
ZNF703	-0.0752903822480585
XPO6	-0.0752912343643365
EFCAB15P	-0.0753418504597064
RPS20	-0.0753820235321208
NELL2	-0.0754366328813243
COL18A1	-0.07544878070078
ANKRD33B	-0.0754645181420753
DET1	-0.075654039625492
MTARC2	-0.07568590703697
SPATA2	-0.0756935606023742
NPIPB4	-0.0756948598556814
RPS24P8	-0.0758637671914836
HSPB6	-0.0759159779422348
ENTPD2	-0.0759326570216769
MEAK7	-0.0759393918076937
VPS35	-0.0760004095520561
ZNF592	-0.0760971214786225
MFAP3	-0.0761144642729099
NIBAN1	-0.076121609158362
F2R	-0.0762166128279348
FREM3	-0.0762219424111136
ZNF660	-0.076368910196901
INAFM1	-0.0763772457746401
CYFIP1	-0.0763874780184019
CCDC28A	-0.0763956231022276
ABCC12	-0.0764052990008069
ANO10	-0.0764176244645242
DNMT3A	-0.0764211696458043
ODAD1	-0.0764473221235082
ACHE	-0.0764599092449174
ZNF442	-0.0764648059123958
TAF10	-0.0765731063073219
TPM3P6	-0.0765837487263979
H3P36	-0.0766187606561365
STARD7	-0.0766372473033225
CD247	-0.076728359320206
SMG1P1	-0.076840661698815
ZNF488	-0.0769120906318855
TMC1	-0.0769362763543267
SLC44A3	-0.0770408880460621
SAP25	-0.0770939181597217
PPP1R3C	-0.0771714263475825
LRRC69	-0.0771939469903265
LIMK2	-0.0773509449816666
SNX15	-0.077367160304978
H3C6	-0.0773712134187141
MAGEB1	-0.0774500931772921
UNC13B	-0.077493348386983
ZFHX4	-0.0775346586240029
PRDM15	-0.0775499117837375
DHRS11	-0.0775880806164482
IGF2BP3	-0.0776147724070623
FLOT2	-0.0777070697371848
MFAP2	-0.0777183491288882
TP53RK	-0.0777394501521331
PRAF2	-0.0777414992047589
FAR2	-0.077742080156606
SERPINA11	-0.0777506955016368
PIMREG	-0.0777763901413134
CEACAM22P	-0.0777960776662542
DDX11L10	-0.0779990880428269
MFSD5	-0.0780379654504942
NR2C2	-0.0782052535217388
GPR142	-0.0782961427312956
FAM76A	-0.0783205511819331
TYW3	-0.0783807439890237
MTBP	-0.0784573920113608
CGB2	-0.0785194717486339
PNMA8C	-0.0785469760808132
CAPRIN2	-0.0785955956936835
RDH11	-0.0787107947269483
ZDHHC6	-0.0788046358685099
BDH2	-0.0788137162720238
SCOC	-0.0789274603667956
CLSTN3	-0.0789476961283229
PGBD2	-0.0789831976348462
RPL10P15	-0.078984921171073
MEX3B	-0.0790466966256504
DPY19L3	-0.0791906936386592
PRSS53	-0.0792992678627286
PPP4R2	-0.0793233880853536
ZNRF2P2	-0.0794209354125646
TNS1	-0.0794655879579063
FKBP15	-0.0795348758337187
TTPA	-0.0795819243656758
LYSMD3	-0.0795949329540843
PRSS16	-0.0797259369654929
EZHIP	-0.0797816638078771
HMGB1P1	-0.0798005485841674
KIAA2013	-0.0798956726400271
SPATA6L	-0.0799203182387609
ALDOA	-0.0799471104252647
ETV7	-0.080005830819607
STK38L	-0.0800123625277664
CDH17	-0.0800645966758039
PSORS1C1	-0.0801006243845371
TOR3A	-0.080105078896437
RNF208	-0.0801890116067993
TREX1	-0.0801917098377347
GPX2	-0.0802435987497725
HS1BP3	-0.0802551442481511
EFCAB6	-0.0802557855922568
ZNF682	-0.0803018910693046
RNASEK	-0.0804150163257506
SMARCD1	-0.080436756578145
FLYWCH2	-0.0805231690645076
PCDHA8	-0.080546814193832
SNRNP200	-0.0805589289389654
PI15	-0.0806183785397763
DCXR	-0.0806752929276981
GRK6	-0.0807034845992977
MSANTD3	-0.0807536530688549
PDE5A	-0.0807673114722371
EARS2	-0.0807732689955499
DTNB	-0.0808357763397214
ALPK2	-0.0808855924756002
YY1	-0.0809302197338766
TP73	-0.0809749165029161
KHNYN	-0.0809810934747795
ERCC6L2	-0.0811366452149709
SMIM10L3	-0.0811439878812417
NPY2R	-0.0811902684661205
ZCCHC24	-0.0812632769492392
RPS6KA3	-0.0814631780164909
TRO	-0.0816072357976908
RAB12	-0.0817655864612171
SMURF2	-0.0819055523117911
NAP1L1	-0.0820077712214649
SNRPD3	-0.0820100311271854
STK38	-0.082148179244874
ECI1	-0.0821928999453627
NME6	-0.0822240120344017
COPG2	-0.0823171044918299
GPR68	-0.0823179259762361
IGF2BP1	-0.0823679418565417
VN1R81P	-0.0824211541513554
SLC1A2	-0.0824272832277633
CGAS	-0.0825214270520623
ZRANB1	-0.0825404195542005
TXNDC2	-0.0825549469041212
CAMKK1	-0.0825722862505512
SLAIN1	-0.0825747257429928
FAM229A	-0.0825813993343494
SYVN1	-0.0827230082819802
USP14	-0.0828313674558154
HMGB2	-0.0828423411820494
DAPK3	-0.0831915278153579
UBE2D1	-0.0832941535251077
CEP350	-0.0833571126571815
IGHM	-0.08338767613706
STXBP6	-0.0834460213291594
SIMC1	-0.0835361537672657
TPCN1	-0.0835411740117727
ANXA11	-0.0836637233806663
DPPA5	-0.083735978944288
ZACN	-0.0837382675810561
BSN	-0.0837779789886717
PGBD1	-0.0837779947766646
ATP2C2	-0.0837904429676766
PTP4A2	-0.0838529328697448
TK1	-0.0839251438388802
CTNND2	-0.0839472363567815
AMFR	-0.0841230386390854
MED31	-0.0843279484725013
CRELD1	-0.0843856149787561
ZNF16	-0.0844700868777782
NMRAL1	-0.0844963270151624
CACFD1	-0.0845284379965467
CIDEA	-0.0845471140996074
TRBC1	-0.0845690574911863
SGPL1	-0.0845878910209456
ESYT2	-0.0846784811736936
DAP	-0.0846938399188539
TECTA	-0.0846992643700724
TUBGCP6	-0.0847023568634466
DHX34	-0.0847362602660038
TUBA8	-0.0847835138379113
H3-3A	-0.0848311733057651
ARPP19	-0.0848525173450199
NAXD	-0.0848659152087882
TRPS1	-0.0848821732757444
RBM23	-0.0848892863248496
ZBTB9	-0.0849177551953391
TRAPPC11	-0.084932045947437
ALDH3B2	-0.0849603886043584
CCR8	-0.0849632179489064
GMEB1	-0.0849982532649491
TMEM170A	-0.0850222740191507
TRBV26OR9-2	-0.0850550379756851
KRBOX5	-0.0850905590975588
CARNMT1	-0.0851864962511384
IST1	-0.0852838376839752
USP17L6P	-0.0853034140008611
CHST15	-0.0855078274185457
ADAMTS17	-0.0856309462151006
BCL2L1	-0.0856892403878688
YPEL5	-0.0857176895513012
HSPE1P3	-0.0857342403971255
RBM19	-0.0857343227464803
ABHD1	-0.0858479882130768
TMEM262	-0.0858518144214489
SCO2	-0.0860281946279975
TMEM182	-0.0860841577592713
ZNF282	-0.086296860801618
TUBGCP5	-0.0863458120755454
RPLP0P2	-0.0864545865433224
SCN9A	-0.0864930169029586
DNAH5	-0.0866115495594563
TYRO3	-0.0866775696704637
RMC1	-0.0867209513455536
HTR7P1	-0.0868623673237624
BCO2	-0.086972263576157
CIMAP2	-0.0870020000200401
C3P1	-0.0871042347151532
SEPSECS	-0.0871884419794535
PCYT2	-0.0873197818417689
RANBP6	-0.0874175306005397
NSD2	-0.0876202840119379
PSIP1	-0.0876706180779731
CYBRD1	-0.087765730182723
SERPING1	-0.087886150800475
GOLGA6L4	-0.0879359182017407
ZNF710	-0.0879852435681958
PEMT	-0.0880715406615502
KRTAP5-10	-0.0880775106922988
PLCH1	-0.0881302213318492
RARB	-0.0881667157763531
PAX4	-0.088209272167844
MTND4P12	-0.0882134883746303
DYNC2I2	-0.0882193075288905
CCDC63	-0.088269829563019
ABCG1	-0.0883380768999995
RALGPS2	-0.0884224810900053
CDK2	-0.088512946590024
RBM20	-0.0885533889401486
RAB36	-0.0886033833205751
ARF1	-0.0886289706069327
CMTR1	-0.0886300482742735
NEMF	-0.0886428134199064
PGRMC1	-0.0888265351760472
SMN1	-0.0888467390602308
PRPF40B	-0.0888565798730036
PMPCB	-0.0888757852226108
EMSY	-0.0889128443292496
CENPI	-0.0891104531869144
ZFPL1	-0.0891350260661291
SDHD	-0.0892150449168052
CATSPER4	-0.0892371810735019
WSB2	-0.0892641278682791
ZNF260	-0.0892672975158241
CUTC	-0.0893822766948446
SEC16A	-0.089424948896036
IPP	-0.0894462946542891
SMAP1	-0.0895879342691896
RGPD3	-0.0896617087102111
TTC32	-0.0896816812298347
DHX40	-0.0897494853420951
NWD1	-0.0898006339741615
VAX1	-0.0898165438531992
MSH5-SAPCD1	-0.0898441106420274
EPM2AIP1	-0.0899563314804913
HCRTR1	-0.0899900938668778
CAPN9	-0.0900947811942946
PARP11	-0.0901514190236316
SPMIP4	-0.0902482296328923
EXOC2	-0.0904194383088908
HDGFL3	-0.090470558310327
LDB3	-0.0905108934335961
SIRT4	-0.0905735119281247
PLP2	-0.0906018641765629
TDRD9	-0.0906642199279337
GABRG3	-0.0907337456638492
RPL23AP47	-0.0907695662741692
KPNA4P1	-0.0908041742070954
AKAP5	-0.0908102236249795
PSEN2	-0.0908834470878175
ATXN7L3	-0.0908885083350769
MINAR2	-0.0908906242994398
DCAF16	-0.0909189783085283
IL1R1	-0.0909356204707382
ARL2BP	-0.0909520468851773
INPP5A	-0.0909573244153712
CTF1	-0.0910072963300799
USP36	-0.0910132625684535
CFAP206	-0.0910862573234178
RPL13A	-0.0911628156374623
ZSCAN1	-0.0912070128692778
PPEF2	-0.0912283392862714
PSPN	-0.0912296244193592
MEX3C	-0.0912974454967803
TOP1P1	-0.0913123336183764
LUC7L	-0.0914219974249166
KIF3B	-0.0914679595795715
RAPGEF5	-0.0915256740801458
CPPED1	-0.0915543625598286
KCNIP4	-0.0916405183257755
IP6K3	-0.0916439662376379
JAML	-0.0916748328129947
HELT	-0.0917011639485816
DOCK1	-0.0917618373049811
TGFBR3L	-0.0917738295809932
SPSB3	-0.0917975786254006
SIAE	-0.0918097598678358
KDM7A	-0.0918271833750865
FSIP1	-0.0918772483631755
HDDC3	-0.0919723315114433
TRIB3	-0.0919745759711472
TMSB15C	-0.0919835798955086
ALG9	-0.0919956386728072
EIF4EBP3	-0.0920248609410362
UBP1	-0.0920723056758693
HIF1A	-0.0921323228699478
MAGEA11	-0.0921500997507347
ERCC8	-0.0921522004086173
TOR1B	-0.0921634944694307
WFDC2	-0.0922395014560645
CDK18	-0.0922786193823314
RPL32P18	-0.0923819773415463
FANCM	-0.0924053506323731
HAL	-0.0925617374587628
SLC1A3	-0.092581516518054
C1QTNF9B	-0.0926200399241632
SAP30BP	-0.0926759873618153
ZNF737	-0.0928154122682058
RRP7A	-0.0928948550801242
KRT80	-0.0929575485158308
C1orf43	-0.0929704544076124
RABGEF1P2	-0.0931384411421974
ZBTB7C	-0.0931508642825197
HS6ST1P1	-0.0931622362064334
UBE2V1	-0.0931823199725528
MED23	-0.093209131933775
ZNF658B	-0.0932341267487386
PPP1R14C	-0.093260972950368
PREPL	-0.0932683918224236
AJM1	-0.0932780744120564
ZNF623	-0.0933700940103614
PHACTR1	-0.0934104189351753
RCN1	-0.0935211787636408
C1orf115	-0.0935427288636447
SPOCK2	-0.093546271542276
ENTPD7	-0.0935532697419657
EIF2S3	-0.0935888062130367
FADS3	-0.0937051509232654
R3HDM4	-0.0937104333915776
CPO	-0.0937560987679348
ZNF705D	-0.0938192216635817
PRR36	-0.0938383856351028
PEBP4	-0.093874478130709
ANOS2P	-0.0938917307207852
ZNF470	-0.0938994914009841
TRIM38	-0.0939279632054701
DCTN4	-0.0939403338339984
TRMT2B	-0.0939811471774714
CDHR3	-0.0940998665963552
ADRA1A	-0.0941276113650327
SBK1	-0.094162276251594
CAPS	-0.0941692805128614
INTS4P2	-0.0942301637310826
IFT80	-0.0942598574031561
TAF1D	-0.0942915489955974
PPP4R1L	-0.0943373754197062
PROC	-0.0944213697199927
GEN1	-0.0944528570999972
FAM83H	-0.0945106389015219
CREB3L2	-0.09452739856408
LINC00869	-0.0946161924146556
TCEANC	-0.0946640191221667
ZHX3	-0.0946665097281547
RBBP4P1	-0.0946863020574512
RPS6KA2	-0.0947373715956085
GOLGA6L7	-0.0947393754317711
C11orf91	-0.0947692140127842
CWC15	-0.0947875914690355
RNF185	-0.0948080330578786
NPY5R	-0.0948202593028667
USP19	-0.0949172856687483
CD160	-0.0949828563247131
MATN2	-0.0950596584039845
FAM107B	-0.0950609819602922
RPL5P30	-0.0951188575918998
TMLHE	-0.0951209846383042
PIGT	-0.0951287308617365
NPM1P7	-0.0951412624013289
RNASEK-C17orf49	-0.0952012287307557
NEGR1	-0.0952673475075058
FBXW9	-0.0953235781753302
NPEPPSP1	-0.0953397881637007
TMSB4Y	-0.0953896762296971
ADAMTS5	-0.0953940512386284
SMIM17	-0.0954231547490932
PRICKLE4	-0.0954841264492028
NDUFS7	-0.0955661347117687
MPHOSPH8	-0.0956049375880048
NPTXR	-0.0956193363115093
ARHGAP30	-0.0957927143853828
ZNF334	-0.095835538409109
ULK4P3	-0.0959324580653706
AKAP13	-0.0959400275333723
YIPF2	-0.0959469893346793
CDK4	-0.0960861087447213
SHISAL1	-0.0961501331456405
TNFAIP2	-0.0962482618164416
ALOX15	-0.0963279384495677
FAM156B	-0.0963708604663136
CTBP2P7	-0.0963850135906948
WNK4	-0.0963926079954523
FILIP1L	-0.0964145254825925
FGFRL1	-0.0964200174095455
NDUFAF4P3	-0.0964743077892329
EPPK1	-0.0964969804172221
ATF1	-0.0965756733362599
RRM2P3	-0.0966678627471591
CCDC107	-0.0967528448558855
KYNU	-0.0967614394512438
PIGL	-0.0967667416871439
LIN9	-0.0967845817613159
ITLN2	-0.0968008191981023
C1orf54	-0.0968491234582609
SNAI1	-0.0969989630941586
RPS6KB1	-0.0971713809887223
ZNF45	-0.0972158442647359
FLNA	-0.0972572173470095
JRKL	-0.097341176089557
P3H4	-0.0973991233232114
PSMD12	-0.0975089080086347
CSGALNACT2	-0.0975561408071288
RPH3AL	-0.097563248841387
GHDC	-0.0976219280991195
GTF2H5	-0.0977005925692715
HLCS	-0.0977024036381209
PNISR	-0.0977535958499506
SLC30A3	-0.097770508282083
SLK	-0.0979059139798316
SKOR1	-0.0979065904414941
KRBA2	-0.0979276485439774
ESS2	-0.0979702792407991
STRIP2	-0.0979863903650496
CFAP210	-0.0980179365040894
ZNF319	-0.0981408695272225
NPIPB13	-0.0981452182993381
ANKRD20A11P	-0.0981974326529035
FGFBP2	-0.0982366458353606
VPS36	-0.0983033097332228
SLC7A11	-0.0983258588093524
PCGF6	-0.0983279463229047
FAM161B	-0.0983895668455812
OSBPL1A	-0.0984014556168284
SLC6A2	-0.0985908198559398
KCNE5	-0.0987432858180306
HMGA2	-0.0987638480921023
RASAL1	-0.098775745061903
ABTB1	-0.0988256778692907
COPZ1	-0.0988729771380891
STX3	-0.0989691847910537
MTHFSD	-0.0990400777566633
PLCB1	-0.0990512519229059
SLC17A6	-0.0990619953628867
C2CD5	-0.0991365768328881
MFSD10	-0.0991875901084135
CIMIP5	-0.0992003635044436
SEC22B	-0.0992664055225108
RNF6	-0.0993889543699293
GPR141	-0.099407253809584
SYF2	-0.099611378568926
SRSF5	-0.0996545541217689
STING1	-0.0997866587883273
RAC1P2	-0.099858999018502
BRINP3	-0.100027544751579
CGB7	-0.100078279026142
MEOX1	-0.100115499026566
SLC5A12	-0.100175087921848
PTMA	-0.100183631224371
IQCG	-0.100257069479184
TTC7A	-0.10038065853207
DYNLT4	-0.100460236208858
ERAS	-0.1004709206515
FOXO6	-0.100553306518316
RTP1	-0.100583376311942
SCEL	-0.100603071909618
TMEM266	-0.100697119851871
RUFY1	-0.100732192330767
ZNF219	-0.100764139807565
ORM2	-0.100808190009912
DNAJC6	-0.100813791662297
HYDIN2	-0.100878911902579
ABCG2	-0.100881712694121
ETV3	-0.100978090099052
CDKN2AIP	-0.101013784288365
PARD6B	-0.101103963360805
ABCB9	-0.101162560295775
HTR4	-0.101238583226065
GADD45B	-0.10124434049764
LRG1	-0.101312430605121
TMEM168	-0.10134845493502
ZNF628	-0.101370373477033
CDC42EP1	-0.10137397503296
OR13A1	-0.101476969682872
GAL3ST3	-0.101510817286106
H2AB3	-0.101631274568725
SUPT16H	-0.101776375576603
ABHD13	-0.101800332982837
CLSTN2	-0.101845770084061
EMP2	-0.101858846018577
C11orf52	-0.102013950441097
ETFBKMT	-0.10205435149002
EEF1A1P9	-0.10209562634755
FOXQ1	-0.102154579996779
CCDC162P	-0.102169180452739
DNAAF19	-0.102186526357056
SPRED3	-0.102207133570995
LRRC3	-0.102327253135044
SDS	-0.102346205696928
PKD1P2	-0.102439440193088
ZNF700	-0.102451612588904
FOXL1	-0.102500726609634
PEX12	-0.1026401795442
HAPLN2	-0.102746721783444
ZNF653	-0.102752810295108
ESF1	-0.102912570896391
HTR1E	-0.102964449055803
LNX2	-0.10306046475066
SDR42E2	-0.103074734327668
ZNF763	-0.103087887485044
EIF4ENIF1	-0.103257681786136
ERI1	-0.103370754328464
ABHD17B	-0.103402109469765
CNTN3	-0.103588076863018
UMAD1	-0.103653280385906
PRDM11	-0.103665005752052
CRPPA	-0.10374318828587
MAPK12	-0.103744706417922
DNAJC3	-0.103847318795001
B3GNT3	-0.103853652392721
PCDHB4	-0.103953201003374
AGO1	-0.104046610367478
SMDT1	-0.104052762106788
ZNF887P	-0.104092809805927
RBFA	-0.104120987685924
C19orf18	-0.104139456482359
FN3K	-0.10414429125555
ALG2	-0.104147037166479
LPAL2	-0.104285176865862
SPMIP9	-0.104287146042244
H2BC18	-0.104296603343279
PYM1	-0.104394414422271
GPATCH1	-0.104411433712435
PARVG	-0.104442367933971
OTUD4P1	-0.104504659288827
TRMT10A	-0.104529685243994
UVRAG	-0.104617039992962
ZMYND19	-0.104627186165353
ALKAL1	-0.104638284741074
LINC02881	-0.104890562116802
SREK1	-0.104955013118098
TBX22	-0.10495668637373
GNS	-0.104988858048682
ZNF736	-0.105209231699437
ABL2	-0.105209787235331
PTGR1	-0.105241146164561
KCNG2	-0.105361489951394
ATXN2	-0.105378904654945
YEATS2	-0.105431671406841
STAC3	-0.105510491038677
SERPINE3	-0.105551247040056
DDX12P	-0.105553050177268
YDJC	-0.105646840050353
TXNDC15	-0.105780023081923
CIT	-0.105816715990214
BRD7	-0.105936153307896
CEP250	-0.105990331832156
ARMC8	-0.106001211501126
BLVRB	-0.106034163317637
KIAA1614	-0.106146322498579
FRMPD1	-0.106148489553785
RNF121	-0.106151916406582
ROCK1P1	-0.106225395290858
RBPJ	-0.106230905817992
SAMD10	-0.106271659224875
RNF146	-0.106441591149337
ORAI2	-0.106554112070704
CD276	-0.106556913632918
KDM3B	-0.106610329817991
CHD1L	-0.106745970984491
KLK8	-0.106770077738577
APEX2	-0.106837272825606
TCF12	-0.106876605043194
CLINT1	-0.107006207309881
SLITRK5	-0.107029292301223
PDLIM4	-0.107071886318295
ZFYVE16	-0.107073336994587
AP4E1	-0.107123138689923
TBC1D29P	-0.107221679544373
MDM1	-0.107252878803307
TCTN1	-0.107345148763073
LMOD2	-0.107354118095559
VWA1	-0.107420152784567
GNG13	-0.107421606820844
TMX1	-0.107439451398241
ARHGEF35	-0.107491644777336
CYREN	-0.107513914986326
ARL2-SNX15	-0.107612181784486
SNTN	-0.10783482472262
KIAA1191	-0.107853095575737
SLC25A24	-0.107861768919253
TCEA1P2	-0.107882558072581
POLD4	-0.107938058933331
PRR5-ARHGAP8	-0.108124066950989
CALHM1	-0.108158004268299
MTERF2	-0.108337441490225
ZHX1	-0.108351726934104
HERPUD2	-0.10836131363197
ZNF212	-0.108389223237486
CTTNBP2	-0.108394820491123
WBP4	-0.108401015526749
VCX	-0.108420434283107
SUPV3L1	-0.108433508589699
CFAP73	-0.108441078200174
MYCL	-0.108497466160986
ITM2B	-0.108572112801002
ZSWIM6	-0.108678069159402
ZNF721	-0.108705300079929
PYDC1	-0.108723707531304
DVL1	-0.108859311514988
SDHAP4	-0.108916665865723
TYMS	-0.109024362010761
MBD1	-0.109034860513524
CFL1P1	-0.109048326616277
MYH6	-0.109097585376286
ZSCAN21	-0.10911709224099
CD6	-0.109251603625801
WDR4	-0.109432520271699
EIF3K	-0.109446989474584
CYP39A1	-0.109473296290501
OSBPL9	-0.10955458683003
CWC22	-0.109571155856991
TRAPPC10	-0.109591671079794
KCTD11	-0.109592901577631
NAT9	-0.109855039469655
LBHD1	-0.10986314986206
POLM	-0.109899815759477
ACVR2A	-0.110041266791286
HELQ	-0.110081247439839
CYP4F29P	-0.110100148714615
HNRNPLP1	-0.110113673622992
SLC52A2	-0.11013815070482
PABIR2	-0.110163281700562
LAMA2	-0.110245865779103
C4orf46	-0.110480682857089
USP12P1	-0.110491895315769
CDC42BPA	-0.110525721009395
SYCE2	-0.110874696937821
FBXO32	-0.110956688104811
ZNF254	-0.110977463795927
MIEN1	-0.110995070071673
RASGRP1	-0.110999822104705
ZNF253	-0.111019270108153
ATP1A1	-0.111046249920647
LGMN	-0.111083930121361
TLCD3A	-0.111126210701765
KRT18P59	-0.111126944149018
ADM	-0.11119680863358
PLPP5	-0.111260132636706
SPDYA	-0.111285960999002
PRKAR1B	-0.111322002469537
RIPK3	-0.111421785205226
DDX55	-0.111425877115061
SLC10A3	-0.1114598580643
PPP6C	-0.111470112358633
RABGGTA	-0.111556249763898
ANKRD18CP	-0.111588539357294
F12	-0.11159409905065
DOCK8-AS1	-0.111605918549678
KLHL6	-0.111726680517195
COL22A1	-0.111876053325788
GINS3	-0.111878790583495
ZCCHC4	-0.111929797004803
CNTNAP2	-0.111933350077212
NDUFA9	-0.111991976062199
ORMDL2	-0.112034126085467
MFSD6L	-0.112051744676979
MTMR1	-0.112066440937997
FCHSD1	-0.11208796268622
GALC	-0.112121273052021
WIPI2	-0.112124760332549
SEC22A	-0.112188903784316
TREML2	-0.112196051275048
PLSCR3	-0.112207538621243
ATG4A	-0.112317921889212
TIMP4	-0.112329426469513
UPRT	-0.11237383923294
PTOV1	-0.112391087516801
MYOF	-0.112452728528142
LINC00680	-0.11246705749405
MARVELD1	-0.112480470818936
HERC2P3	-0.112663108309598
ZNF490	-0.112678522093506
RNF34	-0.112883578985285
RASD1	-0.112902243882934
SLC43A1	-0.112992351715792
JMJD8	-0.113014058522824
DDX19B	-0.113084799072637
DGKA	-0.113108069755497
CKMT2	-0.11315603181555
SPATA33	-0.113179729347095
MKRN2OS	-0.113242269306905
GARIN1A	-0.113272824356936
CST6	-0.113312862504578
ZDHHC24	-0.113322669984151
TMEM80	-0.113369131806473
NEMP1	-0.113433696529346
TNFSF18	-0.113531747654774
CABIN1	-0.113562040377163
EVA1C	-0.113660243247155
SUZ12	-0.113781042241877
FAM120C	-0.113801608425621
H2AC17	-0.113940064037897
RUSC2	-0.113981928017346
MEMO1P1	-0.11398417000659
PPFIA4	-0.114071526350601
EIPR1	-0.114085065973517
ZFYVE9	-0.114103301692801
SNX19	-0.114274357493145
DNAH8	-0.114378639842418
STAG3L4	-0.11438318725846
RAP1GAP2	-0.114406525200945
NMI	-0.11443686798149
UPF2	-0.114484448815752
BTG4	-0.114496942983451
TMTC2	-0.114504993843933
SMARCE1	-0.11451588360297
SLC37A4	-0.114550123138112
NHEJ1	-0.114618491477166
RABGAP1	-0.114672822742707
RAB11FIP2	-0.114696372043065
HNRNPA1P7	-0.114725676930733
NUB1	-0.114760911671473
DNLZ	-0.114828661567016
PAK4	-0.114838850260392
AP1S3	-0.114927845481776
SHOC2	-0.114983695534155
AOX1	-0.115016907157053
BCAP29	-0.115168970429879
HIPK3	-0.115182043298432
H2BW3P	-0.115364523908117
IGFL3	-0.115390001071211
FAM161A	-0.115462797563152
UPF3B	-0.115477013099476
AGTPBP1	-0.11548872019862
DBX2	-0.115538808794761
TENM1	-0.115620330816545
FLT3LG	-0.115708207543866
SBDS	-0.11573358677284
MCUR1	-0.115773572780806
GUSBP9	-0.116014655707381
SUSD5	-0.116097546934854
DHX32	-0.116175758447928
ANO4	-0.11645454453084
GANAB	-0.116493345288592
SLX1A	-0.116666528454687
TUBAP13	-0.11667187391543
STARD9	-0.116688607087844
MYOZ1	-0.116795613161083
FAM90A13	-0.116801026725722
NCOA4	-0.116841715433853
TUBB8P7	-0.116964097233487
PLEKHA2	-0.117008542979636
SPTLC3	-0.117035844548809
NEXN	-0.117105925365792
SLC47A1P2	-0.11719750358475
ZDHHC16	-0.11722927386101
C2CD3	-0.117292864382323
SEC22B2P	-0.117368846251321
PRELID1P4	-0.117452868850726
SERPINB1	-0.117455672591616
KLHDC8B	-0.117463297793634
ZNF30	-0.117562332083717
SNX30	-0.117585423964622
ZNF2	-0.117595269595132
MACO1	-0.117602698136623
MFGE8	-0.117634552654143
LGALS3	-0.117716680128134
ANKDD1A	-0.117732019756037
HOGA1	-0.11777714319286
ZNF267	-0.117876580839318
ZNF572	-0.117914419150802
ANKRD30BL	-0.117958013054967
PLEKHA5	-0.118028737705507
ADCK2	-0.118047130851579
ZNRF3	-0.118165833696756
EP300	-0.118173198684849
GRID2IP	-0.118316314282318
OVOL3	-0.118328931262117
SCD	-0.118501223586606
SMIM43	-0.118527335520469
BRAP	-0.118545028587754
DARS1	-0.118571503688543
HEATR3	-0.118641198243632
OXSR1	-0.118692562927141
KL	-0.118700015877288
PCDH1	-0.118700424378705
SPIN4	-0.118715388175985
PCP4L1	-0.118793151992182
FOXB2	-0.118795957188055
HSD17B7P2	-0.118804802883873
MTMR2	-0.118846511464326
OR2W3	-0.118871629224509
SF1	-0.118993981041643
QDPR	-0.119027370807097
RAD9B	-0.119052716481632
BCAT1	-0.119060194354652
KLK3	-0.1190614135556
CHN2	-0.119109638827577
CROCC	-0.119128180361526
CLIC6	-0.119135753573226
CYP2D7	-0.119183426167446
GCLM	-0.119190993107518
GGT3P	-0.119221648351694
MTERF4	-0.119250469853141
HECTD2	-0.119250680161857
DENND5A	-0.119315090934168
TBC1D23	-0.119457264819611
DNAJC5G	-0.119466229522953
SMIM1	-0.119690115622952
TSPAN15	-0.119720312474653
SYCP2L	-0.119820032536531
RENBP	-0.119848112088464
CTBP2P4	-0.119854354843196
SART1	-0.119861372172721
GAPDHP21	-0.119880661204162
CDC42SE2	-0.11989371027284
EGFL6	-0.119915883575186
TRIM11	-0.119916600929473
APPBP2	-0.119917578245124
CAMK1G	-0.119979009102498
LTBP3	-0.120188209708938
ATP6V1C2	-0.120288693812444
SPATA17	-0.120498176563009
RASSF6	-0.120664710020004
CACNA1E	-0.120835660123624
CEBPE	-0.120937517310931
EHBP1L1	-0.121018900673889
PRB3	-0.121022822711322
DCTN6	-0.121039271834007
NSG1	-0.121077251336551
NBEAL1	-0.121104634472981
CDC42EP5	-0.121158136488069
ENPP7P4	-0.121296956721528
BMPR1B	-0.12132696114465
ZNF91	-0.121371737440021
ARB2BP	-0.121586450659865
M6PR	-0.121596066844678
DDX60	-0.121658374008014
POGLUT3	-0.121685542606949
CLPSL1	-0.121765390860722
MGAT3	-0.121770665232016
TMEM141	-0.121779748506007
AMBRA1	-0.121797043562985
LGALS7B	-0.121802919729314
CNIH3	-0.121829052093291
ACLY	-0.121861241862283
SNRNP27	-0.12189743533583
GIPR	-0.121906281839882
RSBN1	-0.121942749589297
NFATC2	-0.121951350894305
ZNF160	-0.122038500445491
NAT16	-0.122081872589483
IGHMBP2	-0.122101032721925
MTMR4	-0.12211860589852
OR2W6P	-0.122142093450722
ASF1B	-0.122148295583442
CBS	-0.122291208864157
KLHDC1	-0.12232321457952
PORCN	-0.12232708979685
RRAGC	-0.122387274874844
ZNF518B	-0.122405108638214
PXK	-0.122476556435754
RNF217	-0.122490477295131
B3GALNT1	-0.122563311800387
MICALL1	-0.122569879561036
PRR29	-0.122612741875784
GJD3	-0.122813223324287
SLBP	-0.122926741513094
TNKS1BP1	-0.122934919451663
PLAC9	-0.122940385080777
TCEA1P4	-0.122943654001149
UNC93B3	-0.123038792028665
GCC1	-0.12306086380039
RPL32P2	-0.12318088401201
C8orf34	-0.123228429570272
PNMA3	-0.123237532438508
PPT1	-0.123266146073533
GALNT8	-0.123285223173484
SYS1	-0.123292356206276
SH3RF3	-0.123305190163711
KLLN	-0.123424095435049
IFT56	-0.123475037793449
USP21	-0.123701120097496
IGFBP2	-0.123743665309746
ANKRD35	-0.123774523157607
SNAP29	-0.123783202503789
PPP4R1	-0.12382016680084
ZNF285DP	-0.123823378224937
ABCG4	-0.123825183599542
FBXO48	-0.12390381569822
ANKRD39	-0.123914901433918
GSDMB	-0.123954594521142
YAF2	-0.123961106848731
ZNF416	-0.124017680275289
RTL6	-0.124197833797192
TPGS1	-0.124200172843856
MFSD14A	-0.124576953046805
ZNF33A	-0.124727241279578
LRRC51	-0.124732346578121
ZNF133	-0.125164178931032
MAGI1	-0.125188019447268
MRPL20	-0.125296013038133
ZNF524	-0.125374861274036
MIA-RAB4B	-0.125484520463907
ADAM29	-0.12550017541018
FERMT2	-0.125568657106494
PIGK	-0.125581153557451
ZNF891	-0.125610395786885
EBP	-0.125703017052008
ZNF236	-0.125744438773846
ELAVL3	-0.125775983450585
ZFPM1	-0.125858364732471
CX3CL1	-0.12587939749745
MDM4	-0.125958795152886
ZNF510	-0.126203376591851
GDPD1	-0.126208159500184
NADSYN1	-0.126245378596522
PEDS1-UBE2V1	-0.126248962740757
FAM174A	-0.126514543939807
C1QTNF1	-0.126516543601854
MRTFA	-0.126620874562207
MATR3	-0.126744205344667
SEC31A	-0.12676215803075
CCDC30	-0.126887399624206
FAM174B	-0.126967955246505
ZMYND8	-0.126992190084047
UBE2O	-0.127018151975319
TREX2	-0.127031090553072
HAS2	-0.127132048897262
BDNF	-0.127143039037365
RBM6	-0.127194793135314
UBQLNL	-0.12720606528388
SVEP1	-0.127245046391012
ABHD12	-0.127266469723446
IMPA2	-0.127273012345
GALM	-0.127298993984523
EAF1	-0.127345233895293
HDAC8	-0.127352557651576
TUBB4B	-0.127376294693606
ACSL3	-0.12744419595549
AP2M1	-0.127451543437943
ANTXR1	-0.127461972878334
SYTL5	-0.127482391694041
ZNF343	-0.127510390673103
TCP10L	-0.127582717607042
SLC1A4	-0.127585727986901
RUNDC1	-0.127611305001838
PCDH11X	-0.127753413580386
LRRC73	-0.127776831442597
FAH	-0.127826433330303
YAP1	-0.128055985358951
RAB3IL1	-0.128172165298726
EBAG9P1	-0.128174780588951
GGACT	-0.128244620768767
ZNF576	-0.128259204763731
FBXO38	-0.128307684721615
ADAMTSL1	-0.128418455207745
FAM227B	-0.128485426360849
FAM32A	-0.128502940619967
HS3ST2	-0.128530949324681
USP17L15	-0.128631288953859
MED11	-0.128651696695017
MSTO1	-0.128778975228924
PLD3	-0.128816842230704
PIGM	-0.128917619793365
PIEZO1	-0.12894102481429
CHMP4C	-0.128991381780987
PCDHB8	-0.129064932721687
PCSK9	-0.129084614640986
LY6K	-0.129100773892783
OSBPL3	-0.129114308481049
CSF1	-0.129354057253377
MRPS31P4	-0.129449976437972
TOX2	-0.129450460131146
SEPTIN7P9	-0.12952036031982
PRSS8	-0.129668241607944
MYH10	-0.129712179769046
HECTD3	-0.129714756954038
GCNA	-0.129720976642079
CDCA4	-0.129767499823649
TEX2	-0.129812022438211
LY6G5C	-0.129835655405681
BTBD2	-0.12987871112733
IER3	-0.129883905241243
STYXL2	-0.129910143801453
MTRFR	-0.129910351453178
FRAS1	-0.129958568423054
FOXRED1	-0.130068522714284
BTBD19	-0.130090748292431
GAREM2	-0.130127398804593
SLC18A2	-0.130236592116908
GRIPAP1	-0.130263314808766
SNX27	-0.130269219297141
ANO8	-0.13048034006041
PCSK1N	-0.130511374901034
ZBTB49	-0.130555606971008
GSS	-0.130701470819983
CCDC134	-0.130737839743351
MED25	-0.13075165830547
CFAP99	-0.130976308868913
INCA1	-0.130982030315482
CUX1	-0.131072331465913
LOXL4	-0.131080875221016
RASEF	-0.131168849356477
DNAJC4	-0.131175069886672
RNF2	-0.131191115155297
ASNSP3	-0.131261204592083
SCAMP1	-0.131305296951089
ERGIC3	-0.131615200407518
ACTG1	-0.131712302121251
CCL26	-0.131817650636147
DNAJC10	-0.13182060837457
ANKMY1	-0.13184546367916
C21orf58	-0.131870290199417
MTR	-0.131976447207967
TMEM201	-0.13199133380564
SLC25A38	-0.132157822738421
OR10G4	-0.132222578968831
RAB3IP	-0.13225823124269
PTPRF	-0.132279899755322
TYSND1	-0.132287324565306
AGBL2	-0.132381524728543
NCAM1	-0.132402771490268
H2BC14	-0.132419212157019
TVP23A	-0.132539437176046
HSPA7	-0.132621347437947
PEDS1	-0.132625521754291
GRAP2	-0.132684123189633
SEC14L6	-0.132708487354172
RNF43	-0.132795697520655
RPSAP18	-0.132923971208349
GATA3	-0.132965661311562
TMEM102	-0.132971439426573
CROCCP3	-0.132986438695464
PSTPIP2	-0.133024628783377
APLN	-0.133036510894948
CLMN	-0.133053531487154
ABCG8	-0.133157369439338
MTMR14	-0.133193467933057
PLAC9P1	-0.133247307309852
RHOXF1P1	-0.133262203835508
ABO	-0.133508241632691
SNAPC3	-0.133887306311199
MAFB	-0.133898305254229
HLA-L	-0.134048823552711
KCNQ4	-0.134074791241944
POLR2J4	-0.134164562967272
LRCH2	-0.134188886161186
CD300LG	-0.134200611844604
YPEL4	-0.134257050154943
GATD3	-0.134351419216938
TRADD	-0.134358734123199
CTAG1B	-0.134381333781832
DAB2IP	-0.134550464740043
KNTC1	-0.134785973806704
BDKRB1	-0.134816956397074
GNL3LP1	-0.13486880454759
C18orf21	-0.134894932176347
RBFOX1	-0.134926131917946
WAPL	-0.13513145752112
NAGA	-0.135131914343104
SEMA3G	-0.135193999974518
SUSD2	-0.135513848844774
CGGBP1	-0.135523373196951
ZNF77	-0.135678224740035
NRAS	-0.135697933968663
TEKTIP1	-0.135709895765102
CCDC27	-0.135729284360063
SLC22A16	-0.135836995685195
ZNF542P	-0.135868460189022
SERTAD2	-0.135897479936737
UGT3A1	-0.135905500875152
CDX1	-0.135918720130373
KLF2P3	-0.136050711676535
MNAT1	-0.136102308045603
KCNH5	-0.136123798946804
NDUFA7	-0.136137478410296
DESI1	-0.136221414100837
ZNF283	-0.136293421435054
HAP1	-0.136349799657904
NPIPA8	-0.136419857465208
S1PR1	-0.136433289201587
RPAIN	-0.136508776815845
OR7E117P	-0.136532081252167
TACR2	-0.136575657280926
AGAP7P	-0.13674231157297
LRRC49	-0.136876894256559
ACOT11	-0.136972137573973
DDA1	-0.137063762323861
MS4A15	-0.137090569474683
POC1B-GALNT4	-0.137318361156261
LRRC56	-0.137361215741268
TAS2R14	-0.137435357999254
PPP1R18	-0.137470508887049
RPL15P11	-0.137503769052611
DLK2	-0.137714203290734
COL12A1	-0.137720369504711
ST8SIA4	-0.137815140296595
LRRC34	-0.137884368408636
INHA	-0.13796512921574
RPL4P5	-0.137978675680393
TSPAN12	-0.138045641242563
ZNF66	-0.138063034438429
SBF1	-0.138178318135161
NCKAP5L	-0.13819990474637
CDKN2D	-0.138336359011504
CBX6	-0.138448894230758
ZFP69	-0.138462450276436
CFAP100	-0.138532042694763
GMIP	-0.138534980318642
AKT2	-0.138580837530891
PPCDC	-0.138618261957046
CYP11A1	-0.138629115142577
TSPYL4	-0.138633777847969
SFT2D3	-0.138665657128986
NOX3	-0.13872699385218
SMARCC2	-0.138870906222623
ITPRIPL1	-0.138968608922647
SMYD1	-0.138994467694024
CUEDC1	-0.13900412916991
CFAP97	-0.139013714663346
CAPN7	-0.139066449074581
METTL25B	-0.139089661841332
TMEM82	-0.139136160681694
SLC11A2	-0.139259106675478
MGST3	-0.139266224985671
ZAR1L	-0.139374292342821
COL9A1	-0.139820632266981
PUM1	-0.139849916090505
PTHLH	-0.139906728251773
MYO5C	-0.139958086136167
VWA7	-0.140082481670438
INTS5	-0.140172431709208
ATP6AP1L	-0.140204750665602
SLC2A4RG	-0.140253533749653
C10orf90	-0.140281492739936
GARIN1B	-0.140298197264901
ZNF202	-0.1403110984855
TDRP	-0.140585485074902
CLEC7A	-0.140605480384801
TOM1	-0.140722573507803
FYTTD1	-0.14073794905708
CYP2E1	-0.140751231925198
ANKH	-0.14079170455487
ALDH5A1	-0.140801406349228
KPNA7	-0.140842973182538
GOLPH3	-0.141046622636186
KIF28P	-0.141091569707745
TGFB1I1	-0.141109357503311
POPDC2	-0.141137164148825
UBFD1	-0.141225751331707
SLC2A6	-0.141249607990616
HDHD3	-0.141392798587957
TMEM217	-0.141513636440398
ALPP	-0.141592559022858
NUBP1	-0.141615568935761
FAIM	-0.141617112208028
GTF2A1	-0.141646511240317
EFNA1	-0.141663395226926
CHN1	-0.141677487354655
MMP14	-0.141687900401353
ACTG1P1	-0.141708430934752
ZNF189	-0.14180396548749
ASAP1	-0.141829230077776
ODAPH	-0.141872105652162
ELOVL1	-0.141915725002706
CPNE4	-0.141930976398586
RAB11FIP4	-0.141934366497768
ZNHIT3	-0.141988858536184
HLA-DMB	-0.142048300487152
GUSBP11	-0.142057649047898
ZNF767P	-0.142380602759192
PDPR	-0.142411458697268
CNEP1R1	-0.14248878557106
RSPH3	-0.142595668439584
RIC8A	-0.142598585528926
C13orf46	-0.142610545878499
LRCH4	-0.142618623771763
ALDH3B1	-0.142669475978318
MRPL41	-0.142703976132331
EXD3	-0.142833369947624
GTPBP6	-0.142835970449318
GDPGP1	-0.142879340580415
BMF	-0.142889658070662
NKD1	-0.142893121308617
RPSAP19	-0.142906415843602
ZNF843	-0.142965591171019
IRF4	-0.143022271675258
BPIFB1	-0.143027685627168
PRKG1	-0.143063974342987
ZNF394	-0.143146075187055
B3GALT9	-0.143264287365551
GTF2H4	-0.143271728767153
MYD88	-0.143279983519791
KRT8P12	-0.143320622451884
ARHGAP36	-0.143386038918666
ELAVL1	-0.143550124792116
BAALC	-0.143579861169511
PLXNC1	-0.143588107384107
ARV1	-0.143598483866075
MAP3K15	-0.143678791352018
SON	-0.143742599073039
RTL8C	-0.14375360095266
SAXO1	-0.14378714258699
PPP1R3G	-0.143825505156122
GBP1	-0.143833695781238
SIAH1	-0.143958374423411
IQCC	-0.144139356849619
CHD6	-0.144162342863368
FAM111B	-0.144181618465735
ZNF12	-0.144227724014272
FBXO27	-0.144228435086255
RHOJ	-0.144273721705011
SPMIP6	-0.144393470785111
CD8A	-0.144421174440639
MUTYH	-0.144454424019734
ACE	-0.144472906081445
CBR4	-0.144475049644195
TTLL3	-0.144552767370225
GABRE	-0.144558803191714
HOMER2	-0.144565013168309
IL11RA	-0.144689747842819
CCDC146	-0.144693311633665
VTI1A	-0.144709409563412
LHX3	-0.144754490761434
CTNNA3	-0.144822017426641
CCDC120	-0.144938325549254
MROH8	-0.145012768744817
QPCTL	-0.145038921224035
CNTROB	-0.145050709723343
STAG3L5P	-0.145065712880292
FMN1	-0.145076595048254
HPCA	-0.145202716859445
XRN1	-0.145223302170739
RPL17P18	-0.145243422341858
ARGLU1	-0.145321155166055
LHX8	-0.145393218306544
SNAP91	-0.145479239159926
SUMO3	-0.145481173460299
ACAA1	-0.1456094659483
NRG1	-0.145611371925607
RSPO4	-0.145630468563374
SP7	-0.145734033462641
LEAP2	-0.145857606181991
KLF12	-0.14590278638218
TEKT5	-0.145914884006192
MFNG	-0.145966725831839
ATP1B1	-0.145971239121058
NUDCP2	-0.145999519690716
LMO3	-0.146113831982395
RPL13AP26	-0.146122567477798
MEIS3P2	-0.146128595669261
PKD1P5	-0.146183081696348
SLC6A11	-0.146183289438385
EVA1A	-0.146474011732978
UBXN6	-0.146491166634919
SLC12A8	-0.146493833068188
EIF2B1	-0.146506358851317
FANCA	-0.146558281475551
LRRC8A	-0.146576094099775
CTSD	-0.146789698441037
TNFAIP1	-0.146841332382629
CSAG1	-0.146904005572871
H2AZ2	-0.146921208363627
DLEU7	-0.146937725441738
NASPP1	-0.146999398927514
MYZAP	-0.147019997870161
AGMAT	-0.147118405798554
HEATR6	-0.147342930075078
ZNF71	-0.147534212018995
PFKFB2	-0.147571418960195
ZDHHC11	-0.147629597981571
FAM86JP	-0.147661096496748
COL8A1	-0.147735991046703
C2orf15	-0.147865213309061
ADGRD1	-0.147947871474111
SLC9A6	-0.147984516712709
GLIPR1	-0.148004524300897
ZCCHC2	-0.148014237511307
IRS4	-0.148104845965702
LONP1	-0.14811195422582
NR5A1	-0.148122604793325
VWA5B1	-0.148154060833687
CPEB3	-0.148204550601334
DNAJB6P1	-0.148242901726544
REEP2	-0.148385644650335
BMS1P8	-0.148429747180578
DRICH1	-0.14844751789888
PDK2	-0.148475953110773
TPD52L2	-0.148494476741339
CTBP2P10	-0.148537221521864
RPL13AP5	-0.148584887510084
TMEM271	-0.148614448113282
NOMO3	-0.148741845092233
CIR1	-0.148785991752109
CDHR1	-0.148992116012117
SENP7	-0.149087026176647
POLR3A	-0.149111870790884
CA3	-0.149115158110398
MICU2	-0.149203191820532
NRBP1	-0.149203387232265
CD163	-0.149327271801736
PDZRN3	-0.149341850949319
RETREG1	-0.149435581486781
TMEM209	-0.149474353498937
SSBP3P1	-0.14950172087539
OSBPL5	-0.149507860920813
CCDC160	-0.149566100569117
ASMT	-0.149591963047851
FAM131A	-0.149615803820945
SETD5	-0.149636451180086
FAM83A	-0.149637903635362
ACE2	-0.149825646554481
NOTCH2NLB	-0.149962067647117
CDC42BPG	-0.149971851165284
NPLOC4	-0.149993398468721
SMAD1	-0.150002474440133
BNIP5	-0.150015501386092
GSTK1	-0.150173968731517
RPS18P14	-0.150223827557512
H2BC9	-0.150279869822087
TAF1	-0.15038406133634
KCND3	-0.150442053472194
ZNF774	-0.150486986329568
GPT	-0.150536237614721
DKK3	-0.150542084682401
ZSWIM4	-0.150730710070064
TRIM60P14	-0.15075102716411
USP1	-0.150778757894683
BBIP1	-0.150794916143843
PARP16	-0.150852824961487
ARF5	-0.150869707718375
SETD9	-0.15087605177131
DTNBP1	-0.1509400533159
DEFB134	-0.151009766767277
RRN3P3	-0.15102134536778
SEPTIN4	-0.1510640029878
CFAP45	-0.151153969504283
CSTPP1	-0.151278738245752
CEP95	-0.151334724272551
SLC8B1	-0.151371943463345
ZKSCAN3	-0.151389369462532
RUNX1T1	-0.151390864812026
COG3	-0.151411097470231
RPGRIP1	-0.151431363375047
APBB3	-0.151439873729853
GEMIN8P4	-0.151600588016804
PPOX	-0.151629541045405
CCDC102B	-0.151633354328163
ZNF468	-0.151829972046607
INAFM2	-0.151845189364278
PPM1K	-0.151864082104479
BMI1	-0.151896217067139
CHRFAM7A	-0.151986240093851
PPIP5K1	-0.15202483399184
DBIL5P	-0.152026356922029
BEND5	-0.152084614887998
RCCD1	-0.152314400333946
EEF1B2P3	-0.152366337091616
RPLP0P6	-0.152592104211749
CDC14B	-0.152626363131424
ST13P7	-0.152668415333338
LAPTM4B	-0.152750547164508
FNIP2	-0.153089418653963
NSMAF	-0.153155818944314
DDX51	-0.153280061032953
ZNF354C	-0.153431204044432
SHH	-0.153509975095777
FAF2	-0.15358396012581
NOVA1	-0.153838506448841
NUP188	-0.153924443194852
TARBP1	-0.154041694501789
TMEM216	-0.154114750456109
PALB2	-0.154204552293806
BCAS1	-0.154208103843194
ACOT8	-0.154218345158799
MDGA1	-0.154281931126641
NPIPA6	-0.154323637464441
NIM1K	-0.154445964298992
DGCR2	-0.154588333336857
PROS1	-0.154633587806338
KLHL12	-0.154724212101723
GPANK1	-0.154848602841707
SPIN1	-0.155032314041357
NLRP2	-0.155046891735572
MORN3	-0.155048293296708
ASNSP1	-0.155132384657784
ARL10	-0.155248323240533
ALDH6A1	-0.155334257878218
C5	-0.15554462803565
LYPLA2	-0.155557873284485
MTF1	-0.155584847977172
PKDREJ	-0.155657144794802
PAK2	-0.15569665825464
JMJD7	-0.155730600801943
BMS1P2	-0.155749078173671
SBNO2	-0.155860921111681
MED16	-0.155872468367669
CRY1	-0.155893169106157
ABHD14A	-0.155914080634864
PDE2A	-0.1560520404288
TTLL2	-0.156099960154537
OR2A42	-0.156129293447022
CDK5R2	-0.156207375463968
ZNF354A	-0.156246584713976
AQP3	-0.156264484056805
GALNT3	-0.156295463187955
DNPH1	-0.156339379789505
TP53I3	-0.156380680090362
MYL12BP1	-0.15645148826635
IL17RA	-0.156455618180905
GLUD1P2	-0.156693088208161
CADM4	-0.156748520356776
MCRIP2P1	-0.156881498054873
PCDHGA1	-0.156892082910114
ATAD3B	-0.156896998043079
GPC4	-0.156989334583789
ILVBL	-0.157000171063112
IL9R	-0.157088127142231
NARF	-0.157154139717179
VPREB3	-0.15734873292087
CRB3	-0.157415080177836
TOM1L2	-0.157426421130939
TNNC1	-0.157439534215155
BTN2A3P	-0.157439580205087
KAT5	-0.157440217130596
ICOSLG	-0.157512599098776
TBC1D31	-0.157539334249666
FLCN	-0.157613826590333
ANAPC11	-0.157654781621083
FBXW10	-0.15767959838511
BST1	-0.157801164006232
KIDINS220	-0.15781203177204
TSSK4	-0.15782633219585
CBR3	-0.158221088838387
SUSD3	-0.158250411540279
SHPK	-0.158291535113247
ZP1	-0.158328513751644
ZNHIT2	-0.158351677256229
MIER2	-0.158453664131616
MIDEAS	-0.158488260768526
SIRPAP1	-0.158612319660308
ZNF441	-0.158650254160036
PCDHGA9	-0.158663437926982
DBX1	-0.158688262439242
POLA2	-0.158822254151124
CHST14	-0.159016944918577
MOSPD2	-0.15903357890828
OR7E163P	-0.159052320383309
DIRAS1	-0.159072917307738
BCL2L2	-0.159149819879432
SMOX	-0.159270903888012
KEAP1	-0.15951501255179
DCAF7	-0.159534566652042
PGAP1	-0.159567030543664
PEG10	-0.159607379123838
MDP1	-0.159649373522861
S100A14	-0.159666533150209
MON2	-0.159714242462509
MAP3K6	-0.159724741431139
PDE9A	-0.159787100707711
ALDH1A3	-0.159823079235573
DDX28	-0.159981461699394
GLIS1	-0.160011368976133
AOPEP	-0.160012073895363
ZNF37BP	-0.160059970868192
CACNG7	-0.160100619777246
TTLL11	-0.160103326028395
LHFPL3	-0.160196051436265
THSD7B	-0.16026925568435
NPM1P24	-0.160366420016995
KANTR	-0.160482001881825
TMEM215	-0.160496054300364
ALDH1L1	-0.160505005653398
GPR157	-0.160655092898521
MAMSTR	-0.160675760923882
GABRB2	-0.160753381087856
PRXL2C	-0.160770346361213
RDH10	-0.160794132230228
BLZF1	-0.160824686944298
ENTPD5	-0.160881246854962
ZBTB32	-0.160931096385978
SLITRK6	-0.161004307259785
SLC22A4	-0.161029957506715
SHTN1	-0.161101555560248
PHIP	-0.161148577555579
KRT8P35	-0.161179991331399
MARCHF11	-0.161186786725114
ABCA12	-0.161196669619055
ARID5A	-0.161211191392053
RPS2P17	-0.161267025855168
TDRD10	-0.16144634565501
ZNF211	-0.161465411176727
TNFRSF4	-0.161513101263824
RPL8P3	-0.161534786160673
TOB2P1	-0.16158928928759
EID1	-0.161591025085447
SNHG32	-0.161603801712572
OAT	-0.161687116363399
GLUL	-0.161729994726592
ZNF250	-0.161756063756451
PPIL2	-0.161762228646798
OR7E47P	-0.161825516043139
SYNE3	-0.161840840301054
TYW1	-0.162236741797434
IL27RA	-0.162348207649284
MSANTD1	-0.162490355178883
CROCCP4	-0.162500168600051
FBXW11P1	-0.162598752310851
RAD9A	-0.162613581229263
ADAMTS1	-0.162628492272714
C6orf52	-0.162674374322132
ZNF668	-0.162740017663359
SIVA1	-0.16282772196986
ANKHD1	-0.162848652319035
SCAMP5	-0.16287525732751
NBPF25P	-0.162930975434538
NUP214	-0.162964666197756
ALG11	-0.163069149789004
WDTC1	-0.163085650898025
CTNNA1	-0.163092366659856
BAG5	-0.163133708949599
OSGIN1	-0.1632602514793
COL15A1	-0.163334215178381
KRT42P	-0.1634155603388
RBM33	-0.163425488848703
PRNP	-0.163588707419118
TRPC5	-0.163621350052828
GABPAP	-0.163636509000394
TUBAP2	-0.163638360412075
TMEM104	-0.163695615004747
REN	-0.163759071004348
SORBS2	-0.163874294245079
OGFOD3	-0.163997973306824
SDHDP6	-0.164042119698596
SCAND3	-0.164053686344414
EPHX4	-0.16435402545013
ZNF185	-0.164514491661171
PAK5	-0.164586624390169
SNRPCP6	-0.16458831344037
PRR13P5	-0.164595835624975
SCRN3	-0.164616425591312
TOE1	-0.164731904414459
POU6F1	-0.164772495781726
VEGFB	-0.164792403215031
PCDHGB6	-0.164845961527349
ABCC11	-0.164895885083421
ZNF708	-0.164921160659356
LSS	-0.164980208922109
NSMCE4A	-0.165017610389232
TP53BP1	-0.165080987168371
SEC14L2	-0.165111420494716
PDHB	-0.165115111913551
RUSC1	-0.165117036555062
PAK3	-0.165140403349246
EFL1P1	-0.165253016068713
CPLANE1	-0.165281628190288
P2RY8	-0.165437764090774
HERC2P9	-0.165449951143836
E2F8	-0.165507029279047
ABI3	-0.165554510006343
MID2	-0.165567022809054
SDC1	-0.165588847798396
RSPH10B	-0.16565722825349
CRADD	-0.165734602893693
GON7	-0.165802017196882
AXIN1	-0.165884772775178
FEN1	-0.16590273579894
ZNF723	-0.165970721367277
NOS1	-0.166005312155481
TESK2	-0.16612589438766
EPHA8	-0.166148137993285
STYK1	-0.166172927869624
NAGK	-0.166213677927118
SERPINB3	-0.166246548100609
IGF2R	-0.166377360886807
DCAF15	-0.166396060734258
SERPINB6	-0.166635705972325
CHTF8	-0.166818651919111
HPGD	-0.166852020989812
CAP2	-0.166900108948329
FDPS	-0.166929855867444
CAST	-0.166931254542171
XKR5	-0.166936047809663
RPS26P3	-0.167068905531967
TBCD	-0.167346363503839
DKK1	-0.167356133973957
PADI4	-0.167380183858161
KCNAB3	-0.167513375547779
DOK1	-0.167631025648559
HMGN1P4	-0.167727653145386
DMPK	-0.167857991263351
CFAP96	-0.168034394642271
DEFB131E	-0.168124755427164
LPGAT1	-0.168251617499137
FRRS1L	-0.168298492833166
XIRP2	-0.168515885319876
RAB28	-0.168516041423407
IQCF3	-0.16856718215518
CNGB1	-0.168601173149502
CAMK4	-0.168640167339277
ORC6	-0.168641118205941
AGT	-0.168658401066595
AS3MT	-0.168717107758085
CETN2	-0.168844932083024
ZNF248	-0.168901002270911
COL6A2	-0.168939127287345
HINT3	-0.168991396947955
CHP2	-0.169028515819738
CLEC1A	-0.169034898413007
TEX14BP	-0.169040914875224
NHSL1	-0.169192010904576
RHBG	-0.169313717802251
CPT1C	-0.169338524998852
RBM44	-0.169360991732614
TBC1D10A	-0.169430262705053
TMA16	-0.169470058642574
DGCR6	-0.16958659844552
AARSD1P1	-0.16964311346479
THOC6	-0.169694852221402
FAM136A	-0.16971850236815
SMG1P4	-0.169847759175197
TGFBI	-0.169900489627675
CHMP4B	-0.169994497902773
SPATA2L	-0.170091016156372
C19orf48P	-0.170105680299922
CCDC171	-0.170139955970482
FBXO6	-0.17033253418664
TNIP1	-0.170373566263178
ALKBH1	-0.170536564413363
TMEM39B	-0.17056379458396
P2RX3	-0.170706138891341
MTMR6	-0.170969130517924
MATN3	-0.17100679500816
TLDC2	-0.171037947739171
APBA1	-0.171084524384904
ZNF761	-0.171116557291038
COQ8B	-0.171233648608551
SHF	-0.171347693416289
LRRC17	-0.171432179302406
RRN3P1	-0.171464783361765
KLRA1P	-0.171475604278574
CLEC4GP1	-0.171510824882681
TUBD1	-0.17167375108456
GPR199P	-0.171719527224927
MAP4K1	-0.171725973313649
ZNF608	-0.171838224066422
FIZ1	-0.17188769477352
TMPRSS6	-0.172020487876048
EFNA4	-0.172116797574946
MTCH2	-0.172155914890876
ARL11	-0.172156183984347
MARK2P19	-0.172175458815105
NR4A1	-0.172222493002698
LEFTY1	-0.172237185506408
PPP1R3E	-0.172313211449539
SH3GL1P2	-0.172339909923995
LIMD1	-0.172440743338886
GPR137B	-0.172447769111506
CARD9	-0.172582308934819
MUS81	-0.1726637583918
TGM2	-0.172720527050052
CRTC1	-0.172827465124805
TBC1D17	-0.172834808548985
ARHGAP24	-0.172994698549285
HPN	-0.173009507782097
THNSL2	-0.173032330379486
DTX2P1	-0.173036351857654
SPEF1	-0.17318834342119
PPP2R3B	-0.17329761104958
RAI2	-0.17335302195085
SERINC2	-0.173391512771869
SAT1	-0.173415647736763
WASH6P	-0.173429117720042
ADAM33	-0.17343704609855
EPB41L1	-0.173445892201027
PWWP2A	-0.173549431180988
WDR48	-0.17359876765627
PLCD3	-0.173603723414916
ICA1L	-0.173625180660968
ZFY	-0.17369790169071
LRRC7	-0.173699811311855
GNRH1	-0.1737457574012
PTPRR	-0.173771576918933
SELENBP1	-0.173802480722165
SLC25A36	-0.173880096089807
MPI	-0.173904856487607
ZNF485	-0.173920907417573
MBLAC2	-0.174002733745926
DNAH11	-0.174022324369631
L3MBTL2	-0.174030124496641
AIF1L	-0.17412207981846
GALNT16	-0.174148365259544
F10	-0.174173823865862
TMEM248	-0.174251036391036
ANKDD1B	-0.174392894455047
ERBB4	-0.17443031184116
MAFG	-0.174448710189997
SERINC4	-0.17452373786098
MMACHC	-0.174555725007208
SIGLEC6	-0.174772928063191
ASIC4	-0.174836740451237
CYTH1	-0.174886906428763
SNX25P1	-0.175107752240754
PEBP1	-0.175172235371708
ZNF415	-0.175218017569297
POM121C	-0.175272381904463
CCDC150	-0.175613474548804
STEEP1	-0.175635436592735
SLC4A5	-0.175743086606495
TRMT1L	-0.175797061903338
PRPSAP2	-0.175812484450882
POLR2C	-0.175843115666263
PKN1	-0.17588275967851
MGARP	-0.176019734043081
CRYGEP	-0.176025375357513
MAST3	-0.176256380410246
UCK1	-0.176265973409492
AMOTL1	-0.176324691093856
ENHO	-0.176405924791952
PLEKHJ1	-0.176410907883553
MTDH	-0.176638141703185
CCDC88A	-0.176686729937315
SLC30A6	-0.176829531153085
CRB1	-0.176851992676819
CA14	-0.17694041126033
LRRC4B	-0.176963025468314
ALKBH8	-0.17703562090471
DERA	-0.177067766117547
ACTR10	-0.177070812886098
GPAM	-0.177080620618425
RPS27P3	-0.177219805217563
PGRMC2	-0.177275446158635
FRMPD2B	-0.177367121012062
DDX46	-0.177397189039954
NKAPD1	-0.177436044983774
GDPD4	-0.177610948338759
ARMC3	-0.177648083937746
JAM2	-0.177689101503022
RYBP	-0.177810415258845
RPL36AP43	-0.177991928713789
BTNL8	-0.178133727854275
RABL2A	-0.178220018615107
CHD9	-0.178313748049652
KLHL14	-0.178325018672553
MAP3K1	-0.178333961927982
ZFAND2B	-0.178394965023559
GRAP	-0.178441674852994
DNAJA4	-0.178477970822257
SLC2A9	-0.178682649471751
SLC6A9	-0.178730621541066
TMEM190	-0.178743305332805
PEX26	-0.178747163482095
FAT4	-0.178754939086009
IDNK	-0.178765636167724
DNAJC2	-0.178961228653613
DHTKD1	-0.178989419742018
ZBED5	-0.17899603594537
CRYBB2P1	-0.179046140092401
CCDC61	-0.179083326098247
NAA38	-0.17910992071671
ZNF263	-0.179388388839127
TSTD3	-0.179420473564891
CTIF	-0.179431793539818
NUTM2E	-0.179469705762369
SAMTOR	-0.179504630222495
ODAD3	-0.179524141920504
SNX11	-0.179578922606908
SULT4A1	-0.179902522203245
NEPRO	-0.179905664428695
ALMS1	-0.179994504179801
EPG5	-0.180006218486393
IGF1R	-0.180041763367834
ZNF229	-0.18005669897178
SPACA9	-0.180190517296412
SYCE1	-0.18030652887505
CASKIN1	-0.180331478372338
CIDECP1	-0.180360643897908
AGA	-0.180433096757174
STMND1	-0.180670279327532
CAPSL	-0.180916856911074
GOLGA2P7	-0.180939815791509
UGT2A1	-0.180978815260014
ZNF408	-0.181000694168843
NUPR2P1	-0.181125268778004
ZNF398	-0.181243902994163
CNPPD1	-0.181258964500574
KIF1B	-0.181259400406188
ERI2	-0.181369964676116
TTF2	-0.181410575009245
RIMOC1	-0.181437729363368
ARHGEF11	-0.181570144912483
RPL17P47	-0.181784489174662
LDHA	-0.181815954442101
TBC1D20	-0.181854727201722
NPIPA3	-0.181929978553518
MCTP2	-0.181979086242767
EEF1DP2	-0.181992669451479
ZNF726	-0.182177923735802
ZC3H7B	-0.182236599673039
SYCE3	-0.18227404674225
CCNA1	-0.182274730030741
PROCR	-0.182330183162869
DUOX2	-0.182391721612782
VPS26A	-0.182424541831602
N4BP1	-0.182525933548466
DOLK	-0.182546078592298
MCIDAS	-0.182582612929805
DDX6	-0.182637324116446
RASA4EP	-0.182650713915106
CENPK	-0.1827619989095
FOXI2	-0.182764449164715
IL17D	-0.182766151967996
ARHGAP35	-0.182773131794954
TBCB	-0.182979703013653
ADAMTS10	-0.18302422237958
RWDD4	-0.183149479351614
TBPL2	-0.183193981312902
PHLDB1	-0.183299956135546
WDR27	-0.183317633475183
YIPF1	-0.183490231775777
HERC2P2	-0.183517417375714
AKR7A3	-0.183520290823345
SMIM14	-0.183636638859814
ANKRD33	-0.183757248087339
D2HGDH	-0.183907010042791
CD2BP2	-0.184120495691198
SPRY1	-0.184141823318214
PDLIM7	-0.184175299712214
SLC7A8	-0.184319556403949
ACAT2	-0.184340035919546
HEATR5B	-0.184346840192629
PSMC3IP	-0.184429077570303
ISG15	-0.184532032655085
ISM2	-0.184668653949597
ZNF19	-0.184784131890301
TMEM200C	-0.184855170194188
TCEA2	-0.185002320621986
DAPK2	-0.185152338820666
EXOC3	-0.185367813470886
NFIC	-0.185441438057125
PHF10P2	-0.185481276384899
LRRC3B	-0.185501411024742
RABL6	-0.185567154138443
KCNK10	-0.185613477355907
GRM2	-0.185655365649517
ABHD17A	-0.185745713915936
RNF32	-0.185779407035859
SLC26A5	-0.185868794508712
NR1D2	-0.185889051621285
TTC13	-0.185944888734845
RASGEF1A	-0.185981312261739
PLEKHA7	-0.186016922322177
ZNF605	-0.186080232592751
TMEM127	-0.186162025716622
GNAI1	-0.186276070765386
CLUL1	-0.186321906439882
HTRA1	-0.186376225083157
ZNF547	-0.186556639180859
ZNF778	-0.186672537329745
FOXL2	-0.186831553536126
SLC2A3	-0.186937367534101
PLAAT2	-0.186976858002883
TTC6	-0.187121856288713
KISS1	-0.187212375133587
NONO	-0.187331996810942
DHH	-0.187376860615794
EPS8L1	-0.187400554258366
CFAP43	-0.187410624014741
KXD1	-0.187427583485414
P4HA2	-0.187497129098374
SLC5A6	-0.187511302367632
DNAAF1	-0.18760086787589
HSPB1P2	-0.187639813925448
IFT22	-0.18782757130872
PCDHGA8	-0.187829839164136
ACAD10	-0.187833131577465
KIAA1549	-0.187871694106271
FBXL20	-0.187891763799148
ANKRD20A18P	-0.187923461607055
TMEM131L	-0.187949363899735
TRPV6	-0.187962808266934
RBM4B	-0.187963182689076
CETN3	-0.188096501133754
PIP5K1A	-0.188162955744097
IER2	-0.188183280296599
TPRG1L	-0.188188173118378
ATP1B3P1	-0.188193757031676
EME1	-0.188243704747207
CHRNB1	-0.188274614260078
FANCI	-0.18827770847485
DPCD	-0.188286875450548
TMEM178B	-0.188334683192983
DDB1	-0.188419615238722
SLC10A1	-0.188423474368447
COX6A1	-0.188466540685471
PRR19	-0.18866672105787
TSPAN8	-0.188704176491311
LOXHD1	-0.188776860266994
ANKS1A	-0.188817108352807
ERCC4	-0.188916867203907
SELENON	-0.188985221771791
RALGDS	-0.188997462621853
IDH3A	-0.189015036947031
ANO1	-0.189084391535257
GYPE	-0.18910861299456
DMAC2	-0.189197019841799
EPHB6	-0.189262142960907
POU2F2	-0.189457661511002
EGFR	-0.189498630491494
CCNT2	-0.189516643597501
MTMR3	-0.18955492945246
SGCB	-0.189598801458189
SLC10A5	-0.189651924368776
BCDIN3D	-0.189666784455338
PHACTR2	-0.189729224874795
YLPM1	-0.189780619479349
RBAK-RBAKDN	-0.189799582988485
RGL3	-0.189805120705106
AP2B1	-0.189825120331961
ASTN2	-0.189838612336637
ZSCAN5A	-0.189844937290414
AP4M1	-0.18987686784695
ADTRP	-0.189891935511102
SERTAD1	-0.190053906435368
RAB24	-0.190196020037102
CTCF	-0.190240556072556
EPN3	-0.190284579411428
SAPCD2	-0.190320090576576
CLBA1	-0.190327993897101
SLC25A23	-0.190393046090982
DENND5B	-0.190459558119323
DOCK6	-0.190502574007309
PTPRM	-0.190579106179289
ZNF629	-0.190656144798891
CNTF	-0.190733446212573
SLC27A2	-0.190753095346113
SFXN5	-0.190856643115744
RBM5	-0.19090323318858
FBXW5	-0.191084869391809
ATP11C	-0.191085473575113
ZNF507	-0.191094128739275
TTC16	-0.191194507209291
PRELID2	-0.191228380717361
DR1	-0.191367405991984
ZNF423	-0.191486988798663
FZD2	-0.19152986160862
FMNL1	-0.191550896290918
HOOK3	-0.191551705472119
RPL13P8	-0.191703817523899
FKBP5	-0.191733126026237
ABCB8	-0.191885005966486
CTDP1	-0.191949972095362
CCDC25	-0.192070324592285
TST	-0.192127275527166
RPL7AP19	-0.19228305811772
B4GALNT4	-0.192285326368471
POU2F1	-0.192376204387892
PRRG4	-0.192439280349993
WDFY2	-0.192458063132502
RNF182	-0.19265575759197
CREB3L3	-0.192723429557447
TBKBP1	-0.192843408018134
FAAP24	-0.192859759673026
SDR39U1	-0.193052829251391
TEX261	-0.193074153539541
SNRPEP4	-0.193074178459353
ING2	-0.193236163213951
SLC35E1	-0.193346295102702
UGGT1	-0.193399609666441
SEZ6	-0.193403483098
ERVW-1	-0.193479258107081
PEX19	-0.193496520221023
ADNP2	-0.193527326474453
NCBP2L	-0.193547476218547
DDN	-0.193617711806266
SPAM1	-0.193651709853787
RHPN2	-0.193660332561334
GJB6	-0.193661008137485
DYNC1LI1	-0.193714746435799
WDR6	-0.19387004001582
MALT1	-0.193890227625831
ANKK1	-0.193959009766413
EYS	-0.193962016038294
PKHD1	-0.194097296037236
RPL31P46	-0.194145294751625
ZNF853	-0.194223432347675
SMG5	-0.194297932146746
ANGPTL7	-0.194333944239863
LAMB3	-0.194342132267428
SLC16A5	-0.194421905066875
SUZ12P1	-0.194438158182523
CLASP1	-0.194482000431165
CSNK2A2	-0.194506864704502
ZNF506	-0.19457662046333
IGSF3	-0.194667293902164
G3BP1P1	-0.194670562737369
RPL31P34	-0.194685408908351
ZNF225	-0.194830369968994
GPR35	-0.194847827979642
SDSL	-0.194902071468729
RADX	-0.19509206455023
ESYT1	-0.195208363144654
PRRX1	-0.195369002577584
ING1	-0.195524566339281
VSTM2A	-0.195763728227777
PDCL	-0.195788709486645
OSBP2	-0.195997419844782
BCL7B	-0.196025814069426
NTN5	-0.196036239408938
PRDM4	-0.196101561639534
TRABD2A	-0.196227931401622
MFAP3L	-0.196288989566705
CUL5	-0.196330033981884
RORB	-0.196355119850495
TULP1	-0.196386316647882
RNF19A	-0.19644721244806
KLB	-0.196499336797545
BCLAF3	-0.196593406407394
RMDN3	-0.196619133261178
COPE	-0.196756429921511
B3GAT1	-0.196766958688603
CNTNAP3B	-0.196767880076183
TENM3	-0.196774571937149
NOTO	-0.197077651719259
DDX24	-0.197081996611649
ZFP28	-0.197178026959695
AIFM2	-0.197205496710489
SKP1P1	-0.197249176310884
MAN1A1	-0.197254948968817
GOLGA8K	-0.197308968750815
ZNF148	-0.197310554615247
PRKXP1	-0.197364885100945
DYNLT5	-0.197418521744167
GPHA2	-0.1974224249955
RNF215	-0.197468123285821
TVP23B	-0.197518938569542
RPTOR	-0.197568551440428
SUFU	-0.197602124006303
UBN2	-0.19778012932368
ZDHHC3	-0.197784966005221
RPS6P25	-0.197804452039497
DGKG	-0.197824050411352
COG7	-0.19790206433776
DHX38	-0.197915418621406
KRT8P52	-0.197999748119828
TMEM163	-0.198011537166272
MXD3	-0.198051837830727
APOLD1	-0.198110748613368
MAP1LC3C	-0.198264336820923
CRH	-0.19827448240954
TACSTD2	-0.198322222434428
BCRP3	-0.198568960566521
PMS2P4	-0.198570680397996
EIF1AD	-0.198697714822339
SMIM24	-0.198757908824411
VAT1L	-0.198824783537703
SLC6A17	-0.19888587166887
CASP3	-0.199046615069625
FERRY3	-0.199080501559528
NPM1P9	-0.199154192187083
ZC4H2	-0.199353667519373
FAAH2	-0.199465642569099
GRIN1	-0.199553029456174
VN1R108P	-0.199660228244146
VIL1	-0.199726691272627
VSTM5	-0.19987142109981
ABCD4	-0.199982478035372
ABAT	-0.200011642847786
CRIPTOP7	-0.200055368417904
LRP5L	-0.200179333051309
CTAGE7P	-0.200276632135464
CEP68	-0.200388345847357
RPUSD1	-0.200453139157944
RSPH6A	-0.200455089401666
RBMX	-0.200480524674292
TTC39A	-0.20056813302693
TPBG	-0.200570334447396
PEF1	-0.200601438969356
CCM2L	-0.200800333923548
TEKT2	-0.200827519286668
APCDD1	-0.200833759209442
PI4K2A	-0.200876303362
MS4A7	-0.200888830158473
C1QTNF4	-0.200986243060868
MYLK	-0.201125023200824
MAP1B	-0.201208334629076
NPAT	-0.201248612949946
SYT1	-0.201338153906251
LARP4B	-0.201348010538483
GLIS2	-0.201359781855066
ANXA9	-0.201441263417639
ULK3	-0.20144803293166
MSTO2P	-0.20149037153128
C2orf42	-0.201597014824272
DUSP3	-0.201708430569833
TTC12	-0.201742862565466
UBE2D2	-0.201744092327961
DNAJC18	-0.20177907867927
SLC25A4	-0.201790317803628
RPL21P118	-0.201897604357636
RPS10P5	-0.201910119534571
FBXO28	-0.201913634432654
CHAD	-0.201967236027314
MAN2A1	-0.202044488142164
TEPSIN	-0.202079069622231
WASH3P	-0.202101748804769
SPECC1L	-0.202155250796126
ZNF7	-0.202199180328405
PIGA	-0.202247859218126
CROCCP2	-0.202303259129791
ADGRG3	-0.202339160310785
UNC45B	-0.202387797366284
SSBL4P	-0.202424172897209
FAM86B1	-0.202430477181013
DELE1	-0.202752465054996
NOXA1	-0.202753172392488
TOMM20L	-0.202773770640606
PCDHGA7	-0.203022474166192
GPR17	-0.203028485920557
BMPR2	-0.203158654348859
CEP135	-0.203181974569286
GNG7	-0.20318254805709
SPATA31A5	-0.203294410290703
DNAJB2	-0.203516058644762
NUP50	-0.203568797954839
MYBPC2	-0.203606133625355
PCNT	-0.203730416183434
PIP5KL1	-0.20375326101032
BIVM-ERCC5	-0.203824278499457
RBBP4	-0.203902646844857
ALOX5	-0.203983292529117
KMT5AP2	-0.204039647352556
LRP4	-0.204065883861741
NOXO1	-0.204135348359826
PBX4	-0.204168674813693
GRIP2	-0.204171594945052
SYT5	-0.204180523510701
ALDH16A1	-0.20421198511269
TNFRSF11B	-0.204231477072194
KLK10	-0.204345566754363
SPAG4	-0.204378332466222
TPPP3	-0.204417139950179
SERP2	-0.204419078167775
TRH	-0.204423203058175
CD1D	-0.204444166594288
IREB2	-0.204501524651118
DIPK1B	-0.204542297852462
SLC35C2	-0.204563672764487
KHDC1	-0.204624588631994
PTCHD1	-0.204733681898736
MPC1	-0.20477725545448
CEP170B	-0.204784770110838
ZNF331	-0.204809187826377
CEP120	-0.204816856939001
LATS2	-0.204901591123414
SNX18P3	-0.204957033533267
ERBB2	-0.205024709122071
ANKRD28	-0.205083568059825
IL21R	-0.20512459966581
CCDC88B	-0.205189244672587
AKR7L	-0.205235560054489
AKAP8L	-0.2052411089683
TRPV4	-0.205257798968976
KIAA0319L	-0.205310543801192
C10orf55	-0.205337163437393
GPR161	-0.205347145557615
PHETA2	-0.205483183901532
ACTG1P24	-0.205516457926047
MTATP8P1	-0.205575434284598
ADPGK	-0.205751996059717
HABP4	-0.205904973885781
IFT122	-0.206175030388579
ACBD7	-0.206184238267436
TOGARAM2	-0.206381334944101
AMMECR1L	-0.206385047380033
ARFGEF2	-0.206542322262596
XNDC1N	-0.20676688994336
REX1BD	-0.2068745398266
TRPV1	-0.206905536613688
SPATA9	-0.206967920890097
EPHB4	-0.207120276698674
B3GALNT2	-0.20721505317905
SLC25A6	-0.207230653908314
SLC38A10	-0.207241476733957
TSPAN17	-0.207253860414304
CNR1	-0.207254942764222
PLCB4	-0.207302005723941
MISP	-0.207331567560674
SUMF2	-0.207354192254381
DCLK2	-0.207405394399366
MINDY1	-0.207467239582491
ERLIN2	-0.207559120197759
GSTO1	-0.207925347294413
PLB1	-0.208140638231214
NACAD	-0.208208141443483
DNAJB14	-0.208213728801654
ACOT12	-0.208220107524029
LINC02210-CRHR1	-0.208334518738483
AP1B1	-0.208398107810161
PFKL	-0.208443936753002
TCAP	-0.208444480057727
ARVCF	-0.208519766506954
UBE2G2	-0.208563169813604
PCDHB17P	-0.208759898695158
TAMM41	-0.20876575820539
CATSPER2P1	-0.208857774908196
TMEM89	-0.208880280368187
ZNF112	-0.208890727531721
AAAS	-0.209025159616424
ACSBG1	-0.209407545475768
DNAJC11	-0.209517009768475
NRSN2	-0.209588325991559
NSUN3	-0.209619098864104
FRMPD2	-0.209675838752169
POLR2J2	-0.209706246828017
DPEP3	-0.209763633591791
BIVM	-0.209864250513187
CCSAP	-0.209915464417001
RAMP3	-0.210046069556424
CCNJL	-0.210056926281652
CENPS	-0.210107939889567
RPS19P3	-0.210176879151352
SPG11	-0.210392883404157
HAPLN1	-0.210469010940468
OGT	-0.210550207348522
RANBP10	-0.210830442969055
RELCH	-0.210853764381695
CSPG4BP	-0.210883562684667
AMIGO3	-0.210971716095312
WDR81	-0.211073044769547
RHOBTB1	-0.211256049063199
ARMC7	-0.21139094664152
PCDHGB3	-0.211451890518856
FSCN1	-0.211467459340314
FOXE3	-0.211661522344489
NADK	-0.211664223464825
EBF3	-0.211796087395852
OVCA2	-0.211960885843031
VASH1	-0.212033857567134
THOP1	-0.212089717049886
GFY	-0.21221153930657
ATL1	-0.212226325695243
NBPF19	-0.212240867471603
ARHGEF34P	-0.21224471869116
RAB11FIP1	-0.212263697735561
IRF5	-0.212321638665521
MYCN	-0.21233094264891
PCDHB9	-0.212367274594784
SIPA1L1	-0.212477511608111
BGLAP	-0.212547536364097
ARL13B	-0.212557735527316
ABCA3	-0.212576485007271
BLTP1	-0.212710022551908
LY6G5B	-0.212803485874987
DOT1L	-0.212821917484665
MTARC1	-0.212843495364938
C3orf62	-0.212846486355759
MBD6	-0.212912977935748
TMEM63A	-0.212935041168707
LSM2	-0.213112286683715
PDIK1L	-0.213144834463753
TBC1D14	-0.213148885948006
TLE4	-0.21321636361967
PAPPA	-0.21331905465161
INPP5F	-0.213494038852715
RASSF8	-0.213541677689896
RICTOR	-0.213746242632584
STXBP2	-0.213806483874052
UBAP2	-0.213844075398269
RCOR3	-0.21392445562423
CCL22	-0.214018539076521
CEP192	-0.214047651858864
PARD3	-0.214053266245646
MAP3K2	-0.214085844048254
RIMS3	-0.214168941190783
ARRDC2	-0.214198888541533
WAC	-0.214202545485518
UPB1	-0.214285597870115
TAF8	-0.214464563036924
FREM1	-0.214504971436744
INTS6	-0.214668965498833
FER1L4	-0.214671714453056
HS6ST2	-0.214672252422355
PAN2	-0.214714535399579
SCNM1	-0.214735321387354
PDCD6	-0.214824342267593
ZMYM6	-0.214824389043929
TMEM237	-0.214926461458373
SECISBP2	-0.215026453745604
METTL22	-0.215089095624646
VPS25	-0.21513230906662
NPIPA5	-0.215181324963757
COX8C	-0.215248575669728
CCNP	-0.215250103905996
ZBTB8B	-0.215412424557078
CASQ2	-0.215435398084273
POLR2J3	-0.215451595738822
TEKT4P2	-0.215734118723246
MT1H	-0.215828119059157
HGS	-0.216005602248713
ZNF235	-0.216020017566003
GLI4	-0.216023250637682
NBPF18P	-0.2160234334352
KIF19	-0.21621842032442
SH2D5	-0.216262986032672
MPDU1	-0.21642795368479
PECR	-0.216581364242378
SFRP5	-0.216745202111833
CHMP2A	-0.216799491498999
ARL6IP6	-0.217140780054986
RNF149	-0.217299341983657
MYLK4	-0.217336935612889
BICDL2	-0.217394335158077
SNX33	-0.217416515486811
ZSCAN29	-0.217481710025407
SCAF8	-0.217673403543416
H3P4	-0.217694631504382
BTN2A2	-0.217960189256779
FAHD2A	-0.218199086291309
VAV2	-0.218207640972718
CAMK1D	-0.218240083817007
ZDHHC8	-0.218246761749115
GCAT	-0.218462848737933
LRRC4C	-0.218474332781697
ZDHHC9	-0.218570602394536
PPP1R21	-0.218618877013634
H2BC17	-0.218641777329768
U2AF1L4	-0.219006396482886
LRRC37A12P	-0.219010851042212
COLEC10	-0.219021668823634
SPATA18	-0.219040966584288
BRICD5	-0.21905238353559
FSD1L	-0.219200032926823
TUSC1	-0.21920683472303
AKAP3	-0.219217771016148
DNAI1	-0.219222759204795
TET2	-0.219231362505438
CCNT1	-0.219236212846971
ZNF775	-0.219279528421312
GTF2I	-0.219367123632825
TREM2	-0.219428512335782
ALOX15P1	-0.219469610528758
DUOX1	-0.219537514798499
MAP4K5	-0.219603232499608
DVL3	-0.219721299675506
PRP4K	-0.219723394868715
ZNF766	-0.219742565766418
TRIM29	-0.219770359341245
ARHGEF25	-0.219931620655512
HDAC10	-0.219935349565168
RAB33A	-0.219961199875273
NAPRT	-0.220011682099838
PBXIP1	-0.220207452306732
LDB1	-0.220265290881638
IRS1	-0.220485733796657
AP4S1	-0.22051332321814
DDX3X	-0.220650552352853
DMD	-0.22088130127472
FEM1A	-0.220936083269743
USP20	-0.221068137455489
MMP2	-0.221089564093955
TREML1	-0.221102335325719
RLF	-0.221257763511364
GHRL	-0.221295370930946
RADIL	-0.221331810387772
VSTM2L	-0.221405656800359
TMEM260	-0.22147641456303
CEP78	-0.221502117313016
SYNJ2	-0.221654457114211
PCSK5	-0.221740870177811
SNRK	-0.221794606564131
ZNF671	-0.221885644548258
RHOB	-0.222017112565676
TRIML2	-0.222166608201244
IFT140	-0.222169036550011
SLC25A16	-0.22217417644761
IGIP	-0.222192205703743
PKD2L1	-0.222421864772282
FNBP4	-0.222596530911563
PROSER3	-0.222605580342801
ANKRD13C	-0.222870557659293
SBK2	-0.222897000551603
SLC24A1	-0.222903860307072
SYNCRIPP1	-0.222923427946393
CAMSAP2	-0.222935779860301
CCL27	-0.222952921158509
HMGCR	-0.222954546708856
QARS1	-0.222961601579108
HTATSF1P2	-0.222968806410054
MAPDA	-0.223178572874147
DNAJC14	-0.223222247369589
PGAP6	-0.223223343439869
CASD1	-0.223233654599397
ATG13	-0.223283866267823
MKRN10P	-0.223343701594017
TOX4	-0.22335708859076
KIRREL3	-0.223414038777165
DNAH2	-0.223430545608821
KRT81	-0.223547958741534
CBLN3	-0.223603849941749
FGD3	-0.223609171386585
OSGIN2	-0.22363643903023
PCDHGB8P	-0.223665982794877
JPH4	-0.223715127528029
KRT8P39	-0.223809219031885
SLITRK3	-0.223815121901054
KLF13	-0.223838037031688
SENP3-EIF4A1	-0.223896160354402
PRKCZ	-0.223899789737869
CLEC2D	-0.223922960615665
PMM2	-0.223981917918284
HECW2	-0.224061914189343
TRIM73	-0.224094054566153
OR5H6	-0.224240672203486
STMN2	-0.22424102293887
LRRC38	-0.224278503653964
CHP1	-0.22437917157302
GRIK1	-0.224422544529262
ZNF772	-0.224437744606161
ATP13A2	-0.224464402427233
NME8	-0.224599286222774
E2F1	-0.224624972297848
HS3ST3B1	-0.224625544047799
LRP1	-0.224629126366505
JMY	-0.224668309166272
SEMA6B	-0.224832137996438
USP32P1	-0.224956549144683
ZNF425	-0.225084142831164
MARF1	-0.225102205424683
ABCC9	-0.225301762605308
TADA2B	-0.225450155714423
DENND4B	-0.225564913935444
ZBTB4	-0.225639042590697
H4C15	-0.225685387399736
ARL9	-0.225721809094275
GPCPD1	-0.225841589287528
BNIP3L	-0.225987234214794
CALHM5	-0.226188128119965
ZNF28	-0.226231251237586
MAP1LC3A	-0.226244102781676
CCDC142	-0.226287246515338
SLC4A1AP	-0.226342338425063
SSBP4	-0.226393596463731
HBP1	-0.22640726054146
CLK3	-0.226413935821873
CYP2D6	-0.226540522391968
TUBA1A	-0.226587660572649
PLA2G7	-0.226735808371735
HSF2BP	-0.226804281124499
CNN3	-0.226834390968872
PAFAH1B3	-0.226944239235416
KPTN	-0.227366802763191
THPO	-0.227635069262442
AGAP2	-0.227695660376463
RPL7AP43	-0.227757623799819
PTGIR	-0.227777670613965
ALK	-0.227778050316347
ZFYVE21	-0.227835673764122
CACUL1	-0.227862998960562
PIAS3	-0.227866415301044
CCDC82	-0.227936311523262
TBL3	-0.228024654068533
PLEKHG4	-0.228038775698211
KRAS	-0.228161915704159
RAP2C	-0.228199055653391
CORT	-0.228225167563234
GTF2IRD2B	-0.22844248444648
TCF7L1	-0.228454268411186
LRRC10B	-0.228475062484906
CCT6P3	-0.228485225640553
USF2	-0.228490480081679
RPS6KA5	-0.22851286894101
KCNQ1	-0.228562158576372
SDK1	-0.22869251971563
LSM14B	-0.228701575297128
ZNF320	-0.228738628900776
KANK2	-0.228749051510606
ATOH7	-0.228848559169852
PRR22	-0.228974427946832
PLEKHG1	-0.229011727449755
PLAU	-0.229128680804355
IFIT1P1	-0.229179742121477
NOS3	-0.229187030592956
RABGGTB	-0.22923927978521
SPEF2	-0.229250581357704
LRRC23	-0.229460633333612
LAMC3	-0.229480206935654
ABHD17AP4	-0.229529776925345
ERBIN	-0.229677858787013
FAM157B	-0.229703461161852
H2BC26	-0.229738922629061
KSR2	-0.229788715210342
HIKESHIP1	-0.229830034748298
DDX17	-0.229928414290736
ANGPT1	-0.230074339942293
CREM	-0.230092495459638
INO80B	-0.230109688872031
OR7D2	-0.230113254520242
FAM98C	-0.230281954125899
SPNS1	-0.230292722296768
CFAP36	-0.23053851011139
FBXW11	-0.230638140452662
BACH2	-0.230744714612599
TSC1	-0.230754336838611
OSGEP	-0.230807126248751
STRIP1	-0.230888647997558
PCDHB18P	-0.230998024447088
NRG3	-0.231067724279326
ARL15	-0.231191904313296
FSD2	-0.231337148090525
HAGH	-0.231478728720177
PIKFYVE	-0.231512034556366
SLITRK2	-0.231544927152632
PHOSPHO2	-0.231572064317672
TMEM208	-0.231694286367765
ZNF585A	-0.231732435199862
DLEC1	-0.231754115551984
ELL2P1	-0.231804508558252
WBP1	-0.23182372562405
FOXD3	-0.231843859712911
ZNF43	-0.231948419827173
DNAH6	-0.232001283709839
CT55	-0.232043386663118
CKAP4	-0.232111077900641
CEP76	-0.23223889190385
CD52	-0.232247275506465
RBMS1	-0.232299468742532
ZNF670-ZNF695	-0.232333065200633
LMNA	-0.232399119997499
RTP4	-0.232419298410203
UNC93A	-0.232434211970561
ACKR2	-0.232516510206807
ADRA2B	-0.232541864578049
CA13	-0.232564987146913
ZSCAN26	-0.232574063610909
CENPO	-0.232634071614381
ACSS2	-0.232674209018589
IL13RA2	-0.232762307391355
TACC1	-0.232796566589822
ZNF606	-0.232822664861447
ZKSCAN5	-0.232826700767047
EMILIN3	-0.232994283527823
IQCK	-0.232999451640074
RHOF	-0.233711981622745
CRYAA	-0.233868167670749
GLMP	-0.233893242080768
FNDC3A	-0.233906935736509
CASP7	-0.234089103134314
TRIP4	-0.234323409624315
ACSS1	-0.234364809654049
GNAT1	-0.234417347063252
GATD1	-0.234429793374432
HNRNPA1P35	-0.234487788863036
CD9	-0.234533553560863
LIAT1	-0.23454306034411
FAM53A	-0.234704059125911
WDR47	-0.234941779155913
CCDC17	-0.234953840758874
CDC7	-0.235009467202455
TMPRSS11E	-0.2350877702382
FAM3A	-0.235111729872932
POM121L2	-0.235144291261015
KRT18P5	-0.235219670375572
OR2L1P	-0.235312761473341
ZFP90	-0.235344708894817
MLEC	-0.235536126409504
METRNL	-0.235560160740131
IFT27	-0.235671485966704
RPSAP52	-0.235714071325474
COMMD5	-0.235801742593343
CCDC137	-0.235806864725219
TIGD2	-0.235834476445134
FZR1	-0.236018119487449
ACTBP7	-0.236139740880697
TCEAL6	-0.236239700580257
ZC3H14	-0.23626777415597
RBM14-RBM4	-0.236313538304145
CCAR1	-0.236321416289263
EPHX1	-0.236512553677557
GRK6P1	-0.236575614038301
ERV3-1	-0.236782368065444
INPP5K	-0.236818707836969
STAR	-0.23685380373962
GDPD5	-0.236903229719505
CFAP77	-0.237079801538263
CORO6	-0.237106781564823
EMC10	-0.237200905140005
TMEM191B	-0.237225094986186
EID3	-0.237253229634336
SLC25A1	-0.237296563520088
ZBTB18	-0.237487230604591
RRAS2P1	-0.237682128232482
TSG101	-0.237699551592715
SIK3	-0.237726815979673
RAPH1	-0.237732496713421
ERG28	-0.23783221563362
TMCC1	-0.237989173980439
TMC5	-0.238050467019662
CBFA2T2	-0.238068583024292
ZDHHC11B	-0.23819358120266
NTRK2	-0.238201503041562
PRSS46P	-0.238858515157309
CREBZF	-0.238962058537465
SMARCA4	-0.239057964049081
CCDC15	-0.239163012373057
KCNH6	-0.239259146113997
DARS2	-0.239287650840258
ZFPM2	-0.239294110243566
FUT5	-0.239855640148274
TSNAXIP1	-0.239924515371977
SWAP70	-0.2399304834458
PM20D1	-0.239948748403029
ERC1	-0.239955306758794
SLC27A1	-0.239966896511172
ENOSF1	-0.240205505018496
IMPA1P1	-0.240344090827103
RHOBTB3	-0.240406100447657
APTX	-0.240416209835885
EEF2K	-0.240610366804626
CYTIP	-0.240638755349766
DUS3L	-0.240668787325315
TH	-0.240699326375569
UPK1A	-0.240731887762186
HIVEP2	-0.240979885095547
MROH7	-0.241000179261439
C2orf72	-0.241004970536756
TANGO2	-0.24101358528789
LRRC37A6P	-0.241031697935122
ZNF641	-0.241380273537585
PDK1	-0.241382871189624
ZDHHC13	-0.241392237084321
PPP1R15A	-0.241579381954733
CPXM1	-0.241631766553566
AMH	-0.241700301714621
STAMBP	-0.241883511645245
SRSF8	-0.241887053781444
ALOXE3	-0.241935798619513
SORL1	-0.242270740485775
LARP7	-0.242299805754842
RTL8B	-0.242360519660911
PPIAP46	-0.242506198961143
DHCR7	-0.242583416179627
L3MBTL4	-0.24262380800422
SHMT1	-0.242628602503336
BIRC6	-0.242643465741985
MFSD4B	-0.242907236495203
PYROXD2	-0.243046132806722
LGALS3BP	-0.243344551701202
EPS8	-0.243415824870217
NAP1L5	-0.243439563933475
PEX16	-0.243599990564942
DNAH1	-0.243738116669177
TTC36	-0.243779941559364
ORAI3	-0.243820014826428
SIN3A	-0.243926952826047
ZNF419	-0.243944681275979
ARHGAP17	-0.244127587558774
SCAND2P	-0.244128330610272
CIBAR2	-0.244179804860789
AHSA2P	-0.244187834811441
TET1P1	-0.244267517733643
VPS18	-0.244306866900186
PCIF1	-0.244576517053295
TAF9	-0.244814195428834
EGLN3	-0.244905199401298
LGI4	-0.244938676749668
PHF12	-0.244995025916839
ITPKC	-0.24502492273654
AK9	-0.245088242923739
ARL8A	-0.245156481591061
COL21A1	-0.245190781628007
SLC20A1	-0.245243921789769
FBXO17	-0.245377839901767
PPP2R5B	-0.245398166412794
RFXANK	-0.245477374017507
CSF1R	-0.245571461920776
PLXDC1	-0.24569624885325
NT5DC1	-0.24574723105336
PTPRN2	-0.245771748739377
SLC25A47	-0.245873907823677
LMF1	-0.245895542031399
USP40	-0.245921631144624
CCDC192	-0.246115110508935
INPP5E	-0.246186041886377
HELZ	-0.246235530906948
RPL7AP16	-0.246238840501809
RAD51AP1	-0.246328042491048
TMCO6	-0.246404287477418
PARGP1	-0.246420984795169
FBXO24	-0.246560083506026
SDHAP2	-0.246594884912509
RAB43P1	-0.246614830624267
ADAMTS18	-0.246648806000539
TNKS	-0.246672016045888
CAMK1	-0.246712783425443
WRAP73	-0.246756976815226
TTLL4	-0.246794439784567
CYP3A5	-0.246856588221711
SMG1P5	-0.246930702736753
NECTIN3	-0.247001359898047
THAP12	-0.247093151278052
MYO1G	-0.247127771208027
PCDHA7	-0.24715708738944
ELMO3	-0.247231999447985
DENND10	-0.247326652948741
ASIC1	-0.247342672921482
CCDC148	-0.247391528702184
PPP2R2C	-0.247437251132924
PON2	-0.247557844080323
BAIAP2	-0.247613002098202
ZNF655	-0.247767051786902
LSAMP	-0.248021334033237
ATXN2L	-0.248037213666939
VPS33A	-0.248081185831654
CERS4	-0.248130612096783
PI4K2B	-0.248185385520588
MXRA5Y	-0.248337176774535
TAFA1	-0.24841685878423
FBXO39	-0.248445977778531
MAGI3	-0.248500138673732
TFPT	-0.248623592669722
EVC2	-0.248645752200261
FBXW12	-0.248650984002052
STK31	-0.248868232099269
GSTA4	-0.24915512669953
MSR1	-0.249164908968829
RETREG2	-0.249258270867576
PAOX	-0.249302679867156
MRAS	-0.249336482853137
WDR24	-0.249351648961035
SV2C	-0.249422113211826
PCDHB12	-0.249563394570444
SCN8A	-0.249629082094148
CECR7	-0.249630558085521
INO80	-0.249669190111388
TSHZ3	-0.249734267370588
FABP5P9	-0.249769989153636
FZD4	-0.249839133686418
POLR2K	-0.250000507988751
TBCEL	-0.250006761732417
NT5DC2	-0.250075485770107
DTX4	-0.250195374117541
PIK3CB	-0.250202693906963
LYPLAL1	-0.250246559588943
BMS1P12	-0.250454992793429
LHB	-0.250481057282812
SLIT3	-0.250519141466242
DGKD	-0.250602799010195
NPIPB5	-0.250613164348516
GRHL2	-0.25072610686912
POC5	-0.250913325180714
AGL	-0.250929406750774
RUFY2	-0.250938907757065
MYEF2	-0.251089331133791
ZCCHC14	-0.251163665540939
ENSA	-0.251184604682799
CEBPG	-0.251323379194762
ENTPD6	-0.25142733326255
SMIM10L1	-0.251441941152026
SLC66A3	-0.251472173919246
IRS2	-0.251546714226353
CTPS2	-0.251621196123085
CHAMP1	-0.251637923233701
GSDME	-0.251865446475038
KCNJ10	-0.251915876321769
PRPF8	-0.252027216282151
ADCY10	-0.252083138525264
MARCHF1	-0.252266914375662
RESF1	-0.252381979308382
MFN2	-0.252737120246299
MIF4GD	-0.252747766660048
UGT1A12P	-0.252803010481752
CDK12	-0.25285414385979
ADGRD2	-0.252854334778148
PIK3C2A	-0.25287600222756
TENT2	-0.252930050603335
NCF1C	-0.252977401456956
POLD3	-0.252983225810387
LRRC37A2	-0.253046588750179
IFT88	-0.253058748970037
EPM2A	-0.253100291932718
STX1B	-0.253133713169
YPEL2	-0.253510894055788
FBXL9P	-0.253523551108858
BMS1P4	-0.253527414968708
REPIN1	-0.253641735020051
SLC35A2	-0.253689106886272
NEO1	-0.253758167511899
CHSY1	-0.253810817479465
C2orf92	-0.253984937156646
RHEBP1	-0.254008795193274
CBLB	-0.25404791494928
LINC02693	-0.254053216878475
THAP9	-0.254260174561774
PIK3C3	-0.254354263955447
CRHBP	-0.25439987349843
TLCD4-RWDD3	-0.254555447753445
GDF3	-0.254641053054525
CEP89	-0.254687729625931
CPLANE2	-0.254918622719597
DUSP10	-0.254947412798648
EIF3L	-0.255107723083516
PTPN11BP	-0.255128988091098
SLC31A2	-0.2554833259276
OSBPL11	-0.255516333903034
DGCR6L	-0.255799450501582
PADI3	-0.255838265009294
SMPD4BP	-0.256218050405114
CFAP70	-0.256313328051324
DDX4	-0.256326022267713
HBG2	-0.256332262579231
PRF1	-0.256539463663187
OR2AG2	-0.256593450257814
EHF	-0.256709649690236
HIGD2A	-0.256843033314544
KCTD15	-0.256876334827482
MKNK2	-0.257052614940465
EDC3	-0.257097974236256
STAT2	-0.257110044241231
PIAS2	-0.257133603608392
CCDC22	-0.257257393362054
EFCAB13	-0.257488896720916
WDR45	-0.257495744111127
PAN3	-0.257587717573292
PLAC8	-0.257631270617866
ELN	-0.25773127106628
FAT2	-0.257886037792691
FOXO3B	-0.257935776213134
GH1	-0.258281672577617
CMYA5	-0.258335346415839
EGLN2	-0.258351840542975
SYDE2	-0.258442226387803
SEC1P	-0.2585033955406
MORC3	-0.258540436839393
LIMCH1	-0.258590492498945
XKR4	-0.258591558881544
PCGF1	-0.258595962711021
GPA33	-0.258662755684932
UPF3AP1	-0.258732332492919
ZFP30	-0.258839993218128
PTGER1	-0.258915827177291
SPPL3	-0.258965476063532
ARSB	-0.259022069372268
SLC34A3	-0.259047218935679
PNP	-0.259064392946761
SLC38A7	-0.259112658872635
GEMIN4	-0.25914745545438
CDX4	-0.259334803481893
STAM	-0.259334965902449
FIG4	-0.25934434965565
TOPBP1	-0.259572444272245
HERC6	-0.259612865500267
SPTAN1	-0.259621673932933
GNA15	-0.259623319298428
PPP5D1P	-0.25962442123066
PRXL2A	-0.259661839943488
PLIN4	-0.259707430580203
TJP1	-0.259715725934729
INTS1	-0.259750471302163
NPDC1	-0.25987901334016
PIK3IP1	-0.259913294424678
ARHGEF26	-0.260248233211655
WBP2	-0.260280224932683
HNRNPR	-0.260380594611898
HSPB7	-0.260385893772758
NGFR	-0.260400077677479
FEZF2	-0.260456528296312
PPP1CB	-0.260553644216699
DBN1	-0.260583269044287
PRSS36	-0.260671214659578
MICU1	-0.260832549296622
PSKH1	-0.260891853901859
LEMD1	-0.260901987408287
ANKRD37	-0.260914723793243
TCF7	-0.260964148320364
INSIG2	-0.260979402091919
IMPG1	-0.261056728902785
RCC1L	-0.261097104905487
KIF24	-0.261272819577446
ST6GALNAC4P1	-0.261273840072657
KIF26A	-0.261317804803138
SDHAF2	-0.261357928960246
TAF6L	-0.261408895914157
GTF2IP20	-0.26156259122419
SLC9A4	-0.261564935256438
MMEL1	-0.261615721124239
ATP9B	-0.261622227252254
KHDRBS1	-0.261725332416336
COL6A4P1	-0.2619125981961
BCORP1	-0.26193163186846
AGAP4	-0.261981775224857
TPM3P9	-0.262060698344193
MTCL1	-0.262141182741833
RIPPLY3	-0.262249328791075
SP5	-0.262286757987467
KIAA1586	-0.262450663195052
UBL3	-0.262458426494193
PPAN-P2RY11	-0.262509029101972
ASCL2	-0.262541642954513
C19orf44	-0.262560872853166
INTS7	-0.262624296511417
CTHRC1	-0.262692310820223
HOXB1	-0.262705015541946
CLEC16A	-0.262779557795327
MYOM2	-0.262783312172294
EXOG	-0.262785647731437
GNPTG	-0.262847135151001
HACL1	-0.263108850676637
ANKRD9	-0.263114505780334
IFNE	-0.263173218939409
AMELY	-0.26331818777221
MYO1E	-0.263349623185053
OLFM3	-0.263469904683027
ARL4AP2	-0.263473043614539
GREM1	-0.263505821264632
LRRC37B	-0.263590925902818
ATP6V0C	-0.263641925603582
C21orf91	-0.263735594762965
NANOS2	-0.26380052253242
GALT	-0.263901532267418
STRN4	-0.263990186120479
DNMT3B	-0.264007563311376
RDH5	-0.264170098957014
TNNI3	-0.264309259094814
ACBD5	-0.264547036275787
TRMO	-0.264725361393745
PACSIN1	-0.264728632969213
ZNF271P	-0.26500598789612
PIP4K2C	-0.265098848711413
NOL9	-0.265223820605811
RAD54L2	-0.265311454626249
NDUFAF3	-0.265402260749515
MYLIP	-0.265406250151663
HNRNPA1P4	-0.265539517584248
GREM2	-0.265641559720787
GIGYF1	-0.265692863539148
ACVR2B	-0.265801023410722
FGF7	-0.2659498361143
ZDHHC15	-0.265957039119606
GOPC	-0.265964477061774
RAB2B	-0.266002023820748
NCK2	-0.266100822580289
CCDC144NL	-0.266103019739083
FOXO1	-0.266224752909301
ADAMTS9	-0.266273969215095
SPRN	-0.266374457165108
DDI2	-0.266407814384567
SSH2	-0.266633820014565
DRGX	-0.266721985286137
RAB21	-0.266930164496493
MYLK3	-0.266988397072141
FTH1P3	-0.26704328373098
CLEC18A	-0.267100625859594
CLTCL1	-0.26710269884122
CBFB	-0.267136141338465
SPSB4	-0.267234503260841
TECPR2	-0.267587130997573
HSPA2	-0.267640476551091
FASN	-0.267686870025751
ZC2HC1C	-0.267790421445446
EIF4EP2	-0.267819908277195
CCDC71	-0.267852629482833
PCMTD2	-0.268003748439714
ZNF789	-0.268088662006343
TRAF1	-0.268121198551083
CSAD	-0.268122565622438
ARPIN	-0.268220734507255
ARSD	-0.268299676010172
VTN	-0.268581525288543
SH3TC1	-0.268701955673074
SLC24A5	-0.268871179329411
PLXNA1	-0.268872085639248
PTEN	-0.268939370030975
REXO6P	-0.269170184283893
EFNA3	-0.269254981536126
ANKRD36	-0.269319249763054
BCAM	-0.269516614452008
B4GALT4	-0.269616098371576
KAT6A	-0.269720034029791
DRC12	-0.269825493112488
TTC5	-0.269965264623271
ZMIZ2	-0.269972347418235
SMG8	-0.270019891196889
MST1L	-0.270029301510355
CHKB-CPT1B	-0.270031021395862
SPDEF	-0.27009060209959
ALDH4A1	-0.270117185654629
TCF4	-0.270216238832925
POLR1H	-0.270362180852958
MTIF2	-0.270378495454732
PAXBP1	-0.27040782274013
PALM3	-0.270678036646424
OARD1	-0.270784198589722
IGSF9B	-0.270790900923997
TMEM37	-0.2707984106073
UPK3BL1	-0.270825042323088
NDUFA5	-0.270828059590188
REEP6	-0.270955109577582
VMAC	-0.270991963337138
ZNF302	-0.271069259313179
CBL	-0.27110168385519
QKI	-0.271218777052209
ARL4D	-0.271296059048417
FAM133B	-0.27129772311859
EPC2	-0.271590716424862
CARF	-0.27161197215793
TEX14	-0.27167813520557
TCP10L3	-0.271785943319677
ZNF711	-0.271811171705478
ATXN7L3B	-0.271903316977893
PLEKHH3	-0.272009918154213
XKR7	-0.272010540780267
CCDC187	-0.272053006366248
TRIM13	-0.272081816839071
QRICH1	-0.272087708639313
FOXA1	-0.272224851352311
SEMA5A	-0.272355127512059
ZBTB11	-0.272432893835555
TAOK1	-0.272530005055555
GSK3A	-0.272544419907769
SPATS1	-0.272569392606961
ADAMTS7P3	-0.272798855614147
EYA3	-0.272880720565899
VOPP1	-0.272885981785068
SNX18P7	-0.272900875699501
KIF25	-0.272901171719996
KIAA0513	-0.273135603628384
USP3	-0.273158536010314
ARSL	-0.273306064453339
ANKRD36C	-0.273315980248384
SLC35B1	-0.273424955373947
SLC22A2	-0.273820777280619
FBXO46	-0.273829717851295
MUC20P1	-0.273865835022801
CRYL1	-0.27396411323395
PAX6	-0.273979780585516
ZNF573	-0.274274065802366
ZNF621	-0.274429856614089
MSI2	-0.274446973292837
PLEKHO1	-0.274479766995115
CCZ1P1	-0.274497721298818
SC5D	-0.2745092776098
ADA2	-0.274530794450447
C17orf75	-0.274604386089192
UGDH	-0.274698222935203
ATP13A1	-0.27469874942873
TP53INP2	-0.27471354372044
PMEPA1	-0.274774663074026
SGSM3	-0.274909265057314
BRD9	-0.27495541004659
LNPEP	-0.275009661442049
LEMD2	-0.275011353275907
SHBG	-0.275076909818193
TBC1D8	-0.27510533921082
SAP18	-0.275210244389105
POF1B	-0.275294629497495
BCKDHB	-0.275370334935646
PPP1R1A	-0.275500875793469
SLC17A7	-0.275508661264816
SLC36A1	-0.275643949122463
VPS53	-0.275774790971764
PXMP2	-0.275778738005423
NPIPA9	-0.275793088443037
GABPB2	-0.275963435750678
ASCC2	-0.275968036443035
UBE3B	-0.276032878824291
SDCBP	-0.276037685507438
NPAS2	-0.276083714233677
ANKAR	-0.276118372519743
C2CD4A	-0.276163042433674
ABCC6P2	-0.276254000699657
VGF	-0.276331288237948
SLC45A4	-0.276501314747396
MFSD8	-0.276621181645823
FNIP1	-0.276655845857083
SIPA1L3	-0.276764650980502
POLDIP3	-0.276836754212695
LRRC37BP1	-0.277045280111895
TTC21A	-0.277117616379853
ATP2A1	-0.27716747181343
RARRES2	-0.277740709910615
ZBED3	-0.277746753694659
POLR3B	-0.277919237118003
NLRP1	-0.27795376409478
LGALS9C	-0.278141246439474
ZNF600	-0.278168057442063
INSRR	-0.278193921354018
EEIG1	-0.27823052462043
HECTD4	-0.278263910673256
RIMKLB	-0.2783275438711
CSTF2T	-0.278558812401415
EVA1B	-0.278632035274512
TAFAZZIN	-0.278731717520508
IGFLR1	-0.279175880798593
APH1A	-0.279253564086403
GTF3C1	-0.279353989123544
IFITM10	-0.279394323341231
KRTAP12-1	-0.279464613882395
FCER1G	-0.279504308107974
CYBB	-0.279669622771879
DUX4L50	-0.279675077137365
SALL4P7	-0.2797438477042
FBF1	-0.279751769763476
POLE	-0.279785789770161
ZNF555	-0.279806911714854
FOXK2	-0.279819112990084
REEP5	-0.279837588829025
NKX6-3	-0.280019939482616
PKD2	-0.280086795156981
DESI2	-0.280158408607643
B9D1	-0.280213632249369
ZGPAT	-0.280371064141966
NECAB3	-0.280672895445292
SMG6	-0.28070853586606
ADAM20	-0.280817594752635
ECE1	-0.280851614867092
AARS2	-0.281033124462182
EPPIN-WFDC6	-0.281813065314679
RPS27P25	-0.281956711813238
ITPA	-0.282073248959828
TSHZ2	-0.282109961385334
PI4KB	-0.282368408828875
CAPN12	-0.282378550301329
TGFBR3	-0.282417340186398
PPP6R2	-0.282477689330944
RPS15AP36	-0.282486571417314
TKFC	-0.282520294448451
ELF4	-0.282622966852049
CPLX1	-0.282629421910527
MORC4	-0.282927394841394
POU6F2	-0.283100168400589
NEIL1	-0.283349230371057
ASPG	-0.283410578319058
FSCN2	-0.283500868140568
MYOZ3	-0.283566137373041
ATF5	-0.28378327464268
ARL6	-0.283795609139379
PTBP2	-0.283819557225739
FAM20C	-0.283869822132317
PRRG2	-0.284016340852661
DPP10	-0.284053976172518
DUSP8P5	-0.284167848821762
PDPR2P	-0.284204917445731
PIGO	-0.28423355181667
ZNF175	-0.284443394575576
HKDC1	-0.284447583592883
NDUFAB1	-0.284577117774521
DCLRE1B	-0.284610904432347
SH2D2A	-0.284784885531579
FNBP1P1	-0.284930294539112
F11	-0.285010740531975
APBB1	-0.285112124632493
UBE2Q2	-0.285267025993582
CAVIN1	-0.285537231242806
DPYSL4	-0.285679267046981
SH3RF1	-0.285688963397466
TINF2	-0.285900109551467
EPS8L2	-0.285985095456676
SPPL2A	-0.286101911222723
SEC23B	-0.286223156300698
DNM1P51	-0.286298524799947
VSIG10	-0.286306621292032
PLEKHM1P1	-0.286328838963882
DUSP28	-0.286420685747544
CPEB2	-0.286453580900093
MAPT	-0.286488187256388
HSP90B2P	-0.286495544976664
SGTA	-0.286637179328376
SERPINB8	-0.286721767032175
GRB2	-0.286785132205301
TBC1D9B	-0.286854469304631
ITFG1	-0.286918047320843
YJU2B	-0.287080867085954
KNDC1	-0.287105602078969
TRIM44	-0.287193225343932
TAS2R5	-0.287478071786387
ZNF567	-0.287510222995335
USP8	-0.287519859432977
CREB3L4	-0.287623436724846
ELF2	-0.287744144743108
EDN3	-0.287823483829423
ZNF841	-0.287888185188249
ATP2B3	-0.28794800697006
UNK	-0.287983449476574
GALNT5	-0.288150010739271
RPL36P7	-0.288332459379132
ANKRD36B	-0.288346569311148
PYGM	-0.288375546818189
CAND2	-0.288379780414755
B4GALT7	-0.288494251853722
SPAG7	-0.28850554289334
UHRF1	-0.28854051502319
RYR2	-0.288556327815887
TAF9B	-0.288703303701671
ZNF618	-0.288950691026774
ZNF205	-0.28896069892002
LONRF2	-0.288984838896726
ITGB7	-0.289045775091056
HBA1	-0.289087064719102
NECAP1	-0.289133582073361
FAHD1	-0.289234165127745
NGEF	-0.289265318014904
SPATA31B2P	-0.289281988635814
CFB	-0.289286540645371
EYA2	-0.289322301853282
ADAMTS7P1	-0.289360744795046
CFAP298	-0.289364515910438
RBMXL1	-0.289438445450737
RASA4DP	-0.289476078106645
SLC49A4	-0.289531132055593
MOCS3	-0.289905332619836
ZNF316	-0.289949090663278
H2AC10P	-0.29032403005369
FCGBP	-0.290527947876692
ANKRD63	-0.290629010377339
VWA2	-0.290644375091969
CACNG5	-0.290664432533591
CCDC73	-0.290673065412303
DUX4L26	-0.290728547947975
SNTB1	-0.29073518696395
NSUN7	-0.290884616971001
ZNF491	-0.290918984343437
BNIP3P19	-0.290941367483232
SYT12	-0.291006674830521
SH2D6	-0.291077640216234
FGF14	-0.291092949641426
U2AF2	-0.291113075676102
PSMD9	-0.291118008854597
PON1	-0.291121038518157
KCNN4	-0.291200178359926
MOB3A	-0.291373950690839
TBC1D13	-0.291640797854931
PDLIM1P4	-0.291692100547363
SLC28A3	-0.291694524814191
RNF157	-0.291842973366711
ZNF429	-0.292036386856669
CCDC3	-0.29219826659517
ZNF837	-0.292376415038886
HS2ST1	-0.292478772834133
THOC5	-0.292698694788944
TNFRSF12A	-0.292773504253528
RHOXF2	-0.292796801522028
MT1JP	-0.292851510589904
C9orf43	-0.292961512603696
TMEM25	-0.293276155994654
ITIH4	-0.293288691919743
MMP17	-0.293350509376382
TMEM132E	-0.293375243551271
XPO4	-0.293437421996042
CR1L	-0.293598079930848
UCN2	-0.293651079643668
PBLD	-0.294053923965337
RPP25L	-0.294151500425212
RNASEH2C	-0.294156111312882
SNX16	-0.29434666850664
SDHAP1	-0.294405961816321
IMPDH1	-0.294836159327322
TENT4A	-0.295104130582874
STAM2	-0.295121322166377
DHRS4L1	-0.295425874717989
PAH	-0.295431053098864
TMEM91	-0.295598069581748
SLC6A12	-0.295695511099683
ATG9B	-0.29582706430617
CHMP4BP1	-0.295912325874745
LRFN1	-0.29593579070854
FGF3	-0.295943680931981
LANCL2	-0.296033435749539
ZNF233	-0.296083742064837
ARMH1	-0.296101838506715
ABCC3	-0.296189499379194
PAPPA2	-0.296374195342239
DOC2A	-0.29641535478497
C18orf32	-0.296813653634039
ZNF583	-0.296817415925894
OGFOD2	-0.296965877374339
CHID1	-0.296983434866132
EMC7	-0.297085968009435
LCN12	-0.297371030798381
PHF19	-0.297440406806753
SHCBP1	-0.297521144138827
RTN4R	-0.297565012675933
ADCY4	-0.297696955021073
KCTD21	-0.298126548309082
SPIRE1	-0.298284186575945
ITGA2B	-0.29833112715562
CACNG4	-0.298384372517323
GLIPR1L2	-0.298391693060488
NDUFA4L2	-0.298400067513727
ANAPC13	-0.298419731234552
ENKUR	-0.298431238445575
CXCL14	-0.298570751777412
VCPIP1	-0.298769555033719
LAT	-0.299048387654677
NOX4	-0.29913543434606
EMC3-AS1	-0.299197409394641
CYP2F2P	-0.299276788374787
NUP85	-0.299309664592237
B3GAT3	-0.299344185755574
CPM	-0.299434574678976
YJEFN3	-0.299598628858879
TPTE2P2	-0.29962606125966
DCTN5	-0.299754814616546
SEMA3D	-0.299801296834529
ZNF526	-0.29990785629985
EDNRA	-0.29991351330354
CLEC4D	-0.300257737287367
ARMCX1	-0.300324555138
RPL13AP12	-0.300483105301736
SNX21	-0.300533320000635
PDE7A	-0.301095143398375
SPATA31A7	-0.301308470710599
CDH2	-0.301422205005967
MED13	-0.301446348498981
EFCC1	-0.301509319184636
BBS10	-0.301654784217799
PCDHGB5	-0.301681071229606
RAB6C-AS1	-0.301720679232307
POLR2A	-0.301730831549011
GTPBP2	-0.301873548497039
ADAMTSL4	-0.301972567567167
URGCP	-0.301979819649489
RAMAC	-0.302120948218934
TRAF3	-0.302214754020506
ZNF214	-0.302217655221326
NCKAP5	-0.302639856626838
IKZF5	-0.302756001452968
IL31RA	-0.303044850840429
HINT2	-0.303236752421826
PROM2	-0.303249799510352
TRAF6	-0.303278813217676
SLC47A1	-0.303301567054514
ZNF362	-0.303347892870992
UACA	-0.303517888942807
ZNF280C	-0.303880484917848
ATOH8	-0.303953716578953
KPNA2P3	-0.303997728278715
RCE1	-0.3040364958243
BMS1P3	-0.304056234064313
CD99L2	-0.304112484469974
MYL3	-0.304231452451622
DEGS2	-0.304247397860634
SLC6A5	-0.304311989559246
PDCD1	-0.304382859290096
ST3GAL2	-0.304471696802955
RPL7P39	-0.304818031324358
SLC25A39	-0.304907407396943
PPEF1	-0.305045897463985
KCNG1	-0.305169856476087
KCNE1	-0.305240266268498
DHX35	-0.305328353236462
ZNF664	-0.305359531261731
SECISBP2L	-0.305472654631079
BICRA	-0.305568953688472
DNAJA2	-0.305587703950412
SLC66A1	-0.305702168376012
CRTC3	-0.305804273600638
RPL32P32	-0.305875144428298
ZBTB33	-0.305967626360981
AMACR	-0.306099164303082
RCHY1	-0.30619429427851
LARP1B	-0.306309549123745
ALOX12	-0.306498049213053
WASH5P	-0.306594270783954
TMEM74B	-0.306713720530473
TAT	-0.306779918680599
TMEM79	-0.307254306986495
PPP1R27	-0.307389258076761
CYP2S1	-0.307415841205764
TSKU	-0.307616950099855
GCOM1	-0.307762568295266
PGAM2	-0.307784600202561
HPD	-0.307915108316379
GGT7	-0.308027938614428
TAS2R31	-0.308042956947992
ANO9	-0.308180860360271
ZKSCAN8	-0.308291010483061
CERCAM	-0.308334031590238
MRPL55	-0.308858848517947
CTSF	-0.308894747937198
AKAP12	-0.309105766274985
C4B	-0.309174935028015
MTMR10	-0.309361658906411
LAMB2	-0.30940066986107
SLC16A13	-0.30941218105207
CTCFL	-0.309572587038273
DNAJB9	-0.309576828434314
GLRB	-0.309891146375975
MEF2C	-0.30996070192199
FBXL12	-0.310028506429189
THAP5	-0.310044029972456
DNMT3L	-0.310262043917549
LYL1	-0.310297195741
VPS51	-0.310322863729273
C3	-0.310470936458626
FRS3	-0.310568084881783
PANK2	-0.310603746157462
STAG3L2	-0.310874926836221
RNF212B	-0.310936200870209
MRNIP	-0.311083131729544
XDH	-0.311168947839998
HEXIM1	-0.311192374347422
ATP6V1C1	-0.311261375341897
CDH3	-0.311616935581084
ARHGEF10L	-0.311827193941803
PIERCE1	-0.311910187591666
STK11	-0.311914287437732
GPR62	-0.312045333062819
ZNF345	-0.312081613646401
SAYSD1	-0.31214757709702
RIPOR3	-0.312323948564868
ST14	-0.312333632777249
ZSCAN5B	-0.312561859913499
ISYNA1	-0.312607737542019
C4orf36	-0.312843147253279
CSRP2	-0.312846560791666
ERCC1	-0.312858356136575
ANPEP	-0.313169754382257
DBNDD2	-0.313219722928846
DFFBP1	-0.313744979011866
URM1	-0.313829115389464
C1orf198	-0.313877097185845
OR7E156P	-0.313929547074358
VPS13C	-0.313980129055392
TAF5L	-0.314124411760244
CGREF1	-0.314128221352969
LAMC1	-0.314162652356286
HNF4G	-0.314227324241109
CYP4F3	-0.314427491980771
PTGDR2	-0.314740636910439
VPS11	-0.314831296411718
CUL9	-0.314844090788306
HMGCS1	-0.31494585703158
HSPD1P1	-0.314976255865277
ZNF827	-0.315144678816468
FAM9C	-0.315450844154192
GRN	-0.315463630486369
PDCL2	-0.315503781231761
MTM1	-0.31559089696168
AKR7A2	-0.315670035641872
TMEM109	-0.316485122434054
NLRX1	-0.316520865609275
ASCL5	-0.316526512975587
C1QL1	-0.316601295908578
ESRP2	-0.316624220382499
RBM12	-0.316628354631117
MARCHF2	-0.317301267802227
PIGG	-0.317402024080705
PGK1P2	-0.317521177513108
FHOD3	-0.317583679371905
MNX1	-0.317593207895101
MTFR1L	-0.317667575675015
NLRP6	-0.317681989013337
CRLF2	-0.317792394080694
HCFC2	-0.317904190174145
UBQLN1	-0.318017867186004
BOLL	-0.318039500779121
VPS29	-0.318156200665015
SREBF2	-0.318263897523781
IFT70B	-0.318551520318609
ABCA2	-0.318660532844474
LDLRAD2	-0.318776951903638
PPARA	-0.318997022460735
APOC1P1	-0.319138628137768
NDC1	-0.31931219099719
KRT8	-0.319423633287659
SLC11A1	-0.319525935491784
KLF10	-0.319761832643904
TMEFF2	-0.319877667868992
VPS16	-0.319919947885265
SMPD4	-0.320044004038868
C1QL4	-0.320201663271179
CCDC24	-0.320336239142736
FAXDC2	-0.320387093228277
STARD10	-0.320391391692961
ZNF431	-0.3204025871153
DNAJC5	-0.320513671122098
SLC35E4	-0.320704664491137
CHPF2	-0.320735314449495
ATF2	-0.320808591063504
THSD4	-0.321560253286132
PRELID1P1	-0.321610759512925
NFRKB	-0.321687657602056
DCAKD	-0.322168425132913
CALM2	-0.322187954969894
SMURF1	-0.32225560109516
CYP2A7	-0.322353425450138
ZNF76	-0.322363895101949
PHLPP2	-0.32270154453751
BACE1	-0.322708237802972
OPTC	-0.322833887322059
ZMPSTE24	-0.323055790885587
PTMAP2	-0.32326623946792
GALP	-0.323326259571539
IRF2BP1	-0.323375743665879
EDN1	-0.323396697470637
AATK	-0.323775271963651
FAXC	-0.323880955963132
COL23A1	-0.324393246296867
IDI1	-0.32441067358376
DOC2GP	-0.324419445837664
PCDHGB9P	-0.32471066912421
NPIPB14P	-0.32472590209669
TLE6	-0.324736011920128
SERPINA5	-0.324855816883313
CBX4	-0.325467545086221
BEST3	-0.325533152513514
FITM1	-0.325535539113784
EZH2	-0.325569723644819
HSPA1B	-0.325690434675894
KIF1A	-0.325750193008706
PURA	-0.32592597606134
ZBED4	-0.326016806332104
INHBC	-0.326033348939944
HEPHL1	-0.32603957641023
PRICKLE2	-0.326115424559384
RPRD1B	-0.326446993537836
CLCN5	-0.326601996456594
CHCT1	-0.326888681511327
SLC12A7	-0.327024677295663
KLHDC4	-0.327104154939211
SUGCT	-0.327174156227214
ATOH1	-0.327477140409543
TDG	-0.327598410387332
RFX4	-0.327666075635443
CRABP1	-0.327816185947008
SPOCD1	-0.328140767767519
ASB7	-0.328176231585167
MARCKSL1P2	-0.32830724428276
NICOL1	-0.328370703408514
FAM21FP	-0.32838203772863
YTHDF1	-0.328386073830739
TNK1	-0.328416657170796
OSCAR	-0.328480835431623
SOCS6	-0.328865412325727
MUC20	-0.329006180162527
SEPTIN14P6	-0.329167917888314
GRK4	-0.32921169761011
ACTL11P	-0.329378046658533
CIBAR1	-0.329392009562054
C19orf38	-0.329456400375336
CSNK1D	-0.329651888304711
LMTK3	-0.329704370883285
GLIPR2	-0.329746173211833
RPL29P4	-0.329798800948345
MRTFB	-0.330006673885616
GPR26	-0.330048036191651
KLHL3	-0.330110716799885
TBX3	-0.330166143146533
FTCD	-0.330220174208924
PPIAP14	-0.330229399429407
ARMCX5	-0.330316974828085
CUTALP	-0.33068257382974
MSH5	-0.331138204229541
AGMO	-0.331180143577916
FRMPD4	-0.331243082288611
SRRM5	-0.331339808437753
SYNGR1	-0.331603955295384
TBC1D3B	-0.331639518889548
TRIM43	-0.33180762930284
RNF216P1	-0.331877735420174
SBK3	-0.331886171113741
HYAL2	-0.332048809465087
TMPRSS3	-0.33206989889441
CARHSP1	-0.332189270042357
TAS2R38	-0.332393725292262
ADAM19	-0.332407780224775
ACSF3	-0.332555222741512
PTGDS	-0.332633131773684
ZNF846	-0.332741443261329
ZNF234	-0.332818118003194
CHODL	-0.332837017686547
CMKLR2	-0.332882514395385
BCL7A	-0.333243831421884
C1QL3	-0.333477041130823
APLP2	-0.333686935760313
ZNF765	-0.33377832406892
IL12A	-0.333862440363836
ADARB1	-0.334117651498322
PHF2	-0.334193801246018
TNFSF13	-0.334419125786593
MAGED4B	-0.334436106176344
CDS2	-0.334451187837179
IGFBPL1	-0.334524169871089
GRAMD1A	-0.334861219750524
RPS19	-0.335042890234504
STAT5B	-0.335112595619203
C2CD4D	-0.335267931320435
MAPKBP1	-0.33536626965003
C22orf23	-0.335713105996242
ZNF818P	-0.335715394509947
FAM120A2P	-0.335722716792058
ZNF783	-0.33582012161606
SRGAP3	-0.335913463430802
DMWD	-0.33595975367019
SETD6	-0.336020220426572
DPF1	-0.336206940839684
CEBPZ	-0.336209493973428
PCDHGA2	-0.336236293241992
GALNT6	-0.336389262610668
MAD2L2	-0.336395986820338
SPATA6	-0.336508709123682
ELOVL7	-0.336574729050834
DIPK2A	-0.336914931921141
C4orf46P2	-0.337153136084669
PEX13	-0.337179699254662
C11orf71	-0.33733133587791
LSM8	-0.337382669621066
KCNJ12	-0.337572052972998
ZNF557	-0.337580660826019
TMPO	-0.337818749584854
SFT2D2	-0.337870480031822
CNTNAP1	-0.337884733164858
SQSTM1	-0.337942985515793
MSL2	-0.338025628122371
RFX7	-0.338156657161783
PHF21A	-0.338266584370534
TMED1	-0.338267968792318
DLGAP1	-0.338276300122872
RPSAP3	-0.338415624972977
GSTM2	-0.338959390360449
PGBD4	-0.339115768382928
FOXP2	-0.339394070929065
TMX3	-0.339433688605717
RSPH1	-0.339668715801523
NUDT3	-0.339753124709148
SLC12A1	-0.340227826012711
F2RL2	-0.340335283386637
RPS2P32	-0.340343813553495
G3BP2	-0.340428429202241
UNKL	-0.340532829537344
ECM1	-0.340789277635322
LEPROTL1	-0.341116270271093
GON4L	-0.341288215753122
DEGS1	-0.341417837428144
ZNF335	-0.34151342449908
NBN	-0.341540425477617
CEP164	-0.341577117087906
MED28P1	-0.341745512865905
C1orf52	-0.341866244922966
MOGS	-0.342210335602194
ATP6V0D1	-0.342217639278218
ITPR3	-0.342333597103773
PFKFB1	-0.342382821695812
DACT3	-0.342427045095319
SPMIP5	-0.342475235332206
SWSAP1	-0.342539104889684
NUCB1	-0.342587732931876
CTAGE3P	-0.34276585149682
INTS6L	-0.342866350536145
PLXNB2	-0.342924641859418
EIF2AK3	-0.342971510549861
PLA2G6	-0.34312662713002
ZNF680	-0.343196519726527
SCAF4	-0.343484556829655
ADGRA3P1	-0.343505920612765
DNM1P46	-0.343537793505408
ZNF280B	-0.343582956307927
NFE2L2	-0.343760014751122
FNDC4	-0.343851397297368
ADCY1	-0.344146605155841
FBP2	-0.344193105211962
CYP51A1	-0.344398826474573
LRRC71	-0.344444665221813
SLC2A4	-0.344457276440406
FRMPD3	-0.344859075733713
FAM234A	-0.345019214502548
LRRN1	-0.345248300544794
EML5	-0.345605767188562
RBM14	-0.345690239833169
HHIP	-0.345722999319628
ZNF571	-0.345851837990346
PCDHGC4	-0.345861274992653
STRN3	-0.346274609109986
COL6A4P2	-0.346285290334159
SMIM3	-0.346310973974445
TLE5	-0.346377599429184
WTAP	-0.346526423761743
OFD1	-0.347003837038948
CACNB2	-0.347291960994834
SLC10A4	-0.347404574631611
LTN1	-0.347577061835879
AADAT	-0.34764389069457
ACP7	-0.347661378703705
CLDN23	-0.347696432593176
UPP1	-0.347824665020482
OSTM1	-0.347859049379315
ZNF142	-0.347973400449297
MEX3A	-0.348042578715781
MBL1P	-0.34810459799792
LDLRAP1	-0.348182052583344
KRT19	-0.348243984345197
FOXR1	-0.348328869539493
SULT1A3	-0.348502875453213
PPL	-0.348511496616404
FRY	-0.348941270703113
FIGN	-0.349193895872961
DNAJB1	-0.34922072911031
HS6ST1	-0.349340602290987
NPHS1	-0.349374380205375
RTKN	-0.349478833028569
POMK	-0.349608954835757
GAK	-0.349865967926801
MPPED1	-0.350257988085482
PI4KA	-0.350367618719654
CPNE7	-0.350416865782805
NTRK1	-0.35048886327846
CLPSL2	-0.35051071202204
DPP3	-0.350606004263089
ELFN1	-0.350792511498168
ARHGEF19	-0.350892264639769
LRRC15	-0.351000913062166
TTLL9	-0.351644625909779
CHP1P2	-0.351668838086502
B4GALNT3	-0.351710297094893
CDPF1P1	-0.351770842668
PPP1R37	-0.351830111337395
OGG1	-0.351904914334574
CLDN7	-0.35203967902444
FABP3	-0.352208368031035
RBM25	-0.352384030922565
STON2	-0.352449226361922
MMP19	-0.352451670584173
CIART	-0.352494978507408
MT-ND3	-0.352516629320396
TMEM63B	-0.352710269839426
PDLIM3	-0.352796425105793
ZNF839	-0.352829433945291
GRIK5	-0.352847853338677
PODN	-0.352863620115738
NUDT17	-0.352905920417557
ZNF396	-0.352919451505573
GLYR1P1	-0.352929553981821
SPINK5	-0.353290508934605
GTF2IP1	-0.353658668798175
OPHN1	-0.353661665374777
EGFL7	-0.353963837267339
SSX3	-0.35418035329433
C19orf25	-0.35421057455048
ELFN2	-0.354558780627801
GYS1	-0.354611158931233
ZNF823	-0.354866714633694
IMPDH1P10	-0.355059055592592
MKS1	-0.355369411805492
MCL1	-0.355381495186888
TMEM250	-0.355400832541011
MAGED1	-0.35541319948503
ITGB3	-0.355468462743534
DNAJC27	-0.355590130091367
LFNG	-0.355656562614766
JUN	-0.355682352671521
NCOA3	-0.355774957403443
SLC2A8	-0.356283183098135
ENPP7P1	-0.356369020545945
RBBP9	-0.356380661552201
OTUB1	-0.35662503909415
CALY	-0.356737287378014
ZNF780A	-0.357053183524518
ANGPTL4	-0.357155830647704
SLC5A7	-0.357726229823636
GAREM1	-0.357777228882345
DRC1	-0.358046273706777
CDA	-0.358144105390305
CXCR2P1	-0.358483499524912
ATP1B1P1	-0.358606942070524
SLC6A16	-0.358622693338429
SMG1P2	-0.358874468990808
SPANXA1	-0.359131717918664
ARHGEF5	-0.35918878868434
H6PD	-0.359285290173904
DMAC2L	-0.359354039232829
ZXDB	-0.359454832677098
P4HA1	-0.359606519769532
OTUB2	-0.359657880828092
OCRL	-0.359994697313664
PXDNL	-0.360132703829493
CLASP2	-0.360205718006496
NAGPA	-0.360277682659924
MYL4	-0.360544435652768
AFF2	-0.360670273438903
PDIA3P1	-0.360723488686195
C17orf50	-0.360752723008549
ZFTRAF1	-0.360754509242438
DOLPP1	-0.360949363294667
NXN	-0.360963206584769
SNCAIP	-0.360990327518384
DIO1	-0.361051434646616
EFCAB2	-0.361089466289489
UNC13C	-0.361210351046782
AACS	-0.361213703261523
TRGV5	-0.36121946887545
IL17RC	-0.361432040068485
FCER2	-0.361434121222576
ZGRF1	-0.361701336030757
NUP153	-0.361766501839467
UBXN4	-0.361816400707452
MBNL3	-0.361833288140652
FBXO30	-0.36192819800359
NDRG4	-0.362137892156412
ABCD1	-0.36227037704426
PLA2G2A	-0.362341211889739
LTB	-0.362600510538184
DCLK1	-0.362643420725436
NGB	-0.362873760177145
KBTBD4	-0.363004243557207
OSCP1	-0.363034912358727
GOLGA8B	-0.363321432676785
RTEL1	-0.363416789225153
RORA	-0.363961283648471
STARD6	-0.364025155012829
COL28A1	-0.364055250715947
ZNF14	-0.364228244129647
KCP	-0.36435515932663
NPAS4	-0.364435888723004
SEPHS2	-0.364455835109339
P2RX4	-0.364555017044604
COL17A1	-0.364564979794188
ACOX2	-0.364711861530299
R3HDM2	-0.365002188911737
LZTS3	-0.36504120079961
NXF1	-0.365124003427616
FAM86KP	-0.365331628433772
USP6	-0.365399107867289
SCARF2	-0.365549795964462
ZNF713	-0.3655812703578
NEK4	-0.365591038412428
PABIR1	-0.36601743872246
LRRC37A4P	-0.366098017247713
IL10RA	-0.366150539877207
USP49	-0.366276690009243
MYO5B	-0.36638697250235
HRH1	-0.366448264489066
FCGR3A	-0.366863320669933
LMAN2	-0.366925978080063
POTEC	-0.366960132064506
PTPRU	-0.366991915992403
ECI2	-0.367045251421304
HSPB8	-0.367263857061963
PLBD1	-0.36737244963164
TBRG1	-0.367519066949786
CYP2B6	-0.367612243269368
IKZF4	-0.367630767126865
STAG3L3	-0.367743034158068
SH3KBP1	-0.367821832775549
MACC1	-0.367944863858426
PTPRCAP	-0.368127787968918
CFAP95	-0.368163182169186
PDXDC2P	-0.368644470648939
SGSM1	-0.368990444478086
DISP3	-0.369043377155603
ZNF529	-0.369067706417994
NFIA	-0.369084789638298
RRP7BP	-0.369114661898943
ZSCAN12	-0.369256592792925
MYH13	-0.369292553392128
FUCA2	-0.369426480474996
ULK2	-0.369438850854301
TTC31	-0.369548828950053
LPAR3	-0.369681986280108
ABITRAM	-0.369760569866958
ZNF224	-0.36986195345498
SGSH	-0.369880447373797
ADAMTS16	-0.370189245592155
INSR	-0.370214725060896
VAT1	-0.370297166545449
MYH7B	-0.370430044224012
CFTR	-0.370479154603172
SLC45A2	-0.370673753552319
OR7E125P	-0.370892988239815
KRT18P17	-0.371173497104667
KLHDC9	-0.371235106232608
ZXDC	-0.371241891582839
PRSS44P	-0.371275010789637
SULT1C2	-0.371461783090634
ZNF675	-0.37151260206569
RPL29P19	-0.371645482151457
HTT	-0.371647252864827
FAM117A	-0.371735517121169
TYMP	-0.371771407591233
ST3GAL5	-0.371864902229807
TAS2R20	-0.371928251505835
WDR46	-0.371939096667843
DDHD2	-0.37199462840742
WDPCP	-0.372027042873587
ZNF865	-0.372207649644843
COL26A1	-0.372235890327107
SNCB	-0.372271154599066
MT2A	-0.372309429463399
CNTNAP3P2	-0.372506691865768
DPPA3P2	-0.372544868958366
DECR2	-0.372703736034828
SCGB3A2	-0.372765440357696
NME4	-0.372826777259741
FCGR2C	-0.372965822977952
LRP6	-0.373023553931711
TPI1P2	-0.373034639161723
P4HTM	-0.373076107646645
DSCAM	-0.373283096210901
BRWD1	-0.373327205270696
WFIKKN1	-0.373367792855153
CTBP1	-0.373376771855282
PKD1	-0.373379498457841
CCDC180	-0.373388274382337
ISLR2	-0.37344407826777
CHRNE	-0.373707163208077
MCC	-0.373847506405697
IL34	-0.373996014633146
SGCE	-0.373999337030827
BAIAP2L2	-0.374029551089029
MEGF11	-0.374064050325354
RNF212	-0.374282710284875
MYO18B	-0.374456520517696
TM4SF1	-0.37455114099231
CCDC106	-0.374774865004196
ARHGEF28	-0.374789050162478
GRID1	-0.375225758044027
AFF4	-0.375362382477977
BTBD1	-0.375436613300575
IPMK	-0.375481171105423
FBXL21P	-0.375626409404992
RBM4	-0.375830870286642
FZD1	-0.375944142332125
C1orf56	-0.376058969308104
CDK17	-0.376199372901179
IGDCC4	-0.376486180011532
MSX1	-0.376522992058444
RAET1G	-0.376523938450828
SSR4P1	-0.376613807520849
FAM133DP	-0.376633457786825
GPRASP3	-0.376633671765736
AGPAT2	-0.37665535891913
LMNTD2	-0.376694861379219
ZFHX3	-0.376711367178152
ACTMAP	-0.3767717992103
MPP3	-0.376834929430437
SQLE	-0.376848529003174
MAGEF1	-0.376921012968697
ZNF833P	-0.377192954312763
PPP2R2D	-0.377202352398172
ABCC10	-0.377406524071464
BIN3	-0.377610615583339
TRNP1	-0.377685498984086
GLI3	-0.377723222682704
FAM171A1	-0.377800548807529
TTYH2	-0.377806435060007
ISLR	-0.377854680204841
DUSP1	-0.377904764777772
ABHD3	-0.377905279638986
MICAL2	-0.378060280647465
STK35	-0.378125195151447
FBXL14	-0.378219521411154
SNTG1	-0.378238643902396
MBD2	-0.378415265203759
MBLAC1	-0.378801783756209
COL8A2	-0.378869764732327
ZNF559	-0.379121579183391
SERINC5	-0.379156709364551
CTNNBIP1	-0.379320648697429
CDR2L	-0.379452729519569
ZNF79	-0.379545741475161
OFCC1	-0.379659615573026
GALNT12	-0.379692920362138
TMEM86A	-0.379873325982217
TBC1D19	-0.379880187147336
SLC49A3	-0.380089955052803
PKD1P3	-0.380148160029944
SRMS	-0.380389503802584
SRPRA	-0.380424535081072
MZF1	-0.3807001417188
NBL1	-0.380757373739268
PI4KAP2	-0.38097053725067
C20orf203	-0.380997642558957
DDX60L	-0.381011374008044
CEP131	-0.381082602827724
SLC35A5	-0.381109619935788
MRPS16	-0.381142372600031
MLLT10	-0.381304597252172
GUCY2F	-0.381369405043583
RBP4	-0.381509006513268
PGM5	-0.381520644267323
RNF170	-0.381627727270898
C5orf15	-0.38178375428789
NEK8	-0.382015487471
HMGXB3	-0.382225164350791
MYMK	-0.382379423671887
NCBP3	-0.38252324510628
ZNF589	-0.382591566943809
PHKA2	-0.382677826283323
MTMR11	-0.382858890945497
OR10A6	-0.382876104641578
MTHFR	-0.383006657475627
ZBTB47	-0.383083794220137
SYNRG	-0.383102042801382
CCDC183	-0.383204498940785
FOLR1	-0.383218213546348
C7orf25	-0.383312588348269
SUN1	-0.383351455170735
ZSCAN9	-0.383351692494414
PODXL	-0.383377564716466
SPMAP2	-0.383863372967365
ARRDC1	-0.383916536659629
C1QTNF12	-0.384469714793737
TEX12	-0.38465432965536
BMP4	-0.384927990829607
ZSCAN23	-0.385129418075146
FAM27B	-0.385142350289228
FRG1CP	-0.385153783712814
CCNJ	-0.385258302042011
ACACB	-0.385332087256519
GPRASP2	-0.38551921745861
TSC2	-0.385558970686437
KDM3A	-0.385802317957641
ADGRL1	-0.385820206166102
FAM53B	-0.386306017344728
SEPTIN12	-0.386326282259553
CRTAM	-0.386507438608408
TRPM8	-0.386826064145236
OGA	-0.386925242479143
SEC14L1P1	-0.387238039396925
PCSK7	-0.387515849239181
MATCAP1	-0.387846236065017
DZIP1L	-0.387874546939426
POLR3H	-0.387971823324486
DLGAP4	-0.388095664765473
SYNJ1	-0.388123711032341
BBX	-0.388237634697156
TMEM150A	-0.388410770819145
PMS2P10	-0.38841764278444
SLC2A11	-0.38862113518595
TPBGL	-0.388764328028092
DRD5	-0.38877041410632
EFR3B	-0.388775365098406
MVB12A	-0.388842703191629
JADE2	-0.388879995706072
GNAL	-0.388913698734138
SMIM29	-0.388955352263027
BTN2A1	-0.389001331230365
MGAT2	-0.389004658149217
SAP30	-0.389148718988703
BICD2	-0.389150564672662
PLEKHN1	-0.389503542913461
DAO	-0.389521391902895
NUP62	-0.389547951503272
SHOX	-0.389667573144043
OBSCN	-0.389733446121183
PGAP3	-0.389948512719202
TRAPPC6A	-0.390034034295535
KLHL35	-0.390147732460433
OR1L8	-0.39056336076375
SYNE2	-0.390569630472644
PFAS	-0.391065673760942
ZAR1	-0.391136843236348
NHLRC3	-0.391234049217173
OTOG	-0.39138045118794
KLHL22	-0.39144377740589
ZNF644	-0.39156245562782
PBX1	-0.39177771961097
DRG2	-0.391843928914578
CMTM5	-0.392079415321047
VMA22	-0.392208477735229
RACGAP1P1	-0.392208709871457
HOMER3	-0.392231637903131
TMT1B	-0.39239167901154
ATP7B	-0.392646654855449
RHBDD2	-0.392669435974161
WNT5B	-0.392671144889234
ALPK1	-0.392908583103446
ACOT2	-0.392995582900594
INPP5B	-0.393003267535594
ELAPOR2	-0.393084256260467
MEFV	-0.393214999867259
RABGEF1P1	-0.393311247906557
FLT4	-0.393402719337368
CTNND1	-0.393714668550907
SULF2	-0.393762527999263
EOMES	-0.393818542206308
JAM3	-0.394180811078347
TMEM204	-0.394193478640373
SMIM32	-0.394205033304642
ATF4P3	-0.394205121048655
TXLNB	-0.394301567658891
SPON1	-0.394455411338773
DGKI	-0.39449824428405
PCDHA12	-0.39454230206489
COMP	-0.39456472950758
MVK	-0.394595699030609
PTGES3L	-0.394919075578989
CRYBG3	-0.395047313236877
RPSAP41	-0.395072472015822
ZNF432	-0.395220898773082
RASGRF1	-0.395278172837498
ATP8B2	-0.395288833992683
BPTF	-0.39548998470364
TMEM39A	-0.395849950265944
CCDC144A	-0.396027633004839
PRKCH	-0.396076855412089
NDST2	-0.39624933222459
TSNARE1	-0.396350373565662
CFAP119	-0.396569254557369
NIPSNAP3A	-0.396589473511432
PBX2P1	-0.396606143006774
BTNL3	-0.396853505055861
CYB561D1	-0.39713531989078
LRRC75B	-0.397179921045939
TUT1	-0.397199876145748
ZNF815P	-0.397922501212083
SLC16A1	-0.397970115445329
XRCC2	-0.398294829207969
WDR73	-0.398329259392288
OR7E22P	-0.39854390950139
RPS26P31	-0.398622630845681
VMA12	-0.398862873312073
PPP2R1B	-0.398998558970178
TNNI2	-0.399110632594917
ZNF625-ZNF20	-0.399144120042956
H1-10	-0.399196557568557
LTBP2	-0.399282652601258
ZIK1	-0.399290942426822
BSDC1	-0.399432766448761
THRA	-0.399458508166113
CDHR2	-0.399542969363301
DDX50P1	-0.399806411705495
ZSCAN30	-0.399835726487131
MAP3K10	-0.399837671657364
SMBD1P	-0.400436326591858
NELFE	-0.40076910948059
C2CD2L	-0.400882244773518
OTUD6A	-0.400925181626492
SLC36A2	-0.401049555965959
RFX5	-0.401568404881904
C6orf132	-0.401670379206273
GVQW3	-0.401698097302855
FAM167A	-0.401753466270112
SHISAL2A	-0.401885929719489
FBXL22	-0.401892716493568
LRFN5	-0.402071847543177
PLD5P1	-0.402113491199753
TRAM1	-0.402328298154286
MX1	-0.402577993815629
TSPAN3	-0.402603325612288
ZNF324B	-0.402622729335332
OR1F2P	-0.402767133585192
OAS3	-0.402921801430082
KLHL41	-0.402952978661107
OS9	-0.402969999375363
SRBD1	-0.403086870294558
GPLD1	-0.403252497678095
SLC38A8	-0.403317863469596
NXPH4	-0.403606579222033
RAB43	-0.403905446277501
COBLL1	-0.403956803162635
ENTPD3	-0.40405170913514
ZNF239	-0.40410620833285
PTAFR	-0.404171969987763
BAK1P1	-0.404390692266227
CCDC18	-0.404475524179268
PDPN	-0.404514597781341
ANKS3	-0.404528956866114
TMEM221	-0.404568432450209
NMRK2	-0.404574113252369
SNAPC4	-0.404611759386653
CENATAC	-0.404648657203923
MTUS2	-0.404696984555747
HSD3B7	-0.404703112476872
MRPS18A	-0.40472740770808
MAF	-0.404773829369185
AXL	-0.405058962873297
FOSL2	-0.405236042957583
SH2D4B	-0.40525386639419
NELFCD	-0.405291660691713
WDR72	-0.405355679912442
STRC	-0.405419308108529
POLI	-0.405549515797542
SNX9	-0.405602663662063
ALCAM	-0.405780026123997
PHYHD1	-0.405781007325694
YPEL3	-0.405874546479095
GPR139	-0.405911182638922
GASK1A	-0.406022173464034
SYT10	-0.406269707910723
ACADS	-0.406345703075764
UFL1	-0.406404880090002
CHDH	-0.406836433448156
ELF1	-0.407032441776224
SDR9C7	-0.407051072338118
ZNF554	-0.407090083026803
PROKR1	-0.407129500433198
FHIP1B	-0.407164324083188
NDUFV2P1	-0.407222860240973
KRT8P46	-0.407266273375984
WDR87BP	-0.407514538963336
ZNF654	-0.40754470488615
GALNS	-0.407741016654199
NINL	-0.408046791309263
TTC34	-0.408054458235775
ZNF347	-0.408295398221783
FBLN1	-0.40839121150044
CNKSR1	-0.408412430066209
CATIP	-0.408443490599279
ATP8A2	-0.408457106307635
ZNF681	-0.408618057759648
IBA57	-0.40869672135035
BEND7	-0.408838803603629
ANKRD33BP7	-0.408897975950632
ADAR	-0.408964005130731
IRF9	-0.408980647516117
ATMIN	-0.409009253448152
RRAD	-0.409110806960625
TPH1	-0.409120827780844
DMAP1	-0.40915713646016
FAM131C	-0.409300174036046
TMEM123	-0.409322084577567
PHLDA1	-0.410250784459238
STK17B	-0.410280413244842
HSD17B1	-0.410490627227301
ZMYND10	-0.410528604550695
KHSRP	-0.410782368490067
NUTM2D	-0.410795432331409
STOX2	-0.410855591753861
IQANK1	-0.411137579471163
CCDC74A	-0.411168698719594
CYTH4	-0.411278354056455
ERF	-0.411343219162198
IQCN	-0.41135383597461
TEAD3	-0.411396248537075
PRKCD	-0.41141087500377
IQCD	-0.411464743419359
CHML	-0.411476155057121
CRACD	-0.411492160744901
ZSCAN16	-0.411520881397888
DTX3	-0.411559463887172
SPPL2B	-0.411657001054069
ANKRD26	-0.411910566770027
FAM149A	-0.412023852921873
CACNG1	-0.412174161727745
KMT2A	-0.41222227142349
STRA6LP	-0.412352058487501
SH2B1	-0.412441629191646
TMPRSS13	-0.412510427351668
GLIS3	-0.412640075364832
ZNF821	-0.412655588165324
ADCK5	-0.41267985841388
REXO5	-0.412762667892099
SMIM47	-0.412902236434829
DDC	-0.412916087829211
GMEB2	-0.412976851394934
SRY	-0.413022020256625
CHRDL2	-0.413201103275537
USH1G	-0.413253424185702
RBM8A	-0.413264990486688
ZNF558	-0.413567590522654
CERK	-0.413682787237962
C16orf96	-0.413726378096324
MYO18A	-0.413812570624016
LINC02898	-0.41415773722345
HERC1	-0.414165327360587
TMEM38B	-0.41425165557995
DMBT1	-0.414391961311384
USP22	-0.414890033947116
RIIAD1	-0.414958636238436
CLEC6A	-0.415033038470484
ATXN7L2	-0.415163878969894
ZNF292	-0.415217218902254
ARID1B	-0.415382620681639
LRAT	-0.415440384519615
DUX4L37	-0.415523484952054
SLC25A14	-0.415680002872279
OR7E14P	-0.415927674593291
ARHGEF9	-0.416000175183407
FAM200C	-0.416445720261291
ZNF226	-0.416878236275542
SMG9	-0.417149396193635
SOBP	-0.417222472494967
GLCCI1	-0.417345570380154
NPIPA1	-0.41745921303246
SZT2	-0.417463987038268
ZNF264	-0.41770565784218
MANEAL	-0.4177280866788
ZNF433	-0.418267070170283
CXCR4	-0.418810314765692
PRR15L	-0.4190888041582
BBS2	-0.419358194814142
IQGAP3	-0.419449883624547
ACR	-0.419653961468148
HUNK	-0.41969034439414
FXYD7	-0.41974526453853
CALB1	-0.419771808114888
ANP32E	-0.419994174521871
ICMT	-0.420062559568365
TMEM41A	-0.420402282250056
RFC3	-0.420435331902987
APOE	-0.420655691662814
KCTD2	-0.42076068260264
SFI1	-0.420949325189983
KCNMB4	-0.421183041015959
E2F6P4	-0.42122868398267
LPAR5	-0.42132078325775
TMSB4XP4	-0.421371853604786
MEPCE	-0.421392465403563
SHOX2	-0.421426661917301
E4F1	-0.421484142496939
ZNF300	-0.421621923025223
NLGN2	-0.421851899769013
RAB18	-0.42187004623162
ZNF814	-0.421909709895955
HMGB1P5	-0.421914807137575
ZNF599	-0.421987720220741
PBX3	-0.422128066533162
GHRH	-0.422262673727464
S100B	-0.422311359277588
SH3BGRL3	-0.422517117303867
NLRC3	-0.422622310336074
CFAP144P1	-0.422804000815753
CPAMD8P1	-0.422875187252407
PSENEN	-0.422875994199224
ACSM1	-0.423133563959945
KCNIP2	-0.423390828134063
TNKS2	-0.423613415161413
TPM4P2	-0.423815606341679
ILF3	-0.423970666720371
GABPA	-0.424008200577204
GJB2	-0.424251662486577
KLHL23	-0.424327807538128
RNASET2	-0.424557164213493
H2BP2	-0.424652277930468
HSF5	-0.424687451545014
PJVK	-0.424904197431648
STAG1	-0.425166630290869
LRRC46	-0.425214336506886
C19orf85	-0.425663142470138
LIN7A	-0.42611782128285
ARMCX4	-0.426121445630243
CDRT15P4	-0.426151670781111
GAMT	-0.426299248551524
GSPT2	-0.426338220974433
ST8SIA2	-0.426649316813683
TBC1D22A	-0.426666882078851
FAM209B	-0.426828323911796
MAP3K7	-0.426898578352305
TUBG2	-0.426920597616523
CACNA1F	-0.427143302742799
C19orf47	-0.427183925803968
HYCC2	-0.427477807713788
PDGFC	-0.427640150691895
PRKN	-0.427929214903465
NOL3	-0.428436374742669
BCR	-0.428478243757927
CXorf49	-0.428486559517118
PTPN4	-0.4285164474688
JUP	-0.428531032661864
CYP2A13	-0.428648195011687
ZNF696	-0.428675036910709
SPATA45	-0.428702215175717
ALKBH5	-0.428720244180572
KCNJ4	-0.428793689480387
RHOQP1	-0.428870004224206
CPA2	-0.42906739008743
TMEM171	-0.429254274084508
CCDC92	-0.429259405337923
CENPVL1	-0.429261388533492
SLC16A9	-0.429347734752131
GJA10	-0.429382767054642
NSD1	-0.429724260453369
NUDT10	-0.429832406695846
FNBP1L	-0.430006517589062
ERN2	-0.430039383743984
ZNF350	-0.430101977559719
PDE1B	-0.43012452160139
LMX1B	-0.430140790714557
TBC1D3P1	-0.430239955902903
CCDC38	-0.430329659099104
MAL	-0.430381870476532
PCDHGB7	-0.43049668334223
UNC5B	-0.430556321237306
ACADVL	-0.431351516978964
SLC25A27	-0.43163378143752
MMUT	-0.432219174799098
SLC22A17	-0.432308049813601
NOP53	-0.432319190210534
C6orf120	-0.432752233425362
RSPH4A	-0.432838771408294
LRRC40	-0.43284749828922
NEUROD4	-0.432882509822621
CFAP58	-0.433122510773748
THAP7	-0.433397431188934
ARHGEF37	-0.433438931779654
EXOC6	-0.433520665144149
FAM76B	-0.433575650563767
HSD17B14	-0.433638770397515
CSPG4P11	-0.433689936443345
CPT1B	-0.433752731873582
TAMALIN	-0.434095004951294
ZNF304	-0.43420011892789
CYP2T1P	-0.435107430783337
CLIC4	-0.435189711913368
TROAP	-0.435399899518967
RSF1	-0.43548787124795
ZNF140	-0.435562993842614
CDH19	-0.435698748382965
SCN4B	-0.435970999624308
CCR7	-0.436354933579891
IL2RG	-0.436436869897239
GRAMD4	-0.43645672031621
KDM6B	-0.436579087544202
RNPEPL1	-0.436581220569001
OLFML2A	-0.436615895111313
ZNF687	-0.436858746489782
ZNF181	-0.436859643851389
TRMU	-0.437276257166563
CORO7	-0.437674848267351
EIF3EP1	-0.437761681054231
H4C4	-0.437886144824233
LRRC8B	-0.437946313992356
HNRNPLL	-0.437975993112469
BRPF3	-0.43804762402463
CCDC65	-0.438065949413244
DUSP9	-0.438088778094714
NFIB	-0.438126863540361
OPRL1	-0.438174987064035
PCDHGA5	-0.438182889277095
SLA2	-0.438458121030063
ZNF3	-0.438473983607862
KCTD5	-0.438505039824014
TLE1P1	-0.438658884567462
DNAJC16	-0.438929184069011
CDK6	-0.439152447742013
PTCH2	-0.43915314142458
GTF2IRD2	-0.439195127425582
SERINC1	-0.439293010952111
SFPQ	-0.439298624693474
TNK2	-0.439364994606857
SYK	-0.439443959433645
CPTP	-0.439444297534815
LRIG3	-0.439512048367491
PDHA1	-0.439549906921832
B4GALNT1	-0.439610513231933
MAP3K12	-0.43968694533112
TIPARP	-0.43992135016982
MYLK2	-0.440067210894907
UBE4A	-0.440270804030153
UBAP2L	-0.440278164371682
HHIPL2	-0.440684010356335
GPR162	-0.440878735253761
NUDT18	-0.440920006193884
TEN1-CDK3	-0.44101730773213
PANX1	-0.441393351785821
CD99P1	-0.441686009103703
MTCL2	-0.441907130997169
CWC25	-0.441979204096188
RPL13AP7	-0.44204724346711
GRIN3B	-0.442130398979631
CHD3	-0.442162308976357
CEACAM21	-0.442247265555053
SYT7	-0.442332155474963
CADM1	-0.442526902093834
LARGE2	-0.442590988017202
CALB2	-0.442653570149544
PABPC1L	-0.442849593286884
CUL7	-0.443040641783376
WNT3	-0.443040952719422
C11orf87	-0.443134169683438
ZNF449	-0.443438184969089
RNF187	-0.443689130131033
FKRP	-0.443752032357032
PRORSD1P	-0.443815181213346
HES6	-0.443859468841104
ZNF844	-0.4440113043193
TUT4	-0.444068733510907
ARMCX3	-0.444393632893529
TMEM235	-0.44443713981225
NPHP4	-0.444649556433759
ZC2HC1A	-0.444868535123827
FGF1	-0.444899799118819
CTSA	-0.445017940395118
SCRN1	-0.445070725905842
AGPAT3	-0.445208365342385
INTU	-0.445560478358356
SP3	-0.445718798317198
LRRC57	-0.445788937691886
SLCO2A1	-0.445961306166358
FAM110A	-0.446077175348866
KIF12	-0.446443430261665
MARCHF6	-0.446617033163877
PKMYT1	-0.44670333262609
ME3	-0.446879856425481
FAM13B	-0.446897078585509
DENND2A	-0.446927670991742
ZDHHC18	-0.447053775757457
RILPL1	-0.447080834592815
RGPD6	-0.447179656569338
CPD	-0.44735853912483
ZDBF2	-0.447847253132816
CISH	-0.447945262657413
C1QL2	-0.448075430716472
CDNF	-0.448430124813807
ZMYM5	-0.448863863703007
BACH1	-0.449040107044293
APOA5	-0.449140450488747
SHANK1	-0.449437175557848
FTH1P11	-0.449443255344979
TYK2	-0.449497586690823
FAM89B	-0.449714137120931
ZBTB2	-0.449747437642015
HERC2P10	-0.449868241987091
NUDT14	-0.449921893419296
MMP25	-0.45027423823475
RPL13AP11	-0.450300203739643
TMEM8B	-0.450391580433391
DYNLRB1	-0.450559615723881
MAP3K8	-0.450593627678915
SYNPO2L	-0.450640641445191
AJUBA	-0.450759679484293
ZNF114	-0.450840368115812
MEIS3	-0.450927131151498
BRF1	-0.450949432036785
SPATA20	-0.451265060145064
AKAP17A	-0.451542883955896
TVP23C-CDRT4	-0.451903649713456
NAT14	-0.451960874998147
MAPKAPK5	-0.452002183165258
GNAQP1	-0.452642539145798
ANKRD54	-0.452688881912453
LHCGR	-0.45284244204641
PYY	-0.453133613182738
SERHL2	-0.453199783758719
ZC3H12C	-0.45331912932802
MAP3K9	-0.453434180858219
SLC25A11	-0.453862913536621
DSCAML1	-0.454247776939446
POMGNT1	-0.454309406000428
TSGA10IP	-0.45449296173406
ITGA9	-0.454537208753205
ANKFY1	-0.454573815954608
ARHGAP45	-0.454731495990488
UCP3	-0.454774894178438
ARL6IP1	-0.454821547749954
TAF2	-0.455265092750596
CASTOR2	-0.455265759957137
IQUB	-0.455786711856679
C17orf100	-0.4557882842381
RAB4B	-0.455797192166946
RAB22A	-0.455964776328398
ROBO3	-0.4560000559878
ZBTB7B	-0.456156704951052
MCM2	-0.457075793821396
ACRBP	-0.457495851412093
ST13P15	-0.457558814218397
HMGN2P15	-0.457570925103551
TBC1D25	-0.457616597377149
SLC47A1P1	-0.457668556705574
LRRC24	-0.45772196626426
PCP2	-0.458017834376853
FAM157A	-0.458037280556341
MPND	-0.458141373185069
NFIL3	-0.458278349844764
ARNT2	-0.458489454988629
TPCN2	-0.458489679508738
SMOC2	-0.458638775536577
ACBD4	-0.45872027604754
USP37	-0.458778045077882
EGLN1	-0.458888487163806
POFUT2	-0.45891904453475
CCDC69	-0.459023388360666
PLA2G10CP	-0.459146165758499
DGLUCY	-0.459178994007407
KCNRG	-0.459230557409369
ABCC6	-0.459237093773431
PDPK2P	-0.459242793023124
IKBKG	-0.46005560347278
TRAPPC13P1	-0.460457387832944
ECHDC2	-0.460538268083441
CAMK2B	-0.46057456452627
PRCD	-0.460608319439407
TTBK1	-0.460656840532518
TRPM4	-0.460685080982621
SCART1	-0.460723876082819
CASP8AP2	-0.460751432620141
LHFPL4	-0.460773143483437
ODAD4	-0.460866983993161
KARS1P2	-0.462123962657631
ADAMTS19	-0.462233246458787
GATA2	-0.46224869726472
KLF8	-0.462366945830469
SMAD7	-0.462423425915409
FOXO4	-0.462712375155528
PRMT8	-0.462752257032143
HDAC6	-0.462775560409093
EXOSC6	-0.462934181308248
SAT2	-0.463495934090487
PDXP	-0.46356236644945
ROR1	-0.463830149563828
ZNF69	-0.464061289524093
BTBD9	-0.464589537793185
PRIMA1	-0.46459341688381
HNRNPA1P38	-0.464848429980271
ZBTB7A	-0.464848513878633
MKRN1	-0.465069087023035
FAM219B	-0.465240474850695
CSPP1	-0.465242911716573
DNAJC22	-0.465300814969946
NOTCH2	-0.465377679521803
GTF2F2	-0.465594960117141
SFXN3	-0.46601047875317
KIF3A	-0.466101348807957
RBP1	-0.466108311277234
PCBP1	-0.466156286963633
ZMYM3	-0.466191798385093
SLC35E2A	-0.466206470661949
VWA5B2	-0.466262368520695
H2AX	-0.466409536014297
HRC	-0.466739740173433
KIF16B	-0.466930402191842
ATRN	-0.466936014311965
ULK4P1	-0.466936566549964
TBCEL-TECTA	-0.466941820478188
ZSCAN25	-0.467080338660863
DPYSL5	-0.467210903116643
ARRDC3	-0.467519475452208
ZNF275	-0.467589225545546
SLC5A10	-0.467848385498999
CCIN	-0.467883816394905
RPL9P32	-0.467903505560519
SNX22	-0.467950776083135
INMT	-0.467990204704161
GNAT2	-0.468130349458785
ARSG	-0.468149583657457
GPR146	-0.46864750941896
RPL21P39	-0.468736875384664
PGA5	-0.46875080778507
LRRC14	-0.468833994451709
B3GNT9	-0.468989131697862
HRH3	-0.46901709953351
TBCC	-0.469096170919572
TSSK1A	-0.469325681830882
RIN3	-0.469393207215163
KAT2A	-0.469454488157694
CYB561	-0.470250074412617
UBE2B	-0.470268954794945
MSL1	-0.470355394174865
SMIM7	-0.470437187880136
EGFL8	-0.470622599155372
TTC41P	-0.471324771036967
WASHC2A	-0.471522873567961
DUSP2	-0.471546732362297
AQP7	-0.47185148988646
TERF2IP	-0.471940934088107
MAEA	-0.471955502911539
MYEOV	-0.472043327841367
FCHSD2	-0.472244079613169
PRPF39	-0.472679573196531
DNAJC28	-0.472910564637069
AGRN	-0.472914863803937
RSPH9	-0.472944806819563
OGDHL	-0.473184391032625
BRME1	-0.473235261595865
EMB	-0.473267897550934
CXCL12	-0.473600264344355
GFRA3	-0.473656605303755
LONRF3	-0.473668050886114
AGAP1	-0.473897075779274
PRKAR2B	-0.47427712398941
PPP2R1A	-0.474368257597223
PROZ	-0.474467814056322
RASGEF1C	-0.47453783740743
MT1A	-0.474922004944153
SYNGR4	-0.475246747941903
CATSPERG	-0.475263332528802
DEPDC5	-0.475322417489481
CACNG8	-0.475427126657359
RREB1	-0.475443602645148
SSX2B	-0.47547628361429
GAL3ST4	-0.475561493835614
NFATC2IP	-0.475586174177413
CACNA2D3	-0.475679785497633
ZNF674	-0.475684788015187
CACNA1B	-0.475786321006148
ZNF574	-0.475877002908002
FAM193B	-0.475924505849949
KDM2A	-0.475985019880504
BLOC1S3	-0.476180750879645
MOGAT3	-0.47620060172425
DYNC2H1	-0.476413370908955
MST1P2	-0.476459196544241
MARVELD3	-0.476744116440522
S1PR2	-0.476895335649788
APBA2	-0.476940949855438
TUBB3	-0.477174095163428
ZNF543	-0.477194004474088
GPC1	-0.47723764663078
CHD4	-0.477241319219341
ARHGEF33	-0.477340312751912
SDC4	-0.477432568498094
DES	-0.477580932362639
ACAA2P1	-0.477928370109355
ZNF786	-0.47805897101818
PCDHB19P	-0.478402061069804
ASB8	-0.478430806433439
NRARP	-0.478432719167603
RHOQ	-0.478568310352152
CHD7	-0.478715944267294
BNIP3P16	-0.478818600341813
TBXT	-0.478970049122962
TRPT1	-0.478979419587382
FLVCR2	-0.479387021562379
RGS12	-0.479442963488014
TOB1	-0.479589502345195
MARCHF3	-0.47975647856216
GREP1	-0.479762695201989
ASXL2	-0.47995820365633
CAMK2A	-0.480518650574791
ASIC3	-0.480714369742794
BAZ1B	-0.480956645805444
NOMO1	-0.481034149551556
RNF152	-0.481238069595501
SIX5	-0.481245419163084
CYP2A6	-0.481505125810858
RNF224	-0.481649559040108
SLC22A11	-0.481787210299637
ZNF878	-0.481979115608096
C7	-0.482016466398603
BIRC7	-0.482068743042943
FBXO31	-0.482091066504483
NAP1L4P1	-0.482181853377924
MCF2L	-0.48297511556307
ABCA7	-0.483053513547273
ZNF385C	-0.483449776874091
MAN2C1	-0.483884062062369
POLR3F	-0.484238112194162
RBM39	-0.484287141062701
NDST1	-0.484566379839568
TVP23C	-0.4845915039086
WNK2	-0.484799682662651
UAP1L1	-0.484956491639283
RPS20P33	-0.485052422619157
TMUB2	-0.485065561982862
PLXNB1	-0.48506694800628
SIGIRR	-0.485220048909305
CNPY1	-0.485281174388593
DUSP22	-0.485405355339824
KAT6B	-0.485500114125696
SLC9A8	-0.485702338400416
TMEM255B	-0.486067318989673
DRAXIN	-0.486188087181246
UCP2	-0.486630904555267
LRRN4CL	-0.486631839705974
DUS1L	-0.486633464705373
CLIC3	-0.486727745913761
SNX29	-0.487024132617694
CYB561A3	-0.487145690844395
PANX2	-0.487187830187657
MPL	-0.487263341205337
USP13	-0.487266963994872
RPL7AP62	-0.487573839662015
PPP1R9A	-0.487671741606111
SLC39A5	-0.487931872884028
NNT	-0.488157557197309
LRRC37A17P	-0.488277234214358
TCP11L2	-0.48842202472134
TEX13A	-0.488686294402111
WIZ	-0.48870664685047
PIANP	-0.488720263522355
UVSSA	-0.489153039146297
TRABD2B	-0.489513543118685
PATZ1	-0.489938588258898
TBC1D24	-0.490215126965186
PHTF1	-0.490377677864956
HSPA12B	-0.490597354842332
PABIR3	-0.490720167693116
COL16A1	-0.490775462104866
RSPH10B2	-0.490968070315028
ANKRD34A	-0.491102915992092
NSMCE3	-0.491266717582216
SHPRH	-0.491501824575361
NMRAL2P	-0.492226057192537
ZNF445	-0.492474528588301
POR	-0.492526397937028
GOSR1	-0.492663697005015
CNKSR2	-0.492758129681299
ALDH3A2	-0.493419681206866
ZNF514	-0.493753141397191
F3	-0.494193138427657
PFKFB3	-0.494274589415557
EFHD2	-0.494448556330163
GPR37L1	-0.494953024998224
CSPG4	-0.495175694394432
CYP21A2	-0.495185238071345
SRARP	-0.495219926050983
NFYA	-0.495433426633994
RP9	-0.495701859247703
CES3	-0.495758513723407
TMEM191C	-0.49578605621272
CDON	-0.495893804026218
CNP	-0.496311957578721
EDC4	-0.496421242458801
BTBD3	-0.496958026786987
FAM200B	-0.497054511483309
SMPD2	-0.497209243502319
MRPS5	-0.497641952917727
PARN	-0.497738492481105
ADAMTS4	-0.497945249004353
NLRP12	-0.497998841559603
DERL2	-0.49803344223895
ZNF177	-0.498326610352306
SSC4D	-0.498466849871581
DNAI2	-0.498502516040537
DHFR	-0.498631298786279
EML3	-0.498742709995012
C20orf204	-0.498821798495554
ATP6V0A2	-0.499020655766915
MSC	-0.499035165086075
MYADML2	-0.499087683214838
ENO3	-0.499095458160031
SIRT7	-0.49925270404509
RPL22	-0.499286986317566
TMEM53	-0.499303545247043
PRODH	-0.499381556599032
ESR1	-0.499717016860507
HACE1	-0.499752351374492
MAB21L2	-0.499914801930587
SLC14A2	-0.500395995181663
AGAP11	-0.500661074946536
PDGFRA	-0.500805814062626
SOX6	-0.500809534129425
RPL10AP6	-0.500914172992751
SRSF3	-0.501161426387308
CHRNA1	-0.501190883523531
ORMDL1	-0.501352840569013
OR7E38P	-0.501486336957179
CILP	-0.501584409282515
ESPNP	-0.50192976406752
TMEM167A	-0.502538906805654
ZNF75A	-0.502718884249169
ALKBH6	-0.502723777947088
FGF11	-0.502926597656202
VPS39	-0.503328061746126
NBPF1	-0.503574361563259
SRSF7	-0.503594860851542
USP31	-0.50387655280136
LIPG	-0.504200305555785
SLX4	-0.504218190613921
IKZF2	-0.504362937942471
PTMS	-0.504678319602853
COL4A6	-0.504750981018426
DPPA3	-0.504804577334477
PLEKHA1	-0.505786729858137
ELF3	-0.506065215667738
ANKLE2	-0.50610204746616
NPIPB3	-0.506471405719576
SNED1	-0.506539652865853
ADAMTS7	-0.506624321813136
DNALI1	-0.506981742356177
SLCO1B1	-0.50708299357919
RFFL	-0.507246291740393
PARP15	-0.507326831074758
IFFO1	-0.508059189944408
HEPH	-0.508153061365946
CDK15	-0.508316649766796
ARID1A	-0.508457207361191
SPDYC	-0.508472636109348
RBM12B	-0.508473421703832
PPWD1	-0.508677037287126
SLC26A10P	-0.508784810061244
MAN1A2P1	-0.508891922838927
RASA4	-0.508892146611323
MEST	-0.508932345046656
MIIP	-0.509023927470364
SLC44A1	-0.509051506215998
ZNF418	-0.509069258547743
DNAJB12	-0.509105911407881
FBXL7	-0.509493511110539
CACNA1H	-0.509565667104617
GDF5	-0.50981592008248
CRYBG2	-0.509972601582694
SPCS2	-0.510000818581114
SLC12A3	-0.510139254924148
CCDC159	-0.510232480594154
ADGRB2	-0.510341407468784
ZNF85	-0.510378694213517
MRC2	-0.510484374384694
AMN	-0.510494727185806
CCDC112	-0.510723986026085
SLC16A6	-0.510778426316743
YIPF6	-0.510865564053147
ASB16	-0.511059802191445
OR2A7	-0.511184461534984
RABIF	-0.51121017253665
ZNF701	-0.511496405042424
SLC45A3	-0.511539453206153
LRTOMT	-0.511563059197809
KIF13A	-0.511572078983167
CAMK2D	-0.511690300468721
KRT77	-0.511789323860696
CYP2C9	-0.512055465741941
INHBA	-0.512319887580828
IL1RAPL1	-0.512595346665866
ZNF467	-0.51265109744478
TTC3P1	-0.512746282839358
FAM83E	-0.512778652792316
FAM222A	-0.513321068134809
TICRR	-0.51355372603882
STK32A	-0.514257089589116
ARRB1	-0.514507679050284
TOP3B	-0.514781673533263
RPL23P2	-0.515069077258206
TTF1	-0.515169900592908
TRIM36	-0.515231915325254
KDM5C	-0.515313314378109
KCNK4	-0.515465771412073
PCSK6	-0.515497145493032
ANXA8	-0.515789691053913
PCSK1	-0.51615631017257
ZFYVE1	-0.516229512922727
FIBCD1	-0.516253581684465
PFKFB4	-0.516573664633009
GUCY1B1	-0.51721446126518
ADCY5	-0.517389502300206
ZNF44	-0.517770778212998
YWHAEP7	-0.517784749439084
SCD5	-0.517811336696698
RXRA	-0.518080468648809
GPR143	-0.518091765507061
CFLAR	-0.518101629937043
RRAGB	-0.518174413359653
SLC22A3	-0.518481578871484
TRNAU1AP	-0.518502676220924
HTR1F	-0.518634393647419
PLGLB1	-0.518653688178726
CEP162	-0.518773770584784
HK2	-0.518785114372119
MT1E	-0.51885285718544
ATP6V1D	-0.518897840741189
LGI2	-0.518912336124303
ATXN1	-0.519157578249868
ZMYM2	-0.519160487187862
PNMA6A	-0.519160693549397
RPL11P1	-0.519596353856712
TRARG1	-0.51964549891359
GALNT17	-0.519725441430867
ZNF454	-0.520177827129254
TOGARAM1	-0.520291949631323
SLC7A4	-0.521117002261534
CMTM3	-0.521149001091912
TMPPE	-0.521352655973251
TRIL	-0.52141958190368
LCTL	-0.521524219202046
RNF4	-0.521612969339971
SLC35E3	-0.521878501954183
NR2E3	-0.521906915489582
CTTN	-0.522030676922693
SENP6	-0.5221736285219
USP43	-0.522207553001316
PTCD1	-0.522387627210346
EIF3CL	-0.522521157530308
ADNP	-0.522618058402503
SPAG16	-0.522767329238748
FAM90A27P	-0.523180880944805
EZR	-0.523596624036133
PMS2P5	-0.523773154614342
SH3BP5	-0.524757236670665
MUSTN1	-0.524823344546621
RDX	-0.52552485000481
SUSD4	-0.525526160172557
VANGL2	-0.526039007295982
PEX39	-0.526109431518452
PCDHAC2	-0.526212985941935
ZNF26	-0.526253090459757
NDUFAF7	-0.526408248130603
NR2C1	-0.52677200124056
DPP7	-0.527005321104212
PHKG2	-0.527065013498577
DUSP18	-0.527333946288053
BMS1P21	-0.527356296730537
ENC1	-0.527496398107043
TEAD2	-0.527600492380959
SMAD6	-0.527769000941157
BCL2L11	-0.5279107608014
CAPN10	-0.528129010361914
NES	-0.528176604231057
PNPLA3	-0.528602585234089
KISS1R	-0.528712048111574
CAMK2N1	-0.52900298181024
DHDDS	-0.529795781383752
SFMBT2	-0.530302010040303
B3GNT8	-0.530306604036948
DYNC1I1	-0.531013035372021
GLI1	-0.531159572736825
ZNF451	-0.531396975684679
ZFP41	-0.531665892046372
ARSI	-0.531910467233511
SHLD1	-0.531997887789169
OR2F1	-0.53202268569374
GNAZ	-0.53206742941746
FAM193A	-0.532123070817453
LRFN3	-0.532145885757125
STIMATE-MUSTN1	-0.532160984102073
GDI1	-0.532225236485372
ENGASE	-0.532461869972659
TOP6BL	-0.532560098175636
ARID4B	-0.53258992571635
KCTD10	-0.532686102956019
CCDC102A	-0.532835795894239
TMEM220	-0.533091700272002
ATP1B2	-0.533383788061042
SPART	-0.533545749341055
MIR3171HG	-0.533630439887898
ALX4	-0.533782185260186
HSPB1	-0.533827246773192
YBX2P2	-0.533915139981325
CD33	-0.533940064057063
SCNN1D	-0.533992532666604
POLL	-0.534055017470854
PDE10A	-0.534100697177844
SRL	-0.534146087786973
SLC22A1	-0.534177062764
CPSF1	-0.534260999759031
GRID2	-0.534824907355155
TBX5	-0.534876947852007
LEPROT	-0.534924214027645
IPPK	-0.535069257925373
SSTR5	-0.535496244951366
TIMM10B	-0.535834805608537
CTSB	-0.535912028670811
FBRSL1	-0.536307707009791
FOXP3	-0.536405521729622
MRPL30	-0.536606536692406
CBFA2T3	-0.536639093966048
RND1	-0.536967770927026
ATXN1L	-0.536999933125338
CLDN4	-0.53719830488566
ARHGAP39	-0.537262439281129
KLHL25	-0.537977483580759
CHCHD7	-0.538283278943483
RPS20P22	-0.538493650513125
SYTL3	-0.5385508745987
PERP	-0.538687953947501
CLDN9	-0.538700842931558
UCKL1	-0.538830416942857
UBTF	-0.538842394729385
TEX21P	-0.538859456666704
UBE2R2	-0.539181502427864
PHYKPL	-0.539463117030115
GET4	-0.539480649954981
YY2	-0.539489323543275
HEMK1	-0.539871542674838
COMMD9	-0.539936093703077
DDX42	-0.54072268671882
MISP3	-0.541014468460768
HMGB3	-0.541306818960291
PNMA1	-0.541418921773864
ST6GALNAC2	-0.541618253109523
CECR2	-0.541999243143783
FADS6	-0.542081649680306
ZNF34	-0.542092854384252
FHL3	-0.542412391920358
VIPR1	-0.542495400810215
BCL2L2-PABPN1	-0.542571134292609
GSTZ1	-0.542750501136381
OR1F1	-0.54301993460558
HYI	-0.543056384231884
PCDHGB2	-0.543069513860619
SLC35F2	-0.543335964039267
ZNF536	-0.543347689563064
MKRN6P	-0.543513319936
DDIT3	-0.543594146014524
PRX	-0.543873571801707
PRDX2	-0.543954865553345
TMEM121B	-0.543977020736789
CACNA1A	-0.544175255509393
EPOR	-0.544343959621267
SCAMP4	-0.544365196204363
NPW	-0.544610331140237
TBX6	-0.544864852737455
FOXP1	-0.545034302369885
TTLL7	-0.545189375582864
TNFRSF8	-0.545190294761671
ZNFX1	-0.545215550607378
CIMAP1D	-0.545226183473183
ATP8B4	-0.545270124707471
SYS1-DBNDD2	-0.545346790886401
KRBA1	-0.545611955281117
MAN1A2	-0.545661337600917
TIGD4	-0.545728067320082
PMEL	-0.545837876179134
IL12RB2	-0.546043232806395
MAPK11	-0.546128587072504
EWSR1	-0.54617431648043
LATS1	-0.546293384345744
IL9RP3	-0.546353070626655
PLEKHA8	-0.546620275926521
UNCX	-0.547009217417445
PTGR3	-0.547279407885036
ARID4A	-0.547517589320035
ARHGEF16	-0.547559531239776
HLA-DPB1	-0.548051882954487
LIN52	-0.548575141808962
CRYM	-0.549066109265364
CHIC2	-0.549124108688215
NIPA1	-0.549177866140418
ERBB3	-0.549354671215048
HEG1	-0.549759755094494
NICN1	-0.5502174971146
PDPK1	-0.550294921131875
TMIE	-0.550384375191173
FAM120AOS	-0.550531251328894
GAS2L2	-0.550588958247915
CEP97	-0.550813101221752
CHD5	-0.551231145777422
CCR12P	-0.551717364075977
RABGEF1P3	-0.551924955435824
CLIP1	-0.551925382154887
NPFF	-0.552018527662318
CSKMT	-0.552774436448936
RPL7AP39	-0.552995283890971
ITGA11	-0.552996178460973
SLC26A6	-0.553254871965296
MAPK10	-0.554260802573898
ZNF252P	-0.554628191740566
HSPB9	-0.555052884920553
POM121L9P	-0.555332200546946
SCARB2	-0.555566569405512
C7orf57	-0.555729155077191
TMEM94	-0.555989193131395
PDIA2	-0.556142987307428
CHRM4	-0.556171876106999
PSMD5	-0.556197944893632
PPIP5K1P1	-0.556203566093476
CNTNAP5	-0.556395337674944
ACAN	-0.556453950885892
LBX2	-0.556461615218301
PTPRD	-0.556485311350124
FOXK1	-0.556618835863537
ATG4B	-0.557009191638591
CLUHP3	-0.557283458254857
FICD	-0.557421533223245
MELTF	-0.557610527553199
LAMTOR3	-0.55782040270368
TRDMT1	-0.557877387991283
DAGLB	-0.557898551278049
CC2D2A	-0.557944968831175
SLC5A3	-0.558068848354425
BFSP1	-0.558152369883026
TESK1	-0.558266880165842
CD99	-0.558384849289978
NAV1	-0.558619551234464
ABHD8	-0.558840798803934
BCKDK	-0.55884408960131
TCIRG1	-0.558914756930302
ARHGEF18	-0.55915413872118
USP25	-0.559514328974641
LIN54	-0.559774437333558
SHD	-0.560117086383075
NKAIN1	-0.560219804677878
OSTN	-0.560293987506842
UBTD1	-0.560342745764816
TMEM72	-0.560607992646643
PRSS23	-0.560685967903645
SCN11A	-0.560907441032168
MTND1P23	-0.561051418668241
KDM5B	-0.561059188080527
SOCS5	-0.56113665972257
BMS1P1	-0.561170927369905
SHKBP1	-0.561299996108907
ADGRA3	-0.561611940895884
PITPNA	-0.561722629985587
MMP23B	-0.561934952605991
ELMOD2	-0.562020387001551
FBXO40	-0.562311582951453
RCN2	-0.562454304149889
HAPLN4	-0.562871078398525
CLDN16	-0.562942871773359
KCTD17	-0.563083381596931
AGBL5	-0.563426545859732
YWHABP1	-0.563479092790761
FMO5	-0.563797882869209
UTS2R	-0.563899820779293
MED17	-0.56420951004074
FGD6	-0.564689372910089
KCTD1	-0.564912434837604
LAT2	-0.5654901443048
GCKR	-0.565524100511828
ZNF17	-0.565544606231054
LAG3	-0.565558931007768
CCT6B	-0.566110466308779
PRSS51	-0.566540276196855
IL17REL	-0.566648551499192
NTN3	-0.566720939586598
PROX1	-0.566967480923917
SLC35A3	-0.566969301164386
HS3ST6	-0.567189065412387
NEUROG1	-0.567420603804546
COMMD7	-0.567517188472955
ZNF807P	-0.567582509725851
LNX1	-0.567707363530187
RARG	-0.567888332458137
RBP5	-0.56830455572729
PHKG1	-0.568323935225599
INSYN2B	-0.56842730132977
SLC28A1	-0.5686099473664
ESPN	-0.568895030691685
ARFGAP1	-0.569119235128478
DSTYK	-0.569204021543782
ZNF565	-0.569317906630596
FAM156A	-0.569844403517907
SLC27A3	-0.570021071142481
ATG4D	-0.570022698551831
PCDHA9	-0.570080539287812
BANF1P2	-0.570344752185726
SLC25A10	-0.570820008931703
CCDC14	-0.570900096216588
FZD6	-0.570975841589168
SEPTIN11	-0.571222092047145
ADAMTS2	-0.571396515443585
XPA	-0.571618640673433
RAB5B	-0.571643587490016
AK3	-0.571678992055208
ATP2B1	-0.571746905067212
SPEG	-0.571807884506288
TSPAN18	-0.572256285645943
PLA2G5	-0.57278068885931
AMY2B	-0.572792844183566
TDRD7	-0.572988477783369
NF2	-0.573362347814983
WSB1	-0.573868974735314
RECQL5	-0.573880798126278
RNF144A	-0.573980439022039
PLCD4	-0.574005374332138
RFNG	-0.574427635468084
FLT3	-0.57465819089947
SH3GL1P1	-0.57481317267656
TSPAN14	-0.574824930505979
RPRM	-0.574962772634807
CC2D2B	-0.575018785511606
TP53I13	-0.575090909779804
OPLAH	-0.575145291187858
ZFP1	-0.575250361726767
RGS19	-0.575270607220983
IFT172	-0.575382340012618
PNMA6B	-0.575588193147241
FOXRED2	-0.575750269943451
VDAC1P8	-0.575959134825949
SUMO4	-0.57640365986172
MMP15	-0.57641749606584
ZNF443	-0.576555928161643
TMC7	-0.576703366460181
HCFC1R1	-0.576810334983902
FBXL6	-0.576840923284206
YBX2	-0.577004421815451
LCMT2	-0.577391568395465
CLK4	-0.577398349137175
PRAG1	-0.577925808689679
TMED4	-0.578370825684029
DRD5P1	-0.578438168180031
BHLHE40	-0.578676971173654
WASL	-0.578807968742856
FAAP100	-0.578885145112714
LTBP4	-0.578939453628688
MMAB	-0.579063618707713
KALRN	-0.579204962052818
PIAS1	-0.579384009408175
ZSWIM3	-0.579429942132845
EMILIN2	-0.579818873211529
ZNF274	-0.579868636351784
DUSP26	-0.579913071685897
FBXW4	-0.57996199452174
SIRT1	-0.580979322110971
ZNF180	-0.581345726429182
CYP4A11	-0.581378577438007
SDE2	-0.581500019554094
SRRM3	-0.582171257731509
DPYSL2	-0.582279426194184
CYB561D2	-0.582333971326264
MSRA	-0.582648123895053
CDKN1B	-0.582875137946002
PKN3	-0.583215525879363
CA2	-0.583535182447268
SLC16A2	-0.583699725606683
COL1A1	-0.583711218090893
AGO4	-0.583741000593069
C11orf21	-0.583963185715226
PATL2	-0.584308940848911
EXOC5	-0.584630298325416
CCDC87	-0.584685397961432
SLC67A1	-0.585144007061079
PROCA1	-0.585211448168272
CRACR2B	-0.585341858044114
CEP170	-0.585626830352146
EXO5	-0.585762250074829
SPECC1L-ADORA2A	-0.586067068805913
MTTP	-0.586147547171595
CDK5RAP2	-0.586292964664786
STRCP1	-0.586540123549148
RAPGEF6	-0.586594630063198
EFEMP2	-0.586922350857754
LANCL3	-0.586954473547382
NCOA2	-0.587113153162027
CHRM1	-0.587180772669909
DENND2B	-0.587804847830593
PCBP2P1	-0.588126997845323
TLCD2	-0.588138583760438
HTR2C	-0.588357076321474
ANKRD20A19P	-0.588575468482702
NOL4L	-0.588781571126729
ZNF892	-0.588973414987437
CTNS	-0.589089467311239
TSPYL2	-0.589346504715641
CYP27A1	-0.589788238086162
CLIP4	-0.589830040034784
CCDC144BP	-0.590220945072884
ANO2	-0.590550566362275
TCTE1	-0.590555790520621
FGFBP3	-0.591085958867796
SIDT2	-0.591284918365739
NR3C1	-0.591415741556594
CNTNAP3	-0.591663518452043
FAM86HP	-0.591844206333327
RPS7P3	-0.592154209341047
PRPH	-0.592429607877329
ZMYND11	-0.592719899796115
KLHDC10	-0.59295028063835
PRSS56	-0.592963594764049
GNAS	-0.593263166413537
WTIP	-0.594231198043694
ATP6AP1	-0.594318231598353
GPR20	-0.594360509863288
LLGL1	-0.594470353078306
RPS6KL1	-0.594609410237044
FCGRT	-0.594904691516028
GGA2	-0.595139498926439
MYO15B	-0.595283327613109
TRPM3	-0.595351265262458
REL	-0.595503298688634
BRWD3	-0.595581158716402
HIC2	-0.595636061025387
TLL2	-0.595958147251308
ARHGEF4	-0.595995669201158
LKAAEAR1	-0.596106069774019
HCAR2	-0.596128644586424
TIMM22	-0.596418586969079
OPTN	-0.596668131842924
HSBP1L1	-0.596900769234187
GOLGA2P5	-0.596941205916958
VXN	-0.59701699796552
SLC35D2	-0.597145952008573
TENT5B	-0.597884257840243
PRRT2	-0.598104147163517
RPSAP70	-0.598108375341941
PILRB	-0.598310458087895
DOCK11	-0.598676728535931
SGMS2	-0.598698946828481
FAIM2	-0.598805400581761
ERICH6	-0.598886595601544
LRRC32	-0.599294315617159
NRDE2	-0.599340555653206
CHST10	-0.599599788479771
CRLF1	-0.599643092123785
STOX1	-0.599751856808404
EXD2	-0.599788676597872
ZNF585B	-0.600150481804369
SHISA8	-0.600167889274363
SMAD3	-0.60038059338028
SIX6	-0.600644636092644
ASIC2	-0.600815448538957
ALS2CL	-0.601312695470789
PRRX2	-0.601419900351144
ZNF564	-0.601515011460426
FAM53C	-0.601634100822968
SLC26A1	-0.60211070565277
MVB12B	-0.602707649938634
RPS3P3	-0.603739266378229
HIVEP1	-0.604015405061057
ZNF582	-0.604101049952802
WHR1	-0.604550902442029
GOLGA8A	-0.604778907288627
LMF2	-0.604904451887105
VTCN1	-0.605316562023438
HOXB2	-0.605421982644612
FGF2	-0.60636633167816
DHRS3	-0.607025513256991
PRSS45P	-0.60705351449789
PIM3	-0.607135460365366
PLCH2	-0.607232008368017
MAMDC4	-0.607364479360827
C1GALT1P1	-0.607531386988438
BHLHE22	-0.608234781197839
C1orf159	-0.608244876445491
FAM83G	-0.608282292146066
COQ7	-0.608307181891227
CDH7	-0.608835564535707
ZNF776	-0.608842780485319
ABHD14A-ACY1	-0.609248967734134
TRIM17	-0.609428522579054
DOK3	-0.609458340053406
USP2	-0.609563852906986
NEBL	-0.60979008634011
PKD1P4	-0.609861723851576
MSMP	-0.610375490540536
SPTBN4	-0.610722451690443
TTLL6	-0.610994525305034
TENT5D	-0.61131822791564
C1R	-0.611422858296628
H3-7	-0.61169275339898
TMEM222	-0.61208966674114
IGLV1-51	-0.6121972682074
ZNF417	-0.612419253155381
DDTL	-0.612456703702321
OXER1	-0.612784569926347
PSTK	-0.613117491277059
TAS2R6P	-0.613531378980492
SPEN	-0.613567828398417
MAN2A2	-0.613735013315542
DQX1	-0.613930554694102
CEP295NL	-0.61401986165966
SLC35E2B	-0.614213121313322
TANC2	-0.614453103067898
ATRNL1	-0.614486451507986
DONSON	-0.614525756217056
MORN5	-0.614742909438836
DNM1	-0.614945954895188
ZNF232	-0.615177354340601
DCUN1D2	-0.6155728677985
RIMBP3	-0.615926867521799
MAN2B2	-0.615996548080653
ARFRP1	-0.616198074903793
SLC44A2	-0.616328749501463
PEX11G	-0.616581064573512
GLDN	-0.61662214182808
PIGW	-0.616826717123111
OTOF	-0.616828031084454
DSEL	-0.616916474868403
MED24	-0.617326635792793
VIPR2	-0.617797174641631
ZBTB21	-0.617948576506598
DOK2	-0.61847420017928
FUT8	-0.618492020893538
GTF2IP4	-0.618899453773145
FAM209A	-0.618963846306591
STOM	-0.618996596426191
SPHK1	-0.619664054069156
ZNF268	-0.619815550925721
LZTR1	-0.619943506683787
ZNF10	-0.620025282931952
TRUB1	-0.620145566556252
SH3GLB2	-0.620176491802654
ITGAL	-0.620213445247548
KTI12	-0.62037756466822
FUT6	-0.620927944520848
C18orf54	-0.621453333253404
BCOR	-0.622693551792656
SMAD4	-0.622765832784031
CTC1	-0.623086966170963
LCOR	-0.623239533380209
NCCRP1	-0.62335126836436
DDX5	-0.62343145939285
CXCL17	-0.623495826911377
NANOG	-0.623512757854838
ENPP7P8	-0.623571067730958
ZNF137P	-0.623679862784263
YTHDC2	-0.623891519645914
BCAR3	-0.623968558501784
TRIM7	-0.624193029956088
LRRK2	-0.624534069427603
CNN2P1	-0.625146560868469
TRAF5	-0.625284275467111
TMEM234	-0.626272943755263
COL4A5	-0.626408111871344
EGR2	-0.626716496391192
RNF207	-0.627124622303079
CD48	-0.627184239056994
DLX6	-0.627751673550469
SLC6A4	-0.627809552022428
TPPP2	-0.628000209225297
NEURL2	-0.628030914567234
RNF122	-0.628113129290916
PPP1R14BP3	-0.628491572640833
HMX3	-0.628855891087321
TMEM41B	-0.629246799414032
ARFGAP2	-0.629526317599773
RLBP1	-0.629805925337334
TRIM27	-0.630123558355262
ANKRD65	-0.630329618613579
PER2	-0.630676424771245
RASSF7	-0.630919294451448
COL1A2	-0.630959129776698
TMEM150B	-0.631480781958718
ULK1	-0.63187986949445
TRIM54	-0.632572614642397
UBE2CP2	-0.632880516819962
ST8SIA6	-0.633181746568697
GCNT2P1	-0.633894033994431
LZTS2	-0.63395930098221
ZNF609	-0.634031739357917
A2M	-0.634108827676161
C8orf48	-0.634638779352372
FBXO44	-0.634883675631908
HPSE2	-0.635327625028642
ATP9A	-0.635859997508093
TMEM71	-0.636607838105964
FHL1	-0.637555523093804
ZNF646	-0.637753012724984
ST3GAL6	-0.637891635914505
KLF11	-0.638299099932541
BAHD1	-0.638351358306255
TET1	-0.638366725746682
JAG2	-0.638918600388356
ZSCAN22	-0.639064790595167
EREG	-0.639954327872584
SLC25A42	-0.64000756800772
CXCL16	-0.64016403566753
RNMT	-0.640244285912899
GHR	-0.640500836865242
ZFP64	-0.640504085712857
MAP7D2	-0.640729008997903
LRIG1	-0.641298134557818
MOK	-0.641676197747944
FXYD6	-0.642367467631334
MGAT4B	-0.642525112979939
ARID3A	-0.642690609511819
CCDC178	-0.643031364523446
TCP11X1	-0.643067708073729
AKT1	-0.643085539630551
MBD3	-0.64309666387581
SLC35F1	-0.643435491302217
IGSF11	-0.643475775702975
DDIT4L	-0.643717232870826
AK8	-0.644021932831111
MAB21L1	-0.644028607808681
ACKR3	-0.644184038617796
SLC39A2	-0.644514897303009
SOD3	-0.644876001401491
GRB7	-0.645102400139712
BAZ2B	-0.645116838698665
CELSR3	-0.645147122760108
KIT	-0.645398951439569
IGF2BP2	-0.645464303508248
TMEM67	-0.645810924452089
SPATA32	-0.645950653501559
TMPOP2	-0.646131465474077
TBL1XR1	-0.64621131082488
NPC1L1	-0.646666939641823
DNMBP	-0.646691668950254
TSC22D1	-0.647168067814169
CYP2F1	-0.64843545006549
CD151	-0.648556510424511
NANOS3	-0.648652902623628
NAGS	-0.649044077487473
ZNF836	-0.649367046119895
CA11	-0.649484437207803
PGA4	-0.649773845488762
ZNF799	-0.650123867299264
QSER1	-0.650245632300234
IFI35	-0.650250223810451
GPR137C	-0.650413884658374
GJB7	-0.650892791671569
TEN1	-0.651063677765287
TIGD1	-0.651131088400612
NYAP1	-0.651610807387681
SOX9	-0.651833661278396
ALG1L2	-0.652339637800039
EYA1	-0.652476912504925
RTL1	-0.652599295733401
PGAM1P7	-0.652738858989498
WDFY1	-0.653086863635263
IGFBP3	-0.653234177281162
KLHL10	-0.653346925046994
CD177	-0.653888013582678
S1PR5	-0.654092622524837
PPP2R3A	-0.654161080809991
CARNS1	-0.654821167605497
ABHD15	-0.655050141008061
TMEM277P	-0.655165328187913
TSTD2	-0.655230940393849
PTTG1IP	-0.655311058057861
EGFEM1P	-0.655422507554008
MAP2	-0.655802143077614
USP32P2	-0.655968287921404
TACC2	-0.656214055029463
DDIT4	-0.656406272590117
BASP1	-0.656732323565535
COQ10A	-0.656748366389952
CDH23	-0.657129923991709
ANO7	-0.657160752860769
NCOA6	-0.657288798394375
TNFRSF25	-0.657383996314943
CIAO3	-0.65739734067013
GBA1LP	-0.657696132145099
PRLR	-0.657743398606931
PCDHAC1	-0.658099987015469
KREMEN1	-0.658192303087517
ATG16L2	-0.659246712238263
SLCO1A2	-0.659525571696442
TGM3	-0.660347028687491
ACP2	-0.660454977715857
GMPPB	-0.660460032006849
NCSTN	-0.660669305592056
EGFLAM	-0.660720280559208
SOX13	-0.66191494421788
RPL7P20	-0.662030930331307
ASH2L	-0.662123713716615
SGCG	-0.662299806481125
NAGLU	-0.662362647127694
MAN1C1	-0.662768237881221
LLGL2	-0.662898872899807
CCDC78	-0.663036326391624
SRSF2	-0.663266800589352
DCP1A	-0.663515101271277
OPRK1	-0.663569481082158
BRD1	-0.66385437538451
ATG9A	-0.663926162871177
GDPD3	-0.663984808858789
COL4A1	-0.664251690013107
BCRP9	-0.664322565823478
BMPR1A	-0.664592392737896
FKBP10	-0.664594254180344
RSPH14	-0.664662180647484
BRD3OS	-0.664910500274959
CARD14	-0.665187957924451
NOX5	-0.665296013358734
CDK10	-0.665389339514561
DRD4	-0.665639894252073
ZNF663P	-0.665761459012155
IRS3P	-0.665781054183887
CIMIP3	-0.666475510177135
TCTN2	-0.666491324149334
SCUBE2	-0.666563565511664
TELO2	-0.666591902322791
SDHAP3	-0.666682777972041
RPL3L	-0.667264617139352
CEACAM19	-0.667297985555546
GRB10	-0.667624498765005
KIFBP	-0.668279814751369
ST6GAL1	-0.668485682412293
TULP3	-0.668754897026401
FOSB	-0.66905691506623
FBXL13	-0.669319467270016
ZNF83	-0.669420726728586
GAA	-0.670038766697841
NFATC4	-0.670604704806066
SLC25A21	-0.671105077123243
INA	-0.67148478299494
ERP27	-0.671996170054719
GAS1	-0.672018594698079
NUTM2B	-0.672189336050436
SLC25A35	-0.672215924465234
ZNF610	-0.672373395522503
FAM171A2	-0.673034477179157
FAM50A	-0.673467492908125
ATOSB	-0.67355402663002
CCNG2	-0.673722945261892
SLC16A12	-0.674237981821766
TLCD1	-0.67456448942405
RIMBP2	-0.675581748131305
LAMA1	-0.676376058917338
PLEKHA4	-0.676551126653654
AAK1	-0.676559519751605
SOWAHA	-0.676592095772217
TRA2A	-0.676634294458723
TM6SF2	-0.676661720638043
AMIGO2	-0.676959031559927
LOXL3	-0.677876641126205
SELENOV	-0.678405298262188
SYNC	-0.679161499274815
HNRNPA1P26	-0.679466461615718
TRPC1	-0.680585077006798
BRPF1	-0.680617344709262
LURAP1	-0.680707411358014
ZNF812P	-0.681276335722185
TRIM46	-0.68143096145387
ENPP3	-0.682138342344443
KMT2E	-0.682144252616889
HAAO	-0.682380256939237
GET1P1	-0.682735293306153
TMEM175	-0.682798481646166
TNFAIP3	-0.682880297812773
NCKIPSD	-0.682917615735181
CASZ1	-0.683339363844713
SAMD14	-0.683386063142709
ABHD11	-0.683522361976862
ABCC6P1	-0.68398752996011
SETD1B	-0.684111264980067
ZNF512B	-0.684399369391753
TMEM275	-0.684602859275081
FABP5P3	-0.684837096699672
ZNF615	-0.685864328825696
KCNIP3	-0.686098306003023
CYB5D2	-0.686271766548447
ARMT1	-0.686697710618809
CHIC1	-0.68707516156191
DOCK3	-0.687465132097091
DRD5P2	-0.687749836678749
PCDHB2	-0.688438759985924
PAFAH1B1	-0.68920979164106
ANGPTL1	-0.689361146719883
SMOC1	-0.689945628313703
MRLN	-0.689976156367053
THBS4	-0.690237991560024
GNMT	-0.690289960096814
ACVR1B	-0.690383683249486
GJA1	-0.690544719596509
MGRN1	-0.690793744757203
DEF8	-0.690801197105753
ID2	-0.690991954071493
MAP3K13	-0.691040786810963
TBC1D27P	-0.691895090558915
PTPN9	-0.692550163994964
SLC35B2	-0.69260980694328
RNF227	-0.692859331943302
B3GLCT	-0.692863169131122
ZAP70	-0.692919583696476
PDK3	-0.693572896506377
TBC1D32	-0.693650225633084
ZYG11A	-0.694133731638576
QTRT1	-0.694256634834908
NDOR1	-0.694261898019322
VPS9D1	-0.694316852188516
WDR90	-0.694885390154193
SLC40A1	-0.69493616814489
LZTFL1	-0.695336223956951
SLC29A2	-0.695657458941385
GRIK3	-0.695910806042247
TLK2	-0.696057540386237
BCL6	-0.696289462549718
GSAP	-0.696419602470789
H3-3B	-0.69648621465166
GBX1	-0.697167152347884
ENPP7P5	-0.697689877736523
HCK	-0.69793237513196
NODAL	-0.698089840627646
SMYD2	-0.698494019830547
ZER1	-0.698863988853129
LINGO3	-0.69925639234575
NMU	-0.699309618959584
CAMKK2	-0.699667721543226
SOCS4	-0.699721368861429
HTRA4	-0.699763302809704
MAP4K4	-0.700284376882398
ZFR2	-0.700336100498959
CRTAC1	-0.700678332284588
LRRC43	-0.701232705562468
P3H3	-0.701383627659375
TMEM51	-0.701552385965491
MAP1LC3B	-0.70173526698282
TMEM256-PLSCR3	-0.701804739127603
DNAI7	-0.701853515297578
FBXW4P1	-0.702098250176089
CSRNP1	-0.702732683464823
MSANTD7	-0.702771951845668
ZNF594	-0.70331709333228
ZNF439	-0.703380211103205
LMLN	-0.703859434961386
ZMYND15	-0.704051361492243
RTN3	-0.704391916722349
TDRD12	-0.705082911742636
CNTNAP3C	-0.70531501570375
SEPTIN3	-0.705667114501123
MCTP1	-0.706481666453888
RNF130	-0.706611908481504
KLHL17	-0.706673774895443
TIAM2	-0.706996469281296
LTB4R2	-0.70702823464324
PRTG	-0.707390132140339
NAPA	-0.708380162706471
KIF3C	-0.708684415770366
CLEC19A	-0.709069125237605
ZNF497	-0.709701561963384
LIN28A	-0.710850603988093
RTEL1-TNFRSF6B	-0.710966258518942
UTP14C	-0.711287804495483
TLR9	-0.711614247432807
CDH24	-0.711681939765765
CHRNG	-0.711699666236148
TRMT11	-0.711863688350964
MORN1	-0.71269115639727
CPNE6	-0.712761267326441
PIP4P1	-0.71284772702162
SCRT1	-0.713193205124221
TP53BP2	-0.713352250340209
TEX22	-0.713824118965892
IGFN1	-0.714149195665349
SNX25	-0.715101982662054
PCSK4	-0.71519428243654
DBP	-0.715301150937505
NT5C	-0.715721878815161
LNPK	-0.715848825721172
MED13L	-0.715881645036017
ANKRD13A	-0.716815918882399
B3GALT6	-0.716821235123164
ZNF780B	-0.717007638591962
TRPV3	-0.717521783649495
MMP24OS	-0.717615458258974
PARP12	-0.717715452457385
PNMT	-0.719178299154926
ARHGEF40	-0.719398329654705
GNPTAB	-0.719487005624969
NAB1	-0.719600176696347
CABP7	-0.71964914924957
NUMBL	-0.719739156184327
ARSA	-0.719917619375945
PDGFA	-0.720170632693411
SLC4A2	-0.720391521523609
PHB1P4	-0.720801972980795
IRF2BPL	-0.721459824222829
HHIPL1	-0.721514495010887
ZNF324	-0.721898549510548
SSBP2	-0.721970646652068
BCL3	-0.722037264978194
CFAP184	-0.722638904409109
RAB7B	-0.723252729873555
C10orf95	-0.723723793565449
PCDHB1	-0.723745500981789
SOS2	-0.72421947502927
SOX10	-0.72510161160189
FRAT2	-0.725908047497907
MST1R	-0.725985967061895
FNDC10	-0.72610477061466
TMPRSS5	-0.726720799272878
FADS1	-0.727268267591522
HAPSTR1	-0.727724816164541
NUDT21	-0.728165517664812
NUTM2A	-0.728367461208939
DOP1A	-0.728587715149991
RPLP1P6	-0.729527030784861
IFNGR2	-0.729866756605801
BBOF1	-0.730164947093688
GPRIN2	-0.73045875219848
KLK6	-0.73058752162679
MUC16	-0.730813180904001
FTLP13	-0.731199218431272
FTH1P7	-0.731398904055693
SCYL2P1	-0.731401046562149
HAUS5	-0.731652001598666
CEP192P1	-0.731896379707008
DOCK8	-0.732012838826515
CHMP6	-0.73204266807706
CCKBR	-0.732767848880718
MFSD1	-0.732822259404801
CYP7B1	-0.733096072206283
KMT5C	-0.733186428261354
KCND1	-0.733197634361178
GARIN5A	-0.733438832227274
RIMBP3B	-0.73361749404888
SUPT7L	-0.734502716930345
SETBP1	-0.734529425276579
SEMA3C	-0.734701106607598
PECAM1	-0.734718638493645
OGFR	-0.734929717669048
NRN1L	-0.734992041026861
MICU3	-0.735177190973955
GLYCTK	-0.735416422755137
AP1G2	-0.735676795344703
AOAH	-0.736333716930334
NHSL3	-0.736340034441155
CHST6	-0.737850608711063
TEX26	-0.738164674430742
SPATA31A6	-0.738765486454771
ZNF544	-0.739029319548381
FAM238B	-0.739303969248288
TOLLIP	-0.739632407659314
LINC03042	-0.739674312777421
ZC3H12B	-0.740721607144202
EEF1AKMT2	-0.74090378056905
PDZD11	-0.74095076164066
CCDC127	-0.741233825498839
RGS14	-0.742835456710379
AJAP1	-0.743015306400643
SRPX2	-0.743076844921895
RPL18AP13	-0.743171475483934
SPDYE21	-0.743374842570988
DVL2	-0.743395884892305
PLIN2	-0.74360498609593
HSDL1	-0.74392329548104
MC5R	-0.744036441307754
POGLUT2	-0.744234465512212
CES4A	-0.74424554429991
SMTNL2	-0.745465239071208
KREMEN2	-0.745828506970744
AGAP13P	-0.745965217158269
TIA1	-0.746237390937499
PTPN13	-0.746301991143124
TGFBR1	-0.74669793221288
PLK5	-0.746875089963829
GPAA1	-0.747144200370993
CCDC6	-0.747737067740187
EFNB2	-0.747753786493877
CSRNP2	-0.748640071256226
RPL3P7	-0.748662398549235
OR7E5P	-0.749464312525276
KRTAP13-4	-0.74954956618989
ORMDL3	-0.749930537454292
ZC3H4	-0.74998600759175
ZFYVE26	-0.750143129585304
ANGEL2	-0.750190256901546
CENPT	-0.750375587869283
HNRNPA3P5	-0.750714348718975
REG1A	-0.750868636965094
RNF183	-0.751131335777965
PIGB	-0.752388206340181
SAXO3	-0.753412045647598
PPP1R14A	-0.753660717640858
FBXO10	-0.753915171485208
VEGFA	-0.754012828028056
PHOX2A	-0.755082486462082
DNAJC9	-0.755569529114529
TMC2	-0.755664509190908
GALNT7	-0.755684083934321
C8orf82	-0.755721095913138
THBS2	-0.755868875533093
CELSR1P1	-0.756152162839266
HPS1	-0.756505135200494
GSC2	-0.756630737258126
PRMT6	-0.756895189719417
GJA3	-0.757003545637164
NRADDP	-0.757063670803316
PLA2R1	-0.757143502944978
TRIM25	-0.757233827784175
A4GALT	-0.75800692356295
RECQL4	-0.75803864730891
HYAL1	-0.758875178245717
IFITM1	-0.759278778522831
TRMT13	-0.759648257803616
GSG1L	-0.759943246405444
CYP21A1P	-0.760620954027434
C1QTNF5	-0.76140116096793
ARRDC4	-0.761488346437545
XK	-0.761564133924459
RGS11	-0.761569584483436
PTF1A	-0.761614802086014
SSH3	-0.761740815650489
DRC3	-0.761789677871122
PKLR	-0.762133477138026
OAS2	-0.762927662540658
SMUG1	-0.762938442944338
FNDC11	-0.762996324553303
POLR3C	-0.76299756117706
CIROZ	-0.763327649626955
EFNB1	-0.764121017371025
FERMT1	-0.764146065121519
SSBP3	-0.764376089488585
RRAGA	-0.764498090019814
MRS2	-0.764828581866806
CHI3L1	-0.764992079280117
PYGO1	-0.765493529879702
NPC2	-0.765534922370713
SMARCD3	-0.765622059240239
ENDOU	-0.765816439249367
SLC35G1	-0.765872247306375
ESRRB	-0.766346363052035
MAK	-0.767306082437754
ONECUT1	-0.767566805852961
GNB3	-0.768058332672159
CBARP	-0.768792067215611
SLC6A20	-0.769226006085081
ANKRD53	-0.76956236008763
TRBC2	-0.76990433456295
ZNF578	-0.769993832301704
MED29	-0.770480832758375
AP4B1	-0.770503577200519
PCDHA10	-0.770886613667506
RGS20	-0.7718300006449
FANK1	-0.772175480658893
WDR11	-0.77220969969246
DRC7	-0.772272828819867
LRIG2	-0.772967174948981
COL13A1	-0.77418279491297
PRSS35	-0.775221607192328
GRAMD1B	-0.775368595006982
TMSB4X	-0.775881066227214
EMID1	-0.776035925831882
ETFRF1	-0.776120199282009
PTPN21	-0.776254862769551
PCNX3	-0.776328745430423
GPR61	-0.776475796600077
PODNL1	-0.777126370991268
CA4	-0.777637113685854
RARRES1	-0.777804614703191
PLA2G4F	-0.777933661150281
BSCL2	-0.777997699880964
DSC2	-0.778131945642709
RHPN1	-0.778232058107302
SPRY2	-0.77825512485205
PRAM1	-0.778393041450156
RAB19	-0.778517695909978
FAM83C	-0.778537892108612
ZNF764	-0.778541021717207
PCOLCE2	-0.778813497652787
MAPKAPK2	-0.779245047214358
GABARAP	-0.779401334469215
ZNF548	-0.779452268162758
CADM3	-0.779884869675538
IKZF3	-0.780490494484661
CFAP74	-0.780629238001782
MYO5A	-0.78065573628878
ZNF135	-0.780679728901871
TMEM106A	-0.780751535743637
SLC25A18	-0.780833666327162
SYTL1	-0.780835025705846
PNPLA2	-0.780926729264331
SRSF12	-0.781885749804031
DNASE1L1	-0.782843151907889
LPAR1	-0.78340979074059
TBXAS1	-0.783702914018468
SEZ6L	-0.784104755975695
PTN	-0.784306355826168
EPHA3	-0.784450482737568
LDLR	-0.78478397312291
PITPNM2	-0.785503798630516
MTMR9LP	-0.786048276572914
ERFE	-0.786506414587414
NR4A3	-0.78705342907844
TNFRSF13B	-0.787237748386176
ZNF770	-0.787395050223811
QPRT	-0.787427070471446
SHISA3	-0.787688323659885
ADGRA2	-0.7878608946532
ASL	-0.788123812977101
PRKCG	-0.78817340351892
KCNH2	-0.788224522681691
PLVAP	-0.788995342231155
ZNF704	-0.789394416963354
AGFG2	-0.789810314410278
FHIP2B	-0.79000959442184
BCORL1	-0.790215532027216
PLEC	-0.790257967346509
ZNF70	-0.790272934353669
ETS2	-0.790418287987076
MAPK8IP2	-0.790723006472816
TFE3	-0.791325622319245
IZUMO4	-0.792443441181331
ZIC5	-0.793013131771498
TMEM50B	-0.794035767177717
PTAR1	-0.794251345392367
ANAPC2	-0.794989345004435
PHF13	-0.795119614209377
MIGA2	-0.795154477667955
PI4KAP1	-0.795356337252103
SAMD15	-0.795540285934798
VDAC1P13	-0.795735136316164
LYVE1	-0.795951396865237
PPP1R3B	-0.796120277490734
ADGRV1	-0.796139576522171
CDK5RAP3	-0.796552261884533
FJX1	-0.796691011288119
SSPOP	-0.796719336247965
FARP1	-0.796790403371437
MTG1	-0.797338417489127
LRRN3	-0.798912609027654
METTL15P1	-0.798989103864859
EN1	-0.799273260856641
SUOX	-0.800167081837563
ALDH1A2	-0.80026601057957
WIPF3	-0.800736513029139
PNLDC1	-0.801391924659372
MTCO1P12	-0.801807934959419
RIOK3	-0.801961606069284
ASPSCR1	-0.80211546557683
SPATA31C1	-0.80227795916487
CLIC2	-0.802280364751554
TP53TG5	-0.802389838969877
PLEKHG4B	-0.802390899620908
BNIP3	-0.802976943548802
MXRA8	-0.80338375882001
INSIG1	-0.803653128889093
RC3H2	-0.803836526800617
ZNF326	-0.803863269890693
OTUD5	-0.803881711469373
CIROP	-0.804117023364189
NPB	-0.804282730882745
SLC15A2	-0.80432134766901
TMEM98	-0.804613199048655
ZNF777	-0.80462048930705
MORF4	-0.805447097876587
XKRX	-0.80570874251486
AMER3	-0.806005737721184
RASSF4	-0.807523881428139
TRPC4AP	-0.807592829120875
ARAP2	-0.808046710698873
CES2	-0.80824432371264
CYP46A1	-0.808389696643745
ZNF517	-0.808472162310543
C22orf46P	-0.808604795104271
TRMT2A	-0.808665598981889
TMEM132A	-0.808711623599294
P2RX2	-0.809805981293183
ADGRG1	-0.809934723158392
EPB41	-0.810337532867724
GBA1	-0.810401666022403
FAM47E	-0.811206445084002
CLDN1	-0.811296238162663
USP17L14P	-0.812116198769284
PINK1	-0.812392196403359
ENTPD4	-0.813644418325662
SOAT1	-0.813669871117498
KANSL3	-0.813729536887099
SLCO4C1	-0.813889826728068
CELF3	-0.814588066873042
FTLP14	-0.814641176931354
OAS1	-0.814903784431771
EBF4	-0.815217073721833
FAM43A	-0.815244860379198
CPAMD8	-0.81551714377724
CIRBP	-0.815529548875611
FGF17	-0.816055293637873
PARD6G	-0.81630541851499
HRK	-0.816339590459209
HEY1	-0.816439278039663
AIRE	-0.816879706343047
CCNL1	-0.817154464125078
MMP28	-0.81737061855243
TRIM39-RPP21	-0.817757624388478
TMEM88B	-0.817797768753316
COX20	-0.818119626312704
PIH1D2	-0.818467038449687
ITPRIP	-0.820044794457584
UGP2	-0.821376841584024
RASGEF1B	-0.823338893391782
EN2	-0.823375769561476
TAF1C	-0.824190064608874
DPH6	-0.824648553247313
GPSM3	-0.824648804186682
MAMLD1	-0.825360138598664
SPINK1	-0.825450219971104
PNMA8B	-0.826475825997071
RAPGEFL1	-0.826949647422154
EXOC3L4	-0.827152657763565
C2	-0.82771113789333
EFCAB12	-0.828066191462459
TIGD5	-0.828535693559641
KCNK1	-0.82883039861512
BSG	-0.82892606252337
ATP6V0A1	-0.82922100552221
B3GNT5	-0.829233190997664
ZNF793	-0.829388965439618
CDK2AP1	-0.82950913124177
CREBBP	-0.829519873915986
NRCAM	-0.829799445065184
CCT8P1	-0.829919924873368
SLC16A8	-0.83170273253474
P3H2	-0.832501816546443
ADHFE1	-0.832735344231155
ANKRD18DP	-0.833092108618417
MEX3D	-0.833230145896103
CEMIP2	-0.834245596303031
FBLN5	-0.834528597763731
NIN	-0.834749188034574
HAS1	-0.834909485846384
IFT81	-0.834939160099602
CLDN34	-0.835987496534279
REC8	-0.836269287720942
SYNDIG1	-0.836455371065581
GTF2IP7	-0.836900097557709
MAPK7	-0.837142803604139
CFAP410	-0.837416196117601
SOX8	-0.837554619323442
MAN2B1	-0.837637375188572
ANKRD1	-0.837645906960668
BCL11A	-0.838116780847442
CLU	-0.83832754593372
TM7SF2	-0.8408855337271
IFT70A	-0.841001965933932
GVINP2	-0.841900427894295
TMEM184B	-0.84200473777375
PCDHB16	-0.842391155117324
EXTL1	-0.842989634963006
SMIM10L2B	-0.843155220036009
ZNF649	-0.843627407030484
PEX10	-0.843928689946109
NUDT11	-0.844011412752411
GRINA	-0.844114919560985
FMO4	-0.844256885888247
CHST12	-0.844763588983844
SPON2	-0.845312079744993
ZNF512	-0.845673105057722
MICALL2	-0.845798390589088
NXF2	-0.846004874514604
RGS8	-0.846225076490291
NAT8L	-0.846235915094855
NGF	-0.846492760505953
ADAM20P1	-0.847617683610149
AHNAK2	-0.84799014818115
CPT1A	-0.848055838539388
MT1M	-0.84890266469997
TSPEAR	-0.849161874059924
IGF2	-0.849686837627251
PALLD	-0.849909120098283
NPM2	-0.850041470030032
TXNIP	-0.850215704499732
UBE2G1	-0.850470611262762
BMP2K	-0.850684167773008
DGAT2	-0.851017329249173
NFKBID	-0.851221401804318
NELL1	-0.851911722772757
NRXN3	-0.852042261570065
RTN4RL1	-0.852082540644946
RHBDD3	-0.852222658753864
CHST5	-0.852962050748903
OR7E13P	-0.853381325461631
SEMA5B	-0.853497994954847
PIGAP1	-0.854427687703446
IDH3B	-0.854544656954066
GUSBP3	-0.854833784414657
ZGLP1	-0.855376325257334
MMP24	-0.857090149694084
NCDN	-0.857822815950286
SAMD1	-0.859509886268592
ZNF611	-0.860576639249082
THAP8	-0.862461047637469
POMC	-0.863917620330688
ADAMTS13	-0.864123677867572
SPACA6	-0.864458252956765
EEF1A2	-0.864824484153066
DYNAP	-0.864828722510711
TAF7	-0.866396727395749
COL7A1	-0.866616695477927
WNT8A	-0.86678584792386
MYBPC3	-0.867129247636146
TMEM272	-0.867232442366455
LBH	-0.867446979617164
FTH1P16	-0.867635992968861
CCDC74B	-0.869951326481292
PIK3R3	-0.870488961391777
CPE	-0.871710961134913
ITGAX	-0.871871631338797
GUSBP16	-0.872011134189436
DHX16	-0.872466083516659
PTPRK	-0.873246651957177
C11orf96	-0.873824683252252
CPZ	-0.873907300713458
CDH10	-0.873982783238122
COL6A6	-0.874279982309773
TMEM255A	-0.874538801953942
TMEM86B	-0.874716023327215
EDEM2	-0.875122495431817
DGKQ	-0.875381935684411
GPER1	-0.875561369008646
LITAF	-0.875750895870421
COQ4	-0.875885871952261
RASA4B	-0.876017906455568
SLC23A2	-0.876044549661652
ABL1	-0.876354458137026
OAF	-0.877498438668908
ZBTB24	-0.87757267870907
NPEPL1	-0.877620163256216
GUSB	-0.877988060834996
GPR173	-0.878181436744203
RALYL	-0.878836628716125
CYGB	-0.879579389342588
LPA	-0.879796872069053
SCT	-0.880198985640818
RBBP8NL	-0.880818571763494
SEL1L3	-0.88190453015215
PRKCA	-0.882114328538614
ATP2B4	-0.882384499706303
PTPRS	-0.882554898844244
WDR19	-0.882877506091215
DENND6B	-0.883063711639123
ZNF781	-0.883386394219344
MT-CO3	-0.884592398864443
ADGRL2	-0.8862093517253
IP6K1	-0.886244381757112
VEZT	-0.887491533852193
CPNE5	-0.888074303660562
ATPAF1	-0.888082575059453
ZNF446	-0.890138927729989
ZNF792	-0.890162868830252
PCDHB7	-0.89040229677241
TOP3BP1	-0.89064362652503
ASTL	-0.890902754182945
ENO4	-0.890924964667783
ZNF100	-0.891208467429915
LGALS12	-0.891671436965164
CENPBD1P	-0.891959203279994
ACTN3	-0.892477378465499
KLK7	-0.89285393887683
NPR2	-0.893090137593158
KAT2B	-0.89517009513437
TNPO2	-0.89544391224856
KCNA7	-0.896160552174768
MAU2	-0.896245973862602
TSPAN6	-0.897988044475172
GNA14	-0.899615786853153
MARCKS	-0.900273966931425
LIME1	-0.900588035826116
PCED1A	-0.900839591181879
PTK6	-0.90172306879005
NCOA1	-0.902014573114737
FOS	-0.902090063549737
WNT5A	-0.902120380741693
WASHC2C	-0.902632056142869
JAKMIP3	-0.902837864390595
PWWP3A	-0.903083908210578
PCDHGC5	-0.903495694444796
FAM153A	-0.904238869873653
ALOX12B	-0.905271630831966
CBX8	-0.90538937771873
MIER3	-0.905766568172198
PLD2	-0.906396211139644
PC	-0.908255306212554
SRCIN1	-0.908442749121358
ABLIM1	-0.908454713776826
DNAJC30	-0.909929845830201
IGLON5	-0.910453130052622
HNRNPDL	-0.910647800106668
AMHR2	-0.910730193125004
AFF1	-0.91116841298062
NFAM1	-0.911228312846011
TSPOAP1	-0.91155087792122
GTF2IRD1	-0.911863925193806
SLC5A5	-0.912180042638319
ALPG	-0.912405552049556
IQCA1L	-0.912631751327084
SUPT6H	-0.912776274960571
HEXD	-0.912863002586468
TRPC4	-0.913200376338478
NVL	-0.913615827339518
NLGN3	-0.914248082798543
BTNL9	-0.916254517934718
FOXB1	-0.917064066912574
SEMA6A	-0.917115383264031
NFIX	-0.917519974939427
MST1	-0.918441135382472
DGCR8	-0.918762935421472
SPATA31A3	-0.91900544928037
SLC4A3	-0.919172167496725
TMEM179B	-0.919722914032694
DLG3	-0.922252461557352
BIN2	-0.922394509179279
PPP1R1B	-0.922678590733565
JADE3	-0.922730060852635
OBI1	-0.922999085304405
SEC14L1	-0.923818374024438
BPIFB4	-0.924073262182083
TENM4	-0.924512500259112
UNC119B	-0.924644027326374
SCN1B	-0.925103588347573
PCGF3	-0.926201659367805
CNNM4	-0.926433660519254
SOST	-0.926646885201935
CCDC57	-0.926697664312285
GLB1L	-0.927868116346725
POU3F4	-0.92823516688309
ADM5	-0.928657465067949
ZNF577	-0.928703659032736
ARHGDIG	-0.928857631382396
UPK3A	-0.92917390401512
RNF40	-0.929415682383166
ZNF808	-0.930333741370567
TM9SF1	-0.930431313415266
CLCN7	-0.930515060964009
FAM227A	-0.930671501498132
GPRC5B	-0.930776788750828
CBLC	-0.931679653004699
METTL27	-0.932171936644665
TRIM33	-0.932395162165062
CFC1	-0.933008301625717
MYO1H	-0.933354019487566
PROX2	-0.933373215788945
ZNF879	-0.934041366397563
EPSTI1	-0.936225911018078
RIBC1	-0.936276363439791
MXD1	-0.936659108714866
PITPNM3	-0.936973444929263
SYN3	-0.937181242700543
BMP2	-0.938500006971702
PCDHGB4	-0.938895367399392
BBS1	-0.9394327499419
NETO2	-0.93959758965319
TUBB6	-0.940368346660199
KCNK12	-0.940521602464132
COL5A3	-0.941319565507333
HNRNPH1P1	-0.941711972002726
RCAN3	-0.942620699243849
IQCM	-0.943465327756413
IRX5	-0.943525094197445
AP5Z1	-0.943739341461958
DUTP6	-0.944012808331767
ZNF385B	-0.94407450287617
AFG3L1P	-0.944811405326845
SPSB1	-0.945535725247543
NOTUM	-0.945789452499162
FAM246C	-0.945818260859454
KMT2C	-0.946107243008981
PNPLA8	-0.946166655402325
LRP3	-0.946540367636976
PSAPL1	-0.946641555514138
NMUR1	-0.947729978962113
IRF7	-0.948115460180723
MACROH2A2	-0.94855895318388
COL5A1	-0.948729985654974
MAPK4	-0.950225110235106
NYX	-0.951015854455306
NUAK2	-0.95146550123808
MAP1LC3B2	-0.951499743240539
VGLL3	-0.951616178577253
ZFP36	-0.952064701055319
NTF3	-0.953712461439646
NUMA1	-0.954459180780734
AKAP1	-0.954920376228725
BORCS6	-0.955863042072631
ZNF549	-0.956753506901062
RCOR1	-0.957443770091226
CTSV	-0.957840588282378
MEGF6	-0.957843562200669
FXR2	-0.958065772617254
PMF1	-0.958541931143573
ARLN	-0.959154102332969
TOB2	-0.959178596858804
MGAT5B	-0.959234229669527
AIPL1	-0.959371550769809
SHANK3	-0.960353633305387
WNT9A	-0.962486151132377
SIN3B	-0.962735034044254
UBXN11	-0.962785944285486
LTB4R	-0.962812199888392
RABGAP1L	-0.963219077245955
ACOX1	-0.963285426522105
TNFRSF13C	-0.963644340128891
BAZ1A	-0.963999254367171
PRAP1	-0.964218282594282
PLEKHG5	-0.964616641387397
TMEM35A	-0.964849362654379
CYTH2	-0.966286070385437
HIPK1	-0.967264924246019
PNOC	-0.96831769585012
ZNF48	-0.968813572056763
WDR5B	-0.969551332790582
SMO	-0.970181112836475
CYBC1	-0.970754807833678
BCL9L	-0.971039502059232
ATG14	-0.971104956612104
FOXN4	-0.971717075929697
CIC	-0.971804554584375
FAAHP1	-0.972251164814418
SVOP	-0.972660017781233
RIF1	-0.972897588048491
BICD1	-0.973360169897832
THTPA	-0.97375263116165
SNX29P2	-0.973968793712921
THBS3	-0.974530764880915
TPI1	-0.974698554041781
CDH20	-0.974939520454813
PCDHGA4	-0.975841040568941
AGAP3	-0.976013676789027
IL11	-0.976566053038231
RHCE	-0.976686541912558
AHDC1	-0.977634054624355
PYCR3	-0.978159747835154
ADD1	-0.97850983133573
SDAD1P1	-0.978959581820998
NXPH3	-0.979641982456752
CLIC5	-0.979642161302342
MC1R	-0.979673863273672
SLC6A10P	-0.981171827917473
EBF2	-0.981889581604017
SLC35G5	-0.982285815725145
MROH5	-0.982754604137545
MAPK1IP1L	-0.982891397878492
MUC15	-0.984931145167289
PHF21B	-0.984957563388333
SLC39A6	-0.986358999810681
RAX	-0.98645886604268
IDUA	-0.986515302871602
ZNF395	-0.986551940244659
TIAM1	-0.986908164455324
ZNF532	-0.986931487259254
C10orf88	-0.988537865879165
TFAP2E	-0.989012882325961
C14orf132	-0.989498525757483
PIK3R6	-0.990552864024703
SPCS2P4	-0.991460844032167
HS3ST5	-0.991750923026822
CCDC8	-0.992871738122347
SEMA4G	-0.994010176942723
KCNT1	-0.994559341794741
NKIRAS2	-0.994628645786886
CEND1	-0.994858285420715
SPATA31A1	-0.994997585170336
SEC14L5	-0.995118875861101
ZNF516	-0.995209506254807
MTCO2P12	-0.995650826193087
ATP11A	-0.995912437965824
CGB3	-0.996450288769299
PKNOX2	-0.996481410233891
MT-ND2	-0.996798141039473
KMT5B	-0.997072690190357
RAB11FIP3	-0.997881896896218
USP51	-0.998529921713854
TEX13B	-0.999149157131183
MIDN	-1.0004239636955
ATP6V1G1	-1.00075804921866
CHD9NB	-1.00092060867251
FGF10	-1.00232334208821
MESP1	-1.00305064709031
CC2D1B	-1.00327902822822
SLC26A11	-1.00330601116978
ZNF117	-1.00384297321121
ZNF469	-1.00497596310066
FBLN7	-1.00534337074831
ZNF358	-1.00615443646415
GPRASP1	-1.00629383286438
RTBDN	-1.00697185815034
UBE2K	-1.00719898527372
ASXL1	-1.00846146807467
EPHA7	-1.00919140498601
BRD3	-1.01056704162338
GPR78	-1.0106950303535
EIF4E1B	-1.01133008160804
PPP1R16A	-1.01146599255344
HEXA	-1.01181262237211
CLEC18C	-1.0125939412762
UMODL1	-1.01303070181756
JMJD7-PLA2G4B	-1.0132832306848
KRT7	-1.01377336311331
RHOU	-1.01379813874749
GBX2	-1.01387907297909
MT-ND4L	-1.01451962101305
GSX2	-1.01543662460655
FAM131C2P	-1.01568572748689
ZNF784	-1.01658265544184
MROH1	-1.01813153798927
TRIM26	-1.02018387255275
PCDH7	-1.0203509574806
PCDHGA3	-1.02043595368836
ASPH	-1.02127388875763
EGR4	-1.02128152550052
ARHGAP15	-1.02142145635745
STRA6	-1.0221043209852
MT1G	-1.02292882433446
NEFM	-1.02312589032732
LMTK2	-1.02379972741543
PABPN1	-1.02380254868974
NME5	-1.02455410994039
EMD	-1.02523330289945
PACSIN3	-1.02630088143864
MT-ND6	-1.02646472592614
ATP6V1B1	-1.02722813138785
RHOT2	-1.02820027790333
MSI1	-1.0288266079541
ARHGEF2	-1.02925638870125
GPR153	-1.0294530143484
CEBPA	-1.02982705243101
MT1L	-1.02991285803804
CAMSAP1	-1.02992826017074
EML1	-1.03017266378502
SP6	-1.03159946841192
POTEJ	-1.0324469137698
CACNA1S	-1.0333868293125
CCS	-1.03343509013981
APOA1	-1.03393311132667
ARHGAP21	-1.03402930449059
USP9X	-1.03423087744683
PALM	-1.03439386149732
MKRN7P	-1.03481336864792
PLEKHD1	-1.03515583892334
RDH8	-1.03545837418091
DBNL	-1.03645994916134
SOX5	-1.0372972452849
ZNF251	-1.03740348167185
CELF6	-1.03786573330168
H1-0	-1.03833390807856
MAP1A	-1.03847187528753
JAG1	-1.03887866032006
EPB41L5	-1.03891438295962
TWSG1	-1.03901733941767
CLSTN1	-1.03914079945818
KIF5C	-1.03981787045642
NTRK3	-1.04034009349277
NTN1	-1.04065890278056
LRRTM1	-1.04102876913907
FBP1	-1.04170163493022
DIRAS2	-1.04194192689796
NEUROG3	-1.04201220385436
SH3D21	-1.04216505486984
FFAR4	-1.04422041878825
SLC29A4	-1.04468152809288
MADCAM1	-1.04506081711352
CYP27C1	-1.04707236426435
AP5B1	-1.04858780052742
IRX2	-1.04889504784201
CLCN6	-1.04894450354557
RPL6P30	-1.04926860452988
CLDN6	-1.04971053062154
SRC	-1.04984560598161
HES7	-1.05155039199672
PHLDA2	-1.05199130514847
SLC7A10	-1.05270924179224
NPAS3	-1.05283327469361
TSHZ1	-1.05361996563763
CDKL5	-1.0543364990751
MAPRE3	-1.05495795386883
PLA2G4B	-1.05522900568681
OCLN	-1.05609735847508
PVR	-1.05637006583124
ITGA7	-1.05690925635473
IL17RB	-1.05758827656621
SGCA	-1.05834844802766
DENND4C	-1.06043221668148
SPSB2	-1.06133444479117
CD4	-1.06143282984377
MB	-1.06254445512034
CFAP65	-1.06394170446039
SOX2	-1.06405101314552
TRPC6	-1.06426137739738
KIAA1217	-1.06458183196867
SPTB	-1.06577050943194
SNX4	-1.06611582563023
LGI3	-1.06684178652509
EXOC7	-1.06745980100238
EFNB3	-1.06919148509756
LY75-CD302	-1.06973489294507
LY6H	-1.06994039202122
AIFM3	-1.06995015657813
JUND	-1.07044398757563
SERHL	-1.07241887602212
TMEM259	-1.07455325810731
TMOD1	-1.07531744817078
SELENOP	-1.07554736652443
CACNG3	-1.07555918069942
MYB	-1.07634348640534
CPA4	-1.07689453238569
CLEC4G	-1.07791913808313
SLC6A3	-1.07944043658018
ITSN1	-1.07968585363583
DBNDD1	-1.0800057275577
NATD1	-1.0805427097141
PRR20G	-1.0810472712621
NRP2	-1.08114787150447
PTK7	-1.08135493519574
IFI16	-1.08144052141976
UNC5A	-1.08167324679852
PER3	-1.08173338376075
NISCH	-1.08191386605144
SLC25A34	-1.08201064371435
KCNN1	-1.08219856790229
DCAF5	-1.08320475712042
ABCA1	-1.08411469123114
FAM90A28P	-1.08526218935921
ARMH4	-1.08560941557055
GPR132	-1.08825899258282
AFDN	-1.08961021682119
MYRF	-1.09197141340128
RUFY4	-1.0925618877352
COL9A3	-1.0925809861339
ADAMTSL5	-1.09289523022872
USP11	-1.09314467024234
SIRPA	-1.09575384131159
LCA5	-1.09589258619089
LRATD2	-1.09596723223668
GSC	-1.09621329810103
RAB3B	-1.09652584120989
EPHB2	-1.09709652300032
ZNF747	-1.09879863273076
ACCS	-1.10308584121209
REEP4	-1.10321608588211
TRIM24	-1.10587344502679
PAQR6	-1.10659006620444
RNF111	-1.10751840218486
ASS1	-1.10786306840291
PJA1	-1.10816750318018
TMEM176A	-1.10988209432394
ZNF154	-1.11061122639369
HGSNAT	-1.1109477358604
KIAA1143	-1.11105004649109
SYNGR3	-1.11199443616947
JMJD4	-1.11228266201162
DSP	-1.11299269169397
UNC80	-1.11324532423357
TBL1X	-1.11484708890793
FGF19	-1.11598705920719
PCDHB11	-1.11619523175185
CHFR	-1.11735380397452
NYNRIN	-1.11883269624809
DLL1	-1.1194553490513
NECAB1	-1.12003903349686
LUZP2	-1.12068922374736
EHD2	-1.12078151634315
TRIOBP	-1.12096075209409
RHBDF1	-1.12115344143744
SLC25A44	-1.12243824556409
HID1	-1.1226823678216
ACADSB	-1.12356271731194
SCRN2	-1.12541164454128
LTBP1	-1.12543030820502
FAM178B	-1.12862559079211
ZNF613	-1.13195416972671
SGSM2	-1.13347839697603
CABS1	-1.13502617994616
CHRD	-1.13615363169822
CASTOR3P	-1.13855105918631
HDAC5	-1.13882042032186
KEL	-1.14100885420755
CLEC18B	-1.14126989121635
PELI3	-1.14144147163688
NR2F2	-1.14239390130898
CRABP2	-1.14435964246967
ZNF471	-1.14453885040444
MAGIX	-1.14680571295995
SLC16A3	-1.1473938090798
MEGF10	-1.14952700696918
ZNRF1	-1.14987015608323
TLE2	-1.15015336546315
KDM4B	-1.15032008454529
STK36	-1.15124998107731
PARP10	-1.1515183237685
FMO2	-1.15281777692247
APELA	-1.15319429109813
NAALAD2	-1.15364283137583
MSLN	-1.15569777651207
SLC38A3	-1.15689817222411
LIN28B	-1.15820119780311
KLF4	-1.15882617535258
PCDHB13	-1.15922919474493
AMDHD1	-1.15980104095124
FGL1	-1.15994499711234
CNIH4	-1.16086877664092
NFATC1	-1.16149759478076
CLCN2	-1.16302237923719
NPAS1	-1.16302773825585
RYR3	-1.16357380152496
TNS3	-1.16515647947713
SENP2	-1.16600881987361
PCSK2	-1.16654507339968
TNNT1	-1.16795331796925
SERAC1	-1.16883477077778
PHF23	-1.16919641842581
TJP3	-1.17130456616974
PHC2	-1.17222655763507
BORCS8	-1.1739331373162
KCNJ5	-1.17464035486159
TRPM1	-1.17660358895295
ZMIZ1	-1.17772955017106
RCOR2	-1.17773430551812
EPHB3	-1.17817553020077
LYNX1	-1.17822655471391
ZBTB10	-1.17959032209873
SAMHD1	-1.18030293508838
ZNF566	-1.18089583972711
CYP2D8P	-1.18095738284499
PLAAT5	-1.18297719737176
TULP4	-1.1839437182065
NCAN	-1.18527053253584
KIFC2	-1.18591753692765
PTCH1	-1.18620469448982
PDYN	-1.18735913226486
MYF6	-1.18753910952399
ZFAND5	-1.18761767819921
CAPN1	-1.18803475070703
KCNA5	-1.18806006285917
PLPP3	-1.18825354759316
PIGZ	-1.18842970195909
WSCD2	-1.18937564311857
LRRC4	-1.18992798715624
TEDC1	-1.19144589390519
KIAA1755	-1.19185966644768
CRAMP1	-1.19376873488451
MTSS1	-1.19430621566099
TMEM238	-1.19493040419165
CLCF1	-1.19496744560117
KCNA1	-1.19567342791094
PLEKHG2	-1.19605296377427
ZNF428	-1.1967253014502
BRIP1	-1.19687891778894
HNRNPH2	-1.19735552941754
TAL1	-1.20003326761723
OTOP2	-1.20027165625554
SLC37A3	-1.20110124401737
RPP25	-1.20144124661126
CLEC2L	-1.20283167743883
MYO15A	-1.20357666871883
BNC2	-1.20362923861976
USP54	-1.2050805032654
GLI2	-1.20540372954312
GSE1	-1.20546874777763
PDZD7	-1.20551264053417
MUC4	-1.20598380156482
MEF2A	-1.20946108864586
NFKBIA	-1.21090154238104
PCDH17	-1.21105191487728
LRRC70	-1.21177009998182
PCBP4	-1.21373661659451
CGNL1	-1.21475250298647
C19orf67	-1.21482032494938
ZFTA	-1.21585942989069
WDHD1	-1.21731485643106
IHH	-1.21932145327756
IL37	-1.22020820697856
CSF3R	-1.2223580893161
GUCA1A	-1.22278221552834
ADAM11	-1.22278751868331
MN1	-1.22389693430964
ZNF266	-1.22542755754644
HMX1	-1.22556940928968
PLPPR3	-1.2259580305305
SERTAD3	-1.23109274808044
CUX2	-1.23232201864759
LINGO1	-1.23250432816871
PLEKHM3	-1.23416044106414
FAT1	-1.23585168601055
EFS	-1.2384234013144
FUT2	-1.23882723747551
LRP12	-1.23933377048655
LDLRAD4	-1.2394226845639
FAAH	-1.23965363376665
PLIN5	-1.24183581596114
PNRC1	-1.24531000225087
MAFA	-1.24570176692148
FBXO2	-1.24770384597228
TMPRSS9	-1.24878744752414
MAS1	-1.24908397511762
ARHGAP42	-1.24912654979322
CACNB3	-1.24948693425631
CDK7	-1.25071458354711
BLOC1S5-TXNDC5	-1.25120175078806
CHRNA3	-1.25294335397298
MYO6	-1.25532054958528
NECAB2	-1.25537115486129
SLCO5A1	-1.2556347460934
FXYD3	-1.25634199617774
RAX2	-1.2576979390169
ZNF84	-1.25881759635524
RNF38	-1.26193676180267
ADAT3	-1.26312072475988
COL4A2	-1.26580428436155
MAP6	-1.2659537158278
BTBD17	-1.26802780811553
FN1	-1.26852695748714
ZNF296	-1.27032227837109
TMCC2	-1.27035313794788
ZNF521	-1.27192909083863
FEZ1	-1.27401554196513
TCF3	-1.27459721838814
GRHL3	-1.27578200012871
TRIB1	-1.27654716561902
THSD7A	-1.27787861571047
SMAGP	-1.2789514399424
ATP6V1H	-1.27942796102019
ATP5PBP5	-1.28045900521563
DLX4	-1.2826169752089
INHBB	-1.28463559680279
UGT1A7	-1.28489209505277
ERAP1	-1.28522737052572
CCDC194	-1.28604211154864
PCDH18	-1.28648845276546
ITGB8	-1.28723633377134
CACNA1G	-1.28729638101727
CCDC33	-1.287304393341
TMEM121	-1.28910841291918
ACAP3	-1.29005556170441
DUSP8	-1.29189110142213
SFXN2	-1.29258238758846
PTPRB	-1.29315690681936
SLC4A8	-1.2965624724959
CACNB1	-1.29697228889359
FOXH1	-1.2970412159895
REST	-1.29711167631375
SCN4A	-1.29774259428622
TNRC6A	-1.29804996895492
SERPINA1	-1.30037455839578
PELI2	-1.30208572040902
AMER2	-1.30245902886256
RRAGD	-1.30377585158474
MAPK15	-1.30386988465325
SKOR2	-1.3044479634486
TRIM2	-1.30748785571687
MTNR1B	-1.30834319434975
DACT2	-1.30938355653951
CCDC85C	-1.30939386089829
ZBTB42	-1.30980139711803
WDR13	-1.3100108479682
TMEM254	-1.31063881855258
CELF2	-1.31082739629533
TP53I11	-1.31151207965618
PLAAT4	-1.31440526806299
NID2	-1.31512129934903
SLIRP-OT1	-1.31516313666492
LEF1	-1.31704067301892
ADAM12	-1.31927268176374
CDK3	-1.31968536762377
ZNF607	-1.32019269629105
GAS6	-1.32102787537865
RIPK4	-1.32331135430307
SFTPD	-1.32495458538375
BLACAT1	-1.32576960457383
NBPF4	-1.32671113407065
BTG1	-1.3268920860574
GADD45G	-1.32820407980331
LDLRAD3	-1.32844364416161
TMEM88	-1.32848170700092
PAPLN	-1.32857881145256
GAD1	-1.32928196802138
DSTNP2	-1.32940201857178
HES1	-1.33175827374301
DOK6	-1.33181855569697
WNT10B	-1.33324635164921
PAX7	-1.33332547626609
SLC12A6	-1.33346022098859
CDC42EP4	-1.33453726755322
PXYLP1	-1.33652714823417
TPP1	-1.33865473448909
NRIP2	-1.33877906101309
TRIM8	-1.33973240151906
TEF	-1.33990846521277
KLHL30	-1.34017934926491
CACNA2D1	-1.34025237159337
CELSR1	-1.34163473133794
SLC8A2	-1.34381238738228
CBX2	-1.34497308614209
SATB2	-1.34610570014598
CCDC97	-1.34765996901837
P2RX6	-1.34796224782222
CAVIN3	-1.34972978680495
GAS8	-1.351426743895
CHTF18	-1.35196170999875
MCOLN3	-1.35462399917525
VPS37B	-1.35820228866426
SLC39A13	-1.35861302518623
PGGHG	-1.36001168403472
FGFR1	-1.36585171807053
PITX2	-1.36588826815904
ZIC4	-1.36609462783538
SCARA3	-1.36666225603893
MFSD13B	-1.36843824177805
ETV3L	-1.37434689969946
MEIS2	-1.37518465625342
ZSCAN18	-1.37660741780872
MTND2P28	-1.37695132576867
FSBP	-1.37842808942827
ZNF217	-1.37971169902842
EFNA5	-1.380174480943
SCNN1B	-1.38098086497959
RAB6B	-1.38280561468068
SLC66A2	-1.38304745405997
HES5	-1.38306549259883
SPTBN2	-1.38329474619485
TCTA	-1.38534182297064
TMEM198B	-1.3871531875545
FNDC5	-1.38961081543498
FER1L5	-1.38986303978302
TMEM230	-1.39043426643438
MYL5	-1.39087325773626
IRX1	-1.39470592111373
DNASE1L2	-1.40047462684302
MUC1	-1.40346832043616
SPATA31C2	-1.40382585323012
LRRC26	-1.40575605126953
VCAM1	-1.40611298097665
DAZL	-1.4085459291852
SMPD1	-1.41421028555417
WNT7B	-1.41429387989377
COL6A1	-1.41483762279975
COX6B2	-1.41488519338112
SPRYD4	-1.41654117863502
AHNAK	-1.41963938608147
SP8	-1.4230040763627
ACOXL	-1.42302793057175
NFE2	-1.42341680232176
FBN3	-1.42395331429999
BMP1	-1.42492650968589
PRDM14	-1.42519113943774
TLE3	-1.42562618122662
PRR15	-1.42657427121224
COL27A1	-1.42788758489827
PACS2	-1.42813922774042
SLC6A8	-1.42873126063759
DDAH2	-1.42959695736673
FAM210B	-1.43110757381023
TCEA1	-1.43278849938506
ZIC2	-1.43676957013682
GCGR	-1.4390581761446
KCNE4	-1.44218094648268
RBM15B	-1.44752843263652
TMEM114	-1.44843354293436
BST2	-1.45084273655268
IRX2-DT	-1.45227002882886
SOX14	-1.4551144776114
ADAM23	-1.45616713185005
MMD2	-1.45778191718576
GDPD2	-1.46004855714506
PDE6B	-1.4601168140572
ABR	-1.46326445147206
ZBED1	-1.46523830699188
IPO5P1	-1.46683510596517
PRR14L	-1.46966152244426
EFHD1	-1.46968616131066
PARP14	-1.46997207838729
FRAT1	-1.47111264506197
APOBEC3B	-1.47376153400823
OLIG3	-1.47429866017237
ANKRD19P	-1.47452354173274
SIGLEC14	-1.47618684439853
GLB1L3	-1.48018311292615
ZNF513	-1.48186921456791
F7	-1.48343575860078
AURKAP1	-1.48379463574687
SORCS2	-1.48456595217649
JUNB	-1.48554248276546
HUS1B	-1.48594557532714
ENO2	-1.4863894027587
NEFL	-1.4906973179888
BTAF1	-1.49080214955019
CLCNKB	-1.49271826391163
HMCN2	-1.49389358260973
ANXA2R	-1.49612618640111
CNKSR3	-1.49624123725449
DUSP15	-1.49802868113998
KCNN2	-1.49910020148028
EFNA2	-1.49914429987727
DYRK1B	-1.50145195512351
MXRA5	-1.50274916905044
SSTR2	-1.50277073934998
MT-ND4	-1.50289383668427
MSANTD3-TMEFF1	-1.50785510074311
TRIM45	-1.51226694603653
ARHGEF38	-1.51335325901974
LY6G6C	-1.5144505399804
DHRS2	-1.51476900285187
MT1F	-1.52307237383927
TMEM200B	-1.52429435747917
SALL1	-1.52504561257535
EVL	-1.52868026492511
FGFR2	-1.53872771329765
FGD4	-1.54016478473912
TMEM54	-1.54532249972882
PAGR1	-1.54672538030064
TCN2	-1.54681056100331
DEPP1	-1.55232739688736
PRRT3	-1.55887523996284
TMEFF1	-1.56152319104382
PXDC1	-1.56532251027608
KCNAB1	-1.56638687093125
EME2	-1.56673974744197
CIMAP1B	-1.56913660421467
ZCCHC12	-1.57301763715955
DDR1	-1.57335478854083
POU2F3	-1.57341026059248
ERVV-2	-1.57802807137342
NAB2	-1.57929425015673
PTGS1	-1.57976154108125
SH3BP4	-1.58312230509345
GARIN5B	-1.58682126398587
LEKR1	-1.58718691627074
LAMA5	-1.58880887577334
PCDHB10	-1.5901140485735
WFIKKN2	-1.59344594412238
BOC	-1.59356371783817
PRAC1	-1.59691826730628
HESX1	-1.60041444777863
HIF3A	-1.60291273380158
TTYH1	-1.6034124472827
ZEB2	-1.60534250271059
TOX3	-1.60568436156387
FBN2	-1.60607093329694
CLCNKA	-1.60787399407834
F2RL1	-1.61039219572189
CAVIN4	-1.61162363469264
UPK3BL2	-1.61484624975718
FOXC1	-1.61680817343957
CRIP1	-1.62374467027668
PCDHGB1	-1.62737042676687
FILIP1	-1.63115730040098
SSC5D	-1.63313678916271
NAA40	-1.6335428168537
HDC	-1.63794470612727
IRX3	-1.63927634049886
TNMD	-1.63962084684593
GDF11	-1.64162521371897
ERVV-1	-1.64372148793761
RPL13P5	-1.64427933411371
POMT1	-1.64450186731745
FGF8	-1.64510002310405
MT-ND1	-1.6484909856285
MICAL1	-1.65290599223407
ENTPD8	-1.65306602653746
BNIPL	-1.65758426402216
SEMA3B	-1.66227983219026
MTATP6P1	-1.66903795983242
DLX3	-1.67167932387195
RAI1	-1.67508116699638
CDYLP1	-1.67695858249864
ADGRG2	-1.6786844480486
SEPTIN6	-1.68059637049447
TFAP2C	-1.68231811872899
LIM2	-1.68454882000248
IER5L	-1.6851836446385
MT-ND5	-1.68530388920176
SESN3	-1.69572057514216
ASRGL1	-1.69674205110104
RET	-1.69693050919509
SREBF1	-1.6975964089199
TMPRSS2	-1.6981985649882
BHLHE23	-1.70153036002996
FMO1	-1.70230563524973
CHRNB4	-1.70626304196508
FA2H	-1.70739984572872
MDK	-1.70946658516777
CPLX2	-1.71006217662082
ALPL	-1.7168686824921
CACNA2D4	-1.71746876156338
INPPL1	-1.71748456324007
BMP7	-1.72026526810761
CLDN3	-1.72307677632335
PDCL3P4	-1.72669931571695
KBTBD11	-1.72846209734168
ADGRA1	-1.72920975628301
CDH11	-1.72928653916286
PLXNA3	-1.7295077471387
COL9A2	-1.73087583699073
NRBP2	-1.7316380713539
PAMR1	-1.7340574957091
MLLT11	-1.73441662321673
TIMP2	-1.73680208718896
NDRG2	-1.73950510458038
SOX1	-1.73953182037428
MMP11	-1.7408780707489
DMTN	-1.74214503853463
MYO3B	-1.7572164659915
DCHS1	-1.762409332906
ID1	-1.76356281930482
ARID2	-1.77029406991086
ROR2	-1.77295529049676
TWIST2	-1.77386343627488
PLPP1	-1.78185937866343
SOCS2	-1.78205997337102
MARCKSL1	-1.78709300285118
EEF1AKMT4-ECE2	-1.7908638865104
CCNL2	-1.79453094245485
TGFB2	-1.80169658338049
MIXL1	-1.80498181986176
SHROOM2	-1.80654113334736
CALCOCO1	-1.80895304246674
DPP4	-1.81115305474119
NR5A2	-1.81218077604968
AXIN2	-1.81358450400406
TET3	-1.81460084779028
IGFBP5	-1.81592475836659
RGMA	-1.82018676994884
GPRC5C	-1.82145549486279
GAD2	-1.82531191245679
LHX4	-1.83003331494017
TNRC18	-1.83244810851924
PLAAT3	-1.83481593964638
PLEKHB1	-1.83836798670739
SSTR3	-1.84581244642177
RPH3A	-1.84939834826415
PSPC1	-1.85544895963365
ADCYAP1	-1.85814059651547
SCNN1A	-1.87802457187076
NKAIN4	-1.87818257300607
SOX18	-1.88088046122302
SERPINB9	-1.88130326305044
MT-CO1	-1.88809013147565
HIPK2	-1.88904319893556
SLC25A29	-1.89047981228307
MFHAS1	-1.89573784157583
KCNJ5-AS1	-1.89745823479328
SDK2	-1.90268633761032
MECOM	-1.90973678420846
FYB2	-1.91916170659707
EGR1	-1.92024901127284
KAZALD1	-1.92081245151025
ADCY6	-1.92207499316136
GALR2	-1.92603621998589
BAHCC1	-1.92635462519533
CDH1	-1.93226605826161
PNCK	-1.93795270442483
SALL4	-1.93912199043133
C1RL	-1.9409867085188
CRB2	-1.95012212168573
MTA3	-1.95829113445479
FAM187A	-1.96933977023667
IRX4	-1.97211153132348
HR	-1.97867638007894
FGF4	-1.97952305921091
ADRA2A	-1.98653135525714
THRB	-1.99492617788252
MYO10	-2.00065446364118
FZD5	-2.00673889048802
PIGQ	-2.0212284727177
GPC3	-2.02964795222941
LMX1A	-2.037610234438
SKIDA1	-2.04227455405765
DMBX1	-2.05127835578784
PRDM16	-2.05352618870908
NOTCH3	-2.080869611544
SEMA4C	-2.08263764350713
SCUBE3	-2.08427879908025
KCNG3	-2.08657387827507
MT-CYB	-2.09218689717508
SCNN1G	-2.09727511786626
ZNF75D	-2.1013447159667
FOXP4	-2.1049934129495
CELSR2	-2.10559445836541
FOXI3	-2.10801420702252
ARL4C	-2.10826592456718
MLXIPL	-2.11084619975985
BEND3	-2.11142358044691
EGR3	-2.12237672148761
NPTX1	-2.12441737564355
HES2	-2.13213738713508
AMDHD2	-2.1384719025246
OVOL1	-2.14062748115107
KIF26B	-2.14279382522555
CRX	-2.14441373320842
LDHD	-2.14536828817879
ZIC1	-2.15800282411777
DLX5	-2.16914811734294
CCND1	-2.19065298818273
SAMD11	-2.19609227852221
CDKN1C	-2.20262264365814
SOX11	-2.21951494130572
SPHK2	-2.2503866626875
CACNA2D2	-2.25245795004399
FLRT3	-2.2704388690736
CCDC177	-2.27046661217169
FZD8	-2.27381892410062
VMA21	-2.27693308378272
MED14	-2.28831191722387
ECEL1	-2.29160898078297
CYP26A1	-2.29436751761653
LIX1	-2.2957499108852
CDH9	-2.30087089881157
FIGNL2	-2.30468999844769
DPYSL3	-2.30750707316732
TNFRSF19	-2.32494296336841
LAMB1	-2.35018340079429
GPR50	-2.35300494456834
RSPO1	-2.35933759696694
LRP2	-2.35938730455115
PRAC2	-2.36379365630826
MT-ATP8	-2.37038723710372
RND2	-2.37258778621796
SHC2	-2.38062717007111
SEMA4A	-2.382268249115
SOX21	-2.39124684875325
BARHL1	-2.39159648128187
CLIP3	-2.39165414821624
SECTM1	-2.40248547374948
HIP1R	-2.41919933952872
CNTFR	-2.42249595706993
VENTX	-2.4240320508025
GDF7	-2.42637858896827
PCDH8	-2.42731732578363
C1orf21	-2.44922335785577
PCDHB15	-2.47662880525171
C2CD4C	-2.48683993605577
RBM24	-2.49203967106431
TMEM64	-2.49341757728055
INSM1	-2.50208214054871
MT-CO2	-2.51301065619433
APC2	-2.51940648454054
HOXB13	-2.52478194895643
LGI1	-2.55892885289405
MT-ATP6	-2.56811547286581
HES3	-2.5684455191826
HTR1D	-2.59797050063862
CDH6	-2.61252947642956
CLK1	-2.61277402031229
GCNT1	-2.61961992959322
PKDCC	-2.63418541927996
BIK	-2.63924799215022
ZIC3	-2.65828660343991
SYT6	-2.66244924593252
FST	-2.69451970688443
NKX6-2	-2.71073396158507
HHEX	-2.71320778521219
PLCL2	-2.71487423064758
TMEM158	-2.73123453253438
HES4	-2.73782253414344
SOX15	-2.75425524195229
FEZF1	-2.7562438910725
CUZD1	-2.76406402123165
ECEL1P2	-2.79794800800524
WNT4	-2.80792127141136
GATA5	-2.83063846602149
OLFML3	-2.86099025269005
ZFP36L2	-2.86805793602791
GREB1L	-2.89441369515305
TFAP2A	-2.94164724928778
NKX1-2	-2.97160694140728
FRZB	-3.00194242621442
RHBDL3	-3.01132619022441
AUTS2	-3.04983303701515
LMO1	-3.06135828059928
ANK2	-3.09461883614558
MIR1915HG	-3.11992621016643
DLK1	-3.15329700267542
ID4	-3.15473292782558
CITED2	-3.1975645962457
UTF1	-3.22254908078714
CKB	-3.25550922371578
PTH1R	-3.26056887154954
TLX1	-3.29433443148095
EPHA4	-3.30219952619395
VWF	-3.40803131478616
LGR4	-3.41444768517557
FAM20A	-3.41718097304134
SMIM10L2A	-3.42254590946903
CACHD1	-3.44861311301583
C6orf141	-3.4486160194069
PAX5	-3.56608710904089
TBX1	-3.81510534997978
SIX3	-3.86474550906068
CYP26C1	-3.89949030373834
SEMA6D	-3.93295309409558
ECEL1P1	-3.93793096674987
OTX2	-4.0652443184578
LHX5	-4.2993815807959
FGFR3	-4.5653381103404
