"ID","Description","setSize","enrichmentScore","NES","pvalue","p.adjust","qvalue","rank","leading_edge","core_enrichment"
"REACTOME_TRANSLATION","REACTOME_TRANSLATION",290,0.611346053234058,2.80390962262462,1e-10,8.49375e-09,6.23684210526316e-09,3806,"tags=53%, list=21%, signal=43%","MRPL52/RPL35/RPL41/SEC11C/MRPL24/RPL39/KARS1/RPS29/RPL37/RPL39L/RPS3A/RPL38/MRPL58/EPRS1/RPS14/RPL27/MRPS23/MARS2/MRPL44/RPS21/MRPL13/MRPL4/MRPS27/RPL37A/RPL35A/RPL36/MRPS26/EIF2S1/RPL22L1/RPS18/RPL24/RPS7/RPL17/RPL10A/RARS1/MRPS33/MRPS6/EIF3I/EIF2B2/MRPL33/EEF1A1/RPS15A/EIF3D/RPS24/EIF3E/RPS5/EIF3M/MTFMT/EIF4A2/RPL34/MRPS10/SRP72/MRPL11/MRPL36/MRPL50/MRPL1/RPL7/MRPL3/MRPL51/MRPS34/MRPL42/MRPL37/GSPT1/MRPS24/SSR2/MRPS31/MRRF/RPL12/HARS1/EIF4E/PABPC1/RPS6/RPL36AL/EIF2S2/LARS1/MRPL2/EIF5B/EIF4A1/MRPL54/RPL21/TRMT112/NARS2/MRPL22/MRPL49/YARS2/RPS9/SPCS3/MRPL16/MRPS22/MRPL46/MRPS9/RPL5/RPS13/RPL32/RPL27A/ERAL1/MRPL38/TUFM/MTIF3/MARS1/MRPS12/CARS2/YARS1/RPS25/RPL30/RPS17/AIMP2/MRPL14/SSR1/FARSB/SEC61G/MRPS17/EEF1E1/PPA1/OXA1L/RPL23/RPS27A/TSFM/RPLP1/MRPL43/RPL36A/SPCS1/MRPL32/AARS1/HARS2/PARS2/EIF2B3/MRPS11/MRPS2/RPS10/RPS27L/SRP19/RPLP0/PPA2/SRP68/EIF2B4/EIF4EBP1/DDOST/ETF1/EIF4H/RPS12/RPS4X/SSR3/PTCD3/SEC61A2/RPL26L1/RPL11/RPN2/SSR4/MRPL27/MRPL19/MRPS15/MRPL35/TARS1"
"REACTOME_RRNA_PROCESSING","REACTOME_RRNA_PROCESSING",200,0.607050368934122,2.66029575127591,1e-10,8.49375e-09,6.23684210526316e-09,3217,"tags=48%, list=18%, signal=40%","RPL35/RPL41/RPL39/WDR3/DIMT1/RPS29/TFB1M/FBL/RPL37/RPL39L/RPS3A/RPL38/RPS14/RPL27/DCAF13/NOP10/RPS21/RCL1/UTP4/PRORP/RPL37A/RPL35A/RPL36/RPL22L1/RPS18/RPL24/GAR1/RPS7/RPL17/RPL10A/IMP3/RRP9/XRN2/BOP1/HEATR1/RPS15A/RPS24/RPS5/RPL34/NCL/TEX10/IMP4/RIOK1/PES1/RPL7/UTP18/MPHOSPH6/DKC1/LTV1/RPL12/PNO1/ELAC2/RPS6/RPL36AL/NOB1/EXOSC5/RPL21/TRMT112/WDR12/RPS9/EBNA1BP2/RPL5/RPS13/RPL32/RPL27A/NIP7/RPP14/RPS25/RPL30/RPS17/ISG20L2/NOL12/WDR36/RPL23/RPS27A/DIS3/FCF1/MTREX/RPLP1/NOP2/WDR43/RPL36A/NHP2/SNU13/UTP15/DDX47/EMG1/UTP20/HSD17B10/RPS10/UTP11/RPS27L/TRMT10C/EXOSC2/UTP3/RPLP0/GNL3"
"REACTOME_EUKARYOTIC_TRANSLATION_INITIATION","REACTOME_EUKARYOTIC_TRANSLATION_INITIATION",118,0.643085639107247,2.64009617216768,1e-10,8.49375e-09,6.23684210526316e-09,3694,"tags=54%, list=20%, signal=43%","RPL35/RPL41/RPL39/RPS29/RPL37/RPL39L/RPS3A/RPL38/RPS14/RPL27/RPS21/RPL37A/RPL35A/RPL36/EIF2S1/RPL22L1/RPS18/RPL24/RPS7/RPL17/RPL10A/EIF3I/EIF2B2/RPS15A/EIF3D/RPS24/EIF3E/RPS5/EIF3M/EIF4A2/RPL34/RPL7/RPL12/EIF4E/PABPC1/RPS6/RPL36AL/EIF2S2/EIF5B/EIF4A1/RPL21/RPS9/RPL5/RPS13/RPL32/RPL27A/RPS25/RPL30/RPS17/RPL23/RPS27A/RPLP1/RPL36A/EIF2B3/RPS10/RPS27L/RPLP0/EIF2B4/EIF4EBP1/EIF4H/RPS12/RPS4X/RPL26L1/RPL11"
"REACTOME_SRP_DEPENDENT_COTRANSLATIONAL_PROTEIN_TARGETING_TO_MEMBRANE","REACTOME_SRP_DEPENDENT_COTRANSLATIONAL_PROTEIN_TARGETING_TO_MEMBRANE",111,0.640837081371973,2.63340850077695,1e-10,8.49375e-09,6.23684210526316e-09,3710,"tags=56%, list=21%, signal=45%","RPL35/RPL41/SEC11C/RPL39/RPS29/RPL37/RPL39L/RPS3A/RPL38/RPS14/RPL27/RPS21/RPL37A/RPL35A/RPL36/RPL22L1/RPS18/RPL24/RPS7/RPL17/RPL10A/RPS15A/RPS24/RPS5/RPL34/SRP72/RPL7/SSR2/RPL12/RPS6/RPL36AL/RPL21/RPS9/SPCS3/RPL5/RPS13/RPL32/RPL27A/RPS25/RPL30/RPS17/SSR1/SEC61G/RPL23/RPS27A/RPLP1/RPL36A/SPCS1/RPS10/RPS27L/SRP19/RPLP0/SRP68/DDOST/RPS12/RPS4X/SSR3/SEC61A2/RPL26L1/RPL11/RPN2/SSR4"
"REACTOME_RESPONSE_OF_EIF2AK4_GCN2_TO_AMINO_ACID_DEFICIENCY","REACTOME_RESPONSE_OF_EIF2AK4_GCN2_TO_AMINO_ACID_DEFICIENCY",100,0.641651436376422,2.62702091870832,1e-10,8.49375e-09,6.23684210526316e-09,2641,"tags=46%, list=15%, signal=39%","RPL35/RPL41/RPL39/RPS29/RPL37/RPL39L/RPS3A/RPL38/EIF2AK4/RPS14/RPL27/RPS21/RPL37A/RPL35A/RPL36/EIF2S1/RPL22L1/RPS18/RPL24/RPS7/RPL17/RPL10A/RPS15A/RPS24/RPS5/RPL34/RPL7/IMPACT/RPL12/RPS6/RPL36AL/EIF2S2/RPL21/RPS9/CEBPB/RPL5/RPS13/RPL32/RPL27A/RPS25/RPL30/RPS17/RPL23/RPS27A/RPLP1/RPL36A"
"REACTOME_SELENOAMINO_ACID_METABOLISM","REACTOME_SELENOAMINO_ACID_METABOLISM",115,0.634755845119919,2.60959361959725,1e-10,8.49375e-09,6.23684210526316e-09,2641,"tags=46%, list=15%, signal=40%","RPL35/RPL41/RPL39/KARS1/RPS29/MAT1A/SCLY/RPL37/RPL39L/RPS3A/RPL38/EPRS1/RPS14/RPL27/RPS21/RPL37A/RPL35A/HNMT/RPL36/RPL22L1/RPS18/RPL24/RPS7/RPL17/RPL10A/RARS1/RPS15A/RPS24/RPS5/RPL34/RPL7/RPL12/RPS6/RPL36AL/LARS1/PAPSS1/RPL21/RPS9/RPL5/AHCY/RPS13/RPL32/RPL27A/MARS1/RPS25/RPL30/RPS17/AIMP2/EEF1E1/RPL23/RPS27A/RPLP1/RPL36A"
"REACTOME_REGULATION_OF_EXPRESSION_OF_SLITS_AND_ROBOS","REACTOME_REGULATION_OF_EXPRESSION_OF_SLITS_AND_ROBOS",155,0.603428771011644,2.60178741939958,1e-10,8.49375e-09,6.23684210526316e-09,2641,"tags=45%, list=15%, signal=38%","RPL35/SLIT2/RPL41/RPL39/RPS29/PSMA5/RPL37/RPL39L/RPS3A/RPL38/RPS14/RPL27/PSMD14/RPS21/USP33/PSMD13/RPL37A/RPL35A/RPL36/PSMA6/PSMA7/RPL22L1/RPS18/RPL24/UBB/RPS7/RPL17/RPL10A/PSMD8/PSMA1/PSMA2/RPS15A/RPS24/RPS5/RPL34/NCBP1/PSMB1/PSMA4/RPL7/PSMD1/PSMC2/SEM1/GSPT1/PSMB6/PSMD7/PSMD6/PSMD3/RPL12/RBX1/PABPC1/RPS6/RPL36AL/PSMC3/RPL21/RPS9/RPL5/RPS13/RPL32/RPL27A/PSMA3/ELOB/RPS25/RPL30/RPS17/PSMB5/RPL23/RPS27A/RPLP1/RPL36A"
"REACTOME_MITOCHONDRIAL_TRANSLATION","REACTOME_MITOCHONDRIAL_TRANSLATION",94,0.636099864927716,2.53725028108793,1e-10,8.49375e-09,6.23684210526316e-09,2946,"tags=50%, list=16%, signal=42%","MRPL52/MRPL24/MRPL58/MRPS23/MRPL44/MRPL13/MRPL4/MRPS27/MRPS26/MRPS33/MRPS6/MRPL33/MTFMT/MRPS10/MRPL11/MRPL36/MRPL50/MRPL1/MRPL3/MRPL51/MRPS34/MRPL42/MRPL37/MRPS24/MRPS31/MRRF/MRPL2/MRPL54/MRPL22/MRPL49/MRPL16/MRPS22/MRPL46/MRPS9/ERAL1/MRPL38/TUFM/MTIF3/MRPS12/MRPL14/MRPS17/OXA1L/TSFM/MRPL43/MRPL32/MRPS11/MRPS2"
"REACTOME_EUKARYOTIC_TRANSLATION_ELONGATION","REACTOME_EUKARYOTIC_TRANSLATION_ELONGATION",92,0.635760731686197,2.52437602004308,1e-10,8.49375e-09,6.23684210526316e-09,2641,"tags=46%, list=15%, signal=39%","RPL35/RPL41/RPL39/RPS29/RPL37/RPL39L/RPS3A/RPL38/RPS14/RPL27/RPS21/RPL37A/RPL35A/RPL36/RPL22L1/RPS18/RPL24/RPS7/RPL17/RPL10A/EEF1A1/RPS15A/RPS24/RPS5/RPL34/RPL7/RPL12/RPS6/RPL36AL/RPL21/RPS9/RPL5/RPS13/RPL32/RPL27A/RPS25/RPL30/RPS17/RPL23/RPS27A/RPLP1/RPL36A"
"REACTOME_APC_C_MEDIATED_DEGRADATION_OF_CELL_CYCLE_PROTEINS","REACTOME_APC_C_MEDIATED_DEGRADATION_OF_CELL_CYCLE_PROTEINS",75,0.647419941559333,2.49951404457448,1e-10,8.49375e-09,6.23684210526316e-09,3053,"tags=52%, list=17%, signal=43%","CDC20/PSMA5/PSMD14/CDC26/PSMD13/CDK1/PSMA6/PSMA7/UBB/PSMD8/PSMA1/MAD2L1/PSMA2/PSMB1/PSMA4/FBXO5/PSMD1/PSMC2/SEM1/PSMB6/PSMD7/CDC27/PSMD6/PSMD3/BUB1B/BUB3/CCNA2/ANAPC15/PSMC3/CCNB1/PSMA3/NEK2/PTTG1/PSMB5/RPS27A/BTRC/PSMC6/UBE2S/PLK1"
"REACTOME_INFLUENZA_INFECTION","REACTOME_INFLUENZA_INFECTION",155,0.565368376165707,2.43768345014149,1e-10,8.49375e-09,6.23684210526316e-09,4017,"tags=48%, list=22%, signal=37%","RPL35/RPL41/RPL39/RPS29/KPNA2/RPL37/RPL39L/RPS3A/RPL38/RPS14/RPL27/POLR2L/NUP37/RPS21/RPL37A/RPL35A/RPL36/RPL22L1/RPS18/RPL24/RPS7/RPL17/RPL10A/KPNA3/RPS15A/RPS24/RPS5/RPL34/POLR2D/RPL7/KPNA4/NUP35/RAN/POLR2F/RPL12/RPS6/RPL36AL/HSP90AA1/POLR2H/RPL21/RPS9/RPL5/RPS13/RPL32/RPL27A/CLTA/NUP155/XPO1/RPS25/RPL30/RPS17/NUP210/RPL23/RPS27A/RPLP1/RPL36A/SEH1L/NUP160/RPS10/RPS27L/NUP88/RPLP0/RPS12/RPS4X/POLR2J/RPL26L1/RPL11/NUP93/HSPA1A/TPR/NUP205/RPS23/CALR/GRSF1"
"REACTOME_NONSENSE_MEDIATED_DECAY_NMD","REACTOME_NONSENSE_MEDIATED_DECAY_NMD",114,0.589003141078554,2.43189980857479,1e-10,8.49375e-09,6.23684210526316e-09,3694,"tags=48%, list=20%, signal=39%","RPL35/RPL41/RPL39/RPS29/RPL37/RPL39L/RPS3A/RPL38/RPS14/RPL27/RPS21/RPL37A/RPL35A/RPL36/PPP2R2A/RPL22L1/RPS18/RPL24/RPS7/RPL17/RPL10A/RPS15A/RPS24/RPS5/RPL34/NCBP1/RPL7/GSPT1/RPL12/PABPC1/RPS6/RPL36AL/RPL21/RPS9/RPL5/RPS13/RPL32/RPL27A/RPS25/RPL30/RPS17/RPL23/RPS27A/RPLP1/RPL36A/UPF1/SMG7/RPS10/RPS27L/RPLP0/ETF1/RPS12/RPS4X/RPL26L1/RPL11"
"REACTOME_SIGNALING_BY_ROBO_RECEPTORS","REACTOME_SIGNALING_BY_ROBO_RECEPTORS",200,0.498871682782657,2.18622092342816,1e-10,8.49375e-09,6.23684210526316e-09,2641,"tags=38%, list=15%, signal=33%","RPL35/SLIT2/RPL41/RPL39/RPS29/PSMA5/RPL37/RPL39L/RPS3A/RPL38/RPS14/RPL27/PSMD14/RPS21/USP33/PSMD13/RPL37A/RPL35A/PRKACB/RPL36/PSMA6/PSMA7/RPL22L1/RPS18/RPL24/UBB/RPS7/RPL17/PFN1/RPL10A/PSMD8/PSMA1/PSMA2/RPS15A/RPS24/RPS5/RPL34/NCBP1/PSMB1/CDC42/PSMA4/RPL7/PSMD1/PSMC2/VASP/SEM1/GSPT1/PSMB6/RHOA/PSMD7/PSMD6/PSMD3/RPL12/CAP1/RBX1/PABPC1/RPS6/RPL36AL/PSMC3/RPL21/RPS9/RPL5/RPS13/RPL32/RPL27A/PSMA3/ELOB/RAC1/RPS25/MYO9B/RPL30/RPS17/PSMB5/RPL23/RPS27A/RPLP1/RPL36A"
"REACTOME_DNA_REPLICATION","REACTOME_DNA_REPLICATION",171,0.503486576322597,2.17055096046405,1e-10,8.49375e-09,6.23684210526316e-09,6004,"tags=60%, list=33%, signal=40%","PSMA5/TWNK/RPA3/PSMD14/GMNN/CDC26/PSMD13/CDT1/PSMA6/PSMA7/UBB/PSMD8/PSMA1/H3C7/PSMA2/RFC1/POLE3/H4C2/PSMB1/PSMA4/H3C12/PSMD1/PSMC2/SEM1/PSMB6/PSMD7/CCNE1/CDC27/PSMD6/H3C3/PSMD3/PRIM2/RBX1/GINS1/CCNA2/ANAPC15/PSMC3/PCNA/H2AC7/POLD2/RFC4/PSMA3/H4C3/ORC5/ORC4/H2BC6/PSMB5/PRIM1/H2BC13/DBF4/RPS27A/H3C13/PSMC6/H2BC21/UBE2S/ADRM1/H4C11/LIG3/H2BC4/PSMC4/PSMB2/POLG/H2BC8/ORC3/ANAPC1/PSMB3/PSMB7/CUL1/POLG2/SKP1/MCM3/H4C16/ORC2/H2AC14/MCM4/POLE4/CDC23/UBE2C/MCM6/H3C1/MGME1/RFC5/SSBP1/H2AC6/ANAPC10/H3C11/PSMB4/CCNE2/RPA1/UBA52/RFC2/CDC45/ANAPC7/ANAPC16/H2BC12L/POLA1/PSMD2/PSMC1/H3C14/RPA2/H2BC5/RNASEH1"
"REACTOME_CELL_CYCLE_CHECKPOINTS","REACTOME_CELL_CYCLE_CHECKPOINTS",269,0.464443943559065,2.12968371679845,1e-10,8.49375e-09,6.23684210526316e-09,4627,"tags=45%, list=26%, signal=34%","INCENP/CDC20/CDKN1A/UIMC1/PSMA5/MDM2/RPA3/PSMD14/NUP37/BIRC5/CENPE/CDC26/PSMD13/CDK1/PSMA6/PSMA7/UBB/PSMD8/PSMA1/PPP2R5A/MAD2L1/PSMA2/H4C2/PSMB1/KIF2A/PSMA4/CKAP5/YWHAE/PSMD1/PSMC2/SEM1/PSMB6/PSMD7/CCNE1/CDC27/PSMD6/WRN/PSMD3/ATR/BUB1B/BLM/BUB3/CCNA2/ANAPC15/PSMC3/PPP1CC/CCNB1/KIF18A/YWHAQ/RFC4/ABRAXAS1/NUDC/KNL1/MRE11/PSMA3/AHCTF1/RANGAP1/H4C3/ERCC6L/XPO1/ORC5/CENPA/ORC4/H2BC6/GTSE1/PSMB5/H2BC13/DBF4/CDCA8/RPS27A/UBE2V2/SEH1L/SGO2/CHEK1/PSMC6/H2BC21/PIAS4/NUP160/UBE2S/PLK1/PPP2R5E/CENPL/NSL1/ADRM1/H4C11/CHEK2/TP53/RNF8/H2BC4/SPC24/SGO1/PSMC4/PSMB2/KIF2C/ATM/PPP2R5C/CCNB2/H2BC8/YWHAB/CENPF/ORC3/NDC80/MAD1L1/ZWINT/ANAPC1/PSMB3/CDKN2A/PSMB7/UBE2N/BRCC3/ITGB3BP/DYNC1H1/MDC1/BRCA1/MCM3/H4C16/BUB1/ORC2/NUP43/MCM4/ZWILCH"
"REACTOME_M_PHASE","REACTOME_M_PHASE",385,0.405677313001131,1.89640830889644,1e-10,8.49375e-09,6.23684210526316e-09,4209,"tags=38%, list=23%, signal=29%","INCENP/CDC20/LPIN2/PSMA5/HAUS7/PSMD14/NUP37/BIRC5/CENPE/CDC26/ODF2/PSMD13/CDK1/PPP2R2A/PSMA6/PSMA7/UBB/PSMD8/PSMA1/PPP2R5A/MAD2L1/H3C7/CEP63/PSMA2/NCAPD2/RAB1B/PLK4/H4C2/PSMB1/TUBA4A/KIF2A/PSMA4/H3C12/CKAP5/FBXO5/YWHAE/TUBA1B/PSMD1/NUP35/PSMC2/RAN/SEM1/PSMB6/CHMP7/KIF20A/PSMD7/CDC27/PSMD6/H3C3/PSMD3/BUB1B/CDCA5/BUB3/HSP90AA1/ANAPC15/PSMC3/PPP1CC/H2AC7/CCNB1/SMC4/TNPO1/KIF18A/NUDC/KIF23/KNL1/CSNK2A1/PSMA3/AHCTF1/RANGAP1/NUP155/H4C3/ERCC6L/XPO1/TUBB8/NEK2/LPIN1/CENPA/NEDD1/PTTG1/H2BC6/FIRRM/PSMB5/NUP210/H2BC13/CDCA8/RPS27A/SEH1L/TUBAL3/SGO2/ESPL1/H3C13/PRKCB/PSMC6/RAD21/H2BC21/NEK7/CNTRL/NUP160/NCAPD3/SSNA1/RAB2A/UBE2S/PLK1/PPP2R5E/NUP88/CENPL/NSL1/PHF8/NCAPH/ADRM1/H4C11/MCPH1/CTDNEP1/TUBGCP2/TUBA1C/NCAPG/PRKACA/NUP93/H2BC4/CEP41/NCAPH2/TUBA3D/SPC24/SGO1/MZT2B/PSMC4/PSMB2/GORASP2/TPR/NUP205/NME7/KIF2C/PPP2R5C/CCNB2/H2BC8/PDS5B/CENPF/TUBGCP4/NDC80/MAD1L1/ZWINT/CSNK1E/ANAPC1/PSMB3/PSMB7"
"REACTOME_SYNTHESIS_OF_DNA","REACTOME_SYNTHESIS_OF_DNA",108,0.572666140149832,2.34256654409659,1.88923850975974e-10,1.51027949103735e-08,1.10897715619333e-08,2536,"tags=38%, list=14%, signal=33%","PSMA5/RPA3/PSMD14/GMNN/CDC26/PSMD13/CDT1/PSMA6/PSMA7/UBB/PSMD8/PSMA1/PSMA2/RFC1/POLE3/PSMB1/PSMA4/PSMD1/PSMC2/SEM1/PSMB6/PSMD7/CCNE1/CDC27/PSMD6/PSMD3/PRIM2/RBX1/GINS1/CCNA2/ANAPC15/PSMC3/PCNA/POLD2/RFC4/PSMA3/ORC5/ORC4/PSMB5/PRIM1/RPS27A"
"REACTOME_ACTIVATION_OF_APC_C_AND_APC_C_CDC20_MEDIATED_DEGRADATION_OF_MITOTIC_PROTEINS","REACTOME_ACTIVATION_OF_APC_C_AND_APC_C_CDC20_MEDIATED_DEGRADATION_OF_MITOTIC_PROTEINS",64,0.670817700374427,2.50184303816857,2.01342234184279e-10,1.52013386809131e-08,1.11621308775846e-08,3251,"tags=59%, list=18%, signal=49%","CDC20/PSMA5/PSMD14/CDC26/PSMD13/CDK1/PSMA6/PSMA7/UBB/PSMD8/PSMA1/MAD2L1/PSMA2/PSMB1/PSMA4/PSMD1/PSMC2/SEM1/PSMB6/PSMD7/CDC27/PSMD6/PSMD3/BUB1B/BUB3/CCNA2/ANAPC15/PSMC3/CCNB1/PSMA3/NEK2/PTTG1/PSMB5/RPS27A/PSMC6/UBE2S/PLK1/ADRM1"
"REACTOME_G2_M_CHECKPOINTS","REACTOME_G2_M_CHECKPOINTS",148,0.512308574499044,2.17441231597741,2.93637827801126e-10,2.10028319990384e-08,1.5422086468447e-08,4626,"tags=48%, list=26%, signal=36%","UIMC1/PSMA5/RPA3/PSMD14/PSMD13/CDK1/PSMA6/PSMA7/UBB/PSMD8/PSMA1/PSMA2/H4C2/PSMB1/PSMA4/YWHAE/PSMD1/PSMC2/SEM1/PSMB6/PSMD7/PSMD6/WRN/PSMD3/ATR/BLM/CCNA2/PSMC3/CCNB1/YWHAQ/RFC4/ABRAXAS1/MRE11/PSMA3/H4C3/ORC5/ORC4/H2BC6/GTSE1/PSMB5/H2BC13/DBF4/RPS27A/UBE2V2/CHEK1/PSMC6/H2BC21/PIAS4/ADRM1/H4C11/CHEK2/TP53/RNF8/H2BC4/PSMC4/PSMB2/ATM/CCNB2/H2BC8/YWHAB/ORC3/PSMB3/PSMB7/UBE2N/BRCC3/MDC1/BRCA1/MCM3/H4C16/ORC2/MCM4"
"REACTOME_ANTIGEN_PROCESSING_CROSS_PRESENTATION","REACTOME_ANTIGEN_PROCESSING_CROSS_PRESENTATION",92,0.597958264812257,2.37427609074743,4.69016003579453e-10,3.0651359988018e-08,2.25068659375245e-08,4209,"tags=53%, list=23%, signal=41%","PSMA5/PSMD14/CYBA/PSMD13/PSMA6/PSMA7/UBB/PSMD8/PSMA1/PSMA2/PSMB1/PSMA4/PSMD1/PSMC2/HMGB1/SEM1/PSMB6/PSMD7/PSMD6/PSMD3/PSMB8/STX4/PSMC3/VAMP3/PSMB10/PSMA3/TLR4/SEC61G/PSMB5/MRC1/RPS27A/FGB/PSMC6/NCF2/TLR2/NCF1/CD36/VAMP8/ADRM1/CTSL/SEC61A2/HLA-F/CHUK/PSMC4/PSMB2/CD14/CALR/PSMB3/PSMB7"
"REACTOME_SEPARATION_OF_SISTER_CHROMATIDS","REACTOME_SEPARATION_OF_SISTER_CHROMATIDS",175,0.496652324905296,2.14578944809275,4.73641324318158e-10,3.0651359988018e-08,2.25068659375245e-08,4323,"tags=47%, list=24%, signal=36%","INCENP/CDC20/PSMA5/PSMD14/NUP37/BIRC5/CENPE/CDC26/PSMD13/PSMA6/PSMA7/UBB/PSMD8/PSMA1/PPP2R5A/MAD2L1/PSMA2/PSMB1/TUBA4A/KIF2A/PSMA4/CKAP5/TUBA1B/PSMD1/PSMC2/SEM1/PSMB6/PSMD7/CDC27/PSMD6/PSMD3/BUB1B/CDCA5/BUB3/ANAPC15/PSMC3/PPP1CC/KIF18A/NUDC/KNL1/PSMA3/AHCTF1/RANGAP1/ERCC6L/XPO1/TUBB8/CENPA/PTTG1/PSMB5/CDCA8/RPS27A/SEH1L/TUBAL3/SGO2/ESPL1/PSMC6/RAD21/NUP160/UBE2S/PLK1/PPP2R5E/CENPL/NSL1/ADRM1/TUBA1C/TUBA3D/SPC24/SGO1/PSMC4/PSMB2/KIF2C/PPP2R5C/PDS5B/CENPF/NDC80/MAD1L1/ZWINT/ANAPC1/PSMB3/PSMB7/ITGB3BP/DYNC1H1"
"REACTOME_MITOTIC_METAPHASE_AND_ANAPHASE","REACTOME_MITOTIC_METAPHASE_AND_ANAPHASE",220,0.448698754822115,1.99772224711061,8.96125030440054e-10,5.53560871076379e-08,4.06472023376637e-08,4323,"tags=43%, list=24%, signal=33%","INCENP/CDC20/PSMA5/PSMD14/NUP37/BIRC5/CENPE/CDC26/PSMD13/CDK1/PPP2R2A/PSMA6/PSMA7/UBB/PSMD8/PSMA1/PPP2R5A/MAD2L1/PSMA2/PSMB1/TUBA4A/KIF2A/PSMA4/CKAP5/FBXO5/TUBA1B/PSMD1/NUP35/PSMC2/RAN/SEM1/PSMB6/CHMP7/PSMD7/CDC27/PSMD6/PSMD3/BUB1B/CDCA5/BUB3/ANAPC15/PSMC3/PPP1CC/CCNB1/TNPO1/KIF18A/NUDC/KNL1/PSMA3/AHCTF1/RANGAP1/NUP155/ERCC6L/XPO1/TUBB8/CENPA/PTTG1/PSMB5/CDCA8/RPS27A/SEH1L/TUBAL3/SGO2/ESPL1/PSMC6/RAD21/NUP160/UBE2S/PLK1/PPP2R5E/CENPL/NSL1/ADRM1/TUBA1C/NUP93/TUBA3D/SPC24/SGO1/PSMC4/PSMB2/NUP205/KIF2C/PPP2R5C/CCNB2/PDS5B/CENPF/NDC80/MAD1L1/ZWINT/ANAPC1/PSMB3/PSMB7/ITGB3BP/DYNC1H1"
"REACTOME_METABOLISM_OF_AMINO_ACIDS_AND_DERIVATIVES","REACTOME_METABOLISM_OF_AMINO_ACIDS_AND_DERIVATIVES",335,0.40068788594762,1.85288136578951,1.22985117728299e-09,7.26681630403296e-08,5.33592181265114e-08,3021,"tags=32%, list=17%, signal=27%","BHMT2/RPL35/CKMT1B/RPL41/RPL39/KARS1/RPS29/MAT1A/PSMA5/SCLY/RPL37/RPL39L/RPS3A/MRI1/RPL38/DBT/EPRS1/RPS14/RPL27/PSMD14/RPS21/CKMT1A/PSMD13/RPL37A/RPL35A/HNMT/RPL36/PSMA6/DBH/KYAT1/PSMA7/RPL22L1/RPS18/RPL24/RPS7/AFMID/RPL17/RPL10A/PSMD8/UROC1/RARS1/PSMA1/PSMA2/RPS15A/RPS24/RPS5/RPL34/GRHPR/PSMB1/PCBD1/ENOPH1/PSMA4/RPL7/SARDH/PSMD1/DIO3/PSMC2/SEM1/PSMB6/RIDA/PSMD7/PSMD6/PSMD3/RPL12/AMD1/RPS6/RPL36AL/LARS1/PSMC3/PAPSS1/RPL21/ARG2/RPS9/CPS1/GCDH/RPL5/AHCY/RPS13/RPL32/RPL27A/PSMA3/PIPOX/GLS/MARS1/RPS25/SRR/FOLH1/RPL30/RPS17/AIMP2/PYCR2/PSMB5/EEF1E1/ALDH18A1/MCCC2/RPL23/RPS27A/RPLP1/RPL36A/PSMC6/ACAT1/AASS/HSD17B10/RPS10/DMGDH/HIBCH/RPS27L"
"REACTOME_THE_ROLE_OF_GTSE1_IN_G2_M_PROGRESSION_AFTER_G2_CHECKPOINT","REACTOME_THE_ROLE_OF_GTSE1_IN_G2_M_PROGRESSION_AFTER_G2_CHECKPOINT",64,0.651666972408199,2.43041958674291,2.08813632501648e-09,1.18240719404058e-07,8.68225103559482e-08,4209,"tags=67%, list=23%, signal=52%","CDKN1A/PSMA5/PSMD14/PSMD13/CDK1/PSMA6/PSMA7/UBB/PSMD8/PSMA1/PSMA2/PSMB1/TUBA4A/PSMA4/TUBA1B/PSMD1/PSMC2/SEM1/PSMB6/PSMD7/PSMD6/PSMD3/HSP90AA1/PSMC3/CCNB1/PSMA3/TUBB8/GTSE1/PSMB5/HSP90AB1/RPS27A/TUBAL3/PSMC6/PLK1/ADRM1/TP53/TUBA1C/TUBA3D/PSMC4/PSMB2/CCNB2/PSMB3/PSMB7"
"REACTOME_STABILIZATION_OF_P53","REACTOME_STABILIZATION_OF_P53",44,0.708778847217499,2.43353372010866,4.02707908721728e-09,2.18912019181131e-07,1.60744041039241e-07,4209,"tags=75%, list=23%, signal=58%","PSMA5/MDM2/PSMD14/PSMD13/PSMA6/PSMA7/UBB/PSMD8/PSMA1/PSMA2/PSMB1/PSMA4/PSMD1/PSMC2/SEM1/PSMB6/PSMD7/PSMD6/PSMD3/PSMC3/PSMA3/PSMB5/RPS27A/PSMC6/ADRM1/CHEK2/TP53/PSMC4/PSMB2/ATM/PSMB3/CDKN2A/PSMB7"
"REACTOME_DNA_REPLICATION_PRE_INITIATION","REACTOME_DNA_REPLICATION_PRE_INITIATION",136,0.511013686653074,2.17005220863064,4.57399539529952e-09,2.3907922085431e-07,1.75552535819593e-07,4901,"tags=49%, list=27%, signal=36%","PSMA5/RPA3/PSMD14/GMNN/CDC26/PSMD13/CDT1/PSMA6/PSMA7/UBB/PSMD8/PSMA1/H3C7/PSMA2/POLE3/H4C2/PSMB1/PSMA4/H3C12/PSMD1/PSMC2/SEM1/PSMB6/PSMD7/CDC27/PSMD6/H3C3/PSMD3/PRIM2/ANAPC15/PSMC3/H2AC7/PSMA3/H4C3/ORC5/ORC4/H2BC6/PSMB5/PRIM1/H2BC13/DBF4/RPS27A/H3C13/PSMC6/H2BC21/UBE2S/ADRM1/H4C11/H2BC4/PSMC4/PSMB2/H2BC8/ORC3/ANAPC1/PSMB3/PSMB7/MCM3/H4C16/ORC2/H2AC14/MCM4/POLE4/CDC23/UBE2C/MCM6/H3C1"
"REACTOME_RRNA_MODIFICATION_IN_THE_NUCLEUS_AND_CYTOSOL","REACTOME_RRNA_MODIFICATION_IN_THE_NUCLEUS_AND_CYTOSOL",60,0.647938206261422,2.37779948881401,6.37153716066203e-09,3.20700703753322e-07,2.35486051785871e-07,3179,"tags=53%, list=18%, signal=44%","WDR3/DIMT1/FBL/RPS14/DCAF13/NOP10/RCL1/UTP4/GAR1/RPS7/IMP3/RRP9/HEATR1/IMP4/UTP18/DKC1/PNO1/RPS6/TRMT112/RPS9/WDR36/FCF1/NOP2/WDR43/NHP2/SNU13/UTP15/DDX47/EMG1/UTP20/UTP11/UTP3"
"REACTOME_ORC1_REMOVAL_FROM_CHROMATIN","REACTOME_ORC1_REMOVAL_FROM_CHROMATIN",58,0.650054705508056,2.37294103792231,7.53935136590051e-09,3.65927803794957e-07,2.68695680258409e-07,4626,"tags=67%, list=26%, signal=50%","PSMA5/PSMD14/PSMD13/CDT1/PSMA6/PSMA7/UBB/PSMD8/PSMA1/PSMA2/PSMB1/PSMA4/PSMD1/PSMC2/SEM1/PSMB6/PSMD7/PSMD6/PSMD3/RBX1/CCNA2/PSMC3/PSMA3/ORC5/ORC4/PSMB5/RPS27A/PSMC6/ADRM1/PSMC4/PSMB2/ORC3/PSMB3/PSMB7/CUL1/SKP1/MCM3/ORC2/MCM4"
"REACTOME_REGULATION_OF_RAS_BY_GAPS","REACTOME_REGULATION_OF_RAS_BY_GAPS",55,0.663447953284065,2.41170738511439,7.95436458196949e-09,3.67193484980753e-07,2.69625052292129e-07,4503,"tags=71%, list=25%, signal=53%","PSMA5/PSMD14/PSMD13/PSMA6/PSMA7/UBB/PSMD8/PSMA1/PSMA2/PSMB1/PSMA4/PSMD1/RASA3/PSMC2/SEM1/PSMB6/PSMD7/PSMD6/PSMD3/CUL3/RBX1/RASAL2/SPRED2/PSMC3/PSMA3/RASAL3/PSMB5/RPS27A/PSMC6/ADRM1/SYNGAP1/PSMC4/PSMB2/RASA1/PSMB3/PSMB7/SPRED1/HRAS/KBTBD7"
"REACTOME_HOST_INTERACTIONS_OF_HIV_FACTORS","REACTOME_HOST_INTERACTIONS_OF_HIV_FACTORS",117,0.53917229664398,2.22583700147425,8.37601032700761e-09,3.67193484980753e-07,2.69625052292129e-07,3097,"tags=40%, list=17%, signal=33%","NPM1/LCK/PSMA5/AP1M2/PSMD14/NUP37/PSMD13/PPIA/HMGA1/PSMA6/PSMA7/UBB/PSMD8/PSMA1/PSMA2/FYN/SLC25A5/PSMB1/PSMA4/AP2S1/PSMD1/NUP35/PSMC2/CDK9/RAN/SEM1/PSMB6/PSMD7/PSMD6/PSMD3/RBX1/PSMC3/PSMA3/RANGAP1/NUP155/XPO1/ELOB/RAC1/PSMB5/NUP210/RPS27A/BTRC/SEH1L/PSMC6/NUP160/DOCK2/NUP88"
"REACTOME_CELLULAR_RESPONSE_TO_STARVATION","REACTOME_CELLULAR_RESPONSE_TO_STARVATION",153,0.484081460472287,2.07652115382861,8.17929676846051e-09,3.67193484980753e-07,2.69625052292129e-07,2648,"tags=36%, list=15%, signal=31%","RPL35/RPL41/RPL39/RPS29/RPL37/RPL39L/RPS3A/RPL38/EIF2AK4/RPS14/RPL27/RPS21/RPL37A/RPL35A/SESN1/RPL36/EIF2S1/RPL22L1/RPS18/RPL24/RPS7/RPL17/RPL10A/LAMTOR5/RPS15A/RPS24/RPS5/RPL34/LAMTOR2/MIOS/RPL7/ATP6V1G2/IMPACT/ATP6V1B2/RPL12/RPS6/RPL36AL/EIF2S2/LAMTOR4/RPL21/RPS9/CEBPB/RHEB/RPL5/RPS13/RPL32/RPL27A/RPS25/RPL30/RPS17/RPL23/RPS27A/RPLP1/RPL36A/SEH1L"
"REACTOME_ACTIVATION_OF_THE_MRNA_UPON_BINDING_OF_THE_CAP_BINDING_COMPLEX_AND_EIFS_AND_SUBSEQUENT_BINDING_TO_43S","REACTOME_ACTIVATION_OF_THE_MRNA_UPON_BINDING_OF_THE_CAP_BINDING_COMPLEX_AND_EIFS_AND_SUBSEQUENT_BINDING_TO_43S",59,0.637606995188485,2.34310076005983,1.04289516940332e-08,4.42904542255975e-07,3.25218625195511e-07,5347,"tags=75%, list=30%, signal=53%","RPS29/RPS3A/RPS14/RPS21/EIF2S1/RPS18/RPS7/EIF3I/RPS15A/EIF3D/RPS24/EIF3E/RPS5/EIF3M/EIF4A2/EIF4E/PABPC1/RPS6/EIF2S2/EIF4A1/RPS9/RPS13/RPS25/RPS17/RPS27A/RPS10/RPS27L/EIF4EBP1/EIF4H/RPS12/RPS4X/RPS23/EIF3F/EIF4G1/RPS8/RPS15/EIF3H/RPS3/EIF3G/RPS16/RPSA/EIF4B/RPS2/EIF3J"
"REACTOME_APC_C_CDH1_MEDIATED_DEGRADATION_OF_CDC20_AND_OTHER_APC_C_CDH1_TARGETED_PROTEINS_IN_LATE_MITOSIS_EARLY_G1","REACTOME_APC_C_CDH1_MEDIATED_DEGRADATION_OF_CDC20_AND_OTHER_APC_C_CDH1_TARGETED_PROTEINS_IN_LATE_MITOSIS_EARLY_G1",61,0.637249565851126,2.35485287059471,1.39376685816875e-08,5.73978533409494e-07,4.21464427924713e-07,3251,"tags=51%, list=18%, signal=42%","CDC20/PSMA5/PSMD14/CDC26/PSMD13/PSMA6/PSMA7/UBB/PSMD8/PSMA1/PSMA2/PSMB1/PSMA4/PSMD1/PSMC2/SEM1/PSMB6/PSMD7/CDC27/PSMD6/PSMD3/ANAPC15/PSMC3/PSMA3/PTTG1/PSMB5/RPS27A/PSMC6/UBE2S/PLK1/ADRM1"
"REACTOME_SWITCHING_OF_ORIGINS_TO_A_POST_REPLICATIVE_STATE","REACTOME_SWITCHING_OF_ORIGINS_TO_A_POST_REPLICATIVE_STATE",79,0.598877456496464,2.35199120374595,1.60274032737136e-08,6.40624736734609e-07,4.70401805061314e-07,4844,"tags=62%, list=27%, signal=46%","PSMA5/PSMD14/GMNN/CDC26/PSMD13/CDT1/PSMA6/PSMA7/UBB/PSMD8/PSMA1/PSMA2/PSMB1/PSMA4/PSMD1/PSMC2/SEM1/PSMB6/PSMD7/CCNE1/CDC27/PSMD6/PSMD3/RBX1/CCNA2/ANAPC15/PSMC3/PSMA3/ORC5/ORC4/PSMB5/RPS27A/PSMC6/UBE2S/ADRM1/PSMC4/PSMB2/ORC3/ANAPC1/PSMB3/PSMB7/CUL1/SKP1/MCM3/ORC2/MCM4/CDC23/UBE2C/MCM6"
"REACTOME_VIF_MEDIATED_DEGRADATION_OF_APOBEC3G","REACTOME_VIF_MEDIATED_DEGRADATION_OF_APOBEC3G",41,0.709874770952605,2.41334705429994,1.75193498180851e-08,6.80251325793648e-07,4.99499056467509e-07,2791,"tags=61%, list=15%, signal=52%","PSMA5/PSMD14/PSMD13/PSMA6/PSMA7/UBB/PSMD8/PSMA1/PSMA2/PSMB1/PSMA4/PSMD1/PSMC2/SEM1/PSMB6/PSMD7/PSMD6/PSMD3/RBX1/PSMC3/PSMA3/ELOB/PSMB5/RPS27A/PSMC6"
"REACTOME_PROTEASOME_ASSEMBLY","REACTOME_PROTEASOME_ASSEMBLY",51,0.671189630731719,2.4116529735025,1.93560118111571e-08,7.30689445871182e-07,5.36535064239093e-07,2028,"tags=49%, list=11%, signal=44%","PSMA5/PSMD14/PSMD13/PSMA6/PSMA7/PSMD8/PSMA1/POMP/PSME4/PSMA2/PSMG3/PSMB1/PSMA4/PSMD1/PSMC2/SEM1/PSMB6/PSMD7/PSMD6/PSMD3/PSMG4/PSMB8/PSMC3/PSMB10/PSMA3"
"REACTOME_SCF_BETA_TRCP_MEDIATED_DEGRADATION_OF_EMI1","REACTOME_SCF_BETA_TRCP_MEDIATED_DEGRADATION_OF_EMI1",42,0.706486857962279,2.42046301311797,3.08780154924389e-08,1.13414116362769e-06,8.32784030919831e-07,2791,"tags=62%, list=15%, signal=52%","CDC20/PSMA5/PSMD14/PSMD13/PSMA6/PSMA7/UBB/PSMD8/PSMA1/PSMA2/PSMB1/PSMA4/FBXO5/PSMD1/PSMC2/SEM1/PSMB6/PSMD7/PSMD6/PSMD3/PSMC3/PSMA3/PSMB5/RPS27A/BTRC/PSMC6"
"REACTOME_REGULATION_OF_APOPTOSIS","REACTOME_REGULATION_OF_APOPTOSIS",40,0.706739061809314,2.39022241320927,3.6601873662002e-08,1.30899858701739e-06,9.61179396996617e-07,2791,"tags=60%, list=15%, signal=51%","PSMA5/PSMD14/PSMD13/PSMA6/PSMA7/UBB/PSMD8/PSMA1/PSMA2/PSMB1/PSMA4/PSMD1/PSMC2/OMA1/SEM1/PSMB6/PSMD7/PSMD6/PSMD3/PSMC3/PSMA3/PSMB5/RPS27A/PSMC6"
"REACTOME_NEGATIVE_REGULATION_OF_NOTCH4_SIGNALING","REACTOME_NEGATIVE_REGULATION_OF_NOTCH4_SIGNALING",44,0.684284456230453,2.34943424866632,3.86786311048589e-08,1.34780153003854e-06,9.89671856610155e-07,4220,"tags=75%, list=23%, signal=58%","PSMA5/PSMD14/PSMD13/PSMA6/PSMA7/UBB/PSMD8/PSMA1/PSMA2/PSMB1/PSMA4/PSMD1/PSMC2/SEM1/PSMB6/PSMD7/PSMD6/PSMD3/RBX1/PSMC3/PSMA3/TACC3/PSMB5/RPS27A/FBXW7/PSMC6/NOTCH4/ADRM1/PSMC4/PSMB2/PSMB3/PSMB7/CUL1"
"REACTOME_DECTIN_1_MEDIATED_NONCANONICAL_NF_KB_SIGNALING","REACTOME_DECTIN_1_MEDIATED_NONCANONICAL_NF_KB_SIGNALING",48,0.674182765385327,2.36036807935146,4.41912059845139e-08,1.50139622332386e-06,1.10245429666629e-06,4220,"tags=69%, list=23%, signal=53%","PSMA5/PSMD14/PSMD13/PSMA6/PSMA7/UBB/PSMD8/PSMA1/PSMA2/PSMB1/PSMA4/PSMD1/PSMC2/SEM1/PSMB6/PSMD7/UBA3/PSMD6/PSMD3/PSMC3/PSMA3/PSMB5/RPS27A/BTRC/PSMC6/UBE2M/ADRM1/CHUK/PSMC4/PSMB2/PSMB3/PSMB7/CUL1"
"REACTOME_PROCESSING_OF_CAPPED_INTRON_CONTAINING_PRE_MRNA","REACTOME_PROCESSING_OF_CAPPED_INTRON_CONTAINING_PRE_MRNA",283,0.387609260876279,1.77864656371619,6.82119307172652e-08,2.26097594743325e-06,1.66020308908774e-06,4733,"tags=40%, list=26%, signal=30%","SNRPG/THOC2/HNRNPC/THOC1/POLR2L/NUP37/DDX39A/SF3B3/YBX1/PPIH/SNRPF/SNRPB/U2AF1/HNRNPL/HNRNPA2B1/PPIL1/LSM6/NCBP1/PHF5A/SNRPD2/CWC27/POLR2D/CSTF3/SARNP/NUP35/LSM3/POLR2F/WDR33/ALYREF/PRPF4/EIF4E/SNRPC/SF3A1/BUD31/PUF60/CLP1/POLR2H/PPIE/WDR70/HNRNPK/PLRG1/DHX15/CPSF6/MFAP1/NUP155/RBM10/SRSF4/ACIN1/HNRNPF/PAPOLA/SNW1/NUP210/LSM7/WBP11/MTREX/C9orf78/SNRPE/PQBP1/ZMAT5/SEH1L/SNU13/PDCD7/CHERP/CDC40/SNRNP70/SRSF11/NUP160/THOC7/CRNKL1/NUP88/DDX23/SF3A3/SF3B2/RNPC3/SNRPA/PRPF38A/FIP1L1/SNRPD1/PRPF19/NXT1/POLR2J/SRSF1/HNRNPD/NXF2B/NUP93/DHX9/PRKRIP1/DNAJC8/CPSF3/SNRPB2/PRPF18/CTNNBL1/TPR/NUP205/USP39/HNRNPA3/SF3B1/DDX41/POLR2G/RNPS1/PTBP1/TXNL4A/SF3B4/EIF4A3/SNRPA1/XAB2/PRCC/SF3B5/GCFC2/RBM7/NUP43/UBL5/MAGOHB/PNN"
"REACTOME_DEGRADATION_OF_GLI1_BY_THE_PROTEASOME","REACTOME_DEGRADATION_OF_GLI1_BY_THE_PROTEASOME",46,0.681696157312042,2.37709823944898,7.33408284522837e-08,2.37309966349175e-06,1.74253396924223e-06,4220,"tags=74%, list=23%, signal=57%","PSMA5/PSMD14/PSMD13/PRKACB/PSMA6/PSMA7/UBB/PSMD8/PSMA1/PSMA2/PSMB1/PSMA4/PSMD1/PSMC2/ITCH/SEM1/PSMB6/PSMD7/PSMD6/PSMD3/RBX1/PSMC3/PSMA3/PSMB5/RPS27A/BTRC/PSMC6/ADRM1/PRKACA/PSMC4/PSMB2/PSMB3/PSMB7/CUL1"
"REACTOME_CDK_MEDIATED_PHOSPHORYLATION_AND_REMOVAL_OF_CDC6","REACTOME_CDK_MEDIATED_PHOSPHORYLATION_AND_REMOVAL_OF_CDC6",60,0.621925376317923,2.28233777171733,7.98018650024088e-08,2.52211010554125e-06,1.85195025758344e-06,3251,"tags=50%, list=18%, signal=41%","PSMA5/PSMD14/CDC26/PSMD13/PSMA6/PSMA7/UBB/PSMD8/PSMA1/PSMA2/PSMB1/PSMA4/PSMD1/PSMC2/SEM1/PSMB6/PSMD7/CCNE1/CDC27/PSMD6/PSMD3/CCNA2/ANAPC15/PSMC3/PSMA3/PSMB5/RPS27A/PSMC6/UBE2S/ADRM1"
"REACTOME_AUF1_HNRNP_D0_BINDS_AND_DESTABILIZES_MRNA","REACTOME_AUF1_HNRNP_D0_BINDS_AND_DESTABILIZES_MRNA",42,0.695008084453497,2.38113610080413,8.38866322092211e-08,2.5909530266439e-06,1.90250065393162e-06,4209,"tags=76%, list=23%, signal=59%","PSMA5/PSMD14/PSMD13/PSMA6/PSMA7/UBB/PSMD8/PSMA1/PSMA2/PSMB1/PSMA4/PSMD1/PSMC2/SEM1/PSMB6/PSMD7/PSMD6/PSMD3/PABPC1/PSMC3/PSMA3/PSMB5/RPS27A/PSMC6/ADRM1/HNRNPD/HSPA1A/PSMC4/PSMB2/EIF4G1/PSMB3/PSMB7"
"REACTOME_CROSS_PRESENTATION_OF_SOLUBLE_EXOGENOUS_ANTIGENS_ENDOSOMES","REACTOME_CROSS_PRESENTATION_OF_SOLUBLE_EXOGENOUS_ANTIGENS_ENDOSOMES",40,0.691897664586727,2.34002815877829,1.08134631304421e-07,3.26566586539351e-06,2.3979328766454e-06,2791,"tags=60%, list=15%, signal=51%","PSMA5/PSMD14/PSMD13/PSMA6/PSMA7/PSMD8/PSMA1/PSMA2/PSMB1/PSMA4/PSMD1/PSMC2/SEM1/PSMB6/PSMD7/PSMD6/PSMD3/PSMB8/PSMC3/PSMB10/PSMA3/PSMB5/MRC1/PSMC6"
"REACTOME_REGULATION_OF_ORNITHINE_DECARBOXYLASE_ODC","REACTOME_REGULATION_OF_ORNITHINE_DECARBOXYLASE_ODC",38,0.706207944185556,2.36507019179589,1.13257374809511e-07,3.34601679056795e-06,2.45693343980358e-06,4209,"tags=71%, list=23%, signal=55%","PSMA5/PSMD14/PSMD13/PSMA6/PSMA7/PSMD8/PSMA1/PSMA2/PSMB1/PSMA4/PSMD1/PSMC2/SEM1/PSMB6/PSMD7/PSMD6/PSMD3/PSMC3/PSMA3/PSMB5/PSMC6/OAZ2/ADRM1/PSMC4/PSMB2/PSMB3/PSMB7"
"REACTOME_SARS_COV_2_MODULATES_HOST_TRANSLATION_MACHINERY","REACTOME_SARS_COV_2_MODULATES_HOST_TRANSLATION_MACHINERY",50,0.64851903162811,2.3109421338526,1.19754125363349e-07,3.46267779508068e-06,2.54259598755779e-06,3561,"tags=52%, list=20%, signal=42%","SNRPG/RPS29/GEMIN6/RPS3A/RPS14/RPS21/RPS18/RPS7/SNRPF/SNRPB/RPS15A/RPS24/RPS5/SNRPD2/RPS6/RPS9/RPS13/RPS25/RPS17/RPS27A/SNRPE/RPS10/RPS27L/RPS12/RPS4X/SNRPD1"
"REACTOME_G1_S_DNA_DAMAGE_CHECKPOINTS","REACTOME_G1_S_DNA_DAMAGE_CHECKPOINTS",55,0.630383327544264,2.29151377883676,1.45163485020804e-07,4.10994116965152e-06,3.0178724517483e-06,4209,"tags=67%, list=23%, signal=52%","CDKN1A/PSMA5/MDM2/PSMD14/PSMD13/PSMA6/PSMA7/UBB/PSMD8/PSMA1/PSMA2/PSMB1/PSMA4/PSMD1/PSMC2/SEM1/PSMB6/PSMD7/CCNE1/PSMD6/PSMD3/CCNA2/PSMC3/PSMA3/PSMB5/RPS27A/CHEK1/PSMC6/ADRM1/CHEK2/TP53/PSMC4/PSMB2/ATM/PSMB3/CDKN2A/PSMB7"
"REACTOME_DEGRADATION_OF_DVL","REACTOME_DEGRADATION_OF_DVL",44,0.667287706858075,2.29107731138991,1.62313932066189e-07,4.50172721791736e-06,3.30555548010198e-06,2791,"tags=57%, list=15%, signal=48%","PSMA5/PSMD14/PSMD13/PSMA6/PSMA7/UBB/PSMD8/PSMA1/PSMA2/PSMB1/PSMA4/PSMD1/PSMC2/SEM1/PSMB6/PSMD7/PSMD6/PSMD3/CUL3/RBX1/PSMC3/PSMA3/PSMB5/RPS27A/PSMC6"
"REACTOME_FBXL7_DOWN_REGULATES_AURKA_DURING_MITOTIC_ENTRY_AND_IN_EARLY_MITOSIS","REACTOME_FBXL7_DOWN_REGULATES_AURKA_DURING_MITOTIC_ENTRY_AND_IN_EARLY_MITOSIS",42,0.683398148825101,2.34135981982098,2.44837444473284e-07,6.65468174078386e-06,4.88643994443523e-06,4220,"tags=71%, list=23%, signal=55%","PSMA5/PSMD14/PSMD13/PSMA6/PSMA7/UBB/PSMD8/PSMA1/PSMA2/PSMB1/PSMA4/PSMD1/PSMC2/SEM1/PSMB6/PSMD7/PSMD6/PSMD3/RBX1/PSMC3/PSMA3/PSMB5/RPS27A/PSMC6/ADRM1/PSMC4/PSMB2/PSMB3/PSMB7/CUL1"
"REACTOME_S_PHASE","REACTOME_S_PHASE",150,0.462242872014054,1.97023207437602,3.459852777709e-07,9.21949004883634e-06,6.76974289632226e-06,2536,"tags=31%, list=14%, signal=27%","CDKN1A/PSMA5/ESCO2/RPA3/PSMD14/GMNN/CDC26/MYC/PSMD13/CDT1/PSMA6/PSMA7/UBB/PSMD8/PSMA1/PSMA2/RFC1/POLE3/PSMB1/PSMA4/PSMD1/PSMC2/SEM1/PSMB6/PSMD7/CCNE1/CDC27/PSMD6/PSMD3/PRIM2/CDCA5/RBX1/GINS1/CCNA2/ANAPC15/PSMC3/PCNA/CKS1B/POLD2/RFC4/E2F5/PSMA3/ORC5/ORC4/PSMB5/PRIM1/RPS27A"
"REACTOME_UCH_PROTEINASES","REACTOME_UCH_PROTEINASES",84,0.548935155794678,2.17805876871851,3.84644762548033e-07,1.00525429288996e-05,7.38144200193392e-06,3066,"tags=42%, list=17%, signal=35%","PSMA5/PSMD14/H2AC12/USP15/RUVBL1/PSMD13/PSMA6/PSMA7/UBB/INO80E/PSMD8/PSMA1/H2AC13/PSMA2/TGFBR2/PSMB1/PSMA4/PSMD1/PSMC2/SEM1/PSMB6/PSMD7/PSMD6/UCHL5/PSMD3/ACTL6A/PSMC3/H2AC7/PSMA3/NEDD8/PSMB5/RPS27A/PSMC6/HCFC1/UCHL3"
"REACTOME_METABOLISM_OF_POLYAMINES","REACTOME_METABOLISM_OF_POLYAMINES",46,0.659075529061929,2.29821932101617,4.32240317464223e-07,1.10832941779977e-05,8.13830826129263e-06,4209,"tags=61%, list=23%, signal=47%","PSMA5/PSMD14/PSMD13/PSMA6/PSMA7/PSMD8/PSMA1/PSMA2/PSMB1/PSMA4/PSMD1/PSMC2/SEM1/PSMB6/PSMD7/PSMD6/PSMD3/AMD1/PSMC3/PSMA3/PSMB5/PSMC6/OAZ2/ADRM1/PSMC4/PSMB2/PSMB3/PSMB7"
"REACTOME_MRNA_SPLICING","REACTOME_MRNA_SPLICING",212,0.405892533241188,1.80353029811466,5.13633619670916e-07,1.29264460950514e-05,9.49170899508828e-06,4733,"tags=42%, list=26%, signal=31%","SNRPG/HNRNPC/POLR2L/SF3B3/YBX1/PPIH/SNRPF/SNRPB/U2AF1/HNRNPL/HNRNPA2B1/PPIL1/LSM6/NCBP1/PHF5A/SNRPD2/CWC27/POLR2D/LSM3/POLR2F/ALYREF/PRPF4/SNRPC/SF3A1/BUD31/PUF60/POLR2H/PPIE/WDR70/HNRNPK/PLRG1/DHX15/MFAP1/RBM10/SRSF4/ACIN1/HNRNPF/SNW1/LSM7/WBP11/MTREX/C9orf78/SNRPE/PQBP1/ZMAT5/SNU13/PDCD7/CHERP/CDC40/SNRNP70/SRSF11/CRNKL1/DDX23/SF3A3/SF3B2/RNPC3/SNRPA/PRPF38A/SNRPD1/PRPF19/POLR2J/SRSF1/HNRNPD/DHX9/PRKRIP1/DNAJC8/SNRPB2/PRPF18/CTNNBL1/USP39/HNRNPA3/SF3B1/DDX41/POLR2G/RNPS1/PTBP1/TXNL4A/SF3B4/EIF4A3/SNRPA1/XAB2/PRCC/SF3B5/GCFC2/RBM7/UBL5/MAGOHB/PNN"
"REACTOME_SPECIFICATION_OF_THE_NEURAL_PLATE_BORDER","REACTOME_SPECIFICATION_OF_THE_NEURAL_PLATE_BORDER",15,-0.879323971039999,-2.13118949565784,5.77592621143888e-07,1.40169352166883e-05,1.02924399406843e-05,795,"tags=60%, list=4%, signal=57%","GBX2/SOX2/MYB/PAX7/TFAP2C/FGF4/ZIC1/DLX5/TFAP2A"
"REACTOME_HIV_INFECTION","REACTOME_HIV_INFECTION",214,0.40597742359779,1.79730955094579,5.7648572442277e-07,1.40169352166883e-05,1.02924399406843e-05,4209,"tags=38%, list=23%, signal=30%","NPM1/LCK/PSMA5/AP1M2/PSMD14/POLR2L/NUP37/PSMD13/PPIA/HMGA1/PSMA6/PSMA7/UBB/PSMD8/PSMA1/SSRP1/TAF4B/PSMA2/FYN/NCBP1/SLC25A5/PSMB1/GTF2A2/PSMA4/POLR2D/AP2S1/PSMD1/NUP35/PSMC2/CDK9/RAN/SEM1/PSMB6/CHMP7/POLR2F/PSMD7/PSMD6/PSMD3/NELFB/RBX1/RNGTT/PSMC3/POLR2H/PSMA3/RANGAP1/NUP155/XPO1/TAF15/ELOB/RAC1/PSMB5/NUP210/GTF2E1/RPS27A/NMT1/BTRC/SEH1L/TAF4/PSMC6/TAF7L/NUP160/DOCK2/ERCC3/NUP88/XRCC6/ADRM1/XRCC5/GTF2B/CCNK/POLR2J/TAF3/NUP93/GTF2E2/PSMC4/PSMB2/TPR/NUP205/TAF13/VTA1/POLR2G/PSMB3/PSMB7"
"REACTOME_EXTRACELLULAR_MATRIX_ORGANIZATION","REACTOME_EXTRACELLULAR_MATRIX_ORGANIZATION",290,-0.441164361652407,-1.72880839557671,8.70180535385805e-07,2.07469359226195e-05,1.52341855502446e-05,2656,"tags=27%, list=15%, signal=23%","AGRN/SDC4/COL16A1/ADAMTS4/COL4A6/GDF5/CAPN10/CTSB/PHYKPL/ITGA11/ACAN/ADAMTS2/MMP15/LTBP4/EMILIN2/COL1A1/EFEMP2/TLL2/FGF2/ITGAL/COL4A5/COL1A2/A2M/CD151/NCSTN/SGCG/COL4A1/LAMA1/LOXL3/P3H3/PDGFA/PECAM1/COL13A1/PCOLCE2/PLEC/BSG/P3H2/FBLN5/MMP24/COL7A1/ITGAX/COL6A6/PRKCA/PTPRS/KLK7/BMP2/COL5A3/COL5A1/CTSV/MADCAM1/ITGA7/SGCA/COL9A3/LTBP1/NCAN/CAPN1/COL4A2/FN1/ITGB8/NID2/ADAM12/VCAM1/COL6A1/FBN3/BMP1/COL27A1/DDR1/LAMA5/FBN2/BMP7/COL9A2/TIMP2/MMP11/TGFB2/CDH1/SCUBE3/LAMB1/VWF"
"REACTOME_MITOTIC_G2_G2_M_PHASES","REACTOME_MITOTIC_G2_G2_M_PHASES",190,0.418153642479385,1.81630984105665,1.04929342274971e-06,2.45860303709803e-05,1.80531790338789e-05,4220,"tags=40%, list=23%, signal=31%","CDKN1A/PSMA5/HAUS7/HMMR/PSMD14/TPX2/ODF2/PSMD13/CDK1/PPP2R2A/PSMA6/PSMA7/UBB/PSMD8/PSMA1/CDK11B/CEP63/PSMA2/PLK4/PSMB1/TUBA4A/PSMA4/CKAP5/YWHAE/TUBA1B/PSMD1/PSMC2/HJURP/SEM1/PSMB6/PSMD7/PSMD6/PSMD3/RBX1/CCNA2/HSP90AA1/PSMC3/CCNB1/CDK11A/PSMA3/XPO1/TUBB8/NEK2/BORA/NEDD1/GTSE1/PSMB5/HSP90AB1/RPS27A/BTRC/TUBAL3/PSMC6/CNTRL/SSNA1/PLK1/ADRM1/TP53/TUBGCP2/TUBA1C/PRKACA/PPP1R12A/CEP41/TUBA3D/SGO1/MZT2B/PSMC4/PSMB2/NME7/CCNB2/PPP1R12B/CENPF/TUBGCP4/CSNK1E/PSMB3/PSMB7/CUL1"
"REACTOME_KEAP1_NFE2L2_PATHWAY","REACTOME_KEAP1_NFE2L2_PATHWAY",110,0.487483561659474,1.99107348144517,1.41053067518464e-06,3.24900201284054e-05,2.38569684223913e-05,4470,"tags=45%, list=25%, signal=34%","TKT/TXN/CDKN1A/PSMA5/AREG/PSMD14/MYC/PSMD13/SESN1/UFD1/PSMA6/PSMA7/UBB/PSMD8/PSMA1/PSMA2/PSMB1/PSMA4/PSMD1/PRKCI/PSMC2/SEM1/PSMB6/PSMD7/PSMD6/PSMD3/CUL3/RBX1/PSMC3/CSNK2A1/PSMA3/PSMB5/RPS27A/BTRC/PSMC6/TRIM21/ADRM1/SESN2/GSK3B/PSMC4/PSMB2/BCL2/PSMB3/CDKN2A/PSMB7/CUL1/GSTA1/BRCA1/SP1/SKP1"
"REACTOME_GASTRULATION","REACTOME_GASTRULATION",113,-0.543438827406291,-1.94302468971226,2.07395622007883e-06,4.69751083847855e-05,3.44931666076269e-05,1189,"tags=27%, list=7%, signal=26%","MAMLD1/CREBBP/KAT2B/TRIM33/GBX2/HES7/OCLN/SOX2/MYB/GSC/DLL1/IHH/ZNF521/FOXH1/LEF1/PAX7/FGFR1/ZIC2/ZEB2/FOXC1/FGF8/TFAP2C/SOX1/MIXL1/CDH1/FGF4/ZIC1/DLX5/TFAP2A/EPHA4/OTX2"
"REACTOME_REGULATION_OF_RUNX3_EXPRESSION_AND_ACTIVITY","REACTOME_REGULATION_OF_RUNX3_EXPRESSION_AND_ACTIVITY",45,0.640882441728593,2.21932508075971,2.16743512464181e-06,4.82876120391512e-05,3.54569197266685e-05,2791,"tags=53%, list=15%, signal=45%","PSMA5/MDM2/PSMD14/PSMD13/PSMA6/PSMA7/UBB/PSMD8/PSMA1/PSMA2/PSMB1/PSMA4/PSMD1/PSMC2/SEM1/PSMB6/PSMD7/PSMD6/PSMD3/PSMC3/PSMA3/PSMB5/RPS27A/PSMC6"
"REACTOME_NUCLEAR_EVENTS_MEDIATED_BY_NFE2L2","REACTOME_NUCLEAR_EVENTS_MEDIATED_BY_NFE2L2",85,0.523868284188822,2.08526793225161,2.46793460026961e-06,5.40955342220387e-05,3.97215959432189e-05,4470,"tags=48%, list=25%, signal=36%","TKT/TXN/PSMA5/AREG/PSMD14/MYC/PSMD13/PSMA6/PSMA7/UBB/PSMD8/PSMA1/PSMA2/PSMB1/PSMA4/PSMD1/PSMC2/SEM1/PSMB6/PSMD7/PSMD6/PSMD3/RBX1/PSMC3/PSMA3/PSMB5/RPS27A/BTRC/PSMC6/ADRM1/GSK3B/PSMC4/PSMB2/BCL2/PSMB3/CDKN2A/PSMB7/CUL1/GSTA1/SP1/SKP1"
"REACTOME_DEGRADATION_OF_CRY_AND_PER_PROTEINS","REACTOME_DEGRADATION_OF_CRY_AND_PER_PROTEINS",48,0.622731292146105,2.18023233381656,2.66410143623578e-06,5.74684738388003e-05,4.21982984386218e-05,4220,"tags=69%, list=23%, signal=53%","PSMA5/PSMD14/PSMD13/PSMA6/PSMA7/UBB/PSMD8/PSMA1/PSMA2/PSMB1/PSMA4/PSMD1/PSMC2/SEM1/PSMB6/PSMD7/PSMD6/PSMD3/RBX1/PSMC3/PSMA3/PSMB5/RPS27A/BTRC/PER1/PSMC6/ADRM1/PSMC4/PSMB2/CRY2/PSMB3/PSMB7/CUL1"
"REACTOME_DEFECTIVE_CFTR_CAUSES_CYSTIC_FIBROSIS","REACTOME_DEFECTIVE_CFTR_CAUSES_CYSTIC_FIBROSIS",47,0.625696377999784,2.19183237274071,3.12995759813459e-06,6.64626933728893e-05,4.88026283393355e-05,2791,"tags=49%, list=15%, signal=41%","PSMA5/PSMD14/PSMD13/PSMA6/PSMA7/UBB/PSMD8/PSMA1/PSMA2/PSMB1/PSMA4/PSMD1/PSMC2/SEM1/PSMB6/PSMD7/PSMD6/PSMD3/PSMC3/PSMA3/PSMB5/RPS27A/PSMC6"
"REACTOME_TNFR2_NON_CANONICAL_NF_KB_PATHWAY","REACTOME_TNFR2_NON_CANONICAL_NF_KB_PATHWAY",78,0.539772811442044,2.11739497045157,3.6169460756511e-06,7.56219956432283e-05,5.55281761897529e-05,4220,"tags=55%, list=23%, signal=42%","PSMA5/PSMD14/EDA2R/PSMD13/PSMA6/PSMA7/UBB/PSMD8/PSMA1/PSMA2/CD40/EDA/PSMB1/PSMA4/PSMD1/PSMC2/SEM1/PSMB6/PSMD7/UBA3/PSMD6/PSMD3/TNFRSF1A/PSMC3/PSMA3/PSMB5/TNFSF14/RPS27A/BTRC/CD70/PSMC6/TNFRSF11A/TNFRSF1B/UBE2M/ADRM1/TNFRSF18/BIRC3/CHUK/PSMC4/PSMB2/PSMB3/PSMB7/CUL1"
"REACTOME_DEUBIQUITINATION","REACTOME_DEUBIQUITINATION",254,0.370036381937637,1.67803199659214,4.1248228139093e-06,8.49338515773141e-05,6.23657420667626e-05,2836,"tags=27%, list=16%, signal=23%","CDC20/USP12/UIMC1/PSMA5/MDM2/PSMD14/H2AC12/STAMBPL1/USP15/USP33/RUVBL1/MYC/PSMD13/CDK1/UFD1/PSMA6/PSMA7/UBB/INO80E/PSMD8/PSMA1/USP44/VDAC1/H2AC13/PSMA2/TGFBR2/PSMB1/POLB/PSMA4/TOMM70/SNX3/BECN1/PSMD1/PSMC2/SEM1/USP28/PSMB6/RHOA/PSMD7/PSMD6/UCHL5/PSMD3/ACTL6A/ADRB2/CCNA2/YOD1/APC/PSMC3/H2AC7/RNF128/ABRAXAS1/PSMA3/MAT2B/JOSD1/NEDD8/OTUD7A/TRRAP/SUDS3/H2BC6/PSMB5/H2BC13/RAD23A/RPS27A/USP17L11/ARRB2/TRIM4/PSMC6/H2BC21/ATXN3"
"REACTOME_SIGNALING_BY_THE_B_CELL_RECEPTOR_BCR","REACTOME_SIGNALING_BY_THE_B_CELL_RECEPTOR_BCR",98,0.494884283169413,2.00089238877563,4.19978970069326e-06,8.51867791528678e-05,6.25514632562013e-05,2814,"tags=40%, list=16%, signal=34%","PSMA5/CD79B/PSMD14/PSMD13/PPIA/PSMA6/PSMA7/UBB/PSMD8/PSMA1/PSMA2/FYN/ITPR2/PPP3CA/PSMB1/PSMA4/PSMD1/ITPR1/NFKBIB/PSMC2/SEM1/PSMB6/VAV1/PSMD7/PSMD6/PSMD3/PSMC3/PSMA3/AHCYL1/PTPN6/PSMB5/RPS27A/RASGRP3/CARD11/BTRC/NFKBIE/PRKCB/PSMC6/STIM1"
"REACTOME_ACTIVATION_OF_NF_KAPPAB_IN_B_CELLS","REACTOME_ACTIVATION_OF_NF_KAPPAB_IN_B_CELLS",54,0.586293068206961,2.11522610239568,4.5865188604785e-06,9.03344801650764e-05,6.6331348279689e-05,2791,"tags=52%, list=15%, signal=44%","PSMA5/PSMD14/PSMD13/PSMA6/PSMA7/UBB/PSMD8/PSMA1/PSMA2/PSMB1/PSMA4/PSMD1/NFKBIB/PSMC2/SEM1/PSMB6/PSMD7/PSMD6/PSMD3/PSMC3/PSMA3/PSMB5/RPS27A/CARD11/BTRC/NFKBIE/PRKCB/PSMC6"
"REACTOME_UB_SPECIFIC_PROCESSING_PROTEASES","REACTOME_UB_SPECIFIC_PROCESSING_PROTEASES",177,0.405201388677477,1.75681599683821,4.57637413344285e-06,9.03344801650764e-05,6.6331348279689e-05,4010,"tags=38%, list=22%, signal=30%","CDC20/USP12/PSMA5/MDM2/PSMD14/H2AC12/USP15/USP33/RUVBL1/MYC/PSMD13/UFD1/PSMA6/PSMA7/UBB/PSMD8/PSMA1/USP44/VDAC1/H2AC13/PSMA2/PSMB1/POLB/PSMA4/TOMM70/SNX3/BECN1/PSMD1/PSMC2/SEM1/USP28/PSMB6/PSMD7/PSMD6/PSMD3/ADRB2/CCNA2/PSMC3/H2AC7/RNF128/PSMA3/MAT2B/TRRAP/SUDS3/H2BC6/PSMB5/H2BC13/RPS27A/USP17L11/ARRB2/PSMC6/H2BC21/VDAC3/AR/ADRM1/TP53/RHOT1/BIRC3/H2BC4/USP34/PSMC4/PSMB2/ATXN7/IDE/PTRH2/USP47/H2BC8"
"REACTOME_DOWNSTREAM_SIGNALING_EVENTS_OF_B_CELL_RECEPTOR_BCR","REACTOME_DOWNSTREAM_SIGNALING_EVENTS_OF_B_CELL_RECEPTOR_BCR",68,0.537780859807524,2.03934094905366,5.90056902478082e-06,0.000114555332923959,8.41163824886047e-05,2791,"tags=46%, list=15%, signal=39%","PSMA5/PSMD14/PSMD13/PPIA/PSMA6/PSMA7/UBB/PSMD8/PSMA1/PSMA2/PPP3CA/PSMB1/PSMA4/PSMD1/NFKBIB/PSMC2/SEM1/PSMB6/PSMD7/PSMD6/PSMD3/PSMC3/PSMA3/PSMB5/RPS27A/RASGRP3/CARD11/BTRC/NFKBIE/PRKCB/PSMC6"
"REACTOME_MAPK6_MAPK4_SIGNALING","REACTOME_MAPK6_MAPK4_SIGNALING",76,0.528693511063379,2.05214460686892,7.68395198177522e-06,0.000147077334411726,0.000107996834376915,2536,"tags=41%, list=14%, signal=35%","PSMA5/PSMD14/MYC/PSMD13/CDK1/PRKACB/PSMA6/CDC42EP2/PSMA7/UBB/PSMD8/PSMA1/PSMA2/PSMB1/CDC42/PSMA4/FOXO3/PSMD1/PSMC2/SEM1/PSMB6/PSMD7/PSMD6/PSMD3/PSMC3/ETV4/PSMA3/XPO1/RAC1/PSMB5/RPS27A"
"REACTOME_MITOTIC_G1_PHASE_AND_G1_S_TRANSITION","REACTOME_MITOTIC_G1_PHASE_AND_G1_S_TRANSITION",139,0.429635544451568,1.82093047309137,8.75958032184302e-06,0.000165337078574787,0.000121404709723789,2536,"tags=32%, list=14%, signal=27%","CDKN1A/PSMA5/RPA3/PSMD14/GMNN/MYC/PSMD13/CDT1/CDK1/CCND2/PPP2R2A/PSMA6/PSMA7/UBB/PSMD8/PSMA1/PSMA2/POLE3/PSMB1/PSMA4/FBXO5/PSMD1/PSMC2/SEM1/PSMB6/PSMD7/CCNE1/PSMD6/PSMD3/PRIM2/CCNA2/PSMC3/PCNA/CKS1B/CCNB1/E2F5/HDAC1/PSMA3/ORC5/ORC4/PSMB5/PRIM1/DBF4/RPS27A"
"REACTOME_REGULATION_OF_PTEN_STABILITY_AND_ACTIVITY","REACTOME_REGULATION_OF_PTEN_STABILITY_AND_ACTIVITY",55,0.570981879075184,2.07558288139373,1.10920399086986e-05,0.000206494277204403,0.000151625866379903,3267,"tags=49%, list=18%, signal=40%","PSMA5/PSMD14/PSMD13/PSMA6/PSMA7/UBB/PSMD8/PSMA1/PSMA2/PSMB1/PSMA4/PSMD1/PSMC2/SEM1/PSMB6/PSMD7/PSMD6/PSMD3/PSMC3/CSNK2A1/PSMA3/PSMB5/RPS27A/PSMC6/XIAP/ADRM1/STUB1"
"REACTOME_CLASS_I_MHC_MEDIATED_ANTIGEN_PROCESSING_PRESENTATION","REACTOME_CLASS_I_MHC_MEDIATED_ANTIGEN_PROCESSING_PRESENTATION",356,0.325671698480486,1.51757518863218,1.25179099700289e-05,0.000229889724990125,0.000168804817234529,4250,"tags=33%, list=24%, signal=26%","HERC4/CDC20/PSMA5/PSMD14/ZBTB16/CYBA/CDC26/HERC3/HUWE1/PSMD13/FBXL5/RBBP6/PSMA6/TRIM32/PSMA7/UBB/PSMD8/SOCS1/PSMA1/TRIM9/PSMA2/BCAP31/LMO7/SEC24D/ASB1/PSMB1/PSMA4/ZNRF2/BECN1/PSMD1/PSMC2/ITCH/HMGB1/SEM1/PSMB6/UBE2D3/PSMD7/UBOX5/UBA3/CDC27/PSMD6/TPP2/PSMD3/PSMB8/STX4/CUL3/RBX1/RLIM/ASB3/PSMC3/SAR1B/HERC5/GAN/ASB12/VAMP3/PSMB10/PSMA3/SEC24B/BLMH/ELOB/ARIH2/TLR4/UBA6/LRR1/SEC61G/PSMB5/MRC1/DCAF1/RPS27A/UBE3D/ASB13/FBXW7/PJA2/UBE2V2/BTRC/UBE2L3/FGB/TRIM4/PSMC6/NCF2/TLR2/NCF1/CD36/UBE2E3/UBE2E2/TRIM21/UBE2S/UBE2F/VAMP8/MIB2/ASB4/UBE2M/ADRM1/STUB1/CCNF/FBXL4/CTSL/SEC61A2/FBXO22/HLA-F/CHUK/PSMC4/CUL2/PSMB2/KBTBD8/UBR1/CD14/NPEPPS/CALR/KBTBD6/ASB9/UBAC1/RNF41/ANAPC1/PSMB3/PSMB7/CUL1/UBE2N/FBXW2"
"REACTOME_DEGRADATION_OF_THE_EXTRACELLULAR_MATRIX","REACTOME_DEGRADATION_OF_THE_EXTRACELLULAR_MATRIX",122,-0.517411011917951,-1.86919951984874,1.30950691385794e-05,0.000237282652791059,0.000174233340959625,2539,"tags=32%, list=14%, signal=28%","COL16A1/ADAMTS4/COL4A6/CAPN10/CTSB/PHYKPL/ACAN/MMP15/COL1A1/TLL2/COL4A5/COL1A2/A2M/NCSTN/COL4A1/COL13A1/BSG/MMP24/COL7A1/COL6A6/KLK7/COL5A3/COL5A1/CTSV/COL9A3/CAPN1/COL4A2/FN1/COL6A1/FBN3/BMP1/LAMA5/FBN2/COL9A2/TIMP2/MMP11/CDH1/SCUBE3/LAMB1"
"REACTOME_MITOTIC_PROMETAPHASE","REACTOME_MITOTIC_PROMETAPHASE",199,0.382579188707045,1.67644638490954,1.46883560382842e-05,0.000262650998105634,0.000192860962940352,4142,"tags=36%, list=23%, signal=28%","INCENP/CDC20/HAUS7/NUP37/BIRC5/CENPE/ODF2/CDK1/PPP2R5A/MAD2L1/CEP63/NCAPD2/PLK4/TUBA4A/KIF2A/CKAP5/YWHAE/TUBA1B/BUB1B/CDCA5/BUB3/HSP90AA1/PPP1CC/CCNB1/SMC4/KIF18A/NUDC/KNL1/CSNK2A1/AHCTF1/RANGAP1/ERCC6L/XPO1/TUBB8/NEK2/CENPA/NEDD1/FIRRM/CDCA8/SEH1L/TUBAL3/SGO2/RAD21/NEK7/CNTRL/NUP160/SSNA1/PLK1/PPP2R5E/CENPL/NSL1/NCAPH/TUBGCP2/TUBA1C/NCAPG/PRKACA/CEP41/TUBA3D/SPC24/SGO1/MZT2B/NME7/KIF2C/PPP2R5C/CCNB2/PDS5B/CENPF/TUBGCP4/NDC80/MAD1L1/ZWINT/CSNK1E"
"REACTOME_SARS_COV_2_HOST_INTERACTIONS","REACTOME_SARS_COV_2_HOST_INTERACTIONS",185,0.391484892484932,1.68897296987526,1.54118099069738e-05,0.000272008437189317,0.000199731999888054,3951,"tags=34%, list=22%, signal=27%","SNRPG/JAK1/RPS29/GEMIN6/KPNA2/RPS3A/RPS14/NUP37/RPS21/RPS18/UBB/RPS7/SNRPF/SNRPB/STAT1/RPS15A/RPS24/RPS5/SEC24D/SNRPD2/TOMM70/YWHAE/BECN1/NUP35/RPS6/HSP90AA1/SAR1B/YWHAQ/RPS9/RPS13/SEC24B/NUP155/TUFM/RPS25/PTPN6/RPS17/NUP210/MASP1/HSP90AB1/RPS27A/SNRPE/SEH1L/IRF3/IKBKE/TRIM4/TLR2/NUP160/RPS10/RPS27L/NUP88/MASP2/RPS12/RPS4X/SNRPD1/SIKE1/HLA-F/NUP93/TAB2/CHUK/TPR/NUP205/RPS23/RIPK2"
"REACTOME_DOWNSTREAM_TCR_SIGNALING","REACTOME_DOWNSTREAM_TCR_SIGNALING",77,0.50182356817734,1.95759063216927,1.58872291697856e-05,0.000276804415919727,0.000203253620147865,4230,"tags=49%, list=23%, signal=38%","LCK/PSMA5/PSMD14/PSMD13/PSMA6/PSMA7/UBB/PSMD8/PSMA1/PSMA2/PSMB1/PSMA4/PSMD1/PSMC2/SEM1/PSMB6/PSMD7/PSMD6/PSMD3/PSMC3/INPP5D/PSMA3/PSMB5/RPS27A/CARD11/BTRC/PSMC6/ADRM1/CD3E/TAB2/CHUK/PSMC4/PSMB2/RIPK2/PSMB3/PSMB7/CUL1/UBE2N"
"REACTOME_FORMATION_OF_THE_POSTERIOR_NEURAL_PLATE","REACTOME_FORMATION_OF_THE_POSTERIOR_NEURAL_PLATE",10,-0.897651860572505,-1.93995775037234,1.76550599520052e-05,0.000303711727528799,0.000223011283604277,795,"tags=70%, list=4%, signal=67%","GBX2/SOX2/ZNF521/ZEB2/FGF8/SOX1/OTX2"
"REACTOME_HH_MUTANTS_ABROGATE_LIGAND_SECRETION","REACTOME_HH_MUTANTS_ABROGATE_LIGAND_SECRETION",45,0.606342093249585,2.09971459264759,1.87906730977369e-05,0.000319206559247805,0.000234388922324402,2791,"tags=51%, list=15%, signal=43%","PSMA5/PSMD14/PSMD13/PSMA6/PSMA7/UBB/PSMD8/PSMA1/PSMA2/PSMB1/PSMA4/PSMD1/PSMC2/SEM1/PSMB6/PSMD7/PSMD6/PSMD3/PSMC3/PSMA3/PSMB5/RPS27A/PSMC6"
"REACTOME_SARS_COV_1_MODULATES_HOST_TRANSLATION_MACHINERY","REACTOME_SARS_COV_1_MODULATES_HOST_TRANSLATION_MACHINERY",36,0.652975012938376,2.14346149246306,1.96188035458057e-05,0.000329159926157407,0.000241697540759244,3557,"tags=56%, list=20%, signal=45%","RPS29/RPS3A/RPS14/RPS21/RPS18/RPS7/EEF1A1/RPS15A/RPS24/RPS5/RPS6/RPS9/RPS13/RPS25/RPS17/RPS27A/RPS10/RPS27L/RPS12/RPS4X"
"REACTOME_REGULATION_OF_RUNX2_EXPRESSION_AND_ACTIVITY","REACTOME_REGULATION_OF_RUNX2_EXPRESSION_AND_ACTIVITY",59,0.538224417717598,1.9778861457818,2.10737420470971e-05,0.000349258724902499,0.00025645580822398,4220,"tags=63%, list=23%, signal=48%","PSMA5/PSMD14/PSMD13/NKX3-2/PSMA6/PSMA7/UBB/STAT1/PSMD8/PSMA1/PSMA2/PSMB1/PSMA4/PSMD1/PSMC2/SEM1/PSMB6/PSMD7/PSMD6/PSMD3/RBX1/PSMC3/RUNX2/HIVEP3/PSMA3/PSMB5/RPS27A/PSMC6/ADRM1/STUB1/GSK3B/MSX2/PSMC4/PSMB2/PSMB3/PSMB7/CUL1"
"REACTOME_FORMATION_OF_THE_ANTERIOR_NEURAL_PLATE","REACTOME_FORMATION_OF_THE_ANTERIOR_NEURAL_PLATE",11,-0.877007309079953,-1.93125504426453,2.39155587575328e-05,0.000391581257246833,0.000287532653166026,795,"tags=73%, list=4%, signal=70%","NANOG/GBX2/SOX2/ZNF521/ZIC2/ZEB2/SOX1/OTX2"
"REACTOME_PROGRAMMED_CELL_DEATH","REACTOME_PROGRAMMED_CELL_DEATH",190,0.381962641950696,1.65910908100065,2.55810547863433e-05,0.000413864922079053,0.000303895237311446,4247,"tags=40%, list=24%, signal=31%","PSMA5/H1-1/GSDMD/PSMD14/PSMD13/DFFA/PSMA6/PSMA7/UBB/CASP4/PSMD8/PSMA1/PSMA2/BCAP31/DNM1L/PSMB1/PSMA4/YWHAE/PSMD1/PSMC2/OMA1/ITCH/HMGB1/SEM1/PSMB6/CHMP7/PSMD7/C1QBP/PSMD6/PSMD3/HSP90AA1/APAF1/APC/PSMC3/BBC3/YWHAQ/TP63/PSMA3/ACIN1/TICAM2/TLR4/PTK2/PSMB5/H1-4/TNFRSF10A/RPS27A/NMT1/UBE2L3/IL18/PSMC6/BAK1/STAT3/XIAP/FADD/PKP1/ADRM1/STUB1/TP53/TNFRSF10B/DAPK1/STK24/BIRC3/TNFSF10/PSMC4/PSMB2/CARD8/CD14/TICAM1/YWHAB/IRF1/BCL2/PSMB3/CDKN2A/PSMB7/CDC37/BAX"
"REACTOME_FCERI_MEDIATED_NF_KB_ACTIVATION","REACTOME_FCERI_MEDIATED_NF_KB_ACTIVATION",68,0.514245642512561,1.95009208216079,2.64600262080698e-05,0.00042304912490314,0.000310639069291024,4470,"tags=54%, list=25%, signal=41%","PSMA5/PSMD14/PSMD13/PSMA6/PSMA7/UBB/PSMD8/PSMA1/PSMA2/PSMB1/PSMA4/PSMD1/PSMC2/SEM1/PSMB6/PSMD7/PSMD6/PSMD3/RASGRP2/PSMC3/PSMA3/PSMB5/RPS27A/CARD11/BTRC/PSMC6/ADRM1/TAB2/CHUK/PSMC4/PSMB2/PSMB3/PSMB7/CUL1/UBE2N/IGLC2/SKP1"
"REACTOME_SCF_SKP2_MEDIATED_DEGRADATION_OF_P27_P21","REACTOME_SCF_SKP2_MEDIATED_DEGRADATION_OF_P27_P21",50,0.582239661602665,2.07476126432209,3.10663690817402e-05,0.000490920878861453,0.000360476351156545,2791,"tags=54%, list=15%, signal=46%","CDKN1A/PSMA5/PSMD14/PSMD13/PSMA6/PSMA7/UBB/PSMD8/PSMA1/PSMA2/PSMB1/PSMA4/PSMD1/PSMC2/SEM1/PSMB6/PSMD7/CCNE1/PSMD6/PSMD3/CCNA2/PSMC3/CKS1B/PSMA3/PSMB5/RPS27A/PSMC6"
"REACTOME_SIGNALING_BY_INSULIN_RECEPTOR","REACTOME_SIGNALING_BY_INSULIN_RECEPTOR",77,-0.56141061210348,-1.89326508787421,3.33620234055243e-05,0.000521137813886293,0.000382664224905469,2499,"tags=27%, list=14%, signal=24%","ATP6V0A2/ATP6V1D/PDPK1/TCIRG1/FLT3/ATP6AP1/FGF2/GRB10/TLR9/FGF17/ATP6V0A1/ATP6V1G1/FGF10/ATP6V1B1/FGF19/ATP6V1H/FGFR1/FGFR2/FGF8/FGF4/FGFR3"
"REACTOME_DEGRADATION_OF_AXIN","REACTOME_DEGRADATION_OF_AXIN",42,0.608897291884321,2.08611576731182,4.02121618506339e-05,0.000621003726761494,0.000455994371224891,2791,"tags=55%, list=15%, signal=46%","PSMA5/PSMD14/PSMD13/PSMA6/PSMA7/UBB/PSMD8/PSMA1/PSMA2/PSMB1/PSMA4/PSMD1/PSMC2/SEM1/PSMB6/PSMD7/PSMD6/PSMD3/PSMC3/PSMA3/PSMB5/RPS27A/PSMC6"
"REACTOME_CLASS_B_2_SECRETIN_FAMILY_RECEPTORS","REACTOME_CLASS_B_2_SECRETIN_FAMILY_RECEPTORS",84,-0.55151256185626,-1.89200716916834,4.06839942591391e-05,0.000621230878631124,0.000456161165673138,2253,"tags=24%, list=12%, signal=21%","VIPR1/FZD6/GNAS/VIPR2/GNB3/WNT8A/SCT/WNT5A/WNT9A/SMO/PTCH1/IHH/WNT10B/WNT7B/GCGR/ADCYAP1/FZD5/FZD8/WNT4/PTH1R"
"REACTOME_ANTIGEN_PROCESSING_UB_ATP_INDEPENDENT_PROTEASOMAL_DEGRADATION","REACTOME_ANTIGEN_PROCESSING_UB_ATP_INDEPENDENT_PROTEASOMAL_DEGRADATION",19,0.745477400509175,2.10349122191382,4.59181909860933e-05,0.000693364683890008,0.000509128012337034,2432,"tags=63%, list=13%, signal=55%","PSMA5/PSMA6/PSMA7/PSMA1/PSMA2/PSMB1/PSMA4/PSMB6/PSMB8/PSMB10/PSMA3/PSMB5"
"REACTOME_DEVELOPMENTAL_CELL_LINEAGES_OF_THE_EXOCRINE_PANCREAS","REACTOME_DEVELOPMENTAL_CELL_LINEAGES_OF_THE_EXOCRINE_PANCREAS",68,-0.569217775224273,-1.88435056879715,4.88721784382071e-05,0.00072986033513762,0.000535926259796649,2185,"tags=32%, list=12%, signal=29%","PDIA2/CA2/COL1A1/FGF2/COL1A2/SOX9/LAMA1/GNMT/REG1A/PTF1A/ONECUT1/SPINK1/COL5A3/COL5A1/FGF10/KRT7/FN1/COL27A1/LAMA5/FGF4/LAMB1/HHEX"
"REACTOME_UBIQUITIN_DEPENDENT_DEGRADATION_OF_CYCLIN_D","REACTOME_UBIQUITIN_DEPENDENT_DEGRADATION_OF_CYCLIN_D",39,0.61963570947989,2.08410954683823,5.92825020906379e-05,0.000875705655882358,0.000643018443729116,4209,"tags=74%, list=23%, signal=57%","PSMA5/PSMD14/PSMD13/PSMA6/PSMA7/UBB/PSMD8/PSMA1/PSMA2/PSMB1/PSMA4/PSMD1/PSMC2/SEM1/PSMB6/PSMD7/PSMD6/PSMD3/PSMC3/PSMA3/PSMB5/RPS27A/PSMC6/ADRM1/GSK3B/PSMC4/PSMB2/PSMB3/PSMB7"
"REACTOME_REGULATION_OF_MRNA_STABILITY_BY_PROTEINS_THAT_BIND_AU_RICH_ELEMENTS","REACTOME_REGULATION_OF_MRNA_STABILITY_BY_PROTEINS_THAT_BIND_AU_RICH_ELEMENTS",74,0.48471044514718,1.87148704272919,6.43971312790619e-05,0.000941029047400486,0.000690984498614043,4209,"tags=57%, list=23%, signal=44%","PSMA5/PSMD14/PSMD13/PSMA6/PSMA7/UBB/PSMD8/PSMA1/PSMA2/PSMB1/DCP2/PSMA4/PSMD1/PSMC2/SEM1/PSMB6/PSMD7/PSMD6/PSMD3/PABPC1/PSMC3/EXOSC5/TNPO1/PSMA3/XPO1/PSMB5/RPS27A/DIS3/ANP32A/PSMC6/MAPK14/ZFP36L1/EXOSC2/ADRM1/HNRNPD/HSPA1A/PSMC4/PSMB2/EIF4G1/YWHAB/PSMB3/PSMB7"
"REACTOME_REGULATION_OF_BETA_CELL_DEVELOPMENT","REACTOME_REGULATION_OF_BETA_CELL_DEVELOPMENT",36,-0.667821831177379,-1.94816067152778,7.28448621979218e-05,0.00105315072049974,0.00077331387865207,1788,"tags=36%, list=10%, signal=33%","AKT1/PTF1A/PKLR/ONECUT1/MAMLD1/CREBBP/KAT2B/FGF10/NEUROG3/MAFA/HES1/NR5A2/INSM1"
"REACTOME_RESOLUTION_OF_SISTER_CHROMATID_COHESION","REACTOME_RESOLUTION_OF_SISTER_CHROMATID_COHESION",124,0.423712931628811,1.75707416566808,7.9077988614053e-05,0.00113123143712103,0.000830647459347615,4627,"tags=44%, list=26%, signal=33%","INCENP/CDC20/NUP37/BIRC5/CENPE/CDK1/PPP2R5A/MAD2L1/TUBA4A/KIF2A/CKAP5/TUBA1B/BUB1B/CDCA5/BUB3/PPP1CC/CCNB1/KIF18A/NUDC/KNL1/AHCTF1/RANGAP1/ERCC6L/XPO1/TUBB8/CENPA/FIRRM/CDCA8/SEH1L/TUBAL3/SGO2/RAD21/NUP160/PLK1/PPP2R5E/CENPL/NSL1/TUBA1C/TUBA3D/SPC24/SGO1/KIF2C/PPP2R5C/CCNB2/PDS5B/CENPF/NDC80/MAD1L1/ZWINT/ITGB3BP/DYNC1H1/BUB1/NUP43/ZWILCH"
"REACTOME_TRANSCRIPTIONAL_REGULATION_OF_PLURIPOTENT_STEM_CELLS","REACTOME_TRANSCRIPTIONAL_REGULATION_OF_PLURIPOTENT_STEM_CELLS",31,-0.687134914502277,-1.94993939055645,8.47612530296064e-05,0.00119990148820037,0.000881070919649856,2235,"tags=48%, list=12%, signal=42%","FOXP1/FGF2/SMAD4/NANOG/TSC22D1/LIN28A/SOX2/GSC/KLF4/PRDM14/SALL1/HIF3A/SALL4/ZIC3/HHEX"
"REACTOME_ANTIVIRAL_MECHANISM_BY_IFN_STIMULATED_GENES","REACTOME_ANTIVIRAL_MECHANISM_BY_IFN_STIMULATED_GENES",147,0.395462317737039,1.67920981245309,8.79774027161153e-05,0.00123259062155877,0.000905074094138657,3925,"tags=35%, list=22%, signal=27%","JAK1/NPM1/FANCL/KPNA2/NUP37/CDK1/EIF2S1/UBB/STAT1/KPNA3/PPP2R5A/ABCE1/EIF4A2/TUBA4A/BECN1/TUBA1B/KPNA4/NUP35/RNASEL/PDE12/SNCA/EIF4E/EIF2S2/EIF4A1/HERC5/ILF2/FANCG/CENPX/NUP155/TUBB8/PRKRA/FANCE/NUP210/RPS27A/SEH1L/TUBAL3/IRF3/MAP2K6/STAT3/NUP160/NUP88/DUS2/TP53/TUBA1C/NUP93/DHX9/HSPA1A/TUBA3D/CHUK/TPR/NUP205"
"REACTOME_TRNA_AMINOACYLATION","REACTOME_TRNA_AMINOACYLATION",42,0.59269037741241,2.03058998279946,9.18065884954463e-05,0.00127311381393175,0.000934829708847294,2755,"tags=43%, list=15%, signal=36%","KARS1/EPRS1/MARS2/RARS1/HARS1/LARS1/NARS2/YARS2/MARS1/CARS2/YARS1/AIMP2/FARSB/EEF1E1/PPA1/AARS1/HARS2/PARS2"
"REACTOME_CLEC7A_DECTIN_1_SIGNALING","REACTOME_CLEC7A_DECTIN_1_SIGNALING",85,0.467024744785728,1.85900111394919,9.80365727734871e-05,0.00134577477170878,0.000988183636249503,4230,"tags=49%, list=23%, signal=38%","PSMA5/PSMD14/PSMD13/PSMA6/PSMA7/UBB/PSMD8/PSMA1/PSMA2/ITPR2/PPP3CA/PSMB1/PSMA4/PSMD1/ITPR1/PSMC2/SEM1/PSMB6/PSMD7/UBA3/PSMD6/PSMD3/PSMC3/PYCARD/PSMA3/AHCYL1/PSMB5/RPS27A/CARD11/BTRC/PSMC6/UBE2M/ADRM1/TAB2/CHUK/PSMC4/PSMB2/PPP3CB/PSMB3/PSMB7/CUL1/UBE2N"
"REACTOME_CYCLIN_A_CDK2_ASSOCIATED_EVENTS_AT_S_PHASE_ENTRY","REACTOME_CYCLIN_A_CDK2_ASSOCIATED_EVENTS_AT_S_PHASE_ENTRY",75,0.485476575627077,1.87429431995739,0.000109459091912544,0.00148754905909148,0.00109228651719044,2028,"tags=35%, list=11%, signal=31%","CDKN1A/PSMA5/PSMD14/MYC/PSMD13/PSMA6/PSMA7/UBB/PSMD8/PSMA1/PSMA2/PSMB1/PSMA4/PSMD1/PSMC2/SEM1/PSMB6/PSMD7/CCNE1/PSMD6/PSMD3/CCNA2/PSMC3/CKS1B/E2F5/PSMA3"
"REACTOME_SARS_COV_2_INFECTION","REACTOME_SARS_COV_2_INFECTION",283,0.330044462229103,1.5144954155384,0.000110848982884114,0.00149152245286644,0.00109520412479562,4061,"tags=33%, list=23%, signal=26%","SNRPG/JAK1/RPS29/GEMIN6/KPNA2/RPS3A/RPS14/NUP37/SRPK1/RPS21/ST6GALNAC4/STT3B/DAD1/RPS18/ST6GALNAC3/UBB/RPS7/SNRPF/SNRPB/STAT1/ST3GAL4/SRPK2/RPS15A/RPS24/RPS5/SEC24D/SNRPD2/GPC6/TOMM70/GOLGA7/PRMT1/YWHAE/BECN1/NUP35/OST4/CHMP7/OSTC/RPS6/HSP90AA1/PARP8/PARP4/SAR1B/ISCU/YWHAQ/RPS9/TMEM258/TUSC3/RPS13/CSNK1A1/STT3A/SEC24B/NUP155/TUFM/RPS25/ST3GAL3/PTPN6/RPS17/NUP210/MASP1/HSP90AB1/RPS27A/SNRPE/SEH1L/IRF3/IKBKE/TRIM4/TLR2/NUP160/RPS10/RPS27L/NUP88/MASP2/DDOST/CTSL/GSK3B/RPS12/RPS4X/SNRPD1/SIKE1/GPC5/HLA-F/RPN2/NUP93/TAB2/CHUK/TPR/NUP205/RPS23/RIPK2/MGAT1/ZDHHC2/ANO6/YWHAB/ST3GAL1"
"REACTOME_CHROMOSOME_MAINTENANCE","REACTOME_CHROMOSOME_MAINTENANCE",127,0.410687270166855,1.72121221517988,0.000116269999024659,0.00154912675171089,0.00113750215764062,2819,"tags=30%, list=16%, signal=25%","NPM1/RPA3/POLR2L/RUVBL2/NOP10/RUVBL1/GAR1/RFC1/H4C2/POLR2D/TERF2/HJURP/ACD/DKC1/STN1/POLR2F/WRN/PRIM2/BLM/CCNA2/PCNA/POLR2H/OIP5/H2AC7/POLD2/CENPX/RFC4/KNL1/H4C3/SMARCA5/SHQ1/CENPA/H2BC6/PRIM1/H2BC13/PIF1/NHP2/H2BC21"
"REACTOME_HEDGEHOG_LIGAND_BIOGENESIS","REACTOME_HEDGEHOG_LIGAND_BIOGENESIS",51,0.553343881217998,1.98822114557101,0.000123634576190129,0.001631256204295,0.00119780866865858,2791,"tags=47%, list=15%, signal=40%","PSMA5/PSMD14/PSMD13/PSMA6/PSMA7/DISP2/UBB/PSMD8/PSMA1/PSMA2/PSMB1/PSMA4/PSMD1/PSMC2/SEM1/PSMB6/PSMD7/PSMD6/PSMD3/PSMC3/PSMA3/PSMB5/RPS27A/PSMC6"
"REACTOME_TCR_SIGNALING","REACTOME_TCR_SIGNALING",98,0.44392115493858,1.79484071396348,0.000126898682167451,0.00165822412563044,0.00121761083699133,4230,"tags=43%, list=23%, signal=33%","LCK/PSMA5/PSMD14/PSMD13/PSMA6/PSMA7/UBB/PSMD8/PSMA1/PSMA2/PSMB1/PSMA4/LCP2/PSMD1/PSMC2/VASP/SEM1/PSMB6/PSMD7/PSMD6/PSMD3/PSMC3/PTPRC/INPP5D/PSMA3/PSMB5/RPS27A/CARD11/BTRC/PSMC6/CSK/ADRM1/CD3E/TAB2/CHUK/PSMC4/PSMB2/RIPK2/PSMB3/PSMB7/CUL1/UBE2N"
"REACTOME_INSULIN_RECEPTOR_SIGNALLING_CASCADE","REACTOME_INSULIN_RECEPTOR_SIGNALLING_CASCADE",51,-0.600330921728727,-1.90633206453745,0.000132697022702394,0.00168537620422947,0.00123754822943305,2206,"tags=25%, list=12%, signal=22%","PDPK1/FLT3/FGF2/GRB10/TLR9/FGF17/FGF10/FGF19/FGFR1/FGFR2/FGF8/FGF4/FGFR3"
"REACTOME_ABC_FAMILY_PROTEINS_MEDIATED_TRANSPORT","REACTOME_ABC_FAMILY_PROTEINS_MEDIATED_TRANSPORT",85,0.462260722533225,1.84003783036912,0.000132372095630399,0.00168537620422947,0.00123754822943305,3878,"tags=39%, list=22%, signal=31%","PSMA5/PSMD14/PSMD13/EIF2S1/PSMA6/PSMA7/UBB/PSMD8/PSMA1/PSMA2/PSMB1/PSMA4/PSMD1/PSMC2/SEM1/PSMB6/PSMD7/PSMD6/PSMD3/EIF2S2/PSMC3/PSMA3/PSMB5/ABCB4/RPS27A/PSMC6/ADRM1/ABCD3/ABCC2/ABCD2/ABCB6/PSMC4/PSMB2"
"REACTOME_APOPTOSIS","REACTOME_APOPTOSIS",162,0.387973883994491,1.66544371666791,0.000131890843900231,0.00168537620422947,0.00123754822943305,4247,"tags=41%, list=24%, signal=31%","PSMA5/H1-1/GSDMD/PSMD14/PSMD13/DFFA/PSMA6/PSMA7/UBB/PSMD8/PSMA1/PSMA2/BCAP31/DNM1L/PSMB1/PSMA4/YWHAE/PSMD1/PSMC2/OMA1/HMGB1/SEM1/PSMB6/PSMD7/C1QBP/PSMD6/PSMD3/APAF1/APC/PSMC3/BBC3/YWHAQ/TP63/PSMA3/ACIN1/TICAM2/TLR4/PTK2/PSMB5/H1-4/TNFRSF10A/RPS27A/NMT1/PSMC6/BAK1/STAT3/XIAP/FADD/PKP1/ADRM1/TP53/TNFRSF10B/DAPK1/STK24/TNFSF10/PSMC4/PSMB2/CARD8/CD14/TICAM1/YWHAB/BCL2/PSMB3/CDKN2A/PSMB7/BAX"
"REACTOME_NUCLEAR_EVENTS_KINASE_AND_TRANSCRIPTION_FACTOR_ACTIVATION","REACTOME_NUCLEAR_EVENTS_KINASE_AND_TRANSCRIPTION_FACTOR_ACTIVATION",61,-0.571348787370893,-1.85876137436972,0.000140308779164116,0.00174935441178013,0.00128452653450104,3195,"tags=41%, list=18%, signal=34%","PPP2R1B/RRAD/TPH1/PPP2R1A/CHD4/F3/MAPK11/EGR2/FOSB/ID2/NAB1/MAPKAPK2/MAPK7/FOS/EGR4/JUND/MEF2A/TRIB1/REST/JUNB/NAB2/ID1/EGR1/EGR3/ID4"
"REACTOME_ION_CHANNEL_TRANSPORT","REACTOME_ION_CHANNEL_TRANSPORT",169,-0.45217880656563,-1.68526276326636,0.000140082099189482,0.00174935441178013,0.00128452653450104,2751,"tags=30%, list=15%, signal=25%","TPCN2/CAMK2B/TRPM4/CAMK2A/ASIC3/WNK2/ATP6V0A2/CAMK2D/ATP6V1D/ATP1B2/SCNN1D/ATP8B4/TCIRG1/ATP2B1/ANO2/ATP6AP1/TRPM3/ASIC2/STOM/ATP9A/FXYD6/ANO7/TRPC1/TRPV3/PDZD11/CLIC2/TRPC4AP/ATP6V0A1/ATP2B4/TRPC4/CLCN7/ATP11A/ATP6V1G1/ASPH/ATP6V1B1/CLCN6/TRPC6/UNC80/CLCN2/RYR3/TRPM1/FXYD3/ATP6V1H/MCOLN3/SCNN1B/CLCNKB/TTYH1/CLCNKA/SCNN1A/SCNN1G"
"REACTOME_SIGNALING_BY_TYPE_1_INSULIN_LIKE_GROWTH_FACTOR_1_RECEPTOR_IGF1R","REACTOME_SIGNALING_BY_TYPE_1_INSULIN_LIKE_GROWTH_FACTOR_1_RECEPTOR_IGF1R",51,-0.597900595122646,-1.89861463841665,0.000151291273967804,0.00186913492111133,0.00137247969111463,2479,"tags=29%, list=14%, signal=25%","FGF1/CILP/PDPK1/FLT3/FGF2/TLR9/FGF17/IGF2/FGF10/FGF19/FGFR1/FGFR2/FGF8/FGF4/FGFR3"
"REACTOME_SLBP_DEPENDENT_PROCESSING_OF_REPLICATION_DEPENDENT_HISTONE_PRE_MRNAS","REACTOME_SLBP_DEPENDENT_PROCESSING_OF_REPLICATION_DEPENDENT_HISTONE_PRE_MRNAS",11,0.815793418135502,1.97249688133052,0.000157049337737188,0.00192279324310666,0.00141188024822053,2590,"tags=64%, list=14%, signal=55%","SNRPG/SNRPF/SNRPB/NCBP1/LSM11/LSM10/SNRPE"
"REACTOME_ACTIVATION_OF_THE_TFAP2_AP_2_FAMILY_OF_TRANSCRIPTION_FACTORS","REACTOME_ACTIVATION_OF_THE_TFAP2_AP_2_FAMILY_OF_TRANSCRIPTION_FACTORS",10,-0.864372355302256,-1.86803584276731,0.000168696087477421,0.00204694627573049,0.00150304408767476,1175,"tags=50%, list=7%, signal=47%","CREBBP/TFAP2E/TFAP2C/TFAP2A/CITED2"
"REACTOME_ABC_TRANSPORTER_DISORDERS","REACTOME_ABC_TRANSPORTER_DISORDERS",64,0.504611400239423,1.88196959913973,0.000175162451878499,0.00210659975312283,0.00154684680373374,2791,"tags=41%, list=15%, signal=34%","PSMA5/PSMD14/PSMD13/PSMA6/PSMA7/UBB/PSMD8/PSMA1/PSMA2/PSMB1/PSMA4/PSMD1/PSMC2/SEM1/PSMB6/PSMD7/PSMD6/PSMD3/LMBRD1/PSMC3/PSMA3/ABCB11/PSMB5/ABCB4/RPS27A/PSMC6"
"REACTOME_RHO_GTPASE_EFFECTORS","REACTOME_RHO_GTPASE_EFFECTORS",304,0.32292775071124,1.47809210710144,0.000181799750185462,0.0021672443903688,0.00159137731464283,4135,"tags=34%, list=23%, signal=26%","RHOC/INCENP/CDC20/NUP37/BIRC5/CYBA/CENPE/ITGB1/ARPC5/IQGAP2/PFN1/PPP2R5A/MYL12B/MAD2L1/H3C7/WASF2/MYH11/RHOD/H4C2/TUBA4A/KIF2A/CDC42/H3C12/CKAP5/YWHAE/TUBA1B/ACTR3/RHOA/H3C3/ARPC2/BUB1B/BUB3/ARPC1B/PPP1CC/KIF14/H2AC7/RAC2/KIF18A/YWHAQ/NUDC/KNL1/AHCTF1/RANGAP1/H4C3/ERCC6L/XPO1/KTN1/TUBB8/RAC1/CENPA/MYL6/PTK2/H2BC6/ACTR2/H2BC13/WASF1/CDCA8/MEN1/CFL1/SEH1L/TUBAL3/LIMK1/SGO2/H3C13/PRKCB/ROCK2/NCF2/H2BC21/NCF1/MAPK14/NUP160/PLK1/PPP2R5E/CENPL/PRC1/NSL1/AR/H4C11/WIPF1/KIF5B/SCAI/MYH14/SRF/BRK1/TUBA1C/H2BC4/PPP1R12A/ABI1/TUBA3D/SPC24/SGO1/KIF2C/PPP2R5C/ABI2/H2BC8/PPP1R12B/YWHAB/CENPF/SRGAP2/NDC80/MAD1L1/ZWINT"
"REACTOME_SARS_COV_INFECTIONS","REACTOME_SARS_COV_INFECTIONS",398,0.298149016604647,1.40344188746836,0.000194626580557296,0.00229997846067274,0.00168884209032784,2791,"tags=23%, list=15%, signal=20%","SNRPG/FKBP4/JAK1/NPM1/RPS29/GEMIN6/PTGES3/KPNA2/RPS3A/CD79B/RPS14/NUP37/SRPK1/RPS21/ST6GALNAC4/PPIA/ITGB1/PPIH/STT3B/DAD1/RPS18/ST6GALNAC3/UBB/RPS7/SNRPF/SNRPB/STAT1/ST3GAL4/SRPK2/ATP1B3/EEF1A1/RPS15A/RPS24/RPS5/SEC24D/SNRPD2/GPC6/TOMM70/GOLGA7/PRMT1/ITGA4/AP2S1/YWHAE/COMT/BECN1/NUP35/OST4/ITCH/VAV1/CHMP7/FNTB/OSTC/PPIB/CUL3/RBX1/RPS6/HSP90AA1/PARP8/PARP4/SAR1B/ISCU/YWHAQ/PYCARD/RPS9/HDAC2/TMEM258/TUSC3/RPS13/CSNK1A1/HDAC1/STT3A/SEC24B/NUP155/TUFM/ATP1A3/RPS25/ST3GAL3/SUDS3/PTPN6/RPS17/MTA1/ATP1A4/NUP210/MASP1/HSP90AB1/RPS27A/SNRPE/SEH1L/IRF3/ROCK2/IKBKE/TRIM4/PSMC6"
"REACTOME_ANTIGEN_PROCESSING_UBIQUITINATION_PROTEASOME_DEGRADATION","REACTOME_ANTIGEN_PROCESSING_UBIQUITINATION_PROTEASOME_DEGRADATION",284,0.319874049202182,1.46527517174404,0.000203761171828396,0.00238716752167922,0.00175286380120979,3278,"tags=27%, list=18%, signal=22%","HERC4/CDC20/PSMA5/PSMD14/ZBTB16/CDC26/HERC3/HUWE1/PSMD13/FBXL5/RBBP6/PSMA6/TRIM32/PSMA7/UBB/PSMD8/SOCS1/PSMA1/TRIM9/PSMA2/LMO7/ASB1/PSMB1/PSMA4/ZNRF2/PSMD1/PSMC2/ITCH/SEM1/PSMB6/UBE2D3/PSMD7/UBOX5/UBA3/CDC27/PSMD6/TPP2/PSMD3/CUL3/RBX1/RLIM/ASB3/PSMC3/HERC5/GAN/ASB12/PSMA3/BLMH/ELOB/ARIH2/UBA6/LRR1/PSMB5/DCAF1/RPS27A/UBE3D/ASB13/FBXW7/PJA2/UBE2V2/BTRC/UBE2L3/TRIM4/PSMC6/UBE2E3/UBE2E2/TRIM21/UBE2S/UBE2F/MIB2/ASB4/UBE2M/ADRM1/STUB1/CCNF/FBXL4"
"REACTOME_CYTOSOLIC_TRNA_AMINOACYLATION","REACTOME_CYTOSOLIC_TRNA_AMINOACYLATION",24,0.676624130917049,2.01734664125865,0.000206266266705501,0.00239586202096389,0.00175924805071358,2728,"tags=50%, list=15%, signal=42%","KARS1/EPRS1/RARS1/HARS1/LARS1/MARS1/YARS1/AIMP2/FARSB/EEF1E1/PPA1/AARS1"
"REACTOME_NCAM_SIGNALING_FOR_NEURITE_OUT_GROWTH","REACTOME_NCAM_SIGNALING_FOR_NEURITE_OUT_GROWTH",61,-0.563225053870956,-1.83233254074107,0.000234721921206306,0.00270328043152009,0.00198498109994272,1911,"tags=31%, list=11%, signal=28%","SPTBN4/COL4A5/COL4A1/COL6A6/COL5A3/COL5A1/CACNA1S/SRC/SPTB/COL9A3/NCAN/CACNB3/COL4A2/CACNA1G/CACNB1/FGFR1/SPTBN2/COL6A1/COL9A2"
"REACTOME_DNA_REPAIR","REACTOME_DNA_REPAIR",320,0.313652356094293,1.44518081460869,0.000267428560413869,0.00305407910590292,0.00224256767158202,4457,"tags=35%, list=25%, signal=27%","UIMC1/FANCL/KPNA2/RPA3/POLR2L/MSH2/RUVBL1/UFD1/UBB/INO80E/USP45/RAD51C/TIPIN/ALKBH2/ASCC3/RFC1/MSH3/COPS3/MGMT/POLE3/H4C2/POLB/POLR2D/REV1/TERF2/SEM1/RAD18/ACD/POLR2F/XPC/WRN/COPS7B/ATR/ACTL6A/RBX1/NTHL1/BLM/CCNA2/PCNA/POLR2H/H2AC7/NEIL3/POLD2/FANCG/CENPX/PPIE/RFC4/ABRAXAS1/POLH/MRE11/H4C3/ERCC5/SMARCA5/PAXIP1/COPS5/DCLRE1A/H2BC6/FIRRM/FANCE/H2BC13/RAD51D/RAD23A/RPS27A/COPS2/UBE2V2/CHEK1/SPIDR/PPP5C/H2BC21/PIAS4/ERCC3/XRCC6/TDP1/H4C11/LIG3/PMS2/CHEK2/TP53/XRCC5/REV3L/TERF1/PRPF19/RNF8/POLR2J/APEX1/H2BC4/UNG/PCLAF/FIGNL1/KDM4A/CUL4A/ATM/H2BC8/TDP2/MSH6/PARP1/POLR2G/UBE2N/BRCC3/MLH1/POT1/ACTR5/MDC1/COPS7A/ACTR8/DTL/BRCA2/BRCA1/RAD23B/XAB2/GTF2H2"
"REACTOME_ADHERENS_JUNCTIONS_INTERACTIONS","REACTOME_ADHERENS_JUNCTIONS_INTERACTIONS",55,-0.569149344800033,-1.81454383073373,0.000279406636339667,0.00315735424023298,0.0023184011616443,3995,"tags=44%, list=22%, signal=34%","CDH2/CDH3/ADAM19/ANGPTL4/CTNND1/ILF3/JUP/CDH19/CADM1/AGO4/BHLHE22/CDH7/CDH24/SOX10/CADM3/CDH10/PVR/AFDN/TNRC6A/ZEB2/CDH11/CDH1/CDH9/CDH6"
"REACTOME_MITOTIC_SPINDLE_CHECKPOINT","REACTOME_MITOTIC_SPINDLE_CHECKPOINT",110,0.418562284585456,1.70957203630461,0.000281118368703599,0.00315735424023298,0.0023184011616443,4813,"tags=44%, list=27%, signal=32%","INCENP/CDC20/NUP37/BIRC5/CENPE/CDC26/PPP2R5A/MAD2L1/KIF2A/CKAP5/CDC27/BUB1B/BUB3/ANAPC15/PPP1CC/KIF18A/NUDC/KNL1/AHCTF1/RANGAP1/ERCC6L/XPO1/CENPA/CDCA8/SEH1L/SGO2/NUP160/UBE2S/PLK1/PPP2R5E/CENPL/NSL1/SPC24/SGO1/KIF2C/PPP2R5C/CENPF/NDC80/MAD1L1/ZWINT/ANAPC1/ITGB3BP/DYNC1H1/BUB1/NUP43/ZWILCH/CDC23/UBE2C"
"REACTOME_CELL_CELL_JUNCTION_ORGANIZATION","REACTOME_CELL_CELL_JUNCTION_ORGANIZATION",80,-0.528870383701295,-1.79397206379956,0.00029819857377145,0.00332173657176558,0.00243910481393731,3995,"tags=42%, list=22%, signal=33%","CDH2/CDH3/ADAM19/CLDN23/CLDN7/ANGPTL4/CTNND1/ILF3/JUP/CDH19/CADM1/CLDN4/CLDN9/CLDN16/AGO4/BHLHE22/CDH7/CDH24/SOX10/CADM3/CLDN1/PARD6G/CDH10/CLDN6/PVR/AFDN/TNRC6A/ZEB2/CLDN3/CDH11/SDK2/CDH1/CDH9/CDH6"
"REACTOME_METABOLISM_OF_NUCLEOTIDES","REACTOME_METABOLISM_OF_NUCLEOTIDES",92,0.434150688296029,1.72385542547262,0.000310193774690805,0.00337242671843843,0.00247632588132112,3301,"tags=34%, list=18%, signal=28%","RRM2B/GDA/ADK/NME2/GART/TXN/NME1/NT5E/GMPS/ADSL/ATIC/NUDT9/AMPD3/DPYD/HPRT1/ADPRM/AK2/NT5C2/DCK/NT5M/AK5/CMPK1/GMPR/ADA/UMPS/AK4/UCK2/AMPD2/GLRX/RRM1/DHODH"
"REACTOME_FC_EPSILON_RECEPTOR_FCERI_SIGNALING","REACTOME_FC_EPSILON_RECEPTOR_FCERI_SIGNALING",118,0.409540963066587,1.68131188629707,0.000308186929087922,0.00337242671843843,0.00247632588132112,2791,"tags=30%, list=15%, signal=25%","PSMA5/PSMD14/PSMD13/PSMA6/PSMA7/UBB/PSMD8/PSMA1/PSMA2/FYN/ITPR2/PPP3CA/PSMB1/PSMA4/LCP2/PSMD1/ITPR1/PSMC2/SEM1/PSMB6/VAV1/PSMD7/PSMD6/PSMD3/RASGRP2/PSMC3/TXK/PSMA3/AHCYL1/RAC1/PSMB5/RPS27A/CARD11/BTRC/PSMC6"
"REACTOME_RHO_GTPASES_ACTIVATE_FORMINS","REACTOME_RHO_GTPASES_ACTIVATE_FORMINS",137,0.393988481828338,1.68054424862042,0.000309465802837443,0.00337242671843843,0.00247632588132112,4323,"tags=39%, list=24%, signal=30%","RHOC/INCENP/CDC20/NUP37/BIRC5/CENPE/ITGB1/PFN1/PPP2R5A/MAD2L1/RHOD/TUBA4A/KIF2A/CDC42/CKAP5/TUBA1B/RHOA/BUB1B/BUB3/PPP1CC/KIF18A/NUDC/KNL1/AHCTF1/RANGAP1/ERCC6L/XPO1/TUBB8/RAC1/CENPA/CDCA8/SEH1L/TUBAL3/SGO2/NUP160/PLK1/PPP2R5E/CENPL/NSL1/SCAI/SRF/TUBA1C/TUBA3D/SPC24/SGO1/KIF2C/PPP2R5C/CENPF/SRGAP2/NDC80/MAD1L1/ZWINT/ITGB3BP/DYNC1H1"
"REACTOME_IRS_MEDIATED_SIGNALLING","REACTOME_IRS_MEDIATED_SIGNALLING",46,-0.610676107740179,-1.87958993562702,0.000324963716507163,0.00350496579947011,0.00257364747910435,2206,"tags=26%, list=12%, signal=23%","PDPK1/FLT3/FGF2/TLR9/FGF17/FGF10/FGF19/FGFR1/FGFR2/FGF8/FGF4/FGFR3"
"REACTOME_SNRNP_ASSEMBLY","REACTOME_SNRNP_ASSEMBLY",54,0.50645608024312,1.8271904935248,0.000399521127007956,0.00427519064254971,0.00313921283384619,4021,"tags=41%, list=22%, signal=32%","SNRPG/GEMIN6/NUP37/SNRPF/SNRPB/NCBP1/SNRPD2/NUP35/NUP155/NUP210/SNRPE/SEH1L/SNUPN/NUP160/NUP88/PHAX/SNRPD1/PRMT5/NUP93/TPR/NUP205/TGS1"
"REACTOME_ISG15_ANTIVIRAL_MECHANISM","REACTOME_ISG15_ANTIVIRAL_MECHANISM",74,0.452512913792451,1.74717104471114,0.000453135311315225,0.00481102256310461,0.00353266673624041,5545,"tags=50%, list=31%, signal=35%","JAK1/KPNA2/NUP37/UBB/STAT1/KPNA3/EIF4A2/BECN1/KPNA4/NUP35/EIF4E/EIF4A1/HERC5/NUP155/NUP210/RPS27A/SEH1L/IRF3/NUP160/NUP88/NUP93/TPR/NUP205/EIF4G1/EIF4E2/UBE2N/EIF4A3/PPM1B/MX2/NUP43/EIF2AK2/IFIT1/SEC13/NUP98/UBA52/KPNA5/EIF4G3"
"REACTOME_DISEASES_ASSOCIATED_WITH_O_GLYCOSYLATION_OF_PROTEINS","REACTOME_DISEASES_ASSOCIATED_WITH_O_GLYCOSYLATION_OF_PROTEINS",61,-0.548233907008763,-1.78356204299805,0.000458186374651134,0.00482694017946427,0.00354435481982273,3987,"tags=48%, list=22%, signal=37%","ADAMTS9/SEMA5A/ADAMTSL4/THSD4/MUC20/LFNG/ADAMTS16/GALNT12/SPON1/POMGNT1/ADAMTS19/NOTCH2/ADAMTS4/ADAMTS7/ADAMTS2/B3GLCT/MUC16/THBS2/SSPOP/SPON2/SEMA5B/ADAMTS13/MUC15/ADAMTSL5/MUC4/THSD7A/MUC1/POMT1/NOTCH3"
"REACTOME_MITOCHONDRIAL_PROTEIN_IMPORT","REACTOME_MITOCHONDRIAL_PROTEIN_IMPORT",64,0.480536322498445,1.79218057656919,0.000468263942875251,0.00489515921821128,0.00359444710806266,4102,"tags=53%, list=23%, signal=41%","HSPD1/TOMM5/VDAC1/COQ2/TOMM7/TIMM21/TOMM70/CHCHD3/TOMM22/SAMM50/TOMM6/ATP5F1A/COX17/TIMM9/HSCB/PMPCA/CHCHD10/PITRM1/ATP5MC1/DNAJC19/COA6/IDH3G/TIMM50/CYC1/TIMM13/CMC4/TIMM23/ACO2/ATP5F1B/MTX2/TIMM17B/SLC25A12/CHCHD4/GRPEL2"
"REACTOME_NGF_STIMULATED_TRANSCRIPTION","REACTOME_NGF_STIMULATED_TRANSCRIPTION",39,-0.625244118814809,-1.85761474474762,0.000483688329503251,0.00501780488393067,0.0036845041090324,1842,"tags=49%, list=10%, signal=44%","RRAD/TPH1/CHD4/F3/EGR2/FOSB/ID2/NAB1/FOS/EGR4/JUND/TRIB1/REST/JUNB/NAB2/ID1/EGR1/EGR3/ID4"
"REACTOME_MITOCHONDRIAL_IRON_SULFUR_CLUSTER_BIOGENESIS","REACTOME_MITOCHONDRIAL_IRON_SULFUR_CLUSTER_BIOGENESIS",13,0.769885059830393,1.93089593597126,0.000517280022563713,0.00532563295957641,0.00391053796962042,3185,"tags=62%, list=18%, signal=51%","SLC25A28/NFS1/GLRX5/LYRM4/ISCU/HSCB/ISCA2/FDXR"
"REACTOME_SARS_COV_1_HOST_INTERACTIONS","REACTOME_SARS_COV_1_HOST_INTERACTIONS",96,0.422465903339713,1.69741109345995,0.000558589644715269,0.00570769418923347,0.00419108019936743,3021,"tags=33%, list=17%, signal=28%","NPM1/RPS29/KPNA2/RPS3A/RPS14/RPS21/PPIA/PPIH/RPS18/UBB/RPS7/EEF1A1/RPS15A/RPS24/RPS5/TOMM70/YWHAE/ITCH/PPIB/RPS6/YWHAQ/PYCARD/RPS9/RPS13/RPS25/RPS17/RPS27A/IRF3/IKBKE/PSMC6/RPS10/RPS27L"
"REACTOME_STIMULI_SENSING_CHANNELS","REACTOME_STIMULI_SENSING_CHANNELS",99,-0.485248857322436,-1.70741487644268,0.000620629864958829,0.00629429840656007,0.00462181549081673,2751,"tags=30%, list=15%, signal=26%","TPCN2/TRPM4/ASIC3/WNK2/SCNN1D/ANO2/TRPM3/ASIC2/STOM/ANO7/TRPC1/TRPV3/CLIC2/TRPC4AP/TRPC4/CLCN7/ASPH/CLCN6/TRPC6/UNC80/CLCN2/RYR3/TRPM1/MCOLN3/SCNN1B/CLCNKB/TTYH1/CLCNKA/SCNN1A/SCNN1G"
"REACTOME_INTERLEUKIN_1_SIGNALING","REACTOME_INTERLEUKIN_1_SIGNALING",97,0.422277192296467,1.69356728496404,0.000632421476798725,0.00636637619977383,0.00467474120861747,4230,"tags=45%, list=23%, signal=35%","MAP2K1/PSMA5/PSMD14/PSMD13/PSMA6/PSMA7/UBB/PSMD8/PSMA1/PSMA2/PSMB1/PSMA4/PSMD1/NFKBIB/PSMC2/HMGB1/SEM1/PSMB6/PSMD7/PSMD6/PSMD3/APP/RBX1/PSMC3/PSMA3/IKBIP/PSMB5/RPS27A/BTRC/TIFA/PSMC6/MAP2K6/ADRM1/TP53/TAB2/CHUK/PSMC4/PSMB2/RIPK2/IRAK4/PSMB3/PSMB7/CUL1/UBE2N"
"REACTOME_TP53_REGULATES_TRANSCRIPTION_OF_ADDITIONAL_CELL_CYCLE_GENES_WHOSE_EXACT_ROLE_IN_THE_P53_PATHWAY_REMAIN_UNCERTAIN","REACTOME_TP53_REGULATES_TRANSCRIPTION_OF_ADDITIONAL_CELL_CYCLE_GENES_WHOSE_EXACT_ROLE_IN_THE_P53_PATHWAY_REMAIN_UNCERTAIN",20,0.675579499577774,1.92640925188795,0.000690967411995684,0.00690459347722158,0.00506994664529341,3871,"tags=55%, list=21%, signal=43%","BTG2/NPM1/PLK3/CNOT2/CNOT11/RGCC/CNOT6L/CNOT7/TP53/CNOT10/CNOT9"
"REACTOME_MRNA_SPLICING_MINOR_PATHWAY","REACTOME_MRNA_SPLICING_MINOR_PATHWAY",50,0.519253158521824,1.85031424467469,0.000735511712386023,0.00720710647738327,0.00529207772011877,4567,"tags=50%, list=25%, signal=37%","SNRPG/POLR2L/SF3B3/YBX1/SNRPF/SNRPB/NCBP1/SNRPD2/POLR2D/POLR2F/POLR2H/SNRPE/ZMAT5/PDCD7/DDX23/SF3B2/RNPC3/SNRPD1/POLR2J/SRSF1/SF3B1/POLR2G/TXNL4A/SF3B4/SF3B5"
"REACTOME_DNA_DAMAGE_RECOGNITION_IN_GG_NER","REACTOME_DNA_DAMAGE_RECOGNITION_IN_GG_NER",38,0.547227572281146,1.83264947666874,0.000737150699305573,0.00720710647738327,0.00529207772011877,4956,"tags=55%, list=27%, signal=40%","RUVBL1/UBB/INO80E/COPS3/XPC/COPS7B/ACTL6A/RBX1/COPS5/RAD23A/RPS27A/COPS2/CUL4A/PARP1/ACTR5/COPS7A/ACTR8/RAD23B/DDB2/COPS4/GPS1"
"REACTOME_KIDNEY_DEVELOPMENT","REACTOME_KIDNEY_DEVELOPMENT",40,-0.612060381301122,-1.83015580847228,0.000729764604399637,0.00720710647738327,0.00529207772011877,748,"tags=25%, list=4%, signal=24%","JAG1/IRX2/DLL1/IRX1/SALL1/FOXC1/RET/MECOM/WNT4/ID4"
"REACTOME_DISORDERS_OF_TRANSMEMBRANE_TRANSPORTERS","REACTOME_DISORDERS_OF_TRANSMEMBRANE_TRANSPORTERS",153,0.354847456846268,1.52215755134407,0.000771642932003136,0.00749044817565901,0.005500131575481,3349,"tags=33%, list=19%, signal=27%","HK1/PSMA5/PSMD14/NUP37/PSMD13/PSMA6/SLC9A9/PSMA7/UBB/PSMD8/PSMA1/PSMA2/PSMB1/PSMA4/GCK/SLC39A4/SLC35C1/PSMD1/NUP35/PSMC2/SLC33A1/SEM1/PSMB6/PSMD7/PSMD6/PSMD3/LMBRD1/PSMC3/SLC22A5/PSMA3/CP/AVPR1A/NUP155/ABCB11/PSMB5/NUP210/ABCB4/AVP/RPS27A/SEH1L/PSMC6/NUP160/SLC5A1/SLC35A1/NUP88/SLC2A1/ADRM1/SLC7A7/SLC5A2/ABCC2"
"REACTOME_INTERLEUKIN_1_FAMILY_SIGNALING","REACTOME_INTERLEUKIN_1_FAMILY_SIGNALING",124,0.386183329876721,1.60144451935797,0.000811259619547631,0.00781916186500163,0.00574150145077383,2852,"tags=32%, list=16%, signal=27%","MAP2K1/PSMA5/GSDMD/PSMD14/PSMD13/PSMA6/PSMA7/UBB/PTPN12/PSMD8/PSMA1/PSMA2/PSMB1/PSMA4/PTPN20/PSMD1/NFKBIB/PSMC2/HMGB1/SEM1/PSMB6/IL1RL2/PSMD7/PSMD6/PSMD3/APP/RBX1/PSMC3/PSMA3/IKBIP/PTPN23/PTPN6/PSMB5/RPS27A/BTRC/TIFA/IL18/PSMC6/MAP2K6/STAT3"
"REACTOME_ELASTIC_FIBRE_FORMATION","REACTOME_ELASTIC_FIBRE_FORMATION",41,-0.597628416579076,-1.7905052146469,0.000847050364945285,0.00810662990113129,0.00595258521844426,3560,"tags=44%, list=20%, signal=35%","ITGB3/BMP4/LTBP2/FBLN1/GDF5/LTBP4/EMILIN2/EFEMP2/LOXL3/FBLN5/BMP2/LTBP1/FN1/ITGB8/FBN3/FBN2/BMP7/TGFB2"
"REACTOME_GERM_LAYER_FORMATION_AT_GASTRULATION","REACTOME_GERM_LAYER_FORMATION_AT_GASTRULATION",17,-0.74542637581426,-1.85170488322915,0.000890028996471584,0.0084583874559782,0.00621087588262835,3304,"tags=71%, list=18%, signal=58%","BMP4/EOMES/TBXT/SMAD3/SMAD4/NANOG/TRIM33/SOX2/GSC/FOXH1/LEF1/MIXL1"
"REACTOME_NCAM1_INTERACTIONS","REACTOME_NCAM1_INTERACTIONS",41,-0.594783451556947,-1.78198164955813,0.000946701127001122,0.00893449188607309,0.00656047272220076,2972,"tags=41%, list=16%, signal=35%","ST8SIA2/AGRN/CACNA1H/COL4A5/COL4A1/COL6A6/COL5A3/COL5A1/CACNA1S/COL9A3/NCAN/CACNB3/COL4A2/CACNA1G/CACNB1/COL6A1/COL9A2"
"REACTOME_GENE_SILENCING_BY_RNA","REACTOME_GENE_SILENCING_BY_RNA",123,0.387240526319243,1.60651146775402,0.00098313745508422,0.00921437104454796,0.00676598408290265,4010,"tags=35%, list=22%, signal=27%","DROSHA/POLR2L/NUP37/IPO8/TDRD1/TSN/H3C7/H4C2/H3C12/POLR2D/NUP35/RAN/PIWIL2/POLR2F/H3C3/MOV10L1/ELAC2/HSP90AA1/POLR2H/H2AC7/NUP155/DICER1/H4C3/PRKRA/H2BC6/NUP210/H2BC13/SEH1L/H3C13/H2BC21/NUP160/FKBP6/PLD6/NUP88/MYBL1/H4C11/AGO3/POLR2J/NUP93/H2BC4/TPR/NUP205/H2BC8"
"REACTOME_REGULATION_OF_HSF1_MEDIATED_HEAT_SHOCK_RESPONSE","REACTOME_REGULATION_OF_HSF1_MEDIATED_HEAT_SHOCK_RESPONSE",80,0.443723857426237,1.75217657750278,0.00100261212531238,0.0093325334130104,0.00685274906125546,3975,"tags=36%, list=22%, signal=28%","HSPA14/FKBP4/HIKESHI/HSPA4/RPA3/NUP37/UBB/TNFRSF21/RPS19BP1/BAG3/YWHAE/NUP35/DNAJB6/ATR/NUP155/HSPA6/NUP210/HSPA12A/SEH1L/HSPH1/NUP160/NUP88/GSK3B/HSPA4L/NUP93/HSPA1A/TPR/NUP205/ATM"
"REACTOME_RNA_POLYMERASE_II_TRANSCRIPTION_TERMINATION","REACTOME_RNA_POLYMERASE_II_TRANSCRIPTION_TERMINATION",67,0.460830369354459,1.74338745452862,0.00101756412483223,0.00940727650100001,0.00690763186781923,2966,"tags=33%, list=16%, signal=28%","SNRPG/THOC2/THOC1/DDX39A/SNRPF/SNRPB/U2AF1/NCBP1/LSM11/CSTF3/SARNP/WDR33/ALYREF/CLP1/LSM10/CPSF6/SRSF4/PAPOLA/SNRPE/CDC40/SRSF11/THOC7"
"REACTOME_TELOMERE_MAINTENANCE","REACTOME_TELOMERE_MAINTENANCE",100,0.414109094160195,1.69542712961059,0.00112322711783116,0.0103130242216179,0.00757270978048391,4615,"tags=44%, list=26%, signal=33%","RPA3/POLR2L/RUVBL2/NOP10/RUVBL1/GAR1/RFC1/H4C2/POLR2D/TERF2/ACD/DKC1/STN1/POLR2F/WRN/PRIM2/BLM/CCNA2/PCNA/POLR2H/H2AC7/POLD2/RFC4/H4C3/SHQ1/H2BC6/PRIM1/H2BC13/PIF1/NHP2/H2BC21/DSCC1/H4C11/TERF1/POLR2J/H2BC4/H2BC8/POLR2G/WRAP53/POT1/ATRX/H4C16/H2AC14/TERT"
"REACTOME_C_TYPE_LECTIN_RECEPTORS_CLRS","REACTOME_C_TYPE_LECTIN_RECEPTORS_CLRS",115,0.389241816097227,1.60024199474031,0.00113071420825685,0.0103130242216179,0.00757270978048391,4230,"tags=44%, list=23%, signal=34%","ICAM3/PSMA5/PSMD14/PSMD13/PRKACB/PSMA6/PSMA7/UBB/ICAM2/PSMD8/PSMA1/PSMA2/FYN/ITPR2/PPP3CA/PSMB1/PSMA4/PSMD1/ITPR1/PSMC2/SEM1/PSMB6/PSMD7/UBA3/PSMD6/PSMD3/MUC12/PSMC3/PYCARD/PSMA3/AHCYL1/PSMB5/RPS27A/CARD11/BTRC/PSMC6/MUC3A/UBE2M/ADRM1/CLEC4A/PRKACA/TAB2/CHUK/PSMC4/PSMB2/RAF1/PPP3CB/PSMB3/PSMB7/CUL1/UBE2N"
"REACTOME_ADIPOGENESIS","REACTOME_ADIPOGENESIS",105,-0.462310078824284,-1.64297399281873,0.00131619621006617,0.0119247376631995,0.00875616847117707,2412,"tags=26%, list=13%, signal=22%","CHD4/ZNF467/RXRA/MED17/NCOA2/MED24/SMAD4/EGR2/MBD3/TBL1XR1/NCOA6/MED13L/SMARCD3/MED29/CREBBP/NCOA1/EBF2/CEBPA/TBL1X/NR2F2/KLF4/WNT10B/SREBF1/BMP7/MTA3/PRDM16/MED14"
"REACTOME_METHYLATION","REACTOME_METHYLATION",11,0.765156728751222,1.85006305228631,0.00142262852261493,0.0126429887675293,0.00928357023478391,2029,"tags=64%, list=11%, signal=57%","MAT1A/COMT/TPMT/TRMT112/MAT2A/AHCY/MAT2B"
"REACTOME_INTEGRIN_CELL_SURFACE_INTERACTIONS","REACTOME_INTEGRIN_CELL_SURFACE_INTERACTIONS",79,-0.506332927190638,-1.71353347160983,0.00142044862344912,0.0126429887675293,0.00928357023478391,2776,"tags=37%, list=15%, signal=31%","ITGA9/AGRN/COL16A1/COL4A6/ITGA11/COL1A1/ITGAL/COL4A5/COL1A2/COL4A1/PECAM1/COL13A1/BSG/COL7A1/ITGAX/COL6A6/COL5A3/COL5A1/MADCAM1/ITGA7/COL9A3/COL4A2/FN1/ITGB8/VCAM1/COL6A1/COL9A2/CDH1/VWF"
"REACTOME_G2_M_DNA_DAMAGE_CHECKPOINT","REACTOME_G2_M_DNA_DAMAGE_CHECKPOINT",88,0.42017047151664,1.67076357216261,0.00142338284137747,0.0126429887675293,0.00928357023478391,4384,"tags=38%, list=24%, signal=29%","UIMC1/RPA3/CDK1/H4C2/YWHAE/WRN/ATR/BLM/CCNA2/CCNB1/YWHAQ/RFC4/ABRAXAS1/MRE11/H4C3/H2BC6/H2BC13/UBE2V2/CHEK1/H2BC21/PIAS4/H4C11/CHEK2/TP53/RNF8/H2BC4/ATM/H2BC8/YWHAB/UBE2N/BRCC3/MDC1/BRCA1"
"REACTOME_PROTEIN_LOCALIZATION","REACTOME_PROTEIN_LOCALIZATION",160,0.359109293532361,1.543985006003,0.00143992009612488,0.0127068273417774,0.00933044600906624,4379,"tags=40%, list=24%, signal=31%","PEX2/HSPD1/TOMM5/UBB/CYB5A/VDAC1/LONP2/COQ2/TOMM7/TIMM21/FIS1/TOMM70/CAMLG/CHCHD3/TOMM22/SAMM50/UBE2D3/TOMM6/ATP5F1A/APP/COX17/HSD17B4/GNPAT/VAPA/AGPS/TIMM9/PIPOX/HSCB/PMPCA/CHCHD10/SLC25A17/PITRM1/SEC61G/ATP5MC1/RPS27A/DNAJC19/PEX1/COA6/ZFAND6/GET3/IDH3G/TIMM50/CYC1/TIMM13/ABCD3/CMC4/TIMM23/ACO2/GET1/ATP5F1B/MPV17/ABCD2/MTX2/ECH1/IDE/STX1A/TIMM17B/SLC25A12/CHCHD4/GRPEL2/ACOX3/SLC25A13/SERP1/UBL4A"
"REACTOME_MOLECULES_ASSOCIATED_WITH_ELASTIC_FIBRES","REACTOME_MOLECULES_ASSOCIATED_WITH_ELASTIC_FIBRES",34,-0.623402336007033,-1.798121294629,0.00146083575757074,0.0128082309325073,0.00940490525077798,3560,"tags=50%, list=20%, signal=40%","ITGB3/BMP4/LTBP2/FBLN1/GDF5/LTBP4/EMILIN2/EFEMP2/FBLN5/BMP2/LTBP1/FN1/ITGB8/FBN3/FBN2/BMP7/TGFB2"
"REACTOME_ROLE_OF_SECOND_MESSENGERS_IN_NETRIN_1_SIGNALING","REACTOME_ROLE_OF_SECOND_MESSENGERS_IN_NETRIN_1_SIGNALING",10,-0.818326077950501,-1.76852306220296,0.00149633314309147,0.0130353637273161,0.0095716856926499,2144,"tags=50%, list=12%, signal=44%","PITPNA/TRPC1/TRPC4/NTN1/TRPC6"
"REACTOME_RUNX1_REGULATES_TRANSCRIPTION_OF_GENES_INVOLVED_IN_DIFFERENTIATION_OF_HSCS","REACTOME_RUNX1_REGULATES_TRANSCRIPTION_OF_GENES_INVOLVED_IN_DIFFERENTIATION_OF_HSCS",102,0.389512593044294,1.58867897823669,0.00155910064109446,0.0134956545939323,0.00990967085321857,3255,"tags=37%, list=18%, signal=31%","PSMA5/PSMD14/PSMD13/PSMA6/PSMA7/UBB/PSMD8/PSMA1/H3C7/PSMA2/H4C2/PSMB1/PSMA4/H3C12/PSMD1/PSMC2/ITCH/SEM1/PSMB6/PSMD7/PSMD6/H3C3/PSMD3/PSMC3/H2AC7/PSMA3/H4C3/LMO2/H2BC6/PSMB5/H2BC13/RPS27A/H3C13/PSMC6/H2BC21/SPI1/ADRM1/H4C11"
"REACTOME_CELL_JUNCTION_ORGANIZATION","REACTOME_CELL_JUNCTION_ORGANIZATION",105,-0.457537062994364,-1.62601147948609,0.00158680878519399,0.0136485641713837,0.0100219502222778,2279,"tags=34%, list=13%, signal=30%","ADAM19/CLDN23/CLDN7/ANGPTL4/COL17A1/CTNND1/ILF3/JUP/CDH19/CADM1/CLDN4/CLDN9/TESK1/CLDN16/AGO4/BHLHE22/CDH7/CD151/CDH24/SOX10/CADM3/PLEC/CLDN1/PARD6G/CDH10/CLDN6/PVR/AFDN/TNRC6A/ZEB2/CLDN3/CDH11/SDK2/CDH1/CDH9/CDH6"
"REACTOME_DEVELOPMENTAL_LINEAGE_OF_MULTIPOTENT_PANCREATIC_PROGENITOR_CELLS","REACTOME_DEVELOPMENTAL_LINEAGE_OF_MULTIPOTENT_PANCREATIC_PROGENITOR_CELLS",16,-0.726451252649691,-1.78637445328672,0.00177059461838577,0.0151335728703538,0.0111123713884787,1931,"tags=44%, list=11%, signal=39%","CXCR4/FGF2/SOX9/ONECUT1/FGF10/FGF4/HHEX"
"REACTOME_SIGNALING_BY_NTRKS","REACTOME_SIGNALING_BY_NTRKS",134,-0.439920460624102,-1.59944499376144,0.00179448754202046,0.0152419285600363,0.0111919354594434,1890,"tags=21%, list=10%, signal=19%","DNM1/EGR2/FOSB/DOCK3/ID2/NAB1/MAPKAPK2/MAPK7/NGF/PTPRS/FOS/NTF3/TIAM1/EGR4/NTRK3/SRC/JUND/MEF2A/TRIB1/REST/JUNB/NAB2/ID1/ADCYAP1/EGR1/EGR3/SHC2/ID4"
"REACTOME_DEVELOPMENTAL_CELL_LINEAGES","REACTOME_DEVELOPMENTAL_CELL_LINEAGES",93,-0.472015607302913,-1.65771764241601,0.00188706246006672,0.0158303573038931,0.0116240104752648,2185,"tags=27%, list=12%, signal=24%","PDIA2/CA2/COL1A1/FGF2/COL1A2/LRIG1/SOX9/LAMA1/GNMT/REG1A/PTF1A/ONECUT1/SPINK1/KLK7/COL5A3/COL5A1/FGF10/KRT7/DLL1/FN1/COL27A1/LAMA5/FGF4/LAMB1/HHEX"
"REACTOME_NEDDYLATION","REACTOME_NEDDYLATION",223,0.321057043703533,1.43908195088506,0.00187902466233225,0.0158303573038931,0.0116240104752648,4384,"tags=36%, list=24%, signal=28%","CDKN1A/PSMA5/DCUN1D5/PSMD14/DCAF13/ZBTB16/COMMD6/BIRC5/PSMD13/FBXL5/UFD1/PSMA6/PSMA7/UBB/PSMD8/PSMA1/PSMA2/LMO7/COMMD10/ASB1/COPS3/PSMB1/PSMA4/PSMD1/CAND1/PSMC2/SEM1/PSMB6/UBE2D3/PSMD7/UBA3/PSMD6/PSMD3/COPS7B/CUL3/RBX1/ASB3/PSMC3/GAN/ASB12/PSMA3/ELOB/COPS5/DCAF10/NEDD8/LRR1/PSMB5/RPS27A/ASB13/FBXW7/COPS2/BTRC/PSMC6/DCAF17/UBE2F/UCHL3/ASB4/UBE2M/WDR5/ADRM1/CCNF/FBXL4/FEM1C/COMMD1/FBXO22/RBBP5/PSMC4/CUL2/PSMB2/KBTBD8/CUL4A/KBTBD6/ASB9/PSMB3/PSMB7/CUL1/FBXW2/COPS7A/DTL/KLHL42/BRCA1"
"REACTOME_HCMV_EARLY_EVENTS","REACTOME_HCMV_EARLY_EVENTS",123,0.376351809010546,1.56133838271609,0.00191700053145691,0.0159828449217788,0.0117359800053029,5288,"tags=44%, list=29%, signal=31%","H2AC12/NUP37/ITGB1/H2AC13/H3C7/H4C2/TUBA4A/H3C12/TUBA1B/EED/NUP35/H3C3/GPS2/NCOR1/H2AC7/NUP155/H4C3/TUBB8/PML/H2BC6/NUP210/H2BC13/CBX1/SEH1L/CREB1/TUBAL3/H3C13/H2BC21/NUP160/NUP88/HDAC3/H4C11/TUBA1C/NCOR2/NUP93/H2BC4/TUBA3D/TPR/NUP205/H2BC8/DYNC1H1/TRIM28/H4C16/H2AC14/NUP43/H2AC16/H3C1/TUBA4B/H2AC25/NFKB1/SEC13/H2AC6/NUP98/H3C11"
"REACTOME_FORMATION_OF_DEFINITIVE_ENDODERM","REACTOME_FORMATION_OF_DEFINITIVE_ENDODERM",14,-0.742450651795257,-1.77712896012172,0.00193883367600164,0.0160663107663794,0.0117972678103309,3232,"tags=57%, list=18%, signal=47%","EOMES/CXCR4/TBXT/SMAD3/SMAD4/GSC/MIXL1/CDH1"
"REACTOME_NEPHRON_DEVELOPMENT","REACTOME_NEPHRON_DEVELOPMENT",13,-0.779324110581187,-1.81972491513266,0.00197541544347337,0.0162702399253352,0.0119470101461739,748,"tags=38%, list=4%, signal=37%","JAG1/IRX2/DLL1/IRX1/WNT4"
"REACTOME_CELLULAR_RESPONSE_TO_CHEMICAL_STRESS","REACTOME_CELLULAR_RESPONSE_TO_CHEMICAL_STRESS",186,0.332711672817253,1.44113391576782,0.00200752847212441,0.016435127672392,0.0120680849180339,3018,"tags=28%, list=17%, signal=24%","SOD1/TKT/TXN/CDKN1A/PSMA5/AREG/PRDX3/PSMD14/CYBA/COX7C/MYC/PSMD13/SESN1/UFD1/PSMA6/PSMA7/UBB/PSMD8/PSMA1/PSMA2/PSMB1/PSMA4/GPX1/PSMD1/PRKCI/PSMC2/SEM1/PSMB6/PSMD7/PSMD6/PSMD3/CUL3/RBX1/NCOR1/PSMC3/GPX8/COX7B/PRDX5/NUDT2/CSNK2A1/PSMA3/PSMB5/RPS27A/BTRC/PSMC6/NCF2/STAT3/HM13/COX6A2/NCF1/TRIM21/COX5A"
"REACTOME_TP53_REGULATES_TRANSCRIPTION_OF_CELL_CYCLE_GENES","REACTOME_TP53_REGULATES_TRANSCRIPTION_OF_CELL_CYCLE_GENES",48,0.491648603552395,1.72130129938805,0.00209212281234769,0.017025119173536,0.0125013074447249,3490,"tags=38%, list=19%, signal=30%","BTG2/NPM1/CDKN1A/CDK1/PLK3/GADD45A/PRMT1/CCNE1/CCNA2/PCNA/CCNB1/CNOT2/CNOT11/RGCC/CNOT6L/CNOT7/TP53/CNOT10"
"REACTOME_AEROBIC_RESPIRATION_AND_RESPIRATORY_ELECTRON_TRANSPORT","REACTOME_AEROBIC_RESPIRATION_AND_RESPIRATORY_ELECTRON_TRANSPORT",254,0.308427452277663,1.3986493188568,0.00226612475914978,0.0183313306409795,0.0134604402987092,4464,"tags=42%, list=25%, signal=32%","ATP5F1E/PKM/NFS1/ATP5MF/DMAC1/UQCRQ/CMC1/SCO1/COX7C/NDUFAF6/TMEM126B/L2HGDH/ETFA/ECSIT/NDUFAF2/UBB/SDHAF4/VDAC1/LETM1/UQCRH/TRAP1/NDUFA13/SDHB/GLO1/TIMM21/LYRM7/NDUFB6/ME2/UQCRFS1/SUCLG2/NDUFS5/ATP5F1A/NDUFA1/NDUFAF5/COX17/ETFDH/LYRM4/NDUFS6/SMIM20/ISCU/DLAT/COX7B/PGAM5/NDUFAF4/HSCB/UQCC5/ATP5PO/TIMMDC1/TMEM186/LDHB/NDUFC2/NDUFAF1/MKLN1/ATP5MC1/OXA1L/RPS27A/ISCA2/SDHAF1/ATP5F1C/NDUFB1/ACAT1/RAB5IF/COX6A2/COA1/NDUFB2/IDH3G/NDUFA12/PYURF/COX5A/ATP5ME/RMND5B/ATP5MK/RMND5A/UQCRHL/CYC1/NDUFB4/SUCLA2/PDP2/ACO2/NDUFS4/ATP5F1B/NDUFB11/UQCR11/TMEM126A/TTC19/NDUFA4/UQCC1/ATP5MC3/PDK4/TMEM177/MDH2/ATP5MJ/SLC25A12/TACO1/ATP5MG/UQCRB/NDUFB7/NEK1/HCCS/SLC25A13/FH/HIGD1A/COX16/GOT2/NDUFB9/COX7A2"
"REACTOME_ACTIVATION_OF_GENE_EXPRESSION_BY_SREBF_SREBP","REACTOME_ACTIVATION_OF_GENE_EXPRESSION_BY_SREBF_SREBP",42,-0.576248666999979,-1.73293284264914,0.00233193701176104,0.0187520852010843,0.0137693945010867,4349,"tags=67%, list=24%, signal=51%","MTF1/LSS/FDPS/GPAM/CHD9/HMGCR/DHCR7/FASN/SC5D/HMGCS1/SREBF2/PPARA/IDI1/CYP51A1/SQLE/ACACB/MVK/NFYA/RXRA/NCOA2/TBL1XR1/NCOA6/SMARCD3/CREBBP/TM7SF2/NCOA1/TBL1X/SREBF1"
"REACTOME_CHK1_CHK2_CDS1_MEDIATED_INACTIVATION_OF_CYCLIN_B_CDK1_COMPLEX","REACTOME_CHK1_CHK2_CDS1_MEDIATED_INACTIVATION_OF_CYCLIN_B_CDK1_COMPLEX",15,0.699692662068601,1.82701043200876,0.00253311346863949,0.0200145418830295,0.0146963988266232,4056,"tags=53%, list=23%, signal=41%","CDK1/YWHAE/CCNA2/CCNB1/YWHAQ/CHEK1/CHEK2/YWHAB"
"REACTOME_PI_3K_CASCADE_FGFR3","REACTOME_PI_3K_CASCADE_FGFR3",17,-0.715289530842575,-1.77684230147755,0.00251703559298954,0.0200145418830295,0.0146963988266232,1931,"tags=35%, list=11%, signal=32%","FGF1/FGF2/FGF17/FGF8/FGF4/FGFR3"
"REACTOME_RNA_POLYMERASE_II_TRANSCRIBES_SNRNA_GENES","REACTOME_RNA_POLYMERASE_II_TRANSCRIBES_SNRNA_GENES",74,0.419792799834585,1.6208373336846,0.00251886027248855,0.0200145418830295,0.0146963988266232,4753,"tags=42%, list=26%, signal=31%","INTS10/RPAP2/POLR2L/INTS8/INTS13/NCBP1/GTF2A2/POLR2D/CDK9/POLR2F/POLR2H/ZNF143/ICE2/GTF2E1/ICE1/PHAX/GTF2B/CCNK/POLR2J/GTF2E2/INTS3/TAF13/NABP1/POLR2G/SP1/SSU72/NABP2/SNAPC2/ELL2/SUPT4H1/ZC3H8"
"REACTOME_CELLULAR_RESPONSE_TO_HEAT_STRESS","REACTOME_CELLULAR_RESPONSE_TO_HEAT_STRESS",99,0.391978748969365,1.58947680932822,0.00263222947363287,0.0206774558073241,0.015183167271092,3975,"tags=33%, list=22%, signal=26%","HSPA14/FKBP4/HIKESHI/PTGES3/HSPA4/RPA3/NUP37/UBB/TNFRSF21/EEF1A1/RPS19BP1/BAG3/YWHAE/NUP35/DNAJB6/ATR/HSP90AA1/NUP155/HSPA6/NUP210/HSP90AB1/HSPA12A/SEH1L/HSPH1/NUP160/NUP88/GSK3B/HSPA4L/NUP93/HSPA1A/TPR/NUP205/ATM"
"REACTOME_EXTENSION_OF_TELOMERES","REACTOME_EXTENSION_OF_TELOMERES",51,0.488203077429731,1.75416357680158,0.00264884053700111,0.0206883579872673,0.0151911725896978,2720,"tags=41%, list=15%, signal=35%","RPA3/RUVBL2/NOP10/RUVBL1/GAR1/RFC1/TERF2/ACD/DKC1/STN1/WRN/PRIM2/BLM/CCNA2/PCNA/POLD2/RFC4/SHQ1/PRIM1/PIF1/NHP2"
"REACTOME_DEGRADATION_OF_BETA_CATENIN_BY_THE_DESTRUCTION_COMPLEX","REACTOME_DEGRADATION_OF_BETA_CATENIN_BY_THE_DESTRUCTION_COMPLEX",72,0.427687169600089,1.63947103809055,0.00273188338061246,0.0212150257957276,0.0155778974124548,2791,"tags=42%, list=15%, signal=35%","PSMA5/PSMD14/MYC/PSMD13/PSMA6/PSMA7/UBB/PSMD8/PSMA1/PPP2R5A/PSMA2/PSMB1/PSMA4/PSMD1/PSMC2/SEM1/PSMB6/PSMD7/PSMD6/PSMD3/RBX1/APC/PSMC3/CSNK1A1/HDAC1/PSMA3/PSMB5/RPS27A/BTRC/PSMC6"
"REACTOME_REGULATION_OF_FZD_BY_UBIQUITINATION","REACTOME_REGULATION_OF_FZD_BY_UBIQUITINATION",21,-0.682377488024849,-1.76942438123444,0.00285026351377551,0.0218842266396662,0.0160692822542919,133,"tags=24%, list=1%, signal=24%","FZD6/FZD5/FZD8/RSPO1/LGR4"
"REACTOME_ASSEMBLY_OF_COLLAGEN_FIBRILS_AND_OTHER_MULTIMERIC_STRUCTURES","REACTOME_ASSEMBLY_OF_COLLAGEN_FIBRILS_AND_OTHER_MULTIMERIC_STRUCTURES",57,-0.526075421842681,-1.68773934149772,0.00284251788829972,0.0218842266396662,0.0160692822542919,2465,"tags=37%, list=14%, signal=32%","COL4A6/CTSB/COL1A1/TLL2/COL4A5/COL1A2/CD151/COL4A1/LOXL3/PLEC/COL7A1/COL6A6/COL5A3/COL5A1/CTSV/COL9A3/COL4A2/COL6A1/BMP1/COL27A1/COL9A2"
"REACTOME_REGULATION_OF_GENE_EXPRESSION_BY_HYPOXIA_INDUCIBLE_FACTOR","REACTOME_REGULATION_OF_GENE_EXPRESSION_BY_HYPOXIA_INDUCIBLE_FACTOR",11,-0.770939971703301,-1.69768449334716,0.00297359998806026,0.0227029347403028,0.0166704481885342,1408,"tags=36%, list=8%, signal=34%","VEGFA/CREBBP/HIF3A/CITED2"
"REACTOME_EPH_EPHRIN_MEDIATED_REPULSION_OF_CELLS","REACTOME_EPH_EPHRIN_MEDIATED_REPULSION_OF_CELLS",51,-0.531887110431196,-1.68899088257749,0.00302160581077385,0.0228131238713426,0.0167513585299041,1890,"tags=27%, list=10%, signal=25%","DNM1/NCSTN/EFNB2/EFNB1/EPHA3/TIAM1/EPHA7/SRC/EFNB3/EPHB2/EPHB3/EFNA5/EFNA2/EPHA4"
"REACTOME_CELL_CELL_COMMUNICATION","REACTOME_CELL_CELL_COMMUNICATION",138,-0.427862691779217,-1.56196883100968,0.00300611506268174,0.0228131238713426,0.0167513585299041,2279,"tags=22%, list=13%, signal=20%","CLDN4/CLDN9/TESK1/CLDN16/WASL/AGO4/BHLHE22/CDH7/CD151/CDH24/SOX10/CADM3/PLEC/CLDN1/PARD6G/CDH10/ACTN3/CLDN6/SRC/PVR/AFDN/SIRPA/TNRC6A/SFTPD/ZEB2/CLDN3/CDH11/SDK2/CDH1/CDH9/CDH6"
"REACTOME_INTERCONVERSION_OF_NUCLEOTIDE_DI_AND_TRIPHOSPHATES","REACTOME_INTERCONVERSION_OF_NUCLEOTIDE_DI_AND_TRIPHOSPHATES",29,0.57734977536167,1.78050971580018,0.00323230245532884,0.0242690554518889,0.0178204287737816,3608,"tags=38%, list=20%, signal=30%","RRM2B/NME2/TXN/NME1/AK2/AK5/CMPK1/AK4/GLRX/RRM1/DUT"
"REACTOME_TRIGLYCERIDE_METABOLISM","REACTOME_TRIGLYCERIDE_METABOLISM",29,0.577037312353066,1.77954609990148,0.00328320381245939,0.0243726754954781,0.0178965155259,2254,"tags=34%, list=13%, signal=30%","GPAT2/LPIN2/PPP1CA/FABP6/PRKACB/GPD2/PNPLA5/PPP1CC/GK/LPIN1"
"REACTOME_SUMOYLATION_OF_DNA_REPLICATION_PROTEINS","REACTOME_SUMOYLATION_OF_DNA_REPLICATION_PROTEINS",46,0.494036122294545,1.72272116240345,0.0032999060273495,0.0243726754954781,0.0178965155259,3925,"tags=41%, list=22%, signal=32%","INCENP/TOP1/NUP37/BIRC5/TOP2B/NUP35/PCNA/RANGAP1/NUP155/NUP210/CDCA8/SEH1L/PIAS4/NUP160/NUP88/NUP93/TOP2A/TPR/NUP205"
"REACTOME_COLLAGEN_DEGRADATION","REACTOME_COLLAGEN_DEGRADATION",55,-0.526081643501053,-1.67723675586851,0.00327276512999981,0.0243726754954781,0.0178965155259,3809,"tags=44%, list=21%, signal=35%","COL23A1/MMP19/COL17A1/COL26A1/COL8A2/COL16A1/COL4A6/CTSB/PHYKPL/MMP15/COL1A1/COL4A5/COL1A2/COL4A1/COL13A1/COL7A1/COL6A6/COL5A3/COL5A1/COL9A3/COL4A2/COL6A1/COL9A2/MMP11"
"REACTOME_MEIOSIS","REACTOME_MEIOSIS",105,0.380321238586768,1.55234116738449,0.00335194088523333,0.0246231765569302,0.018080454959893,5965,"tags=51%, list=33%, signal=35%","DIDO1/SUN2/RPA3/PRDM9/RAD51C/H3C7/H4C2/H3C12/TERF2/ACD/H3C3/ATR/BLM/SMC1B/MLH3/H2AC7/MRE11/H4C3/H2BC6/FIRRM/H2BC13/H3C13/RAD21/H2BC21/FKBP6/H4C11/TERF1/H2BC4/MSH4/FIGNL1/ATM/H2BC8/SYCP3/MLH1/POT1/BRCA2/BRCA1/H4C16/H2AC14/H3C1/UBE2I/H2AC6/H3C11/STAG3/RPA1/TEX15/SYCP2/SMC1A/H2BC12L/LMNB1/RBBP8/H3C14/RPA2/H2BC5"
"REACTOME_DOWNSTREAM_SIGNALING_OF_ACTIVATED_FGFR1","REACTOME_DOWNSTREAM_SIGNALING_OF_ACTIVATED_FGFR1",29,-0.614980241178068,-1.72788168550765,0.00338526643134356,0.0247342853773973,0.0181620406163763,1931,"tags=38%, list=11%, signal=34%","GRB2/FGF3/FRS3/FGF1/FGF2/FGF17/FGF10/FGFR1/FGF8/FGF4/FLRT3"
"REACTOME_FGFR3_LIGAND_BINDING_AND_ACTIVATION","REACTOME_FGFR3_LIGAND_BINDING_AND_ACTIVATION",12,-0.753959818467838,-1.70141709973299,0.00340519067418732,0.0247468135092009,0.0181712398487452,1931,"tags=50%, list=11%, signal=45%","FGF1/FGF2/FGF17/FGF8/FGF4/FGFR3"
"REACTOME_SIGNALING_BY_ALK_IN_CANCER","REACTOME_SIGNALING_BY_ALK_IN_CANCER",87,0.396104630694562,1.5809303442589,0.00346740055888362,0.02506487957193,0.0184047913203901,2542,"tags=24%, list=14%, signal=21%","RRBP1/NPM1/CDKN1A/MSN/MDM2/WDCP/UBB/STAT1/PPFIBP1/LMO7/ATIC/RBX1/RPS6/MECP2/CCNB1/CEBPB/HDAC1/STRN/PTPN6/RPS27A/TPM3"
"REACTOME_CELLULAR_RESPONSE_TO_HYPOXIA","REACTOME_CELLULAR_RESPONSE_TO_HYPOXIA",62,0.448284921044462,1.66209246521907,0.00378054312240786,0.0271839053087422,0.0199607623505578,2791,"tags=44%, list=15%, signal=37%","PSMA5/PSMD14/PSMD13/PSMA6/PSMA7/UBB/PSMD8/PSMA1/PSMA2/PSMB1/PSMA4/PSMD1/PSMC2/SEM1/PSMB6/UBE2D3/PSMD7/PSMD6/PSMD3/RBX1/PSMC3/PSMA3/ELOB/PSMB5/RPS27A/EPO/PSMC6"
"REACTOME_APC_CDC20_MEDIATED_DEGRADATION_OF_NEK2A","REACTOME_APC_CDC20_MEDIATED_DEGRADATION_OF_NEK2A",26,0.577161259371489,1.74192328016441,0.00381328602679348,0.0272750300548018,0.0200276739800566,3012,"tags=42%, list=17%, signal=35%","CDC20/CDC26/UBB/MAD2L1/CDC27/BUB1B/BUB3/ANAPC15/NEK2/RPS27A/UBE2S"
"REACTOME_HSF1_ACTIVATION","REACTOME_HSF1_ACTIVATION",29,0.571009068734225,1.76095538281696,0.00409762727589838,0.0287654314360448,0.0211220549176023,2674,"tags=41%, list=15%, signal=35%","FKBP4/PTGES3/RPA3/UBB/TNFRSF21/EEF1A1/YWHAE/DNAJB6/HSP90AA1/HSPA6/HSP90AB1/HSPH1"
"REACTOME_UPTAKE_AND_ACTIONS_OF_BACTERIAL_TOXINS","REACTOME_UPTAKE_AND_ACTIONS_OF_BACTERIAL_TOXINS",29,0.570837784147368,1.76042715212548,0.00409762727589838,0.0287654314360448,0.0211220549176023,2954,"tags=28%, list=16%, signal=23%","MAP2K1/SV2B/ANTXR2/HSP90AA1/SNAP25/HSP90AB1/MAP2K6/NHERF4"
"REACTOME_REGULATED_NECROSIS","REACTOME_REGULATED_NECROSIS",53,0.462521905309857,1.66469626291266,0.0041038622769137,0.0287654314360448,0.0211220549176023,5159,"tags=55%, list=29%, signal=39%","GSDMD/UBB/CASP4/ITCH/HMGB1/CHMP7/HSP90AA1/TP63/TNFRSF10A/RPS27A/UBE2L3/IL18/BAK1/XIAP/FADD/STUB1/TP53/TNFRSF10B/BIRC3/TNFSF10/IRF1/CDC37/BAX/FAS/PELI1/CHMP3/CHMP2B/FLOT1/IL1A"
"REACTOME_PROTEIN_FOLDING","REACTOME_PROTEIN_FOLDING",95,0.394569190865077,1.58762899465673,0.00410632354568999,0.0287654314360448,0.0211220549176023,3533,"tags=36%, list=20%, signal=29%","CCT4/TBCA/FBXL5/RGS9/KIFC3/GNG4/XRN2/CCT3/LONP2/GNG12/TUBA4A/TUBA1B/CCT8/CCNE1/PFDN4/CCT5/AP3M1/CSNK2A1/PFDN2/CCT7/CCT2/FBXW7/TUBAL3/GNAQ/STAT3/TBCE/GNGT1/HDAC3/TCP1/GNG11/TP53/VBP1/PFDN5/TUBA1C"
"REACTOME_ASYMMETRIC_LOCALIZATION_OF_PCP_PROTEINS","REACTOME_ASYMMETRIC_LOCALIZATION_OF_PCP_PROTEINS",51,0.470930814135492,1.69210256866703,0.00422046604092767,0.0294134017929267,0.0215978505090388,2791,"tags=47%, list=15%, signal=40%","PSMA5/PSMD14/PSMD13/PSMA6/PSMA7/UBB/PSMD8/PSMA1/PSMA2/PSMB1/PSMA4/PSMD1/PSMC2/SEM1/PSMB6/PSMD7/PSMD6/PSMD3/PSMC3/PARD6A/PSMA3/PSMB5/RPS27A/PSMC6"
"REACTOME_INTERLEUKIN_12_SIGNALING","REACTOME_INTERLEUKIN_12_SIGNALING",41,0.492847318106589,1.67552316555222,0.00429782169659134,0.0296484248003433,0.0217704246239305,3207,"tags=37%, list=18%, signal=30%","JAK1/SOD1/MSN/PPIA/HNRNPA2B1/RALA/CDC42/IL12B/VAMP7/GSTA2/RAP1B/HNRNPF/CFL1/TCP1/RPLP0"
"REACTOME_BIOSYNTHESIS_OF_THE_N_GLYCAN_PRECURSOR_DOLICHOL_LIPID_LINKED_OLIGOSACCHARIDE_LLO_AND_TRANSFER_TO_A_NASCENT_PROTEIN","REACTOME_BIOSYNTHESIS_OF_THE_N_GLYCAN_PRECURSOR_DOLICHOL_LIPID_LINKED_OLIGOSACCHARIDE_LLO_AND_TRANSFER_TO_A_NASCENT_PROTEIN",77,0.395874083999388,1.54428657300912,0.00429328231277202,0.0296484248003433,0.0217704246239305,3245,"tags=31%, list=18%, signal=26%","GFUS/HK1/NANS/UAP1/ST6GALNAC4/NEU3/ALG6/ST6GALNAC3/ST3GAL4/ALG8/GFPT2/GMDS/DPAGT1/SLC35C1/ST8SIA5/ALG3/NANP/ST3GAL3/CMAS/DPM2/GLB1/SLC35A1/RFT1/ALG12"
"REACTOME_FOXO_MEDIATED_TRANSCRIPTION","REACTOME_FOXO_MEDIATED_TRANSCRIPTION",58,-0.506375095162829,-1.63341621968107,0.00431985534498313,0.0296499162314751,0.0217715197609995,2723,"tags=38%, list=15%, signal=32%","FOXO4/NFYA/BCL2L11/DDIT3/SIRT1/CDKN1B/NR3C1/SMAD3/SMAD4/AKT1/CCNG2/BCL6/PINK1/CREBBP/TXNIP/POMC/KAT2B/KLF4/PCBP4/BTG1/SREBF1/CITED2"
"REACTOME_TRIGLYCERIDE_CATABOLISM","REACTOME_TRIGLYCERIDE_CATABOLISM",18,0.630193261103612,1.75979936230422,0.00445308369936363,0.0303455620723804,0.0222823227951021,1718,"tags=33%, list=10%, signal=30%","PPP1CA/FABP6/PRKACB/GPD2/PNPLA5/PPP1CC"
"REACTOME_SARS_COV_1_INFECTION","REACTOME_SARS_COV_1_INFECTION",141,0.337259601562261,1.426380833353,0.0044658663829846,0.0303455620723804,0.0222823227951021,3021,"tags=28%, list=17%, signal=24%","NPM1/RPS29/KPNA2/RPS3A/RPS14/RPS21/ST6GALNAC4/PPIA/PPIH/RPS18/ST6GALNAC3/UBB/RPS7/ST3GAL4/EEF1A1/RPS15A/RPS24/RPS5/TOMM70/YWHAE/BECN1/ITCH/CHMP7/PPIB/RPS6/PARP8/PARP4/YWHAQ/PYCARD/RPS9/RPS13/RPS25/ST3GAL3/RPS17/RPS27A/IRF3/IKBKE/PSMC6/RPS10/RPS27L"
"REACTOME_PURINE_SALVAGE","REACTOME_PURINE_SALVAGE",12,0.696330850545394,1.71636435761931,0.00459721175916821,0.0309922453232497,0.0227571732825535,2874,"tags=58%, list=16%, signal=49%","ADK/AMPD3/HPRT1/DCK/GMPR/ADA/AMPD2"
"REACTOME_DEADENYLATION_DEPENDENT_MRNA_DECAY","REACTOME_DEADENYLATION_DEPENDENT_MRNA_DECAY",56,0.443756327837268,1.61176473868054,0.00460664720772366,0.0309922453232497,0.0227571732825535,4043,"tags=43%, list=22%, signal=33%","LSM6/EIF4A2/TUT7/DCP2/LSM3/EIF4E/PABPC1/EIF4A1/EXOSC5/SKIC8/CNOT2/DCP1B/PATL1/CNOT11/LSM7/DIS3/CNOT6L/HBS1L/CNOT7/EXOSC2/CNOT10/LSM1/CNOT9/EIF4G1"
"REACTOME_INTERLEUKIN_12_FAMILY_SIGNALING","REACTOME_INTERLEUKIN_12_FAMILY_SIGNALING",49,0.475877851573324,1.67376597888685,0.00472967146780331,0.031663170072634,0.0232498239641044,3207,"tags=35%, list=18%, signal=29%","JAK1/SOD1/MSN/PPIA/STAT1/HNRNPA2B1/RALA/CDC42/IL12B/VAMP7/GSTA2/RAP1B/HNRNPF/CFL1/STAT3/TCP1/RPLP0"
"REACTOME_PURINE_RIBONUCLEOSIDE_MONOPHOSPHATE_BIOSYNTHESIS","REACTOME_PURINE_RIBONUCLEOSIDE_MONOPHOSPHATE_BIOSYNTHESIS",11,0.719559902060667,1.73981504531998,0.00481034842430494,0.0319692983202219,0.0234746096646686,937,"tags=36%, list=5%, signal=34%","GART/GMPS/ADSL/ATIC"
"REACTOME_CONDENSATION_OF_PROPHASE_CHROMOSOMES","REACTOME_CONDENSATION_OF_PROPHASE_CHROMOSOMES",59,0.439874251046442,1.61646547126258,0.00482999783227186,0.0319692983202219,0.0234746096646686,5288,"tags=47%, list=29%, signal=34%","CDK1/H3C7/H4C2/H3C12/H3C3/H2AC7/CCNB1/SMC4/H4C3/H2BC6/H2BC13/H3C13/H2BC21/NCAPD3/PLK1/PHF8/H4C11/MCPH1/H2BC4/NCAPH2/H2BC8/SET/H4C16/H2AC14/H3C1/SMC2/H2AC6/H3C11"
"REACTOME_ECM_PROTEOGLYCANS","REACTOME_ECM_PROTEOGLYCANS",68,-0.487430715619525,-1.61360095591703,0.00484597163647219,0.0319692983202219,0.0234746096646686,2776,"tags=35%, list=15%, signal=30%","ITGA9/AGRN/COL4A6/ACAN/COL1A1/COL4A5/COL1A2/COL4A1/LAMA1/ITGAX/COL6A6/PTPRS/COL5A3/COL5A1/ITGA7/COL9A3/NCAN/COL4A2/FN1/COL6A1/LAMA5/COL9A2/TGFB2/LAMB1"
"REACTOME_MEIOTIC_RECOMBINATION","REACTOME_MEIOTIC_RECOMBINATION",73,0.421540627666983,1.6168440085703,0.00490742957696168,0.0322183420052702,0.0236574789675041,6184,"tags=55%, list=34%, signal=36%","RPA3/PRDM9/RAD51C/H3C7/H4C2/H3C12/H3C3/BLM/MLH3/H2AC7/MRE11/H4C3/H2BC6/FIRRM/H2BC13/H3C13/H2BC21/H4C11/H2BC4/MSH4/FIGNL1/ATM/H2BC8/MLH1/BRCA2/BRCA1/H4C16/H2AC14/H3C1/H2AC6/H3C11/RPA1/TEX15/H2BC12L/RBBP8/H3C14/RPA2/H2BC5/H2AC8/H4C5"
"REACTOME_COLLAGEN_CHAIN_TRIMERIZATION","REACTOME_COLLAGEN_CHAIN_TRIMERIZATION",44,-0.538146436477542,-1.64076154806564,0.00527863358532508,0.0344887646271961,0.0253246186178552,3497,"tags=45%, list=19%, signal=37%","COL28A1/COL17A1/COL26A1/COL8A2/COL16A1/COL4A6/COL1A1/COL4A5/COL1A2/COL4A1/COL13A1/COL7A1/COL6A6/COL5A3/COL5A1/COL9A3/COL4A2/COL6A1/COL27A1/COL9A2"
"REACTOME_FRS_MEDIATED_FGFR3_SIGNALING","REACTOME_FRS_MEDIATED_FGFR3_SIGNALING",19,-0.663053622288726,-1.69152037754208,0.00566605914418287,0.0366674970330691,0.0269244314219818,1931,"tags=26%, list=11%, signal=24%","FGF2/FGF17/FGF8/FGF4/FGFR3"
"REACTOME_INTERACTION_BETWEEN_L1_AND_ANKYRINS","REACTOME_INTERACTION_BETWEEN_L1_AND_ANKYRINS",29,-0.599551358662902,-1.68453186426016,0.0056420667579919,0.0366674970330691,0.0269244314219818,2151,"tags=28%, list=12%, signal=24%","SCN11A/SPTBN4/NRCAM/SCN1B/SPTB/SCN4A/SPTBN2/ANK2"
"REACTOME_TFAP2_AP_2_FAMILY_REGULATES_TRANSCRIPTION_OF_GROWTH_FACTORS_AND_THEIR_RECEPTORS","REACTOME_TFAP2_AP_2_FAMILY_REGULATES_TRANSCRIPTION_OF_GROWTH_FACTORS_AND_THEIR_RECEPTORS",12,-0.733151201249125,-1.65445950824003,0.00586984124586944,0.0378062286878511,0.0277605861865015,2491,"tags=50%, list=14%, signal=43%","ESR1/KIT/VEGFA/CGB3/TFAP2C/TFAP2A"
"REACTOME_TRNA_PROCESSING","REACTOME_TRNA_PROCESSING",108,0.36907026403192,1.50973070053673,0.00590691417387063,0.0378655488787273,0.0278041441749223,4192,"tags=39%, list=23%, signal=30%","TRMT5/EPRS1/NUP37/PRORP/THADA/CTU2/CTU1/NUP35/RAN/PUS1/ELAC2/TSEN15/LAGE3/CLP1/TRMT112/ZBTB8OS/NUP155/RPP14/NUP210/RTCB/QTRT2/PUS7/SEH1L/TSEN54/HSD17B10/NUP160/FTSJ1/TRMT10C/NUP88/C2orf49/CDKAL1/DUS2/RPP40/TRMT12/NSUN2/NUP93/TPR/NUP205/PUS3/XPOT/TRMT9B/POP7"
"REACTOME_RESPIRATORY_SYNCYTIAL_VIRUS_RSV_GENOME_REPLICATION_TRANSCRIPTION_AND_TRANSLATION","REACTOME_RESPIRATORY_SYNCYTIAL_VIRUS_RSV_GENOME_REPLICATION_TRANSCRIPTION_AND_TRANSLATION",16,0.654832255670648,1.75252963184943,0.00594890551573347,0.0379556929384121,0.0278703357001005,2684,"tags=56%, list=15%, signal=48%","SEC11C/PPP1CA/HSP90AA1/PPP1CC/SPCS3/CSNK2A1/XPO1/HSP90AB1/SPCS1"
"REACTOME_RAP1_SIGNALLING","REACTOME_RAP1_SIGNALLING",15,0.669459846251431,1.74806767202087,0.00599232818373152,0.0379996736614487,0.0279026301313299,4056,"tags=53%, list=23%, signal=41%","RAPGEF3/PRKACB/RASGRP2/SIPA1/RAP1B/PRKACA/RAF1/YWHAB"
"REACTOME_REGULATION_OF_GENE_EXPRESSION_IN_LATE_STAGE_BRANCHING_MORPHOGENESIS_PANCREATIC_BUD_PRECURSOR_CELLS","REACTOME_REGULATION_OF_GENE_EXPRESSION_IN_LATE_STAGE_BRANCHING_MORPHOGENESIS_PANCREATIC_BUD_PRECURSOR_CELLS",15,-0.704827097330616,-1.70826698186042,0.00610985232675942,0.0379996736614487,0.0279026301313299,1360,"tags=47%, list=8%, signal=43%","KAT2A/ONECUT1/MAMLD1/CREBBP/KAT2B/NEUROG3/HES1"
"REACTOME_TELOMERE_EXTENSION_BY_TELOMERASE","REACTOME_TELOMERE_EXTENSION_BY_TELOMERASE",23,0.579688562840291,1.70549851963525,0.00612356772027761,0.0379996736614487,0.0279026301313299,2720,"tags=48%, list=15%, signal=41%","RUVBL2/NOP10/RUVBL1/GAR1/TERF2/ACD/DKC1/CCNA2/SHQ1/PIF1/NHP2"
"REACTOME_COOPERATION_OF_PREFOLDIN_AND_TRIC_CCT_IN_ACTIN_AND_TUBULIN_FOLDING","REACTOME_COOPERATION_OF_PREFOLDIN_AND_TRIC_CCT_IN_ACTIN_AND_TUBULIN_FOLDING",31,0.536290065712139,1.69749708725806,0.00607219384624741,0.0379996736614487,0.0279026301313299,3792,"tags=52%, list=21%, signal=41%","CCT4/CCT3/TUBA4A/TUBA1B/CCT8/PFDN4/CCT5/PFDN2/CCT7/CCT2/TUBAL3/TCP1/VBP1/PFDN5/TUBA1C/TUBA3D"
"REACTOME_NEGATIVE_REGULATION_OF_TCF_DEPENDENT_SIGNALING_BY_WNT_LIGAND_ANTAGONISTS","REACTOME_NEGATIVE_REGULATION_OF_TCF_DEPENDENT_SIGNALING_BY_WNT_LIGAND_ANTAGONISTS",14,-0.707606758505805,-1.69372666032126,0.00607899448672528,0.0379996736614487,0.0279026301313299,1720,"tags=43%, list=10%, signal=39%","KREMEN1/KREMEN2/WNT5A/SOST/WNT9A/WNT4"
"REACTOME_NRAGE_SIGNALS_DEATH_THROUGH_JNK","REACTOME_NRAGE_SIGNALS_DEATH_THROUGH_JNK",59,-0.495434065079304,-1.60268535682187,0.0060369047254283,0.0379996736614487,0.0279026301313299,3597,"tags=42%, list=20%, signal=34%","ARHGEF19/MAGED1/ARHGEF5/OBSCN/ARHGEF9/ARHGEF37/ARHGEF33/MCF2L/BCL2L11/ARHGEF16/ARHGEF18/KALRN/ARHGEF4/TIAM2/ARHGEF40/SOS2/NGF/PLEKHG5/TIAM1/ARHGEF2/ITSN1/PLEKHG2/ABR/ARHGEF38/FGD4"
"REACTOME_PHOSPHOLIPASE_C_MEDIATED_CASCADE_FGFR1","REACTOME_PHOSPHOLIPASE_C_MEDIATED_CASCADE_FGFR1",14,-0.706701354257475,-1.6915594858344,0.00620369072743813,0.0383218895390383,0.0281392287541213,1931,"tags=50%, list=11%, signal=45%","FGF1/FGF2/FGF17/FGF10/FGFR1/FGF8/FGF4"
"REACTOME_RHO_GTPASES_ACTIVATE_ROCKS","REACTOME_RHO_GTPASES_ACTIVATE_ROCKS",19,0.618722586768236,1.74583096573801,0.00626135572482043,0.0385030879186922,0.0282722801959027,4037,"tags=58%, list=22%, signal=45%","RHOC/MYL12B/MYH11/RHOA/MYL6/CFL1/LIMK1/ROCK2/MYH14/PPP1R12A/PPP1R12B"
"REACTOME_CYTOPROTECTION_BY_HMOX1","REACTOME_CYTOPROTECTION_BY_HMOX1",56,-0.493774548230735,-1.58230813500131,0.0065187705023706,0.0399054464537011,0.0293020124999873,2388,"tags=27%, list=13%, signal=23%","RXRA/NCOA2/TBL1XR1/NCOA6/SMARCD3/CREBBP/TXNIP/MT-CO3/PTK6/NCOA1/SIN3B/TBL1X/COX6B2/MT-CO1/MT-CO2"
"REACTOME_METALLOPROTEASE_DUBS","REACTOME_METALLOPROTEASE_DUBS",33,0.524697413687152,1.68244593403199,0.00666431949230808,0.0406134986100748,0.0298219253184237,2536,"tags=27%, list=14%, signal=23%","UIMC1/PSMD14/H2AC12/STAMBPL1/UBB/H2AC13/H2AC7/ABRAXAS1/RPS27A"
"REACTOME_TRANSCRIPTIONAL_REGULATION_BY_RUNX3","REACTOME_TRANSCRIPTIONAL_REGULATION_BY_RUNX3",86,0.384812788605507,1.5316727928572,0.00678764947704311,0.0411804269611678,0.0302382128958499,2536,"tags=35%, list=14%, signal=30%","CDKN1A/PSMA5/MDM2/PSMD14/MYC/PSMD13/PSMA6/PSMA7/UBB/PSMD8/PSMA1/PSMA2/PSMB1/PSMA4/FOXO3/ITGA4/PSMD1/PSMC2/SEM1/PSMB6/TEAD4/PSMD7/PSMD6/PSMD3/PSMC3/PSMA3/PSMB5/SNW1/WWTR1/RPS27A"
"REACTOME_FGFR2_LIGAND_BINDING_AND_ACTIVATION","REACTOME_FGFR2_LIGAND_BINDING_AND_ACTIVATION",18,-0.674817977246359,-1.69569705498219,0.00697044669327804,0.0421014980273994,0.0309145425273805,1997,"tags=44%, list=11%, signal=40%","FGF1/FGFBP3/FGF2/FGF17/FGF10/FGFR2/FGF8/FGF4"
"REACTOME_DOWNSTREAM_SIGNALING_OF_ACTIVATED_FGFR3","REACTOME_DOWNSTREAM_SIGNALING_OF_ACTIVATED_FGFR3",24,-0.641084624734734,-1.73225910953471,0.00718246929589663,0.0431901582881572,0.0317139305659525,1931,"tags=21%, list=11%, signal=19%","FGF2/FGF17/FGF8/FGF4/FGFR3"
"REACTOME_SIGNALING_BY_ACTIVIN","REACTOME_SIGNALING_BY_ACTIVIN",17,-0.688038759396324,-1.70914898098877,0.00735413052374591,0.0436926272610855,0.032082886521443,2414,"tags=41%, list=13%, signal=36%","INHBA/SMAD3/SMAD4/ACVR1B/INHBB/FOXH1/FST"
"REACTOME_SHC_MEDIATED_CASCADE_FGFR3","REACTOME_SHC_MEDIATED_CASCADE_FGFR3",17,-0.687231361544911,-1.70714333349268,0.00735413052374591,0.0436926272610855,0.032082886521443,1931,"tags=29%, list=11%, signal=26%","FGF2/FGF17/FGF8/FGF4/FGFR3"
"REACTOME_BMAL1_CLOCK_NPAS2_ACTIVATES_CIRCADIAN_EXPRESSION","REACTOME_BMAL1_CLOCK_NPAS2_ACTIVATES_CIRCADIAN_EXPRESSION",26,-0.608165636198161,-1.67885083832455,0.00736248097335436,0.0436926272610855,0.032082886521443,2388,"tags=38%, list=13%, signal=33%","RXRA/BHLHE40/NCOA2/TBL1XR1/NCOA6/SMARCD3/CREBBP/NCOA1/TBL1X/F7"
"REACTOME_MATURATION_OF_TCA_ENZYMES_AND_REGULATION_OF_TCA_CYCLE","REACTOME_MATURATION_OF_TCA_ENZYMES_AND_REGULATION_OF_TCA_CYCLE",20,0.602440632271636,1.71785438789458,0.00761683788890748,0.0448107475801959,0.0329039066697849,3430,"tags=45%, list=19%, signal=36%","NFS1/SDHAF4/SDHB/LYRM4/ISCU/ISCA2/SDHAF1/ACAT1/ACO2"
"REACTOME_CARDIOGENESIS","REACTOME_CARDIOGENESIS",25,-0.606698593642895,-1.65420171642571,0.00758475146983091,0.0448107475801959,0.0329039066697849,3232,"tags=40%, list=18%, signal=33%","EOMES/FOXO4/KAT2A/TBXT/TBX5/SMAD4/HEY1/MESP1/LEF1/TBX1"
"REACTOME_NUCLEAR_RNA_DECAY","REACTOME_NUCLEAR_RNA_DECAY",34,0.515919349620663,1.68328805711005,0.0076607084946974,0.0448745812254042,0.032950778824742,2569,"tags=35%, list=14%, signal=30%","RBM26/ZC3H18/RBM27/ZCCHC7/ZFC3H1/XRN2/NCBP1/WDR82/MPHOSPH6/EXOSC5/DIS3/MTREX"
"REACTOME_PI_3K_CASCADE_FGFR1","REACTOME_PI_3K_CASCADE_FGFR1",19,-0.653306351496659,-1.66665405208066,0.00769813375816614,0.0449002737225227,0.0329696444668692,1931,"tags=47%, list=11%, signal=42%","GRB2/FGF3/FGF1/FGF2/FGF17/FGF10/FGFR1/FGF8/FGF4"
"REACTOME_PHOSPHOLIPASE_C_MEDIATED_CASCADE_FGFR2","REACTOME_PHOSPHOLIPASE_C_MEDIATED_CASCADE_FGFR2",16,-0.681254565174447,-1.67523388110866,0.00803862718519303,0.0466858732678518,0.0342807852971794,1931,"tags=44%, list=11%, signal=39%","FGF1/FGF2/FGF17/FGF10/FGFR2/FGF8/FGF4"
"REACTOME_COLLAGEN_FORMATION","REACTOME_COLLAGEN_FORMATION",86,-0.461013472688164,-1.58698075831627,0.00820759139891087,0.0472632064030503,0.0347047129623885,2539,"tags=31%, list=14%, signal=27%","COL16A1/COL4A6/CTSB/ADAMTS2/COL1A1/TLL2/COL4A5/COL1A2/CD151/COL4A1/LOXL3/P3H3/COL13A1/PCOLCE2/PLEC/P3H2/COL7A1/COL6A6/COL5A3/COL5A1/CTSV/COL9A3/COL4A2/COL6A1/BMP1/COL27A1/COL9A2"
"REACTOME_CYTOCHROME_P450_ARRANGED_BY_SUBSTRATE_TYPE","REACTOME_CYTOCHROME_P450_ARRANGED_BY_SUBSTRATE_TYPE",52,-0.493329561776104,-1.57420328469454,0.00819021357340541,0.0472632064030503,0.0347047129623885,3939,"tags=44%, list=22%, signal=35%","CYP2S1/CYP4F3/CYP2A7/CYP51A1/CYP2B6/CYP2A13/ARNT2/CYP2A6/POR/CYP21A2/CYP2C9/RXRA/CYP4A11/NCOA2/CYP27A1/CYP2F1/CYP7B1/TBXAS1/CYP46A1/POMC/NCOA1/CYP26A1/CYP26C1"
"REACTOME_GLUCONEOGENESIS","REACTOME_GLUCONEOGENESIS",22,-0.625340331496471,-1.64248007442737,0.00829117574508796,0.0475430710446183,0.0349102136635282,1041,"tags=36%, list=6%, signal=34%","PGAM2/FBP2/ENO3/ENO4/PC/TPI1/FBP1/ENO2"
"REACTOME_MAPK3_ERK1_ACTIVATION","REACTOME_MAPK3_ERK1_ACTIVATION",10,0.746170962690534,1.74973281091895,0.00836135501525967,0.0475875110587735,0.0349428453458172,486,"tags=30%, list=3%, signal=29%","MAP2K1/JAK1/CDK1"
"REACTOME_NEUTROPHIL_DEGRANULATION","REACTOME_NEUTROPHIL_DEGRANULATION",414,0.260676590117698,1.24103714406522,0.00836895889848923,0.0475875110587735,0.0349428453458172,3218,"tags=24%, list=18%, signal=20%","PKM/CAB39/NME2/PSMA5/GSDMD/CD93/PSMD14/LPCAT1/CYBA/HUWE1/PSMD13/PPIA/PA2G4/ARPC5/IQGAP2/MPO/CXCL1/MGAM/GDI2/PSMA2/EEF1A1/CFP/LAMTOR2/AMPD3/PSMB1/PPBP/PIGR/GOLGA7/TMT1A/DYNLT1/TMC6/PSMD1/CAND1/AHSG/CCT8/PSMC2/HMGB1/PGM2/RHOA/PSMD7/PSMD6/PSMD3/CAP1/ASAH1/ERP44/HPSE/HSP90AA1/APAF1/B4GALT1/PSMC3/ILF2/GGH/PYCARD/PPIE/PTPRC/SNAP25/ACP3/VAPA/PRSS3/GYG1/RAC1/CPNE3/RAP1B/TICAM2/NDUFC2/PTPN6/PLD1/HSPA6/CD58/TMBIM1/HEXB/ACTR2/RAB5C/CCT2/HSP90AB1/ADAM8/MANBA/MME/CTSH/CPNE1/GLB1/LYZ/TLR2/COPB1/MAPK14/ARHGAP9/TXNDC5/CD36/DOCK2/VAMP8/PADI2/TNFRSF1B/CRISPLD2/TMEM30A/PKP1/XRCC6/PRCP/A1BG/CSTB"
"REACTOME_REGULATION_OF_LIPID_METABOLISM_BY_PPARALPHA","REACTOME_REGULATION_OF_LIPID_METABOLISM_BY_PPARALPHA",111,-0.423430753056709,-1.51478656854141,0.00855867943936308,0.0484635223253934,0.0355860881952465,2810,"tags=24%, list=16%, signal=21%","APOA5/ARNT2/NFYA/RXRA/MED17/CYP4A11/NCOA2/MED24/TBL1XR1/NCOA6/TIAM2/MED13L/FADS1/PLIN2/SMARCD3/MED29/CREBBP/ANKRD1/CPT1A/NCOA1/SIN3B/ACOX1/APOA1/ABCA1/TBL1X/SREBF1/MED14"
"REACTOME_SOMITOGENESIS","REACTOME_SOMITOGENESIS",44,0.457040739869088,1.56921168895089,0.00861656660092017,0.0485888548159772,0.0356781180942229,1686,"tags=43%, list=9%, signal=39%","PSMA5/PSMD14/PSMD13/PSMA6/PSMA7/PSMD8/PSMA1/PSMA2/PSMB1/PSMA4/PSMD1/PSMC2/SEM1/PSMB6/PSMD7/PSMD6/PSMD3/RIPPLY2/PSMC3"
"REACTOME_NEGATIVE_REGULATION_OF_FGFR3_SIGNALING","REACTOME_NEGATIVE_REGULATION_OF_FGFR3_SIGNALING",28,-0.603951160031456,-1.68049395844354,0.00885028796009779,0.0497005840403839,0.0364944453509035,2835,"tags=32%, list=16%, signal=27%","FGF1/PPP2R1A/FGF2/SPRY2/FGF17/SRC/FGF8/FGF4/FGFR3"
"REACTOME_TRANSLESION_SYNTHESIS_BY_POLH","REACTOME_TRANSLESION_SYNTHESIS_BY_POLH",19,0.603976341051152,1.70422192648225,0.00892572441327988,0.0499179402372319,0.0366540469733131,2536,"tags=42%, list=14%, signal=36%","RPA3/UFD1/UBB/RFC1/PCNA/RFC4/POLH/RPS27A"
"REACTOME_NUCLEOTIDE_EXCISION_REPAIR","REACTOME_NUCLEOTIDE_EXCISION_REPAIR",108,0.361434427939389,1.47849530365803,0.0091841695852056,0.0511528133864525,0.037560797095664,5498,"tags=50%, list=31%, signal=35%","RPA3/POLR2L/RUVBL1/UBB/INO80E/USP45/RFC1/COPS3/POLE3/POLR2D/POLR2F/XPC/COPS7B/ACTL6A/RBX1/PCNA/POLR2H/POLD2/PPIE/RFC4/ERCC5/COPS5/RAD23A/RPS27A/COPS2/UBE2V2/ERCC3/LIG3/PRPF19/POLR2J/CUL4A/PARP1/POLR2G/UBE2N/ACTR5/COPS7A/ACTR8/RAD23B/XAB2/GTF2H2/POLE4/DDB2/COPS4/GPS1/SUMO2/UBE2I/RFC5/POLR2I/GTF2H3/ERCC6/SUMO1/POLR2B/RPA1/UBA52"
"REACTOME_RESPIRATORY_ELECTRON_TRANSPORT","REACTOME_RESPIRATORY_ELECTRON_TRANSPORT",156,0.331980259573976,1.4299876972527,0.00950685728660291,0.0527339553162994,0.0387218075518778,4464,"tags=44%, list=25%, signal=34%","NFS1/DMAC1/UQCRQ/CMC1/SCO1/COX7C/NDUFAF6/TMEM126B/ETFA/ECSIT/NDUFAF2/LETM1/UQCRH/TRAP1/NDUFA13/SDHB/TIMM21/LYRM7/NDUFB6/UQCRFS1/NDUFS5/NDUFA1/NDUFAF5/COX17/ETFDH/LYRM4/NDUFS6/SMIM20/ISCU/COX7B/NDUFAF4/HSCB/UQCC5/TIMMDC1/TMEM186/NDUFC2/NDUFAF1/OXA1L/NDUFB1/RAB5IF/COX6A2/COA1/NDUFB2/NDUFA12/PYURF/COX5A/UQCRHL/CYC1/NDUFB4/NDUFS4/NDUFB11/UQCR11/TMEM126A/TTC19/NDUFA4/UQCC1/TMEM177/MDH2/SLC25A12/TACO1/UQCRB/NDUFB7/HCCS/SLC25A13/HIGD1A/COX16/GOT2/NDUFB9/COX7A2"
"REACTOME_FORMATION_OF_THE_NEPHRIC_DUCT","REACTOME_FORMATION_OF_THE_NEPHRIC_DUCT",16,-0.673911285518138,-1.65717644486153,0.00955770893650016,0.0528005140028607,0.0387706806666759,222,"tags=25%, list=1%, signal=25%","FGF2/RET/MECOM/ID4"
"REACTOME_COLLAGEN_BIOSYNTHESIS_AND_MODIFYING_ENZYMES","REACTOME_COLLAGEN_BIOSYNTHESIS_AND_MODIFYING_ENZYMES",67,-0.470185085052969,-1.54881206634863,0.00995045913802036,0.054747667888946,0.0402004485951132,3535,"tags=40%, list=20%, signal=33%","P4HA1/COL28A1/COL17A1/COL26A1/COL8A2/COL16A1/COL4A6/ADAMTS2/COL1A1/TLL2/COL4A5/COL1A2/COL4A1/P3H3/COL13A1/PCOLCE2/P3H2/COL7A1/COL6A6/COL5A3/COL5A1/COL9A3/COL4A2/COL6A1/BMP1/COL27A1/COL9A2"
"REACTOME_CONSTITUTIVE_SIGNALING_BY_ABERRANT_PI3K_IN_CANCER","REACTOME_CONSTITUTIVE_SIGNALING_BY_ABERRANT_PI3K_IN_CANCER",78,-0.470164145751113,-1.58671755438385,0.0100688913677193,0.055175900680365,0.0405148939583951,2491,"tags=27%, list=14%, signal=23%","ESR1/PDGFRA/ERBB3/FLT3/FGF2/EREG/KIT/PDGFA/FGF17/PIK3R3/NTF3/PIK3R6/FGF10/NTRK3/SRC/FGF19/FGFR1/FGFR2/FGF8/FGF4/FGFR3"
"REACTOME_UPTAKE_AND_FUNCTION_OF_ANTHRAX_TOXINS","REACTOME_UPTAKE_AND_FUNCTION_OF_ANTHRAX_TOXINS",11,0.687232104731763,1.66165006139882,0.0103526626402924,0.0562770741126294,0.0413234702441987,2847,"tags=27%, list=16%, signal=23%","MAP2K1/ANTXR2/MAP2K6"
"REACTOME_PROCESSING_OF_DNA_DOUBLE_STRAND_BREAK_ENDS","REACTOME_PROCESSING_OF_DNA_DOUBLE_STRAND_BREAK_ENDS",89,0.386552984965643,1.53585206904129,0.0103179284153673,0.0562770741126294,0.0413234702441987,6046,"tags=52%, list=34%, signal=35%","UIMC1/RPA3/UBB/TIPIN/H4C2/WRN/ATR/BLM/CCNA2/RFC4/ABRAXAS1/MRE11/H4C3/H2BC6/H2BC13/RPS27A/UBE2V2/CHEK1/H2BC21/PIAS4/H4C11/RNF8/H2BC4/ATM/H2BC8/UBE2N/BRCC3/MDC1/BRCA1/H4C16/RMI2/SUMO2/BABAM2/UBE2I/RFC5/PPP4C/RAD1/RPA1/UBA52/RFC2/CLSPN/H2BC12L/RBBP8/RPA2/H2BC5/ATRIP"
"REACTOME_SIGNALING_BY_TGFBR3","REACTOME_SIGNALING_BY_TGFBR3",44,-0.518179824134755,-1.57988508850639,0.0104959320134654,0.0568285721366511,0.0417284275477675,2414,"tags=32%, list=13%, signal=28%","INHBA/ARRB1/RXRA/AGO4/SMAD3/FGF2/SMAD4/NCSTN/TGFBR1/MYF6/TCF3/TNRC6A/TIMP2/TGFB2"
"REACTOME_PHOSPHOLIPASE_C_MEDIATED_CASCADE_FGFR4","REACTOME_PHOSPHOLIPASE_C_MEDIATED_CASCADE_FGFR4",14,-0.688950229511656,-1.6490704156393,0.0105889719759125,0.0571048131558138,0.0419312674735382,2835,"tags=43%, list=16%, signal=36%","FGF1/FGF2/FGF17/FGF19/FGF8/FGF4"
"REACTOME_PROCESSING_OF_CAPPED_INTRONLESS_PRE_MRNA","REACTOME_PROCESSING_OF_CAPPED_INTRONLESS_PRE_MRNA",29,0.541349599647363,1.66948748046687,0.010795389054484,0.0579878803361415,0.0425796913819466,2590,"tags=41%, list=14%, signal=35%","SNRPG/SNRPF/SNRPB/NCBP1/LSM11/CSTF3/WDR33/CLP1/LSM10/CPSF6/PAPOLA/SNRPE"
"REACTOME_RIBAVIRIN_ADME","REACTOME_RIBAVIRIN_ADME",11,0.684410310337623,1.65482727940713,0.010866006402054,0.0581374122062654,0.042689490547647,2451,"tags=45%, list=14%, signal=39%","ADK/NME2/NME1/NT5C2/ADA"
"REACTOME_PKR_MEDIATED_SIGNALING","REACTOME_PKR_MEDIATED_SIGNALING",73,0.394709053346498,1.51392991836579,0.0110087297925782,0.0586700540710344,0.0430806020365909,3823,"tags=37%, list=21%, signal=29%","NPM1/FANCL/CDK1/EIF2S1/STAT1/PPP2R5A/TUBA4A/TUBA1B/SNCA/EIF2S2/HERC5/ILF2/FANCG/CENPX/TUBB8/PRKRA/FANCE/TUBAL3/MAP2K6/STAT3/DUS2/TP53/TUBA1C/DHX9/HSPA1A/TUBA3D/CHUK"
"REACTOME_AZATHIOPRINE_ADME","REACTOME_AZATHIOPRINE_ADME",23,0.560834024356858,1.65002668607976,0.0111261091711266,0.0590639936076604,0.0433698663413981,2221,"tags=35%, list=12%, signal=31%","NME2/NME1/GMPS/HPRT1/VAV1/TPMT/GSTA2/RAC1"
"REACTOME_POU5F1_OCT4_SOX2_NANOG_ACTIVATE_GENES_RELATED_TO_PROLIFERATION","REACTOME_POU5F1_OCT4_SOX2_NANOG_ACTIVATE_GENES_RELATED_TO_PROLIFERATION",13,-0.723868820364834,-1.6902365906827,0.0116824976236499,0.0617763201188334,0.0453614898514032,1931,"tags=46%, list=11%, signal=41%","FGF2/NANOG/SOX2/SALL1/SALL4/ZIC3"
"REACTOME_FGFR2C_LIGAND_BINDING_AND_ACTIVATION","REACTOME_FGFR2C_LIGAND_BINDING_AND_ACTIVATION",11,-0.723656683846768,-1.59356211347995,0.0117496041740042,0.0618903568700454,0.0454452254465769,2835,"tags=55%, list=16%, signal=46%","FGF1/FGF2/FGF17/FGFR2/FGF8/FGF4"
"REACTOME_RUNX3_REGULATES_NOTCH_SIGNALING","REACTOME_RUNX3_REGULATES_NOTCH_SIGNALING",14,-0.684639378111637,-1.63875196707005,0.0118420909033465,0.0621366854735441,0.0456261011029161,1189,"tags=43%, list=7%, signal=40%","KAT2A/MAMLD1/CREBBP/KAT2B/JAG1/HES1"
"REACTOME_GENE_AND_PROTEIN_EXPRESSION_BY_JAK_STAT_SIGNALING_AFTER_INTERLEUKIN_12_STIMULATION","REACTOME_GENE_AND_PROTEIN_EXPRESSION_BY_JAK_STAT_SIGNALING_AFTER_INTERLEUKIN_12_STIMULATION",33,0.500929189232583,1.6062329557523,0.012372000682767,0.0646674958764629,0.047484439867462,3207,"tags=36%, list=18%, signal=30%","SOD1/MSN/PPIA/HNRNPA2B1/RALA/CDC42/GSTA2/RAP1B/HNRNPF/CFL1/TCP1/RPLP0"
"REACTOME_SIGNALING_BY_NOTCH4","REACTOME_SIGNALING_BY_NOTCH4",72,0.390601531333076,1.49730911650492,0.0129073950571157,0.0672074708146372,0.0493495080223663,2791,"tags=38%, list=15%, signal=32%","PSMA5/PSMD14/PSMD13/PSMA6/PSMA7/UBB/PSMD8/PSMA1/PSMA2/PSMB1/PSMA4/PSMD1/PSMC2/SEM1/PSMB6/PSMD7/PSMD6/PSMD3/RBX1/PSMC3/PSMA3/TACC3/PSMB5/SNW1/RPS27A/FBXW7/PSMC6"
"REACTOME_PI_3K_CASCADE_FGFR2","REACTOME_PI_3K_CASCADE_FGFR2",21,-0.632113492979447,-1.63908840167419,0.0131345443247121,0.0681291822033728,0.0500263078337767,1931,"tags=48%, list=11%, signal=43%","FGF7/GRB2/FGF3/FGF1/FGF2/FGF17/FGF10/FGFR2/FGF8/FGF4"
"REACTOME_NOTCH4_INTRACELLULAR_DOMAIN_REGULATES_TRANSCRIPTION","REACTOME_NOTCH4_INTRACELLULAR_DOMAIN_REGULATES_TRANSCRIPTION",20,-0.640099329601617,-1.66133846032145,0.0134296337921101,0.0686917396602844,0.050439385924596,3235,"tags=50%, list=18%, signal=41%","FLT4/NOTCH2/KAT2A/SMAD3/HEY1/MAMLD1/CREBBP/KAT2B/HES1/HES5"
"REACTOME_DEVELOPMENTAL_LINEAGE_OF_PANCREATIC_ACINAR_CELLS","REACTOME_DEVELOPMENTAL_LINEAGE_OF_PANCREATIC_ACINAR_CELLS",18,-0.645974180440345,-1.62321774508288,0.0134956314539138,0.0686917396602844,0.050439385924596,2951,"tags=44%, list=16%, signal=37%","CPA2/PDIA2/SOX9/GNMT/REG1A/PTF1A/ONECUT1/SPINK1"
"REACTOME_ACTIVATION_OF_SMO","REACTOME_ACTIVATION_OF_SMO",18,-0.645503787083806,-1.6220357305897,0.0134956314539138,0.0686917396602844,0.050439385924596,2704,"tags=50%, list=15%, signal=43%","KIF3A/CDON/ARRB1/GAS1/SMO/PTCH1/IHH/GAS8/BOC"
"REACTOME_WNT_LIGAND_BIOGENESIS_AND_TRAFFICKING","REACTOME_WNT_LIGAND_BIOGENESIS_AND_TRAFFICKING",23,-0.601559960790063,-1.60222891243954,0.0135462738991584,0.0686917396602844,0.050439385924596,1095,"tags=26%, list=6%, signal=25%","WNT8A/WNT5A/WNT9A/WNT10B/WNT7B/WNT4"
"REACTOME_SYNTHESIS_OF_PC","REACTOME_SYNTHESIS_OF_PC",26,0.529206386426427,1.59719126944128,0.0135432849973035,0.0686917396602844,0.050439385924596,2254,"tags=35%, list=13%, signal=30%","LPIN2/LPCAT1/MFSD2A/CEPT1/BCHE/CHPT1/CHKA/CSNK2A1/LPIN1"
"REACTOME_SIGNALING_BY_FGFR3","REACTOME_SIGNALING_BY_FGFR3",39,-0.537463724212706,-1.59681716120261,0.013316531652452,0.0686917396602844,0.050439385924596,2835,"tags=23%, list=16%, signal=19%","FGF1/PPP2R1A/FGF2/SPRY2/FGF17/SRC/FGF8/FGF4/FGFR3"
"REACTOME_DEVELOPMENTAL_LINEAGE_OF_PANCREATIC_DUCTAL_CELLS","REACTOME_DEVELOPMENTAL_LINEAGE_OF_PANCREATIC_DUCTAL_CELLS",46,-0.508256499837767,-1.56435431107211,0.0136319888357398,0.0688694157166186,0.0505698509735134,2033,"tags=28%, list=11%, signal=25%","CA2/COL1A1/COL1A2/SOX9/LAMA1/ONECUT1/COL5A3/COL5A1/KRT7/FN1/COL27A1/LAMA5/LAMB1"
"REACTOME_APC_C_CDC20_MEDIATED_DEGRADATION_OF_CYCLIN_B","REACTOME_APC_C_CDC20_MEDIATED_DEGRADATION_OF_CYCLIN_B",24,0.551042699028016,1.64292712494251,0.0139940200119696,0.0704365673935802,0.0517205885822501,3012,"tags=38%, list=17%, signal=31%","CDC20/CDC26/CDK1/UBB/CDC27/ANAPC15/CCNB1/RPS27A/UBE2S"
"REACTOME_GPCR_LIGAND_BINDING","REACTOME_GPCR_LIGAND_BINDING",337,-0.334294404021036,-1.32609469931769,0.0141635073354598,0.0710265921361251,0.0521538355176381,3028,"tags=22%, list=17%, signal=19%","CXCR4/LPAR5/GHRH/CCR7/OPRL1/PTCH2/WNT3/LHCGR/PYY/HRH3/CXCL12/S1PR2/GPR37L1/GPR143/HTR1F/KISS1R/SSTR5/VIPR1/NPW/NPFF/CHRM4/UTS2R/FZD6/CHRM1/HTR2C/GNAS/HCAR2/OXER1/VIPR2/CXCL16/ACKR3/S1PR5/OPRK1/DRD4/NMU/LTB4R2/CCKBR/MC5R/XK/GNB3/LPAR1/NPB/POMC/WNT8A/GPER1/SCT/WNT5A/NMUR1/WNT9A/LTB4R/PNOC/SMO/MC1R/FFAR4/GPR132/KEL/PTCH1/PDYN/IHH/PLPPR3/MTNR1B/WNT10B/WNT7B/GCGR/SSTR2/F2RL1/SSTR3/ADCYAP1/GALR2/ADRA2A/FZD5/FZD8/HTR1D/WNT4/PTH1R"
"REACTOME_SEMA4D_IN_SEMAPHORIN_SIGNALING","REACTOME_SEMA4D_IN_SEMAPHORIN_SIGNALING",24,0.548843046129975,1.63636888650105,0.0145895004454262,0.0723949449288528,0.0531585978796735,3353,"tags=46%, list=19%, signal=37%","RHOC/MYL12B/MYH11/RRAS/RHOA/ARHGEF12/RAC1/MYL6/LIMK1/ROCK2/MYH14"
"REACTOME_TRANSLATION_OF_SARS_COV_2_STRUCTURAL_PROTEINS","REACTOME_TRANSLATION_OF_SARS_COV_2_STRUCTURAL_PROTEINS",61,0.403246279674613,1.49013151225942,0.0145489323648575,0.0723949449288528,0.0531585978796735,2536,"tags=33%, list=14%, signal=28%","SRPK1/ST6GALNAC4/STT3B/DAD1/ST6GALNAC3/UBB/ST3GAL4/SRPK2/GOLGA7/PRMT1/OST4/OSTC/PARP8/PARP4/TMEM258/TUSC3/CSNK1A1/STT3A/ST3GAL3/RPS27A"
"REACTOME_TRANSCRIPTIONAL_REGULATION_BY_SMALL_RNAS","REACTOME_TRANSCRIPTIONAL_REGULATION_BY_SMALL_RNAS",93,0.364325468002836,1.4469223038233,0.0145961846287753,0.0723949449288528,0.0531585978796735,5288,"tags=43%, list=29%, signal=31%","POLR2L/NUP37/IPO8/H3C7/H4C2/H3C12/POLR2D/NUP35/RAN/POLR2F/H3C3/POLR2H/H2AC7/NUP155/H4C3/H2BC6/NUP210/H2BC13/SEH1L/H3C13/H2BC21/NUP160/NUP88/H4C11/POLR2J/NUP93/H2BC4/TPR/NUP205/H2BC8/POLR2G/H4C16/H2AC14/NUP43/H3C1/SEC13/H2AC6/NUP98/POLR2I/H3C11"
"REACTOME_COMPLEX_III_ASSEMBLY","REACTOME_COMPLEX_III_ASSEMBLY",26,0.525659869072837,1.5864875691471,0.0147838681720314,0.0730591885301477,0.0536463426874095,3784,"tags=58%, list=21%, signal=46%","NFS1/UQCRQ/LETM1/UQCRH/LYRM7/UQCRFS1/LYRM4/ISCU/HSCB/UQCC5/UQCRHL/CYC1/UQCR11/TTC19/UQCC1"
"REACTOME_RORA_B_C_AND_NR1D1_REV_ERBA_REGULATE_GENE_EXPRESSION","REACTOME_RORA_B_C_AND_NR1D1_REV_ERBA_REGULATE_GENE_EXPRESSION",26,-0.583951349271925,-1.6120069170539,0.0150307053797787,0.0737213526858142,0.0541325605872366,2388,"tags=38%, list=13%, signal=33%","RXRA/NCOA2/TBL1XR1/NCOA6/SMARCD3/CREBBP/CPT1A/NCOA1/TBL1X/SREBF1"
"REACTOME_TGFBR3_EXPRESSION","REACTOME_TGFBR3_EXPRESSION",23,-0.592744507824136,-1.57874933510911,0.0149847805132884,0.0737213526858142,0.0541325605872366,2388,"tags=30%, list=13%, signal=26%","RXRA/AGO4/SMAD3/SMAD4/MYF6/TCF3/TNRC6A"
"REACTOME_O_LINKED_GLYCOSYLATION","REACTOME_O_LINKED_GLYCOSYLATION",105,-0.407225696215236,-1.44721315570417,0.0150806004758325,0.0737213526858142,0.0541325605872366,3987,"tags=36%, list=22%, signal=28%","ADAMTSL4/ST3GAL2/THSD4/MUC20/GALNT6/POMK/ADAMTS16/GALNT12/SPON1/LARGE2/POMGNT1/POFUT2/ADAMTS19/B3GNT9/ADAMTS4/ADAMTS7/GALNT17/B3GNT8/ST6GALNAC2/ADAMTS2/ST6GAL1/B3GLCT/MUC16/GALNT7/THBS2/EMID1/SSPOP/B3GNT5/SPON2/SEMA5B/ADAMTS13/MUC15/ADAMTSL5/MUC4/THSD7A/MUC1/POMT1/GCNT1"
"REACTOME_EXPRESSION_OF_BMAL_ARNTL_CLOCK_AND_NPAS2","REACTOME_EXPRESSION_OF_BMAL_ARNTL_CLOCK_AND_NPAS2",36,-0.537147263008025,-1.56695861644134,0.015216332036318,0.0741182624994846,0.0544240059250311,4240,"tags=44%, list=24%, signal=34%","NPAS2/CRTC3/MEF2C/PPARA/ATF2/RORA/RXRA/SIRT1/NCOA2/TBL1XR1/NCOA6/SMARCD3/CREBBP/NCOA1/TBL1X/RAI1"
"REACTOME_GLOBAL_GENOME_NUCLEOTIDE_EXCISION_REPAIR_GG_NER","REACTOME_GLOBAL_GENOME_NUCLEOTIDE_EXCISION_REPAIR_GG_NER",84,0.374825417652314,1.48722809796055,0.0154516388621665,0.0749956329060153,0.0550682467719317,5498,"tags=50%, list=31%, signal=35%","RPA3/RUVBL1/UBB/INO80E/USP45/RFC1/COPS3/POLE3/XPC/COPS7B/ACTL6A/RBX1/PCNA/POLD2/RFC4/ERCC5/COPS5/RAD23A/RPS27A/COPS2/UBE2V2/ERCC3/LIG3/CUL4A/PARP1/UBE2N/ACTR5/COPS7A/ACTR8/RAD23B/GTF2H2/POLE4/DDB2/COPS4/GPS1/SUMO2/UBE2I/RFC5/GTF2H3/SUMO1/RPA1/UBA52"
"REACTOME_TP53_REGULATES_TRANSCRIPTION_OF_GENES_INVOLVED_IN_G2_CELL_CYCLE_ARREST","REACTOME_TP53_REGULATES_TRANSCRIPTION_OF_GENES_INVOLVED_IN_G2_CELL_CYCLE_ARREST",18,0.589935984034351,1.64738189469988,0.0155075120317983,0.0749989638833237,0.0550706926620896,1738,"tags=28%, list=10%, signal=25%","CDK1/GADD45A/PRMT1/PCNA/CCNB1"
"REACTOME_TRANSCRIPTIONAL_REGULATION_OF_WHITE_ADIPOCYTE_DIFFERENTIATION","REACTOME_TRANSCRIPTIONAL_REGULATION_OF_WHITE_ADIPOCYTE_DIFFERENTIATION",79,-0.449670706252151,-1.52177700676255,0.016188083635246,0.0780127860294304,0.0572837002098292,2412,"tags=25%, list=13%, signal=22%","ZNF467/RXRA/MED17/NCOA2/MED24/EGR2/TBL1XR1/NCOA6/MED13L/SMARCD3/MED29/CREBBP/NCOA1/CEBPA/TBL1X/NR2F2/KLF4/WNT10B/SREBF1/MED14"
"REACTOME_ENDOGENOUS_STEROLS","REACTOME_ENDOGENOUS_STEROLS",20,-0.630871454988577,-1.63738807904045,0.0164418084419275,0.0789555394790796,0.0579759509129526,2752,"tags=50%, list=15%, signal=42%","CYP51A1/ARNT2/CYP21A2/RXRA/NCOA2/CYP27A1/CYP7B1/CYP46A1/POMC/NCOA1"
"REACTOME_PI_3K_CASCADE_FGFR4","REACTOME_PI_3K_CASCADE_FGFR4",19,-0.624852193518332,-1.59406446591717,0.0167509706519467,0.0793190561532946,0.0582428761344048,2835,"tags=32%, list=16%, signal=27%","FGF1/FGF2/FGF17/FGF19/FGF8/FGF4"
"REACTOME_FRS_MEDIATED_FGFR2_SIGNALING","REACTOME_FRS_MEDIATED_FGFR2_SIGNALING",23,-0.588946820579537,-1.56863435954507,0.0166630419329912,0.0793190561532946,0.0582428761344048,4370,"tags=48%, list=24%, signal=36%","FGF7/GRB2/FGF3/FRS3/FGF1/FGF2/FGF17/FGF10/FGFR2/FGF8/FGF4"
"REACTOME_HEDGEHOG_OFF_STATE","REACTOME_HEDGEHOG_OFF_STATE",97,0.360697127639722,1.44659684750926,0.0166231986825528,0.0793190561532946,0.0582428761344048,2828,"tags=34%, list=16%, signal=29%","PSMA5/PSMD14/TTC21B/PSMD13/PRKACB/PSMA6/PSMA7/UBB/PSMD8/PSMA1/PSMA2/PSMB1/TUBA4A/PSMA4/TUBA1B/PSMD1/PSMC2/ITCH/SEM1/PSMB6/PSMD7/PSMD6/PSMD3/RBX1/PSMC3/CSNK1A1/PSMA3/PSMB5/ADCY2/RPS27A/BTRC/PSMC6/ADCY8"
"REACTOME_INTERFERON_SIGNALING","REACTOME_INTERFERON_SIGNALING",248,0.282304558445073,1.28669921517648,0.0167219632262949,0.0793190561532946,0.0582428761344048,3005,"tags=24%, list=17%, signal=20%","JAK1/NPM1/FANCL/KPNA2/TRIM10/NUP37/YBX1/CDK1/SP100/EIF2S1/UBB/STAT1/KPNA3/SOCS1/CIITA/IRF6/PPP2R5A/ABCE1/EIF4A2/IFI30/HLA-H/TUBA4A/BECN1/TUBA1B/KPNA4/NUP35/RNASEL/PDE12/MID1/TRIM14/SNCA/PSMB8/EIF4E/IFITM2/EIF2S2/EIF4A1/HERC5/ILF2/GBP4/FANCG/CENPX/NUP155/TUBB8/PML/PRKRA/PTPN6/FANCE/NUP210/RPS27A/IRF8/TRIM5/SEH1L/TUBAL3/IRF3/MAP2K6/STAT3/NUP160/TRIM21/ATF6"
"REACTOME_SIGNALING_BY_FGFR","REACTOME_SIGNALING_BY_FGFR",87,-0.428416502521892,-1.4792245011484,0.0170713802514597,0.0805555755615752,0.059150835081812,1997,"tags=16%, list=11%, signal=14%","FGFBP3/FGF2/TIA1/SPRY2/FGF17/FGF10/SRC/FGF19/FGFR1/FGFR2/FGF8/FGF4/FLRT3/FGFR3"
"REACTOME_PROCESSIVE_SYNTHESIS_ON_THE_C_STRAND_OF_THE_TELOMERE","REACTOME_PROCESSIVE_SYNTHESIS_ON_THE_C_STRAND_OF_THE_TELOMERE",19,0.578804764764531,1.63319604464535,0.0172255938171551,0.080976745658085,0.0594600944067732,1748,"tags=37%, list=10%, signal=33%","RPA3/TERF2/ACD/WRN/BLM/PCNA/POLD2"
"REACTOME_ACTIVATION_OF_THE_PRE_REPLICATIVE_COMPLEX","REACTOME_ACTIVATION_OF_THE_PRE_REPLICATIVE_COMPLEX",33,0.490233921064905,1.57193850342092,0.0172798059167363,0.080976745658085,0.0594600944067732,6134,"tags=61%, list=34%, signal=40%","RPA3/GMNN/CDT1/POLE3/PRIM2/ORC5/ORC4/PRIM1/DBF4/ORC3/MCM3/ORC2/MCM4/POLE4/MCM6/RPA1/CDC45/POLA1/RPA2/MCM5"
"REACTOME_LGI_ADAM_INTERACTIONS","REACTOME_LGI_ADAM_INTERACTIONS",13,-0.704433867080411,-1.64485589703301,0.0175782727659139,0.08181120783862,0.0600728283420563,703,"tags=54%, list=4%, signal=52%","CACNG8/LGI2/LGI3/CACNG3/ADAM11/ADAM23/LGI1"
"REACTOME_HEME_SIGNALING","REACTOME_HEME_SIGNALING",46,-0.498047668434395,-1.5329327170109,0.0175267613018667,0.08181120783862,0.0600728283420563,4240,"tags=43%, list=24%, signal=33%","NPAS2/HBA1/CRTC3/MEF2C/PPARA/ATF2/NFE2L2/RORA/BACH1/RXRA/SIRT1/NCOA2/TBL1XR1/NCOA6/SMARCD3/CREBBP/NCOA1/APOA1/TBL1X/RAI1"
"REACTOME_FGFRL1_MODULATION_OF_FGFR1_SIGNALING","REACTOME_FGFRL1_MODULATION_OF_FGFR1_SIGNALING",12,-0.689331597145821,-1.55557436622225,0.0176856881219926,0.0820302053166823,0.0602336351343595,1931,"tags=42%, list=11%, signal=37%","FGF2/FGF17/FGF10/FGF8/FGF4"
"REACTOME_FOLDING_OF_ACTIN_BY_CCT_TRIC","REACTOME_FOLDING_OF_ACTIN_BY_CCT_TRIC",10,0.712841689704295,1.67157736742941,0.0178611094608363,0.0820757486838379,0.0602670769933607,3145,"tags=70%, list=17%, signal=58%","CCT4/CCT3/CCT8/CCT5/CCT7/CCT2/TCP1"
"REACTOME_SHC_MEDIATED_CASCADE_FGFR1","REACTOME_SHC_MEDIATED_CASCADE_FGFR1",19,-0.622424549830676,-1.58787128842889,0.0177739113951906,0.0820757486838379,0.0602670769933607,1931,"tags=47%, list=11%, signal=42%","GRB2/FGF3/FGF1/FGF2/FGF17/FGF10/FGFR1/FGF8/FGF4"
"REACTOME_REGULATION_OF_IFNA_IFNB_SIGNALING","REACTOME_REGULATION_OF_IFNA_IFNB_SIGNALING",12,0.638138959444977,1.57292896665682,0.0178766899267226,0.0820757486838379,0.0602670769933607,2368,"tags=33%, list=13%, signal=29%","JAK1/STAT1/SOCS1/PTPN6"
"REACTOME_O_GLYCOSYLATION_OF_TSR_DOMAIN_CONTAINING_PROTEINS","REACTOME_O_GLYCOSYLATION_OF_TSR_DOMAIN_CONTAINING_PROTEINS",39,-0.52519007443916,-1.560351863721,0.0179482670769151,0.0821269190489144,0.0603046506784174,4615,"tags=51%, list=26%, signal=38%","ADAMTS18/ADAMTS9/SEMA5A/ADAMTSL4/THSD4/ADAMTS16/SPON1/POFUT2/ADAMTS19/ADAMTS4/ADAMTS7/ADAMTS2/B3GLCT/THBS2/SSPOP/SPON2/SEMA5B/ADAMTS13/ADAMTSL5/THSD7A"
"REACTOME_RHO_GTPASES_ACTIVATE_KTN1","REACTOME_RHO_GTPASES_ACTIVATE_KTN1",11,0.66149735658748,1.5994263300865,0.0184001419312589,0.0835030147262036,0.0613150985325441,3285,"tags=45%, list=18%, signal=37%","CDC42/RHOA/KTN1/RAC1/KIF5B"
"REACTOME_PRESYNAPTIC_DEPOLARIZATION_AND_CALCIUM_CHANNEL_OPENING","REACTOME_PRESYNAPTIC_DEPOLARIZATION_AND_CALCIUM_CHANNEL_OPENING",10,-0.735857906433688,-1.59029720926367,0.0184748679850787,0.0835030147262036,0.0613150985325441,4021,"tags=80%, list=22%, signal=62%","CACNG4/CACNB2/CACNA2D3/CACNA1B/CACNA1A/CACNB3/CACNB1/CACNA2D2"
"REACTOME_NEGATIVE_REGULATION_OF_FGFR2_SIGNALING","REACTOME_NEGATIVE_REGULATION_OF_FGFR2_SIGNALING",32,-0.540438488784826,-1.54050102279259,0.0184947810394314,0.0835030147262036,0.0613150985325441,2835,"tags=44%, list=16%, signal=37%","FGF7/CBL/GRB2/FGF3/FGF1/PPP2R1A/FGF2/SPRY2/FGF17/FGF10/SRC/FGFR2/FGF8/FGF4"
"REACTOME_HCMV_INFECTION","REACTOME_HCMV_INFECTION",147,0.318852596023883,1.35391005401802,0.0184430116202864,0.0835030147262036,0.0613150985325441,5288,"tags=40%, list=29%, signal=29%","H2AC12/NUP37/ITGB1/H2AC13/H3C7/H4C2/TUBA4A/H3C12/TUBA1B/EED/NUP35/CHMP7/H3C3/GPS2/NCOR1/H2AC7/HNRNPK/NUP155/H4C3/TUBB8/PML/H2BC6/NUP210/H2BC13/CBX1/SEH1L/CREB1/TUBAL3/H3C13/H2BC21/NUP160/NUP88/HDAC3/H4C11/TUBA1C/NCOR2/NUP93/H2BC4/TUBA3D/TPR/NUP205/H2BC8/DYNC1H1/TRIM28/H4C16/H2AC14/NUP43/H2AC16/VPS37A/H3C1/CHMP3/CHMP2B/TUBA4B/H2AC25/NFKB1/SEC13/H2AC6/NUP98/H3C11"
"REACTOME_INTERLEUKIN_10_SIGNALING","REACTOME_INTERLEUKIN_10_SIGNALING",27,0.521744614815625,1.59099421420321,0.0189124094970549,0.0845459358766368,0.0620809009806372,3380,"tags=44%, list=19%, signal=36%","JAK1/CXCL2/LIF/CXCL1/TNFRSF1A/IL12B/PTGS2/IL18/STAT3/TNFRSF1B/IL10RB/TIMP1"
"REACTOME_GAP_FILLING_DNA_REPAIR_SYNTHESIS_AND_LIGATION_IN_GG_NER","REACTOME_GAP_FILLING_DNA_REPAIR_SYNTHESIS_AND_LIGATION_IN_GG_NER",25,0.523212268638966,1.56474886119019,0.0188611563547864,0.0845459358766368,0.0620809009806372,2536,"tags=32%, list=14%, signal=28%","RPA3/UBB/RFC1/POLE3/PCNA/POLD2/RFC4/RPS27A"
"REACTOME_B_WICH_COMPLEX_POSITIVELY_REGULATES_RRNA_EXPRESSION","REACTOME_B_WICH_COMPLEX_POSITIVELY_REGULATES_RRNA_EXPRESSION",77,0.361231084586283,1.40914582749241,0.0188622372562846,0.0845459358766368,0.0620809009806372,4039,"tags=34%, list=22%, signal=26%","POLR2L/POLR1E/H3C7/H4C2/H3C12/POLR2F/H3C3/POLR2H/H2AC7/H4C3/SMARCA5/H2BC6/H2BC13/POLR1B/POLR1C/H3C13/POLR1F/H2BC21/POLR1D/POLR1G/H4C11/GSK3B/H2BC4/DEK/H2BC8/SF3B1"
"REACTOME_CD28_DEPENDENT_VAV1_PATHWAY","REACTOME_CD28_DEPENDENT_VAV1_PATHWAY",10,0.706944253162097,1.65774817983815,0.0196294809640437,0.0868940215965321,0.0638050675601351,2221,"tags=50%, list=12%, signal=44%","LCK/FYN/CDC42/VAV1/RAC1"
"REACTOME_RHO_GTPASES_ACTIVATE_CIT","REACTOME_RHO_GTPASES_ACTIVATE_CIT",19,0.57110412348409,1.61146737610966,0.0195531560082379,0.0868940215965321,0.0638050675601351,4037,"tags=58%, list=22%, signal=45%","RHOC/MYL12B/MYH11/RHOA/KIF14/RAC1/MYL6/PRC1/MYH14/PPP1R12A/PPP1R12B"
"REACTOME_HEDGEHOG_ON_STATE","REACTOME_HEDGEHOG_ON_STATE",73,0.379540434309703,1.45574978293339,0.0195682748123363,0.0868940215965321,0.0638050675601351,2791,"tags=38%, list=15%, signal=33%","PSMA5/PSMD14/PSMD13/PSMA6/PSMA7/UBB/PSMD8/PSMA1/PSMA2/PSMB1/PSMA4/PSMD1/PSMC2/ITCH/SEM1/PSMB6/PSMD7/PSMD6/PSMD3/CUL3/RBX1/PSMC3/CSNK1A1/PSMA3/PSMB5/RPS27A/ARRB2/PSMC6"
"REACTOME_CARDIAC_CONDUCTION","REACTOME_CARDIAC_CONDUCTION",123,-0.388913059726999,-1.40553548193015,0.0197209303685548,0.087015403801513,0.0638941968195146,3022,"tags=30%, list=17%, signal=25%","FXYD7/KCNIP2/KCNJ4/SCN4B/CAMK2B/CACNG8/CAMK2A/FGF11/CAMK2D/KCNK4/ATP1B2/TBX5/SCN11A/ATP2B1/FXYD6/TRPC1/KCNIP3/KCND1/KCNH2/CLIC2/KCNK1/ATP2B4/NPR2/KAT2B/SCN1B/KCNK12/HIPK1/ASPH/RYR3/KCNA5/FXYD3/CACNB1/SCN4A/SLC8A2/KCNE4/HIPK2/CACNA2D2"
"REACTOME_VLDLR_INTERNALISATION_AND_DEGRADATION","REACTOME_VLDLR_INTERNALISATION_AND_DEGRADATION",16,0.607348639570943,1.62544908027081,0.0200562088110881,0.0882083746740088,0.0647701786847608,2536,"tags=38%, list=14%, signal=32%","UBB/AP2S1/CLTA/VLDLR/NR1H3/RPS27A"
"REACTOME_ASSOCIATION_OF_TRIC_CCT_WITH_TARGET_PROTEINS_DURING_BIOSYNTHESIS","REACTOME_ASSOCIATION_OF_TRIC_CCT_WITH_TARGET_PROTEINS_DURING_BIOSYNTHESIS",39,0.457780533290961,1.53971884639962,0.0201771702858249,0.088454111027213,0.0649506194599728,3394,"tags=44%, list=19%, signal=35%","CCT4/FBXL5/KIFC3/XRN2/CCT3/LONP2/CCT8/CCNE1/CCT5/AP3M1/CCT7/CCT2/FBXW7/STAT3/HDAC3/TCP1/TP53"
"REACTOME_RHO_GTPASES_ACTIVATE_PKNS","REACTOME_RHO_GTPASES_ACTIVATE_PKNS",80,0.370906374822856,1.46463493349377,0.021356659654705,0.093054222770497,0.0683284173242176,4056,"tags=32%, list=23%, signal=25%","RHOC/MYL12B/H3C7/MYH11/H4C2/H3C12/YWHAE/RHOA/H3C3/H2AC7/YWHAQ/H4C3/RAC1/MYL6/H2BC6/H2BC13/H3C13/H2BC21/AR/H4C11/MYH14/H2BC4/PPP1R12A/H2BC8/PPP1R12B/YWHAB"
"REACTOME_TRANSPORT_OF_MATURE_TRANSCRIPT_TO_CYTOPLASM","REACTOME_TRANSPORT_OF_MATURE_TRANSCRIPT_TO_CYTOPLASM",84,0.363818157590685,1.44355361465644,0.0213634418722554,0.093054222770497,0.0683284173242176,3925,"tags=33%, list=22%, signal=26%","THOC2/THOC1/NUP37/DDX39A/U2AF1/NCBP1/SARNP/NUP35/WDR33/ALYREF/EIF4E/NUP155/SRSF4/NUP210/SEH1L/CDC40/SRSF11/NUP160/THOC7/NUP88/FIP1L1/NXT1/SRSF1/NXF2B/NUP93/CPSF3/TPR/NUP205"
"REACTOME_CELL_DEATH_SIGNALLING_VIA_NRAGE_NRIF_AND_NADE","REACTOME_CELL_DEATH_SIGNALLING_VIA_NRAGE_NRIF_AND_NADE",76,-0.437280393043467,-1.47616060697195,0.0217192174316242,0.094301650126445,0.0692443858253901,4446,"tags=45%, list=25%, signal=34%","ARHGEF26/NGFR/APH1A/NGEF/TRAF6/ARHGEF10L/SQSTM1/ARHGEF19/MAGED1/ARHGEF5/OBSCN/ARHGEF9/PSENEN/ARHGEF37/ARHGEF33/MCF2L/BCL2L11/ARHGEF16/ARHGEF18/KALRN/ARHGEF4/NCSTN/TIAM2/ARHGEF40/SOS2/NGF/PLEKHG5/TIAM1/ARHGEF2/ITSN1/PLEKHG2/ABR/ARHGEF38/FGD4"
"REACTOME_COOPERATION_OF_PDCL_PHLP1_AND_TRIC_CCT_IN_G_PROTEIN_BETA_FOLDING","REACTOME_COOPERATION_OF_PDCL_PHLP1_AND_TRIC_CCT_IN_G_PROTEIN_BETA_FOLDING",37,0.463340232132895,1.53283279161964,0.0218787117163727,0.0946916217278679,0.0695307365307454,3335,"tags=38%, list=19%, signal=31%","CCT4/RGS9/GNG4/CCT3/GNG12/CCT8/CCT5/CSNK2A1/CCT7/CCT2/GNAQ/GNGT1/TCP1/GNG11"
"REACTOME_PIWI_INTERACTING_RNA_PIRNA_BIOGENESIS","REACTOME_PIWI_INTERACTING_RNA_PIRNA_BIOGENESIS",27,0.512228247945463,1.56197525703388,0.0221567012375957,0.0955903396250555,0.0701906525421577,3606,"tags=44%, list=20%, signal=36%","POLR2L/TDRD1/POLR2D/PIWIL2/POLR2F/MOV10L1/HSP90AA1/POLR2H/FKBP6/PLD6/MYBL1/POLR2J"
"REACTOME_REGULATION_OF_HOMOTYPIC_CELL_CELL_ADHESION","REACTOME_REGULATION_OF_HOMOTYPIC_CELL_CELL_ADHESION",29,-0.550503748149893,-1.54672504991277,0.0225579489081616,0.0970134574879483,0.0712356281310368,3741,"tags=45%, list=21%, signal=36%","ADAM19/ANGPTL4/CTNND1/ILF3/JUP/CDH19/AGO4/BHLHE22/CDH24/SOX10/TNRC6A/ZEB2/CDH11"
"REACTOME_GOLGI_CISTERNAE_PERICENTRIOLAR_STACK_REORGANIZATION","REACTOME_GOLGI_CISTERNAE_PERICENTRIOLAR_STACK_REORGANIZATION",14,0.618296729602436,1.5719337336206,0.0229178996085588,0.0982505538423703,0.072144010721945,4000,"tags=50%, list=22%, signal=39%","CDK1/RAB1B/CCNB1/RAB2A/PLK1/GORASP2/CCNB2"
"REACTOME_APOPTOTIC_CLEAVAGE_OF_CELL_ADHESION_PROTEINS","REACTOME_APOPTOTIC_CLEAVAGE_OF_CELL_ADHESION_PROTEINS",11,-0.695480960804317,-1.53151644215183,0.0230875412151024,0.0986665676456737,0.0724494838527544,718,"tags=27%, list=4%, signal=26%","OCLN/DSP/CDH1"
