ABR	6.60237887482242
EEF1A1P11	5.38687608134372
AGAP7P	5.11549954703336
SHISA2	4.74970911894601
RASL10B	4.32375252911909
RYR1	4.23020678722374
ADAMTS7P1	4.08551948046928
SYT13	4.07630497032417
SLIT2	4.07598568187387
LGALS3BP	4.07015559940666
TMEM163	4.03751835008452
NME1-NME2	4.02117237108923
RASA4B	3.97024241051982
EMX1	3.94175599149688
CALCRL	3.92535511812158
INTS10	3.89680801048509
RAB38	3.87840357944921
SHOX2	3.86727647578553
HSPG2	3.86461646160417
PLD6	3.85556774498014
CLDN19	3.83363598363727
LPL	3.83047361848761
MSX2P1	3.7670148898484
GDF6	3.76097441015318
ID3	3.67512336186357
FAM220A	3.66949681358008
SIM2	3.65032868595833
RASD2	3.64861119229548
BNC1	3.6454464536224
ZNG1DP	3.62831079309802
ANO9	3.61626620293285
MAT1A	3.60140538140263
RGS3	3.59860130993862
CYP2U1	3.58791964392669
ARHGAP23	3.57590116972863
GATM	3.55267895228271
TAC3	3.52842735653534
IGSF1	3.52471994241725
EGR3	3.52410755732341
C10orf105	3.51534072730214
EIF5AL1	3.51055110608746
CD74	3.48811373477817
RHBDL2	3.48055720382517
CADM2	3.47443195712457
COG5	3.46227049581936
RASA4	3.45752718666916
SPTSSB	3.45417817078175
PPFIA3	3.43549101124373
DGKK	3.42416721792921
ISOC1	3.4214417975219
MAP3K7CL	3.42006382820847
COL9A1	3.41467270417397
TINAGL1	3.39304901018236
DIS3L	3.36270181131129
IDS	3.36132628436473
RIN1	3.35614504726065
PRKCB	3.34795209993722
IFI30	3.33743176405488
BRINP2	3.33488710753522
CHGA	3.33143584104719
MLF1	3.32825429611659
PPFIBP1	3.32506869236228
SLC9A5	3.32492241058533
AKNA	3.31804562307336
TNFAIP8L1	3.31393924240373
MSN	3.30172150054881
IGSF3P2	3.29739935952404
TTC38	3.28822223645484
SERPINF1	3.27684473596604
SYN1	3.26840810328706
MALL	3.26734648704833
TMEM151B	3.26632618708718
MMP16	3.26427271245953
GSDMD	3.26228291822306
SLC5A8	3.24259687645187
MFGE8	3.229426557361
FYN	3.22277144871462
PRR5L	3.21127180078215
RRAS	3.20887224911094
PIK3R6	3.20164994666055
BTBD17	3.19895559379892
LANCL1	3.19621213222944
ESPNL	3.18106481656288
KRT222	3.17480748759506
GRIA3	3.16725529646445
ANKRD34B	3.16622436501022
PTX3	3.16309946282791
SNCA	3.15320523951599
ANKRD20A2P	3.15240096935982
SPESP1	3.13024768613949
TCF15	3.12697527546316
GSTM1	3.12091178058674
AMOT	3.11625378925305
FSD1	3.11462123801425
TMEM185A	3.1067254827742
TMEM196	3.10615755364125
TMEM130	3.10142380158111
LPIN2	3.0958441864919
MYL11	3.0946494594335
RTN4RL2	3.09103824339016
DOK4	3.08085464203122
BICDL1	3.07379458838813
WDPCP	3.07253351624069
PHF24	3.07132418693556
IGFBP6	3.07036724900532
CDK11A	3.06281419947346
CLGN	3.06266218025979
EPHB1	3.06022853505925
TNNT1	3.04899794172748
FHOD1	3.0485008561383
ALKBH2	3.04836641563835
CHP2	3.04545580683975
ENG	3.04042606570515
SV2B	3.04001932968574
DAGLA	3.03920386714268
EHBP1L1	3.03882126466612
PPM1J	3.037751484199
ENTPD1	3.03495953724603
HPCAL4	3.01258708520521
JPH4	3.01225667480416
BUB1	3.01035881610176
FAT2	3.00856596997906
ATN1	3.00418956855677
PLXDC2	3.00333359401094
BIN1	2.99953106226547
IQSEC3	2.99531755808087
CILP2	2.99191267106499
CNTNAP3P7	2.98463697965696
SLC15A3	2.9776982804139
HSPE1-MOB4	2.97340766722827
NT5E	2.96913251998501
CPXM2	2.96635059257775
ANGPT4	2.96028324579438
NRXN2	2.95629270686725
XYLT1	2.95468796401207
PDGFRB	2.95169408390768
CHST1	2.94752521444883
ADAMTSL2	2.94033778190136
GRM8	2.93766021458821
BATF2	2.9358762001212
GALNT14	2.93530387734896
BMP6	2.93396537689501
TGIF1	2.93265330098988
SLC22A17	2.93246405556748
USP6	2.93084367391596
GAL3ST1	2.93044696567031
PLLP	2.92806627459497
SH3PXD2A	2.92714114049215
TBC1D9	2.92511391271958
CSMD2	2.92386186247114
PGA5	2.92206185815639
RSPO2	2.92184769950151
TNFRSF18	2.92162313869195
BGN	2.90969317758893
MX2	2.90123950642447
CHMP7	2.90018284270639
ZNF672	2.89875980543655
SLC35C1	2.89718281305962
SNPH	2.89231673540546
RPS10-NUDT3	2.89228537667523
RSRC1	2.88901239844554
TACR3	2.88451333937433
GPC3	2.88199058816215
PTGES	2.87258132016538
UCMA	2.87134895883678
SARDH	2.86954451896204
ANKRD24	2.86725475577431
KLF9	2.86152014890108
ELOVL3	2.85683327908965
OR4D1	2.84797632367864
CX3CL1	2.84796131217746
STAB1	2.84234719902857
GALNT9	2.84043823193441
RAD51C	2.83746599608185
CALHM2	2.83652240666472
COLEC11	2.836474874777
RABEPK	2.83215779905252
RPL23AP82	2.81739828867929
ADRA2B	2.81610989614917
SYNE4	2.81136133036803
IRX3	2.81099797547348
PLXNB3	2.80689773036924
HTR1B	2.80120302517085
ZC3H18	2.80057203130616
DISP2	2.79957360723267
DISP1	2.79949497206848
GRIK5	2.79179500288459
GRIN2B	2.79090570854976
BCAT2	2.78651165477811
COBL	2.78623612828582
DPY19L2P4	2.78604161248014
SP110	2.78474429362803
ATP10B	2.77962754036006
PSMG3	2.77755140141824
FHOD3	2.77310106059284
SYP	2.76381421239032
COMT	2.75981957575289
MAP3K11	2.758773376993
TOR4A	2.75679896669501
ZSWIM9	2.75525598689786
MXRA5Y	2.75496927739172
ST8SIA1	2.75453098314378
PNMA5	2.75245855109665
RAPGEF3	2.74609350409257
CIMIP2C	2.74279519009086
ADGRF5	2.74220804640514
TSPAN15	2.73953030149522
MARCHF4	2.73759931891582
SYNPO	2.73621758391436
OXCT2	2.73419923044092
CYBA	2.73083625391149
LINC02203	2.7287861261599
BCAM	2.72832284942572
EPHX2	2.72822702490325
PCLAF	2.72680126493007
FCHO1	2.7267837458329
DUXAP10	2.72677065065452
PRKD2	2.72442320578751
STAMBPL1	2.72211885516236
GTF2IP12	2.72090438900313
IKBKE	2.72011387287273
FCGR2A	2.71912326707475
CADM4	2.71131839349278
OAS3	2.70975615781663
ATP1A2	2.70660645600178
MFAP2	2.70648660283328
PF4V1	2.70514157703808
UNC5D	2.70274462479485
HERC4	2.69895343047421
EDA	2.6963707297984
CDH5	2.69549035476025
KIF17	2.68972939022997
RELB	2.68966155009909
CD79B	2.68862109698212
TMEM82	2.68351528420775
GRIK2	2.6819222974246
RRBP1	2.67992688745266
ANKRD36BP2	2.6773289235164
HYPK	2.67510625223103
LRATD1	2.66983099354263
CA11	2.66739772109548
DPEP1	2.66279337107636
TNNT2	2.65570800811158
CARS1	2.64788982791918
SH3TC1	2.64603637398003
TTYH3	2.64345457171221
CUZD1	2.64204206437295
HDDC2	2.64146323649725
IFIT1	2.62329804483222
GAL3ST2	2.62211392277629
SNAI3	2.62082740015318
TRDN	2.61942747698346
ANGPTL2	2.61238674853625
MAPRE2	2.61226899288252
PTGIS	2.61136277023063
ADGRD1	2.6108127299652
WHAMMP3	2.60941816082036
POC1A	2.60848967366181
LMO2	2.60781070582412
HADH	2.60649830721447
LRRC36	2.603991870634
NPTX2	2.60123636513683
CRYBG1	2.59981046819292
VSTM4	2.59727516315979
SLC5A2	2.59307470686626
CRYBA4	2.59195160125361
BMP8B	2.59000844612068
TNFRSF1A	2.58970817857026
CCDC136	2.5881315224852
HEYL	2.58614525320977
QRFPR	2.57593861950732
C1GALT1C1L	2.56767013800931
SEC61A2	2.56667340738763
EHBP1	2.56408141245303
PLA2G4A	2.56278979685799
RELL2	2.56271800496969
MEIOC	2.56008156340386
CADPS2	2.55563138988983
SERPINI1	2.55483319847237
CACNB3	2.55354502384474
GSTM3	2.55142737144359
LAPTM5	2.55124096040885
WASF1	2.54992794394744
TIMP1	2.54881075671518
DNER	2.548598254976
MXD4	2.54663332137253
HLA-DOA	2.54594391164988
TRIM32	2.54177666746606
RFPL3	2.54174958213953
SULT1A2	2.54047838934503
ANKRD13B	2.53987278259912
ACAP1	2.53696884106667
BEX2	2.53405875880232
ADISSP	2.53367202914416
ADCY6	2.53121058299525
TOX	2.52994015136547
F10	2.52957880745082
BMS1P7	2.52812089797034
EVI5L	2.52603988949973
EGR4	2.52550057440669
ZDHHC19	2.52355480848602
ACTL6B	2.5222697249856
FCRL5	2.52205079493909
LAMP5	2.51320978818847
CHRNB2	2.51038285943858
MTSS2	2.50968773404037
SNAI2	2.50749870698545
SRD5A3	2.50652515788641
SLC38A4	2.50460468960711
DDX25	2.50196520920526
NOVA2	2.50150008542095
FZD9	2.50011070134328
ENTREP3	2.49085439997439
STAT1	2.48685054715473
NT5DC3	2.48655087286572
FBXO43	2.48645212196071
KCND2	2.48431365954621
NLGN3	2.48119817702791
ATAD3C	2.47960828551919
GRB14	2.47927009999682
WNT2B	2.47924063668226
SEMA6B	2.47919158927221
CBLN1	2.47693795292843
MFSD2A	2.47644711127725
TGFBI	2.4753435695967
IP6K3	2.47517897533497
HS3ST5	2.47491759956591
USP44	2.47411657425211
C1S	2.47335077209296
OTOF	2.47167704707441
NPAS4	2.4712997922678
KCNAB2	2.47050820857658
TCEAL5	2.46864608642614
TCEAL6	2.46812872566513
CHSY3	2.46616360852379
MSRB3	2.46607986827521
ERICH2	2.46317440528814
SLC8B1	2.45992747370018
NFKBIE	2.45831306148032
SEZ6L2	2.45701577492663
PKD1L2	2.45673391392535
ATP5F1E	2.45509500946891
PIR	2.45327710921831
EPS8L1	2.45188677757672
FKBPL	2.45125964733178
PNPO	2.44930547791703
NPIPB3	2.44689898859124
BTN3A1	2.44079661133272
TICAM1	2.44058243704776
EFHC1	2.43452577115611
ACOXL	2.4289021579649
IL17C	2.4287221434228
APLP1	2.42728272003255
GATD3	2.42629363584208
FNDC7	2.42593828714573
CSMD1	2.42582824595742
MOB3C	2.42546415948281
APOBEC3G	2.42399073234234
ODF2L	2.42231727317302
ITGA4	2.42230957517717
GAL3ST3	2.41554035026218
ASMTL	2.40899253475666
DMPK	2.4077255055969
PMEL	2.40299205437918
SHISA4	2.40149928699694
CLVS2	2.40068109446881
C22orf15	2.39910752678354
SPRR2F	2.39347060039893
HTRA3	2.39260976666975
PLEKHG4	2.39094220677501
GCK	2.38710307775197
GLT8D2	2.38058980989939
PDGFB	2.37995723718593
CGB2	2.37940526935376
NPHS1	2.37819589742612
ELN	2.37788991292531
FAM111A	2.37701530342843
PODNL1	2.37685888989441
SLC48A1	2.37273316731468
LHFPL6	2.37148506050179
CXCL6	2.36837532170684
GPR39	2.36773881281696
SEC14L4	2.36670092385271
ARMC5	2.36524704634499
BRAT1	2.36432178288151
CMTM5	2.36389811864358
TGFB1I1	2.36160185845625
LCN1	2.3547522493854
RAB11FIP5	2.35356085878344
DPYD	2.35310725157593
NFS1	2.35262109694364
PABPC1L2B	2.35206302983921
KANK1	2.35171472260393
CPEB1	2.35120020629472
STXBP1	2.35044091995678
PLA2G4C	2.34946572177551
MRI1	2.34935991744263
S100A16	2.34840563840259
PFKP	2.34743524384118
STEAP3	2.3473789492902
THUMPD2	2.34560326924997
ZFHX2	2.34462725993806
TNS2	2.34177036531756
LYPD1	2.34145278408307
TMEM161A	2.34074364455414
LOXL1	2.3402964281242
C2orf78	2.33667475267857
ST6GALNAC3	2.3357802867369
TBKBP1	2.33498537254937
LSP1P4	2.33486727672554
RIMS1	2.33420354155377
URI1	2.33266233342721
MOCOS	2.33246118706973
TFR2	2.33095727823493
DGAT2	2.3305340565521
TTLL10	2.32895453921446
CFAP68	2.32520223834928
HPSE	2.32021115729825
MPZL2	2.31862973352922
C1orf94	2.31268684171615
STING1	2.31126495728077
UNC13A	2.30933165712237
CREB3L1	2.30885147134106
SLC45A1	2.30850834627022
TTPA	2.30181881221469
CYP2J2	2.30022193705685
BTG2	2.29500895326193
CBX6	2.2947886288941
SMOC1	2.29209282091869
KIF5A	2.28932093206914
CHI3L1	2.28789974817503
SCLY	2.28450742794858
FOXS1	2.28277838890326
PRCP	2.27323982263595
ENPEP	2.27142920517725
EBI3	2.27114977212746
MYBPC2	2.27086166066914
UGT3A1	2.27045477878972
TFRC	2.26796756505077
SOD1	2.26505783497887
PIP4P2	2.26494086575444
C3orf70	2.26349634644139
INSC	2.26260045579409
TM7SF3	2.26145619897033
ADAMTS10	2.25989808414878
CXCR2P1	2.25856669196291
GNB1L	2.25693964263276
TAGLN3	2.25528231025787
RGS2	2.25459136950885
TP73	2.2543463147624
ATP10D	2.25410207841917
SEMA3F	2.25340333050405
ADRB2	2.25322462922894
RUNX2	2.25285264212065
CBLB	2.25283287334394
AMPD3	2.25190876788808
CALHM1	2.24759065755029
KLHL13	2.24635302516964
NBPF8	2.24552103095097
LCN10	2.24513156054761
ITPR1	2.24372988382788
SCUBE1	2.24342318941748
NUCB2	2.24322550704639
HMOX1	2.24277505826504
JAM2	2.24263797924353
PLIN4	2.24207967669072
SLC27A1	2.23788805662547
KCNN3	2.23643620139256
KRT10	2.23457712293296
ZBTB7C	2.23424320503347
AMBP	2.23411943763982
FUT9	2.23401536672179
PRDM6	2.2335113134458
ST3GAL3	2.23344010907019
DLG4	2.22947129503972
PHC1	2.22881536363749
PDZRN3	2.22736367464748
VSNL1	2.22481678065038
RCSD1	2.22409826160763
PNLIPRP2	2.22403269535752
CNNM1	2.21950882036312
ACKR1	2.21685286392087
PLPPR5	2.21558931166183
AHSG	2.21388720119937
COLGALT2	2.21375314824421
RGS9	2.21149248818483
GGT8P	2.21128180871181
NECAP2	2.20995070243932
ADAMTS4	2.20918344096715
CAPN12	2.20856843482391
INSYN1	2.20664593513923
MEIOB	2.2058478569853
DOK5	2.20504384944739
PLPP7	2.2043958283622
CAPN13	2.20438005993554
FOLR1	2.20329742106558
MUC4	2.20134603036414
ZNF768	2.20062077658584
KRT10-AS1	2.19938540914133
LFNG	2.19826759903292
APLF	2.19821404158748
LGALSL	2.19705871547481
STK32B	2.19659866554895
PLCD4	2.19513607402908
ICA1	2.19443784872862
ENPP6	2.19206022803942
SLC29A1	2.18991561470707
STARD9	2.18700309200876
ALX1	2.18608297401111
ICAM5	2.18603754480729
MPO	2.18591405431382
NOL4	2.1851646912702
MAD1L1	2.18380464458653
PALM2AKAP2	2.18329934140331
DAAM2	2.1774532938586
ARL14EP	2.17666418655896
MATN4	2.17662475294236
KLK11	2.176561031464
NKX2-4	2.17208577957882
GNE	2.17091379941917
GTF2H2	2.16766995993702
ALDH1B1	2.16631108432363
PRSS3	2.16572802384407
COLEC12	2.16249639226265
TCEAL2	2.16241509657029
GABRA2	2.16154605900259
ANXA4	2.15799330274318
PHYHIP	2.15729847305393
TUBB4A	2.15678667010967
RAB7B	2.15593041403888
SLC19A3	2.15558910729199
SLC22A5	2.15540511575768
CYP26B1	2.15475001761056
STON1-GTF2A1L	2.15310376276885
ADM5	2.15301543902614
VSIR	2.15256289160472
THOC2	2.15131633195541
TSPAN10	2.15087093537176
OPTC	2.15023037899698
NPIPA1	2.14639603474238
BEST2	2.14569113680687
APOE	2.14527038210087
NTM	2.14506227790584
CPZ	2.14361064631485
ERMAP	2.13941295615894
P3H2	2.13832464317073
GLYATL1	2.13823507716105
DKKL1	2.13750577266509
HTR3A	2.13604447395647
MYRF	2.13432772974555
TNFRSF11A	2.13376567427513
NEU3	2.13214959456338
NIBAN2	2.13177607601421
MOXD1	2.13164157514134
KLK7	2.13162146077753
PDE4A	2.13112150665667
PPM1H	2.13104522846399
SPIRE2	2.13063710889529
ASGR2	2.13040645497692
PLAUR	2.12961202495993
SUFU	2.128997967531
MYO7A	2.1281948596377
OPCML	2.12562577602052
PYCARD	2.12535303782734
LOXL2	2.12487921961222
RHBDF2	2.12405847215313
PEX5L	2.1238152595515
CHGB	2.12331578214273
CCBE1	2.12285595759879
THADA	2.12210058997225
KLK5	2.12103066997398
BRINP1	2.1174921956699
PLAGL1	2.11625133844035
PAM	2.11565690074035
FES	2.11286977673161
VAT1L	2.1090856434155
GMDS	2.10684177158874
UNC80	2.1044037089136
IRF3	2.10301893435002
ACTA2	2.10215794879433
TTN	2.10168231249915
RP9P	2.09987534715259
ERCC2	2.09925473763977
TLL1	2.09892407514081
PTGFR	2.09837381638788
SSTR3	2.09657901591591
ZCCHC3	2.09634605450779
ZNF436	2.09500577288881
TEX11	2.09436750935951
EIF5A2	2.09400791440667
SP100	2.09326752317754
FTH1	2.09300135091298
GGACT	2.09276392083044
TET2	2.09257027428508
SGIP1	2.09229767890626
RASIP1	2.09188893503971
CPS1	2.09156407782464
EPHA6	2.09144766177556
C3orf80	2.08705726615827
CCL25	2.08665023337612
KANK2	2.08503492299173
IGSF9	2.08412366337445
GALNT18	2.08298962729656
CYP2R1	2.07973656973577
UBE2L6	2.07939326070398
HNMT	2.07783891319135
ZDHHC14	2.0772350412722
CHST13	2.07586786949951
NBDY	2.0755673488035
OLFML2B	2.07502458111762
SHC1	2.07437052047308
TMEM243	2.07255056971661
GPR17	2.06900213602379
FZD1	2.06658818249709
HEPH	2.06536890478794
SERPINA5	2.06478384955808
TUBA4A	2.0627893517313
SDHAF4	2.06063886939055
FABP7	2.05938418776386
ERI3	2.05879090689607
RTN1	2.0548774125743
FANCL	2.05473310243855
BEND6	2.05291425277464
C1orf226	2.05259023796322
STEAP1	2.05218430851917
ANKRD52	2.05143984306179
SNTA1	2.0508184176418
WDR62	2.05062274960377
GEMIN6	2.04963354102326
LRFN4	2.04814866829051
AMZ2P1	2.04746028780281
TMC6	2.04363875976807
LHX6	2.04311895385352
CHCHD6	2.04136495661618
NEUROG2	2.03668381731635
GDAP1L1	2.03650589218973
IL7	2.0355941164109
HAUS7	2.03449189560932
STXBP5L	2.03445898560761
CFAP74	2.03354652729011
PPM1F	2.02972900278306
GPR20	2.02933985169596
GAA	2.02921902234633
SND1	2.02912053523054
CD320	2.02695839963179
SCRT2	2.02662260398073
NAIP	2.02562841104219
GRM3	2.02405900549236
SH3BGR	2.02346295608545
WWOX	2.02322014875572
RAB3C	2.02297234280329
IQCA1	2.02155580834138
RNF128	2.02133187730426
SCTR	2.01881676330093
ZFYVE28	2.01726900838055
SOD3	2.01667904032886
A1BG	2.01651548188152
GTF2A1L	2.01616091126505
CYP1B1	2.01445542289543
SLC52A1	2.01444803211643
PMS2P2	2.01225845638486
CA12	2.01175333177051
USH1G	2.01055845453253
FLAD1	2.0101447522298
F13A1	2.00985534068087
ASGR1	2.00962751256718
MORC2	2.00821914553323
CDKL2	2.00725813701065
SPRED3	2.00615956745631
TLN2	2.00593602374949
MEX3B	2.00520699484582
CAMK1	2.00240910385659
SLC24A4	2.0020033257532
SORD	2.00103326701179
KAT14	1.99897194501765
FECH	1.99657355507775
SRXN1	1.99603277519225
CFAP91	1.99357921105541
SKAP1	1.992852905758
C8orf88	1.99264416281556
LRRN3	1.99143969799854
ECSIT	1.99124232286384
PROK2	1.99071406287262
PTGER3	1.99028283115288
ATP2B2	1.9895723163783
SCAMP3	1.98907655801858
CEP83	1.98895698815905
STX6	1.98812333027626
CCDC181	1.98616679256893
CD34	1.98466474870224
NCR3LG1	1.98462385492177
FIBIN	1.98417705502107
CPNE5	1.98283087158887
PCSK2	1.98280970077227
ICAM2	1.9826692507245
MYH11	1.98141265589597
ZNF385D	1.98103263050829
RD3	1.98054254661512
LYRM9	1.98051645083053
CFAP46	1.9795318908836
NANP	1.97889526510659
CCDC39	1.97868592632378
ZMAT4	1.97802543904472
WDR35	1.97762055971152
CXXC4	1.9774669892187
CCDC102A	1.97711007835855
HNRNPH3	1.97536804747196
TCTN1	1.97307173726223
SLC25A28	1.97298684232866
CRYBB1	1.97288630873836
KIAA1210	1.97248930374231
DNAJC1	1.96903894413433
TRPC4	1.96707889322306
GPAT2	1.96550299913858
WFDC1	1.96521496038827
TMEM92	1.96431806514154
SLC22A31	1.96401945856811
ADGRL4	1.963058152242
FAM107A	1.96203431484328
AVPR2	1.96134409898675
NR1H3	1.96101442579242
ANKRD44	1.95895513409359
CKMT1B	1.95867207687967
PTPRE	1.95857906247953
FRMD1	1.95777864634875
SYT10	1.95765592980737
NMNAT2	1.9535552006704
MAP4K2	1.95286897220334
SPARCL1	1.95239837945344
SLC13A5	1.95224202181188
ZNF702P	1.95206059710438
DUSP2	1.9503791290783
GRHPR	1.94861159994951
ITGA6	1.9485547031565
RPH3A	1.94756229212715
HSPA12B	1.94738799395504
TNNC1	1.94727479689753
SGPP2	1.94634216898753
HAPLN3	1.9463234622239
KLK6	1.94620506408593
NTSR1	1.94609381403292
SLC51A	1.94602466571696
SRMS	1.94491943623008
ITGAM	1.94490653914837
RABEP1	1.94426533509327
THOC1	1.94369929269946
FBXO17	1.94122960917096
CST1	1.93961781547018
SLC25A45	1.93906339766981
PGR	1.938619257264
WDCP	1.93752023318984
DPY19L2P2	1.93665812812211
TRPV4	1.93589814336036
SYNPO2	1.93588878530655
CMKLR1	1.9351034069691
ADGRG1	1.93486527424127
IQCF1	1.93333791400172
CD40	1.93333095666075
UGT3A2	1.93324255761162
PNPLA5	1.93200327098463
SH3D19	1.93132754707493
SCML2	1.93084651649043
FRG1HP	1.93058025713169
TMEM45A	1.9299624979193
ECSCR	1.92977384753222
SULT2B1	1.92967190602165
CSGALNACT1	1.92872089847335
GABRA4	1.92842213672418
IL1R1	1.92708622154048
FLII	1.92705969903471
SDR42E1	1.92620467391663
EMP2	1.92515417554738
C12orf57	1.92509490475692
ZFAND3	1.92243838055861
PDE3B	1.92220587948142
THUMPD3	1.92204788932129
HEBP1	1.92076595507051
CD248	1.92045713579113
CYBRD1	1.92044037687912
LHX2	1.92023356150283
PKP1	1.91755562763411
NAV2	1.91744218517676
VILL	1.91680009634491
OXGR1	1.91660396452965
BEX1	1.91541520555197
SLC35D3	1.91338436070167
CTNNA2	1.91253661282625
LRRC42	1.9122781510218
COLGALT1	1.90975324922949
RSPO4	1.90938415154193
SLC43A3	1.90917552555067
CRHR2	1.90729575740806
BST2	1.90692776195658
KLHL32	1.90685670611198
PGA4	1.90414180564634
ANKRD22	1.90179020056408
NCAPG2	1.9016667413701
MAT2A	1.89918284207966
SYT4	1.89853221292485
MOS	1.89795829221735
SH3GL3	1.89760809329958
DHRS2	1.89692699760056
S100A4	1.89645886257562
KCNF1	1.89560105240789
ZKSCAN7	1.89359970702067
BLVRB	1.89265760585978
RLIG1	1.89141778101393
CCDC88B	1.89049988715255
APOBEC3B	1.89025471261798
LRRC75A	1.88965198206574
P2RX5	1.88934269177317
LAMB2	1.88842459655841
PRR16	1.88728772001157
PROKR2	1.88598288639581
LIX1L	1.88595531179374
DYNLT5	1.88406926627869
TYRO3	1.88403019524643
SH2B2	1.88381696090501
SARM1	1.88374540524543
MPHOSPH9	1.88340479221117
FOXO6	1.88268334706889
CORO1A	1.88263514276341
SAMD3	1.88209708142572
LHX8	1.88182024299325
P3H3	1.88137997492917
CGB7	1.88129729060199
DENND1C	1.88082723615374
RFLNA	1.88037310873538
SYT9	1.88016825198237
TP53I11	1.88003264899493
ERAP1	1.87987769364089
ANKS4B	1.87977274784521
L3MBTL1	1.87972830486692
DYNLT2B	1.87884142499734
CCDC144BP	1.8784208841861
TMEM147	1.87834225650832
PLCXD2	1.87786710225873
TCHP	1.87725505823015
DENND1A	1.87599327430398
DRD3	1.87548807326893
MAST1	1.87537517482372
CCT4	1.87520471400428
TMEM205	1.87469254940785
IRF8	1.87415188800054
NUAK2	1.87325276560957
LETMD1	1.87320733719471
TMIGD3	1.87285433932445
ITGA5	1.87240029250228
ROPN1B	1.87216122167966
TPGS1	1.87190182456957
PRELP	1.87056957512968
ZNF74	1.87021658559591
UPK1B	1.86735615908265
MIB2	1.86654600907166
GPR150	1.86586254264196
GJB5	1.86577956453457
JAKMIP2	1.86574138097202
GALNT11	1.8637036074175
TRGC1	1.86358618601566
ALG6	1.86088980759256
APOBEC3C	1.86086019909873
PSMG4	1.85991801250329
NPL	1.85986793773008
NBEAP1	1.85865777927595
RND1	1.85802766165117
C1orf53	1.85731728141414
TPM2	1.85714012212426
CXCL2	1.85645963765386
GJB4	1.85624698702558
DACH1	1.85526359115063
TTC22	1.85350193197727
C6orf118	1.85329595809014
MFSD12	1.85312978975942
MDH1	1.84992631482587
SUSD4	1.84957767605072
CCDC125	1.84919499954758
CD70	1.84882168388283
PKP4	1.84840151922918
ATP1B3	1.84695180139235
PRICKLE1	1.84553994035014
TRIM14	1.84495726833395
FGF23	1.84454295240724
L1CAM	1.84433261638519
CADM3	1.84380947029043
AOC1	1.84313773715131
ARC	1.84188467050822
KLRG2	1.8418044093356
NTHL1	1.84157484301724
EEF2KMT	1.84140497699431
AFAP1L2	1.84065043514393
JPH2	1.84059441077043
OLFML2A	1.84037353346987
CREB3L3	1.83800451930879
SPR	1.83711506248834
MAG	1.83708838266039
SLF2	1.83531697971315
SLC22A20P	1.83323919308045
MLPH	1.83130517584242
NIPAL2	1.83062052958412
CNTNAP3B	1.82986073340392
CXCL5	1.8289889462769
SMTN	1.82816665293379
TRGC2	1.8280299183453
MRGPRF	1.82740889546605
NR6A1	1.82639495612892
PTPN23	1.82621570521133
PODXL2	1.82537942833557
PARVG	1.82477399738986
AHSP	1.82382898430141
TIMELESS	1.82295201567016
HOGA1	1.82191863108275
MLH3	1.821862659879
CXCR2	1.82168216579504
LMAN1	1.82103210255905
TCEAL7	1.82010514964029
CNGA1	1.8197688981483
IFI6	1.81910199733773
SHFL	1.81881577152323
TAS1R2	1.81867892687164
SVIL-AS1	1.81811306815496
GPR3	1.81686169103095
PLEKHA4	1.81594924397687
DMRT2	1.8154291413206
PHOSPHO1	1.81475437701829
MAB21L4	1.81389142788826
OSMR	1.81238797914436
SOST	1.81144025250399
SLC9A7P1	1.81142147350554
KCNMB1	1.81141341583524
LRFN2	1.80968519475258
ST20-MTHFS	1.80932212802913
GPD1L	1.80879027691808
USP32P2	1.80849543063713
SYNDIG1L	1.80835846485961
JCAD	1.8077651049237
PTGER4	1.80623045068641
ZNF740	1.80545125974922
CYP27B1	1.8047616744196
NFKB2	1.80435292386019
RUNDC3A	1.80303653229407
NXPH1	1.80189316286065
SEC11C	1.80050262787538
RAD17	1.79948358729532
CD22	1.79869940164637
PTGER2	1.79733954567291
LIMK1	1.79690754344842
TNNI1	1.79654723432846
TNFRSF10D	1.79573778468417
WASH9P	1.79380292123315
RAB39A	1.79202127591882
PCDH7	1.79062040164882
NYNRIN	1.79021176975922
OR8B9P	1.78940875100924
PCOLCE	1.78908256670672
CRACDL	1.78767772393292
SLC30A3	1.78700513998779
KBTBD12	1.78668737519503
ADGRB1	1.78536922903013
MTA1	1.78377754042499
TIFA	1.78361643355849
DHRS7	1.78345188631271
ANKRD18A	1.78278513432108
ZAN	1.78274139599483
MTA2	1.7814309147554
DZIP1	1.78132420760267
KIRREL2	1.78108121744455
H2BC20P	1.77948123703969
NCAM2	1.77936532050224
DTX1	1.77933966988913
MPP2	1.77904555023914
HVCN1	1.77823668672839
TNNI3K	1.77794414691537
POLR3E	1.77779946377202
ALS2	1.77748916890279
DPYS	1.77705428641826
CCDC141	1.77677738049774
RAB32	1.77470354348608
LRRC25	1.77444429567708
MIA2	1.77430480850357
IRAK1	1.77304099267428
GPSM1	1.77288163821643
DAW1	1.77202182055228
PWP2	1.77197410045941
TRIM29	1.77123776090414
MIOX	1.77085436434831
CLCN3P1	1.77073546531492
PABPC1L2A	1.77042133663881
ACVRL1	1.7695646604336
GTF2IP8	1.76930973788349
FAAP20	1.76921517504557
SPATC1L	1.7690941057282
CNTNAP4	1.76899852305923
ANKRD1	1.76895940809611
SPTBN4	1.76855375317513
FAM241A	1.76757301581672
GNPDA1	1.76694606026542
FAM151B	1.76568852948478
GPD2	1.76556294009635
GIT1	1.76526181372993
B3GNT9	1.76465491175314
FAM163B	1.76337788456329
CHRNA2	1.76293668386999
DNAAF3	1.76225986316778
DEXI	1.76222066101073
IRAK3	1.76213864357623
TSPOAP1	1.76201263210304
EOLA1	1.76123006974932
PKD1P3	1.76109693703804
GRK3	1.76071338314016
DYDC1	1.75987053058653
ARG2	1.75923759998381
TAFA3	1.75906947337006
TAFA4	1.75692546027964
NECTIN1	1.75482082177443
ETFA	1.75426615875798
RPL23AP49	1.75216673712802
ANO10	1.75167016059859
CLCN4	1.75148317001629
PPP1R26P1	1.75080908428316
PHF21A	1.74951209063133
MYMK	1.74941883557167
TECR	1.74877724813284
ESD	1.74877285258013
MAOA	1.74845486236817
PTK2B	1.74679805798314
GRM4	1.74615514359406
CCDC152	1.74614733542687
HIKESHI	1.74558523810368
S1PR2	1.74547863358029
CBX7	1.74515279252326
TMEM229B	1.74480263056324
TXNRD2	1.74346862612358
ABCG8	1.74327568172601
CPQ	1.74315095993588
GYG2P1	1.74261491968841
DSC3	1.74207682709032
NSFP1	1.74160782401999
KRBOX1	1.73712996966794
FAS	1.73535301540234
EXOC1L	1.73441323885653
LRRC55	1.73374888889565
FCGR2B	1.73365756450144
EED	1.73357963967469
RBFOX3	1.73356380927824
CLEC18A	1.73292520763096
LACC1	1.73187988528567
SEC24D	1.73184512971908
NR4A2	1.73110315500972
USH1C	1.73044541777896
TEK	1.72979606618049
CNTN2	1.72923726014946
C16orf89	1.72896510412096
ACTN2	1.72823852531515
ALG12	1.72758246585762
POLD1	1.72738692481526
TPTEP2-CSNK1E	1.7258342509538
FATE1	1.72556580723545
MKI67	1.72194352351562
LIN7A	1.72108426896514
SPRR1B	1.72069280196785
PPARD	1.72036119462545
ENPP5	1.71996201060989
NPIPA8	1.71938164381345
RIDA	1.7189136836511
KCNJ6	1.71847601039472
ZNF558	1.71771690752309
DCHS2	1.71751847953859
ANKRD13C-DT	1.71449871940425
SHE	1.71405757784701
ZHX2	1.71362360947409
THNSL1	1.71272546392509
KCTD16	1.7125176019824
PRPH2	1.71246939926046
MRPL52	1.71202555715065
CFAP300	1.71171741144345
OLFM2	1.71138308439162
RASGRP2	1.70993115463775
GOLGA8H	1.70992345073179
LRRC15	1.70940307937683
NEFH	1.70851188567706
ECRG4	1.70843321632712
GPX4	1.70759062904297
TRIM50	1.70746173451747
DMRTA1	1.70687463889607
ADGRF3	1.70677593706672
TMC8	1.70426859647597
VTN	1.70265428443484
PLPPR2	1.70265289235445
PA2G4P5	1.70229281862594
IL20RA	1.70138159857072
ZNF629	1.70030870302645
ZP3	1.70018530970867
SEMA3G	1.6969297801301
PLCB2	1.69663734106472
SLC12A2	1.69655420211899
KIFC1	1.69651316948958
OPRD1	1.69598105126393
AK5	1.69590637726349
IL18	1.6951369206146
TLDC2	1.69454306961641
C1orf116	1.69345603186702
USHBP1	1.6926584045963
RCAN2	1.69222877724369
FRMD3	1.69218170988708
SLC2A12	1.69140603954034
ADM2	1.69054287694274
TCF20	1.6898534662629
GDF1	1.68887927826311
GJC1	1.68822992603223
MPP1	1.68789923230633
PLXND1	1.68748141959719
CSF2RB	1.6864083054818
FMOD	1.68634500523031
CDH15	1.6862518271443
ABHD8	1.68607205629268
ALOX12P2	1.68596456383778
AGRN	1.68563582006809
ALG8	1.68516860285052
CCNO	1.68304540670425
MAP7D3	1.68098684934437
NUDT19	1.68034272554068
FOXN4	1.68026277580226
SLC66A1LP	1.67990724663457
PLPBP	1.67986384056982
SEMA4F	1.67872225633882
CFP	1.67842007191083
IMPA1	1.67694559601632
CDC42EP2	1.67665594718331
GRAMD1B	1.6759914647198
PPFIBP2	1.67589871598418
BCL2L12	1.67569207628508
SLC37A2	1.67553668287324
DBF4	1.67530681197328
WDR70	1.67467783969945
NOL10	1.67394573483131
ABCB6	1.6735403837713
PDZK1	1.67323934235396
TEX15	1.67297026302487
FBXW10	1.67247054399121
BCAR1	1.67246693825856
ZFP36L1	1.67245753487903
KCNK5	1.67169613358712
FKBP9	1.67150678585832
GALR3	1.67143602199888
RHOD	1.66984109225365
LEPR	1.66836587176778
HMX3	1.66826793184909
AIMP2	1.66805034889975
EEF1A1	1.66783047608344
DUOX1	1.66778893014921
DAB1	1.66724561417267
HSF2BP	1.66717627320538
SERPINF2	1.66701371237151
RNF126P1	1.66593015998267
CD164	1.66503219737979
KYAT3	1.66368299943492
ACO1	1.66214098007423
PRKRIP1	1.66186636876478
SLC9A2	1.66162002192899
ANKEF1	1.66156490233915
CCDC185	1.6614085644789
NUDT7	1.66069236312362
DNAAF11	1.6602842332116
MYRIP	1.65848471728651
STK32C	1.65804515593043
KRT72	1.65779900944223
MAP3K14	1.65548864850933
NKX2-6	1.65435086830862
MTARC1	1.65345940708805
PLEKHB1	1.64851010224843
ARPC1B	1.64799398826895
C2orf81	1.64794352406204
ISG15	1.64734315368882
FGF22	1.64635588664312
GOLGA8N	1.64612089959514
PPT1	1.64572325245751
PDZD4	1.64405549799187
CASP4	1.64385824220301
MUC16	1.64349903532369
SYCP2	1.64341510527718
DENND1B	1.64323740330774
ABI3	1.64306374768553
XPNPEP2	1.64260156673869
POLN	1.64247949869267
ALAD	1.64172568754867
FOXRED2	1.6413881669556
FAM217B	1.64132390774622
PDPR2P	1.63851541343335
CIST1	1.63833000828611
NOS2	1.63772336207927
PLCE1	1.63753857858362
ERN2	1.63744903743698
ARHGAP11B	1.63742215033136
TMBIM1	1.63704568349614
RASL12	1.63696517596646
CD63	1.63579453547906
PWWP3B	1.63433873737853
PRDM11	1.63432997710801
CRIP2	1.63426371069252
PRICKLE2	1.63408147543978
SH3PXD2B	1.63376859477061
TOP1	1.63244932818151
GRIA1	1.63203082513513
PHC1P1	1.63068157449146
PDPR	1.62927934414084
GPR37L1	1.62846085784645
APOL2	1.62775707637151
CD72	1.62722439459874
GPR143	1.62706930819625
MUC12	1.62662688448313
ELAPOR1	1.62625273995357
AKR1B1	1.62602757729957
CDK4	1.62597403947104
PDCD6IPP2	1.6256059867797
FAM86DP	1.62517308975907
MRPL4	1.62439089430698
NPAS1	1.62437885843625
ZNF579	1.62400027752914
CNTNAP3P5	1.62354384673154
GP5	1.62353062357757
NOD2	1.62248579799294
GPR63	1.62155944189833
CCSER1	1.62126563382862
ANKRD30B	1.62126327880986
MANEA	1.62073806786944
OCLNP1	1.61973314608797
DACT3	1.61941178643986
CSTA	1.61894387193774
KCNA1	1.61854443968192
PRR23D2	1.61814141719914
LYNX1	1.61691118569783
FLT3	1.61600087800721
TLCD3B	1.61571412897352
SCN11A	1.61554917155064
FRG2C	1.613880639858
RNASEL	1.61352302462635
RIOX2	1.61333793864577
FKBP5	1.61295528311702
DOC2GP	1.61229251674631
TULP1	1.61128061743431
PNMA6F	1.6104274846038
HIPK4	1.60935000862544
IFT25	1.60848339715027
RPAP3	1.60784841457681
ILDR2	1.60723904530144
RDH8	1.60699758195011
MNS1	1.60541990746518
APOL6	1.60538088914267
ZFR	1.60533474202468
PRDM13	1.60512237753446
EHD3	1.60435004340336
ZNF804A	1.60406346900831
ADGRG3	1.60305461460555
RPL23AP97	1.59926150576067
CHKA	1.5976156597144
KDELR1	1.59528798268903
METTL1	1.59494290080253
GFY	1.59464756612261
PSMD14	1.59394938655508
OR2A1	1.59350106887781
SALL2	1.59328755717683
IL12RB2	1.59327553581553
SLC36A2	1.59119611846224
NID2	1.59118385282757
ODF2	1.59062387682476
CCN2	1.59015050168356
POU3F1	1.58998050310098
MFNG	1.5895759723438
ABCG5	1.58816367986991
AFMID	1.58807667666891
NDUFAF6	1.58768362199272
MSH3	1.58734514416898
NHSL2	1.58689055014543
PACRG	1.58643151400696
COL2A1	1.58607805337351
NME1	1.58531345497403
PCDH12	1.58528654462812
IL2RB	1.58494302347104
RAB39B	1.58416549100632
UBB	1.58361900791126
PRKACA	1.58297147790879
HCN1	1.58095882256855
PPP1R12BP1	1.58059761402806
PLEKHA3P1	1.5804675561751
RPS6KA4	1.58025914165389
TMEM144	1.58025131638332
TLCD3A	1.5794080591792
PLOD1	1.57904690579561
YBX1	1.57860553860432
ATG4C	1.57855207322068
SPN	1.57801006889793
ACTR3B	1.57734394382927
ZNF608	1.57715676951608
LRRC27	1.57666993798686
SNAP25	1.57583512667198
RNF166	1.57549778268563
RHBDD1	1.57455010774255
SLC35A1	1.57252697972833
TCAF1P1	1.57232247212306
NPIPB5	1.5721217064938
AASS	1.57174410588239
GSG1	1.57152222001648
UIMC1	1.57079828963707
WDR3	1.57033634293656
SELENOM	1.57029913726729
TMEM26	1.56985254576042
DCAF12L2	1.56922565107881
KRT17P2	1.5678965509591
DENND2C	1.56743602672626
CZIB	1.56715832811178
DIMT1	1.56656155011631
DRP2	1.56620162981851
EMP3	1.56587323975577
RAD54B	1.56537501749035
FRMD8	1.56457196657356
GDPD2	1.5640909028765
PAK5	1.56392943482768
NFKBIZ	1.56307167012661
AARD	1.56286987692354
SHC4	1.5628258207481
CDC26	1.56255095889913
DYNAP	1.56212844631934
ZNF783	1.56198974422501
PCYOX1L	1.56170139485905
NDST3	1.56131702087532
SLC22A16	1.56078997520731
IFT122	1.56023449388921
ST6GALNAC4	1.55954817115122
KCNJ8	1.55875459545548
G6PC3	1.55865368426469
GPR19	1.55736638213618
OSR2	1.55708164683106
MEN1	1.55690373827082
PRSS22	1.55629211230272
VCAM1	1.55623719836157
ARL11	1.55447294926728
TLCD5	1.55378769085854
ZNHIT6	1.55308165991048
SAMD12	1.55179258186331
AZGP1P2	1.55162164800402
ABCB4	1.55159791184438
CCER2	1.55125110685428
GOLGA7B	1.55018372875641
IGSF10	1.54984336732442
TNS4	1.54971273983315
RPAP1	1.54910688931531
CTU2	1.54899488716108
C2orf74	1.54779292369418
SOX4	1.54670192982679
LRRC4C	1.54595894695809
AHSA1	1.54500369954943
CHRFAM7A	1.54484010321876
NOS1AP	1.54467802345891
ITGB7	1.54464587313801
WIPF1	1.54406419047489
KLRG1	1.54379486329297
ATIC	1.54355105859129
VXN	1.54292629301124
SPATA12	1.54233260062089
FABP6	1.54207205160997
UHRF2	1.54138583495664
IGLL5	1.54098107281704
CCDC160	1.54045049292848
TFG	1.53923259843972
ANP32A	1.53822253899473
TRIM6-TRIM34	1.53670764879342
TTC28	1.53611930998155
CAT	1.5357138504262
KCTD14	1.53471658149296
CCDC60	1.53444461950529
SLC2A10	1.53418548008729
LRRC56	1.5333237164189
RAC2	1.53300027763827
HTR1A	1.53284918211735
PZP	1.53284000940285
MEOX1	1.53233693224659
APOL3	1.5321956331273
CLDN10	1.53022205804718
BACE1	1.52988856768451
UPK3B	1.52781358908686
NIBAN3	1.52741090157211
GSTT2	1.52562722014772
MGMT	1.52513183703318
TMEM184A	1.52487544054588
LIPE	1.52428434797334
OXSM	1.52331815458437
SLC7A14	1.5230130807694
MAPK13	1.5229943024735
SLA	1.52151630306153
INKA1	1.5211838100115
XXYLT1	1.52076785504948
MAP2K1	1.5195197879531
GTF2H2C	1.51943797036229
SEPTIN9	1.51900742721901
MLIP	1.51896142495373
LSAMP	1.51851155639671
ARMCX6	1.51848517240387
ALG3	1.51806901202866
SMTNL1	1.51792501664482
KIAA0930	1.51732091266118
ELP4	1.51707451637959
TPP2	1.51699381097317
DDX11L2	1.51569191041484
CTNND2	1.51528146284667
EPHA5	1.51478491178875
COL16A1	1.51415148091438
GGH	1.51359904736606
VEPH1	1.51350957329303
STX10	1.51271214974949
SLC8A3	1.51213457869506
IGSF22	1.51093787765165
RIBC2	1.50981237072641
RIC3	1.50808995760773
SCN7A	1.50808384910584
SAMD9	1.50684452370296
PFKM	1.50622886268163
ANO3	1.50595581168653
SYN3	1.50527354097333
MYL7	1.50400093427947
ANKS1B	1.50386368930152
CLN6	1.50328104470293
PTP4A1	1.50322182408188
APMAP	1.50317549367959
GSTK1	1.50275467776928
MB	1.50238052873541
THBS1	1.50226738348659
PRR33	1.50176079454115
MINK1	1.49971453276222
VGF	1.49850901384848
SPX	1.49671140366514
ATP6V1B2	1.4966345269224
AMPH	1.49626368902837
DEUP1	1.49582835579065
MCHR1	1.49557708099372
CSDC2	1.49532021314783
AUTS2	1.49477412436511
GIPC3	1.4942603346049
ABHD4	1.49375584446249
AKR1C3	1.49263619950252
ADRB3	1.49236590546522
STAG3L1	1.4918197578011
OR2T33	1.49147975579794
TPTE2P6	1.49141782650259
PTPN4	1.49109617151896
CD274	1.49103088516829
HIF3A	1.49088933373278
TBC1D2B	1.49056944957955
GPR156	1.49051192341811
MYO7B	1.4895290744309
TBX18	1.48851856431373
TENM2	1.48829994239739
PRDM15	1.48801101230605
CEACAM1	1.48776437920827
VIL1	1.48754598285846
RXYLT1	1.48718668503515
SYNGR2	1.48714537767362
SH2D6	1.48687384180233
BBS5	1.48618637067378
EDNRA	1.48559481840541
ANKRD45	1.48427809243478
TIE1	1.48394317694719
HGF	1.48356086311838
TRMT12	1.48318363078528
TOMM5	1.48311249159987
B4GALNT4	1.48291988757469
CCDC90B	1.48251548445194
GTF2H2B	1.48249395320547
DEPDC7	1.48220725992801
ZDHHC4	1.48113413134606
PLTP	1.47999593311414
NT5C3B	1.47970523993207
RNFT2	1.47895738582762
GPR135	1.47777544114509
AKR1E2	1.47739800715236
RHOBTB2	1.47615304226351
NECTIN2	1.47586466050115
HMGA1	1.47543013272161
TMEM116	1.47496447297218
ATP6V1G2	1.4747841284658
ZNF287	1.47287975017165
POTEJ	1.47275757168482
TMEM179	1.472387614004
STX1B	1.47191594637335
GNGT2	1.47186657737106
ARPIN-AP3S2	1.47061423637474
PGPEP1L	1.47053961014066
DENND2D	1.46951729113515
PASD1	1.46903748438275
CTSZ	1.46814161892358
AGAP2	1.46811373883793
UNC79	1.46801178586318
FRAS1	1.4679792359804
CORO1B	1.46785492126126
SFRP1	1.46783496549139
CHD9NB	1.46783414793927
POLR1G	1.46769715736331
SCN2A	1.4672302447732
CD82	1.4671845378867
OSM	1.4668625603207
CFTR	1.46650467409502
SBK2	1.46575869794823
KCNK15	1.46512101440745
CTNNBL1	1.46473608679535
DLG2	1.46334801577189
DROSHA	1.4623375403694
STXBP6	1.4619128210881
NKX3-1	1.46151201937577
PHLDB1	1.46105216354355
NCAPD2	1.45968952253059
PADI4	1.45953780832259
RRP9	1.45935079002479
FADS6	1.45915426218663
RAP1GDS1	1.45898215409612
PDE4B	1.4580857117281
DPY19L1	1.45760177756188
CCN3	1.45751779743647
VMP1	1.45693859359107
CTSLP3	1.45674196627218
TOGARAM2	1.45608923776276
NOL12	1.4558959749179
INF2	1.45555675695961
AKAP14	1.45545291235433
GPRIN3	1.45525442641688
KANSL2	1.45473269557765
PGAP2	1.45459628117318
CTDSP1	1.45454177082359
B3GAT2	1.45453481310981
RGPD8	1.45305636641701
SP7	1.45285909536724
DCAF13	1.45283473574169
CCK	1.45273827034424
ZNF346	1.45171803003133
SMPD2	1.45015241823988
NLE1	1.45009609839035
SLC7A3	1.44947397301261
EI24	1.44846929925567
NDUFAF1	1.44838103506231
RPE	1.44759060301826
PIGN	1.44758444572164
SEZ6	1.44720935667759
ZPLD2P	1.4465959715441
RIMS3	1.4459553875732
TRAV18	1.44561773882298
SHISA6	1.44542875607163
RBM15	1.44528216790777
ESRRG	1.44410055428536
KCNJ3	1.44365899471628
SLC9B2	1.4424430231185
ENPP7P2	1.44231858956136
SLC5A1	1.44089616449552
CD24	1.44070360526752
SIPA1	1.44023052561573
ADARB2	1.44008363544206
SGMS2	1.43907562925327
PRDM7	1.4385401267289
FAM86EP	1.43588108019916
GLS2	1.4355990715268
NRIP2	1.43518941800546
ROPN1	1.43458439100614
KCNK3	1.43458061527357
IFT46	1.4338350169085
AIF1L	1.43381205776385
ELK1	1.43332303094549
FRMD4A	1.4329570068929
ENDOD1	1.43291545418965
TRIM58	1.43279449294645
MRPS6	1.43235356024115
KIF21B	1.43211106753558
PHETA1	1.4320120036205
CRYAB	1.43087742788708
BMP8A	1.43003762752121
RUVBL2	1.42997033344849
USE1	1.42981581894646
B3GNT3	1.42978226553403
CD3D	1.42818804619426
ZBED3	1.42799111392695
AIF1	1.42759570544402
TNS1	1.4275561000232
MPZL3	1.42753681629366
ZBTB16	1.42748116961958
IVNS1ABP	1.42711791283624
GUSBP14	1.42672214417046
OLFM3	1.42652353078403
NRXN1	1.42559820135349
ANKRD33BP7	1.42524304093834
NBPF9	1.42484806790097
WIF1	1.42473417314557
WDR59	1.424493207787
POU3F2	1.42436443391498
CLEC14A	1.42327554563637
FAM184B	1.42322203911266
FKBP6	1.42304073487292
ZNF56P	1.42214258566705
GPAT4	1.41985160625856
NCOA6	1.41942649545651
NPHP3	1.41790736417541
PKDCC	1.41787608240809
LYPD3	1.41757587752731
WNT4	1.41734257532814
UCP1	1.41729720898026
ZNF227	1.41711778539305
MED12	1.41681646847429
ZNF692	1.41600595771206
INSL3	1.4138764990052
GPR25	1.41348145376997
GPR26	1.41342497476307
ATP1B3P1	1.4127508377371
TRIM16	1.41242344686703
REM2	1.41222438947394
CELF3	1.41196507033928
DNAJC5G	1.4115943377418
RHOJ	1.41157824459599
FAM162B	1.41022000750826
MEOX2	1.40974200718608
TOR2A	1.4089231937695
CITED2	1.40872809136674
C14orf119	1.40835594894684
ATR	1.40824868746873
NBEA	1.40741655340809
SMARCAL1	1.40693954017309
ADCYAP1R1	1.4067934589735
SYDE1	1.40630679795396
DRAP1	1.40507717506868
DMWD	1.40501157877509
HSPA6	1.40481398063073
EFHB	1.40418401018911
ORAI3	1.4041794341372
GPS2	1.40397635106588
GLB1L2	1.40336878161267
SLCO3A1	1.40326283052499
SUGT1	1.4031420647239
CFAP61	1.40310648834688
POLR2J3	1.40292766124238
IKBIP	1.40218822394195
LTF	1.40209648237801
E2F5	1.40192411436127
FAM86B3P	1.40072668221805
MAGEA9B	1.40067016607769
SLC26A6	1.39844359115025
IL27RA	1.398142074659
CCDC28A-AS1	1.39758403190766
DLGAP2	1.39645650212679
NCOR2	1.39526951660405
HLF	1.39501335537117
LARP6	1.39490587807732
ZNF25	1.39453338280169
CACNA2D4	1.39373454768959
TAB1	1.39279013516804
ELAC1	1.39264727599767
SEC14L5	1.39262771489015
SELENOH	1.39186600380611
CAPS2	1.391625319695
PNMA3	1.39124430113763
NINJ1	1.39082997791335
ASPHD1	1.39082448856818
ADIRF	1.39056287957639
FAM131B	1.39033574859662
GPR84	1.38962658317321
STPG4	1.38870369076249
RPL15P11	1.38847899054521
NLRC5	1.38775730755814
ADAM8	1.3864244555097
ANKRD2	1.38520890640839
PEAK1	1.38513629061242
PCDH20	1.38440977510579
RNF123	1.38352497956237
PIP5K1C	1.38324275464526
ARL17A	1.38298925029515
ZC3H12D	1.38292969738736
GART	1.38280200208054
LRP10	1.38273595180091
RCN3	1.38172086785461
CITED4	1.3813563210674
SLC35G2	1.38098731929217
RARS1	1.38088527691446
ACTG2	1.38005425408994
KCTD19	1.37996198051461
DAPK1	1.37991854934142
TRPM8	1.37969136040276
CLTA	1.3794157918875
GGN	1.37929941925607
PHF3	1.3791102617303
PKD1P4	1.37874574750634
TMSB15A	1.37853536401997
CRY2	1.37842025935008
THYN1	1.37783755952639
CELF5	1.37767412055445
P3H1	1.37731399413266
TTC4	1.37724960304858
WLS	1.37709213470608
KIF7	1.37635399822354
TNN	1.37293753076686
BAIAP2L1	1.37243829118832
TRANK1	1.37229870344789
TFDP2	1.37149401780491
RAB29	1.37083193280151
PCID2	1.36944796819908
MARK1	1.36931148397348
SPAG6	1.36852326078368
ARHGEF15	1.36817568864617
DNPH1	1.36815302919388
ALDH2	1.3680255025605
RNF135	1.36760720607075
PRSS33	1.36746529476108
CHRNA9	1.36693547002466
OTX2	1.36634991306264
GABRB1	1.36600885483374
LCK	1.36517722514491
INCENP	1.36508570866061
DBH	1.36461083825497
NCKAP5L	1.36332940094784
CKLF	1.36324465957662
DAD1	1.36303893020581
BAZ2A	1.36296226769534
ARHGAP6	1.36279591877587
SIX5	1.36183411476348
CD6	1.36162640203472
CBS	1.36078755080816
SQSTM1	1.36017528462857
MARVELD2	1.35973202133501
ATF7-NPFF	1.35957957824092
FGD1	1.35904269394075
ARHGEF35	1.35902178481615
LSP1	1.35893820116528
BTN1A1	1.35840274022379
CRYBG2	1.3577948386686
FAM43A	1.35713796215097
CEMIP	1.35647976044722
RITA1	1.3561919927803
ALPK3	1.35598969264205
FAM151A	1.35583522070036
CCDC148	1.35373148351189
POTEC	1.35286342678234
C11orf87	1.35218723860536
OTOG	1.35181820674613
FSIP2LP	1.35171809986815
PID1	1.35102787887909
ITM2C	1.35102481444602
SYBU	1.35071814691546
ENOX1	1.35038233973774
HNF1B	1.34905962659813
SLC8A2	1.34871814449469
CDKN2AIPNL	1.3482088407276
FAM110C	1.34791803430168
KCTD12	1.34751918931185
EGR2	1.34677425485254
MYH6	1.346313182625
CTSLP2	1.34530671174555
RHOC	1.34528041698757
CLDN5	1.34513362715245
HNRNPLP2	1.34452189761324
POU2F2	1.34408089357446
RPUSD4	1.34401954146641
LRRC58	1.34368949606009
POTEI	1.34353214433265
GPR45	1.34269272261402
LHFPL4	1.34236365260617
CROT	1.34207301176327
PRKACB	1.34189928715155
MGAT1	1.3417758903152
HPX	1.34169547905275
LRRN2	1.34158479080704
AAMP	1.33975117509786
ZHX1	1.33949656489347
SLC32A1	1.33946050071908
UNC45B	1.33937681713204
UCHL1	1.33923953487153
FKBP9P1	1.33885299349317
CPT1B	1.3374533464729
DHDH	1.33715482386951
SPDYE2	1.33704624418902
CDRT4	1.33656078721737
SPAG1	1.33645757149228
EIF5AP3	1.33555091348824
SCN4A	1.33449641223561
PDK2	1.33438240745312
CNRIP1	1.33349726623652
ALDH16A1	1.33342421824669
CAD	1.33313747092471
PMS1	1.33311247563865
BCAN	1.33307926565095
CXCL1	1.33306003762088
SYMPK	1.33221608034716
ACSS3	1.33209690531909
CDRT15P6	1.33173886739099
ADH6	1.33156438188928
APOC1	1.33138999598959
ANKRD27	1.33065936458488
CNIH1	1.32991992757807
CLIP3	1.32935489701891
KCNK10	1.32908287124638
FBXL9P	1.32869851322349
R3HDM1	1.32847493136716
TRPC3	1.32756644618588
STEAP1B	1.32753423342794
YBX3	1.32736513332062
ILDR1	1.32722910059127
PTGDR	1.32709337435142
USP40	1.32694051303006
TRIM68	1.32681357517393
PKP3	1.32644220376278
UROS	1.32630618221125
KCNQ5	1.32524703871795
FRMPD1	1.32483715411443
C1orf74	1.32247003791148
NUDT16	1.32235005329957
MBOAT7	1.32216854545228
ABHD17AP4	1.32184566776912
ASMT	1.32131935452271
GLB1	1.32101232838455
ADAMTS12	1.32045349295668
NOP2	1.32021701805716
PSMB5	1.3199606225884
CTNNB1	1.3194354010784
NPY4R2	1.31938309118292
ARFGAP3	1.31901601774361
TMEM126B	1.31822669613133
CT62	1.31803773573598
CSNK1E	1.31757824033669
STOML2	1.31692007469959
ACTL8	1.31582210992441
GLIPR2	1.31572398919168
TRAC	1.3153861989502
GABRG1	1.31538286546436
SNCG	1.315335726323
RGS6	1.31503189941311
SHISAL1	1.31384625260297
TCTN3	1.31333333170972
DNAI3	1.31222508475368
SBK3	1.31208565090844
NLGN1	1.3114477912255
RLN2	1.3104907057157
VSIG10L	1.31004397426273
TMEM232	1.30989041325264
RIMS2	1.30895866104144
KLF2P2	1.30841914588436
GPAT3	1.30786005250546
PIGH	1.30743959631955
GUCY1A1	1.30540058246788
ULK4P2	1.30506792225257
PAPSS1	1.30445245031037
ZBTB45	1.30433759370996
SLC34A2	1.30412440970071
SENP5	1.30408730332634
AOX1	1.30399097143839
SMG9	1.30387561520131
DDIAS	1.30353850606368
XYLB	1.30352981838674
FBXO39	1.3026796708083
CSPG4	1.3025930205082
CROCCP2	1.30220027253828
TM6SF2	1.30214373486926
KANSL1L	1.30191954280979
HLCS	1.30151992405647
FOLH1	1.30118427699332
TMEM183A	1.30055115097314
EGFEM1P	1.30043046093505
GJB1	1.30011782734137
CHKB-CPT1B	1.30007066930359
PPP1R9B	1.29936380106422
FETUB	1.29836145108164
PSMD8	1.29760143823714
PHF14	1.29703671349391
CDC37	1.29536232189962
MYOM1	1.29530693890438
FRRS1L	1.29479213784477
PRND	1.29477292009821
PLIN3	1.29463334886067
ARMCX2	1.29367643630942
PCK1	1.29317227577238
ATP8B3	1.2926090144244
CYP4F30P	1.29250487394456
ANKRD20A7P	1.29227700096405
OR2C3	1.29163708136961
MOCS1	1.29080215368862
FLYWCH2	1.29066938886977
RWDD2B	1.2906194749732
CD27	1.29048514386548
ZNF438	1.29041050176292
STIM2	1.29034153875054
OVCH1	1.29031462613101
TEKT5	1.29027427070184
UCK2	1.28993534981074
MADD	1.28971233096758
ZNF689	1.28909175042074
ASCL5	1.28839690244843
BTBD2	1.28816577303443
APOL4	1.28773152309559
KRI1	1.28681543232753
DYNLL2	1.28657999681965
DHRS4	1.28632611375702
TSPAN33	1.28610762799489
TCAF1	1.28598463436925
HRG	1.28571485856681
DOCK2	1.28570049572853
MAPK10	1.28549962309832
HRC	1.28539407667436
OPALIN	1.28527903436009
PAIP2B	1.28525410247717
APOBEC3D	1.2852066938472
MPZL1	1.28519966719384
NBPF20	1.28506339293525
TMEM44	1.28438585824699
TMEM241	1.2843708219666
PPARG	1.28402739112274
SLC17A7	1.28388805630377
TGFA	1.28293474786279
N4BP2L2	1.2826462856012
CCDC15	1.28248669397531
ZNF365	1.28235862665213
NCR1	1.28212355717662
DCDC1	1.28211923710079
GFUS	1.28201825151257
ASB2	1.28128605116947
PEPD	1.2800111385149
PAGE4	1.2799649301768
BDKRB2	1.27936907891724
FADS3	1.27839883549081
LDAH	1.27792038963623
CLXN	1.27777761481694
HM13	1.2776068679324
PPIL6	1.27749912969137
CRYZL2P	1.27649029394756
MARS1	1.27642345129514
NBEAP2	1.27610985208432
C16orf46	1.2759360534017
TRIM10	1.27574285170816
SLC25A33	1.27563966031561
TTC12	1.27541142769815
CHIT1	1.2751724359498
FAM81A	1.27510325740636
AXL	1.27506470544188
ACD	1.27502637481331
MASP1	1.27487630330933
DZIP3	1.27473726272051
TBCE	1.2744916285076
SSR4	1.27415659330495
SYCP1	1.27395815227417
ETV3L	1.27393602465935
ABLIM3	1.27280403812191
SIAH2	1.27277077074947
ZMYND8	1.27258710729998
TMEM35B	1.27201900820251
ETV6	1.27171228040173
PREX1	1.27120788875658
PGC	1.27068565786673
RAVER1	1.27044125852093
TRAM2	1.27023389065751
AGT	1.26936902468916
TSPAN19	1.26935479883155
FTL	1.26925803422543
PLB1	1.26832208854701
LPAR4	1.26821797302674
ADCY7	1.2679238841177
PMPCAP1	1.26789512492128
ICAM1	1.26788817049821
SLC19A1	1.26788448079929
PRR3	1.267608585169
FLRT2	1.26758074915182
PRX	1.26739874347326
GTDC1	1.26736315805912
STARD5	1.26695172575754
NALF1	1.26593219330525
BMI1	1.26582238450998
PSAP	1.26571446434987
CERS1	1.26399149976217
TMEM177	1.26347981032045
TAF15	1.26304214053833
EIF4E1B	1.26303499335535
WWC2	1.2630140697494
KRTAP13-4	1.26288832525104
STT3B	1.26232366491033
SMG7	1.26201501976775
HCN4	1.26145925688665
MAP2	1.26131855664026
GRM1	1.26115120952062
TPST2	1.26094441165249
AP2S1	1.26026531312557
MAP7D1	1.26016284920712
SLC41A2	1.25994391045071
TSEN54	1.25911210264795
USP15	1.25900618212617
DGKG	1.25864335708549
AIP	1.25838147457213
CMTM1	1.25812899086086
CLDN4	1.25810470542254
STMND1	1.25758960900337
LGR6	1.25744639017242
SYT17	1.25711456526725
COQ8A	1.25696199604808
CARD10	1.25679866713542
RTL5	1.25588841103889
TMX4	1.25587178058556
MATCAP2	1.25556141342096
HPF1	1.25533706654002
VSTM1	1.2549073236991
S100A6	1.2544598847204
INMT-MINDY4	1.25441869882493
NUMB	1.25437685239473
KRT19	1.25335214261145
MIEF1	1.25308689734226
ELMO2	1.2528056849924
PDIA6	1.25267766072693
UBQLN4	1.25262940637705
DMRTA2	1.25238921996654
GYPE	1.25221554212305
CMBL	1.25218885462494
LRRC28	1.25137635317279
AIG1	1.25088013331962
PIGC	1.25066993330804
BHMT2	1.25066305548802
DDX11	1.25062217514379
MASP2	1.24995255546092
MUCL3	1.24930339572403
LETM1	1.24890696328788
QTRT2	1.24820158425868
BCAP31	1.24814217024033
MYH2	1.24744283879378
FAM118B	1.2471057180511
SPTBN5	1.24702652378382
CLCN7	1.24656501447966
TM4SF18	1.24576515534693
DMKN	1.24553882003975
NTF3	1.24488892771329
GOLGA8IP	1.24427760143776
AIM2	1.2442525943601
SORD2P	1.24330558552192
GJB3	1.2430726197417
SNX17	1.243039320667
HKDC1	1.24257330984432
LAD1	1.24249755412544
DCDC2C	1.24217558491538
PADI1	1.24205434164687
ZNF561	1.24150006212279
GPC5	1.24109116049873
FFAR3	1.24101419883125
FAF1	1.24077278949469
OLFM1	1.24073520512266
MYL9	1.23977646097188
PA2G4P1	1.23753578449233
PYROXD2	1.23595322993891
FCER2	1.23558885454749
MTERF3	1.23530785326279
NME3	1.23507087743005
SPHK2	1.23489537297088
PDE1B	1.23403018359063
HMX2	1.23391346884928
FAIM2	1.23322101944445
U2AF1L4	1.23209333227912
KCNC1	1.23131399062739
CRB2	1.23111749538773
DORIP1	1.23107206309563
ETV2	1.23100050361133
EDF1	1.23087504764304
ERVMER34-1	1.2308049865246
ZNF703	1.23057452654727
LRRC8D	1.23007230138826
PDE3A	1.22995683439221
CDC25B	1.22966861112497
CXCL3	1.22958923433326
MALSU1	1.22958581796789
RPAP2	1.2294726885908
PCDHB10	1.22929265140718
ASTN1	1.22919301001891
NPRL3	1.22907667743863
CNTRL	1.2285202253118
MEF2B	1.22802086074537
SCMH1	1.22775443241089
BLOC1S1	1.22759821134462
EPHX3	1.22757200917983
IGLL3P	1.22731880449329
AMZ2	1.22719884845538
AJUBA	1.22650257028236
PAQR5	1.22458800034977
ACBD7	1.22311511211651
PAH	1.22279305352624
CARS2	1.22210855814146
GSTT2B	1.22210393891233
MTUS2	1.22118256728312
MLNR	1.22108989144071
TAF9B	1.2209351205834
MAP3K5	1.22028961150496
RCL1	1.21917368158247
SCIN	1.2185832699365
NPR3	1.21790082231035
CBX3P2	1.21779567939292
EVC	1.2176502746836
GRM5	1.21737228896153
DNAI2	1.21735787156484
FAM216A	1.21706896452944
LGSN	1.21666723285698
ZFR2	1.21652068925987
DUSP23	1.21613765965931
PBX4	1.21596393133718
EDA2R	1.21559903215338
LMAN2L	1.21444060580078
TMEM204	1.21366116268391
FAM184A	1.21282177238955
TMEM33	1.21227795883754
FGFR4	1.2111162249523
NANS	1.21107315725271
CNOT6LP1	1.21079773517974
KLK10	1.21002600844202
PARLP2	1.20971970756572
SGSM2	1.20955425529141
MOGAT1	1.20929796348747
LRWD1	1.20884085580812
SFXN4	1.20809576659694
NOC3L	1.20780500799162
SOAT1	1.20715321421102
NIBAN1	1.20707881973736
ZFPM2	1.20694420131772
SLC41A1	1.20682102237834
COL24A1	1.20677520795593
COX7C	1.20677122737581
HSPA4	1.20662226562644
DCP1B	1.20604382701253
LRRC32	1.20592468741408
DRC7	1.20530057086464
RNASEH2B	1.20468874249282
TWIST1	1.20451865440847
HSF2	1.20404001209607
NLRP1	1.20403366643338
PLAT	1.20395048292618
AZGP1P1	1.20349645787444
ITPRIPL1	1.20298212047282
OR10AB1P	1.2025483793996
RAD51D	1.20241231596161
TMCO6	1.2021557120835
EPHB6	1.20142625369497
KCNA3	1.20019445659992
FOCAD	1.19995978197067
COMMD3	1.19964217996854
RIPPLY2	1.19856151746168
PFN3	1.1985439864938
TEX10	1.19853485668903
ADAMTS7P3	1.19825098328495
CYP4F33P	1.19742561581788
CES1	1.1973404867355
TMEM216	1.1964946289735
PDZK1P1	1.19539884231232
CORIN	1.19524682285745
GFAP	1.19510066682002
SH3BP2	1.19508525420844
KIFAP3	1.19482931417233
MRC1	1.19454504705865
FAM218A	1.19379068881377
GUCY1A2	1.19325104866008
DUSP12	1.19303604044526
CALCB	1.19261075457831
WDR17	1.19203569132051
FGF7P6	1.19170965514114
GMPR	1.19163718954534
CHMP1A	1.19154462090922
RAB3IL1	1.19153639554742
OCSTAMP	1.19153598367977
HERC5	1.18949173526461
DDRGK1	1.18939195889496
APOA2	1.18891704676008
GLYR1	1.18876959872449
IQCH	1.18867121885715
RPL29P19	1.18806189426474
ASB1	1.18794785646796
PSEN1	1.18767688600604
PRR5	1.18712005282792
GNAO1	1.18700969501696
TCP11L1	1.18697951383959
BMERB1	1.18651635033414
GAPDHS	1.18610862087879
CRACR2A	1.18594353877822
MEPCE	1.18452418720472
MATN3	1.18407577246669
SDF2L1	1.18379729564723
C4orf50	1.18348728174361
TMEM139	1.18336914613672
SLC16A9	1.18322948780697
TRAPPC12	1.18303474220018
TEX101	1.18270071269225
CBLN2	1.18220451850476
TM9SF4	1.18170097136934
PLCL2	1.18137114604041
EHHADH	1.18104558545044
IMP4	1.18103334107796
GALNT2	1.18058563992785
YJEFN3	1.18057157018287
FIZ1	1.18038803695116
DCX	1.17970090158174
DKK3	1.17942291739488
CYP2S1	1.17917725434547
ZNF843	1.17840161787263
CERS5	1.17749183152143
ZNF444	1.1772835767107
CTSL	1.17696611034902
LIMS3	1.17631703135757
OR7E12P	1.17587250070054
NPY1R	1.17584436624201
PIP5KL1	1.17549312475412
PUSL1	1.1752984217853
HLA-DOB	1.17518092425353
MRPS27	1.17483517882796
BCORP1	1.17448259979179
NENF	1.17351297448849
WWC3	1.17333253659523
CCDC144CP	1.17322673319502
DERPC	1.17307552729166
ZPR1	1.17306198136619
ESPL1	1.17299778025998
NT5M	1.17263340819419
ADSL	1.1725525465781
SDCBP2	1.17241901307711
ADAM21	1.17176683418991
SULT1C2	1.1716369146856
CAPN15	1.17144127961907
APBB3	1.17101911973165
SLC9A9	1.17044524679046
RBCK1	1.17030308173913
VSTM2L	1.16994049315992
NAB2	1.16974896648028
ADAM22	1.16875587968225
STIM1	1.16821428249341
ASAH1	1.16818419980626
PKM	1.16787145940323
CRYBB3	1.16766331277665
PMS2P8	1.16762004431501
LIPT1	1.16756720403007
ERG	1.16718204384987
ECH1	1.16712494223051
GFRA1	1.16577657940468
DOK7	1.16523230110163
LYSET	1.16504926098764
KDELR3	1.16340966603701
THEM6	1.16333000242827
GUSBP15	1.16310364015531
KLHL40	1.1630146189845
TTI1	1.16275495572249
XAF1	1.16182453221452
TNFRSF4	1.16165824476042
SLC36A4	1.16154916734152
SPAAR	1.1614887715186
TSEN15	1.16147369911777
COPRS	1.16128236388621
GLUD2	1.16106189056783
SPATA16	1.16099693184034
SLC38A3	1.16016524670744
AKR1C1	1.15996720522119
CASR	1.15965452836658
OTX1	1.15932715133979
PDRG1	1.15910715597928
IL1RL2	1.15874984941681
FBXL2	1.15870799323288
FZD7	1.15755754353182
LCTL	1.15702524694431
POLR1E	1.15695209633259
DDTL	1.15653950561345
GPX8	1.15642030142146
SLC17A8	1.1560994102714
IFRD2	1.15606578456352
IKZF1	1.15601880369156
SEC14L2	1.15565295444337
USB1	1.15557487736802
CPLX3	1.15517559024031
BHMT	1.15512396719157
PDYN	1.15483702320443
PLCXD1	1.15459378585948
NAALADL1	1.15409822767508
KCNT2	1.15319939803056
SHD	1.15255415639415
LPAL2	1.15245676760009
PAOX	1.1519025924834
ZNF771	1.1511769666906
USP17L14P	1.15089631979356
CNPY3	1.1503071905119
ZNF414	1.15024299613521
TMEM106B	1.15014531332817
PLD3	1.15003666543852
EPHA10	1.14999757763364
PQBP1	1.14985302837998
RORC	1.14983529642156
TSC22D4	1.14955498038296
P4HTM	1.14898820064387
GCDH	1.14834617538181
GPR61	1.14774281369042
INTS4P1	1.14770707292477
DNAH17	1.14690724246482
GPER1	1.14686082942703
FAM21EP	1.14672267563029
TK2	1.14658454344756
PTP4A3	1.14534694800212
TMTC2	1.14471375447621
CHRND	1.14451678381022
CCDC66	1.14418936523857
NABP2	1.14418354427627
TMEM218	1.14399609384061
CNTN4	1.14375234830652
MSTN	1.14370236561788
PARVB	1.14303071949679
PRMT1	1.14289770644219
TLR2	1.14281735076391
IGFBP4	1.14182636827798
CFAP69	1.14178892835938
ZBTB22	1.14108885086542
YAF2	1.14088001301953
STYXL2	1.14036848247445
NLK	1.13931116593541
SLC13A3	1.13922421304973
CACNA1D	1.13906203807124
ACTN3	1.13905586315995
AP3B2	1.13838311212881
MBIP	1.13837208316476
ABCC4	1.13797719226862
NANOS1	1.13795020390007
PLIN5	1.13718282989392
ALG10B	1.13592488086799
NUDT16L2P	1.13548380021055
BCL9	1.13530836893407
PLCG2	1.13507248728971
TRIM15	1.13479927510893
JAKMIP1	1.13437481217706
PYCR1	1.13343310676906
CPNE9	1.13338090971244
PSMB9	1.13320458137666
ZNF337	1.13301408409288
PSMB8	1.13286679207713
ECHS1	1.13265057794914
CGB3	1.13260291500055
TSPYL5	1.13230495784449
KIAA1671	1.13203283118423
ATP6AP1L	1.13159297695909
GAB3	1.13154715949262
RPL24P4	1.13106283571422
DDX27	1.13074178841052
EXOSC5	1.13049267493672
IDO1	1.12988856837213
GRM7	1.12988452768336
ZDHHC11	1.12965749476616
RASSF9	1.12902377005296
GCSHP5	1.12879144503585
CCDC154	1.12862861329356
RGL4	1.12862640681136
BEGAIN	1.1278673671603
ADCY3	1.12747874605621
PDE2A	1.12745038390069
HNF4A	1.1273542590223
KRTDAP	1.12709970936581
MYL6B	1.12702992249833
SPATA33	1.12669480235544
MCOLN1	1.1266477820783
TMEM119	1.12645515488258
PGCKA1	1.12640638364748
TBCCD1	1.12602552076457
HERC3	1.12546068421162
CASS4	1.12431859253451
PRMT5	1.12361467722854
MAP1A	1.12323138792894
RANBP3	1.12279663562771
ATXN10	1.1226279272646
SORCS3	1.12262375274658
POGK	1.12219282401334
UBE2Q2P13	1.12151701371842
CLDN11	1.12130734058116
GLIS1	1.12055973831921
TRAPPC2L	1.12029562734316
HDAC1	1.12003396517412
LEP	1.11993749487958
FKBP4	1.11940221967613
COX6B2	1.11896375608706
CFAP44	1.11856642621627
LORICRIN	1.11843973625027
MAP2K2	1.11788125142496
SAAL1	1.11663889404731
GOLGA8R	1.1163124614683
TGM2	1.11619997702851
PCDH1	1.11544755446723
GMPS	1.11475789932754
NLGN4Y	1.11465300074143
SPIN2A	1.11433543212122
LRRC8C	1.11427519924082
PRRT1	1.11400910512508
DNMT1	1.11394374885674
CNN2	1.1139009239708
BUB3	1.1136065342906
OR52N2	1.11314451366581
EEF1AKMT1	1.11307864956871
NUS1P1	1.11284115686118
ZNF341	1.11265832918698
SLC4A10	1.11217950353855
MEAK7	1.11188209444563
CBLN4	1.11149027199398
SLC46A1	1.11118567830439
UBA7	1.11060394619191
FBL	1.10881586941153
ARAF	1.10852436941188
GPR162	1.1084756454194
IL22RA1	1.10844790746955
TRARG1	1.10813937514926
CIB1	1.10789187222682
ARHGAP30	1.10776999183985
CCN1	1.10725801365206
RPS10P7	1.10664505379848
CD276	1.10605737592672
KDM8	1.10603163415024
DCUN1D4	1.10567625684928
PLEKHM2	1.10500392663854
EEF1A1P10	1.10476515246015
DNAH5	1.10461367891812
PLA2G3	1.10360269074001
FOXE3	1.10348176528841
STXBP4	1.10341752058441
BTRC	1.10312719711249
HSPA12A	1.10283692902198
CSF2RA	1.10276333802223
SLC44A4	1.10230405952088
NXNL2	1.10217739756679
C19orf73	1.10214311625994
STX1A	1.10191766894443
SF3B3	1.09978395620943
MFSD5	1.09919125893431
CDK11B	1.09917606488756
ZNG1C	1.09916975818886
L3MBTL3	1.09886880902899
SPAG9	1.09759379264849
PYY2	1.09746155374615
RUNDC3B	1.09739219169403
RSPH4A	1.09734518347853
RPN1	1.09733337011633
PRR29	1.0970449781357
SLC12A9	1.09652593271875
IFIH1	1.09650859338389
RHEBP2	1.09618450319703
POLE3	1.09585561095328
PDGFD	1.09575273259655
MACROH2A1	1.0951016256363
KDM4D	1.0949903886509
ACTR5	1.09497131004851
LRP1	1.09472408543909
SNX31	1.09386263715457
SERTM2	1.09369397596578
TSPAN17	1.09364510198879
EEF1A1P6	1.09235813840427
BLNK	1.09182064313598
SPATA31H1	1.09174301093672
CIITA	1.09142766772081
SORCS1	1.09068857566447
DPY19L1P1	1.09000247611382
PDCD2L	1.08957990508159
XYLT2	1.08915276062697
SMIM30	1.0887227602136
INO80E	1.08862501931632
TSLP	1.0885853940479
STN1	1.08735879045592
MEP1A	1.08730677832125
CERS6	1.08729834470831
TIPIN	1.08678372279165
FXR1	1.08586843905102
MEA1	1.08573129579501
INPP1	1.08569740177836
HPRT1	1.08515722474188
TTC23	1.08472388745122
CEP68	1.08443306098919
CFAP54	1.08415707338689
FANCG	1.08388929132492
TNFSF15	1.08385386261165
METTL8	1.08376072469798
MYO1F	1.08360571461578
SSX2IP	1.08354470570049
SHISA7	1.08301877770762
CD7	1.08290215778798
CLPB	1.08197133399995
SLC6A11	1.08179757470158
MYO9A	1.08172552307932
PAPPA	1.08167641108385
CTSD	1.08162653998538
FAUP4	1.08121003781232
S100A2	1.08081470738218
ZNF384	1.07982743936517
GLMN	1.07911085245034
SIL1	1.07902973563217
RAB3GAP1	1.07890276623841
CIB2	1.07886611772736
TNFRSF10C	1.07885282339368
PDE11A	1.07828717605325
HSD11B1L	1.07821491517475
C4B	1.07817244277978
DIO1	1.07765599883888
NUDT6	1.07752234604048
EEF1AKMT3	1.07729651020741
CFAP263	1.07717483066305
AK1	1.07706524730223
PAQR9	1.07686213512435
PTPRH	1.07614481131684
ANKRD20A4P	1.07600479718823
SIPA1L2	1.07551053414212
CXADRP3	1.07514903484408
CYTH4	1.07455005095449
C5AR2	1.07434252994133
MYL10	1.07357244254334
SLC16A14	1.07332481986846
GUSBP5	1.07329096445326
TBL1Y	1.07274380428853
RPL36A-HNRNPH2	1.07223258854045
FBLL1	1.07177160929525
GJA5	1.0715553319879
AHI1	1.07088912834754
TMEM63C	1.07063913011118
SLC35F3	1.07009171978589
ORM1	1.0697726508403
TRPV6	1.06967652517775
MSX2	1.06955599500848
SATL1	1.06897072840455
MRFAP1L2	1.06857337950698
CCL22	1.06785904575173
ANKRD20A5P	1.06724196666474
SMYD5	1.06698393595267
PLA2G4E	1.06678499530895
BID	1.06650699747635
CD37	1.06570726773459
NR0B1	1.06534150996982
STX4	1.06478025136264
CENPVL3	1.06444440590746
SPIN3	1.06434033023996
PIH1D1	1.06397638113401
HMGN1	1.06373273260308
RIPK2	1.06363971463729
SMIM24	1.06341894164417
DENND2B	1.06334967586146
RUBCNL	1.06299246560298
P2RY2	1.06271969534315
FRY	1.06217475359145
ZNF628	1.06207156460276
TMTC1	1.06151665432137
TMEM14B	1.0615022199077
MEIOSIN	1.06146496006775
SMARCB1	1.06090279646446
SDSL	1.06042866895254
CMC4	1.06019677014708
SLC25A53P1	1.06015265770865
KPNA4	1.06009361142665
TMEM120A	1.05983039956849
RASSF5	1.05979126415984
ZCCHC18	1.05873826508482
HHIPL2	1.05870513839464
TMEM117	1.0585213924225
LYNX1-SLURP2	1.0583507925016
STT3A	1.05799774367114
CD300LG	1.05795412838522
ACSF2	1.05780840531527
FSCN1P1	1.05761944077291
RAP1GAP	1.05707658898202
IPO13	1.05582949294282
STIP1	1.05571385894338
TNFRSF10B	1.05509578490667
BAX	1.0550857600656
TRO	1.0549612294176
PSMA7	1.05467306727013
CFAP92	1.05435676938631
TMEM14C	1.054215045943
ALAS1	1.05390914389896
EEF1A1P5	1.05312684985768
TRAP1	1.05291957182188
FHL2	1.05283646685109
GPR155	1.05277328514048
CARMIL1	1.05265563924939
SNAP47	1.05181420312013
SPHKAP	1.0517838141241
LCLAT1	1.05132303244838
ANKS6	1.051291694112
SEPTIN2	1.05055386066748
TMEM185B	1.05007821969162
TASOR	1.04886282849035
RANBP17	1.04843578678713
PENK	1.04825822643707
TRRAP	1.04813092334712
SLC7A8	1.04798344082657
KLHDC8B	1.0478352173837
SRR	1.04771974089094
WFIKKN2	1.04738085683994
KLHL5	1.04719781512921
SLC22A14	1.04707180515621
NDUFAF2	1.04698865120033
TRBV26OR9-2	1.04647972973429
CTSC	1.04633632291215
YBX1P1	1.04607546942103
MAPK8IP1	1.04569439540336
WASHC1	1.04564422751719
TFIP11	1.04550279473698
BDKRB1	1.04500035545527
HYDIN	1.04497609771409
CDKAL1	1.04459308436271
NTF4	1.04420372686704
C20orf96	1.04413390027583
PPP1R13L	1.04407650639622
CLSTN3	1.04402050925118
RANBP1P1	1.04365628185236
THBS4	1.04362414001898
ZNF213	1.04339424482867
SLC18A2	1.04327142649036
FUT3	1.04317329812751
DNM1P51	1.0429894553433
BTN3A2	1.04269278233272
BCS1L	1.04257156536812
POLR3K	1.04237851571292
ATG101	1.04220001490053
NUMBL	1.04219371120837
TRAPPC3	1.04101183817682
PLEK2	1.04064680644222
CFAP206	1.0404198260988
LRRC39	1.03957524665162
PKLR	1.0395247259228
ECMXP	1.03898675388332
UAP1	1.03871349795729
RP1L1	1.03860707380129
TPBGL	1.03856690502523
AKAP17BP	1.03799028306906
MGAT4EP	1.03777294089723
CDK8	1.03683993538145
PPIB	1.0368208856039
SCYL1	1.03606116295211
PRORP	1.03587199065314
ARMC10	1.03491494964083
FKBP7	1.03423889168075
FOXA3	1.03416530603165
ACP7	1.03404912786381
PELO	1.03382474147515
RASA4CP	1.03378596016469
ABCA7	1.03370695919145
CRX	1.03315736767954
HSF1	1.03289624162346
ABCB1	1.03285261181599
CCN4	1.03250521924155
OTUD7A	1.03192489553327
FAM72B	1.0319220901118
CPSF1P1	1.03181644774424
CRLF3	1.0316374007016
OTUB2	1.03146000345001
PXDNL	1.03111961213724
GJD3	1.03103132468172
TREM2	1.0302610241361
HTR1E	1.03013067074551
LZTS1	1.02992430297839
ARHGAP33	1.02986752986534
CUTA	1.02973934486042
VPS41	1.02894888199095
PAQR7	1.02877223270707
SETD9	1.02871488300134
OTOGL	1.02864646252962
MRPL1	1.02854347053616
NKAIN2	1.02849731632019
MIOS	1.02840920010207
ANKRD20A1	1.02712178441871
PPP1R13B	1.027104901537
MDH1B	1.02682217179023
SRPK3	1.02547372736454
FIRRM	1.02541858661811
LRIT3	1.02410065157962
SNX8	1.02381778546103
CTPS1	1.02310034587794
ZKSCAN8P1	1.02248281546153
HNRNPUL2-BSCL2	1.02240170401778
SLC16A7	1.02216197413429
CFAP157	1.02214137393555
SLC38A5	1.02152361760785
E2F6	1.02080460954402
ARHGAP9	1.0205803752142
CHAF1B	1.02047237025943
PAX4	1.02046720480671
TRMT5	1.02025070185838
REEP2	1.02022113889787
USP26	1.02018674630566
RTL9	1.02016662961697
ELP1	1.01971172395174
TGFB3	1.01923008698372
DCHS1	1.01919297051171
SPTLC3	1.01905858548962
KIAA1614	1.01885602241862
NARS2	1.01883418491168
TSGA10	1.01828671591644
MRPS2	1.0178168417975
ACAT1	1.01729109534468
TUBB8	1.01680499066088
PTH2	1.0165555557955
AKAP6	1.0164468355793
FCGBP	1.01636352955631
ADAM32	1.0163532604582
NR1D1	1.01618896501805
SAMSN1	1.01574744818593
RBM27	1.01568821302166
RSPH1	1.01542050212918
SGK2	1.01456865937906
FPGT-TNNI3K	1.01454514459622
LGALS8	1.01446768789193
ARAP3	1.01383565629311
SMPDL3A	1.01379021464455
ARL4A	1.01369961411844
CHMP3	1.01355946806303
UTP18	1.01327555140732
THSD8	1.01311801548335
PSMC3	1.01299854923017
GOLGA8M	1.01274692637585
NSD3	1.01260348249424
ST3GAL4	1.01111417294245
MRPL24	1.01106884687235
SSU72	1.01096509576153
SLC7A9	1.01096141864967
RHEBL1	1.00951967297361
CMTR2	1.00951559149342
ZCCHC24	1.00921109886685
OR7E29P	1.00895266771493
PPP1R3F	1.00884425616891
PTGIR	1.00880493852962
TRIM38	1.00879587669291
KCNJ11	1.00869807333242
RAX	1.0080972733566
RABL2B	1.00745074037614
SSRP1	1.00710695375228
TTC39A	1.00700593689342
LNP1	1.00670917028901
PTPN3	1.00623330480444
ITGAX	1.00594573746383
NHLRC1	1.00543912943008
COQ2	1.00533076251047
TMC1	1.00532836685488
CIART	1.00507065712282
IMPG2	1.00442646529711
KL	1.00422329315169
PTPRC	1.00401368634262
ECE2	1.0027912722796
HPS5	1.00223833180167
HAGHL	1.00223481411409
NOPCHAP1	1.00186541065438
TMEM74	1.00186321823267
MAPK3	1.00178035109712
DMRT1	1.00145666067275
BOD1	1.00114338658162
LTBP4	1.00082689419177
ADORA1	1.00069710879332
RPL7AP19	1.00059401723848
GPX3	1.000062545544
TBL2	1.00000822096473
LPO	0.999808577944093
POMT2	0.999798437770139
CTSH	0.999444149967139
MYL3	0.999329371533205
SCRN2	0.999188396313658
PPA2	0.998448378741586
CALCA	0.997863567695938
TMEM198	0.997741267985364
KMT5AP2	0.997359219074972
EXOC3L2	0.997218307451166
RTN4IP1	0.996844564090935
TRIM46	0.996487942762324
ARHGEF17	0.996352451547912
MYPOP	0.995755872363825
CRISP2	0.994424356167127
TMPRSS6	0.994285082781839
CDHR1	0.993975983008096
STON1	0.993263668117921
NSUN4	0.992181980241726
KCNK17	0.991697890365056
WDR97	0.990458587869163
LIPA	0.990245730750107
SYTL2	0.990166302971052
P2RX3	0.989973294124811
NXPE3	0.989702614496164
MED15P9	0.989582056373958
PGA3	0.989490816981873
SLC13A4	0.988525079919354
SLC38A6	0.988269678231109
PRR20G	0.988072721806469
PDLIM2	0.987915954955275
PLEKHH2	0.987776239665141
SSB	0.987707809657687
ZMYM3	0.987358791232773
XPC	0.987261039254538
LAMB3	0.986452494169888
SLFN13	0.986368715193226
DKK2	0.985853361310746
CLEC20A	0.985785125322824
NXPH2	0.98551030370537
HTR7	0.985467627762603
SKP2	0.985053223784331
DLX1	0.984706411199258
OR2T8	0.984663950780781
MOBP	0.984358303428591
SAA2	0.983890917743511
LIN7B	0.983778982967158
UFD1	0.983697889660989
ZNF177	0.983334538331202
CCDC126	0.982993886458019
IL17RC	0.982970723143802
MTHFD2L	0.982753379692404
ALG1	0.98267545025045
LDHB	0.982543585331639
C1QTNF2	0.982387667139197
ZNF814	0.982285149841519
SNX7	0.982027327347963
PTPRZ1	0.981989035349499
PTPN5	0.981853193772911
ITPRIPL2	0.981843057187071
C11orf86	0.981652318908783
OTULIN	0.981358883623846
RHCG	0.980904975758351
MRPS31	0.980765899564267
DAG1	0.98076336791067
RPS5	0.98066628734111
ZNF676	0.980505363974216
FBN1	0.980487066441214
ULBP1	0.980320133632681
VIPR1	0.980005920858133
VPS13B	0.979534815301423
OTULINL	0.979455076029665
PTPN20	0.979202986744032
HIBCH	0.97920053436977
SLC5A4	0.978605235752932
JRK	0.978482331906756
MESP2	0.978318548896945
SF3A1	0.977880684354608
GNA15	0.977541110900554
NDFIP2	0.977103881225398
KCNK7	0.976897142794183
ZFHX4	0.97641865870843
MTFR1	0.976030051240447
IL6ST	0.975158472303886
RNF112	0.975139815790358
RSAD1	0.97484295677312
GABRR2	0.974614129040793
KRT3	0.974205223290356
POMGNT2	0.973927409548785
SLC29A3	0.973517171294625
APLN	0.9732058451954
OR52A1	0.972907097090454
OTUD6A	0.97270811204608
KLHDC3	0.972223712079899
FUT5	0.972012762497964
SH2D3C	0.97178762229518
LIG3	0.971590010007942
SLFN11	0.971324384034311
PRIM2	0.971032737186449
RSAD2	0.970717097032579
GATA6	0.97066023246837
MFAP1	0.969951075589684
ZNF286B	0.969736343120073
RAD21L1	0.969580995178316
FAM13A	0.969460116727294
CLN3	0.969348599220249
LRP11	0.968484430049777
VMO1	0.96741054639668
DGKB	0.967067933703234
POLRMTP1	0.966968709814499
LPAR2	0.966647077499794
RGS5	0.965659395303837
CD4	0.965589870423891
DUSP15	0.965578140130338
GPR89B	0.965525877313427
EPRS1	0.965390068752846
FBXO4	0.965322060420936
CAPZB	0.965158460868781
CLPTM1	0.964905660896292
MINDY4	0.964654639325156
ABCF2-H2BK1	0.964595776582349
TIGD2	0.96439971761025
LRRFIP1	0.963658720363983
RFX8	0.963205821970926
TBRG4	0.96303295175995
PCP4	0.963032189830542
ELP2	0.96270226205335
BICC1	0.962643932065075
NUP62	0.96238157513509
DUSP8P1	0.961518361694657
MCRIP2	0.961233038723035
CIBAR2	0.961217493040024
VRTN	0.961111913350173
NADK2	0.961037741545799
UBLCP1	0.960819150769364
ALAS2	0.960807480977672
UNG	0.960787475705044
P2RY8	0.959958746859094
MME	0.959801654475111
CD58	0.959660914338624
DFFA	0.959152056274895
HSD17B14	0.959107615793635
PLVAP	0.959048746149834
BABAM2	0.959046481176349
ITGA10	0.958954110593711
ELF3	0.958943628348892
ZNF658	0.958719208406195
INTS8	0.958711454070399
NMUR2	0.957948495397041
PKD1P5	0.957689125379331
MCIDAS	0.957569929669432
KLF2P3	0.956892902582952
TPSB2	0.956576896178366
PCED1A	0.956374734015265
ABCD2	0.956300022528252
SLC12A5	0.956253845685195
TAPBPL	0.95621328326598
CCDC81	0.956172456701073
IMPA1P1	0.955837408886987
TEDC2	0.955641668038809
FASTK	0.955300661070452
LMOD1	0.955255867131642
ZNG1E	0.955078515637423
ABCC5	0.954584152345402
CKS2	0.954247780830623
OR6B1	0.953724147518802
LRRC37A	0.953548459647957
FMNL3	0.953478337556406
UTP4	0.95306554976432
PIEZO2	0.952124091564266
TMEM160	0.95190704118494
CCDC144A	0.951833727631067
MLF2	0.951579468632977
PLXNA2	0.951176750791443
EID2B	0.95106879079946
SETX	0.95104749635642
CMPK2	0.950838593295181
CD44	0.950617485194422
ALDH3B1	0.94922340937022
OSBPL6	0.94916918056643
PHB1P13	0.948806762841718
FAM72D	0.948369723626505
COL1A1	0.948311226169331
BCL7C	0.948187812588173
PGBD2	0.948176495139301
FAR2P2	0.94791190965738
RBFOX2	0.947678248713472
PRPF4	0.947537802873387
EXOC4	0.946634858873462
RAPGEF2	0.946348728938252
CBX3P9	0.946211297646171
TXNDC16	0.946143571087959
REP15	0.945687651802433
C2CD4B	0.945471393413335
GOLGA8S	0.94524921765862
RPS3AP26	0.944921011197891
GORAB	0.944835839507936
MED28	0.944764453815188
RRN3P1	0.944424307053448
ALOX12	0.944179512221703
MAPKAPK3	0.943984979735541
BTC	0.943828328854403
LMOD2	0.943737197455742
SMG1P1	0.943736001839916
RGL1	0.94360814025786
ANAPC1P4	0.943017553275327
NAP1L2	0.942989120730946
GLYATL2	0.942970752178134
ETNPPL	0.942938380871801
STK38	0.942836147908348
TRIM59-IFT80	0.94257083792093
AZGP1	0.941969232548312
EIF2B4	0.941375869388593
TNKS1BP1	0.941280810584381
KCTD17	0.941181123200116
PIK3R5	0.940996062067687
ZNF562	0.940929871901692
PRRT4	0.940767035371567
FAM135A	0.940495684719003
PABPC4	0.94049268680787
HOMER3	0.939419971765669
APBB1IP	0.939101013886447
TFDP1P2	0.939066831822068
MBNL2	0.938979878617907
SLC17A9	0.938581140848592
SLC27A6	0.938410363811875
SNRPG	0.938112474894015
NELFB	0.938007061288358
GFOD2	0.93714498567537
TXNRD3	0.936949391156297
GRAP	0.936931153090118
MOB3A	0.936801427858982
PALS2	0.935989142707414
ARMCX5-GPRASP2	0.935673569731956
SUCLG2	0.935541536315627
CD93	0.935302517117436
SEPTIN14P12	0.935037266929838
EXTL2	0.935030735357885
ERAP2	0.934983735321219
IRF1	0.934864836012159
TSPYL2	0.934844204837143
HAUS3	0.934496958771285
GIPC1	0.934390785326946
NPC1	0.934304887360168
MEGF9	0.934151059858719
PSKH2	0.933981059135788
FRS2	0.933773086968986
LARGE1	0.933756862778279
HS3ST1	0.933328833505039
TNFRSF1B	0.933008590582135
NOSIP	0.932946159747683
ZC3HC1	0.932574472691511
INTS9	0.931863079657311
GPR85	0.93179112757608
PLAC9P1	0.930879914795408
CPM	0.930851517357185
HSPA5	0.930842430674306
OPTN	0.930590047540429
CDKN2A	0.930445309427161
SIM1	0.930414607952893
GALR1	0.929525678541078
ADAMTS17	0.929409919629222
VWA5B1	0.929063282030007
PRLHR	0.928973679090978
CTDSP2	0.928931065210291
RAB3D	0.928835369872638
TRMT1	0.928190514358043
MSRB1	0.926756590721551
DEDD	0.926514998419308
HYAL2	0.926241795124874
MEGF11	0.925972732244261
TRIM16L	0.92570072899518
FAM163A	0.925046520388083
FAM3C2P	0.92416606740932
SYT11	0.923701084128692
GGNBP1	0.923596904149836
TKT	0.92356405451928
MYCBPAP	0.923530564994111
MUC5B	0.923128630088408
SLC27A5	0.922540722916429
ARHGAP22	0.922411684395948
FLI1	0.922096979930861
GSTO2	0.921929283634167
FAM185A	0.921452646708149
POPDC1	0.921284585156143
LITAF	0.921164258265479
APOBEC3F	0.920982483492199
PPP1R3D	0.920546450040673
SH3BGRL3	0.92006999863938
TGM4	0.919191952312953
PIAS4	0.919010179885915
CALN1	0.91899440420801
CC2D1A	0.918846892001326
ZC3H12A	0.918843389541638
CAB39L	0.918549591441588
APBA3	0.918267516145186
ADAMTS8	0.918263955103543
OTOA	0.917821392749716
CHADL	0.917739029316344
RASGRP4	0.91742561582967
BBS7	0.917160585690579
WDR48	0.917005966821606
RPL23AP81	0.915815194493551
CR2	0.915804706749076
PDCD6IPP1	0.914892121510207
SDC3	0.91483651571503
NME7	0.914426508361721
LRG1	0.914346837135366
JAKMIP1-DT	0.914343672078877
TCAM1P	0.914267912732988
MYRFL	0.914070158483207
ZNF852	0.913841404550023
NAP1L4	0.913533865246357
KLF2	0.913259757224878
TMEM187	0.913030931311777
PYGO1	0.912987409639098
STOX1	0.91247552398985
CEP164	0.912433508320892
TRIM9	0.911654082755614
PTPMT1	0.911429610586495
ARFIP2	0.911049813536301
PATL1	0.910877405024071
BORA	0.910443790133187
SEMG1	0.910240055824523
PSME2	0.910132288526923
ABLIM2	0.909922752491913
NSMCE1	0.909502982125147
KYAT1	0.909232787150701
GFRA2	0.909071285490478
TTLL5	0.908131957417614
PABPC1P4	0.907574477540765
ST6GALNAC5	0.90755601852951
CEP170P1	0.907396878610704
LRRC7	0.907368690046934
KRT77	0.907309067393402
KCNC2	0.906910897271987
PMS2P1	0.906906003917751
MAP1S	0.906716090276713
PES1	0.90648028851113
RINL	0.905475613665109
C22orf46P	0.905134746654928
CDH22	0.904775429487082
SSR2	0.904501293925396
EIF3FP3	0.904154365336066
RAB17	0.903795223800615
TCAIM	0.903394915785657
NHERF1	0.903240319121554
CLRN1	0.903226772643383
AGBL2	0.902939425993188
CCDC74A	0.902805717563826
SCO1	0.902077975032184
CROCC	0.901003202631565
PITPNM1	0.900260962193053
PPP1R17	0.899851765822291
PYGM	0.899740766736521
HMGB1P35	0.899670306302246
PPIE	0.899650085809153
FKBP11	0.898965857336982
GGT6	0.898579595857685
HEXIM1	0.898332238306354
PDLIM4	0.898236757340605
GABRA3	0.898036765874802
PPP1R3C	0.897576189782819
PTPRT	0.89748877893067
MAPK8IP3	0.897321072866514
GGTA2P	0.89709801657962
RIT1	0.89673419396361
PSTPIP1	0.895832658852734
GH1	0.895624870834456
SLC8A1	0.895439546062803
TRUB2	0.894524597943084
DTNBP1	0.894399678090625
FAM234A	0.894396615933863
SHISA5	0.894132978603371
SLC25A26	0.894086254463735
ALG10	0.894074187403211
SLC7A7	0.893676192178168
SPMIP8	0.893388556526584
TMEM145	0.893334053012107
STAG3L4	0.893330332915048
ASCC3	0.892979544338228
RPS7P1	0.892848223120184
GET1-SH3BGR	0.892782179132778
CMTM8	0.892403567649165
CCDC110	0.892267208797612
LYPD6	0.892228225862172
LSG1	0.891675792887712
PARP3	0.891365113456297
PARK7	0.891261379470257
SPIB	0.890797602545008
THSD1	0.890791334258717
SRF	0.89056629414639
PDE4DIPP2	0.890286259444356
CHL1	0.890216794066583
HSD17B10	0.890008085239261
MRM3	0.889854664975274
GUSBP11	0.889748222806562
CEBPE	0.889593125056519
PGF	0.88920712447635
POMP	0.888165407322321
ADCY10P1	0.887924833639556
ZNG1F	0.88753235741473
RABAC1	0.887343245256249
GNG8	0.887311298267958
C22orf42	0.886644245261138
CFAP90	0.885771930125161
PKHD1L1	0.885484565874563
COL6A3	0.885319060032223
TRIB3	0.885272761111206
HK1	0.885093815760736
SLC35E4	0.884619133939567
LIF	0.884396132235748
ERCC6L	0.884105397817927
OR5A1	0.88395441686358
BRSK1	0.883595414465767
TRIP6	0.883511771849292
NWD1	0.883362555401325
FBLN7	0.883220563464257
AKT1S1	0.882918373430868
ULBP2	0.882621967916054
TMEM233	0.882549336468433
TMT1B	0.882243373555393
HCLS1	0.881263109810636
ACSM3	0.88092040198166
MARK4	0.880417071615488
SMIM45	0.880060339251102
C12orf75	0.880002914922126
CALR	0.879765453713564
BBLN	0.879608479176366
CCDC34	0.879551457845745
ZNRF2P1	0.879520538860108
TNFRSF10A	0.879200048745324
PRKRA	0.878275696193982
ART3	0.877908024273616
KRT16P1	0.877662312218308
FANCC	0.877622329924395
ACAD8	0.877082462482894
F8	0.876575659536339
PVALB	0.876484384533554
CSPG5	0.875722192413764
CYB5R3	0.874744277667919
HSPH1	0.874421318434635
NPFFR1	0.874382596554657
SETMAR	0.874065869013602
UNC5C	0.873787197196412
ROGDI	0.873660433498935
ICAM4	0.87364428264679
ATP1A3	0.873023280703036
GNAI2	0.872754616177659
SMN2	0.87257140347546
MPZ	0.872462697228385
NEXMIF	0.872365085620899
PURG	0.872106546724495
FGGY	0.871804410533731
IRF6	0.871728499679709
FAM168A	0.871625045304206
CDX2	0.871460873587243
GNG2	0.871403842105616
PPP1R3B	0.871396896155729
ADGRD2	0.871312248293892
ADRB1	0.870966462044592
OR52A5	0.870149022377099
DHRS12	0.869860627226091
JSRP1	0.869557057559565
FAR2P1	0.869329122164678
ITPKA	0.869286618618302
CCDC9	0.869157765545835
INTS3	0.869090465499198
ADA	0.869049899431485
ZNF215	0.868795115216753
PABPC1L	0.868788479234697
RANGAP1	0.86848299582515
TMEM8B	0.868467582761639
CNIH2	0.868145587073074
POLR2A	0.868071533896354
ETV7	0.867860661908973
CSNK1G3	0.867682642086945
HTR3C	0.867485407822607
DLC1	0.867147121952446
NPY5R	0.867026814297289
SPC24	0.866412759680085
AHCY	0.866017265240248
SOX7	0.865494447997007
FTH1P2	0.865036622437014
SAMD14	0.864915007995241
HDAC7	0.86480321973424
HSPB2-C11orf52	0.864579967793929
CSTB	0.864403756681593
RPL7AP45	0.864399694376866
CDC42EP3	0.864298657600615
TRIM45	0.864220998121894
TSSC2	0.8639353630757
EML6	0.863744059739608
CYP2A7	0.863476622976409
GPBAR1	0.863420121624432
ADAMTS7P4	0.863417418044151
WSCD2	0.863378583285062
INAFM1	0.863343040869496
INSYN2A	0.862872859510764
CATSPERG	0.862315256217029
ZPLD1	0.861935149864036
GOLGA8O	0.861903365295078
CST3	0.861311269447189
RSL1D1	0.861103927753292
SLC25A13	0.860970339304051
MORN4	0.860816769412087
PDCD10	0.860538869598153
GPATCH4	0.860326663563364
NMRK1	0.859997735501836
PWWP2B	0.859995505448628
TWNK	0.859974637476989
GRWD1	0.859839392502313
ZFP92	0.859352664550256
TOR1A	0.85927291410236
JAML	0.858611122911985
DYRK1A	0.858566592226095
VWA3A	0.858204718814265
MYBBP1A	0.858199903843717
TCP11X2	0.857865591942642
PRICKLE3	0.857492922612641
DMRT3	0.857203756647423
TIMM44	0.857011235528886
ADK	0.856035922987031
CXXC1	0.85549811666272
MMS19	0.855339892213952
CDYL	0.855288168125044
SERF1B	0.855282694725452
SCML1	0.854915528343937
RPS26P15	0.854739866411648
NME2	0.854548669537113
RPUSD3	0.854221835200462
VARS1	0.854013501240017
COIL	0.853952838343
HEXB	0.853876898331816
SLC18A3	0.853361281417697
IRS1	0.853012844480208
SLFN12	0.85299605921734
KIF6	0.852820111977576
DUXAP9	0.85275555392125
DDX11L10	0.852083668640619
TDO2	0.851785052381972
PRUNE2	0.851480021384174
ASPHD2	0.850774291910371
CIZ1	0.850646322571678
RNASEH1P2	0.850064820874734
SDHC	0.849749824438655
CHRDL2	0.849745818358248
SUPT20H	0.849628250232642
MCCC2	0.849571290999232
CCM2	0.848728132629453
COA7	0.848723922010372
ADAMTS20	0.847934296705941
SLC44A3-AS1	0.847538103698955
MYOZ2	0.847513847104833
P2RY6	0.847492218267975
UBALD1	0.847438358988498
TARDBP	0.847136833225849
APOA1	0.84708410284737
ZNF603P	0.846535360069818
RNF225	0.846061426192968
LDAF1	0.845800601386893
HAPLN4	0.845754917813678
LCP2	0.845497395867545
CHDH	0.845289283989509
BOK	0.84498167338807
VPS26C	0.84433105721198
NDUFA6	0.843938201757124
GGCTP1	0.843852887904488
SLC16A4	0.843610232333406
SNRPF	0.843577371786678
COTL1	0.843542917115159
SV2A	0.843049582350697
SMPD3	0.842531540945632
KIAA1143P1	0.842488432798581
UROC1	0.842412721357407
CARD8	0.842080424530961
NMNAT1	0.842052456219322
PPP1R2	0.841775284659339
ZNF385A	0.841680801586772
NRCAM	0.841664097741076
IPCEF1	0.841559291683795
EPDR1	0.841363110295606
PCDHB2	0.841257062092309
YARS2	0.841142577547148
NPIPB11	0.84110452613989
COPS7B	0.840128859789248
BHLHA15	0.839738484028105
THAP10	0.839579614261721
LAMTOR1	0.839359437314197
ASTL	0.839279840279426
MYH7	0.839020990310096
TXNDC5	0.838635819338575
DNAJB4	0.838491202146897
NCF1B	0.838319813115443
CAMK1G	0.838227830447466
GPR89A	0.838149243151403
SLC16A1	0.83723646900887
TPX2	0.837216887580089
JAK3	0.837079083950106
PDE8B	0.836904176236595
USP32P3	0.836801773984515
TP53	0.836509676867577
CHRNA7	0.836457952768317
FBXO15	0.836317825829729
BCHE	0.836118958816553
XPR1	0.83583464819595
NOP10	0.835621003669054
SLC26A4	0.835045955609179
RPL7AP70	0.834915540828953
YIF1A	0.834903933917121
TUFT1	0.834812558091803
UBOX5	0.834263748912321
TIGIT	0.834242212259845
GALNTL6	0.834172387029434
SLC39A7	0.833807885476611
SIRT6	0.833758755064309
DPF2	0.833663818581292
POSTN	0.833506371861096
TIGD6	0.832516956290628
POLB	0.832496596790174
NRIP3	0.832227792602427
SH3BP1	0.832013708450558
PDE4C	0.832001765117601
SERBP1P5	0.831851838050191
ADGRE5	0.831735258153204
NPIPB13	0.831478965715195
C16orf96	0.831419277057426
RAB9B	0.830166339175338
PHYH	0.829806102369076
METTL25	0.829703528526162
TBCK	0.829377253041326
BBC3	0.829244648170913
POLG	0.82921408499878
UTS2	0.829128775647384
NPR1	0.828907255863729
BTBD7	0.828878785591765
NUP210L	0.828788529003072
PPAN	0.828766984281224
HS3ST2	0.828687613915838
RFT1	0.828607783943107
EXOC6B	0.828046604449469
TMEM183BP	0.828038423006796
NFKBIB	0.826764253864995
PIGU	0.826083416281776
COL6A5	0.825704550434885
KHDC4	0.825036869859068
ANKRD23	0.824589414720685
TERF2	0.824074188156172
IMPACT	0.824061456194805
LAMTOR4	0.823487402280174
TAGLN	0.823149981062486
IGKV1D-43	0.823062498592126
TMEM250	0.82243116597194
GARIN1B	0.821778894603984
NAPEPLD	0.821634803594317
KLHL42	0.821390047065622
OXTR	0.821302839396772
PLA2G12A	0.821236294031264
RNLS	0.821095591144951
CPNE1	0.819829187873782
SACS	0.81968063657905
ABCC8	0.817644532680734
TBC1D3L	0.817462023184787
CUEDC2	0.817338419796106
POU4F2	0.817073292855994
GZF1	0.816963377158841
CETN4P	0.816747748900886
DCAF10	0.816654539366091
DIP2C-AS1	0.816508477753614
PSMC4	0.816260742264236
PLXNA4	0.81587911022786
NR1I2	0.81545683296794
GJD2	0.814655307104597
ZG16B	0.814173929606175
PHACTR1	0.813840141602048
ERFL	0.813833448216827
C15orf62	0.8137559551447
SMCHD1	0.813562699686368
HTR6	0.81355479077905
LRRC37A7P	0.813459599164171
CAPN2	0.813225346661098
MAK	0.812572846763193
MLLT3	0.812423160989093
DNAH10	0.811359056573424
H2AZ2P1	0.81128725024027
LONRF3	0.811211883507442
GCNT4	0.810982314372133
CTAG1B	0.8109671651434
ACE2	0.810523328329082
ME1	0.810450991130739
C1orf202	0.810131266485115
FAM161B	0.809705397983059
ABTB3	0.809648757456534
NPR2	0.809148989712608
MAVS	0.808567584329046
MRPS24	0.808325773599387
SAMD13	0.808298345045478
XCL1	0.808222218385663
NAA80	0.807743961281949
IFRD1	0.807657964089657
XPO1	0.807441309826088
SPOP	0.807177709644292
LY75	0.806217069274589
ANKDD1A	0.805440402679176
SRSF1	0.805421811762753
CYTL1	0.805182910456334
HMGCLL1	0.805169978976581
WFIKKN1	0.804987173382837
PSAPL1	0.803953989113914
RPS6KA1	0.803772568686998
ACTA1	0.803762795558235
CEP57L1	0.803740682093164
TESC	0.803723761667455
GLO1	0.803625890685834
TMEM9	0.803256065694685
TANGO6	0.803002774659261
PSMB4	0.802557076957289
SMG1P7	0.802444896978436
MMRN2	0.802354819394772
H1-4	0.802271295993343
SERPINB4	0.80185207979922
RPL12	0.801398111927777
NHSL3	0.800899882113336
RWDD3	0.80057797320913
PRELID1P6	0.800337485176799
COLQ	0.800188966738157
MAGED4B	0.8001021296259
APLNR	0.799835815855639
SERTAD1	0.799510895131489
ALYREF	0.799497029644652
IGKC	0.799430074763635
SERGEF	0.799414606102353
SLC16A8	0.799336664871926
CA7	0.798726278695329
CFAP210	0.798654458334536
UBE2D4	0.798342405872246
PFN4	0.79806963017704
FAM156B	0.797814362708293
ZMAT5	0.797652657552378
CEP19	0.797173693831652
HMGN3	0.797137846017228
MAMDC2	0.796945626071451
SMC1B	0.796880869879906
AVPI1	0.796654061938417
GMNC	0.796556381416658
HSPD1P4	0.796548518276376
SERPING1	0.795994989820303
ZBTB46	0.795987553800843
SLC7A1	0.795809180965366
PTGS1	0.795380176681345
TARBP2	0.79537856509208
SST	0.79533405155376
ZNF705D	0.795193877645001
AKR1A1	0.794688109812834
KCNJ15	0.794593681584324
TBX22	0.794559174948034
GET1	0.794397861712457
FCGR3A	0.794119837478359
MYL6	0.793995410002102
MAGED4	0.79367576046765
LRRC37A3	0.793245732909897
UBE2Z	0.79289427805312
GPR139	0.792686981317575
CD79A	0.792671830254707
SLC25A17	0.792380385088097
SDR39U1	0.792222833206636
CDKL3	0.79217827279293
FMNL1	0.791666679654231
VCF1	0.791497855382992
NAE1	0.791423889020377
KDM4A	0.790886720611261
NPRL2	0.790661528671487
MELK	0.790593863327058
GABRP	0.790556248291122
TMEM236	0.790443957712057
FAHD2CP	0.790435911079303
GPA33	0.790118085679633
CFAP47	0.789645500710844
RMDN2	0.789448678315405
C2orf66	0.789443996316911
L3MBTL2	0.789169054755039
AMHR2	0.788950376548878
ZNF474	0.788819529113028
TSPO	0.788654996142648
RAPGEFL1	0.788261242433626
ALG1L1P	0.788188134992704
WT1	0.788164702753414
STAC2	0.787900413529798
PLXNA1	0.787743951552217
SH3GL2	0.787435430730117
EFL1	0.78743495787971
AAR2	0.786793407637975
AFF3	0.786654714937025
GXYLT2	0.786521990526636
TTC29	0.785896305642173
CAPN6	0.785533338329884
IQCJ-SCHIP1	0.785389927343831
TUBA4B	0.785163761979006
SNX10	0.783685651618114
ABHD6	0.783589789077837
TJAP1	0.783563369109764
RSPO3	0.783403112258571
TAFA5	0.783359485625659
NBPF19	0.782574508493181
PLSCR3	0.782402371484497
CIMIP5	0.782398123451987
SEC16B	0.782080823076326
ZNF473	0.782037946712877
CDC42SE2	0.781720523181417
VASP	0.781640211450247
GNG3	0.781461860911835
LAMP1	0.78132735974338
UQCC2	0.781081116958916
CCDC184	0.781056046626675
RPP40	0.780840935903989
TFCP2	0.780785933271357
ADCY4	0.780694666721411
NCAM1	0.780543106347388
PSRC1	0.780020232279004
ARAP1	0.779905124530481
ZNF546	0.779850502753537
FAM78A	0.778806117654552
C8orf58	0.778495012240133
ZDHHC1	0.778482254026774
HPN	0.778476887841719
SCARA5	0.778466875875624
TRIM28	0.778213032589722
KATNBL1	0.778050047094632
SLC22A4	0.77801082225978
ARMC6	0.777903599665221
CIMAP3	0.777878966428596
ERMN	0.777652624008826
STPG1	0.777610273475159
SPEF1	0.777528460276908
MTTP	0.777150886978667
EDEM3	0.776873592724265
PPID	0.776253609595848
DIP2A	0.776244178775562
CD164L2	0.776160399583121
DERA	0.776085926190323
ZNF316	0.776078871874988
MLKL	0.7757151588989
RPL18	0.774939420716074
CCDC107	0.7743693917999
ITGB3	0.774036279200274
PRDX5	0.773893192705747
FZD2	0.773526525876359
DHPS	0.773504749787459
GVINP1	0.773484945615737
TMEM132C	0.773453441848674
SEMA5B	0.773239433875722
UBE2Q2P16	0.772870906919111
MON1A	0.772805962998723
ABI2	0.772752342807082
PCDHB9	0.772697668524734
ARMC2	0.77256080879707
UBAP1	0.772279711867081
CABS1	0.771987546223075
SLC35F6	0.771911487961515
NIF3L1	0.771539355095492
PITX3	0.770977010624748
CIP2A	0.770583115428703
ARHGAP36	0.77047479351952
IZUMO1	0.770334646466641
CHRM2	0.770124125527537
WHAMM	0.770112214606515
IFIT5	0.770025840321932
EZH1	0.76970872556248
TRIM65	0.769685100071129
M6PR	0.769463518470918
TRPV2	0.768913136610718
NXPE2	0.768747503115483
FRA10AC1	0.768613099262617
KEAP1	0.768572366183796
KCNMA1	0.768465525318256
CCDC149	0.76834266192153
WDR49	0.76820813479639
PTPN12	0.767962348363034
ZNF644	0.767887185634532
GNGT1	0.767744823785581
CNOT10	0.767519035005741
BNIP5	0.767434676189342
PSMD3	0.767412007513315
CDYL2	0.767331451529701
PLA2G7	0.767304591895789
HDAC3	0.767210564776051
RAB13	0.76709043225107
PRIM1	0.76666179328788
SPINK2	0.766394237812827
SMN1	0.766024562570383
R3HDM4	0.765346401817766
CACNA1E	0.765180972004475
CD226	0.765139051916199
HARS2	0.76513055559168
MGAM	0.765103578171631
ACP5	0.764845127891824
ZC3H15	0.764831051756334
NAA10	0.764586416156197
GPR199P	0.76428261489039
HYAL3	0.763771078176199
VARS2	0.76371754212634
GUSBP2	0.763299774175428
PTPN6	0.763137858617102
RNF26	0.762915785693909
TSN	0.762739864652263
KLK4	0.762723482765824
NIPAL4	0.76264206822812
OCIAD2	0.762603802465459
CDH24	0.762539158220402
KCTD11	0.762526255327874
ZNG1B	0.762413260802684
SLC38A7	0.761927143195467
COL19A1	0.761603878612427
SENP1	0.76140704524364
HDGFL2	0.761235273095947
TULP2	0.761067678439357
MAGEA6	0.760978773122793
NMBR	0.760870504199287
TDRD10	0.760362941701007
RAB44	0.760250429181717
ZNF865	0.760118060147793
ALDH9A1	0.759551171373798
ANKRD17	0.759218477589581
SLC25A40	0.759156372040882
ASPRV1	0.75910203880647
MEMO1	0.759043355622496
SLITRK4	0.758625523779404
CEP112	0.758612723958481
SP140	0.758172296365865
TF	0.757544865085548
SYNJ2BP-COX16	0.757371188461555
ZNF19	0.757000980872663
KHDRBS2	0.756823885345658
PTPN18	0.756293805758624
FHAD1	0.756088024030823
SLC5A11	0.756009196486893
FHIP1A	0.755557451901516
MROH7-TTC4	0.755309617705922
RTL10	0.755303077745977
HEXIM2	0.754975352440229
TMEM86A	0.75463592984148
TSNAX-DISC1	0.754337107597974
SNX15	0.754052197965956
ZNF876P	0.753473777313012
SEPTIN4	0.753226950751316
GFI1	0.752170955556799
H4C3	0.752049628131711
ZNF503	0.752011234914624
LDOC1	0.751649697127017
HOXC13	0.751602028581361
FGD5	0.751488101207609
INPP4A	0.751301496012647
ADAP1	0.751245074501271
FPGS	0.750899799180572
FTCD	0.75085524989003
LSR	0.750835558027025
TGFBRAP1	0.750488780562503
NOB1	0.750446121043588
C19orf38	0.749570366035066
KMO	0.749215121811597
ZBTB47	0.749090941153893
MYL4	0.749071654633315
HNRNPCP2	0.748463875603624
REC114	0.748399051171271
TMEM17	0.748137578998243
CCDC138	0.747913747879191
ADRA1D	0.747828232687198
HORMAD2	0.747703771876017
COL5A3	0.747587195961751
MYCBP2	0.747394174559565
ACTN4	0.747237700665273
MIPOL1	0.747037086256603
SVOP	0.746862329250744
RPL21P87	0.746637376817075
PDE6D	0.746627721376227
CDC34	0.746622507620667
ERCC3	0.746601700802291
LASP1NB	0.746494637720821
NEIL3	0.746231093579526
HNRNPA2B1	0.746054720499017
FLACC1	0.745575733770274
ISY1-RAB43	0.745210910035528
ACIN1	0.744857983922933
NTMT2	0.744458500923916
METAP1	0.744352460614586
CRIPTOP7	0.743721243214341
FHL1	0.743575927856155
FBLN2	0.743064927978079
GLIPR1L1	0.74287052137335
HSBP1L1	0.742823187103327
GUCY2EP	0.742714434299397
RGPD4	0.742532008423911
RPS26P47	0.742500415750534
RNF8	0.742487974167976
IGFBPL1	0.742431540667491
OR2A9P	0.741664104304431
MECP2	0.741518824667111
NDUFS8	0.740979730237125
SFRP4	0.740788040010269
ATCAY	0.740555164518083
RPS20P22	0.740508702075693
FAM78B	0.740395130841217
TMEM186	0.740283253057516
PIBF1	0.740162438227398
ST3GAL1	0.740119460861448
MEIS3P2	0.739996952753565
OR2A20P	0.739796706879911
SERPINC1	0.739617606740964
PRKAA2	0.739369983408732
DMP1	0.739320547446236
GPR78	0.73926473459792
RIMS4	0.738567482413441
OMA1	0.73837502661075
C4A	0.738274007682189
PRRG3	0.738264872471644
TPTE2P5	0.738192819876498
INTS4P2	0.738074816442923
COL4A3	0.737791568226621
NDUFA13	0.737781663062753
TFB1M	0.737497444101953
ADSS1	0.737435115246856
SIMC1P1	0.737289098492354
CEP43	0.737210263224949
TCF7L2	0.737057509965866
ANAPC1P2	0.736635065574441
NBPF11	0.73656499214293
FXYD6	0.735967685550261
ZNF484	0.735829137134909
ZNF619	0.735747539275705
SPATA31C2	0.735327120215505
DVL1	0.735279806369684
ADPRH	0.7351237950866
ZNF580	0.73491058812677
HMBS	0.734742381582391
STRIT1	0.734738007123781
NUP35	0.734640011149647
EARS2	0.73435865273065
C5	0.733301006830336
CREB3	0.733107815611761
RBMS2	0.732628496520448
GCOM1	0.73208658172922
ACTN1	0.731985479522304
HNRNPA3P6	0.731745903531422
PDCD5	0.731580527503579
BAP1	0.73151058121639
TOP3B	0.731408983562095
SLCO2B1	0.73134843347953
GPR62	0.731170126410924
MARCHF10	0.730310242538352
TFDP1	0.729508959868251
B9D2	0.729482215432357
MYH3	0.729368411310148
KIRREL1	0.729101382596946
PGS1	0.729013518906055
DEPDC1B	0.729000793672384
ALLC	0.728839599944214
CDK20	0.728532341788822
HSPD1	0.728274211156841
PHETA2	0.727739976729275
CATSPERD	0.727283602725968
PCBD1	0.727083714208288
COQ3	0.727013630195475
RFTN1	0.726712388693519
CIMAP2	0.726378674761
ERP44	0.726295406902572
PTPN7	0.726195092413909
IFITM2	0.72540964077553
SSX1	0.724805554250584
LDLRAD2	0.7247919890407
ZNF274	0.724481915339996
LCP1	0.724346008849892
TBX21	0.724335686972353
RUSF1	0.724286352265078
STUB1	0.724197099668559
GLCE	0.724003316029105
ACTBP11	0.723828554874449
PHGDH	0.723243861669377
LMTK3	0.722969836479281
CRTAP	0.722766025276159
PSMC2	0.722589063558347
H3C12	0.722462944780997
ORAI1	0.721516961211555
IHO1	0.721360721296563
UQCRFS1P1	0.721317849986894
FGFR1	0.720790952030956
PCDH18	0.720769262226541
PHACTR3	0.72018514424285
ARF3	0.72007693315017
TCEANC2	0.719923113357765
ARHGEF1	0.719850601096826
DLG5	0.719772491265278
CLDN12	0.719263898576576
BMS1P20	0.718815505903628
PICK1	0.718795954901068
SOX12	0.718761511647661
PARP4	0.718410153954133
DRD2	0.718123687459022
HMCN1	0.717723131664924
DPEP3	0.717620786562069
TGFB1	0.717417840906873
MS4A15	0.717396985415632
UTP20	0.717385976182429
RAB40B	0.717090592499502
MICALL2	0.716565591147374
ZFP90	0.716498449501718
LGALS9C	0.716266376029144
LMBRD1	0.716087624274226
ANKRD16	0.715876605892991
DNAJB5	0.715495580199455
MAP9	0.715304171889165
ZNF382	0.715113906837874
COL18A1	0.714885591364168
KATNB1	0.714869923942655
CYP3A43	0.714566903078238
NAA60	0.714548109400967
CCNP	0.714530921381311
RALGAPA1	0.713838098182289
RPL22P1	0.713786427733595
MAFF	0.713403661381926
PRPF19	0.713359281680294
AMPD2	0.713025440567924
TRNT1	0.7129752460903
FAM234B	0.712880507272857
CLMP	0.712853470586002
CEBPB	0.712194251231791
FKBP2	0.712064284635031
PFN1	0.712057105851933
ZNF500	0.711558421995518
IGLC2	0.711526456154302
PSTK	0.71084368698072
CLYBL	0.710388050080133
GOLGA6L10	0.709924749570744
DDX11L9	0.709875945545948
RAB6C-AS1	0.709344631752461
ATP6V0B	0.709196689980754
UNC93B1	0.709172489985476
HJURP	0.709169125170027
S1PR3	0.708825244716676
GARRE1	0.708761900034245
CNTN3	0.708575582352058
RDH12	0.70840113619753
USP4	0.707416793313466
SYTL5	0.70737346500952
CYP1A1	0.707059890487513
CSNK1G2	0.706930443933185
MCF2	0.70678660768639
CDHR17P	0.706657797340268
RPS27P4	0.706573002895672
NMRK2	0.706050173377554
PTPRVP	0.70584561850454
SIRT3	0.705768968727583
FSHR	0.705408008499012
DMRTC1	0.705373790291156
NUDT2	0.704862661596558
IMP3	0.704622021298247
NXF2B	0.704514150984428
NAT16	0.704051735201488
KHDRBS3	0.704038693126501
ZNF662	0.703860233713483
RRAD	0.703203819985695
DHX58	0.702819078337727
CRYBB2	0.702662759291857
PPP1CA	0.701186451112086
CEP164P1	0.700911450537404
EEF1E1-BLOC1S5	0.700788434652841
PRDM12	0.700302799385392
CYP4F62P	0.699986657607912
XKR8	0.699790727902086
ZNF560	0.699770214212106
PLGLB2	0.699667687509733
GRN	0.699637049493702
STRN4	0.699604138608846
TRIML1	0.699260259755171
NHS	0.699081498149714
ZNF630	0.698634113675215
SETD1A	0.69862443753712
TNR	0.698564649127045
SLC2A1	0.698470866410546
RGPD3	0.698221843569574
BAALC	0.697607327846057
BCAS4	0.697523648423293
TYMS	0.697406814074768
DNASE2	0.697150327614258
PLRG1	0.697077777234333
LRIT1	0.697073659173613
GAS6	0.697071541285881
EFNA5	0.697000832454501
TMEM104	0.696452354435581
DNPEP	0.695903271302313
ZNF284	0.695612681130834
TCIM	0.695463914749093
AVPR1B	0.694551849444538
CD36	0.694465933758638
NRROS	0.693670365590224
TCAF2	0.69350325591699
PRM1	0.693108427786697
PPIC	0.693035141645838
PCDH10	0.692975900279961
JAGN1	0.692716655348184
OXCT1	0.692271983304324
CPED1	0.692217014469256
INPP4B	0.692149338914331
ANKRD36C	0.692126323356676
SYTL4	0.691879773215685
TSPAN7	0.691779537995804
STRBP	0.691658063029872
DPAGT1	0.691301141313024
PIANP	0.691294640505276
TTBK1	0.691248428511519
ZNF423	0.691200158180198
C5orf63	0.691100315128436
COX8C	0.690415411722342
VN1R95P	0.69033520713169
PDCD1	0.690298860110138
CTXN1	0.689724901483053
FUT2	0.689456977125031
GLP1R	0.689393700846606
GPRIN1	0.688407149593332
LRRC37A17P	0.688189586055197
ADAMTSL3	0.688157691422182
ASTE1	0.688074063645237
TECTA	0.688009097230125
THY1	0.687926336552288
LIPT2	0.687776524507602
IRAG2	0.687643871193696
OBSL1	0.687423183668249
SSPN	0.687306265581781
CALHM3	0.687216314071139
URAHP	0.687131209654941
CANT1	0.686975090109954
PDLIM7	0.686810816205924
VEGFC	0.686351743838577
EDN2	0.686280234053957
SPNS2	0.685987136283547
HCFC1	0.68582539934517
NDE1	0.685804079772081
NPM1P39	0.685726425775207
ERCC6	0.685666880643067
IFT57	0.685306386171812
F5	0.685200747293857
POLR1C	0.685152599293835
G0S2	0.684871564447307
SLC12A7	0.684665742839701
FXYD6-FXYD2	0.684627954746881
ZNF248	0.684553187069231
ABCC3	0.684533981195602
PUS1	0.684104262727062
GSN	0.683907235699427
TP53I3	0.68383646781776
NLRX1	0.683191922608869
TMED7-TICAM2	0.683187721886122
LEMD2	0.682961017292216
RPL7P47	0.682736722916266
ZBTB39	0.682625595777196
SMYD1	0.682219661111396
AFTPH	0.682157889874252
NR5A1	0.681805356960626
PIK3CD	0.681106934404612
CKAP5	0.681057137236074
DCLK3	0.680822938424512
RPL22L1	0.680677961886588
ABHD5	0.680637048638376
LATS2	0.680020290235992
TONSL	0.679998740363042
DPP10	0.679936465730815
RBM28	0.679698132937797
TAC1	0.679600306654353
NRBF2P3	0.679532444849086
LIMS2	0.679527051362822
LRRC49	0.679413086085405
DPH5	0.67930927995883
SIRT5	0.679236307856079
SMIM10	0.679212458142694
CALML4	0.679196393192584
ANKRD20A3P	0.678832578542566
STAT6	0.678796952743596
MAP7D2	0.678498247542401
ITGA7	0.67848661388639
NEXN	0.678470568103168
NOTO	0.678266523978895
RPL23AP7	0.678074498267382
ANKRD30BL	0.677950514453172
SCAP	0.677596949130574
KLK14	0.677381455161171
STAB2	0.677317391426235
TNFSF9	0.67692200378331
HDAC4	0.676379058300589
DCAF12L1	0.676264619576362
PTDSS1	0.675858869429012
HEATR1	0.675501512301421
TCEAL9	0.675043125584101
SPATA31A6	0.674612792485174
VGLL2	0.674271367130684
PINX1	0.674092053341237
BTBD6	0.673956150266379
CAPN11	0.673850626202035
CYB5R2	0.673803474423468
ZNF322P1	0.673352897149288
WASH2P	0.672994753763712
TCEA3	0.672930134950475
KIF2A	0.67242826661303
CARMIL2	0.672088060296017
LSM12P1	0.672009769121332
KCNK9	0.671455484879361
CLPP	0.671307103577777
GPR27	0.671119641543425
CCDC40	0.671106699404593
CADM1	0.670883412212133
XKR7	0.670706104684957
ZNF182	0.670685692682523
CRYAA	0.670668457992766
TMEM97	0.670649517735843
BEX5	0.67057297518805
KANSL1	0.670105205917092
CHRNG	0.670077035198071
ALDH1A1	0.670055857067786
BTK	0.669895924890187
ZNF890P	0.669853608190889
POLR2G	0.669771740941381
INHBE	0.669626545532079
MAP10	0.669037578561817
CDH7	0.669014906712753
SCCPDH	0.668688195372167
HSPA7	0.668669389115923
NEK11	0.668571234626087
URB2	0.668478095515029
MR1	0.668254113178871
RBM26	0.668232126234478
HS6ST1	0.668079432884716
HIP1	0.667927881042103
JADE1	0.667626523785179
GNPAT	0.667539224913538
UST	0.667285224870742
PLAAT1	0.667037922436633
DNAJA1	0.666892991099649
FAM90A1	0.666852848599471
TRIM72	0.666767264235635
RPL35	0.666523479697792
SAC3D1	0.666401685251917
HPD	0.666313517346444
RNF215	0.666301084835003
RNF103-CHMP3	0.666106591176714
NAIPP4	0.666050688709039
ZNF787	0.665947610900612
POPDC3	0.665668044655656
TOM1	0.665650404101563
MXRA7	0.665417302940806
OAS2	0.665352518455907
KCNE2	0.665169388293598
RARG	0.665023088901198
RPL24	0.664931070249242
CTDNEP1	0.664459957557636
C11orf98	0.664344584288682
ARMC1	0.664259471536136
STXBP3	0.664055533697896
GOLT1A	0.664033551287714
RBM11	0.663668172129514
RNF150	0.663399714361678
RBPJL	0.662724632287428
PARP6	0.662640477183175
WFS1	0.662628672950488
ZNF45	0.662439484285042
UBE2J1	0.662429332320837
CUTALP	0.662423321795049
NUDT9	0.662405260364128
MCOLN2	0.662400490651608
CYP2C19	0.662212608203352
RANGRF	0.661931750143993
TMEM100	0.66170666203346
SLC12A8	0.661539302463131
CCDC106	0.661503661654413
WDR91	0.661147800520706
MTLN	0.661120117377029
TSEN2	0.660782601730743
APPL2	0.660703693224763
HSPB8	0.660676691003972
RAB6C	0.660504197679547
SOX30	0.660493943961483
SLC1A5	0.660460583564303
CENPBD2P	0.66036198441279
SH3BP5L	0.660157263776068
LCA5L	0.660151924599721
BEST1	0.659903568725465
MVP	0.659719681610419
SSH1	0.659464742760766
RPS26P58	0.659266118658813
RBM38	0.659115652739314
SLC25A12	0.659015212488069
TMEM31	0.65818062427065
EIF4A2	0.657950907984715
SYT7	0.657633300438817
VTCN1	0.657601781974046
TRMT112	0.657565096759531
BCL2	0.65755504508309
RASA1	0.657421039131588
TWF2	0.657106232123018
TMEM176B	0.656975212548198
LBP	0.656923934707649
MOAP1	0.656592484524778
SIRPB2	0.656530274218325
BAAT	0.656416225709242
FCGR2C	0.656322564165094
ASB9	0.656137184975071
PON2	0.656049566825427
FGD2	0.656027665741852
C10orf143	0.655918416759565
CYP2D6	0.655799852738883
GGT1	0.655775383053605
ACTR3	0.655258536979196
CNN1	0.655083352456776
CNOT9	0.654991019974977
FDXR	0.654493449755761
RIOK1	0.65444784357418
KRT15	0.654218415012616
CDK18	0.654156729188384
GPD1	0.654026676184452
SEMA3A	0.65390954609808
TNFRSF21	0.653634344065768
SRFBP1	0.653073481499551
UBL7	0.652892506955016
DTX4	0.652731289148816
GK	0.652633050954591
ZNF132	0.652554053885026
MYOF	0.652515554337035
DRICH1	0.652224575888584
EFCAB12	0.651801663283869
NKAIN3	0.651435460477052
RNF216	0.651254789905359
GBGT1	0.650890636009215
ZNF155	0.650536409520927
CENPB	0.650372960379305
PCDHGA11	0.650232321393962
SNAI1	0.650134962025206
MATN1	0.650120393080511
ANKHD1-EIF4EBP3	0.650060506172541
HIVEP3	0.649813091022912
MIER2	0.649808240738269
SLC12A3	0.649766895984687
AQP3	0.649436829785761
ABCF1	0.649385975085796
R3HDML	0.648824825821426
CPEB4	0.648490102540036
RAI2	0.648487887775786
OGFRL1	0.648192935542589
TGM1	0.64814192309512
ST6GALNAC6	0.648051856623598
NOA1	0.64798853196035
FXYD2	0.647934002187834
MYOZ3	0.64776036583736
ERBB2	0.64774353077888
TRIM4	0.647203473753656
RPA2	0.647200862336512
FBXL8	0.647099171601646
SPRYD3	0.645941406903338
AUP1	0.645806709870465
CLIC3	0.645770663252922
TAPBP	0.645727075772177
BROX	0.645551957787934
CORO2A	0.645289705673865
PIN4	0.645127233809037
NSG2	0.645047976156515
CNKSR1	0.644533875187591
RIPK1	0.644371703571723
NTAN1	0.644310969333296
FPR2	0.644061834539256
NAV3	0.643696583589945
VAMP1	0.643521207911247
MYEOV	0.643359059851545
MYCN	0.643343190483216
RPS15AP36	0.643255605773775
TMEM200C	0.642795644254414
VN1R108P	0.642613516536449
TESPA1	0.642403718552726
FBXW8	0.642376942500896
CHD9	0.641953773661563
DOCK10	0.641747080611711
AQP1	0.641509069709615
SMIM12	0.641425646310314
RPL23AP25	0.64122559707524
BOLA2-SMG1P6	0.640863537946629
WNT3A	0.640438575642725
LCN15	0.640291634660767
ATP5MF	0.64003064921061
RPSAP15	0.639568027789582
CDH26	0.639406709043442
XKR5	0.638931516704733
IRAG1	0.638599248271873
SAFB	0.638569593074013
SLC46A3	0.637741779187966
NLRP2	0.637737641884224
ZBTB38	0.637687272670504
SMOC2	0.637243938002372
TCERG1L	0.637170036410624
P2RX7	0.637151714478838
RFTN2	0.636952300693463
CASC3	0.636850108830934
CTSF	0.636658777516223
TEAD4	0.636392089160665
PSEN2	0.636277076761649
ACAD11	0.636269901489545
LEF1	0.635541544991035
MPST	0.635288821682214
B3GAT3P1	0.635147131087296
ZNF232	0.635086025519638
ZNF788P	0.63501975171444
SYNGR4	0.634949930658951
SEPTIN7P13	0.634911179625757
FJX1	0.634811795095508
CBX5	0.634733627553175
PORCN	0.634683339038201
PMPCA	0.634530002346417
SRRM4	0.634467180442029
FAM228B	0.634270428589625
FBXL19	0.634214165923388
KCNH4	0.634196112398466
TLN1	0.634158100182829
CCDC122	0.634099541599205
RGMA	0.634009286796532
ATG16L2	0.633854256503966
HSD17B13	0.633727453805221
TUBA3E	0.632827273151695
TRPM3	0.632686809697263
DMAC1	0.632339595992128
ZSCAN12P1	0.632132266192028
RNF139	0.63170497924073
TPSD1	0.631667884179041
PANK4	0.631265561559485
MTHFS	0.630723844804911
ZBED10P	0.630680117400286
R3HCC1	0.630547434586212
AVPR1A	0.630480128827845
KIF27	0.630389484205274
EFCAB2	0.630288353466136
TEX13D	0.630209295935085
LRRC14B	0.629996050957513
HDAC1P2	0.629872253327544
CLIP2	0.629702576968865
RETSAT	0.629280773558162
CAMKMT	0.629263098374041
SPNS3	0.629138963382609
LY75-CD302	0.628895565433576
KLHL29	0.62840562464641
MFSD4A	0.627917204778657
GSTM2	0.627857866153563
TMIGD2	0.627709958760416
RAD9B	0.627695110974016
SFRP5	0.627572094632301
SP5	0.627530064196724
CNNM2	0.627409653063321
BCL2L10	0.627313686841452
ZCCHC12	0.627217956895474
SLC6A9	0.627200939341452
TLR4	0.626447920567187
SPI1	0.626142192498688
CCT3	0.626066526327584
GPR68	0.625887330081129
KLHL2P1	0.625737426547274
RBKS	0.625704804333834
LAYN	0.625564031445838
ASAP2	0.62548049996949
RAB40C	0.625451212042066
TNFSF13B	0.625188313885389
KIF19	0.625126125677778
MOGS	0.62504192920126
GBP4	0.624636650354606
BTF3L4P2	0.624255886323575
GMPSP1	0.623958076634493
SDR16C5	0.623544190695116
TTPAL	0.623532423019307
CATSPER3	0.623478968799456
ADAMTS15	0.623428383872643
RASGRF2	0.62342638505897
MMP19	0.623411819206792
P2RY11	0.623348991223491
TGFBR3L	0.623309302549993
CHRM1	0.623291034233652
ZNF750	0.623249154953462
DUSP14	0.623240259290619
ARHGAP40	0.622687254430109
SNU13	0.622414141699362
MROH3P	0.622115739335952
TNXB	0.622072177870482
KIF12	0.621916276439041
GLOD4	0.621882454383997
ZBTB7B	0.621763358501468
ESX1	0.621300322118915
PITPNC1	0.621168954290289
SERINC2	0.620920092902531
CLEC4A	0.620404454285132
PDE4D	0.62039713945768
NEU4	0.620281799067722
SPOUT1	0.620181454192014
RNASEK	0.620138378759796
IGSF5	0.620031156755923
CCS	0.619922734497161
PIMREG	0.619796963948619
B4GALT1	0.619303036673905
COL4A6	0.619268464284329
ZCCHC9	0.618909366720347
CCDC74B	0.618641824596863
WNT8B	0.618525331506047
BOP1	0.618063071167541
RPL39	0.617907854068794
GIGYF2	0.617755909853408
OVCH2	0.616720740420532
C3orf38	0.616653085010472
FMN2	0.616608638750283
PPP1R12C	0.616546771811486
DYDC2	0.616521641954016
OBSCN	0.616336192487823
CYP4F27P	0.616093761552953
MAOB	0.615790657538211
MYZAP	0.615781151713418
PUF60	0.615292241281081
CLDN3	0.615080222871747
RPL32P27	0.614991526908823
VIPAS39	0.614890263674387
DHFR2	0.614862951643688
KCNIP1	0.614621726333684
ARPC2	0.614307359907467
GLIS3	0.614041985274985
THOC3	0.61380202733835
ZNF785	0.61367964999167
SLC4A9	0.613656651717136
HGFAC	0.613645258764156
FEZ2	0.61344321696969
PPFIA2	0.613415312744848
ZFAT	0.613272284656477
RGN	0.613146653029216
DAXX	0.612661610522302
IRF2BP1	0.612442265102706
EFNB3	0.612426483146613
MTMR3	0.612310302356872
HSPA14	0.61213584295193
KLF2P4	0.612064374703512
NCBP1	0.611635802243689
PDE1A	0.61146591487206
B3GALNT1	0.61127188659161
POP5	0.611046781526389
ATP8A2	0.610787962154817
RAET1L	0.610586628283718
ELOF1	0.610431537700809
UQCRQ	0.610210164352185
CYP2A13	0.610168045628877
ERGIC3	0.609665580330972
NFASC	0.609492962234022
RRP12	0.609154272442114
GMEB2	0.609076698389973
NPHP3-ACAD11	0.609054292740012
INVS	0.608881506900001
NUTM2F	0.608571212362295
BPTFP1	0.60853863348128
DDX39A	0.607942170431587
COPG2	0.607702761147629
LINC03040	0.607204077842774
RNF133	0.606757092582303
TTC1	0.606372322913569
CACNG7	0.606232624980203
BACE2	0.605936246087021
RASGRP3	0.60591440366386
TAP1	0.605773159910253
ZNF322	0.605754014433791
LTC4S	0.605703165497923
H2BC13	0.605104550535208
STRIP2	0.604662020424851
FAM110B	0.604626417595828
RHPN2	0.60450062706307
ZNF33B	0.603962396259671
CDC20	0.603819387987804
ERLIN1	0.603718795226422
FGG	0.603693520643108
RPS10	0.603605495581611
AGBL3	0.603088690981595
CFAP221	0.60297414437111
ZNF584	0.602867736281285
DUSP13B	0.602613131489804
CKLF-CMTM1	0.602479980104956
WASF3	0.602431988415506
PRSS50	0.602227374726234
SH2D4A	0.601976262368598
CARMIL3	0.601527842954587
B4GALT2	0.601379072485506
EPHA8	0.601290945012072
GAS2L2	0.601140008500839
GMCL2	0.600952234840842
TNIP2	0.600699013820048
SPMAP2L	0.600357620157286
ZNF330	0.600229705328633
KDR	0.599991337073168
PLOD3	0.599870361897082
SPATA31A7	0.599485151226631
AQP11	0.599421603050753
LTBP3	0.599390504274397
SHROOM1	0.599075577110007
INTS5	0.599042622805781
ATP6V0A1	0.598997456510659
PSME4	0.598732125627345
ZNF157	0.598672675233465
REXO1	0.59859363050996
CCT7	0.598105393936259
PTENP1	0.597796223710507
ANKRD29	0.597289837625069
TNNI3	0.596967141002736
MUC1	0.596933107158267
ILKAP	0.596834000912567
HEPHL1	0.596367933894824
WASH3P	0.5958220079821
GATAD1	0.595790605213036
PM20D2	0.595694159724966
ZNF800	0.59566168012245
RPL12P38	0.59565958079516
ZMIZ2	0.59517739695143
RPL7AP11	0.595133358774742
GTF2E1	0.594958695941659
L3MBTL4	0.594740582095057
KCNH8	0.59469906063791
ACTC1	0.594664310069401
CSRP1	0.594517832254957
CMC1	0.594022397621894
ISL2	0.593896249379924
PRTG	0.593884236522314
ARHGAP20	0.593645053823111
NUDT16L1	0.593628704629303
ST13P4	0.593410023141384
NDUFAF4	0.593229738672274
CDK15	0.592848139993063
P2RX1	0.592776235178398
PAPLN	0.592461183916387
SEC14L6	0.592300691534092
TMEM178A	0.59220984507436
ACOX3	0.592123744930035
MTO1	0.591953349306253
DDR2	0.591852448542702
ZNF358	0.59131320332863
KPNB1P1	0.590965990457793
CHPT1	0.590674518276835
TMEM132D	0.590584763796449
TBC1D10C	0.590579980172174
FOSL1	0.590522629294578
EOGT	0.59040260352129
RIOX1	0.590358652241191
LPCAT3	0.590021740662297
ELP5	0.589494462223639
NME4	0.589425905682394
ARL2	0.589300726239785
ORM2	0.588925888770931
KLF3	0.588748004595367
LHB	0.588625694124404
SWI5	0.588258939907865
PSMB7	0.588006787575458
CCDC63	0.587829728478138
SPATA31B2P	0.587527209479722
FGD3	0.587054417876871
FAM201B	0.586862481922724
ZNF169	0.586822781148431
RFC4	0.586597857954229
FBXL5	0.586489459249856
LRRC61	0.586253318000617
CHRNA6	0.586232678158235
SERPINI2	0.586128943020013
MARVELD1	0.585707330858729
DOLK	0.585470311803061
RLN3	0.58532837165428
POU4F1	0.585155496342261
TLR3	0.585135283605178
OLA1	0.58512858363579
TMEM74B	0.585079479571215
BAD	0.584875751320091
FIGNL1	0.58473574590778
CFAP53	0.584371241380196
C8orf90	0.58417976558034
SLC25A18	0.583664958722085
GLTP	0.583299428617035
PDZD2	0.583102286899054
PDS5B	0.583083576475877
H2AC12	0.582942078586996
EIF2B2	0.582830641606301
C17orf113	0.582527420503088
FAM43B	0.58241931756688
TMEM42	0.582195701942637
AATF	0.58184743312256
NBPF1	0.581826946083248
TNIP3	0.581755846169738
DMGDH	0.581597632011005
C5orf24	0.581165215220316
SUN2	0.580903076598325
CACNG8	0.580747774039897
EHMT2	0.580747276096713
PITPNM3	0.580498959591845
LIMCH1	0.580204173693471
VWA1	0.580103649400255
SNX33	0.580023480446959
ATP5MF-PTCD1	0.579784602432382
ATG10	0.579751976902707
EIF1B	0.579708643098522
SHTN1	0.579520467849254
ORC5	0.57934874272243
PRR36	0.579161203618004
MZF1	0.579015570487298
DMTF1	0.578853481460003
ZNF668	0.578685785301743
LRMDA	0.57860508454081
MBD5	0.578594911217696
TDRD6	0.578556519110617
ANKRD61	0.578455109425055
ACOT11	0.577941046650779
RHBDL1	0.577910770294569
GNAT1	0.577803634534946
OR52N3P	0.577530410443491
ADAM11	0.577410172465664
ERH	0.57722025336597
KATNAL1	0.577010884618556
TLK1	0.576984937679159
CD14	0.576692270226616
MRPL54	0.576311679222884
EIF4A2P1	0.576115786507478
SNRPB	0.576008750898678
ABRAXAS1	0.575996492353024
FAM161A	0.575905701311193
ARB2A	0.575814321331794
SSBP1	0.575529747253209
GJA4	0.575463279522352
HSPB2	0.575077596826244
APOBEC3H	0.574682073533063
CELSR3	0.574420368251311
SLC25A43	0.57419814536261
FBXO6	0.573872320160616
IGFL4	0.573750582750638
NSUN5	0.573695631325995
SH2B3	0.573561209341381
LPIN3	0.573251953389052
ZNF746	0.573228361300692
TUBGCP4	0.573116988317159
METTL15P1	0.572754883596615
LAMA4	0.572704706951097
PARS2	0.57248161934497
HNRNPC	0.572090877141222
NSFL1C	0.571353006628537
CREG1	0.57133742082775
ANAPC1P1	0.570692805773778
LRPAP1	0.570366312877758
GADD45A	0.570039000569002
FAM110D	0.569990776255225
ACTL6A	0.569945940055427
GBA1LP	0.569902031815845
SPOCK3	0.569888671010604
RRS1	0.569791423829414
OTUD7B	0.569696763670809
C20orf202	0.569028296318242
EXOSC2	0.568961304388343
SFXN5	0.56883789230932
MAP3K3	0.568175838201678
RHOG	0.568116549811955
HNRNPH1	0.568002083736326
TIMM17B	0.567971484501907
DLL4	0.567599275286302
VLDLR	0.567458411234039
GCM1	0.567346748556326
RNF148	0.567058064677748
CCDC144NL	0.566959206500204
CEL	0.566853143511353
SPNS1	0.566653478159699
SCN5A	0.566568062791774
ZNF627	0.566512171907937
SNRPD2	0.566473302804357
SMG1P3	0.566397235005501
ZNF736	0.56638864216874
MRPL50	0.566362006670666
B3GALT6	0.566100680192935
PLAC1	0.565628537136795
SLC6A1	0.565539378334667
BMPR1B	0.565346622610517
MTCL3	0.565291468502766
HSPA8P5	0.565191822865067
OSGEPL1	0.565028494351584
PSMD10P2	0.564940802652843
LAS1L	0.564894658088057
UBAC2	0.564891468125675
ETV1	0.564334263797023
MLXIPL	0.56427035784844
DZANK1	0.564055896690604
LRRFIP1P1	0.564046300917351
PHLPP1	0.564034484594443
FBXW11	0.564011447747957
SRRT	0.563706622169758
TMEM39B	0.563510870088223
VPS18	0.563263936899507
TM2D3	0.562848705626395
FBXL13	0.56241436505465
SEC31B	0.562342862832769
CRELD2	0.562170992109013
MRPS9	0.562112562869443
TMPRSS2	0.562094730527034
CAND1	0.561573802810611
MYL2	0.561369018626977
ZC3H14	0.560967744089136
WNT2	0.560660812316055
SPATA25	0.560529129536397
TNFAIP6	0.560232626731704
FAM90A13	0.559909594050071
ZNF185	0.559647101091089
PCTP	0.559639493926551
PHLDA1	0.55957675783869
PDLIM3	0.559247370615358
ZNF559-ZNF177	0.559233420448246
SETDB2	0.559144777373652
RPA3	0.559051512315511
PEX2	0.55902122302005
ZNF592	0.559013596088741
OCEL1	0.558807960652952
TTC23L	0.558429807267488
IGFBP7	0.558323160919372
PRUNE1	0.558157992560006
LRRCC1	0.558139590326841
PUS3	0.558107777743436
IFT74	0.55790901971579
CHST2	0.557713849205504
TCN2	0.557549113316013
MYOM3	0.557484056506096
MRO	0.557408135430518
DPP9	0.557376209233784
HSP90AB3P	0.55732853082856
CES3	0.557261053718424
LSM10	0.556977396963313
PYDC1	0.556863265104418
COL4A4	0.556658711450741
PARP10	0.556611733380719
BCL9L	0.556522114419176
GPS1	0.556512191470549
TTL	0.556171406461611
PPP1R14BP2	0.555893419018501
TMEM260	0.555837260349286
SAXO5	0.555215574028266
FTH1P5	0.555208888598048
POLE4	0.554471688180941
H3C7	0.554007594355986
NPTX1	0.553844880588953
TRIM5	0.553742041849999
DNM1P46	0.553701938595981
KRTCAP3	0.553603916916559
BCRP2	0.553544168500687
RPA1	0.553277461912241
C16orf95	0.55322886086159
RBM18	0.553204681007255
ELMOD3	0.553010986887154
MRPL11	0.552607721136565
ATOH7	0.552348742375268
THPO	0.552324384106328
LAMTOR2	0.552246823470307
MKRN2OS	0.552014245029506
HIF1AN	0.551990371397517
ARHGAP29	0.551932229292001
GSDMB	0.551882796143619
GCFC2	0.551558526364541
MMADHC	0.551376347332914
NCOR1	0.551248072639749
FAM135B	0.551147652173253
PSMA1	0.55089477840342
AAGAB	0.550637469292266
CHLSN	0.550495579944002
SLC43A2	0.550486762090408
RAB20	0.550481717526439
STAC	0.550468358083705
GALK2	0.550467234000447
CDH18	0.55019409711298
ABCC11	0.550003564151271
NGLY1	0.549814864585951
CSPG4P11	0.549281450881643
GATB	0.549250902140981
CASP9	0.549080666185876
CDADC1	0.549054662851637
PRRX1	0.54898902614331
EIF4A1P10	0.548959087305239
LRRC8E	0.54894625395253
ITGB2	0.54890174099636
CYB5RL	0.548843752680535
CPAP	0.548602919333462
IFTAP	0.548361253464977
GLULP6	0.548158130042347
YWHAE	0.547938074959317
CLDN15	0.547597690536061
CUL4A	0.547509572088707
GPR4	0.547498180249603
EVI5	0.546588603843371
LGALS4	0.546573420863213
VN1R51P	0.546500920099228
FRRS1	0.546198876818705
SGTB	0.546080890329388
POFUT2	0.54595925688258
SMYD4	0.545650880785503
LMNTD2	0.545462366146241
MPPED2	0.545136287278244
PCDHB7	0.545002404027418
PSMD4	0.544735088129503
XRRA1	0.544444973507342
FMO1	0.54436497844189
GOLGA2P10	0.544325915162213
ARVCF	0.543919402778779
FBH1	0.543866714261086
PTX4	0.542805495904848
ZNF616	0.542613003287163
LRATD2	0.542159466019973
CNFN	0.542009887882128
FCMR	0.541933161737315
RAI14	0.541286033051069
OVGP1	0.540749659715673
OR2S1P	0.540728326152553
CCR6	0.540684308135749
USH2A	0.540634399373741
VAC14	0.540083110148897
EPB41L1	0.539802607249897
RRH	0.539520686919225
NOMO2	0.539352766822287
FAN1	0.539296389359785
YBEY	0.539185476851449
ACTG1P24	0.538945799563935
TRIM55	0.538848107769421
GSTM5	0.538731848016304
NEBL	0.537972997631194
VCL	0.537970061128676
PRAF2	0.537961881070309
GSDME	0.537897677864779
UBE3D	0.53774841012152
PML	0.537541554840428
HSD17B12	0.537277167578368
CEP63	0.537256522029868
AFF2	0.537031877626654
SLC15A4	0.536870970042911
NUP160	0.536785201151616
AP3M2	0.536584725509999
TCF25	0.5364408172714
LRP5	0.536428550965066
PARD3B	0.536323367362268
WNK1	0.536224245014667
AGMAT	0.535519855588054
FGR	0.535369180573844
DPH7	0.535349756648488
GGT7	0.534952192932053
MZB1	0.534904717904846
GFPT1	0.534759155220978
EHD2	0.534673145095978
PDZD8	0.534146669710416
METTL3	0.533886720636274
PCBP3	0.533504799374095
TFB2MP1	0.533269554254407
LINC00674	0.53314491058963
PKD1P6	0.532997132194505
CPLANE1	0.532869179263325
AEN	0.532843752421362
C10orf88B	0.532400348828871
NOP56	0.532284722837747
ALK	0.532133282465583
ZEB1	0.532127311819633
ANKRD18B	0.532085353302811
DLD	0.531685902002366
HLA-E	0.531683655842023
IL18R1	0.531377861923655
QRICH2	0.531339210498406
SLC35A4	0.53133734530072
BICRAL	0.531158100205507
CDH13	0.531051279168425
LRRC46	0.530932252367271
ABCC6P2	0.530845922148748
SNAP91	0.530425932141509
CMAHP	0.530018714308656
COA1	0.529713278042059
EBPL	0.529284479263689
TPM1	0.528956229547366
IER5	0.528939842028141
BATF3	0.528818154400524
PROK1	0.528764933244473
MTOR	0.528615361283348
TLR7	0.528421201612637
CA10	0.527788878065627
ACAA2	0.527779180190817
PTPRN	0.527749297335059
NPHP1	0.52752180309111
RNF175	0.527499191578561
UNC50	0.527461485934126
C2CD6	0.52713817685161
CYP4X1	0.526612640152401
BTG4	0.526534092795886
PGGT1BP1	0.525830422827402
CDC20B	0.525819733353251
IQCF3	0.525737368765322
RPL12P4	0.525362031887179
HSD17B6	0.525191094507388
TOR1AIP2	0.525108300064608
EEF1A1P12	0.525063488052977
ZNRF2	0.524591518014492
DDAH1	0.524442206322377
ZMYM4	0.524440911661625
AP3D1	0.524034472558378
GFOD1	0.523908175007914
GCC1	0.523823641659891
GPX1	0.523721672297284
CLSTN2	0.52361532801267
AVIL	0.523584948784287
ASB12	0.523500139126251
TRMT44	0.5234937862192
BASP1	0.523453796814798
INHA	0.522935347426374
RDH14	0.522892739648101
MANBA	0.522855326567937
MZT2B	0.52280750330977
CCNI2	0.522013203821493
SMKR1	0.521949644279854
EID1	0.521868062096992
TRAF3IP1	0.521826908994499
SLC24A3	0.521474046281802
RBMXP4	0.521411422470143
KRBA1	0.521351910471021
ATP8B5P	0.521177687168427
MAP3K21	0.520983543910829
TPK1	0.520553558801412
TCOF1	0.520406010910097
RPS19BP1	0.520373427777401
NOL6	0.520333888259913
BORCS8-MEF2B	0.520305948811569
SNRNP70	0.520063748597676
HADHB	0.519972796882886
PMS2	0.519753641555247
HNRNPCP4	0.519675981011643
ACADL	0.519411129740961
BIRC7	0.519272366296402
OVOL3	0.519256734141107
ISM1	0.519192999122917
RBBP6	0.518985136147161
PTPN11BP	0.518863793523283
KARS1	0.518624512011929
TRPA1	0.518483135585545
SCYL3	0.518346214008606
CATIP	0.5182456502703
HERPUD2	0.517413027939016
GGT5	0.517170692061187
HMCN2	0.517030950106434
EIF4BP6	0.516957703454099
AK7	0.516763491803877
NKX3-2	0.516707113188326
SDC2	0.516546509704753
TMEM182	0.516381741787832
ZYX	0.516378880421831
ARAP2	0.516338268000826
PTPRS	0.516174942953783
IGFBP3	0.516092910819564
RUSC1	0.516030959511234
PIGR	0.515117782970355
OPN3	0.514912519567628
OR5H8	0.514859710399882
NTN5	0.514748159124268
CHRDL1	0.514700264088273
PBX2P1	0.514662992436148
TPTE2P3	0.514622485787582
EEPD1	0.514541017027737
HMGB3P22	0.514517890769084
SPATA2L	0.514245607919338
PODXL	0.514166920123588
GNL2	0.514051677563982
DNASE1	0.513987934517402
IGSF3	0.513796783440801
SLF1	0.513616376159266
PTK2	0.513500941661104
DHRS4L2	0.51340034283475
TIMMDC1	0.513345692079744
PIGF	0.513268348293686
RRP1	0.51307790490059
JAK1	0.512851580005979
GKAP1	0.512507484552961
GOLGA2P5	0.512260759642168
PRSS42P	0.512157976326335
GLUL	0.512138900133844
DNAI4	0.512064182308249
SPIN2B	0.5119400821093
AP1M2	0.511470498979845
TAMALIN	0.511377431794605
ABI3BP	0.510997045690215
IRX6	0.510959502171723
RPS14	0.510694469474843
RASAL2	0.510436331107903
ISCA1	0.510317858823595
OR7E7P	0.510241132496507
USP49	0.510238835604012
GYG2	0.5099290150995
NAT10	0.509841347501693
RNASEH2A	0.509390265529665
GCA	0.509106225394697
RASSF1	0.509098876092248
MBNL3	0.509029386267555
UBE2F-SCLY	0.508801013647091
CX3CR1	0.508676875984189
EVA1CP2	0.508625043492293
TMCO3	0.508001363294036
ARID3C	0.507794585210109
PPME1	0.507644169263567
ULK4P1	0.507477162454532
ZSWIM8	0.507474573157363
C11orf68	0.50736659805069
AFP	0.507237487563878
NQO1	0.507137287120981
SLC39A3	0.507112831821832
RIOK2	0.507104193726434
SNRPA	0.506598985464461
DLX2	0.506403172339551
SH3GL1	0.506075992873738
CH25H	0.506005553440742
TMEM61	0.505979326914975
PRKN	0.505962255983043
DNAH2	0.505808119185197
NACC1	0.505519727961416
FTH1P10	0.505310915182424
RASAL1	0.505138462858546
ZNF638	0.505044472718776
MAGEE2	0.504867873194624
IL11	0.504866332585495
BSN	0.504319630748007
TPST1	0.504168818790117
PPIEL	0.503929336297189
GLYR1P1	0.503899011191814
TTK	0.503564255035002
TRAIP	0.503446906284057
TBXA2R	0.503179203013902
PPIAP22	0.502673668897094
NR1D2	0.50252939460192
UBN1	0.502247857812906
NRTN	0.502005749787572
SLC2A4RG	0.501836556844851
PLA2G2A	0.501718898750843
GPATCH2	0.501612698300665
PLEKHG3	0.501172450401951
TOE1	0.501100139697111
ZC3HAV1L	0.501078157176319
FOXJ3	0.500970385054464
OCA2	0.500813776052365
TFAP4	0.500804810577969
MS4A12	0.500647313975813
PKD1L1	0.500356946305312
DAB2	0.500302797659417
DOC2A	0.500037968232603
BEX3	0.499590826159016
KCNJ14	0.498867381475532
PTGES3L-AARSD1	0.498856954271002
DCLK2	0.498842615494199
MARCHF2	0.498443035583521
NKPD1	0.498273830800825
VPREB3	0.497853072960444
TRIM3	0.497625422679458
CHST3	0.497464548332935
VKORC1L1	0.497428514551819
MST1P2	0.497317175377603
ENDOV	0.497297453778865
SEMA6C	0.497202323223318
LMCD1	0.497159162416674
ASL	0.49703213113258
CDPF1	0.496862112644218
PLK2	0.496232459036901
FAR2P3	0.496207358542065
KRT8P12	0.495970391402563
FAM228A	0.495967253088652
MYO1E	0.495886471307931
NPIPP1	0.495746065564215
RPL26P6	0.495471876980343
FAM20B	0.495179235650295
DEDD2	0.495141390000348
APAF1	0.495077749899075
ALCAM	0.495076276535237
UCP2	0.49475727740751
STRADA	0.494729865737407
OXLD1	0.494596943940098
PHF6	0.494563954638801
OGG1	0.494476699068051
PDCD7	0.494247935499708
NDRG1	0.494142038245213
GFPT2	0.494124273109047
ZNF660	0.493726814846638
TEX14BP	0.493588411521585
ATP13A2	0.493170332533045
CD163L1	0.493046432709584
PTRH2	0.493017392920894
ZSCAN10	0.492768992393983
RFPL2	0.492446988092273
ATF6	0.49227585849309
DBT	0.492177696042804
NMT1	0.492076343399294
RPS3AP6	0.491985054107531
RPS7	0.491568908254565
LYRM4	0.491262983999365
KCTD8	0.491125968562733
NOP9	0.490840291193013
HMGB1P6	0.490838452087724
TSC22D1	0.490324722306583
ZFP64	0.490299419790646
BSPRY	0.490254963291577
SRGAP1	0.49018144240039
KIAA1586	0.489908166721375
CYP2A6	0.489865525826125
RPL38	0.489786564592307
SRRM3	0.489714590555122
FAM114A1	0.489083747123944
PGAM2	0.488945784894485
IQCE	0.488906040533052
LDB2	0.488887405380453
TSPAN11	0.488782173095612
UBE2M	0.48873881608461
TBX15	0.488586294794347
GRK5	0.488391725569224
SNX24	0.488238380258708
PMS2P7	0.48821038604495
TRPM6	0.488154378487617
SH3TC2	0.487998703958695
SLC2A3P2	0.487908967240839
SGCA	0.487430485892894
MAF	0.48743012023133
PAFAH1B3	0.486845565435858
EEF2K	0.486069998671137
RAMP2	0.48561428789761
H2AC16	0.485588856477471
RNF180	0.485241399814013
EHD4	0.485013224924772
CLK2	0.484904874449688
SLC25A53	0.484840660967768
TFF3	0.484499553189099
DMXL2	0.484467786503171
ZNF165	0.484345673308475
FAM90A25P	0.483703068940886
GCKR	0.483685452934858
TMEM40	0.483555743927571
ATP23	0.483536765081114
LRRN1	0.483510086846949
HSPBAP1	0.482993078067982
RPP30	0.482890020431374
EEF1A1P19	0.482839571349173
USP45	0.482250867675739
NCAPH2	0.482011518450084
PLA2G4D	0.481983843106687
ORMDL2	0.481981863350242
SSPOP	0.481799097703762
H3C11	0.481536439936783
MFSD3	0.481499435313781
PTGES3L	0.48120623407436
ADORA2B	0.481184266676976
HYDIN2	0.481094278397786
TTC21B	0.480935913212872
MRPL37	0.4808813401667
GPC2	0.479987255152159
TMEM134	0.479838081151018
MCF2L2	0.479703794111952
RGCC	0.47964911059816
GPR6	0.479473731246326
FKBP10	0.479467062513589
MKX	0.479310154015136
HLA-J	0.47904973665778
DNM3	0.479027333007355
TRMT61A	0.478948047128775
GABRD	0.478627801073248
DISC1	0.478554506147238
MBP	0.478554255990552
TMEM151A	0.47850512893269
LYN	0.478472455277626
PCDHGA10	0.478457451706551
RPL12P16	0.478323723733771
ARL17B	0.478315567490727
KCNJ9	0.4782741930878
GPR83	0.478028910759844
DDX51	0.477456340089214
FTO	0.477047417069843
KLHL26	0.477040047259357
DEPDC4	0.47701008303004
LRGUK	0.476947332982291
TRAPPC5	0.476933809772317
SERF1A	0.47690931912118
MLST8	0.476873502334458
CNTD1	0.476678914160209
RPF2	0.476589526942423
KPNA2P3	0.476467228589444
MYOG	0.47563461123805
ARHGAP4	0.475435616247175
CYP21A1P	0.475141688437445
CHCHD2P7	0.475015268931406
ELOB	0.474673403149282
MAP2K4P1	0.47459153353477
SNRNP40	0.474512938690135
PARD6A	0.47427997357059
PEX7	0.473978908527019
SNTG2	0.473762562166714
FAM187B	0.473658671499256
NLRP14	0.473317891848903
ZNF280B	0.473104459057741
MINPP1	0.472780602018538
SBSN	0.47267010150318
KLF15	0.472658684778115
MST1L	0.472035833171742
APBB2	0.47199803104229
TBC1D30	0.471993776297252
DCAF1	0.471617442496222
PSMA5	0.471285453911545
MYT1L	0.47114665366973
CNOT3	0.470968619353792
ARRB2	0.470803115393059
MYMX	0.470532421829144
STK33	0.47049682396794
OTOAP1	0.470238026954747
DLX6	0.470233986420124
IRX5	0.469902982879384
SEC11A	0.46983927132332
SLC26A7	0.469520739814115
E2F2	0.468894591972734
KLRD1	0.468658795428266
RARRES2	0.468521178428539
IKBKB	0.468334794372491
RHOXF1	0.467937691529141
CD47	0.467856079870311
CRLS1	0.467759217708752
KPTN	0.46746590512905
WDR83	0.46736424138524
QPCT	0.467352503080992
LAMC2	0.46731412955742
UBE2J2	0.4672383892101
POLE2	0.466945367524489
PRSS8	0.466810542831805
PAK4	0.466708078210618
IL1R2	0.4664035495852
NRP2	0.466133709006014
USP41P	0.466080133524108
PROSER2	0.46603341675293
PGD	0.465903602630681
ITPKB	0.465753262324292
FBXO46	0.465681413182918
DES	0.465230696043661
ZBTB9	0.465194250553389
ADAD1P1	0.465149057788871
STMN3	0.465118601242101
NEK10	0.464967710342963
ANTKMT	0.464930579068916
MRPS26	0.464866099678637
NUP214	0.464286529507889
FCN3	0.464252333873433
C11orf65	0.463824900693109
FAM90A2P	0.463788766999928
SLA2	0.46328176346892
RPL15P5	0.463191784160563
SUV39H2	0.462989005164832
ABHD10	0.462840841074869
IGHM	0.46270744622317
XKR3	0.462672352808085
SLITRK6	0.462659225898236
DYNLT4	0.46258225646392
ANKRD50	0.462573265827239
MACROD2	0.462470247395281
RPL21P28	0.462240277673639
ZC3H3	0.462214461281031
RNASE1	0.462091945238466
ZBTB44	0.461929186485078
WBP2	0.461908836528726
TMEM215	0.461528763130571
WDSUB1	0.461527988287147
LRIG3	0.461443461349674
ANKRD40	0.460720461845128
PITX1	0.460550496484816
GAR1	0.460349319425232
IL10RA	0.460267259463098
ITPRID1	0.460177738308782
RCC1L	0.460043296031418
NOS3	0.460032682195324
REV3L	0.459972791617945
ZNF862	0.459508545179881
DUSP28	0.4591662287405
EEF1AKMT4	0.459069789476348
ZBED6	0.458923614821634
OST4	0.458564705530339
DZIP1L	0.458546415312061
ZFP91	0.458544836488341
NTSR2	0.458289735574119
AGGF1	0.457655196898029
RBBP8	0.457612426398309
STAU2	0.457601417924792
GDF10	0.45756907731193
LINC00475	0.457397582040723
H3-3A	0.457168965041768
HADHA	0.456707597533999
H2AZ1	0.45640431240809
DNAJC18	0.456160381365274
CDKN2B	0.456087404010182
SOCS1	0.455731133403828
FAM50B	0.454990868883642
TAS1R3	0.454768893855735
RPS18	0.454744390962861
ZNF221	0.454568536210883
WNT16	0.454320059564476
POLR1B	0.454249733674863
CD3E	0.453909371280925
COPS3	0.453840899314249
FBXO10	0.453740998800209
C5AR1	0.453729664621348
CABLES1	0.453706183668014
LSM11	0.453608501088
MCRIP2P1	0.453486335955031
TMEM158	0.45304101622181
G6PD	0.452847410697059
TM2D2	0.45277007547381
HNRNPA1P21	0.45266389318882
POLR2L	0.452458032549223
EXOSC4	0.451600867190629
CDK1	0.451545293379758
ITFG2	0.451498164779771
RIC1	0.451486773691695
SMPDL3B	0.451459876904818
HAPSTR2	0.451448391926958
KCNV1	0.451384375513644
NHLRC4	0.451141869888723
GNG12	0.451057239143044
PTK6	0.450979005520251
CCDC12	0.450978861578367
PPIF	0.45089186308827
DBF4B	0.450883880017444
KIF28P	0.450724899685022
BANF1	0.450718316042221
MROH7	0.450397655519459
FAM86JP	0.450296973430906
MAP1LC3A	0.450266724586859
ACTG1P20	0.450089339094409
PLA2G2C	0.449943125650593
LAGE3	0.449822725937788
ARHGAP28	0.449351295756913
MARCHF7	0.449299513373181
HYOU1	0.448899152743372
AQP7	0.448835575864453
NDUFAF8	0.448688986787129
NUP210	0.448631343587833
MFF	0.448527034577463
ACBD6	0.448402655126596
AGAP10P	0.448129220635106
NAXE	0.448120498381839
CARD14	0.448000121045402
TTLL13	0.447862769905821
PPM1L	0.44769874932512
ZDHHC12	0.447688262498622
GARIN1A	0.447448883239666
NBPF15	0.447372428974492
MAST2	0.44730606357369
ROR1	0.447140697543003
FLYWCH1	0.447107947423944
CNTNAP1	0.446951703253378
MUS81	0.446943391449514
MKNK2	0.446935295633336
CAMSAP3	0.446927021261134
KRT80	0.446906442852723
COL1A2	0.446875488286581
HPS4	0.446329013968765
PHYHD1	0.44625188441423
CCR8	0.44620371800992
ARHGEF3	0.446134786451742
CD101	0.446131425663439
GOLGA8UP	0.446093569477974
NFIC	0.445905228720233
PCDHGB2	0.445847794222958
CHMP4A	0.445761384824244
PIWIL4	0.44487380277356
STK40	0.444643987168163
CPNE2	0.444531703627297
HNRNPF	0.444360857800097
GDAP2	0.444179410611248
SUMO2P21	0.444013039891907
CATSPER4	0.443501068468689
OLAH	0.443210883175414
STK10	0.443176367144023
GBP2	0.442573806433035
ITPRID2	0.442565639445541
PRRC2A	0.442483219631593
TMEM164	0.442360744085708
PPP1R36	0.442320357027996
DNAH14	0.442269222737827
ARHGAP45	0.442176635711845
BTN3A3	0.442099966961386
DOCK3	0.442022011649173
ALKAL2	0.441943589260059
CLN5	0.441701400614718
CCR12P	0.441520899987309
ULK4P3	0.441351915049081
CFAP99	0.441130458247836
GH2	0.441118109362755
SMC3P1	0.440824719021888
PLCD1	0.440296954620197
DNAH7	0.440267965793543
AKAP11	0.439955883616669
NCALD	0.439797683656169
SERPINE1	0.439767557768413
PSMD9	0.43938714251239
TMEM213	0.439243353500113
NRG2	0.438862797697872
LSM14B	0.438820137481406
TTC3P1	0.438786968496592
ABCC1	0.438764586878697
CLIC1	0.438318408749147
NMRAL1	0.438194729296721
DESI1	0.438168808686153
SEM1	0.438142415385397
ISCA2P1	0.437949322492993
KRT17	0.437885243047424
MLH1	0.437880706195596
GHDC	0.437582280863428
ALDH8A1	0.43748678979233
MAP2K5	0.437408281162969
TRAF2	0.437015675275584
CTSLP1	0.436782820028006
GTPBP2	0.436757335673561
SIPA1L3	0.436608197340428
RPN2	0.436597874614482
ARF5	0.436367167117018
PRR19	0.436287375898932
SARNP	0.436155163579452
CHRNA10	0.436117351622859
PTER	0.435918940808691
RAP1B	0.43580557940568
AMER1	0.435443179706632
DTX3	0.435369249595188
WDR86	0.435257975024475
CCZ1P1	0.435218852826588
NFKB1	0.43501172623687
ACOT7	0.434955142044704
SLC49A3	0.434915729239397
LGALS7B	0.434891553597728
FREY1	0.434657667387868
PALD1	0.434526927350428
EDNRB	0.434494951407912
ANPEP	0.434331494689734
LINC02898	0.43421490547709
RNF103	0.434189294818036
SUGT1P3	0.434130321948297
SERPINB3	0.434110417540917
TMEM200A	0.433692367089419
TSPAN9	0.433404224395391
ADCYAP1	0.433151173558795
KISS1	0.432867073355478
TMEM138	0.432863901117117
FAM86C1P	0.432759352888033
CLPSL1	0.432416833690183
PPP2R2A	0.43233526011817
PSME1	0.432218347255994
NEDD8-MDP1	0.432097454201041
UFSP1	0.43191575697566
BTN2A3P	0.431883326764075
CIAO2B	0.431246044257394
TXNDC12	0.431230945251371
ZBTB14	0.431099160915923
RPS3AP20	0.430961574389627
EIF2S2P4	0.430840761313514
SLC18B1	0.430682562755084
VCPKMT	0.430521368125793
ACTG1P1	0.430481798583791
PRDM4	0.430307845510777
HDGF	0.430168985776772
RPL6P10	0.430099681685639
COMMD8	0.429887671338472
SLC7A5P1	0.429873941085139
CHCHD2	0.429629957287822
FADD	0.429618673144831
PIPOX	0.429481495895765
CENPE	0.429380825626231
DDX59	0.429314825058861
C5orf47	0.429210635126234
TRMT10B	0.429162352311681
MIEF2	0.428591541046038
DLEC1	0.428301357585074
SNAPC2	0.428035411171939
SF3A2	0.42797560524854
HELZ2	0.427718391121241
UBTD2	0.427655040785278
USPL1	0.427556532462087
E2F3	0.427503169773539
RPS24P19	0.427291837289489
BCL6B	0.427287496203802
KRT8P33	0.426651820966849
CEP290	0.426644676269056
YDJC	0.426431546316706
ARHGAP26	0.425551894023496
CDK9	0.425214576301709
SMARCA1	0.425088025790415
TRIM13	0.425046579696334
ERO1B	0.424940187802741
GAS7	0.424874392599545
SULT1A3	0.424828998553683
DIDO1	0.424812106961436
KEL	0.424712114066982
ZW10	0.424147996905229
ZNF786	0.423845179463744
ZNF648	0.423809749425198
ZCCHC7	0.423584530833169
BAK1	0.423528620288983
ARHGEF9	0.422932261648982
TTC14	0.422641585897977
BCO1	0.42252827013884
ALDH18A1	0.422396387440662
DUS2	0.422225581648299
TBPL1	0.422208303483564
INPP5D	0.421793144064819
ZNF706	0.421737405490989
IL12B	0.421718019463322
C10orf55	0.421555259661939
SNRPN	0.421441901804711
UBA3	0.42132897544233
COMMD4	0.421322391531859
OPA3	0.421123036814817
LZIC	0.421066813823969
CEPT1	0.420860449200914
WHAMMP4	0.420846424188854
CCDC13	0.420826978016459
GDAP1	0.42068524373801
SELL	0.420658311128433
SLC2A5	0.420635304536156
TMED3	0.420398794978113
ADAM28	0.420367815600895
STAG3L3	0.420357255240221
PLCXD3	0.420310414190077
CCDC24	0.42004564439097
ELL2	0.41990499511038
MAMLD1	0.419846322141007
HTRA2	0.41981960710537
GRIA4	0.419710728670874
GLT1D1	0.419351272879157
EBAG9	0.419222919352134
ELP3	0.419222177125715
IFI16	0.419166234129653
GRAMD2A	0.418841935465433
SKIC2	0.41869195533231
EIF4EBP1	0.418629799288834
UQCRHL	0.418481541286838
ZNF404	0.418348226271185
PANX1	0.41830311666446
WASHC5	0.418267739680495
ME3	0.417969034108527
LYST	0.417930665142959
ATP4A	0.417870198673948
CCM2L	0.417371595161794
AMZ1	0.417299864453925
EFCAB5	0.41709077755641
TRPC5OS	0.416624733463848
IL21R	0.416304477479866
TMEM169	0.416066043253422
POU2AF1	0.415907146154238
TPRX1	0.415459094091567
SEMA6D	0.415236539630789
GPR146	0.414772789881824
PNKD	0.414719220860215
PFDN5	0.414301093670163
ACTG1P25	0.413926285762234
TOP1MT	0.413659314201876
ARHGAP15	0.413528018867137
STOML3	0.413488146259004
IWS1	0.413363685791252
CECR7	0.413039375476011
MRRF	0.413016783238446
CAPN14	0.412719730617962
C11orf24	0.412705540851897
PHB1	0.412689136094784
NPIPB9	0.412574077276851
FTH1P23	0.412370749814158
ATRIP	0.412314343348605
RHOXF1P1	0.41203244197925
MDC1	0.412008701887498
TRMT1L	0.411773305349786
FBXO30	0.411749980266414
PLD5	0.411284781410812
RPL37	0.411248477767732
TASOR2	0.411174169754657
KREMEN2	0.411143653792855
VEGFD	0.410463681227278
SLC39A14	0.410173633538906
HECA	0.409914660651199
GPR142	0.40988780932039
LGALS3	0.40977905226721
ABCB11	0.409742990848494
NF1P11	0.4097152328619
UGT1A10	0.409711925153237
UCN	0.409650116090776
KRTCAP2	0.40938024875518
CPSF3	0.40914892224629
EREG	0.408665771964569
SDF2	0.408306259145463
CDIP1	0.408158936759701
OLFML1	0.408083600263754
LRRC75B	0.407832219580914
CRTC2	0.407790769928796
ADGRL1	0.407595930291643
YWHAZP3	0.407148967886245
LYRM1	0.407114704604661
GAS2L3	0.406987173588815
GGA2	0.406931450873463
CCDC73	0.406917299527499
SYT2	0.40682059754083
LPAR5	0.406688234338363
TXN	0.406663477335682
CXCL14	0.406223688653731
SH3GLB2	0.406111619006027
EEF1A1P9	0.405842812786964
KIF20A	0.405726354904138
SPOCD1	0.405450059058215
WDR75	0.405344908804909
MSR1	0.405149248208357
MSANTD3	0.404595748052084
TCP11	0.404529986822581
RAB37	0.404471961168387
ULBP3	0.403992124611882
C3orf18	0.403935156294113
SSR1	0.403762006098529
FAM81B	0.403497215502096
ALOX15P1	0.403471115507917
NOP14	0.403002962328789
KCNH7	0.402648258582526
COA3	0.402579610726584
MED18	0.402523656899308
FNDC11	0.402473988118054
OSTC	0.402462757291209
PSMD13	0.401870166170624
INTS15	0.401187846382018
SFSWAP	0.401039740045601
MYPN	0.401003394997169
ATP2A2	0.400946966751199
CAGE1	0.400860439000787
NUDC	0.400853464760224
NUFIP1	0.400666820795484
WWC1	0.400492680692268
SPAG8	0.400394959989481
AASDH	0.400135280527989
NANOS2	0.39999019958064
PER3	0.399766566443048
MCTS2	0.399745691757966
CDK19	0.399675868083875
CCDC86	0.399486708050811
ANKRD7	0.399416841603698
FAM24B	0.399351036493465
THAP3	0.399204785658336
LARS1	0.399090087932738
RIMKLA	0.399010760980242
SCAF1	0.398742919269929
ATPSCKMT	0.398397098611985
SIMC1	0.398255886820319
LONRF2	0.397882641963405
C19orf53	0.397835599607782
CCNE1	0.397570249795519
GPR173	0.397519285564521
B4GALNT1	0.397508073455443
DUSP16	0.397498099900105
DHX30	0.397349329202499
PIK3R1	0.397256671387113
ENPP7P15	0.397072353745716
PPIH	0.396890227505121
CCL27	0.396593092012787
MAPKBP1	0.396310215029359
TRMT61B	0.396276003202907
MTHFD2	0.396037526921679
TAFA2	0.395893559241149
DNAH3	0.395796508623367
LARGE2	0.395645634055643
ESYT3	0.395575342116252
LARP1	0.39547962752568
FANCE	0.395268474563061
MTERF4	0.395085244459613
C19orf84	0.394752604450314
GPHA2	0.393812191544867
RAD51AP2	0.393331396123945
CER1	0.393280615141018
PTPDC1	0.39327549997727
KDF1	0.392901637073757
ILVBL	0.392313671731794
FNDC4	0.392128023584456
RPL32P18	0.392037802316636
SPATA31G1	0.391786218029542
CACYBP	0.391448559012651
AGPAT5	0.391032634383802
CAPRIN2	0.390856929546011
NUTM2HP	0.390789434184893
CDH8	0.390657767138757
YIPF2	0.390220955293596
GXYLT1P6	0.389956391128744
CEP15	0.389941941720327
PIGP	0.38988476817429
ASF1A	0.389594117290617
LRRC78P	0.389578081684704
CCNYL1	0.389509229894361
GALNT15	0.389496299471428
PLA2G15	0.389261240206509
SAE1	0.389173390842786
TRAM1L1	0.389161605074349
FAM90A24	0.388626094763079
CWC27	0.388597252097853
ARL2-SNX15	0.388472856147939
FARS2	0.388431123635257
RPGRIP1L	0.388123997966428
MLLT1	0.388051086546344
SNX5	0.387999714826697
INTS13	0.387557412177471
ZAP70	0.387449578047392
TEX38	0.387349141727335
TOP6BL	0.387033048458261
ALMS1P1	0.386981245536642
HDAC8	0.386955244741617
NCKAP1L	0.386855081586983
LSM6	0.386553575755863
ATP5MC2	0.386403603072546
YBX1P10	0.386402684861392
DCAF6	0.386386133336917
FAM167A	0.386349663272992
CALM2P2	0.386102884779705
MMP10	0.385944358992539
SDAD1	0.385893292115211
PCNX1	0.38580672755753
MRPS23	0.385722976130755
GRHL1	0.385703041379635
ACOT4	0.385675010973947
EFCAB3P1	0.385530689947854
TG	0.385363212867734
CEP126	0.385300416681462
ALPK2	0.384969767000413
HMBOX1	0.38493544304381
CHRM3	0.384844255989207
COQ6	0.384544974872005
RPS28	0.384387790090383
DNAJB13	0.383864492151608
HSFX1	0.38373448527352
SNX32	0.383576873239476
ADAM33	0.383492438580024
N4BP2L1	0.382731803488426
AKR1B15	0.382723675712212
ZDHHC16	0.382680290380725
SLC4A1	0.382583399907331
CIAO1	0.382581545344955
ENTREP2	0.3825593197204
CBY2	0.382543842421926
RPS3AP5	0.382507829144433
CFL1	0.382419930242751
TOB2P1	0.382289366060811
ATP6V1B1	0.38224978274912
SLC25A25	0.382228217759475
AKAP13	0.382211574669261
LIX1	0.382006585259969
PABPC4L	0.381968306128589
FOXG1	0.381587039035372
PLD1	0.381577501828935
DNM1P47	0.38157075321997
CNPY4	0.381485800471819
PLK3	0.381382480511695
RAX2	0.38132997232724
METTL13	0.381061978519862
C2orf76	0.380976080867727
KIAA1549L	0.380930455333038
ZNF593OS	0.380641380705755
TMEM219	0.380591248842856
PRKAR1B	0.380590569957413
CUTC	0.380540211631494
ZBBX	0.380530891923101
ANKRD31	0.380529899344207
NDNF	0.380474176023698
CUL3	0.379761999596112
SUPT3H	0.379611036177382
RAB42	0.379212996244568
CHST4	0.379169180140571
ASB4	0.379072049181276
EFCAB13	0.379068918754565
DIP2B	0.378893741657138
ZAR1L	0.378527723725402
PRSS21	0.378344806814822
GGCX	0.378275281632503
BCDIN3D	0.378051606066654
STUM	0.377735066586033
HNRNPL	0.377574394221315
ZMYND10	0.37749982730834
PASK	0.376875239102063
NALCN	0.376843196147271
UBQLN4P1	0.376684799653642
CGB5	0.376413776920377
MORN5	0.376399457929218
SUSD5	0.376200014884161
MTMR4	0.376162381093409
INCA1	0.375930592708036
PGAM1P5	0.375720442754029
MITF	0.375539619195826
GLRA4	0.37520644765655
PSMD2	0.374513355003212
NSMF	0.374442015476506
CKMT2	0.373840079577003
KCNG2	0.373835530158281
SBNO1	0.373828777523815
DRC1	0.373795687923883
MUC20	0.373727245729014
SUDS3P1	0.373580131747602
CDC42BPB	0.373392133294988
MTHFD1	0.373276958579442
ARHGDIB	0.373193949001934
ZSCAN31	0.373095924524099
RPL7AP30	0.373066136771287
CYP2D7	0.372806844567066
RBPMS	0.372750069465474
SLC12A4	0.372241152250905
SLC4A11	0.372091358551144
RNF32	0.37173759989983
CELP	0.371619208026614
TM9SF2	0.371333766904126
BTBD3	0.37119731976248
TAFA1	0.371080390855764
NSD2	0.370508268562558
LRTM2	0.370425934095159
BRD2	0.37031747982156
NBPF2P	0.37027942271954
TTC16	0.369410876189241
SAFB2	0.369346904415663
SDS	0.3692911666244
TMEM120B	0.369079032152546
UBL4B	0.369068684919359
IRAK1BP1	0.368522865168527
FAM72A	0.368504862562945
MAST3	0.368316652759795
DDX3Y	0.368107234240434
CSNK2A3	0.368077580075459
APOB	0.367529354293384
LRFN1	0.367517143574156
BARHL2	0.36735227033907
SUV39H1	0.367036548620428
HACD3	0.367032960857093
GNG4	0.366945392740381
BMP2	0.366889064477553
KLHDC8A	0.366786872837838
CENPI	0.366490189097214
HCN3	0.366414461765196
COL22A1	0.366320402429091
RPLP0P9	0.366179296759405
TMEM229A	0.36605758993919
LINC02210	0.36587563470292
RPL15P3	0.3658171349953
EIF2B3	0.365790080506072
TRPV1	0.365717247250172
LIPG	0.365477117794799
APBA2	0.365306682514139
NGEF	0.365219437005552
CCDC32	0.365142770561077
PROSER1	0.364960326412525
TMEM52	0.364957850585197
CSF3R	0.364784330968223
NBPF3	0.364730270779499
FUT1	0.364670085571709
TAF1A	0.364646904924407
REPS2	0.364437902779558
GAB4	0.364421055570989
POLD3	0.364296622703995
SLC26A9	0.364122914021315
LCN2	0.36406772827172
EAF2	0.364053284722554
MKKS	0.363930166429996
GPX1P1	0.363907355724978
AFG2B	0.363815405943789
FABP3	0.363765457770009
HIKESHIP2	0.363621124744247
ZDHHC15	0.363613425454271
AGPS	0.363365831808355
POLR2I	0.363225314442936
HMG20B	0.363169415167531
TDRKH	0.363157021677675
CASP2	0.363070535319409
CLP1	0.362972572306194
SH3YL1	0.3628178822827
PTGER1	0.362601309363216
GALNT16	0.362467658487701
BPIFB1	0.362308905960436
B3GALT9	0.362251933647971
CXCR5	0.36219545683636
BPGM	0.362009466803645
MTHFD1L	0.361735679069967
TRIM59	0.36163828937638
SRM	0.361348049962758
FAM185BP	0.361341336920619
KRT42P	0.361151888836081
TSPAN4	0.360915733428947
ABCF2	0.360775519856864
CDK5R1	0.360498710726232
RTCB	0.360458040197439
FUBP1	0.360240769570175
STAG3L2	0.360226549904718
NRP1	0.360073875961202
SNRPEP4	0.359910357213052
DAPK2	0.35980512292632
SHANK2	0.359345576601668
ALOX15B	0.359119639800824
BBS12	0.359020938354876
TRPC5	0.359017969713168
TVP23A	0.358845125335124
TFEC	0.358659152563196
TMC7	0.358560108033108
ENPP7P4	0.358487234405913
EGF	0.358458600591018
TAFAZZIN	0.358389629655192
ANAPC16	0.358257122929491
MAP2K3	0.358156705172007
CCDC158	0.358011068127111
ACYP1	0.357914720143341
MCM3AP	0.357794023538381
TTC36	0.357658501368485
SYCE1L	0.357208819288963
FZD10	0.357036074213449
MYBL1	0.357011210912578
TRIP4	0.356899906544117
UNC45A	0.356864489470824
GAPDH	0.356755113981834
RSPH14	0.356542275294765
PTOV1	0.356403295824446
CAPN7	0.356336224364384
ILF2	0.356084457542856
FER1L4	0.356028378218562
CAND2	0.355994485255175
RBM4B	0.355597361017232
PBXIP1	0.355487020899621
CBLN3	0.355456472779591
NCCRP1	0.355442322445054
GALNT5	0.355390480355381
MFAP4	0.355236285029651
ZNF397	0.355154940263259
TMEM60	0.355131276770244
CNTNAP5	0.355087713749316
SORBS3	0.355010997806576
FADS2	0.355005704782672
WNK3	0.35463076022554
GET3	0.354583980003163
CAPN3	0.354420979126752
CHCT1	0.354386528611168
PPIL3	0.354296860863961
KCNIP4	0.354225232188516
EGR1	0.353971943671388
IFFO1	0.353887542612372
NKX2-8	0.353812583756893
ORC3	0.35367930872327
PPP4R3A	0.353570368486563
PFDN6	0.353475701376589
GOT2P2	0.353440103735365
PCDHGA4	0.353421392920311
RPS26	0.3531747320078
CFAP57	0.353063130987406
ZKSCAN4	0.35291351627605
DHRS1	0.352907003554127
MFRP	0.352704188900397
ANKRD10	0.352398877747554
TRGV5P	0.352354358254956
RAB1B	0.352309036625714
EMILIN1	0.35227876818712
HUWE1	0.352030390041419
RPS3AP21	0.352021328584347
LUC7L	0.351978301711925
SLC2A6	0.351960692311632
CLPTM1L	0.351923334612059
MFSD10	0.351408050208082
ARPC5	0.351367846030343
OR52A4P	0.351347893968572
EYA4	0.351347370772955
TLR5	0.351207008273505
GALNT13	0.351076799437225
ATM	0.350775879475856
WFDC21P	0.350169097119483
NUP50P2	0.350050007688093
RPSAP12	0.349850751545069
NIT1	0.349843728421734
XRN2	0.349757605656832
NAP1L3	0.349537851272012
ENGASE	0.34951492331026
AFG2A	0.349469181913433
TLCD2	0.349424664087965
CAB39	0.349190255808178
GRK7	0.34909013580582
USP21	0.348921387398289
SNURF	0.348806013077416
NGB	0.348677031218809
RPS2P5	0.348620439897202
IFNGR1	0.348555126692308
TUT7	0.348391857280998
KIAA0753	0.347964067185139
SYNGAP1	0.347923699050815
MVB12A	0.347769284499944
OSBPL9	0.347629756286464
TMEM265	0.347447152792226
DYNC2I1	0.347361654964298
CFDP1	0.347256834915357
C1orf216	0.347225347702729
DNALI1	0.347042214671336
DCTN1	0.346609209627136
HSPE1	0.346556062855977
TNFAIP8L2	0.346458083839333
OR7D2	0.346388271197506
NAA20	0.346362457672003
ACER2	0.34605526784087
PI16	0.345938531753108
TM9SF5P	0.345910181627655
DUSP6	0.345873262956922
CTU1	0.34573767139227
ZNF467	0.345710900181142
NCF1C	0.345615498682759
KIF18A	0.345457320094308
SLC23A3	0.345306207168447
IL11RA	0.345104605092017
S100B	0.344682401317722
LTA4H	0.344595711917388
SCN3A	0.344566308178444
KLC2	0.344552121423836
CD1C	0.344439876339442
ROBO4	0.344391916536929
CENPM	0.344314852406793
HEXD	0.344271695950563
CAPSL	0.344112584003473
SBSPON	0.344063872357629
PER1	0.34396621591942
CKS1B	0.343956123020516
DHX37	0.343747825524631
VSIG1	0.343678721567026
NDUFB4	0.343581313129925
UBE2Q1	0.343455449464101
CPA6	0.343155482855369
PDP2	0.343104382863791
ST20	0.343086337967517
RNF10	0.343080712592693
ATP6V0D1	0.343031661539057
ARL2BP	0.343026991513183
MRPL55	0.343025207229422
SYNM	0.342689812701598
ABCC2	0.342646852572573
PDCD6IP	0.341900700799353
LINC02210-CRHR1	0.341839093443691
RGS9BP	0.341827030017831
NOL8	0.341821724743504
WDR77	0.341597355803908
MON1B	0.341300677413276
ALDH6A1	0.341187322882364
DTX3L	0.341168760422846
KCTD7	0.341052889856678
PDE4DIPP6	0.340918190113463
MTERF2	0.34085636881682
NPPB	0.340814326756205
MRGPRE	0.340801655969838
EEF1A1P13	0.340467132791726
MVD	0.340439888419689
ING5	0.34033632563765
MYADML2	0.340096851734106
GSG1L	0.340039543633313
UBXN8	0.339847373560488
CCDC191	0.339806677423219
MDGA1	0.339785013738102
ANKRD33B	0.339337938822568
ZCCHC17	0.339249599329787
SLC4A4	0.339063850230889
KLHDC7A	0.339029092086482
LMF2	0.339013755322345
CDH11	0.339003472655934
KIF26A	0.338679566834978
SENP3	0.338160352942029
SMIM11	0.338118153640679
NCF1	0.338000407628717
RTN4R	0.337946174523056
TMEM242	0.337648772758651
ACOT12	0.337498701379236
PLEKHO1	0.337312470576495
UXS1	0.337307139332077
KRT86	0.337182085232504
GCSH	0.337160494376604
PCLO	0.336824329174011
EMP1	0.336706710557709
TSPAN2	0.336403455183588
CSNK2A1	0.33632426963419
AGPAT4	0.336299701445147
MRPS11	0.336233273757318
H1-3	0.33612004709179
RPL7P23	0.336108354851954
WRN	0.336091101122993
MCU	0.335690352377829
FKBP3	0.335578583647014
CIAPIN1	0.335474326255435
NR2F1	0.33547098210383
TOR1AIP1	0.335433925064794
POLR3GL	0.335298003464163
AOC4P	0.335211062313019
SAMD10	0.335143539331245
EXOSC3	0.33513891499046
NCAPH	0.335005559438316
IL10RB	0.334879204042793
FAM86FP	0.334847545290564
TTC24	0.334608318242188
RBM43	0.334578018713198
STYXL1	0.334080957045033
MDFIC	0.33387983251438
GRINA	0.33379801881104
OR2B6	0.333761887405158
NAALADL2	0.333739467606772
HSPD1P11	0.333691885008793
BLTP3A	0.333325266879704
TSR1	0.333129969928388
DMRTC1B	0.333071627542427
SIGLEC1	0.333031661806538
PTK7	0.332979589579715
MRM2	0.332972630676767
ACACA	0.332943375996641
CCDC68	0.33290396763864
MORF4L1P1	0.332881502988022
CAVIN1	0.332830950427251
CAMLG	0.332635345977882
SLC19A4P	0.332099902650925
RARB	0.332049332370995
CHURC1-FNTB	0.332031830796289
COL11A1	0.33195147209051
DNAJB11	0.331730004741612
SBF2	0.331438601012193
VKORC1	0.331222173655804
UQCC1	0.330779847475954
C20orf144	0.33060261533959
RPS26P6	0.330506791371822
NOX5	0.330465982604572
TBC1D3P1	0.33028078561443
SPATS1	0.330252448831295
KAZN	0.330104156921583
OSR1	0.330041361755567
C12orf43	0.330033263811627
GLRX	0.330030887152839
SPARC	0.329975417250669
MITD1	0.329919811285282
WDR25	0.329855039599514
UNC93B3	0.329839983641637
FAM50A	0.329293693881516
ARHGEF38	0.329238690652518
PJVK	0.329196932523657
ZNF816-ZNF321P	0.328928473273856
TLNRD1	0.328910955867374
SPATA31A5	0.328650478946415
FAM47E-STBD1	0.328643473886564
CFAP20DC	0.328584613591511
ACOT9	0.328540856106694
MIA3	0.328405640461506
TMEM19	0.328340333830913
TGM3	0.328310831604839
NASPP1	0.328031483898523
DNAAF5	0.327998850466425
SMIM43	0.327593999730449
ZNF732	0.327434264766251
NUP98	0.327403574442366
H4C15	0.327317552262899
NKX6-1	0.327060960786348
ISL1	0.326698115830983
TEX35	0.326173666697437
ALX4	0.326149090854241
UPF3AP3	0.326073553471155
ZNF572	0.32588902061316
BANP	0.325705981024249
GAN	0.325614475900046
XKR6	0.325295961265461
RPS4X	0.325234093005662
HDHD5	0.325205707687712
NCMAP	0.325122193422022
SLC10A1	0.325032720103674
SKI	0.324843386083348
DRD1	0.324754483018875
POU3F3	0.324555622133987
PEX11A	0.324460458740563
ZNF334	0.324285950761935
UTP3	0.324196883688311
CFAP43	0.324151179115481
OIP5	0.324135676086724
ARPIN	0.323948933593069
CRISPLD2	0.323925768029197
FAM240C	0.323885279522472
FAM193A	0.323733368854078
NFE2L3	0.323667157390703
CDK16	0.323494320702741
SLC66A1	0.323392873166632
FBXW10B	0.323138857864954
SH2D2A	0.322973898148462
IL31RA	0.322942744447928
ALKBH3	0.32283926285205
MILR1	0.322766653806935
ABCG4	0.32276302043623
TUBG1P	0.322688160020906
CREB1	0.322541257200758
GAPDHP37	0.322523579795293
KCND3	0.322508900237786
CARD19	0.322083279454408
SFXN1	0.321761205938302
C22orf39	0.321530164057483
CDAN1	0.321371712650543
MKNK1	0.321067381916955
TPTE2	0.320924004297748
OR5H6	0.320784124111743
DYRK1B	0.32062589743923
NPEPPSP1	0.320446186327959
DEFB133	0.320367418996598
MARS2	0.320254024411087
SLC25A15	0.319953850733023
CARD6	0.31985918576101
CNPY2	0.319559420630163
AARS1	0.319450763193241
KCNS1	0.319392463795198
SENP3-EIF4A1	0.319332308474376
ZNF324B	0.319248430319379
BOLL	0.319221710524925
TCP10L3	0.31902149624189
RAB5IF	0.319003221849808
DNAAF10	0.318778247110218
ST7L	0.318747976198838
CEP128	0.31849601458655
ITGA1	0.318142377143984
SWT1	0.318122290116413
KRT8P36	0.318076819493628
DHX57	0.318075860970155
PDIA3	0.317916694112741
TMEM240	0.317911479292348
PAK3	0.317863972677399
XAB2	0.31778558977147
FGFBP1	0.317781497212199
SARAF	0.317330415772796
ZDHHC23	0.31717789519347
GNG7	0.31696390833421
IPO5	0.316676835769038
RPLP1	0.316647628863053
RPUSD1	0.316409722084469
DNAAF8	0.316407581141758
TREML2	0.316225857748175
GAPDHP1	0.316159786595364
APOD	0.315689700930335
ZNF462	0.315610165073053
EFEMP2	0.315374901271563
CDH17	0.315240455139494
LRP8	0.31503777789325
CYREN	0.314936425461005
INTS11	0.314920416264201
NACAD	0.314473703764458
FOXB2	0.314399803239527
CA3	0.314224293334967
ZNF707	0.314170439252299
COG6	0.313831053357666
FDX2	0.313794174348615
SPACDR	0.313745263574115
GUSBP4	0.313738332791297
CATSPERB	0.313668235954394
KIF1C	0.313368666224269
CRKL	0.313247593825798
AP2A1	0.313098592871025
GEM	0.313018390868223
SPATA45	0.312917691989522
SMC6	0.312876661005664
SYTL1	0.312851958619447
ILK	0.312819770760327
ALMS1	0.312686767818814
ACSL6	0.312683876146604
APOBR	0.312605641961584
HINT1	0.312485931640691
DDX47	0.31223020755942
EVPLL	0.312129232431183
JPH3	0.31211481232343
NFATC4	0.311882427612158
DHFRP1	0.311841903393981
RDM1P5	0.311706879758758
PIGV	0.311651939047344
TSTD3	0.311582942738071
AP3M1	0.31124976604814
MACROD1	0.311170166216581
SPHK1	0.311152200102974
RPS7P10	0.311141153414247
ZNF552	0.311084419046752
GPR75	0.31105698667848
DGLUCY	0.310940161615384
RBM42	0.310847541651384
CYRIA	0.310819374613116
GTF3C6	0.310782117826527
PACS1	0.310751541202815
DBF4P1	0.31067050413324
LYZ	0.3100561123088
ONECUT2	0.309985669102794
PHLDB3	0.309955248756024
CCDC171	0.309919938997393
DSG3	0.309890054780756
SOCS5P4	0.309888298787823
AREG	0.309668555102792
TCEAL3	0.309618972750857
SLC3A2	0.309482248728538
QSOX2	0.309455279668077
METTL26	0.309159309026781
ACP1	0.30884502629761
CEBPD	0.308818408422028
SPECC1L-ADORA2A	0.308704735922717
EIF4A3	0.30863981344331
ADAD2	0.308637866752753
RECK	0.308551293596188
STX11	0.30852146621718
PDXDC1	0.308457511422665
ARHGEF33	0.308119229404692
GC	0.308028473379075
DPM2	0.307621948120303
CSPG4P10	0.307538529613791
XPO5	0.307223811052766
SSR3	0.307218025847081
BUD13	0.30719613571867
RPUSD2	0.306896373829401
CNTNAP3P2	0.306584097153123
HNRNPA1L2	0.306453611574798
SUPT16HP1	0.306219609740018
SEPTIN1	0.306088364306876
RASA4EP	0.306066590951633
ADAM29	0.306027650254668
CSF1	0.305714944439641
BMS1P12	0.305635792230694
NUDCD3	0.305609963447797
CDH4	0.305437700358736
SEH1L	0.305200630192916
IMPDH2	0.304866989566433
GRPR	0.30484474909238
WASF2	0.304512815739754
SINHCAFP2	0.304511710173228
MICAL3	0.304245063417058
INTU	0.304192560898416
CSNK1A1	0.304101107912034
GLT8D1	0.304100186515254
SEPTIN10	0.304054349076093
FAM117B	0.303131909316659
NECAB3	0.303119396475329
PARL	0.303063367730354
KCNE5	0.302920325825406
RNASEH2C	0.302738003572704
GARIN5B	0.302636468973578
EFCAB8	0.302619652860553
DDX18	0.302344047077234
FSIP1	0.302334054572423
PCDH11Y	0.302150959829088
ADNP2	0.302098779792174
KAT2A	0.301759594106237
ZFC3H1	0.301707740657588
GAGE10	0.301594152684301
ALDH1L1	0.301462864547681
FANCF	0.301284589433921
NUTM2A	0.301200660346249
FBXO3	0.301053490245042
DHX9	0.300510057674044
POGZ	0.300486200686675
H3P16	0.300137429286201
CCDC175	0.300062036926127
ANKRD20A18P	0.299821913401144
ZNF781	0.299731518570288
ACP6	0.29970989794949
TTC17	0.299681886318666
GALNTL5	0.299546182267083
PLSCR2	0.299417918052345
KBTBD3	0.299405884943814
CFL1P1	0.299380711310828
PMS2CL	0.299204095492646
NDUFAF5	0.299191383311609
FMO2	0.299157089214532
AMIGO1	0.298965725212132
SLC9A7	0.29888612586755
CARNS1	0.298869218918606
CPNE8	0.298773875048268
EGLN3	0.29842504526085
MARCHF11	0.298225871697075
TMEM267	0.298184240281396
KIAA0586	0.29814427026942
NSUN5P2	0.298054252488278
TP53INP1	0.298033763967718
GIPR	0.297934002041196
PPIAP29	0.297756758312436
LVRN	0.297752726565094
NPC1L1	0.297534711403874
GGT3P	0.297425951180802
FUCA2	0.297361473279546
GPNMB	0.297271985124471
TRAF3IP2	0.297213257997132
HEATR4	0.297017886478178
FAM91A3P	0.296288754100985
PUS10	0.296284832958277
SLC6A15	0.296132984347886
ELAC2	0.296015919882862
BEAN1	0.295601166315503
SLC35F5	0.295576756857445
RPL29P11	0.29540633772127
KRT16P3	0.295239555831253
NBAS	0.294787072660258
MED7	0.294695272241578
CCR4	0.294565231552853
PLGRKT	0.294390181147067
SLC7A6	0.294372623033887
SVBP	0.294371300104786
SELENBP1	0.294355020401297
YIPF3	0.294127789140464
BPIFB4	0.294009933579033
S100A3	0.293934466889836
TCEAL4	0.293762747523152
MRPL58	0.293634538587424
MEX3C	0.293405109704735
PTGES3	0.293279997202138
SKAP2	0.293202607838956
UBE2SP1	0.293074464177653
POLH	0.292923343472413
RTL6	0.292905319720311
RSRP1	0.292850628909421
KLHL31	0.292804037665316
MPDZ	0.292753289598586
SLC39A5	0.292685148946052
MTCL1	0.292400608255684
MTCP1	0.2922095244449
HNRNPA1P50	0.292063500106463
ABCA15P	0.292044811557756
MGST1	0.29200236709861
DPP6	0.291760602553155
MKRN2	0.291078305145991
ACSM1	0.291062336291219
LAMTOR5	0.290896474164877
AP5S1	0.29077945264307
COX6A2	0.290712681452455
SEL1L	0.290444542988739
VWA5A	0.290421675406823
ZBTB48	0.290309030888849
SSC5D	0.290129276473098
OR2W3	0.290086852213038
PPP2R5D	0.289864307027376
PCP4L1	0.289854766491216
CD247	0.289810513522553
RPL21P119	0.289630580543336
NEK5	0.289591733126342
SEC23IP	0.289555485146401
PRSS27	0.289353023611027
GORASP1	0.289343771704214
TMEM115	0.289254655613168
SPATA6L	0.289154426919346
SLC39A1	0.288971890702896
DNAJC12	0.288874536515004
TEKT3	0.288858999159924
MTNR1B	0.288724972899787
WDR1	0.288703293859882
CACNG5	0.288627885477928
ECI1	0.288621858793064
ANXA6	0.288496270516534
NAIF1	0.288350546821231
SEC22C	0.288260523152313
ATP5IF1	0.2880749265523
CERKL	0.288056294466065
ABCB7	0.28790830513475
MZT2A	0.287829367393423
RNF157	0.287746080049083
DRD5	0.287567952320241
POM121L9P	0.287543281952132
TDRD5	0.287494941418126
GHRHR	0.287446958409828
TERT	0.28734471107189
TPMT	0.287128504433874
CUL9	0.287093285359912
DNAJC8	0.28700153915224
MRPS12	0.286675410630788
KCTD13	0.286510840710133
PPP2R5CP	0.286191092859507
JMJD7	0.286186168574422
ZBTB20	0.286174058504795
TXNDC17	0.285941929201659
AUNIP	0.285938309993218
GSDMA	0.285899757666333
CNKSR2	0.285871408770257
CDKN1A	0.285739204253629
BMS1P8	0.285667368395029
GPATCH3	0.285360134368299
IFNAR2	0.285118905047841
RDH16	0.285006241911193
CRIP3	0.284957561477626
RCAN1	0.28494286736392
SIT1	0.284933758178119
WDR12	0.284779788727699
RFESD	0.284644164498922
FUT4	0.284633850552708
BOC	0.284619247288082
WDR19	0.284571668796861
PMVK	0.284542752389968
SMCO4	0.284380187730777
SMIM27	0.284151820995266
RESP18	0.284012318301465
NDUFV3	0.28397365228161
STAT4	0.283928854490923
ACSL1	0.283899282805402
SPATA2	0.283855614682384
STARD13	0.283829710767044
GRIN2A	0.283825017942103
TNK1	0.283701014099677
PTCHD3	0.283698274874005
LRRC37B	0.283687102609254
COL12A1	0.283396370931358
ROMO1	0.283336863419315
MRPS21	0.283330086306675
ZNF620	0.283216606262641
ICE2	0.283123454030221
ZNF200	0.282840374502531
SLC14A1	0.282724208266199
RGP1	0.282584190181386
CRYGS	0.282403477201587
SLC44A5	0.282366536468439
SPATS2L	0.28223151420976
SRP19	0.282128037284222
H2AC13	0.281820919236892
MID1IP1	0.281433410403849
CKS1BP3	0.281342548478863
CT55	0.28106649223806
ABCG1	0.281055048275684
ZNF320	0.280996479656807
ZNF718	0.280852971704607
LGMN	0.280826098208
YARS1	0.280810072188693
PPBP	0.280660947677419
IFNAR1	0.280570269811703
TXLNB	0.280565787402111
SGMS1	0.280443274193636
CEP295	0.280408204851441
ARMC12	0.280399355525958
DNAJC19	0.280357467474537
FAM238C	0.280183107994158
INTS4	0.280121504483285
ADI1	0.280047323470816
SHLD2	0.279925688278829
ANKRD18CP	0.279424205510708
CACNG1	0.279293653310989
ORC4	0.278808939310325
DENND10P1	0.278554906505488
REEP6	0.278513495043733
HMGB1P19	0.278445609117439
ANGPTL4	0.278414558535478
TMC4	0.278399948168643
TMEM125	0.278321833599985
PROX2	0.278073787027648
BCLAF1P2	0.278019941657011
NCLN	0.277285422323074
GRAMD1C	0.277280707876411
SPMIP1	0.277059680173447
OTUD6B	0.277056083644121
DNTT	0.276783247811081
MMS22L	0.276653146523235
H3C13	0.276484556717959
UGGT2	0.276325789376275
ANTXR2	0.276260860460667
RTP3	0.276204229439646
DHRS13	0.276020925598897
ARB2BP	0.275986158522377
MTMR7	0.275985404656966
PLXNB1	0.275610969558045
MRPL14	0.275519240254326
DCAF17	0.275495466485619
ADAT1	0.275249763831401
GTF3C3	0.275077946078768
TLCD4	0.274512499842853
ANGEL1	0.2744946882598
FANCI	0.274243362814474
FSTL1	0.274035394790259
COMMD6	0.273939224616372
NDUFS2	0.273754138772102
RBSN	0.273390259670376
ZNF23	0.273282184871142
LIMK2	0.273010054604085
CD109	0.272919723958031
ESR2	0.272771054563352
KLHL8	0.272705352860264
FXYD1	0.272525147664407
CCR9	0.272391553672065
ODAD2	0.272370401940985
RER1	0.272149641930991
H1-5	0.272135347458126
FAM131C	0.272100017043122
P4HA3	0.271964364633086
DHRSX	0.271952477479312
MEDAG	0.271805218302345
KPNB1	0.271703494490549
ATF4	0.271495110441257
IL4R	0.271437592762737
AZIN2	0.271395304828239
QRSL1	0.270957971182471
EFCAB6	0.270800331855488
ARL3	0.270379606768783
AP3B1	0.270348392691517
RGPD6	0.270342365076237
ASPG	0.270324712133844
GUSBP1	0.270206711679966
ARRDC2	0.270167540155403
DMC1	0.270119092866229
SFTPA2	0.269826679324204
ZNF354B	0.269803564714275
SUSD6	0.269798939045785
PGBD1	0.269759903633075
TSC2	0.269431195392623
RPL41	0.269296790330678
S100PBP	0.269283895752221
ITK	0.269256455177846
ABHD2	0.26916085365969
ZBTB5	0.268774412648826
ZNF256	0.268687162774679
FAM133A	0.268574111824186
NUTF2	0.268563259414503
TMEM190	0.268480486114533
BRCC3P1	0.268267667579033
DUX4L34	0.268224413672242
ATP7B	0.267895055862673
CHN1	0.267626438202889
ITGAE	0.267380803801996
KLHL25	0.267372781241039
ATG5	0.267300153514867
STMP1	0.266832033233488
CLMN	0.266772108671235
ASAH2	0.266733332239765
MAP1LC3C	0.266617674280703
SMG1P6	0.266593795630455
RPS3A	0.266523827121265
FXYD5	0.266380799762845
HNRNPAB	0.266100613733055
KCND1	0.265984455773226
CBARP	0.265865820296303
DCTN2	0.265840707694876
DYRK3	0.26574172875729
ZNHIT3	0.265734953503281
KCNQ4	0.265724708047424
PCDHB14	0.265475744232342
PRPF31	0.265446934041326
MRPL36	0.265439103591564
SLC20A1	0.265390342079283
IFIT2	0.265006038213483
PRCC	0.264982947537463
DNASE2B	0.264976471316552
PRDX4	0.264930185520335
RABL2A	0.264870480215722
GTF3A	0.264725115318149
GLUD1P2	0.264535175721095
NAA25	0.264456698999123
NDUFC2-KCTD14	0.264327507930005
FGF21	0.263875292852154
C2orf92	0.263852748328109
GUCY1B2	0.263698109422241
OAZ3	0.263591682525782
LYSMD4	0.263564447999878
WNT7A	0.263512839148002
RPL24P8	0.263476390966664
ARHGEF37	0.263177296679508
TPTEP1	0.262949525874035
DPY30	0.262842814553031
TBC1D20	0.262654025226938
FAM181B	0.262651828929133
NEK2	0.262281218482656
COG8	0.262211883061548
PPP1R16B	0.262177252681441
CCDC178	0.261958841020687
FBRS	0.261799459938558
TNFSF10	0.261595273951493
SPCS3	0.261518554944957
CFAP251	0.261456983580821
TBC1D3B	0.261215280069981
ABCA17P	0.261128722184807
MAP3K10	0.261099754246356
MROH8	0.260784735976507
AGPAT1	0.260714538979507
SLC10A7	0.260605981615574
PRR22	0.2605309040683
SAXO4	0.26011122420175
CALR4P	0.259830544169835
RO60	0.259708065143889
FREM1	0.25966815478113
SLITRK2	0.259620450042138
UMPS	0.25960465535908
PLA2G10CP	0.259577222087276
SMCO2	0.259454739732728
CASP8	0.259305173407729
POLQ	0.259155176241062
EIF2D	0.258864206951197
GEMIN5	0.258849216547626
BLTP3B	0.258748896553807
UNC13D	0.25846301781785
MORN2	0.258160996306923
ZFP62	0.257986455716754
VSX2	0.257924979177608
TFAMP1	0.257799432402418
ENOPH1	0.257488774861004
CYB5D1	0.257180874610009
NTS	0.257042004295747
DXO	0.256877638903732
GNRHR2	0.256734525813835
EEF1A1P4	0.256593654161615
IGF2R	0.256426212679765
FBXL18	0.256422498721811
SLC36A1	0.256413315136097
SLC35E2A	0.256370646431293
TRGV9	0.256224985181787
RFC5	0.256223204090656
RASA3	0.256088821615291
NKAIN1	0.255949323480898
L3HYPDH	0.25572209627272
TAS2R60	0.255406370312374
COL25A1	0.255006819342347
EEF1A1P7	0.25465090156051
KLHL12	0.254387997273841
JDP2	0.25426236118604
ENPP7P11	0.254243303537037
SEC13	0.254209527330864
FKBP8	0.253905694478636
ALDH1A2	0.25339666660185
NUDT4B	0.253344536469324
JAKMIP3	0.25331136182245
PPM1G	0.253268704994365
HIRA	0.25317385149559
TKTL1	0.253114368725891
PIERCE1	0.253110153592397
RAMP3	0.253014096454235
MACIR	0.252998689409798
PMF1-BGLAP	0.25295385765912
IPO9	0.252865557173138
EXOSC7	0.252815742108013
ZNF469	0.252623918436049
ZNF483	0.252609442664027
IFI27L2	0.252598783802701
COP1	0.25255963199742
ORAI2	0.252386892235669
COL14A1	0.252345634549447
PMS2P9	0.252216304070079
BTBD10	0.252132221727744
CSH1	0.252104704508737
CYP4F35P	0.251826528895932
MC4R	0.251738234813929
COL26A1	0.251705710453312
GIPC2	0.251236491564001
TMEM80	0.251176077798561
COPS5	0.251142943084856
CD1D	0.251024810004807
SLC43A1	0.250985988864648
DIO2	0.250969317800456
NDUFB6	0.250965657217591
GNPDA2	0.25094949339954
MYLK2	0.25092448749986
DAO	0.25090157649079
PINLYP	0.250556308338109
ZNRD2	0.250491249642122
PDCD11	0.250461816063924
DCAF11	0.250366198534567
NOXRED1	0.2502729183256
TBX6	0.25025309420149
GOLGA6FP	0.250099331175253
HAX1	0.24991466359364
BMP5	0.249474446844905
MGAT4A	0.249463940685731
PROB1	0.249332807666081
SIGLEC10	0.24917574378746
NDUFB2	0.248770904037598
SRL	0.248637024510917
C2	0.248490865402645
NPIPB15	0.24842646504579
NIPAL1	0.248399193197197
ALG1L7P	0.248317756608646
MEIS1	0.248296277273444
HINFP	0.248197461207652
PDSS2	0.248023321413545
KDM5D	0.247882874340468
AEBP1	0.247853631851674
SH2D3A	0.247807403709297
GNG13	0.247718746451316
ACTB	0.247558765910604
ATP6V0E1	0.247489664933132
SPATA32	0.247437050569657
OXT	0.247432867843729
MICOS13	0.247314807923366
AHDC1	0.247200378137888
RAP2B	0.246956438937428
RNASE10	0.246936572203449
SPATA21	0.246726027405037
H4C4	0.24655436043599
GLIPR1	0.246411483425557
PTPRO	0.246366340006199
ZNF541	0.246228094761787
ELOVL4	0.246183267034761
USP17L11	0.245891529904369
ADPRM	0.245884548806375
H2BW1	0.245802906486704
OR2I1	0.245425376178258
SPG21	0.24539906705946
PELI1	0.245267660639397
SPAG17	0.245159143002521
LCE1E	0.245117662850185
ZNF318	0.24499362331524
RPS4XP17	0.244873915741049
AARS2	0.244599010629477
DDX50	0.244470797454686
GOLGA6A	0.244443184004738
SPATA1	0.244410400049965
GOLGA2P7	0.244313389601223
QTRT1	0.244281229115056
ADORA2A	0.2440248555702
DDX1	0.243994056638603
DDX23	0.243635039357135
HSP90B1	0.243568453942299
CSTF2T	0.243353151486145
KCNK2	0.243169299221225
SLC38A9	0.243150975340861
RPRML	0.242913920030447
H2BC19P	0.242813787547056
RNF214	0.242776295176666
CTAGE3P	0.242719599811806
SLC1A4	0.242648689577316
ALPK1	0.242625963818752
NXT1	0.242408429419921
PTHLH	0.242399705168781
PAGE2B	0.242338024614209
CYP4F59P	0.242075876965634
H2BC8	0.242014523245079
SMPX	0.241928515434402
FLNC	0.241852732533154
SLC30A4	0.241841068138266
PRMT9	0.241501593731719
LIPH	0.241186912768616
HLTF	0.241165113577237
AK2	0.241159728728811
SPATA31E1	0.241148057986401
CDKN2C	0.241091824211699
TPTE2P1	0.240920842993146
ADRM1	0.240872802358267
NR2E3	0.240798068270283
AKAP3	0.240740309293993
SLC5A6	0.240633431143139
AKR1B10	0.24057730774826
HERC2P5	0.240346937452372
HSPA2	0.240136513741264
FGF13	0.239868667305252
MIDEAS	0.239817602910251
RPL6P19	0.239394741265393
BPIFA1	0.239182807069812
VCP	0.239040233909592
BAIAP2L2	0.238993719257232
DBP	0.238989299500441
VIM	0.238916105784725
PECAM1	0.238840215619065
ACVR2A	0.238653138512792
ASNS	0.238451678463091
RBM10	0.238440274870539
LRRIQ1	0.238220021765554
TXNDC15	0.238103970198609
SNX16	0.238103560355229
ATG2A	0.238099303626472
OCIAD1	0.237997142780273
PSMG1	0.237926467990326
SIRPAP1	0.237871973764303
PLAU	0.237863982676968
SLC6A7	0.237795340289308
HCRTR2	0.2377046197365
GOLGA1	0.237598540068499
FCHSD2	0.237411766735588
STK3	0.237134692250882
NAT2	0.236906282458403
ING4	0.236829428454476
GUF1	0.236495237595041
RPL12P42	0.2364290943272
HCST	0.236319308859859
RALGAPA1P1	0.236268082671178
CCNJL	0.236180256158311
NXF4	0.235771836020484
KCNC4	0.235742862109858
MOV10L1	0.235659925844352
ZNF133	0.235386530047495
FAM120B	0.235360829682688
RETREG2	0.235359163198037
BYSL	0.235352046293815
HSD17B11	0.234961155511444
MSRB2	0.234958697799646
ACADVL	0.234955022085873
C3orf33	0.234930052547651
TACC3	0.23461690011032
CXCL17	0.234589438141494
KIF4B	0.234380345419892
NEURL1B	0.234121690718555
CSTF2	0.234090638356252
TBX5	0.233806382361613
DCPS	0.233492545358875
IFT81	0.233231823249959
SERBP1	0.233188609417832
ZNF219	0.233120887900642
TPR	0.233119642572162
ZNF830	0.233053798927047
NDRG4	0.232966364744258
EIF3I	0.232896354658355
AATK	0.23255958868347
GPAT2P1	0.232375041501643
CHST7	0.232236151782136
PRKCSH	0.231875910356448
GNL3L	0.231854165233072
TARDBPP2	0.231751519542539
FHIT	0.231736156121284
H2BC11	0.231680388200966
PKD1	0.231114243758653
RRAGB	0.230998432804962
ERMP1	0.230707865805034
DYNC2LI1	0.230692261018518
DKC1	0.230653760598686
MFSD11	0.230601879289904
CNN2P9	0.230599093490273
KCNK6	0.23056682876675
H3C14	0.230555488731108
UQCC5	0.230367470761432
CD59	0.230267372554263
SRCAP	0.230008156168486
GMPR2	0.229957520388653
KCNH6	0.229927245327146
KCNMB3	0.229923317533927
SLC1A6	0.229766751200432
DLGAP5	0.22975080947637
GINS4	0.229663519991522
YAE1	0.229419015064936
RIT2	0.229287993365321
NRSN2	0.229278153662762
TAS2R64P	0.229247055991927
DENND11	0.229112275289475
SLC25A27	0.229023374521167
NHERF4	0.229012019416408
ISCA1P6	0.228857591042791
USP27X	0.228779475412718
APEX1	0.228711980081917
RPL13AP20	0.228536661295771
ACYP2	0.228463922060147
MAP7	0.228239876535325
NPM1P27	0.227908745468813
IL4I1	0.227873566637763
SNX12	0.227781576783883
QKI	0.227754338945763
PPP1CC	0.227749305041099
DCBLD2	0.227699135381501
SHROOM4	0.227672335255679
TMEM126A	0.227610954748522
ZNF223	0.227527977277043
EFL1P1	0.227445277748224
DCC	0.227366032989819
OAZ2	0.227312156369442
RPL23AP74	0.227267566334083
ADGRL2	0.227190407149745
KDM2B	0.227079641750549
IQSEC1	0.227028187893257
TRAF1	0.226887020286725
CIROP	0.226820088415079
EPS15	0.226652871830687
ARL9	0.226608948585022
SHQ1	0.226561698521066
FAM53C	0.226441106830362
MPV17	0.226340447141233
TUBGCP3	0.226178315713763
ACADM	0.225785755201615
ZFP82	0.225624970533751
MIIP	0.225521156318074
EPB41	0.225401598736335
PRG2	0.225270150197622
HDX	0.22515117468773
RPL37A	0.224972905598555
PAK1IP1	0.224899876473228
TMEM132B	0.224556945581451
FGFR1OP2	0.224494655835299
ZNF282	0.224342131579375
RNF31	0.224219210939068
NBPF12	0.224178300606602
PRRT2	0.224017960138376
KARS1P2	0.223999770858275
RNF115	0.22397364584588
NR2F2	0.223894170406533
PPOX	0.223709048855525
KBTBD8	0.223623022149965
FLT3LG	0.223613816633817
POLR1HASP	0.22342690413686
MBD4	0.22331343218463
C6orf163	0.223301317586201
FBLIM1	0.223215378138823
DYNLT2	0.223066611285483
SPDL1	0.222872705212042
C10orf67	0.222727269320465
PSMC5	0.222461901702947
CFAP161	0.222193196863145
OSBPL10	0.222141962709471
RPL9	0.221773208540306
RPS27AP16	0.221703825030436
EPC2	0.221662220263166
TMED9	0.221622861313736
ZNF98	0.221616698716072
DHRS4L1	0.221587126328526
VN1R83P	0.221363414437249
TOM1L1	0.221296161353434
GNL3LP1	0.221240015519308
RPS27P3	0.220996858046059
SCX	0.220965781689732
BCL2L14	0.22087426154014
DAZL	0.220703533344928
TRIM44	0.220622719257446
ZNF544	0.220265318257015
CLUH	0.2199189044404
GGA3	0.219826811336736
TUBGCP2	0.219817701590745
CTBP2	0.219564397124596
CACNA1C	0.219391765899908
H2AC8	0.219361169100934
ODAD1	0.219289432068432
TPT1P4	0.219239879383759
TARBP1	0.219178386818017
PPIP5K2	0.219071631252131
LMO7	0.218978274067394
SPDYA	0.218844368917936
TMEM18	0.218796306914479
RNASE6	0.218787744113654
ZNF235	0.218782471259265
AKT2	0.218745732199922
PRRG2	0.218739121815962
HYLS1	0.218605653140843
ZC3H8	0.218433983616569
DPF1	0.218317566415161
CD200R1	0.218189146421373
UBQLNL	0.218165475328722
HSH2D	0.218008720456615
DCTD	0.217840693632611
GLIPR1L2	0.217809186083617
FTH1P7	0.217734471753801
CLDND2	0.217585790025084
RAB27B	0.217402443612867
RASA2	0.217209173738282
C2orf42	0.217070152849632
TSKU	0.216818470056743
HEMK2	0.216695797422168
STARD3NL	0.216549832386204
AKAP10	0.216536927302134
CARD11	0.216526432324598
B4GALNT3	0.216358702925219
COASY	0.216346451714533
TMEM143	0.216227066648918
ACTR3C	0.216148623004496
CAVIN2	0.216110339105721
ATXN2L	0.215910703209394
TXLNA	0.2156067371127
FDXACB1	0.215366536493424
DRD4	0.215012231791354
SPEF2	0.214965563146896
ARMC3	0.214421771061942
TEKT4P2	0.214313770729606
MED16	0.214247681647388
LINGO2	0.214175189658791
TRIM74	0.214156190041441
DENND10	0.213918196761973
ZNF487	0.213796421154778
ASAP1	0.213651071420898
SCN4B	0.213634407938899
GCNT2P1	0.213387529320605
CPNE6	0.213111434441171
DTNA	0.213014105465515
ARHGAP35	0.212553748218979
KRT17P6	0.212380050052335
SMG8	0.212300197872495
FBXL4	0.212184623826373
PGAM5	0.212124073718016
PPP1R26	0.21204269168169
TCF24	0.211984929140095
AIRE	0.211965498729138
GATAD2B	0.211741444016774
FSCN3	0.211725372662027
THOP1	0.21164220353652
MAGI1	0.211559059936162
LMX1A	0.211439869631641
TTLL3	0.211288807211818
LENG9	0.211143011549518
NSUN2	0.211111500065349
NFE2L3P1	0.211045973953281
PRR12	0.210942555574848
EBNA1BP2	0.210921313836241
EPHA1	0.210619049398537
MRPS22	0.210545452288269
MRPL21	0.21051201091832
SLC7A11	0.210261232371798
MAN2A1	0.209739045331612
UHMK1	0.209580776457983
UPK3BP1	0.209126443414505
CCDC194	0.20906454363721
PPP2CB	0.208965931209617
PSMA8	0.20857906062041
COL17A1	0.208568267325225
CDC37L1	0.208560408628719
IFNLR1	0.208396143917807
VAMP3	0.208237662494759
CEACAM21	0.208219822825778
CCIN	0.208154136233343
TMOD4	0.208096365127066
PRDM10	0.208079920500745
ZNF385C	0.207598164572679
PROSER3	0.207361558624512
CRISPLD1	0.207354297344173
OR14A16	0.207209159922311
TSR3	0.206878500416127
MUL1	0.206822542173205
IFFO2	0.20669196708329
URGCP-MRPS24	0.206667637476057
WWP1	0.206614783855301
RUFY2	0.206467883414933
TADA3	0.206398469539238
EPN1	0.206195624358172
GEMIN8P4	0.206061151726247
SLC30A10	0.205813709432889
LDHC	0.205765262710796
SBNO2	0.205445839100526
HSP90AA2P	0.205398321276676
STRIP1	0.205395374275646
C1orf21	0.205389941248561
RAB11B	0.205299162518852
CCR1	0.205204873666854
SNAI1P1	0.205190518267614
CLCN5	0.204859291911989
PRR4	0.204668080222111
BRAF	0.204668078309521
CLEC4C	0.20454845008736
TBC1D29P	0.204521087217069
POTEF	0.204436832390143
PEX5	0.20433506491138
ATP6AP1	0.204271522511188
TSPAN5	0.204188641242194
HSPA8	0.204139960797332
ZNF32	0.204083120557585
RFXANK	0.204058488070624
HPS6	0.203889468002038
UCHL5	0.203885648751648
MTERF1	0.203603018150355
GDI1	0.20349612482763
FMR1	0.203440344324234
CCDC120	0.203262086309212
TM4SF1	0.203115160344319
IFT140	0.202979808485343
LRRC37A2	0.202885612136184
ZNF385B	0.20276507965547
PAM16	0.202442284467607
WDR6	0.202410841578414
DNM2	0.202242540071214
CFAP107	0.20211700647027
ECHDC3	0.201873929672914
NUDT12	0.201835842350492
CTTNBP2NL	0.201596344655639
KHK	0.201561219528227
CYLD	0.201354838413818
CASKIN1	0.201278276748478
GCATP1	0.201204490577628
CPAMD8P1	0.201079441871877
NEO1	0.200936463159901
ELOVL5	0.200619026338244
HSPB7	0.200584803736633
RBX1	0.200354250185824
PNKP	0.200289924976689
STAT5A	0.200187443270069
AQP6	0.200081886405791
LIG1	0.199965187914538
ASB13	0.199930529450167
GTF2IP14	0.199912014215224
CALU	0.199552625797796
IFIT3	0.199502289276549
CASKIN2	0.199418141781434
RNASE9	0.19937147958729
MYO16	0.199186189590875
NFXL1	0.199133374637801
BAG6	0.199044339339354
USP30	0.198987564675005
FAXDC2	0.198788422615881
MSTO2P	0.198280758398269
DIABLO	0.198097435519752
NEK9	0.198023743150788
SP6	0.197998908682712
SNED1	0.197956315659995
SSBP2	0.197881804906807
IGLV5-52	0.19770728749762
CALCOCO2	0.19735812136552
DELEC1	0.197238014901335
CTAGE12P	0.197129997500142
TRERF1	0.197079022814973
DDC	0.197002705239208
ASDURF	0.196929480901575
EFCAB7	0.196798231011552
PPP1R27	0.19662336361341
EPN2	0.196438311742893
HMMR	0.196352478682898
NDP	0.1963291311583
KANK4	0.196231797392258
CLASRP	0.196166050889497
CCR7	0.196032017991194
CPSF7	0.196004524714888
RPL32P29	0.195936959003835
BOLA3	0.19584244731035
KRT81	0.195786435804695
RPS4Y1	0.195615836141822
METTL5	0.195507602631296
MPV17L	0.195144253559479
POLRMT	0.19511061545752
PPAN-P2RY11	0.194915671099176
ENKD1	0.19477834684976
NOP16	0.194720389907538
HMGN5	0.194422416376912
GRIK1	0.194267281883835
PARP1	0.194238069788534
FMO4	0.194178646186195
COQ9	0.194086429894471
SCRIB	0.194010888393676
TOMM6	0.193828615551114
GAL	0.193809895238846
VWC2	0.193749732072253
CCDC71	0.193533891482067
TRIP10	0.193527136722772
IKZF4	0.193509728882636
TEKT4	0.193457782402004
UBTFL6	0.193176531163387
TAF6L	0.192726086332249
IMMT	0.192693893069016
MRPL51	0.192560101143008
SLC35D1	0.192462468668903
ZNF317	0.192337313820971
MRPL46	0.192184908254916
LYG2	0.191908174037781
AAMDC	0.191647986154342
STX8	0.191146546818215
KYNU	0.19106763940915
CTAGE1	0.191063023887208
BHLHA9	0.191044857224725
VRK2	0.190942858012583
C1QL4	0.190903576574863
JPH1	0.190714250479324
FUNDC2P1	0.19066087320652
STRAP	0.190433296813376
KIN	0.190297088172437
CDKL1	0.19015743348061
UPK2	0.189962725556831
DYM	0.189916824764109
CHAC1	0.189860280250739
RPS18P5	0.189853726790331
CDC123	0.189840528910698
ZCWPW1	0.189805068697325
ZBTB4	0.189749237164811
EIF2S2P3	0.189599322525487
PTBP2	0.189434788587734
RNF25	0.18942316059365
ILRUN	0.189001100710424
SDHAF1	0.18894786137477
RPL17-C18orf32	0.188723138857428
ERG28	0.188668866967938
SBDSP1	0.188455704933426
MTCH1	0.188429130316027
VCAN	0.188338540023919
CHAMP1	0.188307286357834
AVP	0.188212534754547
ARL10	0.18815010976135
OR7E156P	0.188130828365846
PYGO2	0.187956835764838
MARCHF9	0.187931563399566
BOLA1	0.187751931954031
PYY	0.187735901842929
NOL11	0.18769462307496
USP9X	0.187448757349959
RPS9P2	0.187318733267748
ARTN	0.187267833397409
SHLD2P3	0.187217540941474
AP3S2	0.187111129234989
RIPOR2	0.186981748428759
ZNF286A	0.186843356622109
WFDC10B	0.186805493674181
PRMT7	0.18656722741841
PLBD2	0.186533461361451
CTRL	0.186504156562461
ST13P15	0.186461775388921
PMS2P13	0.186377288824203
POM121L2	0.186236615746202
PPP3CC	0.186139295893524
HMGA1P8	0.186078183579665
LIM2	0.185882409872855
PPP1R42	0.185842017916023
ZNF197	0.185823247265404
MTMR14	0.185796818962363
OR2A42	0.185650163683134
EPO	0.185506520819519
CLCN1	0.18550088682397
CYFIP2	0.185318672791285
ZC3H12B	0.185260502056402
HAVCR2	0.185170981549041
DUSP18	0.185165653485119
IL17RE	0.185090594683202
VN1R1	0.185007076460987
CSE1L	0.184777095510915
TMEM223	0.184697960356448
SLC6A16	0.184693827742091
LPP	0.184661327291892
TMEM253	0.184651619395341
HTR4	0.184563779165176
KRTAP10-6	0.184512863499722
TUBBP1	0.184511420508812
MROH5	0.184437437250369
ZNF195	0.184381567062922
ACAD9	0.184250956485201
ATP6V0C	0.184105184818881
ZNF233	0.183997547191665
GK5	0.183704162231248
RAB3A	0.183647042673661
CHI3L2	0.183642628010403
RPLP0	0.18358766981315
MTNR1A	0.18357796789671
NUDCP2	0.183552708620157
BRF2	0.183358783121809
PCDHGC5	0.183294131791323
SCFD1	0.18322945208909
RRM1	0.183180764732283
MCPH1	0.183054773269877
LRP5L	0.182924163170327
RPL7P9	0.182789993226577
TRPM5	0.182548281327095
LIPJ	0.182512774384549
RILPL1	0.182492018011704
PTGDS	0.182478164375137
CDIPT	0.182381095302567
OR2T32P	0.182323657357598
TMOD1	0.18210723831172
ANXA7	0.181940248691838
POLR2H	0.181939863739416
GJC2	0.181875010414724
TTC9B	0.18168418695245
CCT8	0.181530835557793
SELENOOLP	0.181445872877957
ATF7	0.181286775872492
ADAMTS5	0.181037385512169
RPL13	0.181022250160277
REPS1	0.180981530634412
LDB1	0.180925017097278
C8G	0.180691832235834
SGCD	0.180618202314739
PCGF5	0.18057773689936
LIME1	0.180433857987327
C2orf49	0.180309950235785
LUC7L3	0.180139816235305
PPP6R2	0.180098492645245
RUFY4	0.180082998856386
PTPRF	0.180082117630966
CDCP2	0.180050063730382
LRBA	0.179845576517096
VAV2	0.179843717216206
DISP3	0.179824957051869
OR56B1	0.179681356507556
PNRC2P1	0.17952559921659
SNX21	0.179245229761993
LAMP2	0.179194331972324
TRAPPC1	0.179020914548058
SLC35B3	0.178998358065422
RANP4	0.17896240745368
MAML1	0.178940339676185
IPO4	0.178839391609997
ATXN7L3	0.17865965400675
UBE2A	0.17845145637974
C1DP1	0.178420378368657
RHBDD2	0.177910499062652
TTLL1	0.177746961111141
CACYBPP2	0.177641387339087
TATDN1	0.177584202524245
FIG4	0.177565626673606
TMEM37	0.177334111540766
TRIM47	0.177052616518616
CTNS	0.176881305186135
CIC	0.176858655998879
SDR42E2	0.176829559634976
TMEM269	0.176748993454502
TEKT2	0.1767246299792
RPL23AP42	0.176530462658633
TLCD4-RWDD3	0.176522715414688
CYRIB	0.176213967741217
CTBP2P7	0.176193890692993
GTSF1	0.176186370851266
HNRNPA1P27	0.176054605391634
SMIM20	0.175756585209424
BRMS1L	0.17567152427542
MSLN	0.1755135173487
YPEL1	0.175304944140579
RPL32P3	0.175192941923127
TYW1B	0.175101525157312
KLHL34	0.17495086122705
EIF5	0.174948169992867
ZNF691	0.174877307442299
DBI	0.174683875964139
CNGB1	0.174634590262398
ABTB2	0.174537988647339
CSF1R	0.174532864388058
PIAS3	0.174524962468587
MARK2P19	0.174503517178711
OXCT2P1	0.174435416052319
OSCAR	0.174392341937309
MSS51	0.174361933104235
HES4	0.174187806676158
ZNF853	0.174172991638885
PSD4	0.174059081319365
FAM171A2	0.174042213018978
HAUS1	0.173881840537686
ABHD1	0.173848893914399
SULT4A1	0.173786959969262
LEO1	0.173387273925434
KCP	0.173223442544508
KLHDC1	0.173088202408528
GLRX3	0.173048470649904
FAM3B	0.173020275797349
MAZ	0.172663086987982
RPS26P19	0.172542831036397
EIF3LP2	0.172423219826428
WBP1L	0.172268283883421
BLOC1S2	0.172247428608942
E2F4	0.172043520697881
LTBP2	0.171961784953958
PLAC9	0.171610283197272
IFT43	0.171455939881726
CDC42	0.171395478906914
GFER	0.17134790082323
EIF4BP7	0.170912613180421
RNGTT	0.170886474622067
SLC29A2	0.170804987889478
PIGCP1	0.170717489151388
TMCO1	0.170676716002698
LIMA1	0.17057198279982
KLHL6	0.170547903069294
POLR2J2	0.170514135673703
EMBP1	0.170513223728521
GTF2IRD2B	0.170505058035724
CHN2	0.17049499572359
KDM6A	0.170413707482484
GIN1	0.170399468836052
HPS3	0.170228094713335
SPPL2B	0.170046761660116
FGF1	0.169823312241377
TSHZ2	0.169658541071199
LTO1	0.169605764787107
RCN1P2	0.169428456028386
MSH6	0.169307497651265
ARL4D	0.168870398779164
ANOS1	0.168812620932747
ATP2C1	0.168657743812041
KLHL15	0.168636017080565
SLC2A9	0.168595896764216
SLC45A3	0.168453261521138
TLK2P1	0.168441597587961
CSPG4BP	0.168385562226085
RHEBP1	0.168352911260392
TRIM34	0.168320561522147
RPL7P1	0.16831326542755
SLC5A5	0.168197472340856
SLC39A11	0.168040988853996
PDLIM5	0.168009511894344
CLTB	0.167984495760988
MLYCD	0.167976845263772
PET100	0.167828600842846
DEGS2	0.167803581113256
UBXN10	0.167801911872938
PCDHGA9	0.16761912951594
SLC7A5	0.167439950026057
AMD1	0.16739768357489
HDHD3	0.16738430504774
CFHR3	0.167378758179407
LRP2	0.167213884983017
METTL24	0.167209423628921
MXRA8	0.167175246488296
RPLP0P2	0.166984750650976
PCDHA12	0.166611119630829
ARIH2OS	0.166536814768601
PRSS46P	0.16646324876534
TIGD3	0.166459824198113
TFEB	0.166413754360294
METTL6	0.166402383979992
MAPK14	0.166310365596435
RPL32P16	0.166301747909723
GOLGA6C	0.166185768034089
EPC1	0.166157375659601
MYL12BP1	0.166074047202246
TAF1B	0.166026518007867
CDT1	0.165896238800047
UPF3B	0.165819433599744
EBF1	0.16565501162417
GNB5	0.165655005515009
LGALS9	0.165645852748323
SYNRG	0.165641838784581
ZNF300P1	0.165497182417261
DHRS7B	0.165298546537416
MCM5	0.165277868016969
TATDN2	0.165269862375576
SLC34A3	0.165105016643652
RNF144B	0.165081572924123
COPS9	0.165079522049309
ZER1	0.164873960125674
FLCN	0.164765762756454
ODC1	0.164737573019531
RFX5	0.164670676630847
SLC4A5	0.164577838505527
ZNF667	0.164551336342482
ZNF321P	0.164280591813588
CCDC102B	0.16420499763877
MRPL9	0.163879123163352
BRI3	0.163647982896419
HBS1L	0.163542797661675
MX1	0.163425782901613
FUOM	0.163337324904146
PLCB4	0.163210406360924
DIO3	0.163157587298267
PDE12	0.163122240734443
CLTCL1	0.163048367869318
SPATA7	0.162722419026818
ALKBH4	0.162677643260986
PTGS2	0.162579878780569
NUTM2B	0.162462387572386
SKA3	0.162418224196831
CADPS	0.162232147959478
TMEM50A	0.1617446564135
DHX29	0.161676113603438
NMUR1	0.161394027778168
RPL7L1	0.161378700593324
CIMIP2B	0.161349063511497
LRP2BP	0.161260243174767
RAET1K	0.161202416589686
ZFAND4	0.161199833788015
PA2G4	0.161191405582869
NLGN2	0.161116466967336
PTPN2	0.160960354065402
PARD6B	0.16070678374541
BABAM1	0.16068352260262
MRE11	0.160627796968247
PNO1	0.16049234243873
THAP6	0.160468040759498
SMIM32	0.16001306917148
MAGEE1	0.159978604339993
SH2D5	0.159968201520615
MSH4	0.159952181863302
AP1S1	0.159787916997333
H2AC14	0.159786110563505
NPDC1	0.15956529489996
EEF1A1P16	0.159469504231281
MEGF8	0.159269986748666
RBX1P2	0.158782029456476
LMBR1	0.158530094873673
THAP2	0.158471765545798
SVIL2P	0.158408144873446
DNAJC17	0.158312107886082
HBQ1	0.158150172776713
SNORC	0.158087670364709
COA6	0.158016148451843
CDO1	0.157867166801013
MOK	0.157865994519953
AP1M1	0.157831891021102
TGM7	0.157776080483827
FBXO27	0.157759700703068
TMEM131	0.157735816413509
ATOX1	0.157672811423294
COA4	0.157455879930825
RPL7AP6	0.157313994012498
GPRIN2	0.157276642336955
SSBP3P1	0.157156388089698
PPM1B	0.156975745178785
PGLS	0.156963824261874
KHDC1L	0.156933494926796
NDUFB1	0.156853340000966
EMX2	0.156833581329861
SLC35B2	0.156788081276517
DTNB	0.156713873188526
NEDD4	0.156541138375179
CCL2	0.156536852366224
ENPP7P5	0.156436994911868
B3GAT3	0.156365448936419
FSTL3	0.156252700211601
JOSD1	0.15616411122725
H2AC7	0.156112118179764
XRCC6	0.156098721611776
CBX4	0.155796407041291
APELA	0.155643885625355
PLEKHF1	0.15555202633572
PYCR2	0.155441568193256
RPL36A	0.155343405791934
HMOX2	0.155300470635169
ANKMY1	0.155128450937752
RASGRP1	0.155096568571853
FTSJ3	0.154990068478469
PPEF2	0.154983417413478
INO80C	0.154903227354284
TMEM221	0.154842977402223
H2BW3P	0.154816574562623
RAB27A	0.154734749060586
CKMT1A	0.154715173228973
HERC2P8	0.154713134489652
VWF	0.15463176369039
DAPK3	0.154336569927176
AGAP5	0.15424932721105
SEPTIN7P9	0.154195024884543
POLG2	0.154124539780368
DDX49	0.154084109463356
ADM	0.153900217386969
PPL	0.153884319863718
ZC3H11B	0.153699063367702
EIF4BP3	0.153663107296743
POGLUT1	0.1535457365613
PLCB3	0.153463615269467
SUPT5H	0.153260648632852
MAP2K7	0.153201878698545
TMED10	0.153134921582538
ZNF749	0.153070772283369
THAP7	0.153055544257321
GSK3B	0.152805827406487
WDR93	0.152341321664619
PHTF1	0.152252968799439
CANX	0.151962481225686
FRMD4B	0.151917738631984
KCNK13	0.15187070495853
CHCHD3	0.151800765268007
TST	0.151543254980856
TNRC6B	0.151407833241001
ARSJ	0.151218963781951
ZBTB24	0.151157761067677
HRH1	0.15115286840471
XPNPEP1	0.151126231398416
AGAP12P	0.150934982252988
TCEAL8	0.150814792071931
SART3	0.150794376699266
CDH10	0.150725405721708
HOMER2	0.150609118975042
PGM3	0.150560546883883
ADRA1A	0.150335987992627
COL3A1	0.150266926971433
FAM98C	0.150194255931978
CHPF	0.150166042779716
FBXW7	0.149615411900087
SIGLEC15	0.149585606605154
ENTPD7	0.149569546772052
C14orf132	0.149413425150986
PIK3R2	0.149287908160808
ARMH4	0.149171244100698
TBC1D15	0.149108629823877
UBE2FP1	0.14905717089101
KRT18P15	0.149038462497118
SRP68	0.148805890851616
RNF121	0.148793755529443
PXMP4	0.148793422331437
TMSB15B	0.148693598510085
NEK1	0.148667363363868
CHERP	0.148631312157206
MYBPHL	0.148446154417966
SUOX	0.148438835201994
TERF1P5	0.148375255590627
FPGT	0.148262121934517
SPICE1-CFAP44	0.148199573073485
SGSM1	0.14813134097712
NUPR1	0.147951164364807
EIF1AY	0.147695920639386
PPM1M	0.147677751185267
RFLNB	0.147442364827699
ZSCAN26	0.147310255341258
IFT27	0.147140282577609
TSPAN31	0.147071781656135
TPM4P3	0.147012118111478
SAXO2	0.146911977834911
RPL36	0.146889501085311
PADI2	0.146854862840656
LPCAT4	0.146846002183662
TUBB8P7	0.146676927593343
B3GNT8	0.146395905699512
YIPF5	0.146380540641375
TDRP	0.146257451640845
ENPP4	0.146069236976392
EIF4E2	0.145920459698063
SMIM38	0.145906089441736
LRRC4B	0.145715113541771
MRPS33	0.145662304337625
LYPD6B	0.145612730955001
PRSS36	0.145584556329685
TEN1	0.145406034948368
RPL17P39	0.145329037997263
ATP13A1	0.145303700960272
KCMF1	0.145188700326109
TADA2A	0.1451303598855
TARS3	0.145127270473467
C1orf167	0.145030508601287
LPCAT1	0.144953479880746
ANXA1	0.144921689547807
HMGB1P5	0.144840451522793
IMPG1	0.144821476243268
PTMS	0.144747527613425
KCNJ10	0.144725281985136
BZW1P2	0.144711984427161
NPIPB10P	0.144711115211182
H2AC6	0.144412824644479
SNX3	0.14434457211046
CITED1	0.144328883564744
TTC13	0.144238396674378
HINT2	0.144180377934187
TP53BP1	0.144101149549232
PVRIG	0.144019571251536
FKBP1B	0.143862742381961
LAP3	0.143749001956473
COX11	0.143652337861426
ME2	0.143587928187777
AGAP6	0.143506321510297
PSIP1P1	0.143261531677815
MORF4L1	0.14317715964002
P2RX5-TAX1BP3	0.143082760807687
FUZ	0.143068453002302
GTPBP3	0.142960514050522
CSTF1	0.142870820833952
SCN3B	0.142817393158041
UQCC4	0.142782005035194
PKP2	0.142769852934139
NCL	0.142553709167405
RFC1	0.142525531988246
RNPC3	0.142450790302935
KCNAB3	0.142291228141169
MEIG1	0.142144334408924
PNMA8A	0.142074887825943
WBP1LP2	0.14205278121011
PHEX	0.141965595889923
WDR53	0.141900705229325
USP12P1	0.141883895018399
NRBF2P6	0.141718613700266
CYP2C8	0.141642911341667
PFDN2	0.14152061952042
SLC5A12	0.141456151685481
PIGM	0.141341283713778
NDUFA12	0.141324383028387
EEF1G	0.141311817868264
LMNB2	0.141026078885957
FAM83D	0.141020006892211
GOLGA6D	0.140984651743425
GBA3	0.140947322667891
LSMEM1	0.140831236160657
MAK16	0.140783260021606
SH3GL1P2	0.140728844807004
NRG1	0.140642601166377
BCL2L15	0.140551828886843
C3P1	0.140540397880984
PPP1R1A	0.140206192833877
PKDREJ	0.140127258571137
ACTG1P3	0.140040713008021
TUBGCP5	0.140022182382611
EEF1A1P8	0.140005652303106
PIEZO1	0.139943738184137
FUT6	0.139942985133529
STRN3	0.139936282609776
WASH6P	0.13980411257421
TADA1	0.139531694396103
CSTF3	0.139439442193965
DPY19L4	0.139385960777656
SERPINB1	0.139372703916955
TNC	0.139135915590898
NPM1	0.139011928413381
RBM45	0.138990967955268
GRK6P1	0.138944925887885
PSMD11	0.138897952985493
SUMO1	0.138894486902225
TPTEP2	0.138752244522914
PCBP2	0.138724605082951
EME2	0.138702655706241
PI4KB	0.138690240741702
UBE2E2	0.138642689973122
COL8A2	0.138609067670866
GABRA1	0.138563514135308
CHRNA5	0.138527527286285
IL20RB	0.138496132597669
C11orf91	0.138312969359017
SELENOT	0.138287250283025
TUBA1C	0.138275395302433
S100A1	0.138182851722784
YPEL2	0.138173389417649
PRMT2	0.138165316124123
NPY	0.138041902558944
TLR6	0.138030963737827
KCNN4	0.137709385049282
GPR158	0.137603810331399
GALK1	0.137553802113072
GMPPA	0.137514293540937
ZNF813	0.137444573476009
HMGB1P31	0.137324700407957
PEG3	0.137060504337493
TXNDC2	0.13701209363349
DNM1	0.136820040887516
SLC6A8	0.136802548728758
TBC1D17	0.136557521452428
REX1BD	0.136382222350605
MAD2L1BP	0.136379373312366
TRIM73	0.136324605098034
PDCD4	0.136310667940988
RADX	0.136112022346216
EXTL3	0.136094628364005
CMAS	0.135831806602277
RAB33B	0.135798820887397
UTS2B	0.135796984776855
RPL4P6	0.135780254447668
MACF1	0.135755794091274
NSDHL	0.135695925019284
UTY	0.135614783224017
RPL10	0.135532575904811
PKN1	0.135528949293229
C8orf76	0.135411795208809
ZNF202	0.135307341509068
YY1AP1	0.13521041136925
PLCH1	0.134858702255273
CUL4B	0.134759561229034
TTC7B	0.134755182281306
KHNYN	0.134741455176566
CEMP1	0.134497712493381
NECTIN4	0.134259185653239
SNHG32	0.134183612994682
TUFM	0.134171733759209
KLK1	0.13415171961512
TRIM80P	0.134125089530923
ZC4H2	0.134084800860204
ITCH	0.134027373749947
EIF3M	0.134021745910372
LRCH1	0.13379636634412
PSMC1P1	0.133628832841708
ADORA3	0.133603542624396
SNUPN	0.133542809478951
WFDC13	0.133436189955696
KHDC1	0.133411770643907
CSMD3	0.133396148768802
AS3MT	0.133373310164831
RAD1P2	0.133343411722261
ISCA2	0.133218210309278
MYDGF	0.133204589488407
PRDM1	0.133076286865563
SLC28A1	0.132934782506746
ZNF93	0.132898463796968
ZSWIM7	0.132876082840479
COG1	0.132697142310465
HNRNPA3P3	0.132694364966948
CLUAP1	0.132683416261134
ZNF362	0.132489596634924
EBLN2	0.132442171430888
ESCO2	0.132260148085334
GCN1	0.132061356195409
ABCA13	0.132021592814311
SOWAHA	0.131648788837173
STK11IP	0.131630253975804
PHKA2	0.131484214836154
ZSCAN30	0.131393882823883
CYB561D1	0.13135613949586
SKP1P1	0.131280485694703
NPEPL1	0.131240532571373
MTPN	0.13115483893173
TMEM68	0.131066775069796
ZNF445	0.131000591781488
SZRD1	0.130904164181222
PSPH	0.13085965280288
RYK	0.130676778953312
RPS26P3	0.130529474690102
CYB5A	0.1305007288211
DDB2	0.130388123009222
GPRC5C	0.130193785625255
DPY19L2	0.130041341883971
SLC16A13	0.129985113523795
RLN1	0.129804597316633
WAS	0.129554176094344
CCR10	0.129465388812017
MAGOH	0.129362160838805
GNPTG	0.129356373215516
FARSA	0.129354932151572
RASGEF1A	0.129261077000794
TRIM60P14	0.128971556739542
PLPPR4	0.128691797396949
SEPTIN7P2	0.128680922725023
SRSF9	0.128642483736267
BEX4	0.128571369117082
TOP1P1	0.128551357316143
LOXL4	0.128330004154391
FSTL4	0.128257538708648
TCF23	0.127807964255121
ERN1	0.127666636268989
NRN1	0.127655397594138
CTXN2	0.127638691779394
ZC3H11A	0.127376436389615
CLUHP3	0.127375941379437
TEX29	0.127283439500592
PILRA	0.127144492463136
RABEP2	0.127005036892755
TPGS2	0.126629261314801
MCM8	0.126584652366859
UBAP2L	0.126438550495971
CHMP1B2P	0.126123154152084
SDHB	0.126014394366286
EMG1	0.126013973281845
ANXA2P2	0.125988585269027
RAD23A	0.125900489528466
GPANK1	0.125840225679608
KCNH3	0.125787503301241
USP17L15	0.125746845156559
GOLM1	0.125690540663646
ZDHHC6	0.125658546960115
DUS4L	0.125586983411426
POMGNT1	0.125555830651856
NUBP2	0.125484679918177
VDR	0.125401156725718
RPS2P7	0.125395600590914
TMEM217	0.125353097713804
PRF1	0.125351932701119
CCNK	0.125333326055985
IFI27L1	0.125105984082207
BLM	0.125089184156595
RFXAP	0.12506969771769
ZFYVE9	0.12485776815223
RPL6	0.12484914253493
DDX12P	0.124829148824424
IL1RAPL2	0.124543967306478
CHID1	0.124501947376824
RPL9P28	0.124397450468214
NANOGNBP3	0.124207927516393
WNT10B	0.124192029400125
LSM14A	0.124186690964355
TTC21A	0.124136861535161
PRR5-ARHGAP8	0.124023730818311
POLR2J4	0.124020500583394
MRPL41	0.124006543924632
GUSBP9	0.12353205161206
RALGAPB	0.123511043673205
SNRPA1P2	0.123494260830306
TP53AIP1	0.123454668226833
CSPG4P12	0.123373537171352
C15orf40	0.123349291056754
SMC5	0.123302907553434
PLEKHG6	0.123247435211421
ZNF773	0.123196014363889
TAOK2	0.123138672749916
OR9H1	0.123119797618525
PSMD1	0.123086861028225
LGI4	0.123063464794315
SPRING1	0.1230580574144
ZRANB2	0.123031944425435
PPP3CB	0.122947966013906
ZNF222	0.122856191943589
TSNARE1	0.122804437783139
ALOX15	0.122706899967918
EML4	0.122675818090063
SF3B1	0.122590574960513
PELP1	0.12247107858986
TBC1D5	0.122444119163428
EEF1E1	0.122390531944654
SLC7A6OS	0.122349386365454
SIRT2	0.122107825505082
HGH1	0.122017038234644
MRPL27	0.12192641522712
TELO2	0.121501839927297
DLGAP3	0.121380859989183
NLRC3	0.121104484851487
MYOCD	0.120777320937613
GJC3	0.120760981408495
TPRKB	0.120757469041165
SPANXB1	0.120606561771323
DEPP1	0.120486713733219
EYA2	0.120429406418222
KLRF1	0.120375369107216
NOG	0.120349299346592
SRRM1	0.120262063819199
CCDC77	0.120165912191625
TXLNGY	0.12010004990829
PCCB	0.120024926014209
FTLP13	0.12000779903101
SMARCC2	0.119999950914585
YTHDF2	0.119973848406468
RPL21P37	0.119904979037641
OR10AG1	0.119687782360861
KLLN	0.119680967045732
G2E3	0.119586077812417
ASTN2	0.119243874738271
FERMT3	0.119181692264151
UPF3AP1	0.119170691786611
UBP1	0.11917007913615
IGLV1-51	0.11903357181472
MRPS31P2	0.11900708923737
EML2	0.118825576221034
OXA1L	0.1188061484388
XPOT	0.118502397577488
SLC10A4	0.118314577142334
GNAQP1	0.118157536549549
VWCE	0.118073745040934
ERP29	0.117996248028574
CELF1	0.117950491567471
ENTR1	0.11785419326042
PSCA	0.117774570855682
ZFP91P1	0.117685560012442
CALHM6	0.117610621711286
EFCC1	0.117593374577185
SPATA17	0.117453092077868
ALB	0.117322107444221
CTDSPL	0.117171982751561
DNAAF1	0.117109741139321
ZNF575	0.117100342838395
IL17RB	0.117054071201738
PXN	0.117033292804969
TAF8	0.116977228902711
FOXL2NB	0.116971331548493
TIMM29	0.116958679321468
PRR14	0.116943527709745
CD86	0.116771279390455
SLC9A1	0.116696421893787
B3GNTL1	0.116376750858446
SLTM	0.116370827148241
CRELD1	0.116301202033409
CCDC17	0.116294361379873
BBS9	0.116192223129389
SLC44A1	0.116140358114209
ABCC12	0.116130004198494
FER1L6	0.116121184070717
SAMD4B	0.115985449791743
DENND4B	0.115945777773303
HENMT1	0.115809904898853
COMMD1	0.115444540398355
THNSL2	0.115387271799347
FTCDNL1	0.115255049556651
TREH	0.115216405591288
RFX2	0.11486057359374
GCLM	0.114828622316663
REXO4	0.114697703551906
CCNF	0.114672590902734
PRTFDC1	0.114526795064506
PMS2P4	0.114460646982564
LCNL1	0.114312279061377
CFAP45	0.114268207767594
ZNF574	0.114182725963731
COPZ2	0.11415904899425
ZRANB3	0.114082263242044
ZNF141	0.114061422305097
SRPRB	0.113915939055614
RNF43	0.11369662212263
TSPYL4	0.113680346381895
NEUROD4	0.113607556131726
NPIPB8	0.113535422210371
TMEM214	0.113356270214499
ZNF354A	0.113327708070025
SEC61A1	0.11316249506841
ATG7	0.112860575718762
CLVS1	0.112838475164894
FAM174B	0.112702585063933
PCNX4	0.112696962920417
GDPD3	0.112579611792947
NDFIP1	0.112561859016759
SLC24A1	0.112538469658779
FCHSD1	0.112456482230695
OPLAH	0.112439095125359
PLEKHF2	0.1124087252707
MRFAP1	0.112343724111529
RPS3AP47	0.111956878990034
SPATA6	0.111942897737718
BIVM-ERCC5	0.111875426020944
MYT1	0.111844429992783
WRAP53	0.111640926735015
ZACN	0.111439762416244
CSK	0.111400230623167
CAMTA1	0.111042828840923
COL15A1	0.110921558670109
SERP2	0.110789746261479
RBM5	0.110706890967088
IL32	0.110691623663962
LSM12	0.110660203012019
ENO1	0.110383966318668
BTF3	0.110383877649662
ADH4	0.110315929686331
SMYD3	0.110270930042119
ARHGAP32	0.110242555499025
PITRM1	0.110174099733002
ISCU	0.110165168766861
RCBTB2	0.110015291026582
TRADD	0.10992817489565
MED21	0.109802984437682
BCAS1	0.10970698883448
SMOX	0.109582794491073
FRK	0.109567350813439
TFPI2	0.109304024979134
SELENON	0.109213978444688
TAF5	0.109145197253175
SHB	0.109100313602229
BBS10	0.10906459618385
ACAP3	0.108984043074713
GAS1	0.108631653994291
PCSK7	0.108592252938779
SPINT2	0.108495398767972
SLC35E1P1	0.108442084755978
ZEB2	0.108368436734644
C9orf72	0.108163891140251
SPATA31A1	0.108128212950629
EPOR	0.108123850262457
MICAL2	0.108099718943306
DGKI	0.108054408756713
RPL7AP66	0.107857855756803
CBY3	0.107817437353667
PSMA4	0.107780199948303
ITIH4	0.107766112469125
SYN2	0.107684321545981
RPS9	0.107655295854986
NABP1	0.107645536487206
ASAP3	0.10764206119884
SCFD2	0.107481648999678
GUCA1B	0.107278587885419
ZBED5	0.107128302102148
RS1	0.107078045769244
ENTPD5	0.107072686480785
MED25	0.106781911454119
TMEM132A	0.106670307278174
RAB26	0.1065016093146
ZNF586	0.106463938540176
DCLRE1C	0.106272259762031
OXR1	0.10625722774562
EN1	0.105968176125874
CCDC157	0.105717321924768
RTCA	0.105710509361931
KPNA4P1	0.105480573822344
CDR2L	0.105479525300981
RGS7	0.10545332176709
TCERG1	0.105449545853985
GDF15	0.105363936445044
CNTROB	0.105213784984617
H2AC20	0.10508296357245
TAF3	0.104881555827194
KLK12	0.104860419763668
OGDH	0.104751862709277
ZBTB26	0.104682736514573
LTB4R	0.104187435760333
DCAF15	0.104119315096681
HSPBP1	0.104083032619546
MBD1	0.10407856377936
SKINT1L	0.104039344606507
HLA-B	0.104014949717987
BLMH	0.10385291200404
DNAJC10	0.103716666391735
SNX18	0.103677627796339
TXN2	0.103650112348019
ZFYVE27	0.103626475920475
KRBA2	0.103517482534113
APBB1	0.103511188023541
SLX9	0.103495341508811
HSPA9	0.103459345822726
DHX34	0.103438205640932
TNPO1	0.103392183885348
PNN	0.103347515499555
FBXW12	0.103337680521295
SLC6A17	0.103200518710355
RPL29	0.10307327349496
VDAC2P5	0.103006085396557
PTCD2	0.102960760533236
SLCO6A1	0.102771304508957
DRD5P1	0.102748514675506
SLC50A1	0.102655557360079
ELAVL3	0.102596700010771
FBXL17	0.10257279612846
GREB1	0.102505603375953
C21orf91	0.102461874017539
RPS2P55	0.102437628500084
OR5H3P	0.102312691753276
ENTPD4	0.102269155886946
CHST14	0.102017022533018
TAF4B	0.101917006465246
HAUS4	0.101681753877988
ZMYND12	0.101527970759569
CLIP4	0.101430963247909
TM6SF1	0.101126978017798
DRAM1	0.101124190011986
SLCO1C1	0.101042425532549
CNBD2	0.100888621758047
RWDD2A	0.100882202606484
DPH2	0.100827779712247
SCAMP4	0.10080184983359
CNDP2	0.100624261479641
SAXO1	0.100582745527318
ZC3H7B	0.100511218652193
ROM1	0.100478745988523
ETFDH	0.100395165468887
NLRP3	0.100224809989866
MTREX	0.100192741131074
PFN1P1	0.100173405153018
TBC1D7	0.0997142038576768
DEPDC1	0.0996925315134523
POU2F3	0.0996743165146049
LRRN4	0.0996528662476186
ATP5F1A	0.0994961656656254
ZNF174	0.0994595442360474
B3GAT1	0.0991440922887113
H2BC6	0.0990920253135341
CRYZL1	0.0990349848980666
BLVRA	0.0990143193872446
SNW1	0.0986825514880809
RENBP	0.0985188171645796
ZSCAN4	0.0983542988295788
SLC6A13	0.0981811654164955
C1QTNF9B	0.0981283493593993
DYSF	0.097988386802849
KIF23	0.0978841583144762
RPL21P53	0.0978678998023196
LAG3	0.0977980505908738
ZDHHC18	0.0976724685046775
ABHD16B	0.0975996957579784
MPDU1	0.0974864478356978
ABCE1	0.097379280249199
USP35	0.0973782477922462
ZKSCAN2	0.0971642098465893
KLK13	0.0971257565193379
OSBPL7	0.0970970110262939
REXO2	0.0970635466666311
TNNC2	0.0969713238242374
C9orf40	0.0969386924646228
ACKR2	0.0968277841216214
RPL6P27	0.0967467556749735
IFT88	0.0965189720972774
RNPEP	0.0964793940643062
HJV	0.0964213570781957
PRPF6	0.0962986220955969
SRPX	0.0962941955622934
RCN1P1	0.0962727596184487
RASSF6	0.0961307781303053
MIA-RAB4B	0.0961248142146641
MRPL3	0.0958660556552318
ART5	0.0958552381643095
NRF1	0.0957125317397874
ALX3	0.0956857807809278
H3C3	0.0955580113809003
GLA	0.0955510033149906
RETREG3	0.0953228264786645
CC2D2B	0.0951531015791113
CCAR2	0.0951004907355476
TTLL12	0.094982541251616
ATP5PO	0.0949334401101363
CEP85L	0.0948807254957924
EIF5B	0.0948695836562946
CDCA5	0.0948180514717259
GARIN4	0.0947130303463312
MRPL45P2	0.0943957524229581
ACTR2	0.0943676532457558
IZUMO4	0.094070934621604
PRSS53	0.0939449759306301
TRAFD1	0.0938518120680358
RRP7A	0.0936133494204471
FAM193B	0.093584438773789
DPRXP4	0.0935653280214935
PDSS1	0.0935522749042732
C1QBP	0.093430555485163
CALHM5	0.0933174654615749
NWD2	0.0932261561725449
SLC1A1	0.0930132827908114
PNMA6A	0.0929739288925453
ERC2	0.0929427125432155
DDX12B	0.0929166722530803
FTLP12	0.0926032138984862
PSMC6	0.0925518853133246
RALGPS1	0.0924710993368155
IBTK	0.0924085335240072
SLC11A1	0.0924046749435811
PRKD1	0.0923996942690704
FAM83E	0.0921756289135519
CYP4B1	0.0920664761099027
ZNF285CP	0.0920041189993418
FOSB	0.0917674059530433
ST6GAL1	0.0917044379100459
AARSD1	0.0916983254040132
VPS45	0.0915435634159782
CBX1	0.0914095186856378
POLR2F	0.0913555481874505
H1-2	0.0913271654364373
LRFN3	0.0911945870917928
ESS2	0.0911429269233891
SEC63	0.0910505007413605
STK36	0.0909181041787505
BFSP1	0.0907544857765132
PLAGL2	0.0906699969348322
KSR2	0.0905516967275094
ISY1	0.0902848034460492
FHIP1B	0.09021148221082
MRPS15	0.0902005081301293
BTNL8	0.09013082126505
NEMP1	0.090122505358838
CD300A	0.0900050771365181
USP9Y	0.0895530968860952
RWDD1	0.089418300833687
TMEM140	0.0891895709691528
ZNF276	0.0890905586562159
WBP2NL	0.0887931222931511
SCAND1	0.0887042689716249
EFCAB10	0.0884882370238939
CDCA2	0.0883446119875935
ZGLP1	0.0881883623495626
TSSK1A	0.0881865138348542
APOLD1	0.0880702773199395
F2RL2	0.0877598491371523
PARD6G	0.0877010694904583
PARP2	0.0876883344811335
FKBP1C	0.0876510779846283
VCX3A	0.0876019844726369
RPL35P5	0.0875670277081965
KRT18P59	0.0874988639314192
DOCK7	0.0874371883298359
RPS2P32	0.0873312736098859
FBXO41	0.0872219536995397
LTB4R2	0.0872168467650289
APBA1	0.0870842680244791
ZNF41	0.0869507955497663
G3BP1P1	0.0867554182068853
MYH14	0.0867014352938068
VPS72	0.0865800549421734
GALC	0.0864191396650789
C11orf96	0.0863917733916405
RCN1	0.0862593336373832
PMP22	0.0861929301809433
SCAF8	0.0861568957094963
C14orf93	0.0860405746503369
TMEM45B	0.086028101419444
DAP3P2	0.0859935597566726
ZNF598	0.08575975740684
VTI1B	0.0856991727925413
HBEGF	0.0856187813868394
SHLD2P1	0.0856142545955508
GOLGA8A	0.0854897548197411
BAG2	0.0854872278865769
MRPS17	0.0853843675730868
GTF3C1	0.0851137789753527
IZUMO2	0.0847920321070921
ZNF646	0.0846711964634012
SMURF2P1	0.084511535996866
TMEM65	0.0844601005328335
CTDNEP1P1	0.0844532813219798
CKM	0.0842804836120602
SH2D4B	0.0842135719425052
CERS2	0.0838671565756669
HBA1	0.0837019588833023
GNA13	0.0835893171546835
UBR3	0.0835677136249861
NPTXR	0.0834600302030785
DENND5B	0.0833122042565932
OR2AG2	0.0832320459804973
RPL7P39	0.0831245258236478
SNX1	0.0830972071898834
DCST2	0.083063573476583
RPL3P4	0.0830574458778706
SLC26A2	0.082986020953424
DRG1	0.0829704496023145
DDOST	0.0829610626782361
SLC52A2	0.0828821722235599
ZSWIM5	0.0828121734199376
CFHR4	0.0827445951871967
CRB1	0.0826655969338652
HSD17B7P2	0.0825630200082701
SLAIN2	0.0825415478117077
PRKY	0.0824496763001079
SEPTIN14P19	0.0823894431703018
CHD2	0.0823587174409894
ATP1A4	0.0823187431973455
MRPL22	0.0822606842011275
ANKRD13D	0.0821637879715366
DUSP11	0.08213634420249
DIS3L2	0.0820566457972169
RPS3AP38	0.0818630196159197
CLEC16A	0.0818207189207935
ZNF416	0.081671287307112
SLC9A6	0.0815001512601405
S100A9	0.081454105251611
TUNAR	0.0810837118964778
PSMD6	0.0809640599504976
EDARADD	0.0809300133710102
ST8SIA5	0.080903478520308
TUBG1	0.0805925347537063
CD55	0.0805126367396282
NFAT5	0.0805089267457107
NF1P8	0.0803007558988899
RHOA	0.080187041669038
NSMCE4A	0.0799690405575758
LHFPL5	0.079959878050992
BAG3	0.0799585069028667
C8orf48	0.0798633928839368
CASP10	0.0798398871036441
GRIK4	0.0797791216402527
COG4	0.0797250036975172
CD83	0.0794850118001429
WASH7P	0.079412554629224
ARID3BP1	0.0794079833739119
ZNF285DP	0.0793890300661063
TAS2R10	0.0793873195338369
LAMB2P1	0.0793382164689446
DVL2	0.079315249245506
SH3RF2	0.0792973305342562
ARID1A	0.0791465629564214
UBBP4	0.0791112793784607
ZNF594	0.0790394502601877
MRPL44	0.0789893159616576
DNAJA3	0.0788578128141213
LONP2	0.078797778547004
BRPF3	0.0787150024542012
PSAT1	0.0786578344374232
MEIS2	0.0786197051910285
CENPA	0.0785915571528891
ANK1	0.0785164470955013
PAXBP1	0.0784988828468038
DCDC2	0.0784889177044811
FUT11	0.0783253231370857
GALNT12	0.0781445778139279
EXT2	0.0780526865252752
KCNJ12	0.0779762144401235
TXNRD1	0.0777973289581549
DNAJC24	0.0777247944860691
LRRC2	0.0776855196029694
TMEM176A	0.0775787590090135
SPPL3	0.0775297087169621
DCUN1D5	0.0772838605708211
NALF2	0.0771756741398014
CKAP2	0.0769059513538908
HPS1	0.076765765798415
NRL	0.0767307671459337
ZSCAN20	0.076637802400638
DAND5	0.0765451794844167
EVC2	0.0764881818891235
FIBP	0.0760929809138153
RAD51B	0.0758555489837985
NEURL4	0.0757200517203683
ZFTRAF1	0.0755841702639022
NPY2R	0.0754202853240861
DSG2	0.0752520510957617
ZNRF2P2	0.075232467918356
TRBV20OR9-2	0.0750699565716656
ZNF511	0.0749929879967267
KRBOX4	0.074955126689768
TPM3P6	0.0748863418127672
RPL10P9	0.0746970017801986
CFAP97D1	0.0745839783638918
GATC	0.0745604410227311
LYAR	0.0743805721545616
STK16	0.0743709496686086
MMEL1	0.074252908459279
ZNF143	0.074187146468348
OVOL2	0.0738923366162468
SHARPIN	0.0738732812111044
CPT2	0.0738024620887815
WDFY2	0.0737362978395831
NRG4	0.0735936916074193
ATAD3A	0.0735685221310542
NDEL1	0.0735362652854528
ALOX5	0.0732282743613047
GSTA2	0.0732205681003906
ALG11	0.0731449501273635
MCFD2	0.0731339299491225
SULT1A1	0.0730984010382674
PPP1R15A	0.0730309168955263
OR2L2	0.0729248376219367
RPL7	0.072857935993962
SERBP1P6	0.0728104950487845
B4GAT1	0.0725270075334198
SSTR5	0.0725191110826411
GBA1	0.0724908880079686
BRD8	0.0724500609405346
PPP1R3E	0.0722630180475684
PRSS43P	0.0722283759069292
HNRNPA1L3	0.0721711847226114
CYB5R1	0.0719849638232011
FAM169A	0.0717095532741241
GNB3	0.0716549523479541
ABHD17AP1	0.0714775919281264
TAS2R14	0.0714207480442546
TRIM41	0.0713711103004069
COLEC10	0.0709661040571439
VDAC3	0.0709331648710823
C19orf44	0.0709204625823334
TMEM150B	0.0707989960770325
PLIN1	0.0706296707342434
DNAJC13	0.0706208224680064
MYO1G	0.0705994323268875
SH3RF3	0.0704195737024736
ANAPC1	0.0699650251871076
RPL23AP53	0.069796925245715
PDCD6P1	0.0696416549849789
CYP46A1	0.069439091934348
PDXK	0.0694207539618717
APEX2	0.0692757837980458
METTL17	0.0692382605136197
COPS7A	0.0690162479469607
KRCC1	0.0689738005173949
DTWD1	0.0688048366606787
KLHL41	0.0687708251455832
MGME1	0.0687696833193574
H2BC5	0.0687614860940682
HECTD2	0.068739100881619
CORO7	0.0686474054217517
CKAP4	0.0685384253029924
RAB1A	0.068485175717246
ARPC4-TTLL3	0.068463823663121
NMRAL2P	0.068416837457634
C3orf52	0.0683980998239394
TMEM72	0.0683762554521353
MKRN7P	0.0683241908833468
CD8A	0.0682817410782381
KIF9	0.0682656704165989
CDIN1	0.0680273530820269
FAM53A	0.0679292995499958
ATF5	0.0678859295546141
CYTH2	0.0677265732186246
COX10	0.067655434360481
PLA2G4F	0.067561753054179
SRSF5	0.067542504444297
EEF2	0.0675047988645354
CYP39A1	0.0674846435886177
PCK2	0.067386246562965
NSUN5P1	0.0671891922396949
ATRN	0.067142864444016
C2orf80	0.0670971009368791
IL2RG	0.0670868317653819
MYOZ1	0.0669748151124282
LENG8	0.0668277024512667
CHODL	0.0667764032345542
BIRC3	0.0666130290070088
YKT6	0.0665759726457698
RPS24	0.0661988008320216
POU2AF3	0.0660275651663579
IVD	0.0659981540193958
CA14	0.0657757634720511
ADCY9	0.0657625874531992
OARD1	0.0656507592186355
POLR2J	0.0656297790663107
LZTS3	0.0653633155531929
UBAP1L	0.0653610053393582
ATOH8	0.0653600414692857
CCNG1	0.0652900764854015
CACFD1	0.0649052593562087
ELOCP19	0.0648655950306325
SPMIP4	0.0648402826370148
SERPINB7	0.064812313970419
ZNF286A-TBC1D26	0.0645984852893111
JTB	0.0645101972457375
RPL10P16	0.0643984989285196
EEF1A1P24	0.0642759785534525
FGF7P3	0.0642702000716528
ACSM6	0.0641755400407289
MROH1	0.0641192847354596
STK25P1	0.063983928664915
SOX10	0.0637946296920217
FYCO1	0.063786262977594
KIF22	0.0637808275622031
UBAC1	0.0633725286360222
RPS4XP16	0.0632857376379309
PGM2	0.0631596498657038
FOXD4	0.063124165898114
GLUD1P3	0.0630245499345371
EBF4	0.0628422447346835
ZCCHC8	0.0628147287761427
C19orf18	0.0625874588604946
NUTM2G	0.0624941006635539
NPY4R	0.0624545453293039
ARNT2	0.0623772183770313
CAMK2N2	0.0622386035236548
PSMB1	0.0622048285334671
QNG1	0.0619304735270959
GABBR1	0.0619135619141811
SH2D1A	0.0617714269824884
CTBP2P10	0.0617579468105171
POMK	0.0617233988837032
CD81	0.061570321785078
NFATC3	0.0615694675221751
PSMA2	0.0614806669371114
CDKN3	0.0614069839828463
RPL5P30	0.0614013592388113
CSH2	0.0613508343812086
PSMB10	0.0611508950984466
LASP1	0.0610589373168045
ANOS2P	0.0607169567548901
TYSND1	0.0605251288505181
TCHH	0.0601416876557527
ARIH2	0.0600868050567413
RPL10AP6	0.0600841196180175
HNRNPA1P35	0.0600401496081679
GPCPD1	0.0599663768435253
SDF4	0.0597298334445505
TRIO	0.059716946206911
RNF212B	0.0597022986614408
TUBA5P	0.0596669184836447
LHCGR	0.0595809089966858
GTF2A2	0.0594461446612516
IDH3G	0.0593757129477266
P3H4	0.0593195351242605
C12orf76	0.0590931604647606
GAPDHP35	0.0590755512693524
NR3C2	0.0590560628916607
CCDC9B	0.0589883284608229
ANKFN1	0.0589434107928021
GRIN2C	0.0589147729040465
SFMBT1	0.0588875518416049
RIPK3	0.0586558713775158
RAB40A	0.0584741280843274
EFHC2	0.0583193186708767
FH	0.0582726238360484
ARMC9	0.0582635992245465
TCTE1	0.0582384004239384
SLX1A	0.0582107598986394
GTSE1	0.0581475348167497
SLC25A22	0.0581033554353644
TBX20	0.0580602920239696
TMCC3	0.0580448803508664
KIF4A	0.0580441517156972
PON1	0.0579310213457201
FNDC1	0.0577898922630304
PSMA3	0.0577766301275017
IMMP1L	0.0574884898645481
SLC16A11	0.0574875676644031
HTATIP2	0.0573957908768254
SRSF11	0.0572217279822957
CBLL1	0.0571869794111292
MEP1B	0.0571433977510494
ERBB4	0.0567866355551613
NPIPB7	0.0566336170231002
CHP1	0.0565480869775444
FERMT2	0.0565223878798221
CAPN8	0.0564184342383704
RPS3AP49	0.0562998201392639
ALDH3A1	0.0560524244870121
ASB3	0.0560330422730309
RPS10P5	0.0559945106706659
SAYSD1	0.0559806314340826
ATP5F1D	0.0558812190063079
RPS2P17	0.0558407405889555
RPL39P5	0.0558067950284634
PMM1	0.055799087568865
UBQLN2	0.0555320920265287
PPP1R35	0.055255648737467
UQCR11	0.055205174886109
STRC	0.0551894882052375
TSHR	0.0551834650889398
MMRN1	0.0550535930165242
MDM1	0.0550055109907321
MED15	0.0549851454215336
SEC22B2P	0.0549652724878952
POT1	0.054896349421884
ANKIB1	0.0548830354951749
POLR2MP1	0.0548721373825791
TMEM248	0.0548275952625512
HECW1	0.0548149956412303
KIF13B	0.0547921648830918
RPL10A	0.0547215510137317
DPY19L2P3	0.0546738989963232
MTATP8P1	0.0545953993277837
TMEM258	0.0545166537869614
TMED8	0.0544515233023942
SLC9C1	0.0544457744558033
DYNLT1	0.0544193834463125
SLC25A37	0.0543246643860683
FAM90A12	0.0543141871860161
PLEKHA3	0.0538774793186826
RAMP1	0.0538504794302423
VAV1	0.0537638977387482
CCDC168	0.0536793813111625
SELPLG	0.0535953006464331
GANAB	0.0535328019208752
TCIRG1	0.0535020397761735
P4HB	0.0533542011796449
GPR151	0.0533120623944505
HDAC2	0.0531537443628654
ITGBL1	0.0531459962484247
ANKAR	0.0530849554448504
TBC1D12	0.0530165796638164
AQP5	0.0529612452633809
HCCS	0.0529569842493124
RSU1	0.0528178683847315
TMEM263	0.0527679146194117
ANXA8	0.0526293150506722
PTPN22	0.052593848178535
STARD8	0.0525882527995568
TMEM79	0.0525696468739676
GUSBP18	0.0525463331574765
ACBD4	0.0524282246442281
NRK	0.0522850607155022
IL16	0.0522335674212569
TMEM256-PLSCR3	0.0521086536796231
ENDOG	0.0519940107247432
RPL21P98	0.0519186303707884
MYL12A	0.0518894206550552
RASA4DP	0.0518871927748054
SLC41A3	0.0518330322151187
NET1	0.0517354890884114
H2AC21	0.0516983876614241
ZNF460	0.0516629520883191
HNRNPUL2	0.0516138952290014
FAM174C	0.0515551392026751
KLHL22	0.0515138682184825
TEFM	0.0514850377861973
VDAC1P1	0.051475585174868
ZNF189	0.0513925045419522
ACACB	0.0511419032900046
CRIPT	0.050689246903964
RGL3	0.0506696061234843
TEX30	0.0505120010300828
SCAMP5	0.0498819799590364
KIRREL3	0.0498739505301608
CD8B	0.0498079647484118
POLR1A	0.0494799537463843
DEAF1	0.0493972044043133
MYCL	0.0493059889152638
ACVR1	0.0492309910801019
PPP6R1	0.0492053126766773
ADAM15	0.0488972303294937
MTND4P9	0.0488959209942856
HNRNPA1P16	0.048894796356294
RPL27	0.0488422333980521
COQ8B	0.0487603674121717
SCAI	0.0487369710665981
NME9	0.0486392688949231
NFRKB	0.0485263174045183
CALHM4	0.0484970589625264
HS6ST2	0.0483947702951191
DAP3	0.0483859359180884
DNTTIP2	0.048140397059826
RPSAP47	0.0480562825390271
GPRC6A	0.0480382989901306
SAP18	0.0480321975241909
ERGIC1	0.0479721909034959
TIMM23B	0.0479268325873829
POM121	0.0477393418034023
CREB5	0.0477337975389065
VPS33B	0.0477012426400492
IFI27	0.0475280441652164
NPIPA7	0.0474916603634196
BCRP3	0.0474637193426049
CTBP2P4	0.0474616777616752
HGD	0.0474024544846536
SELENOO	0.0473187971255196
HRAS	0.0472056673728936
SF3A3	0.0467463578054934
TFPT	0.0466504013799461
PALLD	0.0465574164998024
DNMT3L	0.046514422622021
CAP1	0.0464823292335761
PLK1	0.0464235110087965
RGPD1	0.0462220051768095
GCNA	0.0460926724963615
BAG1	0.0460326024562066
GBA2	0.0459833445547121
GOLGA6L9	0.0456909416874513
MRPS7	0.0456084070353183
NMNAT3	0.0455978493164894
ABCA2	0.045560335538329
RINT1	0.0452986393523993
KLHL9	0.0448852740779586
MTIF3	0.0448474478371207
USP17L6P	0.0448290530165138
GOLGA6B	0.0447313152149904
H2BC12L	0.044580487696351
PHF7	0.0444776938603087
ZFAND2A	0.0443053426841469
SIAE	0.0442555172574151
EDN1	0.0441815504601498
SCEL	0.0439523772341938
DGCR2	0.0437390359058361
UBIAD1	0.0435607811608815
OR13A1	0.0433034153692272
ELF2P1	0.0432988070508922
RPL30	0.0432227415383447
PHYHIPL	0.0432021050247385
ABCA10	0.0431719493825933
TOP2A	0.0430495457884691
TIMM9	0.0429309364799359
ZP1	0.0429101499550493
CHD8	0.0427275200826977
GALNT8	0.0426340789564618
FOXP3	0.0426329163917298
PNPLA4	0.0425453194321021
NUP37	0.0424834480669263
ZNF688	0.0421970123606747
AKR1D1	0.0420924594553424
TCP10L	0.0418746808338891
YOD1	0.0418725785313196
METRN	0.0418354128322998
PLCL1	0.0418288620165328
OSCP1	0.0418250099632613
SLC26A5	0.0417437161423809
PNPLA6	0.041696386229326
USP34	0.0416047189255796
RPL13AP22	0.0412653759409009
PARP9	0.0412650505881176
TBC1D10B	0.0411762808821316
SRSF6	0.0409664778147118
NID1	0.0409610677839354
EAPP	0.0408766524711527
C5orf34	0.040872825874211
ZSWIM1	0.0408066222116436
BRD10	0.0406975053840533
ASNSP3	0.0406712751539687
ST3GAL6	0.0406430276961245
RBM19	0.0405669611895854
CYTIP	0.0405606721725358
BARHL1	0.0404578957688493
CCDC93	0.0403223749437795
ZNF696	0.0402936167010245
RBP7	0.0402860262705124
PFDN4	0.0401301456161299
NAF1	0.0400841077245434
MBD6	0.0400687413798405
ZKSCAN1	0.0399965854022436
CD68	0.0399719677496378
DRAM2	0.0399108581744676
CNGA4	0.0397989467230721
KLHL33	0.0397244307552086
ID4	0.0396511770995653
QRICH1	0.0395714677558847
RAB4B-EGLN2	0.0395557590950038
LIMD2	0.0394178453965442
ATRAID	0.0394022948237212
ERVK3-1	0.039216450847771
UTP11	0.0391768800753618
RGS22	0.0391458278280242
WIZ	0.0391185779744196
IQCG	0.039081633230668
MRPL32	0.0390487478030946
PTRH1	0.039022417955896
H6PD	0.0390133049855736
TBCC	0.038793548610939
GRIPAP1	0.0387058006310098
SLC39A4	0.0385811120086735
POLR3H	0.0385717953041991
ZNF622	0.0385653357147967
GGA1	0.0385249845551418
HMGB1P1	0.0384514614986576
HHIPL1	0.0382874065252064
VBP1	0.0382241710837215
PHKG1	0.0382049841701728
GOLGA3	0.0381377841038203
SUZ12P1	0.0379978568751885
PPP2R3C	0.0379949708594486
NCOA5	0.0379249422525981
ABCA5	0.0379184838796108
FAM131A	0.0378589109106828
HERC2P2	0.0378512083475827
MAGED1	0.0376620067494873
TCL1B	0.0376328712338446
ANKRA2	0.0375471964612501
SNRPD1	0.0374035234558996
PMS2P3	0.0370336947045265
NOX4	0.0368067163151312
GNPNAT1	0.0367690484455014
CLEC3B	0.0365926163959013
MRPL16	0.0363880149836511
RNF41	0.0363776854642872
CCNB3	0.0363549523514994
RPL13AP26	0.036332953972386
OR5H5P	0.0360337502935622
MT1IP	0.0359760499970983
ZCWPW2	0.0359747701460435
KRT18P5	0.0357203167784487
INTS12	0.035687118906665
BRDT	0.0356823922021829
PRDX1	0.0355485053744238
NOTCH2NLC	0.0355063669977405
NUSAP1	0.0354479885806934
MFAP5	0.0351486228134498
MGST2	0.0347988563206358
C11orf16	0.0347921000342974
ZWINT	0.0347653624958733
EMC3	0.0346580469324642
CCT6P1	0.0345179320767882
ST8SIA2	0.0344622179426034
PANK1	0.0341032829430575
THAP4	0.0340588269076345
MYH10	0.0339925031173206
RANBP6	0.0339128566498994
TLK2P2	0.0337878615503356
CDCP1	0.0336860141862057
ZBTB17	0.0335268747235403
ZNF410	0.0335034721094682
CEP57	0.0333222287681071
FLRT3	0.0333183429319492
HILPDA	0.0331265920642606
C21orf58	0.03307554361102
NGRN	0.0330512243336973
NTMT1	0.03292214314867
AKIRIN2	0.0327688041675088
STKLD1	0.0327390787837931
GPR107	0.0327148363038642
C19orf12	0.0326681059878579
CCL26	0.0325606452687806
SMG1P4	0.0325591204378927
GDPD5	0.0325404534795898
MBTD1	0.0323646870176859
RPL3	0.0321859615052416
CHMP2B	0.0321400755251892
M1AP	0.0320988205778688
C1orf56	0.0320486753543778
MCM3	0.0319944545245126
TIAL1	0.0319354535750674
SPDYE21	0.0315640802116061
LRR1	0.0315181129785936
STK25	0.0314996367963036
NRDE2	0.0314654066430317
PPP1R8	0.0313871082200167
MUTYH	0.0313524530561998
ELL2P1	0.0313168763509989
NOMO3	0.0312965615840318
ABCB8	0.0312738240482759
ADGRA3	0.0311934803019626
NTNG1	0.0311343917042551
RPS20P14	0.0310888948851033
ARHGAP5	0.03106775902435
EPM2A	0.0309187983829369
WDR54	0.0308507137066636
DDX28	0.0307531262200826
AZU1	0.0306783662527945
MAP6D1	0.0306300390283523
CACNA1I	0.0305981895947237
CENPN	0.0305571070031792
TSSK6	0.0304488022322387
EML5	0.0303587209434061
HAL	0.0302541519941876
TMEM272	0.0300704238398737
PALB2	0.0299516727291158
CHORDC1	0.0299474840471156
ROPN1L	0.029881472269136
KDELR2	0.0298558629087879
EPCAM	0.0298226046202655
GLRB	0.0297606995884828
KCTD18	0.0297223422561476
MANBAL	0.0297211087871158
C2CD2	0.0296751778833705
OR52N4	0.0296751721818891
KLHL3	0.0296525981099471
CACNA1A	0.029566257083044
EPM2AIP1	0.0295344297539985
PRRT3	0.0295302066139782
GBP1	0.029417002881891
C11orf21	0.029232988179422
CDK5R2	0.0289609572124558
KCNC3	0.028927026263295
IL17REL	0.028874550589232
ZNF695	0.0287213356992322
NPIPB2	0.0286931771804592
EIF1AXP1	0.0283197391264432
DDX10	0.0282286362687241
PLAC8L1	0.0282147189099829
HRH4	0.0282058111323684
RTN4	0.0281717406798825
PHB1P4	0.0281175148617698
BRICD5	0.0280468674335475
KMT5C	0.0279705587209792
CPA4	0.0278481260794736
LZTS2	0.0278127281814731
FOXF2	0.0277679983456562
NT5DC1	0.0275606688383725
FARP2	0.0274575615443262
GPC1	0.0272728905422381
FAHD2B	0.027268424117942
DEGS1	0.0271680114110356
ZHX1-C8orf76	0.0270653032462665
GZMM	0.0270489722721553
GTPBP6	0.0268942433700374
EHF	0.0267822663097631
MGAT5	0.0266539996369418
H2BP1	0.0264672954268834
PKD2	0.0264115151787673
NEB	0.0263824494572635
RNF213	0.0262074591627196
PUS7	0.0261985614892317
BMPER	0.0261528927165569
ARSK	0.02607841290459
ORC2	0.0260407745724056
IMPDH1P5	0.025964464707261
RBM23	0.0259596705128585
NOD1	0.0259218580418136
TAPT1	0.025726668279165
FBXL7	0.0257171965638612
ELP6	0.0256799621458211
ARHGEF11	0.0256680095730846
RPL9P7	0.0256413375456968
YWHAEP7	0.0255807087159587
PRELID1	0.0253697224994077
RPLP0P6	0.0253065295547119
DCUN1D3	0.0252972884485324
EXD3	0.0251831621211898
SMARCD1	0.0251040340800165
HAP1	0.0250334326515886
BPHL	0.0249706369887416
H4C14	0.0249618461751551
FAM124B	0.024960491927266
RANBP10	0.0248479580065614
PLEKHA6	0.0247356325556912
SLC25A3P1	0.0247121365182265
RHNO1	0.0245995942360736
DRC12	0.0245923448387068
C17orf100	0.0245673105979941
HNRNPA1P26	0.0245455420712826
PLCG1	0.0245420674581193
MMACHC	0.0245086333799215
PTPRCAP	0.0244527343172663
KLF5	0.0243899597775808
UBE2C	0.0243540311175303
AGK	0.0242263248503938
TMEM209	0.0240606509575221
WASHC3	0.024047699965444
RPL12P25	0.0239157652880855
ESYT1	0.0238483689076789
BRD7P2	0.023693167955727
TMEM231P1	0.0236336275020661
RPL5	0.0236214021087472
HSPE1P3	0.0235121554649359
IGSF11	0.0234497023725765
HSPA8P15	0.0233299829950778
LARS2	0.022939965572935
RNPS1	0.0229256496078784
ZSCAN29	0.0229087429470404
ANXA3	0.022643620918826
EIF3G	0.0226117072183845
TMA7	0.0225453953448212
DUSP7	0.0225252241214574
KLC1	0.0225007566131214
POM121B	0.0223671809473248
MTURN	0.0221984887370735
MOB2	0.0221598862852828
EPPIN-WFDC6	0.0220563556947639
AURKC	0.0219267686228231
SNX29P2	0.0218744579786788
SPATA24	0.0217918632548706
WNT8A	0.0217827489836829
HFE	0.0216804926828148
CAMK2D	0.0214005719843535
FCGRT	0.0213020409848386
PRDX3	0.0212503939502985
ATF4P2	0.0212196208570825
TTC7A	0.0211517906589515
XG	0.0211404797590008
TGS1	0.0211259142639781
POPDC2	0.0211099528195596
FAM86C2P	0.0210429626401937
DUSP4	0.0210140875072217
PAIP1P2	0.0210031271327739
NUP188	0.0209875342796951
ARHGAP19-SLIT1	0.0208968494233082
NCKAP5	0.0208121953948775
FAM229B	0.020596788965751
TSSK3	0.0205866555888342
PUM3	0.0205120093409981
MRTFA	0.0203158078872614
FTH1P11	0.0203048469713441
TEN1-CDK3	0.0202299127909954
WBP1	0.0201979308341168
NDUFA10	0.0201891179391774
UPK3BL3P	0.0201363007858064
TMEM268	0.0201192730507485
RPL26P19	0.0200410172951954
TP63	0.0199851188751691
LYSMD2	0.0198437592047057
MAGEL2	0.0197514128789796
SEPTIN12	0.0196543304820425
DLGAP4	0.0196407102206542
GOLGA6L3P	0.0196010681683466
C2orf88	0.0194727325254783
SLC25A30	0.0194569661811961
MMP23B	0.0193711258550744
NINL	0.0193564105770967
PALM3	0.0192112350281472
LSM7	0.0191240901194388
TARS2	0.0190175699744593
PPP1R7	0.0189127389450423
GSTCD	0.0188919037569582
VSTM2A	0.0187763127513761
GPT2	0.0187053220478386
C1orf174	0.0186495734537124
SERTAD2	0.018641525826081
SLC22A15	0.0186196826029262
PIPSL	0.018593532741438
ANKRD33	0.0185911610057854
STAP2	0.0185867875262098
BUB1B	0.0184957662859488
THSD7A	0.0183622438212466
BCKDHB	0.0183570651188813
KLHL18	0.0183523555270794
NDUFS6	0.0183412698153629
FBXO16	0.0182310485980109
WDR24	0.0181235985977003
RPS2P46	0.0180526755086326
BZW1	0.0179456501214001
RPS6KC1	0.0179200981852476
YJU2B	0.0178932596890639
C13orf46	0.0178036775222054
ARPC5L	0.0177957080087842
RPL5P4	0.0177517197032478
DNAAF4	0.0176717874367069
DNAJC21	0.0175690532976368
PEX11B	0.0174688148545856
PRR18	0.0172491708622845
RPL23AP2	0.0171556660683147
VPS4A	0.0170783220708011
GNA12	0.0169903847316925
NTAQ1	0.0169039879936007
PSMB6	0.0168794587755403
WARS1	0.0165900688085767
U2AF2	0.0164120344281719
NOX3	0.0161907428314303
PSMB2	0.0161581047674883
COPS6	0.0160472025085924
ZNF618	0.0159767175417651
CAST	0.0159585786755535
PCDHB16	0.0155242315318346
EIF4HP1	0.0155181297346443
CCDC71L	0.0154516851364518
KCNE3	0.015218774512675
ARMC7	0.0150706852031377
CYP19A1	0.015026594909025
MAP3K4	0.0150167554773432
PROZ	0.0148600237247586
RNF185	0.0148294502200948
LRRFIP2	0.014803416351449
PCDHGA6	0.0148002226603742
SNTB2	0.0147182342863506
NHERF2	0.0146041215965465
RAB11FIP4	0.0145933894310523
ARK2C	0.0144024125713886
CAPZA2	0.0142261545468808
SCHIP1	0.0142144294787896
KSR1	0.0141440000317127
GLRX5	0.0140931745801253
SNHG33	0.0140659655711976
CCDC162P	0.0139381647902649
C1orf122	0.0137972608680916
CENPX	0.0137698354812241
MLC1	0.0136070147775289
ZNF587B	0.0135591721091808
TMTC4	0.0133653353780624
MT-CO3	0.0132170500504551
WDR46	0.0131647005763297
CACNA1F	0.0130691895997065
HEXA	0.0130503903541001
TANC1	0.013002079367423
EIF4B	0.0128849523401949
KIAA0040	0.0128160630959635
PPIA	0.0127419447392323
HRCT1	0.0125586243469278
LRRC71	0.0124935587057979
DOK2	0.01248397011285
ATE1OSP	0.0124621495572683
YBX2	0.0123386044705265
SVIP	0.0122975083554886
PPRC1	0.0122273138402164
PSMC1	0.012216774188511
PARG	0.0119672861650043
KPNA2	0.011948959375263
ASNSD1	0.0118676499518704
MYO1C	0.0116841629038101
HMGXB3	0.0116565247511511
MEIS3P1	0.0115946611242001
BACC1	0.0115836551224366
APRT	0.0115772583290232
PGK1P2	0.011564696177963
MRPL47	0.0113837790296455
MAGT1	0.011089082751964
SLC24A5	0.0110661974639717
SYNJ2BP	0.0110191193082609
INTS6	0.0110035699922542
MFSD14CP	0.0109864065549205
CAMK2N1	0.0105645142138076
TAF12	0.0105542839713461
NDUFA1	0.0104408346324907
MEI4	0.0103928789717251
GXYLT1	0.0102682525006879
HNRNPU	0.0102299915485125
CACNB2	0.0102287250323885
GPR108	0.0100265110470405
RPSAP19	0.00992509421191941
HOOK2	0.00989964142138191
SGF29	0.00952011533662739
SF3B5	0.00951940306885864
PROKR1	0.00945689611116643
RPS17	0.0094438985040705
GOLGA5	0.00932350965288528
SMG1P5	0.00931608783231454
BEST4	0.00928528070740493
XKR4	0.00926256055269974
C16orf74	0.0091710244466661
EMILIN3	0.00913691566608815
FGFBP3	0.00898698293566664
MED8	0.00890215738956635
TEX264	0.00890105085825423
MCCC1	0.00888642075539503
PSPN	0.00885109764579502
RPL17	0.00865753231826284
TMEM11	0.00854876417125318
ETFB	0.00853844604744391
ATP12A	0.00848758642238891
WTAPP1	0.00818681559710119
ZNHIT1	0.00805851273066263
FOXM1	0.00792329215807477
WDR5	0.00790615549810009
STX5	0.0078523480162034
RNASEK-C17orf49	0.0078383155345799
WDR90	0.00783796221815999
RDH5	0.00764801138645296
WIPI2	0.00754715341775514
ATP7A	0.00751427859969385
CDC23	0.00748258855653068
PRKCZ	0.00744560234980503
CABLES2	0.0073399393213337
THAP3P1	0.00724690120643913
GEMIN4	0.00723300869403122
RFK	0.00719363820918392
ITGAL	0.00706070344013195
SLX4IP	0.0070345443563446
ATG9A	0.006895049261854
INAVA	0.00673257869756868
USF2	0.00670506711862342
SF3B4	0.00666603665123993
CDK13	0.00661723992469764
FBXL22	0.00651987096896483
ITIH5	0.00649295933081929
EIF2S2	0.00642307394257246
HMGN2P15	0.00640852490954666
LMO1	0.00640188040395295
TTLL2	0.00635824177165088
DACT1	0.00634917824458682
PABPC1	0.00622996377652845
TFPI	0.00621554153687235
SANBR	0.00619118939638563
DLEU7	0.00607258811838098
RFX7	0.00600471575170046
SPRN	0.00591263713604143
UNC119	0.00590510553716176
POC1B	0.00581032377674643
HLX	0.00580448162851965
KIF2C	0.00568463153636621
DMAC2	0.00557722936959003
VASH1	0.005532186936288
RIC8A	0.00549347196905511
RPIA	0.00532863573195224
THEMIS2	0.00514273688535243
ISYNA1	0.00513154704747201
EID2	0.00508667264966758
HSPB6	0.00502204663716156
DDX54	0.00498442525127043
RELA	0.00480929966178673
SPCS1	0.00463185924507753
CXXC5	0.00458337397993754
F2	0.00454570173574891
RAB25	0.0045181952864469
SLC12A1	0.00449427176368146
IL18BP	0.00437222051282277
STX16	0.00433210339901709
CENPF	0.00428887698053786
SDR9C7	0.00416631875290138
ALKBH7	0.00409628186976461
USP12	0.00383011435403637
HSPA1A	0.00379308106207661
SNRNP25	0.00352754546688291
MYO18A	0.00347820752380451
PCYT2	0.0032664170296475
PSME3	0.00320326460232755
SLC38A1	0.0030807554218151
DNHD1	0.00296164838619494
HAPLN2	0.00293101159037564
SAR1B	0.00292563102653342
TMEM165	0.00276391936298802
CCNQ	0.00267486603099373
RPS7P11	0.00264384935066083
METTL2B	0.00254046325278858
FITM2	0.00251963538311255
CAMTA2	0.00247677651955005
NDC80	0.002472899921774
ZNF428	0.0021732159174941
NOTCH1	0.00214323551130835
CNOT4	0.00191197779454057
ARL4C	0.00184843352797643
FNTB	0.00172755587661958
PCED1B	0.00142254247523709
GNB1	0.00140575483101851
HSD17B4	0.0013334851119966
UFC1	0.00110824169880876
HDC	0.00109182943165484
TXNL1	0.000994430005752275
PPP5C	0.000942754666913671
B4GALT3	0.000806684819246247
ZFYVE19	0.000707850896449283
RPS28P7	0.000608535841836611
ARMH3	0.00059460218158225
KPNA7	0.000575671943886578
HNRNPR	0.000456199572552886
S100A13	0.000409457430881953
WDR18	0.000279433896860759
FNBP1P1	0.000222847066467368
GNLY	0.000209586458244006
DERL1	0.000155371191669853
CCDC30	2.71521761979569e-05
GOLGA6L17P	-0.000104008251304334
HNRNPUL1	-0.000189192606264836
ZFP41	-0.000502747955989061
NFE2L1	-0.00055640041129652
FAM221A	-0.000627804074105759
RPS6KA5	-0.000629986860261907
IRF4	-0.00063656794878927
HLA-L	-0.000641261223200984
CCT2	-0.000792102431877487
ZMAT1	-0.000820236247282695
TPTE2P2	-0.000982307177827512
SUMF1	-0.00101415200817516
FITM1	-0.00128360426933838
NAGPA	-0.00141774225961972
STIMATE	-0.0014938638172829
SUCLA2	-0.00150196577214851
BUD31	-0.00153638696919169
ZNF76	-0.00160391030245953
TMEM51	-0.00164221397851073
ZFYVE16	-0.00174005061442952
CMTM4	-0.00175226379790127
KDM1B	-0.00185498248214992
PTTG1	-0.00186935523081078
SCO2	-0.00193267672531028
S100A14	-0.00193654658717092
ZNF670	-0.00199528090039812
ROCK1	-0.00199997032009022
FKRP	-0.00201077194990087
SH3GLB1	-0.00205650858843884
TXNDC11	-0.00207997018650743
PPIL1	-0.00218401147838983
SLC9B1	-0.00218972303755332
STK4	-0.00219543136057309
LAMA3	-0.00224055774057725
UTP15	-0.00234498054022127
ASCL1	-0.00240045954911444
MAML3	-0.00255669025171715
PCDHB4	-0.00266874434547801
PTGDR2	-0.00279099487663528
DNAH9	-0.00280085139052908
C1R	-0.00296965073723915
PCDH9	-0.0030238385482371
ZNF496	-0.00302849014008108
HAT1	-0.00303532413546792
B9D1	-0.00307528313455722
HNRNPA1P10	-0.00312950097669814
MBLAC1	-0.00324766148683218
SSX3	-0.00328441458852382
KIAA1755	-0.00330718471110726
RFX6	-0.00332606634482981
GBP1P1	-0.00336961608034187
RAE1	-0.00337823541920489
HSPD1P1	-0.00346288093935528
WWP2	-0.00346425451145327
CLSPN	-0.00370278982731659
EIF4G1	-0.00371403287108157
PARPBP	-0.00373255645572412
NTRK2	-0.00381984801259744
FAM149B1	-0.00387044085783488
ANO8	-0.00396183546331199
TAS1R1	-0.00404771999959148
ADNP	-0.00422163495439359
KIF18B	-0.00424685727103052
ZNF425	-0.00431358068086253
NPFFR2	-0.00433037399961575
CCDC183	-0.00447507551637458
NUP155	-0.00450182905787287
RHOXF1P3	-0.00451900077000426
RTL8A	-0.00454144326499231
FER1L5	-0.00464032137111272
RILPL2	-0.00483104335291085
USP32P1	-0.00483672150268202
ITGA11	-0.00492001850237283
H3P47	-0.00495471292395398
FBXO34	-0.00501690022386469
RNF34	-0.00503977687632123
MRPL28	-0.00510083312182623
NAAA	-0.00531592337371576
NPFF	-0.00533583442205464
RAET1G	-0.00538816306545669
AMACR	-0.00544194843132878
MAF1	-0.00545980354223806
MRPL33	-0.00554462607281295
EFNA1	-0.00566763395728356
EGLN2	-0.00576677281054585
NYAP1	-0.00578038164810272
AKR1C2	-0.00582365894064686
ERLEC1P1	-0.00585727511907739
MAP3K20	-0.00589859506872039
TTC8	-0.00593286811822479
HMGB1P10	-0.0059335900213908
ATF7IP	-0.00615398477880884
TIMM8A	-0.00615423055211075
CCDC134	-0.00629196982139334
SSUH2	-0.0063378294741118
SGO1	-0.00643070455085799
EXTL1	-0.0065302796237442
TMEM150A	-0.00668308065349593
RPL23AP47	-0.00678579777560918
ZNF624	-0.00685031871561547
NUS1P2	-0.00685745056116871
DDN	-0.00698140313476553
TAT	-0.00699260610067392
SCAMP2	-0.00708035431400993
WDR37	-0.00709041527806537
PSMB3	-0.00719544180040322
CAPNS1	-0.00736725083057283
FOXO3B	-0.00740225588573714
CCDC28A	-0.00747138599220293
PPM1E	-0.00748044745587915
AMELY	-0.00764102136921107
TMEM135	-0.00767460581483271
TOX4	-0.00772474826224737
MCTS1	-0.00772562706888314
FHIP2A	-0.00773362492520835
TMEM87B	-0.00784294026156435
PCDHGB7	-0.007861786808998
AMOTL2	-0.00794786086575497
ABCA12	-0.00800235911811832
FOXF1	-0.00807545003084143
DNAJC25	-0.00810605920943389
TMEM141	-0.00814474178388874
VSTM5	-0.00815399188964173
BCL2L2	-0.00824140592086836
MYH9	-0.00827092402742823
PHAF1	-0.00836448138019219
DELE1	-0.00837566216460707
RPL31P46	-0.00852914309426226
INO80B-WBP1	-0.00875130865260823
ATP6V1G2-DDX39B	-0.0087986569367982
FAM167B	-0.00888399653374375
BCAS2	-0.00895252521059719
ABCA4	-0.00895774770776049
HLA-DRA	-0.00901667602551427
RBM22	-0.00902856225878043
COL7A1	-0.00910322658834871
LCN12	-0.00920289160718592
IL12A	-0.00923017346718906
ANXA2	-0.00925812033290163
RACGAP1	-0.00928877581799349
IRAK4	-0.00930279644618154
SLC22A11	-0.00941838343474224
EMC9	-0.00942551617883779
PSMA6	-0.00951958794641832
DNAH8	-0.00963718798517875
CETN2	-0.0097358342143189
UCN2	-0.00979230523639163
CTF1	-0.00986742963865325
TMCO4	-0.00993133201555545
TUBAL3	-0.00995024242598
ZFY	-0.00995666821772821
EVA1A	-0.0100156513286878
CCDC116	-0.0101073481411668
KPNA3	-0.0101242892929592
NBPF25P	-0.0101782723429438
CDC42BPG	-0.0101940139316005
PEX6	-0.0102481379560152
GMFG	-0.0103829887270179
ACTG1P17	-0.0104631023910206
BORCS7	-0.0104722138778724
RPL13AP7	-0.0105319499446424
CAMK4	-0.0105885380023406
MPND	-0.0106110497758733
DKK1	-0.0109423226683723
C2CD3	-0.0109590730458683
ITGA3	-0.0110458902189082
RPL7P20	-0.0110566931666725
TMEM14A	-0.0112422467694904
AMY2B	-0.0112606743510725
C1QTNF3	-0.0113969669247786
HSP90B2P	-0.0114682925802796
TARS1	-0.0116324712258412
HAS1	-0.0119778748483563
TUBGCP6	-0.0121281178769173
ERVFRD-3	-0.0121840766586078
MAGEA2B	-0.012261038769693
ZNF230	-0.0122687647146047
SRSF12	-0.0123364802661614
HS3ST4	-0.012338936243778
UBE2F	-0.0123681695813976
HERC2P10	-0.0124301543414095
GDF5	-0.0125217378186945
CUL1	-0.012611163656298
DNAAF19	-0.012635025356149
CENPVL1	-0.0126842599884558
ZNF226	-0.0127117828322834
GPKOW	-0.0127195381587875
BHLHE41	-0.0129312767731784
PRXL2A	-0.0132447521311166
SV2C	-0.0133353236863667
GRAMD2B	-0.0137131436228796
ZNF658B	-0.0138374051858852
PRR13P5	-0.0138709972897678
RNF146	-0.0138886080026261
TACSTD2	-0.0139796364284391
SSNA1	-0.0142220937531955
HROB	-0.0142750153075606
ASPM	-0.0142934490401013
KLHL20	-0.0144835542421134
TIMM50	-0.0146365397246666
HP1BP3	-0.0146664369662894
PHF5A	-0.0147488120019848
PYM1	-0.0147876032751399
GTF2IP7	-0.0148353948284871
REELD1	-0.0148517479149371
SLC20A2	-0.0149209417258831
PCDHGC3	-0.0151068695152537
ZNF767P	-0.0152682121004277
UFSP2	-0.0153083801246811
NKAPD1	-0.0153186981621591
METTL25B	-0.0153209958971892
STC2	-0.0153384757884376
KANK3	-0.0153438325474878
TMEM106C	-0.015463446233317
COL6A4P2	-0.0158330300784749
TMEM234	-0.01585089859739
BCO2	-0.0160614650742494
RPL31P34	-0.016119830044884
RPL21P118	-0.0162016211404888
OTUD4P1	-0.0162383272280136
PTBP1	-0.0162833805888466
SPATA9	-0.0163003892587594
IST1	-0.0163721927488859
KIAA1958	-0.0163996489683751
TSPYL1	-0.0164054801340597
POLR2E	-0.0164448668119895
ZNF717	-0.0165193368961281
KIAA1328	-0.0165565508721461
FBXO36	-0.0168061404040046
CTTNBP2	-0.0170431850676968
TUBA1B	-0.0170714971203944
SFR1	-0.0170914360767112
PNMA1	-0.0171178884031331
C6orf52	-0.0171973267637642
STMN4	-0.0172270952797571
EIF4EBP3	-0.0173179304725222
OSGIN2	-0.0173520377222097
TUBD1	-0.017414438176316
UQCRC2	-0.0174361180022261
VAX1	-0.0174844609423911
RPL34	-0.0176809416835893
SREK1	-0.0176829676059557
FAM246C	-0.0177549273678535
FDX1	-0.0178123394424693
ATP2B3	-0.0178542099643124
ATF6B	-0.0179412831225795
CAMKV	-0.0179441763774251
TNPO3	-0.0180494820331813
SLC44A2	-0.0180547648452703
SLC2A14	-0.0181232352824568
GYPC	-0.0181971441372293
BRCC3	-0.0182563797028988
PPP2R5E	-0.0183825039801364
ZNF710	-0.0184003862200982
ERCC6L2	-0.0186222677954536
CENPO	-0.0188208043821516
CLEC4D	-0.0189315478699471
MSL3	-0.0189907141448265
ADAMTSL1	-0.0189986629183679
SYPL1P2	-0.0190340314679701
MOCS2	-0.0190447789755686
ZNF396	-0.0192405892200728
BRK1	-0.0192498274932937
MSH2	-0.0193009973976642
ZNF518A	-0.0193541463950784
CNNM3	-0.0194193933878639
ADGRL3	-0.0196158174085572
NPIPA6	-0.0197218022939754
CCDC187	-0.0197730312072882
GTF2IP13	-0.0198512934411251
STS	-0.0198558634322162
SLC25A34	-0.0199990641658719
BTBD16	-0.0200080074192459
PRPF18	-0.0202066064752157
MYO1B	-0.0202945855357427
INTS1	-0.0203273500551226
LMLN	-0.020331673997177
HTATSF1P2	-0.0203561068349951
IGSF8	-0.0204247561951565
RPL21P93	-0.0206502329799795
NAA50	-0.0207918108882651
TAF7L	-0.0208076931599636
CNN3	-0.0208832317613211
DHDDS	-0.0208998823326836
ECI2	-0.020931382558207
OR52K1	-0.0209671930066653
AK8	-0.0210249407597541
SLC16A5	-0.0210268234509297
C12orf50	-0.0210593890991744
WFDC3	-0.0210749630464583
RAB34	-0.0211027240143182
SLC35F4	-0.0211106055869733
WDR89	-0.0212159042219405
CHD1L	-0.0214087686035008
ADAMTSL5	-0.0214627061828462
ENKUR	-0.0214817621679458
TMEM259	-0.0215878338723183
GAL3ST4	-0.0216195808123389
MPHOSPH6	-0.0216898295910377
GPX7	-0.0217115968296006
BLTP2	-0.0217297568549306
CLEC18C	-0.0217384297230754
PROCR	-0.0217709447591848
LSS	-0.0219179968837081
ZNF16	-0.0219724612089434
CEP162	-0.022038183855359
PMS2P10	-0.0220616781476557
S100Z	-0.022099087822596
ZNF705EP	-0.0222099831548451
CTSA	-0.0223818360198382
H2BC14	-0.0224068820658319
GHRL	-0.0226144159260872
ATG16L1	-0.0227052753313108
ATP13A4	-0.0228442124478029
RPL35A	-0.0228658573442915
MAP3K12	-0.0230344654426455
PLEKHM1P1	-0.0230401097053003
TAL2	-0.0230475637090983
PGAM4	-0.023108686394919
FBXO7	-0.0231144238795465
AKIP1	-0.0231281558744895
AGO3	-0.023148115611552
IARS2	-0.0232630882842738
EP400P1	-0.0234608265902969
GTF2H5	-0.0236048011862847
GLMP	-0.0236072013247047
MAGOH2P	-0.0236667433587568
SMC4	-0.0236770917869195
AZI2	-0.0237572931512088
BCCIP	-0.0237585922290098
HDLBP	-0.0238155766094621
MTCL2	-0.0238164628021951
PIGX	-0.0238235816648261
BST1	-0.0238739235829967
CALD1	-0.0239046709668819
FBXW9	-0.0239648562796575
SMG1P2	-0.0243010252989599
SMS	-0.0243305657407173
OLIG2	-0.0243325481766669
SLC26A11	-0.024388684555681
ZNF214	-0.0244324110601292
LPXN	-0.0244653664238171
POLR2B	-0.0245889446301605
MED28P7	-0.0245978424202192
SMARCA4	-0.0247137015429862
TBCB	-0.0247252650348552
POLR1H	-0.0247686938058606
ANLN	-0.0248542280372766
TMEM245	-0.0251527806164385
TLX2	-0.0251582579822078
ZNF12	-0.0252116364567282
C1QTNF4	-0.0252956146751527
RPS29	-0.025392598190493
VAPA	-0.0255274548123091
CDC27	-0.0255599741999576
RHOT1	-0.0255917480256874
GARS1	-0.0257107810203505
MEIS3	-0.0257462673102757
HSPB1P2	-0.0260581737582039
TMEM170B	-0.0261853594172613
PCDH17	-0.0262112594400347
MED20	-0.0262143520056858
MTF2	-0.0262181775850598
ZRSR2	-0.0263858608459213
RNF167	-0.0263867654639662
REV1	-0.0265051441965911
HARS1	-0.0265816109930353
SLC28A2	-0.026646237051669
SPRY3	-0.0266889161687261
PAQR8	-0.0267704644439495
MNT	-0.02678553281902
PYROXD1	-0.0268102709039907
METTL2A	-0.0269424177772918
ABCA1	-0.0271992447802923
GPC4	-0.0272740069352393
GAREM2	-0.0273644196904897
PRAM1	-0.0275717957042328
TRMT10C	-0.0275719386427496
BIRC2	-0.0279879363545587
NDUFAF4P3	-0.0283471791052714
NAA15	-0.0285542913795786
ZNF285	-0.0286184156548499
RPSAP69	-0.0289096280610033
PYGB	-0.0289161806293474
TMEM47	-0.0289990418161005
GREM1	-0.0290983996804301
EXOG	-0.0291252038975123
CPPED1	-0.0292746107897894
GLRX2	-0.0294688388108566
USP38	-0.0294857987423427
MIER1	-0.0295195320919106
POU4F3	-0.0295558074790269
SESN1	-0.0295850011562099
EFR3B	-0.0295881540303212
CIDEB	-0.0296075363619226
RAB4A	-0.0296465005785479
IGHA1	-0.0296687169701857
DDX17	-0.029721086906258
ABHD11	-0.0297509912937818
DHX35	-0.0297849156537959
SEPTIN7P14	-0.0298145896031216
FAM178B	-0.0298167140961062
MC5R	-0.0300455840542127
NSMCE2	-0.030059826004085
H1-1	-0.0300614126914265
DLGAP1	-0.0302065560945473
LRRC41	-0.030301407131542
TIGD7	-0.0303372050571551
YES1	-0.0304254479322788
RPL36AP43	-0.0305105032368207
FTSJ1	-0.0305698875784181
MYLK	-0.0306045637122721
NASP	-0.030630447690592
SLC15A2	-0.0306581831027322
GAB2	-0.0308502802114095
GPAA1P2	-0.0309352136596854
METTL21A	-0.031120412668547
TMEM256	-0.031169882862148
CD53	-0.0311785070711252
PRELID2	-0.0312192948868869
RPL32	-0.031446366303481
RPS2P4	-0.0314692900999401
MED27	-0.0314716175730447
ZNF18	-0.0315056952418894
GRIN2D	-0.0315564182990572
CENPL	-0.0316148976777525
H4C11	-0.0316236411381124
DNAH1	-0.0320016814507265
MYO9B	-0.0320451069616514
MRFAP1L1	-0.0321465235250073
MRTFB	-0.0322386374763323
EPB41L4B	-0.0323930609046867
ZNF267	-0.0324460106551254
RSL24D1	-0.0324682135274375
PTPRJ	-0.0325505110900259
CNIH3	-0.0326516663982316
RPL11P1	-0.032752867438087
ARHGEF39	-0.0328744159215978
GSTA1	-0.0329005671443274
SYS1-DBNDD2	-0.0329106141807508
INPP5J	-0.0329521923234427
SDC1	-0.0329826499724697
EOLA2	-0.0330205171572728
CALM3	-0.0332203171353435
ADGRE2	-0.0333846719503141
SRP14	-0.0334968183880086
ETF1	-0.033572377327313
ANKRD36	-0.0336708237431071
TMEM59L	-0.0337798258320903
ZNF497	-0.0338196322824282
ALKBH8	-0.0339793437490327
USP33	-0.0342731029806988
HDHD2	-0.0344777894460716
RBL2	-0.0344875795238117
INSR	-0.0345469891180461
NDN	-0.0345486124845486
TMEM192	-0.0346955220609554
HACD4	-0.0349660812810523
KRT18P4	-0.0349826276919063
TASP1	-0.0358064331375693
CNOT11	-0.0358670672773759
SLC25A46	-0.0362028868951278
FGF9	-0.0362124928125627
MCRS1	-0.0362399967764666
PKNOX2	-0.0364110906127596
YLPM1	-0.0364128243792448
ELL3	-0.0367217781200182
PCDHGA5	-0.0369214304206515
MED12L	-0.0369982876666021
RPS6	-0.037131038092264
NKTR	-0.0371756619809188
TCP10L2	-0.0374206843264202
PCGF3	-0.0374469888758573
SKOR1	-0.037460567750195
ZNF777	-0.0376209887569626
PPP1R1C	-0.0376591661482638
TPH2	-0.0379309538251268
SLC25A51	-0.0381768012014605
STAMBP	-0.0382792770139448
TMEM101	-0.0383220936644018
KASH5	-0.0383924340144216
RFFL	-0.0385226915925828
STK26	-0.0386371360399949
RACGAP1P1	-0.0387717747350625
CPXM1	-0.0387856645703025
TMEM225B	-0.0388069470677007
FCSK	-0.0388126054076099
TTLL11	-0.0388394929862881
MYH15	-0.0388585795194286
MDH2	-0.0389467636084526
FN3KRP	-0.0389595366684724
HMGN1P4	-0.0391305230499045
ZIM2	-0.0391699629858559
RPL18AP13	-0.0392025023547239
RBBP7	-0.0392469780546388
ARMCX4	-0.0393531010106758
CSAG2	-0.0394383444297447
ANKZF1	-0.0394659263296862
PREP	-0.0394833457295609
ISM2	-0.0394961320235712
DAP	-0.0395085349566961
NLGN4X	-0.0395990482593031
FRMPD2	-0.0396656664487297
LRRC37A15P	-0.0397231730161837
TTC32	-0.0397731108787781
MTRF1	-0.0398191062706348
PRR7	-0.0398813907165875
LRRIQ3	-0.0399246327279941
SPATS2	-0.0399669818366041
CMTR1	-0.040120474978057
GARNL3	-0.0401799266887062
SLC6A12	-0.040268699507918
CHEK1	-0.0404523368663484
HCAR1	-0.0404632937095594
ASB16	-0.0408590943994146
USP6NL	-0.0409487761612687
SMIM10L1	-0.0409929108700719
TCL1A	-0.0409931945054418
HOXD1	-0.0410236653685112
OSBPL11	-0.0411297432202317
SLC25A48	-0.0412308671431253
CEP192P1	-0.0412656831380042
H2BC7	-0.0413402334695278
TAS2R4	-0.0413412882531437
ZNF440	-0.0413486921118256
GRID2IP	-0.0415590880249268
NEMP2	-0.0415774438650802
RNASE4	-0.0416950136873912
H2AB3	-0.0417109908715701
CSTPP1	-0.0418279161017442
SLC5A9	-0.0420346687596483
KIF1A	-0.0420721410335511
HMGN1P37	-0.0421525632999991
RRAS2	-0.0421633657845841
TNFSF12	-0.0422693109906837
NUP133	-0.0423345439207403
CUL7	-0.0424074621125099
FHDC1	-0.0424382677579501
GRTP1	-0.0426289359009613
HNRNPA3P10	-0.0427255089679313
CEACAM19	-0.0427583747306238
WDR33	-0.0427591767255595
GDI2P2	-0.042926939130997
SF1	-0.0430154569818656
EEFSEC	-0.0431287431001618
NAA35	-0.0431872840729244
SLC30A5	-0.0433022786623223
THAP11	-0.0433870025939144
GOLGA8B	-0.0435174550242319
ARSB	-0.0435320119464741
SLC25A23	-0.0436109289881517
RABGEF1P2	-0.043700075301717
C2CD4D	-0.0437064682939537
CDK5RAP3	-0.0438846938250536
FADS1	-0.0440209729758528
COQ5	-0.0440560857135342
PSMF1	-0.0440646032249372
ADCK1	-0.0441547482524426
CACNA1S	-0.0441870177012219
MOG	-0.044372834271858
SAP130	-0.0445178933685316
IFI35	-0.044518745614332
DNAI7	-0.0445199881061143
SAP30BP	-0.0446357030643085
MED30	-0.0446957762776325
EPS15L1	-0.0447438464320074
MTCO3P12	-0.0447795214805805
PGM5	-0.0448553089394226
RFX3	-0.0449456290770599
YWHAB	-0.0451222077211992
UQCC3	-0.0453700459105482
CRBN	-0.0455616331413472
THAP12	-0.0456213730212236
CFAP144P1	-0.045649382313128
LHPP	-0.0458047379530952
GABPB1	-0.0458282778814761
KRBOX5	-0.0458728709017043
VCY	-0.0460596523995661
ACR	-0.0462502531105584
MTX1	-0.0465074603044203
SNX18P3	-0.0467762410791073
HTATSF1	-0.0468733111234323
TPPP2	-0.0470068300237525
COCH	-0.0470501859283846
NFE4	-0.0471305198593478
SIK1	-0.0471712161164812
ZNF75D	-0.0472956248210406
VANGL1	-0.0473312527378846
LDB3	-0.0474568640639984
TNNI2	-0.0476506545665055
ATRX	-0.0476533932587885
PPIL2	-0.0476616661788705
RAPGEF4	-0.0479388015425729
HOMER1	-0.0479630337942851
PFKFB1	-0.0480201707238637
FGF18	-0.0480803677715772
TPH1	-0.0482668506333865
RPL18A	-0.0483089191151495
EXD1	-0.0484621832253624
WNK4	-0.0485022822018778
KHDC3L	-0.0486829744742211
CSAD	-0.0487409079151107
GNMT	-0.0488264271296785
RNF152	-0.0488307391761218
FKBP1A	-0.0490036515562079
IARS1	-0.049044864417742
C22orf23	-0.0491509057992552
DDX56	-0.0492842386381182
ZNF277	-0.0493225217038168
NXPH3	-0.0495250159090287
SOX3	-0.0495276124775887
SRD5A2	-0.0495689215989911
GMFB	-0.0499605863115014
CCNI	-0.0499823174272289
ZNF20	-0.0500942861785304
TBX10	-0.0501818077723311
MED28P1	-0.0502628752005945
IL7R	-0.050285479584201
POM121C	-0.0503943994127186
CRHBP	-0.0505550387348644
MTFMT	-0.0507280418815635
INHBA	-0.0507973239104335
LAMA5	-0.050813464258109
CTXND1	-0.0508566966492369
NKX2-5	-0.0509089666284457
NDST2	-0.0509278024297767
KIZ	-0.051038972817495
RPL23AP77	-0.0513459937623014
ZNF519	-0.0514499803628435
NGDN	-0.0515854910024795
TPCN1	-0.0516684973004781
SNRPA1P1	-0.051828148189822
NISCH	-0.051857808948862
LRRC38	-0.0519496319640266
LRRC66	-0.0520213936964553
CLTRN	-0.0523028853621931
TNFSF18	-0.0523316873563614
RAPGEF1	-0.0523576858396997
MPRIP	-0.0524426867855161
TSACC	-0.0524560516545438
LMBRD2	-0.0525002530616035
HNRNPA1	-0.0525978480676489
RPGRIP1	-0.0527902542739189
RPS26P31	-0.0529653226455397
C3orf62	-0.0531619136688213
DGKZ	-0.053243879539226
SLC26A8	-0.0532472356980306
RSKR	-0.0534383297745858
TRIM66	-0.053592562533191
GUSBP17	-0.0536082260797108
ZNF184	-0.0536988720835791
PREPL	-0.0537885280703368
RPS25	-0.0540075135354068
RBFOX1	-0.0541152765467836
PPCS	-0.0542731144467031
COA5	-0.0542804815128537
TMEM25	-0.0542946088675712
MMAA	-0.0544602834557894
DHX15	-0.0544731434094545
UQCC6	-0.054551704400422
RPTOR	-0.0545669355648235
MAGI3	-0.0546101021505005
GEMIN7	-0.0546330984204747
RPP38	-0.0546913038302349
SFT2D3	-0.0547439074639693
CYP20A1	-0.0547442426310216
SAMD4A	-0.0547867354790523
CRTAC1	-0.0550143332392316
SRPK2	-0.0551456410093424
FLOT2	-0.055146279597085
C1orf54	-0.0552065437506739
OXNAD1	-0.0552271304853126
MRPL13	-0.0553312330436596
EIF3D	-0.0553631903703889
TSPAN3	-0.0554023050827145
POLR1D	-0.0554285537423082
AOAH	-0.0555223718551144
FAU	-0.0556066807773537
ZNF839	-0.0557104782791643
BEND5	-0.0559417097597557
TRMT9B	-0.0561827371747643
ADAMTS3	-0.0561978805113923
HNRNPK	-0.0562269611606757
DDX19B	-0.0562380443848833
CLNS1A	-0.0562720366496797
FGF20	-0.0562992102431431
COPG1	-0.056455271095735
PIGBOS1	-0.0565690555993156
MAGED2	-0.0566346205740995
UPB1	-0.0566529121909067
TNFSF11	-0.056697897894091
TEAD2	-0.0567354665234723
TMBIM6	-0.0567613277013409
ZNHIT2	-0.0567719456733383
LAGE3P1	-0.0568673654893856
ITGAV	-0.0568954123364859
NUPR2P1	-0.0571094282774071
ATAD3B	-0.0572305895412731
ARHGEF6	-0.0572885167155343
PF4	-0.0573448510245788
SLAIN1	-0.0573996532037191
ZNF37A	-0.0575834516129003
ANKLE1	-0.0576050154810234
TIGAR	-0.0578024735998764
HDAC11	-0.0579840257786475
CRYBB2P1	-0.0580782995152006
CRB3	-0.0583895701916998
LRRC20	-0.0588073212483468
NDUFS4	-0.0588256151394444
BCKDHA	-0.058999230942657
PCDHB17P	-0.0590823484509834
SRGAP2	-0.0591153279256659
GBF1	-0.0591290378638438
PLCD3	-0.0591439047575515
MAP1B	-0.0591534395926144
ERCC8	-0.0592120763363706
PANK3	-0.0592191289638064
MFSD6	-0.0592300578426041
B4GALT7	-0.059239020409522
PCCA	-0.0593106557704706
RTL8C	-0.0593181830405563
GTPBP4	-0.0594772243278459
SERP1	-0.0596409516284372
TSSC4	-0.0596562249091106
CHTOP	-0.059706879147985
QSER1	-0.0598329008329403
MINAR2	-0.0598835822916145
C9orf153	-0.0600179573221966
UBE2S	-0.0600566595296589
PAG1	-0.0603352169013891
ITGB8	-0.0605160449694207
RHOV	-0.060525219468982
PTCHD4	-0.0607063393027911
PCDH15	-0.0607624569640692
LOX	-0.0610329446470813
FTLP3	-0.0610794832884096
PLPP6	-0.0611349088218089
NPHP4	-0.0611656475443588
KRT18P17	-0.0611697077782829
MALRD1	-0.061259214709561
UTP14A	-0.0612597019297152
KLHL30	-0.0613836290271306
IPP	-0.061473129621507
GPSM2	-0.0615209067485626
SLC67A1-AS	-0.061898798068557
RAB11FIP1	-0.0619404586476633
ISG20L2	-0.0619935418263604
SPG7	-0.0621419251383824
RHOG2P	-0.0621689253891694
KAT8	-0.0624929702264644
ZNF114	-0.062566604376264
TRPC7	-0.0627462548878053
MRPL2	-0.0627556102354576
ACAT2	-0.0628493318285823
ZNF593	-0.0628847704335988
WASH4P	-0.0631793697272063
EIF2S1	-0.063331537393965
SLC22A13	-0.0634035728372205
YBX2P2	-0.0634131497656028
OAZ1	-0.0634733132470486
ANAPC15	-0.0635020936467656
GRM5P1	-0.0635419884817675
TPT1	-0.0635784625722804
NAT9	-0.0635949988393013
METTL22	-0.0637255721620171
TRIM21	-0.0642657203679633
ZC3H6	-0.0643612950395888
KMT2B	-0.0644895854575123
GIMAP4	-0.064627817559723
ACTRT3	-0.0648257855281421
FIS1	-0.06524632163685
NTNG2	-0.0652988936221004
ANKK1	-0.0653066537365685
ACOT2	-0.0653221967733422
MYADM	-0.0654635845783443
CNOT2	-0.0655324823104635
RPSAP17	-0.0655857592198052
SAMM50	-0.065772856927558
IGFLR1	-0.0657945741920356
PDE7A	-0.065893817739155
GNAZ	-0.0659954900724092
BANK1	-0.0660249304521967
DLG1	-0.0662208425129985
YJU2	-0.0664748888509134
VDAC1P8	-0.0665909831970546
EIF4A1	-0.0665998830320955
AMD1P3	-0.0666276424852525
TICAM2	-0.0666419342121923
ZMAT2	-0.0667059191733739
ZNF22	-0.066939133624726
HAUS6P1	-0.0669655343794456
RTRAF	-0.0669815037064749
RPL17P7	-0.0669882272199308
SMARCA5	-0.0670080639001885
TSNAXIP1	-0.0670111463461516
CEP170B	-0.067104354300675
FLNA	-0.067158581538486
FDPS	-0.0672292229371255
PCNX2	-0.0673910998808533
TRIAP1	-0.067420927863966
GAMT	-0.0674682143010249
RTL1	-0.0675031484636203
TRAPPC2B	-0.0675129181485696
RNF169	-0.0676655192237641
CCNYL2	-0.0678610690813641
NRGN	-0.0679503437381563
PDZRN4	-0.0679651428190355
SRP72	-0.0679939326813225
NDRG3	-0.0681379129907356
PLK4	-0.0681760237906059
DFFBP1	-0.0682896696323831
SMTNL2	-0.0683182360685096
MYG1	-0.0684853937175613
AHCTF1	-0.0684986233126858
TUT1	-0.0686023347663938
HABP4	-0.0687105535326981
BNIP3P19	-0.0687715766301663
IFI44L	-0.0688153787689328
GPRC5A	-0.0690242626486045
SNRNP35	-0.0690253282997065
OR10G4	-0.0690845062316503
KMT2D	-0.0691689991589801
STARD7	-0.0693231861270735
RPS8	-0.06957858731186
FAM114A2	-0.0696140626577878
FCER1G	-0.0696158246854081
SLC35C2	-0.0700437417792645
TMEM43	-0.0700655708811428
GNAL	-0.0700791330648691
STX7	-0.070138378490707
CNP	-0.0704596275170145
HESX1	-0.0706285809975512
MXRA7P1	-0.0707070646081971
ARGLU1	-0.0707677044182015
CDHR2	-0.0708416487955182
UNC13C	-0.0708557953103214
GULP1	-0.0708845106689241
ANGPTL6	-0.0709910912683045
YWHAQ	-0.0712130235719104
POP7	-0.0713472429110145
PCDHA11	-0.0718798174219681
ACP2	-0.071932092015713
PAN3	-0.0719912832591201
ARNT	-0.0720228869771731
SETD6	-0.0720560716995791
PRELID3A	-0.072119591482002
RPL36AL	-0.0721515114053254
RTN2	-0.0721914939477666
NRDC	-0.0722430435550714
RPS27P8	-0.0723080657669757
FAM240A	-0.0723884292457697
ULK3	-0.072585966786196
RPL4P4	-0.0726351157845734
BEND4	-0.0726352781534912
ELFN2	-0.0728593886495931
KCNJ2	-0.072875220925956
NOCT	-0.0729253058595831
USP42	-0.0729565914863034
DHODH	-0.0730505541945765
KPNA5	-0.0730971763612691
RAD21	-0.0731264609596673
DBN1	-0.073153480958473
LRRC1	-0.0731950318600763
COPB1	-0.0732052982031844
ZNF281	-0.0733372017764299
DNAJC2	-0.0734637035292033
PHF20	-0.0738007964139245
TMEM30B	-0.0738061415850225
ENOX2	-0.0739058959815002
EEF1B2P6	-0.0742408815590894
TPCN2	-0.0743007627860076
TAF6	-0.0743828274579131
CTBP1	-0.0744399147949814
ECM1	-0.074491462030645
NACA	-0.0745266702048874
SYTL3	-0.074527621477694
PROCA1	-0.074721381398234
RUFY3	-0.0748781704444817
BCAS3	-0.0749889262385947
GABPAP	-0.0751335360015366
TMEM191A	-0.075164434012599
KLF1	-0.0751765036393145
SHMT2	-0.0752504782462907
RALY	-0.0754873055857882
RPL5P34	-0.0757662041412273
PPP4C	-0.0758008910024974
EIF4A1P2	-0.0758471756896847
STAR	-0.0758654130427424
RANBP1	-0.0759085108287747
ETAA1	-0.0759362136998499
DEFB131E	-0.0759606776246655
MED19	-0.0759647545018965
CACTIN	-0.0761344524123006
KCNB1	-0.0762144749254106
HYKK	-0.0763241450122755
PARGP1	-0.0763570668169826
SYCP3	-0.0763910500978343
SREK1IP1	-0.0764029835613491
BMP4	-0.0764130086378138
MRNIP	-0.0765426529039253
METTL9	-0.0767123971512408
ALKBH6	-0.0767410867046113
EIF4G3	-0.0767807088859978
CERS3	-0.0767898596153133
STX3	-0.0769857564725809
ZNF77	-0.0770028917239228
LRP1B	-0.0770151180600578
PRPF38B	-0.0770949078027584
NFKBID	-0.0771297960132245
NEDD8	-0.0771442710779753
EFNA3	-0.0771548178009153
ZNF250	-0.0772113854832357
ANGPTL7	-0.0772390891169955
RPL41P2	-0.0775133495294388
LHX1	-0.0778301730672254
MDP1	-0.0778370817052274
DALRD3	-0.0779817360095785
GRID1	-0.0780145779542071
PTPRN2	-0.0780197459838449
PGAP4	-0.0780212071332034
DYNLRB1	-0.0781298193360769
PSD2	-0.0781668005539607
PDK4	-0.0782521196823465
TCEAL1	-0.0786901693401507
BTD	-0.0787987057780357
NOTCH4	-0.0789035475608082
THRSP	-0.0791019119529753
TBX19	-0.079188870077457
KCNIP2	-0.0792522047566785
INMT	-0.0793137865042329
PLCH2	-0.07936222881633
FBXO24	-0.0794098089546975
DENND6B	-0.0794917401438128
ACOT6	-0.079606579313722
FAM27B	-0.0796111147653962
SCAF4	-0.0796112629131868
ADAT2	-0.0798729039877378
ATP1A1	-0.0799408992965876
ZFP69B	-0.0800133497317513
AADACL3	-0.0800744035949178
KCNRG	-0.0802251162597249
UNK	-0.0803370995624124
ATP2A1	-0.0803505984110284
MSH5-SAPCD1	-0.0804063316149383
MAFG	-0.0804831715230373
RCE1	-0.0804870028779251
DPM3	-0.0805396240991732
ABCF3	-0.0805589232509846
GARIN5A	-0.0807249588417512
MAFK	-0.0807379871646957
MTHFSD	-0.0809115156096945
ZDHHC21	-0.0810147667753585
RRAGC	-0.0810486418569748
THG1L	-0.0810549203896925
TCEA1P4	-0.0811546897393376
UBE2E3	-0.0811619654314658
ESRRB	-0.0813783397157262
NAT1	-0.0814528462737841
GFM2	-0.0815726534267374
H3P36	-0.0816263363747318
ZNF782	-0.0817228947535133
PCDHA13	-0.0817693230483112
PSTPIP2	-0.0818700154787166
ADIPOR2	-0.0822411448643097
ZDHHC13	-0.0823143009721201
EXOSC9	-0.0823662877412201
TECPR1	-0.082436245413011
ABHD17A	-0.082500683478764
SIGLEC11	-0.0825701458020073
PEA15	-0.0826711502170559
RAB23	-0.0827258327264004
AKT3	-0.0830054307800555
PSMD7	-0.0830169856742817
AMBRA1	-0.0830709125816324
SCNN1D	-0.0832767439889806
RPL19	-0.0833456672158824
SIRPB1	-0.0835835500092157
TBCEL	-0.0838348694295802
RPH3AL	-0.0839513282205819
NHP2	-0.0841240464526351
IDO2	-0.0841627221386153
CDK5RAP1	-0.0843030588050787
CIROZ	-0.0843135311496317
LURAP1	-0.0843188419869468
PNISR	-0.0843808105514928
BRIX1	-0.0844121128515656
PRRT1B	-0.0844625751611254
ARFGAP1	-0.0844839895650158
STEAP4	-0.0845373936706514
TRIM54	-0.0849748079595503
CIPC	-0.0850649562890792
FOXA2	-0.0852312062588134
SUMF2	-0.0854408827154557
GREP1	-0.0855364515291374
RAB2A	-0.0856332949964836
KTN1	-0.0857023791025722
WDR31	-0.0858396963593597
CTC1	-0.0858769642647926
ZDHHC17	-0.0858832387738433
DYNLT3	-0.0858868690452931
TMEM168	-0.0859744421360079
RNF208	-0.0859963164539948
TUSC1	-0.0859987526245976
ABITRAM	-0.0860823783782558
FUCA1	-0.0860914265434936
LY6G5C	-0.0861459306286159
PLAA	-0.0864438838357698
ZNF790	-0.0864551579069767
ZSCAN22	-0.0864810511871489
GJA10	-0.0865571816396543
KCNMB2	-0.0866293793999176
PPFIA1	-0.0866603978469742
ATP9B	-0.0866837165603541
TXK	-0.0867628854710561
H3C2	-0.0867705096594957
ZNF711	-0.0867953684349858
ZNF565	-0.0868258316473594
EMC4	-0.0868275725445316
MMP14	-0.086834313006691
SMCR8	-0.0868544987766894
DNAAF9	-0.0869977527637263
PXDC1	-0.0870675279689572
ZNF837	-0.0871038219452052
UBC	-0.0871234933479638
ARHGEF25	-0.0873457207227574
AKR7L	-0.0873691396340903
DDX24	-0.0874167050199899
BRINP3	-0.0875151594812481
PDE8A	-0.0875891717294734
SYT3	-0.0875966964449501
CYP11A1	-0.0877084500280736
PABPC3	-0.087728759161476
MYH7B	-0.0881937487860463
WHAMMP1	-0.088249450623964
HHATL	-0.0883184479225012
DGUOK	-0.0883786510377595
CPTP	-0.088426044079807
FBXO5	-0.0886189310560588
TBCEL-TECTA	-0.088802065817307
CPAMD8	-0.088915878889158
TUSC3	-0.0889861658543695
RASL10A	-0.0893254301575722
NEK4	-0.0893980897854227
GDPD1	-0.0894664361353393
ADRA1B	-0.0895803136564452
LXN	-0.0898010730332165
SELENOK	-0.089835651193772
EIF6	-0.0898768635007989
EFS	-0.0898840642558701
DVL3	-0.0899557709913257
BLTP1	-0.0900116671006898
METTL16	-0.0901296165208183
ARID3B	-0.0902375500268978
H3P4	-0.0904234909357543
YPEL4	-0.0905631569420336
ERICH5	-0.0906001368916386
B4GALT5	-0.0906673874916724
SRP54-AS1	-0.0906982450308316
SMIM1	-0.0910531817999361
PRDX1P1	-0.0911018781853155
HTR7P1	-0.0911210865723961
MATN2	-0.0912305438360093
SVIL	-0.0912495753915726
TTBK2	-0.0912835701784205
RELT	-0.0912838671595637
CCDC62	-0.0914098780375056
TMEM108	-0.0914187246447683
PCNPP1	-0.0914955318215967
TMEM114	-0.0916822693634378
GDI2	-0.0917156030481225
FMC1-LUC7L2	-0.0918738018899695
ADAM20	-0.0918763646600919
BUD23	-0.0922463406711547
PLPP4	-0.0922691196764781
N4BP3	-0.0923927763264272
DAGLB	-0.0924225246340508
SAA2-SAA4	-0.0925379352948547
MRTO4	-0.0926875739501999
RGPD2	-0.092738209114869
POTEE	-0.0931093881047803
CISD2	-0.0931375214813107
DNM1L	-0.0931699320403309
XPO6	-0.0931741195154982
ZNF24	-0.0932570660801473
SESN2	-0.0932940762503962
SLC25A3	-0.093512751283674
TCEA2	-0.0936017634560899
IGHMBP2	-0.0939301158218599
MRPL49	-0.0940187228066079
ZBTB40	-0.0941823595828479
NKX6-3	-0.0942498024753605
NPIPA3	-0.0942931270543034
ZNF670-ZNF695	-0.0942935149786607
INO80B	-0.0943784051707269
HMGCL	-0.0944021323917331
IGDCC4	-0.094495893157764
RIMBP3B	-0.0946599972549351
BICRA	-0.0948583460775259
BET1L	-0.0950233281602732
ZFYVE1	-0.0950580698646358
ANKMY2	-0.0951694922774276
SMIM19	-0.0951774563853372
CFAP184	-0.0952875165994777
PPT2-EGFL8	-0.0954099552227491
VGLL3	-0.095551953421784
SLC35G1	-0.0955821902804453
PCDHGA2	-0.0957959855473765
ACTR1B	-0.0958226638534476
ZP2	-0.0958829888959423
SLC1A2	-0.095909512339039
UBE2V1	-0.0959481343447009
DCAKD	-0.0961403241202582
ZBTB8OS	-0.0962070297543801
UBTF	-0.0962495448358885
ARX	-0.0962632356218308
METTL23	-0.0966634621901651
TOMM20L	-0.0968711547979882
RECQL4	-0.0971443820842636
FST	-0.0972779255025563
MISFA	-0.0973569694746703
NKRF	-0.0973709988199078
HPCA	-0.0974683677066097
ERMARD	-0.0975306061793957
EFTUD2	-0.0975314061583842
HMG20A	-0.0975606022593275
MREG	-0.0977433724869453
MESD	-0.0977528737074295
FXN	-0.0977703701814233
FAM136A	-0.0977879217210038
RAB33A	-0.097814419597659
STARD4	-0.0978293359832246
SPATA31C1	-0.0979825115754269
PARP8	-0.0980278166268164
PTPN11	-0.0980377877544472
UBXN6	-0.0981120891496478
WDR74	-0.0982547547288043
CSNK1G1	-0.0982993330135588
C4orf33	-0.0984762588586023
SLC2A4	-0.0985868970397074
RPL17P6	-0.0986032253786782
SYCE3	-0.0986857235278224
LCORL	-0.098787374367284
ANO4	-0.098840000314779
PHF12	-0.0989658043231692
HNRNPM	-0.099268779135135
ANAPC7	-0.0993985714787279
LYRM7	-0.0994031153534803
HAUS5	-0.0994252596884958
HNRNPA3P5	-0.0994801292081192
TXNL4A	-0.0996259590110804
GEMIN8	-0.0996521677732969
H3C8	-0.0997379959541271
RPL4P5	-0.0997727934474413
PRAP1	-0.0998285126888365
RELL1	-0.0998980158944345
PABPC5	-0.0999015816633895
PHPT1	-0.10011724667691
SYT5	-0.100616096328246
TUBB8P8	-0.100680272287885
LONRF1	-0.100756823082565
EEF1B2	-0.100879267830955
FAR2P4	-0.100962577713747
SETDB1	-0.100974282940255
GID4	-0.100976543928372
CCDC3	-0.100984955130413
GCM2	-0.10106656227716
CCDC112	-0.10109152227559
RHOH	-0.101306808296178
SEL1L3	-0.101573348942996
GUCY2F	-0.101842027736103
RHOF	-0.102052310196331
PPDPF	-0.102296015379846
TFCP2L1	-0.102353280218793
ACTR1A	-0.102424871165493
SIK2	-0.102502853458427
CDCA7L	-0.102659301258512
OR4F2P	-0.102837503928997
SLC39A2	-0.102855559735175
CEP41	-0.102941721812427
TREX1	-0.102959520767554
MST1R	-0.103173750877336
HOOK1	-0.10356533560129
RUVBL1	-0.103565516053761
ENO4	-0.103618758083717
PROM2	-0.103656426314456
RHOQP1	-0.10374392907874
PLP2	-0.103784681195707
AEBP2	-0.103873091475138
KCNK12	-0.103905023205478
RTBDN	-0.104076966238756
GABRE	-0.104381932462444
GMNN	-0.104486378695878
ZNF547	-0.104567173813816
IQCM	-0.104616445392118
ZHX3	-0.104632619749985
ARL4AP2	-0.104639442952364
SNX27	-0.10468658980274
DNAI1	-0.104717520012876
CAMKK1	-0.104824954954384
PABIR2	-0.10493114066964
CASTOR1	-0.105036419436518
TK1	-0.105071716733258
ANKRD6	-0.105204370857567
VPS39	-0.105348713325529
ATXN7	-0.105474155544852
VWA5B2	-0.105732239843817
KLB	-0.10582588371748
ABRACL	-0.106045467186989
C1QTNF3-AMACR	-0.106294993813993
DNAJA1P3	-0.106410362457348
RAB35	-0.106451299147748
ZSCAN9	-0.106547638030286
FAM95B1	-0.10662220170289
TAB2	-0.106745814594478
GM2A	-0.106767582817264
TFB2M	-0.106906650402285
FILIP1	-0.106930192947411
SERF2	-0.106985457413674
PCDHGB6	-0.107090964902099
SIX2	-0.107479938405907
TYK2	-0.10753437897047
DHCR7	-0.107578915671236
XPNPEP3	-0.107762909421618
DCAF13P1	-0.107948665803555
LINC00680	-0.108039720202882
AURKB	-0.108207034959981
HDAC6	-0.108300968714524
ZNF300	-0.108357916345894
ZNF415	-0.108444689117159
SYCE2	-0.108958667800711
SPANXA1	-0.109128340846434
NDUFB10	-0.109133567211549
ZNF236	-0.109162831036419
GCSAML	-0.109437722255904
MIA	-0.10948717353353
SLC35E2B	-0.109782135144898
PTGES2	-0.10982577954335
GTF2B	-0.109853554160203
MAB21L2	-0.10990153254843
CCDC85B	-0.109943223690158
PWP1	-0.11002811254074
CRYM	-0.110029563532323
VDAC1	-0.110103610467565
POP1	-0.110181355905207
H2BC18	-0.110344858698193
TLX3	-0.11048535890133
CDH19	-0.110554917879642
ANKRD65	-0.110562357180751
CALM2	-0.110611945782397
MUC20P1	-0.110815091525269
POLI	-0.110840007159337
TRIM63	-0.110960091142112
NR2C2	-0.111187435213091
IL13RA2	-0.111319320456595
STAT2	-0.111525492391684
MT-CYB	-0.111543857727883
AKAP8	-0.111561632212169
SKIC8	-0.111573156107735
EP400	-0.111724291358147
CCDC142	-0.112031056222643
ABHD14A-ACY1	-0.112038907713646
GOSR2	-0.112349251699497
TBC1D25	-0.112622115963786
LINC03042	-0.112772620077013
TBC1D19	-0.112800693761851
MSANTD1	-0.112840696149114
ANKRD39	-0.112910645585196
UHRF1	-0.112965046854056
PPM1A	-0.113066048337596
MYLK4	-0.113195612954144
S100A11	-0.113293784904298
BMAL1	-0.113490740812818
DAB2IP	-0.11360018253794
ST13P6	-0.113609660113251
POLDIP2	-0.113829485378355
SUGP2	-0.114057815871474
SLC33A1	-0.114082804610952
PCYOX1	-0.114104646329312
RPSAP41	-0.114130568340938
CCT6B	-0.114202650035899
UTP25	-0.114364439224723
UBE4B	-0.114595923055023
STBD1	-0.114716528549909
PHLDA3	-0.114756356371469
TDP1	-0.114779772434016
DCTPP1	-0.114921891146393
UBE2I	-0.114961013959125
FAM117A	-0.115019463990769
TVP23C	-0.115527526044267
RPS15P4	-0.115937170910102
CEP55	-0.116039457888996
OLIG1	-0.116165347364045
ZBTB1	-0.116421285897843
RCCD1	-0.116451204743695
CPOX	-0.116470031862502
ZNF595	-0.116660469485425
HELQ	-0.116702146917257
DTD2	-0.116733199326857
CENPT	-0.11689615894804
UGT1A12P	-0.11707459339659
POLM	-0.117080484385795
GSK3A	-0.117362123672436
PCDHGB9P	-0.117401621492654
NONO	-0.117644085153259
SRGN	-0.117713563430438
USP5	-0.117800215277712
ZNF526	-0.117856378933171
EBP	-0.118005094381524
CCDC78	-0.118086682959901
MCMDC2	-0.118322684450345
RTP4	-0.118521950833482
ADCY10	-0.118537581750604
UBXN1	-0.118574561194529
PPP1R3G	-0.118641362225213
FOXE1	-0.118696444863743
NAPB	-0.118709674051324
NAIPP2	-0.118870442594184
CYC1	-0.118961793977838
TTLL9	-0.119297188514241
TMEM275	-0.11930901892164
ADAM17	-0.119333089143155
MPHOSPH10	-0.119385298743085
GPRC5D	-0.119927748114066
SCARB2	-0.120025606351113
COPB2	-0.120063189153269
SYNCRIP	-0.120139700712198
GPN3	-0.120183706356059
NAGLU	-0.12023059269517
FRS3	-0.120236489166152
POU5F1B	-0.12040904404964
PYURF	-0.12058287509229
IL6	-0.120623650328075
SEMA3E	-0.120632462319451
EYS	-0.120633447999257
TRIT1	-0.120870532011612
METAP1D	-0.120894692833013
RPL14P1	-0.121006895627483
MADCAM1	-0.121030571400891
TTC3	-0.121185014861751
PCYT1A	-0.121561344872204
CAPN9	-0.121769311034963
TBC1D10A	-0.121894361436061
SLC25A1	-0.121911375558235
KCTD3	-0.121913679042363
TMCC1	-0.122052558415325
MTRFR	-0.122069413393632
FAM118A	-0.122081040037053
SNX6	-0.122190705946227
LYG1	-0.12230516680034
NREP	-0.122364317820619
ST8SIA3	-0.12238734490522
NKAPP1	-0.122484454763533
CTH	-0.12259308807991
KIAA0513	-0.122595766863764
ATPAF1	-0.122931367724187
GLT6D1	-0.122941785432366
FSAF1	-0.122944066715478
DDIT3	-0.12297088101344
OR7E117P	-0.123015731658338
BCL2L2-PABPN1	-0.123048519332227
ABCC10	-0.123157044227464
SLC2A8	-0.123189663127475
TMEM91	-0.123215864804517
ZNF408	-0.123281839312893
SUPV3L1	-0.12330263172305
LCMT1	-0.123375414700788
EFCAB11	-0.123455733792897
PCDHGB5	-0.123718158084988
JPT2	-0.123774333058072
REN	-0.123819128494938
LAT2	-0.123823902352839
C19orf48P	-0.123888736045227
SRC	-0.123983268819278
TRIM6	-0.12413072384602
LPA	-0.124145306843134
HERC2P4	-0.124176195356004
SPAM1	-0.124400806758894
PRRG4	-0.124583376463735
TUBB2BP1	-0.124846400954666
C6orf62	-0.125241966014979
MRGBP	-0.12573563374656
MSRA	-0.125785561382101
RPS24P8	-0.126003078357563
PKD1P1	-0.126173126686239
FTH1P20	-0.126450828566119
LCAT	-0.126635264923995
CMTM7	-0.12665632387246
MINDY3	-0.126878491373199
EXOSC1	-0.126918328484188
KMT5AP1	-0.126978075711351
HDDC3	-0.127199139739039
ZNF581	-0.127265109164924
MTFP1	-0.127338010188537
RAB2B	-0.127372517223385
OGT	-0.127528530172087
SASS6	-0.127566877176042
CABP4	-0.127620618548388
IQCN	-0.127643268366813
YIF1B	-0.12770044037597
EMSY	-0.127756803647449
PRPF3	-0.12777734075109
REXO6P	-0.127808475958452
SINHCAF	-0.127820925602316
ZNF207	-0.127846847557838
TMED1	-0.127873209163571
ZNF772	-0.127897730039215
MTRES1	-0.127946336605717
OSTN	-0.127983109434887
SMIM8	-0.128017791321768
SLC25A19	-0.128061577387557
IQCB1	-0.12808214153126
TENM3	-0.128104529864999
SUSD2	-0.128324639138146
SNX19	-0.128361353037715
NFX1	-0.128505399372021
SCLT1	-0.128566330532551
MFN1	-0.128928457188813
SVEP1	-0.129040201823951
SMCO1	-0.12912473576845
PCMTD1	-0.129132806721115
KBTBD6	-0.129133847444562
USP47	-0.129135632133556
POR	-0.129149802994383
HCFC2	-0.129270551331671
SMNDC1	-0.129270612042795
KDM5C	-0.129384800972621
NELFE	-0.129680416928146
TRPM7	-0.129800524367236
BMS1P4	-0.129812301230827
FGF3	-0.129943971845351
ITSN2	-0.130125911661541
TUBA3D	-0.130200464139423
TPRG1	-0.130296965739776
HYAL1	-0.130299642828582
PHOSPHO2	-0.130358814990146
CLDN23	-0.130394869252733
SIK3	-0.130413861241826
WDR26	-0.13055350292728
ATG4B	-0.130600148355377
UBE2E1	-0.130636419722357
PIGG	-0.130707462112248
PTPN21	-0.130810362059593
AIMP1	-0.130828728829773
NDUFA11	-0.130997880181401
RAB7A	-0.131062470330283
NBPF4	-0.131199799957977
RPS2	-0.131514377891059
IQCC	-0.131518853918673
RPS6KL1	-0.131580989536114
COA8	-0.131618257628877
COMMD9	-0.131715522042026
ARHGAP1	-0.132219694857993
RHBG	-0.132234190267873
NPC2	-0.132268516164026
PDIA4	-0.132464392247453
PARVA	-0.132617080043274
RNF14	-0.132787183913169
GRIN3B	-0.132946257170227
FBXO22	-0.133009899491786
COQ10A	-0.133069439448491
TEAD1	-0.133369980817272
ZBTB8A	-0.133393150957605
UQCRH	-0.133396012021292
SAT2	-0.134132834245545
ADAM10	-0.134243968950763
NDUFS3	-0.13430709158594
RNF212	-0.134552483864517
MED10	-0.134580220653914
SNX2	-0.134941670006877
HACD1	-0.135070962672028
SLC35B4	-0.135305232152292
TPP1	-0.135379159477747
ALG1L9P	-0.135380917811559
NBEAL1	-0.135677515041535
STRA6LP	-0.136191672347787
CCDC177	-0.136218457933553
NCF2	-0.136236283318304
PET117	-0.136263015996921
RHBDD3	-0.136308353171923
THSD7B	-0.136408316495822
KCNA2	-0.136431638153703
THBD	-0.136452664930144
ZNF205	-0.136631213474577
RARS2	-0.136648011508333
MYO1A	-0.1367001649803
APCDD1L	-0.136714425002114
VRK3	-0.136754654449813
GATA4	-0.136871577515933
NUP93	-0.137101428167184
MAN1A2	-0.13726764304366
GTF2E2	-0.137481033749467
DLK2	-0.137727631343075
WDR45	-0.137801489347415
C1GALT1	-0.137889525784691
ITGA2B	-0.137961372153702
RASL11A	-0.138187225402858
EOMES	-0.138249323909602
MAGEA8	-0.138262324126155
BTN2A2	-0.138277960068783
RXRA	-0.138391554766974
AHCTF1P1	-0.138472815845984
MRPS31P5	-0.138485170543946
PPP4R1L	-0.138599661609418
NDUFB9	-0.138723635252788
CNN2P1	-0.138900016999973
TIMM10	-0.138957122793886
SRRD	-0.139032734306166
OR7E163P	-0.13927066906719
KRT8P52	-0.139336955649304
TCEANC	-0.139343464549074
STXBP5	-0.139363386559743
MBOAT2	-0.13939648613418
HSD17B1	-0.139418442922596
GNS	-0.139502021833023
GALP	-0.139645657514942
ZNF888	-0.139777765460346
PPP1R15B	-0.13983723608363
JRKL	-0.140186975718059
CDH12	-0.14031473330312
GNPTAB	-0.140434386870171
CCDC28B	-0.140457536524664
DBIL5P	-0.140477762725934
PCF11	-0.140566429756474
ATP6V1C2	-0.140579429781879
OSER1	-0.140788470576055
DNAJA4	-0.140856011540541
PAXIP1	-0.140990898753677
SLC3A1	-0.141182493158795
CILP	-0.141188752298902
IRF2BP2	-0.141360848165507
TSR2	-0.141376226572583
SMAD9	-0.141509301563716
FAM171A1	-0.141565002907063
MORF4L2	-0.141754242994805
RPL11	-0.141830184977003
ADARB1	-0.142153038488673
SS18L1	-0.142267076187692
PIK3C2B	-0.142484987136176
ING2	-0.142691077619596
ACRBP	-0.142795299513678
BRD4	-0.142855946019436
ACSS1	-0.143184875889494
SATB1	-0.143318736800655
UBFD1	-0.143340823256848
CCNB1IP1	-0.143507417648738
CREBZF	-0.143532762316553
SUPT16H	-0.143612434272973
ZNF597	-0.143708252482528
ANGPTL1	-0.143736507155666
SRSF6P2	-0.144108373249605
SYNE1	-0.144192965410709
DDX39B	-0.144411163467749
CLTC	-0.144572242249781
RPS19P3	-0.144794453201191
ZNF621	-0.144886228355004
RAB28	-0.144944253751701
SEPTIN7	-0.144958434309117
NCK1	-0.144974977756328
MICALL1	-0.145010449423945
MPP4	-0.145094911787529
ZSWIM6	-0.145191790885577
CCNB1	-0.145254967854292
PTPRA	-0.14541674814351
WDR41	-0.145678029071594
COPS4	-0.145755689118135
SLIRP	-0.145802955297469
RAPSN	-0.145846091358715
CLUL1	-0.145849766988477
E4F1	-0.146111735469544
ARHGEF10L	-0.146119338541942
COL6A4P1	-0.146127329774742
ZNF271P	-0.146164904351114
BBOF1	-0.146281262017502
NELFA	-0.14631418050548
NANOGNB	-0.146325043827558
RAB15	-0.146506902087875
RASAL3	-0.146619821409276
TMEM94	-0.146833834876336
DUSP8P5	-0.14694133030231
CNTN1	-0.147332162808713
RNF20	-0.147773279722756
ZFP2	-0.147823752926027
FOXO1B	-0.147856077010875
ATP9A	-0.148019777876328
ODR4	-0.148061501866465
IMMP2L	-0.148076229574068
ZNF778	-0.148147822935085
XRCC3	-0.148463286935525
RDM1	-0.148475651045756
PRAME	-0.148505489286737
DDX19A	-0.148572976337474
SSH2	-0.148577375725656
SLC9A8	-0.148803020610458
MSMP	-0.14915426401457
KLHL21	-0.149487681605741
NRSN1	-0.149761115940262
GINM1	-0.149810578617835
RCC2	-0.149813542049802
KCNIP3	-0.1500740315326
PRELID1P1	-0.150086886951133
SNRPE	-0.150205754422439
CHD6	-0.150351433238152
HSPA4L	-0.150971919350355
GDPGP1	-0.151019956606821
COX19	-0.151043902609479
MAIP1	-0.15105711651557
MYO15A	-0.151063055843225
NRBF2	-0.151096609474043
GSPT1	-0.151355616155359
NUDT13	-0.151833513873064
FCRLB	-0.151942595174119
NOP53	-0.152009435332654
LUZP1	-0.152023925579149
NDUFB11	-0.152063711864389
BTBD8	-0.152064835492138
BMP3	-0.152237208111257
GET4	-0.152255169133196
GRK4	-0.15243863575817
NCAN	-0.152924485299068
STRADB	-0.153127186060936
SCG2	-0.1531485434787
SMIM10L2B	-0.153174032108938
DCAF8	-0.153227379076348
ZNF569	-0.153350525113403
PNRC2	-0.153459916415837
RPSAP54	-0.153550489649284
BAK1P1	-0.153598449361548
KCTD20	-0.153629233175753
CYP2B7P	-0.153762667747681
PLA2G5	-0.153768819454392
PXT1	-0.153983322422713
BNIP3P16	-0.154110215826076
RTTN	-0.154122983399631
KCNE1	-0.154357075206999
BCL7B	-0.154505072623627
DCAF16	-0.15450929493831
TNFAIP2	-0.15452342606419
CRYGN	-0.154949640404942
H2BC4	-0.155200803833435
SIRT4	-0.155403993017582
FAM47E	-0.15555149935073
DCK	-0.155637928630577
ITGB1BP1	-0.155675193179681
KNG1	-0.155978264937518
HFM1	-0.156008726574667
ECE1	-0.156127967048741
MTMR1	-0.156131353592719
PDF	-0.156153511527107
GSPT2	-0.156176026297725
TMEM201	-0.156428819271136
ZFAND5	-0.156508394922921
TBC1D8B	-0.156696233539949
JMJD8	-0.156956929306783
ASB6	-0.15703958778113
RBBP9	-0.157197805830843
GUSBP13	-0.157202419824453
CABCOCO1	-0.157210691779642
ATG12	-0.157236217663137
AKAP9	-0.157438386309941
CLEC19A	-0.157698277499882
FAM120C	-0.157861325728837
TOB1	-0.157867038637374
TOP2B	-0.158016418306288
TOM1L2	-0.158139501200239
GTF2IRD1	-0.158357110117444
CXorf49	-0.158392344479807
CPE	-0.158470108612522
THAP8	-0.158708922221458
RRP1B	-0.158717358900597
TOMM40	-0.158786871497586
SLC49A4	-0.158838133259573
PHRF1	-0.158895455787168
MBTPS1	-0.158899051309383
CARF	-0.158965869955258
SHOX	-0.159083936636734
MAGOHB	-0.159161930028143
GNAI3	-0.159196202012639
GCHFR	-0.159326742499087
MATCAP1	-0.159410035199857
DIPK1C	-0.159468193812213
NANOGP7	-0.159532842075921
MAMDC4	-0.159551259597769
CCNE2	-0.159573314055849
NAPRT	-0.159711767997483
ALDH4A1	-0.159900196871028
ZNF653	-0.160037254071605
H2AC15	-0.160112949108116
HARBI1	-0.160136975168393
HNRNPD	-0.160470817743625
ACCS	-0.160638183697408
CD160	-0.160682224689272
TMX2	-0.160780839164351
ZNF136	-0.160866787324958
RABL6	-0.161024467861758
HASPIN	-0.161052651798098
CCDC38	-0.16113855623301
PPIL4	-0.161207878649298
ZNF614	-0.161225443311754
CYP24A1	-0.16132304661586
GPHN	-0.161336864594623
CHPF2	-0.161399057298355
ZNF708	-0.161579103808209
FYB2	-0.161623528926351
PCOLCE2	-0.161755197665601
MTAP	-0.161784707688228
MRPS14	-0.16200741050842
GPM6A	-0.162090968064945
TRAK2	-0.162453120442977
NKAPL	-0.162472824098204
MRFAP1P1	-0.162754834246729
FANCB	-0.163056560649367
DNAJC7	-0.163147863985032
CENPH	-0.163231280320183
GOLGB1	-0.163249021413106
MYO3B	-0.163477067436126
PIM3	-0.16353841402912
ARHGEF19	-0.163623555377314
PFDN1	-0.163742475702569
STX17	-0.163848944924077
GTF3C5	-0.163886997750384
RBM14	-0.16389645994729
MYD88	-0.163923439861531
ZNF441	-0.163973342384685
PCDHGC4	-0.164073498284374
CD99L2	-0.164248630608857
TPRG1LP1	-0.164252991362704
EMC2	-0.164290371847844
LGALS7	-0.164405005282379
RPS15AP10	-0.164476594461044
SETP14	-0.164502858419088
WDR27	-0.16452146012015
ATP5MC1	-0.164582923778503
EIF4H	-0.164603290768339
SIDT2	-0.164667139015392
GAS2L1P2	-0.164773699356797
NPIPB12	-0.164869084087966
ZNF684	-0.164896326027207
VPS37A	-0.164944735416643
ECD	-0.165007796189833
HBG2	-0.165089511943712
SPOCK1	-0.165240108498072
SBF1	-0.165284860288329
SEMA4D	-0.165291182536708
SOX9	-0.16535780579203
BLOC1S4	-0.165369656093335
NIPSNAP3A	-0.165398066477984
TACR1	-0.165430634959697
PTCD3	-0.165573147281206
SNX13	-0.165686191664447
PHF10P2	-0.165966733020624
PBDC1	-0.166011367073415
SMAD5	-0.166016394317504
TEC	-0.166059893282244
RPL13AP12	-0.166110212992674
LRRC24	-0.166242450400675
AVEN	-0.166271437756072
CBL	-0.166341136276482
SIVA1	-0.166399708375723
RRP36	-0.166417126058157
HLA-DRB1	-0.166460480587087
CDX4	-0.166728213609202
STK11	-0.167006328349229
MISP	-0.167114979196808
THOC5	-0.167201764801241
DTWD2	-0.167227990612804
TKFC	-0.167457520867401
PLS3	-0.167502099586752
NEUROD1	-0.167765274089982
APEH	-0.167848591310508
ZNF641	-0.167887588305898
LAT	-0.167907330165953
HNRNPLP1	-0.167932731319239
ZNF33A	-0.167951163340016
ADD3	-0.168047005689331
TTYH2	-0.168075206554018
AREL1	-0.168204517410638
TTC39B	-0.168287355952306
PBK	-0.168339218953942
BFAR	-0.168352486209451
RAD9A	-0.168549555182699
RAD54L	-0.168589894480984
CCDC47	-0.168592633002003
FOXRED1	-0.168691889829529
TBC1D32	-0.168699138413353
MCM9	-0.168824451970468
NUDT15	-0.168890521641831
GPR87	-0.168957998356041
CMIP	-0.168962300607283
DYNC2I2	-0.169025039556925
UCK1	-0.169194312812231
FAM13C	-0.169215231547165
USP19	-0.169291171020409
CUBN	-0.169394442895659
ANKDD1B	-0.169436842102428
ETHE1	-0.169541241554796
FGF2	-0.169707535582861
RPLP0P3	-0.169802429739856
PMPCB	-0.169850053585733
CSDE1	-0.169932867251986
PRAG1	-0.17006362133097
RPL17P18	-0.170099797433916
ERI1	-0.170303151603677
VPS8	-0.170438083501229
SLC10A6	-0.170438606509242
TPI1P1	-0.170506700619409
DEFB134	-0.170656262159928
ATP6V1E2	-0.170734923341632
ZFP69	-0.170773457855968
PBX1	-0.171109649287456
VPS50	-0.171124977830247
MAP3K6	-0.171131173048496
C1orf159	-0.171626681515949
COMMD5	-0.171912175060419
ALG5	-0.172082870587685
IPO8	-0.172174388005748
SAXO3	-0.172265817027902
FAM169BP	-0.172450519965845
TRAPPC13P1	-0.172497697920575
RIMBP3C	-0.172574440464604
HMGB2	-0.172618779768522
RBMX2	-0.172625029597358
CDK2	-0.172684805295917
PRSS23	-0.172724829125682
ABTB1	-0.173006178644074
KCNQ3	-0.173090998639372
EGFR	-0.17347118568316
MIGA1	-0.173538382782611
IDNK	-0.173601228501736
RPL21P40	-0.173608009536687
POLR3D	-0.173911338107419
PDCL3	-0.174109873985259
DNAJC25-GNG10	-0.17422477709957
C12orf60	-0.174384841967757
ACTL11P	-0.174572494877736
NXF1	-0.174727610150071
NR2F6	-0.174770468002463
TBL3	-0.174778609709325
MRPS31P4	-0.174992035820745
NOL7	-0.174995858180881
CXCR4	-0.1750857919678
C2orf69	-0.175106188179669
COX17	-0.175212538480793
SNRNP200	-0.175227119604761
AP2M1	-0.1752581968975
PAX8	-0.175341489730534
ZNF140	-0.175363293633339
SLC38A8	-0.175363685638646
LEMD3	-0.175383053959207
ETNK1	-0.17539074975383
STARD3	-0.175400250574881
PPP2R3B	-0.175537520739661
CP	-0.175663553788649
CPSF4	-0.175685078444508
TENT5A	-0.175774288747183
ECT2L	-0.17577630062783
NME5	-0.176113790262331
AOC2	-0.176393451402743
LINC01347	-0.176459422699777
RBM7	-0.176636069895615
TACO1	-0.176818780416304
FABP5P9	-0.176956132214632
CYP2C9	-0.177005855524323
MAPDA	-0.177010999626802
ZNF606	-0.177102930261967
ST6GALNAC4P1	-0.177471537458193
BTBD19	-0.177493097961661
DIPK1A	-0.177573687127013
SARS2	-0.177633588523598
SLC25A5	-0.177712365877466
P2RX4	-0.177750476327648
ATP6V0A4	-0.1777848301687
CCNC	-0.178037815991802
DBR1	-0.178084263409491
FAM83A	-0.178193518683006
DENND6A	-0.178520844668866
EIF4E3	-0.178605336865386
NEMF	-0.178617061438111
SLX1B	-0.178671461605466
RNFT1	-0.178747696155104
NPM1P6	-0.178786625572703
TMEM63B	-0.178821407385985
COX15	-0.178822909636738
DENND4A	-0.178867705445547
TUB	-0.17887518726739
C11orf58	-0.179057896065954
CCDC192	-0.179092468062527
CA5BP1	-0.179264848198943
UXT	-0.179323763990566
ADCY1	-0.17934456700613
KLF18	-0.179427299619722
ZNF212	-0.179502189970783
LINS1	-0.179644105821543
HSP90AA1	-0.179644874945071
VPS52	-0.179920458446342
STARD6	-0.180034004022177
NXT2	-0.18015427957307
ZNF542P	-0.18050233473122
RHOBTB3	-0.180578216964842
WHRN	-0.180744996134837
COX14	-0.181036355348447
ASXL3	-0.181088941054608
TPM4P2	-0.181110468309315
EMC1	-0.181151474892309
TCFL5	-0.181344230966489
IL3RA	-0.181363252171575
AHSA2P	-0.181429179684538
FAM209A	-0.181505250901192
RPL7P32	-0.181519027776358
TAS2R5	-0.181634929736772
CLEC4OP	-0.181642611421643
AMT	-0.181665142545175
STARD10	-0.181692819491764
MANSC1	-0.181871211088159
ZNF217	-0.181878294194685
WDR7	-0.182158049977397
SNX30	-0.182192611527147
HPSE2	-0.182267602728595
USP2	-0.182287917806182
HS1BP3	-0.182300426380268
EIF3H	-0.182350673990869
KIF15	-0.18244342415257
CALCR	-0.1824690142128
NME8	-0.182698033712835
SGO2	-0.182788096529407
XPO7	-0.182938998276679
TDRD9	-0.182980518777039
METTL15	-0.182995284208018
KNDC1	-0.18315676024003
NPIPB4	-0.183212590454208
ENTPD6	-0.183238090533662
MSANTD2	-0.183403317849347
SMG6	-0.183582438048549
SEPSECS	-0.183655567086013
RGS4	-0.183658919804198
IMPDH1P8	-0.183901217102623
AIFM1	-0.183939877898365
DLX5	-0.183984018020502
IGBP1	-0.184006817616744
UBXN11	-0.184117427888685
ANXA9	-0.184152143991693
SLC30A6	-0.184173314465537
FBXO40	-0.18428079554727
NLRP3P1	-0.184351891392449
TPBG	-0.18445079876411
YWHAH	-0.184539366823011
TIGD1	-0.184602450568729
ADGRF2P	-0.184618706506329
TOP3A	-0.184707630899157
ANKRD35	-0.184814908982743
CDCA8	-0.184924995348633
C1orf35	-0.185008523444925
REXO5	-0.185218108737769
SCN2B	-0.185235372208044
CYP27A1	-0.185349691615228
LHFPL2	-0.185377350675601
RPL8	-0.185616882884206
HNRNPA1P4	-0.185881354367833
SLC26A10P	-0.185887049370104
CLBA1	-0.185935624171082
TIPRL	-0.18600898449914
TM7SF2	-0.18617791504996
GPT	-0.186232031560569
RAB10	-0.186353151580168
TMEM62	-0.186390765912527
DDX20	-0.186522896310312
SCG5	-0.186551712776947
NIFK	-0.186649534178646
GXYLT1P4	-0.186655773778223
DGKH	-0.186937908946989
C4orf36	-0.187682857865954
HECW2	-0.187716083533023
ARHGAP8	-0.187894648753388
TRMO	-0.188047632487674
LY6K	-0.188064550783862
EPAS1	-0.188108744768481
IL6R	-0.188333336290699
TMEM198B	-0.188358415116217
CTR9	-0.188652295578314
GPR176	-0.188653581009847
TBX4	-0.188710659447561
GBE1	-0.188736340693569
ZNF319	-0.188773773751177
MRPL20	-0.188791440629535
NCS1	-0.188794286034935
MAX	-0.188831784360903
TPI1P2	-0.189015607141561
NPAP1	-0.189021674967319
LRRC14	-0.189072834427539
SEC1P	-0.189228463483321
NIT2	-0.189317934121276
CYB561D2	-0.189820704321885
CNOT1	-0.189830404088093
C12orf56	-0.190310487471121
NPPC	-0.190334066080984
PCBP2P1	-0.190370022166346
HSF4	-0.190482465476434
DUOX2	-0.190537723222162
NUFIP2	-0.190564420614368
RBL1	-0.190588226303468
TEX19	-0.190684972233154
EPHB4	-0.190725615126935
PARP11	-0.190963568897697
PPP1R14BP3	-0.191160486451987
MED26	-0.191178316955289
CAPN10	-0.191213989016267
GINS3	-0.191242283140238
CLIC6	-0.191304936489269
CST6	-0.191358811855561
SMIM15	-0.191383525622228
FBXO44	-0.191419717451491
PLIN2	-0.191507283389357
WDR4	-0.191783535030149
FAM13B	-0.191796236222996
IFT20	-0.191844999078566
BRCA1	-0.191881138224251
RRP7BP	-0.19192686008199
FUBP3	-0.191975521824201
SAMD5	-0.192018503958293
NUP205	-0.192082116513215
MIPEPP3	-0.192125039495757
ABCA11P	-0.192229941914793
SET	-0.192334225295033
PEX16	-0.192347067141355
DDX60L	-0.192454953453976
ZSCAN5B	-0.192492633264665
RASSF2	-0.192555622356578
CDHR4	-0.192884358769409
ADAM9	-0.193145092944882
ADPGK	-0.193201035522446
TUBAP2	-0.19347304708777
TNFAIP8L3	-0.193496776444486
DCLRE1A	-0.193517677462172
GINS1	-0.193540184537064
DGKA	-0.193605955517444
MAGEB3	-0.193648209884918
TIMP3	-0.193781651452913
LEAP2	-0.193854202078344
ZKSCAN3	-0.193878755356495
RGS12	-0.194100144347148
WBP11	-0.194158652208707
MUC19	-0.194233032228446
HNRNPA1P8	-0.194286940073733
PCDHGA12	-0.194415454017586
ERC1	-0.194551263442684
RPGR	-0.194660301662027
TRIM61	-0.194701267154529
CIDECP1	-0.194749140150802
TRIM52	-0.19480714219342
RTEL1-TNFRSF6B	-0.194900200351114
ENOSF1	-0.194913974089364
HLA-DQB1	-0.195078880902352
ENPP1	-0.195204534585419
C1QTNF6	-0.195275038362976
ULK4	-0.195519316382187
CEACAM22P	-0.195536285711321
CAPRIN1	-0.195560551280099
FOXN2	-0.195613814744825
ING3	-0.195616327161565
ZNF432	-0.195653183217967
COX5A	-0.19566846703242
ARHGEF7	-0.195759758391915
NUCKS1	-0.195779326493471
ZNF71	-0.196411972198121
MANF	-0.19658609224571
CASQ1	-0.196733252114901
SYS1	-0.196884259705197
C12orf42	-0.196970405567469
ZNF224	-0.197203916186661
ADAP2	-0.197365739060461
NMD3	-0.198069911793437
ZNF7	-0.198249373774459
DICER1	-0.198278950955429
GLG1	-0.198309284357072
SYNGR1	-0.198521078038523
HNRNPA1P7	-0.198766642728771
SP2	-0.198905251664705
TMEM255A	-0.199125176100098
HDAC10	-0.199316522920885
SLC10A5	-0.199344831280826
SPATA13	-0.199574417741343
CFAP97D2	-0.199621052301115
KIAA0825	-0.199643052838003
RPL31	-0.199664920149802
TUBB8B	-0.199682616946635
CNTLN	-0.199713315481517
HNRNPH1P1	-0.199913800458918
KIDINS220	-0.199924470424172
CLC	-0.20012130510106
TBK1	-0.200165491080824
MTG2	-0.200172765128758
SLC7A4	-0.200471040736263
PGAP1	-0.200733881476371
PARP15	-0.201062312458744
KICS2	-0.201112827698758
RAVER2	-0.201189061105768
SPICE1	-0.201391119378836
CFAP100	-0.201401613899683
MKRN10P	-0.201538985329169
KNOP1	-0.20161578351409
LRRTM4	-0.201663450376967
KLHL10	-0.201827807348804
ITPR2	-0.202314707398912
SGCB	-0.202453288641603
TCF19	-0.202628446412097
NDUFA2	-0.202854126977997
CHAC2	-0.203178890519397
UNKL	-0.203228743577532
PERPP3	-0.203482978808495
C17orf67	-0.203745050076142
SEPTIN7P8	-0.20374947330422
NEIL2	-0.203782840677152
TEX21P	-0.203892368688505
BMS1	-0.203978068381176
GDF9	-0.204015659682616
CTSS	-0.204122285466267
RTF2	-0.204191283539551
CEP70	-0.20420752916801
PPP4R1	-0.204297730631331
POLR3C	-0.204302412260886
RGS19	-0.204355153171945
SCARB1	-0.20481303004162
MIB1	-0.204826405423321
KLK3	-0.204874725581496
ISOC2	-0.205013219038326
ABCB9	-0.205294713668551
USP39	-0.205452290544717
MPL	-0.205579770504887
PDE4DIP	-0.205702191721213
UGP2	-0.205775341365832
POLDIP3	-0.206068066237109
NDUFV2	-0.206077987419072
PLA2G6	-0.20608272007962
MKS1	-0.206091173046899
PMS2P6	-0.206272616695115
USF1	-0.206360694828456
N4BP2	-0.206398846596076
MAFB	-0.20640103538313
SYT14	-0.206482001197145
SYT15	-0.206511157227731
RAB8B	-0.206676979087354
ABHD18	-0.206823134327882
DAZAP1	-0.207041399371226
CACNB4	-0.207686581306892
BNIP2	-0.207795398434398
OR7E22P	-0.207983427211182
KIF14	-0.208131277416601
C1orf115	-0.208145539292214
ZNF280C	-0.208215974623609
C1orf198	-0.208289706299453
PAPOLA	-0.208377745162872
LIMS4	-0.208457968417574
PUS7L	-0.208461218638442
SNAPIN	-0.208609316841911
DDX31	-0.208655247281668
BLCAP	-0.20901384443247
KLF13	-0.209013877618914
ATP10A	-0.209100509323737
MYO5C	-0.2091236522322
GTF2IRD2	-0.209184812630112
ETNK2	-0.209259023279123
CTDSPL2	-0.209270963470233
YWHABP1	-0.209503030956827
CYP4V2	-0.209601760388964
MAGEA12	-0.209663898383174
SULF1	-0.20970925414419
NECTIN3	-0.209737847318332
GALNT1	-0.210015523152534
DOCK1	-0.210071667638307
REDIC1	-0.21028508937904
PLPPR1	-0.210490657793568
FKTN	-0.210566024457142
FAM200C	-0.210732526967277
RPS6P25	-0.210786162735746
GOT2	-0.210840572727404
MRPL45	-0.210936439576593
SUMO3	-0.211042017657725
AMMECR1L	-0.211283862726526
ACADSB	-0.211500693663113
ZNF175	-0.211503441128865
MFSD2B	-0.211686484562039
HSPE1P2	-0.212114317491024
ATP8A1	-0.212263480445817
PACSIN1	-0.212493359473614
FAM86KP	-0.212508567984017
AOC3	-0.212660877979373
ACKR4	-0.212700654922266
SLC25A24	-0.212774016616833
TRIM24	-0.212958343678013
STAC3	-0.213062950023008
HCK	-0.213116617738953
PTPN1	-0.213504294407968
RBM6	-0.213602705609455
ATP8B2	-0.213829256555223
FCGR1A	-0.214112410065554
D2HGDH	-0.214284289205788
GGPS1	-0.214321583723523
TBPL2	-0.214599140382951
ANKS3	-0.214618600300387
SOCS3	-0.21463196502585
SMG5	-0.214792080152227
TIMM23	-0.21483523152077
SEMA4B	-0.214844044819341
TMDD1	-0.214984671978729
DYNC1I2P1	-0.215013625702462
EMC6	-0.215027100246439
MTX2	-0.215212258230955
RGL2	-0.21525036261068
SHISAL2A	-0.215521907030312
PBLD	-0.215530640328311
ATXN7L2	-0.215533940636162
RPL21P120	-0.215676656442623
CCNB2	-0.215798251978041
HLA-DPB1	-0.215934048024305
FAAP100	-0.216250468251928
NPM1P7	-0.216521515724038
GABBR2	-0.216663014317986
RXRB	-0.216685926131474
SMIM13	-0.216705253804602
JOSD2	-0.216740849952825
CFB	-0.216937712971191
ANAPC10	-0.216986438686665
SGPP1	-0.217011279457052
H4C9	-0.217073303458441
RBPMS2	-0.217085004228213
ALKBH5	-0.217390020038203
KIAA0232	-0.217416285819936
KLK8	-0.217461494831079
PMFBP1	-0.217507678098174
TMEM41A	-0.218020346384744
MTCH2	-0.218128459318933
ANO1	-0.218147096575666
RABGEF1P3	-0.218433937621967
LACTB2	-0.218560531635166
EIF2AK4	-0.218772346196247
NOC4L	-0.218840553722391
XRCC1	-0.218921062122632
TINF2	-0.219033047559658
RSPH6A	-0.21935659018033
COL8A1	-0.219454728357123
TEX2	-0.219537414076521
TYW3	-0.21958387355475
SETP12	-0.219623891975502
RPS15A	-0.219834841028094
LEMD1	-0.219877135596112
ERCC1	-0.219945169505584
COG3	-0.220082470469527
AKR7A3	-0.220104630153205
ACOT1	-0.220270103980502
TMEM271	-0.22030054599577
SLC25A42	-0.220349587526133
DYNC1H1	-0.220368538452162
UGT1A7	-0.220443134559826
ATF4P3	-0.220496694728228
PIP5K1A	-0.220504159058534
UNC5CL	-0.220548762007754
CRAT	-0.220583962705039
CHTF18	-0.220687886808865
LTB	-0.220725368739517
IQCK	-0.22094430691859
STX12	-0.221203617568403
THTPA	-0.221470584239435
SUSD3	-0.221840282857998
TRPM2	-0.221892117198921
EPHX4	-0.221894902406371
MRPS34	-0.22192315194924
ARPC1AP4	-0.222088911258769
NRXN3	-0.222103495056875
LAPTM4A	-0.222281438368039
DOHH	-0.222281525721533
ESYT2	-0.222310697560505
ALG1L2	-0.222363146326897
CROCCP3	-0.222418894039641
LEFTY2	-0.222618787655693
H2AC11	-0.222990658038126
CCDC69	-0.223004660669
EIF5A	-0.223035948204546
PPATP1	-0.22360877717032
NIM1K	-0.223738623101373
RACK1	-0.223792994022842
PDLIM1P4	-0.223812248146722
CFAP73	-0.223947243740002
KLF7	-0.224019003788169
NSA2	-0.224199191025795
EPN3	-0.224221958342625
ZNF329	-0.224276925674097
UBL5	-0.224340762556031
MON2	-0.224585567115879
GLI4	-0.224622035566189
MTARC2	-0.224671036911031
PRR11	-0.224684391712145
ANAPC4	-0.224726086698121
CATSPER2P1	-0.224773088081313
PCSK4	-0.22495931401554
ASH1L	-0.225031921438267
OGFOD3	-0.225225178160418
XKRX	-0.225228247144147
OR9K1P	-0.225491191551233
ACSF3	-0.225527273926386
CLCN6	-0.225596936901833
PAWR	-0.225663044712107
PCDHGA3	-0.225791591373371
RTL4	-0.225827601600244
FAM187B2P	-0.225831181928924
DMAP1	-0.225899048664145
GJB2	-0.22611722062055
PPCDC	-0.226410001310292
MAGEB17	-0.226473100362425
CNMD	-0.226486775412183
MICOS10	-0.226511432869347
ERF	-0.226547765970727
FDPSP8	-0.226702890064089
C6orf47	-0.226899655049165
CAPZA1	-0.226968312429784
KPNA6	-0.227078583053916
AK6	-0.227096238568103
CDC42EP5	-0.227104150608652
ASCC1	-0.227188335713974
CDK3	-0.227309841646252
RIC8B	-0.227437892495381
PDIA5	-0.227499841886528
GPR35	-0.227791199203902
NKAP	-0.227792558862427
INHBC	-0.227838661959695
KGD4	-0.227945083072995
FUNDC2	-0.227956714302762
ROCK1P1	-0.228031882590937
EFNA4	-0.228057483885414
CABYR	-0.228076580505201
TCTN2	-0.228220980980006
NUTM2E	-0.228469360863718
GORASP2	-0.22848990991912
MFSD6L	-0.228518691389647
MTRR	-0.228595130373982
YTHDF3	-0.228796781754244
PCDHB12	-0.22921576720494
DOCK6	-0.229276950360957
MGAT4C	-0.229476618186224
TMEM131L	-0.229540979127921
UBA2	-0.22961544953942
ACTBP7	-0.229663575958461
CHRNB1	-0.22967431957778
BRMS1	-0.22968705813298
VN1R87P	-0.229693160066234
MED9	-0.2298773515103
INSRR	-0.229880251650812
ERAS	-0.229959260348743
ANTXR1	-0.23010994515108
PAQR3	-0.230193722145494
CPSF1	-0.230315155014168
UBR1	-0.23035802629263
DHCR24	-0.230459487718841
EEF1D	-0.230565218538986
MRLN	-0.230764451468743
CRHR1	-0.230904339162623
CCT6P3	-0.230975928572148
SQOR	-0.231110995099117
SPATA31A3	-0.231133919943768
BGLAP	-0.231419717068984
MTF1	-0.231446148490825
RPS27L	-0.231519616771651
RHPN1	-0.231664159084812
FRG1	-0.231914102826481
SLC27A2	-0.232089889885909
SPP1	-0.232102679304797
SPC25	-0.23222748350071
LGALS1	-0.232429847061474
AGAP14P	-0.232466882912104
TMEM121B	-0.232577339414013
MRM1	-0.232641023557265
FEZF2	-0.232774966043885
TBC1D3D	-0.232811964216582
C1QTNF12	-0.232889674478182
ZFP91-CNTF	-0.232890863224414
GPR180	-0.233220943430335
PABPC1P3	-0.233427079029243
REG1A	-0.233443969777516
ZNF449	-0.233649676571872
ALOXE3	-0.233961346519914
SRA1	-0.233995580823094
ZYG11B	-0.2340651466632
CSAG4	-0.234888229714174
PRKAB2	-0.234904513139157
PKNOX1	-0.234987112629211
TOX2	-0.235018561391476
LYPLAL1	-0.235033326762829
BRCA2	-0.235122414941025
CCDC146	-0.235339604167061
AKAP8L	-0.235362525287516
KIAA0408	-0.235619158501819
CERK	-0.235634974267077
ATG4A	-0.235696609496077
OSGIN1	-0.235770995953842
INTS14	-0.235868988859422
TMSB15C	-0.235872936755171
H2BW2	-0.236042124663526
CLEC1A	-0.236382814720659
ZMAT3	-0.236477551903092
SLC30A2	-0.237072935829147
SEC22B4P	-0.237114861547461
TNRC6C	-0.237313012051186
GOLM2	-0.237438510862787
CORT	-0.237517167291953
TAF10	-0.238127485803747
ARHGAP44	-0.238130275423303
HECTD1	-0.238242353521656
ZFAND1	-0.238321635422461
YIPF1	-0.238440738883694
JADE2	-0.238457673657562
CPN1	-0.238483681868578
RAN	-0.23859693100516
ZNF518B	-0.238672127910048
ELOVL1	-0.238941808649378
DCTN4	-0.238963227265791
CDPF1P1	-0.23905944529939
CDC73	-0.2394232474169
PRSS30P	-0.239546968765211
ZNF180	-0.239855491068238
ST3GAL5	-0.239921970354105
CCDC59	-0.240019990082105
NCBP2AS2	-0.240029916748681
CACNG6	-0.240293304626989
NSRP1	-0.240518137563672
MCOLN3	-0.24056940294515
IRS4	-0.240641056482731
MAPRE1	-0.240860775676058
PCIF1	-0.240982589644896
RNF2	-0.241034496665163
NLN	-0.241278951890492
ZNF461	-0.241304174340467
PNMA6B	-0.241481443730862
SLC15A1	-0.241550752076104
DAAM1	-0.241601473081153
MPV17L2	-0.241921712596086
TRAK1	-0.241930958242253
ABCC6P1	-0.241992617321222
KLF6	-0.242002685175732
KLHL17	-0.242047685577336
ZKSCAN8	-0.242101934985882
GNL3	-0.242357370598004
SF3B6	-0.242413327156217
NR2C2AP	-0.24247679727538
RPL12P7	-0.24289702107048
GTF2H1	-0.243516084879946
DNAH6	-0.243686530941697
IGDCC3	-0.243736063593296
UGGT1	-0.243789131785633
UPK3BL1	-0.243915472904101
DUTP6	-0.243940287024519
MRPL57	-0.244060643911289
APH1B	-0.244277127265543
POLL	-0.244403954033717
UPF2	-0.244428417975733
ZC3H13	-0.244456228628944
ZNF66	-0.244538248280072
PPIAP14	-0.244627182103793
H4C16	-0.244840458259818
ISG20L2P2	-0.244990335502856
ANO7	-0.245104626663329
PPP2R5A	-0.245148085599387
MOSPD3	-0.24572582438683
INSYN2B	-0.245773253202596
DNAL4	-0.245818836857554
LBHD1	-0.245840233520704
UBE2SP2	-0.246241945192456
TTC41P	-0.246330551111869
PIGO	-0.246382868202017
ZUP1	-0.246441382072398
RPL26L1	-0.246641757600331
ST13P7	-0.246726858669304
KRT8P39	-0.246967292623637
ACLY	-0.247053647027979
CDYLP1	-0.247155478675868
EIF4EP2	-0.247374695158266
MIS12	-0.247423556008424
ZNF774	-0.247499942457209
C1orf43	-0.24776021252987
RPL23	-0.247778038939155
AARSD1P1	-0.247896660101178
ARPC4	-0.248047671120035
HMCES	-0.248063080381474
CCAR1	-0.248068532054914
CYB5B	-0.248114177506314
ZNF550	-0.248364208872578
AGBL5	-0.248619845166326
TMEM9B	-0.248952050231623
CDR2	-0.249053614293101
SAMTOR	-0.249250146636337
CAPS	-0.24943982792234
NQO2	-0.249648301140705
ADIPOR1	-0.249668565687261
MFN2	-0.249803083462656
LINC00933	-0.249822123420667
RNF216P1	-0.249854263809333
GPATCH8	-0.249975766476502
LYPD5	-0.250064687919542
RBM14-RBM4	-0.250196993091337
RTKN2	-0.250212282818648
TBC1D22B	-0.250283634508001
TMEM88B	-0.250388045586177
MMD	-0.250633935450573
OGFOD1	-0.25065925868079
SNX29	-0.250742812582999
CPSF6	-0.251048194326461
METAP2	-0.251070075557836
TLE6	-0.251228246378128
PNPLA3	-0.251284027157807
SYAP1	-0.251289311531917
CD69	-0.251413638844532
PAF1	-0.251422104647845
CREB3L2	-0.251866495582684
MRPL12	-0.251868347219742
NRIP1	-0.251882286655934
WDR81	-0.252035491506681
PHTF2	-0.252184894957929
ABCD3	-0.252718321828316
STRCP1	-0.252729083836427
GPN1	-0.253155466621048
HAGH	-0.253212909363473
LSM3	-0.253214649167135
OR7E47P	-0.2532999281598
COG2	-0.253455216305771
PLEKHA8P1	-0.253573965293708
PCSK1N	-0.253942158491308
PELI3	-0.253984471788793
ZNF142	-0.254194960847618
KCTD6	-0.254213669981857
MRPL38	-0.254284240472372
EDC4	-0.25443362796584
CDH2	-0.254488207564543
RNF7	-0.254592311551971
RBM25	-0.254951380423563
SERPINH1	-0.2550180812813
RBM12B	-0.255191253406475
NPIPB14P	-0.255429470939632
RPL26P30	-0.255513841110036
MAMSTR	-0.255732671097328
ASF1B	-0.255938692463783
MDFI	-0.256048592748429
MYBPC3	-0.256077466746611
SNX22	-0.256164174544081
EIF1	-0.256251107952533
ATXN7L3B	-0.256488783132467
GPBP1	-0.25649100785217
FAM200A	-0.256512177629186
U2SURP	-0.256811030947197
ZAR1	-0.257061779586453
GRSF1	-0.257075820380241
GXYLT1P3	-0.257087273288066
ZNF48	-0.257094775725199
GABARAPL1	-0.25732346760447
NKD2	-0.257425697640902
SLC66A3	-0.257463548112521
KLHDC9	-0.257465932183814
FAM204A	-0.257466879929269
WDR45B	-0.257472401190357
ZNF345	-0.257496113802833
THOC6	-0.257534445457598
RLBP1	-0.257690979731168
NOS1	-0.257877478237959
TMC2	-0.257901472612041
FAM98B	-0.258177426214065
RPL3L	-0.2584149770433
FDFT1	-0.2584533415762
TIMM22	-0.258472712381619
NAPSA	-0.258486473674294
CNTNAP3	-0.258579684173871
TRPC1	-0.258604701969594
MYBL2	-0.258617080522446
IFIT1P1	-0.25868897108091
EPHA2	-0.258733742267109
FNIP2	-0.258771166035162
ZNF699	-0.258860354404564
ZNF826P	-0.258924894360834
SORBS2	-0.259032407327521
ANO7L1	-0.259159536909736
RSPH9	-0.259297144136054
APC	-0.259333364176851
CHRD	-0.259351047473556
HLA-C	-0.259800805972859
PIK3R4	-0.260084878785538
C4orf46P2	-0.260244736437031
NDUFB8	-0.260445901768542
AZIN1	-0.260534475894974
ZNF106	-0.260631614454268
SMIM26	-0.260809678330664
IGF2BP3	-0.260828612838543
TMEM53	-0.260859962464784
CCDC180	-0.260982272308734
GJB6	-0.261134251353949
ZNF112	-0.261149035292599
AJM1	-0.261563614702933
SMURF1	-0.261703471747622
PDXP	-0.261771040720458
ACSL4	-0.262046855053448
PTMAP5	-0.262130958455275
BMS1P3	-0.262374060175342
DCXR	-0.262427320985555
CCDC174	-0.262531319144944
UBR5	-0.2625551178511
REL	-0.262573489040414
ZNG1A	-0.26264130179568
CD163	-0.262708306685236
OR51B5	-0.262921463919566
LRRIQ4	-0.26300573621245
ARMC8	-0.263188579955706
NOL3	-0.263278172954571
EXOSC8	-0.263608442872132
MCEE	-0.263609142020315
LINC02881	-0.263635930297836
H4C2	-0.264302578638805
NDST1	-0.264372216568392
CEP85	-0.26440920730494
C1orf162	-0.264423360307821
ATP5ME	-0.264440328967362
SYCE1	-0.264582479513901
RRN3P3	-0.264840980132305
WASHC2C	-0.265020449780994
IGF2BP1	-0.265196716661252
CASK	-0.265214571065134
GIP	-0.265357745107006
SCN8A	-0.265498763128942
KLC3	-0.265810214502289
ZSCAN5A	-0.265920938869353
PTPRG	-0.265957400686239
NTRK1	-0.2659805108453
HERC2P3	-0.265997336435174
HCRTR1	-0.266115142046612
FNDC3B	-0.26616926273549
ZBTB8B	-0.266246160836179
ZNF283	-0.266361370300863
ZNF263	-0.266491598457316
MAP2K6	-0.26654282749694
TDRD3	-0.266548444929014
BAIAP2	-0.266915952493003
FSD2	-0.266918233817032
NCDN	-0.266991683559554
TDP2	-0.267053965906323
CDX1	-0.267148134516024
IDH2	-0.267213987919083
CEP295NL	-0.267428905252423
KRTCAP2P1	-0.267617414757392
LRCH4	-0.26770569768315
ALPP	-0.267757816926452
RNF13	-0.267770136535064
PLD5P1	-0.26804758953473
SLC38A2	-0.268081083455987
TBC1D31	-0.268082753166378
PGAP3	-0.26808819555917
MRPL19	-0.268293619149431
TBC1D3C	-0.26829378139852
MCRIP1	-0.268741367024871
HOXD13	-0.26914263190101
ZNF134	-0.269171316682299
TRAF7	-0.269398505095921
ANKRD34A	-0.269411453587882
EQTN	-0.269423502861186
SPIDR	-0.26953910279689
IGFL3	-0.269669228956198
APOA5	-0.269819480843129
YEATS2	-0.269860273863803
ELK4	-0.270017289669574
PCDHGB8P	-0.270103215325343
ADCY2	-0.270203179077488
FNTA	-0.270521167515786
EHD1	-0.27055083290152
SYPL1	-0.270773426518161
STOML1	-0.270810503338687
SUCO	-0.271082803158508
ZSCAN12	-0.271139380477602
OR2W6P	-0.271200101797108
ZNF148	-0.271504457895447
ZC3H7A	-0.271920507427145
SLC39A10	-0.271974761042079
MYCT1	-0.272365100158415
APP	-0.272411344354875
SNTB1	-0.272544507226368
SHISA9	-0.272644667962342
ZMYM1	-0.272724555169649
PEX14	-0.272739217743602
IRS2	-0.272794027227647
UBR7	-0.272905626410494
GOLGA6EP	-0.273293047228452
TRNP1	-0.273308512496963
HUNK	-0.273324101409938
RUNDC1	-0.273623941622738
RERG	-0.273654266564322
SMIM17	-0.273676118434667
WTIP	-0.273761372279731
ARSD	-0.273799384964015
CDK2AP1	-0.27393337170483
SNX11	-0.274109383746631
TEF	-0.274150702671974
SSC4D	-0.274194339471463
ASCC2	-0.27438933226272
BORCS5	-0.27441004461575
OPRL1	-0.274651506800408
PPT2	-0.274656274885742
ANAPC13	-0.274680377958158
CENPV	-0.274710834246168
CASP6	-0.274983874987755
RBM44	-0.275132186979639
GLRA3	-0.275150397417321
NDUFB4P11	-0.275160440569717
EMC8	-0.275195401443157
SLC5A10	-0.275634572368286
ZNF845	-0.275671607717226
GTF2F1	-0.275725350254784
VPS13A	-0.275762120689364
RPL13AP25	-0.2758416244541
BMPR1AP1	-0.275930101177142
B3GNT4	-0.27628693024158
ERAL1	-0.276467348420687
TPM4	-0.276554410817075
BTF3L4	-0.276845339130909
ANKHD1	-0.276869831692019
NPIPB6	-0.277000399201958
EPHA4	-0.27702895361605
FAM219B	-0.277209132386763
GPALPP1	-0.277446171030185
RECQL5	-0.277505646000988
GTF2IP20	-0.27765865566429
CPVL	-0.277701270072352
CCDC22	-0.277783879551671
SMDT1	-0.278226515125461
RPL18AP3	-0.278481996316795
TEX56P	-0.278869295268108
GRM2	-0.279120546935237
POLR2D	-0.279130372326593
SLC4A7	-0.27919175510304
NUDT17	-0.279271812870516
TRIM69	-0.279333796972076
CD52	-0.279482268852392
PRSS16	-0.279484269137224
DNLZ	-0.279605766858881
COX7A2L	-0.279610106014593
GAS2	-0.279643057990955
NSUN6	-0.279650810913063
BCRP8	-0.279677479421208
VPS37C	-0.279816909835928
AICDA	-0.279845287379634
ACVR1C	-0.279960799515257
PPFIA4	-0.280159088983427
BMS1P13	-0.280195437201286
CHIC1	-0.280330830116003
UPK1A	-0.280366376401062
ARID5B	-0.280421347800452
REEP1	-0.280545852976508
C15orf39	-0.280559396777998
TAF4	-0.280692754678143
CEP104	-0.280944708252424
GATAD2A	-0.281348978564177
TRAPPC10	-0.281353059480715
CCDC91	-0.281370229860803
ZCRB1	-0.281506420814018
PRKAB1	-0.281858071109261
ATP6V0A2	-0.281899123960807
FLT1	-0.28198740784998
FGF7	-0.282106785019107
RPS11	-0.282137422421003
AURKAIP1	-0.28217008704543
ZNF551	-0.282529918821439
PRPSAP1	-0.282555434290274
EIF1AX	-0.282706244710485
MRPL48	-0.28272736283046
HDGFL3	-0.282752398286279
TLR9	-0.282752873162908
PTS	-0.282878639161196
C17orf107	-0.283012839673574
CHMP2A	-0.283157522450882
IRS3P	-0.283258104697965
DCAF4L1	-0.283281113929473
CD209	-0.28329248983821
FSD1L	-0.283474650832089
GFOD3P	-0.283585571979791
AK4P1	-0.283695247734472
PEMT	-0.283797920568932
NADSYN1	-0.283930690378257
NDUFS1	-0.283947808598006
COL6A6	-0.284265350743922
SPINT1	-0.284282003080138
COL4A5	-0.284297383344852
MAP4K4	-0.284333063749743
PCDHB8	-0.284372669171432
RUFY1	-0.284392748545376
MAST4	-0.284411762777866
TMEM249	-0.284652261695429
ST13	-0.284879257997018
PDE1C	-0.284923189595569
PRR14L	-0.285059617211121
NPW	-0.285111607374998
CTBS	-0.285140587222171
RNF224	-0.285283575928893
CACNA1H	-0.285287301747199
NANOGP8	-0.285439666243688
HIBADH	-0.285447213696573
DBNL	-0.285526864052897
PDS5A	-0.285572359284507
TNIP1	-0.285744535080621
TMEM81	-0.285892477992805
PRRG1	-0.286039436120699
ZNF367	-0.286213067472175
DTL	-0.286257425505068
EIF3C	-0.286322666544747
ANKRD26	-0.286501881232489
CEP250	-0.286550668138979
ZNF490	-0.286718214033187
ACAD10	-0.286744091916732
TBC1D3E	-0.287067696732199
BACH2	-0.287107917420975
C1QL3	-0.287282623240145
DDX6	-0.28814394614564
RBM41	-0.288313538937835
DCAF12	-0.288352870203344
MED14	-0.288672507050078
TRIM56	-0.288854589130909
STK24	-0.288919757538582
VPS33A	-0.288952103483182
KANTR	-0.289017391125442
CD8B2	-0.289195502205527
SNF8	-0.289199340773741
POLA1	-0.289516698785654
SGSH	-0.289675581290321
TOR1B	-0.290112935636654
NHEJ1	-0.29057697020606
RPS21	-0.290592604787339
ALG1L13P	-0.290599680265422
ZNF833P	-0.290678704643185
RPL7AP76	-0.290781121321802
SLC27A4	-0.291103267798061
JAZF1	-0.291524691291726
LRRC51	-0.291952562569672
LRRC43	-0.292015558745193
PI4KA	-0.292182741519372
TMEM127	-0.292214419966503
PTAFR	-0.292637122806267
SMU1	-0.292755489679251
ERV3-1	-0.292987916053163
FARSB	-0.293093946624966
TP53RK	-0.293126745695619
TBC1D26	-0.293164444290284
SPDEF	-0.29319382135478
RECQL	-0.293202037031662
GNB2	-0.293442090853953
GPX2	-0.293592530767443
CPEB2	-0.293679193062476
HPGD	-0.293730884587295
LRRC37A6P	-0.294152913655411
URB1	-0.294663513952839
XBP1	-0.294705870038235
NCOA2	-0.294724818368972
IK	-0.294738169107682
EZHIP	-0.29488675060419
OPA1	-0.294911689813375
XNDC1N	-0.294942084006669
CCDC163	-0.295395752196837
ZNF30	-0.295464304370561
TMX1	-0.295495572803458
CAMK2B	-0.295581116528944
FASTKD3	-0.295699889188987
RRM2	-0.295792813274322
ZNF583	-0.296027186305436
FAM3C	-0.296030596050527
COL10A1	-0.29604802741975
FRG1BP	-0.29607193652251
BDH1	-0.296253995233042
IPO11	-0.296484319095645
FAR2	-0.296739535165993
KIF5B	-0.296853094654147
RAC3	-0.296946041074021
CLPSL2	-0.296982211403893
XDH	-0.297107753408677
BCL6	-0.297208302042963
HSPB9	-0.297238245485673
CNOT6L	-0.297281222683292
CRLF2	-0.297442929253413
GVQW3	-0.297479032458255
FASTKD5	-0.297637581330729
ZSWIM4	-0.297678468732811
ZSCAN32	-0.297947569591073
DERL2	-0.298074514853344
MSL2	-0.298198415658434
JKAMP	-0.298468259677427
AXDND1	-0.298529930118154
CD302	-0.29853949242647
PSMD10	-0.298581372514969
CCDC65	-0.298586760151441
AGTR1	-0.298600909356979
VAMP5	-0.298621740763434
ELMO1	-0.298622282098095
OPHN1	-0.298634159154496
VPS16	-0.298816884876224
ELOVL6	-0.29891324622963
SDK1	-0.29903871057131
SP9	-0.299057838969158
MRPL34	-0.299081409460965
MOB1B	-0.299137846488082
SREBF2	-0.299243374523725
CHAD	-0.299542453698836
SERPINB8	-0.299630275043858
HYCC1	-0.299970763520662
PDE7B	-0.300009083010109
FREM3	-0.300121961102516
VPS36	-0.300130269045158
PTGR2	-0.300196119674398
FIP1L1	-0.30021418690618
MAN1A2P1	-0.300723788661343
UMAD1	-0.30073353773957
NCEH1	-0.300980568667518
STXBP2	-0.301020188831136
H3C1	-0.301028255046837
GFM1	-0.301396890606315
ARV1	-0.301450810582688
OR2L1P	-0.301482763223157
GSTA4	-0.301614185365908
SLC11A2	-0.301710471190681
NIP7	-0.302074141724088
EEF1B2P3	-0.30214673406192
ATXN2	-0.302293710187707
GPR137C	-0.302365163047609
ELF4	-0.302621786621625
PLEKHN1	-0.302688419290645
NAXD	-0.30269465640985
TACR2	-0.302862233363145
KCNE4	-0.303049815474953
MINAR1	-0.303093662912313
ADAMTSL4	-0.303232962961148
MFSD9	-0.303235292659007
MIX23	-0.303322195908994
GANC	-0.30335918652147
NIPAL3	-0.303484156163227
TIMM21	-0.303611429834981
RPSAP26	-0.303653453032266
LRRC59	-0.30366312697394
NPLOC4	-0.303665526985733
CYP2F2P	-0.303887480749828
RIPPLY3	-0.304030607916372
YWHAZ	-0.304259511527621
PLEKHG2	-0.304339916853603
KIFC3	-0.304358751079439
VWA2	-0.304583296314999
R3HCC1L	-0.304805106686254
UBE2D3	-0.304806709666566
TTC19	-0.304898373771586
PBX2	-0.304993951050051
STK39	-0.305158500412031
ARL6IP5	-0.305189827835347
MST1	-0.305225929970028
CDIPTOSP	-0.305322328012182
DNAJB9	-0.305378124603256
CREG2	-0.305537216303789
TMPRSS9	-0.305546842087107
ANKRD20A21P	-0.305754199983627
ADAMTS1	-0.30578812482281
POLR3B	-0.305818751135968
CYP3A5	-0.305951804972985
TESK2	-0.305971795969674
TOPORS	-0.306041800531815
FGF16	-0.306094519232648
RBFA	-0.306119186837946
SRRM2	-0.306161028742126
ZNF883	-0.306299388761076
NEK6	-0.306493473482686
ENTREP1	-0.306735183490181
MIR9-1HG	-0.306909394746201
RPL23AP60	-0.307067521252748
ARMCX5	-0.307531750216249
UBE2V2	-0.307572474895441
NR1H2	-0.307758288896624
FAM156A	-0.307781530683425
WTAP	-0.307806398099049
PKMP3	-0.30783960792125
GINS2	-0.308173229104432
RABGAP1	-0.308232627182504
SYNC	-0.308477410301626
ZNF502	-0.3085060724253
UPF3AP2	-0.308637266623407
IFT22	-0.308781456964121
EIF4EBP2	-0.309016185801903
NIPBL	-0.309329686243229
EIF3E	-0.309543267423852
MAPK6	-0.309631123580002
C8orf82	-0.309867889765142
ZDHHC24	-0.31005194888324
HRH2	-0.310420374143215
RNF220	-0.310527440077057
NRBP1	-0.31071168812494
RRAS2P1	-0.310841234849605
TAGLN2	-0.310966802848269
NCOA7	-0.311067379399642
PHF23	-0.311300327536011
AHCYL2	-0.3113456483118
MMP17	-0.311384220103148
TSFM	-0.311495306811056
PNPLA7	-0.311865886539946
RABGEF1	-0.312084099425628
CDK2AP2	-0.312130202408015
RAB3GAP2	-0.312326747364292
KCNA5	-0.312420618173741
DNAJC19P5	-0.312567448324906
SEPHS2	-0.312635064905524
SEC14L1P1	-0.312803827798533
SCD	-0.312949123207742
CRCP	-0.31301918455567
KCNG1	-0.313150042713701
RPP25L	-0.31326390414823
LETM2	-0.313326607625735
DSG1	-0.313457230218946
ZNF846	-0.313679862513409
PGP	-0.31370228990737
TSEN34	-0.313847341475265
COX16	-0.314004618107005
CYP4F29P	-0.314119690967822
NDUFC1	-0.314231228447117
MEF2D	-0.314398871942052
NHLH1	-0.314636752693666
ABHD16A	-0.31487863985577
CHRAC1	-0.314910279912904
PLA2R1	-0.315125571350852
GLOD5	-0.315382185952036
TTC34	-0.315406424310396
DHX8	-0.315557272042304
ZBTB34	-0.315894980671521
SLPI	-0.316000139522471
C4orf46	-0.316609926563507
CENPS-CORT	-0.316715531278889
NUP43	-0.316778900488377
PRKAA1	-0.316996033343894
SYT12	-0.317129876719853
LRRTM1	-0.317290026377773
ROBO3	-0.317353864050501
EMC10	-0.317355528464426
EXOSC10	-0.317487405597669
C7	-0.317510186053795
KLHDC4	-0.317625492959234
FOXP1	-0.317722842389272
HAUS2	-0.318026097558642
ASIC1	-0.318409349927004
PVRIG2P	-0.318457747537255
SWSAP1	-0.31864648450078
WHAMMP2	-0.31869416737774
ABT1	-0.318755426715309
FBP2	-0.31879437335411
UPK3A	-0.318862612712844
SRD5A1	-0.319319009309651
TPRA1	-0.319399967335535
SH3KBP1	-0.319747850867667
CFAP96	-0.319749796039557
CHCHD5	-0.319808347872528
RAD1	-0.319847352174238
CWC15	-0.319891924951515
ADAMTS18	-0.319931306554228
FEM1A	-0.320046073696044
STAG3L5P	-0.320051360705301
TPD52L2	-0.320127978800364
GASK1B	-0.320224209719315
DGKZP1	-0.320298845657464
MEAF6	-0.320367576068939
FMNL2	-0.320434763254304
RHBDF1P1	-0.320452488024156
KIAA1191	-0.320817575603375
C1GALT1C1	-0.320837524345747
MGAT3	-0.320857825105664
KRTAP12-1	-0.320995866992913
JMJD6	-0.321076871983957
GNAT2	-0.321218940828319
FAM86HP	-0.321284547955847
TAP2	-0.321338060534693
UBA5	-0.321395702053115
ICAM3	-0.321726799948718
NUCB1	-0.322016582809368
LIN37	-0.322114062393209
TBC1D16	-0.322138727016062
PDXDC2P	-0.322578721066302
TBC1D13	-0.322716229897164
RAB24	-0.322754318977371
ACER3	-0.322763718293193
NUBP1	-0.322781273156216
STAT3	-0.322874113411686
RAD23B	-0.323082251948502
MAN1B1	-0.323087724511872
EDRF1	-0.323335861697751
ZWILCH	-0.323375380302816
DOK3	-0.323657766145859
DCT	-0.323685015119538
HSPA13	-0.323713739203481
ODAD4	-0.323715569753327
ZNF229	-0.323953271984488
FMC1	-0.324029431785297
PUM1	-0.32405718714274
LZTR1	-0.324272491473896
MEGF6	-0.324573017320166
GADL1	-0.324676819892102
CARD9	-0.324791922011151
AKAP5	-0.3249292704081
SLC22A23	-0.324976817947618
TNKS2	-0.3252780090452
BRD3OS	-0.325386329894475
EXO5	-0.325525686426536
KHSRP	-0.325607119970265
FBF1	-0.325617307234784
IL17D	-0.325670086219817
MAP4K1	-0.325745769398468
CES4A	-0.32598052345009
PIGAP1	-0.326033866850595
PAAF1	-0.326151580214266
PKIG	-0.326165857217619
FOXK2	-0.326232925444999
NOL9	-0.326371512567843
CDK12	-0.326589433771866
RRP8	-0.326836656338336
NDUFC2	-0.326942619452223
NPEPPSP2	-0.326978306132624
ZFP1	-0.327051980555347
NEUROG1	-0.327190377587528
MARK3	-0.327717570754773
CBY1	-0.327811160748806
ZNF536	-0.327844403963805
PHAX	-0.328786596167588
SPOPL	-0.329105821372141
PNMA8C	-0.329673939000265
ZNF697	-0.329716614917637
PCDHB3	-0.329985591028043
ZNF407	-0.33051585138545
GNG10	-0.330555466159918
EME1	-0.330593664136587
ZC3H12C	-0.330734037963175
CRYZ	-0.330916477093993
PSKH1	-0.33128767468127
CCDC51	-0.331541950823345
CACNG3	-0.331600235685799
ZSCAN25	-0.331601943127987
TMEM87A	-0.331696951368923
CHCHD10	-0.331703453193653
CFAP144	-0.331716565150918
HS6ST3	-0.33176317145442
PLAC8	-0.331789937929924
KCTD21	-0.331824972594509
FAM21FP	-0.332149123375907
BRI3BP	-0.332162929825117
SEPTIN8	-0.332453084498546
DNTTIP1	-0.332644361887685
UEVLD	-0.332676125894554
PIH1D2	-0.332677360878075
PALMD	-0.3328814178559
IL13RA1	-0.33300327906109
CCDC87	-0.333227460761462
ACTMAP	-0.333491337735112
RAB14	-0.333574044401258
LYL1	-0.333749895144422
FNIP1	-0.333805021018228
ENPP7P8	-0.333905432888977
PEX1	-0.333968958437405
ZNF331	-0.333980177195275
CT47A12	-0.334125345474009
NPIPA9	-0.334131865121821
ACY1	-0.334266939641488
HEATR3	-0.334562484409782
EIF2S3B	-0.334809120057646
KRT8P30	-0.335104577277433
SRI	-0.335266776307034
NELL2	-0.335660168898988
FGF11	-0.33575466116707
PIK3R3	-0.335789851692998
RIMOC1	-0.3359020290971
CDC42EP4	-0.336108334769436
MBD3	-0.336211559932681
MRPS10	-0.336223016058584
ANKRD46	-0.336254425888761
CNDP1	-0.336291504064847
RAB11FIP3	-0.336310273087195
AMMECR1	-0.336382013130393
KCNT1	-0.336553022588874
H2BC17	-0.336731055372758
SULT6B1	-0.33682456480701
PM20D1	-0.336835306695614
PIN1	-0.336874776825032
PKD1P2	-0.336948403827312
FBXW2	-0.337466065969326
ATP6V1F	-0.337518776527505
RPL35AP20	-0.337557773390328
UBE2CP2	-0.337680812908029
LEPROT	-0.337878255200234
C2orf72	-0.3380296075875
RASGRF1	-0.338177666578708
RPL32P2	-0.338382937992458
RBBP4	-0.338476013236995
SLC25A32	-0.338660499969403
TINCR	-0.338780794689155
TRNAU1AP	-0.33889210299201
SCRN3	-0.338922496856181
CORO1C	-0.338939966584021
SUPT4H1	-0.33905710272915
CDC42BPA	-0.339408300078746
LSM1	-0.339542722536084
PDE10A	-0.339683173741554
SYNCRIPP1	-0.339688127772947
PARP16	-0.340051748737619
RGPD5	-0.340146245276676
TRIOBP	-0.340349935535626
KRT8P45	-0.340355181587302
SCAF11	-0.340391415450034
CKAP2L	-0.340418895724961
SASH1	-0.340448231106849
BSDC1	-0.340554342160334
RPL4	-0.340823993459015
SAMD15	-0.340991252852291
DIAPH2	-0.340999496531994
PPA1	-0.341075556439438
REPIN1	-0.341272418781928
C20orf203	-0.341566399357609
ZNF738	-0.341658358370743
TH	-0.34184860267625
CSAG1	-0.341906041796333
PRR15L	-0.34200126564401
SLC47A1P2	-0.342468066660732
ANKRD11	-0.342666169148
GIT2	-0.342705295805296
BRF1	-0.343149258146845
NCBP3	-0.343324247143689
FBXO42	-0.343605679653849
ANKRD53	-0.343649729524107
EVPL	-0.343711348122861
ADPRS	-0.343850009367778
MEGF10	-0.344813339358068
CBX3	-0.345168274113323
NAP1L4P1	-0.345215841710131
GUCD1	-0.345222517002871
TP53INP2	-0.3452359663614
IRF5	-0.345250662718411
PNPT1	-0.345291996194055
CLCF1	-0.345331544360255
PALS1	-0.345398923091609
ZDHHC8	-0.345449319117204
RBBP4P1	-0.345455020400525
COL5A2	-0.345636063187298
PLEKHA2	-0.345997548288818
ITGB3BP	-0.346226011909131
PCMT1	-0.346444743543563
DMD	-0.346727437297869
FAM111B	-0.347013617145383
RAP1A	-0.347027278716668
NOMO1	-0.347043763941259
UBR2	-0.347160871829872
KCNN2	-0.347351189901989
MFSD14B	-0.347513483300315
CHD4	-0.347554784158417
PPARA	-0.347624507846676
RXFP1	-0.347920306620482
CLK3P2	-0.348339844740306
TOMM22	-0.348369901683633
ZNF763	-0.348601433653882
GYG1	-0.348814177106442
PKN2	-0.34889463922162
SEC24B	-0.349061781099502
SMAD2	-0.349083672751433
HNRNPA0	-0.349243237915758
TAS2R19	-0.34930977092727
SPACA6	-0.349555296345293
NUMA1	-0.349839393784563
ZC2HC1C	-0.349875493377964
ARCN1	-0.350006794354614
AXIN1	-0.35036048179009
CDC5L	-0.35043650406055
ANKRD20A11P	-0.350457714618692
KMT2A	-0.350530824081222
ADHFE1	-0.350635176358574
MAGEA3	-0.350635278642731
ATMIN	-0.350658980569903
SS18	-0.350677426914798
PFKFB2	-0.350766563849478
UTP23	-0.350884642704468
F8A3	-0.351149706180162
ZNF225	-0.351163621073122
HS6ST1P1	-0.351287035356894
BET1	-0.351735551993661
ATP5MJ	-0.351853239396834
C9orf85	-0.351909310095336
ATF3	-0.352008966021016
PPP1R10	-0.352014020092847
CWC22	-0.352139241625811
GGCT	-0.35239125678202
NF1	-0.352491097126404
SHH	-0.352492788208974
FABP5	-0.352615841686217
PRSS51	-0.352713569701841
MINDY1	-0.352742658775252
ENDOU	-0.353124665320435
FASTKD1	-0.353260181937394
ZNF107	-0.353465256578139
ATG9B	-0.353580967645689
WHR1	-0.353678092678742
CGRRF1	-0.353678674264803
FAM89B	-0.353679418946079
TNFSF13	-0.354056447621857
HLA-DQA1	-0.354133543503475
RPL15	-0.354373782554363
DPP7	-0.354725184218578
TNFAIP1	-0.354852813254261
RILP	-0.355165541646939
TMEM203	-0.355619703839905
EIF3L	-0.355777032433389
RBIS	-0.355932024161883
CIT	-0.356003917046552
SPRTN	-0.356027557791666
CGREF1	-0.356038573839236
CD48	-0.356070608998393
ARHGEF4	-0.356271662995009
COX6B1	-0.356366958966614
BEST3	-0.356379535777701
MBL1P	-0.356408481992081
ABO	-0.356462994079054
SF3B2	-0.356841607680567
RNF19B	-0.356932603800233
POU5F1P4	-0.356971513389733
RNF144A	-0.357027841404084
VPS11	-0.357076211102603
HMGN2	-0.357256295230077
TRIM39-RPP21	-0.357312202659699
PEF1	-0.357479656664766
FASTKD2	-0.357556806005954
GRK2	-0.357693729752298
PTCD1	-0.357765274379002
RPAIN	-0.357875939191852
DRGX	-0.358017299121272
AASDHPPT	-0.358120795753188
WASHC2A	-0.358287396664266
YME1L1	-0.358378916409045
CNOT6	-0.358397517956356
DSCAM	-0.358520099769229
SPCS2	-0.358868006643366
BOD1L2	-0.359036404228839
VAT1	-0.359086618149314
DAZAP2	-0.359158315827753
CTCF	-0.359234074804213
EIF4ENIF1	-0.359341284133282
SLC17A5	-0.359439082457971
NRADDP	-0.360289518078041
TNFRSF25	-0.360582863903001
ZNF582	-0.360759997831812
HSD17B7	-0.360761182345499
DNAJC16	-0.360835273740469
IL1RAP	-0.3608736394037
CTDP1	-0.360997523208294
MCUR1	-0.36128092415821
HHIP	-0.361447229168493
WSCD1	-0.361760536224608
PCGF1	-0.361962447259462
NSMCE3	-0.362083856971935
RAD18	-0.362515219818312
SP1	-0.363126633342856
DACH2	-0.36318603913492
TBC1D14	-0.363226160409386
RBP4	-0.363316323394545
FAXC	-0.36346882603507
GOLGA2	-0.363485971201728
DPF3	-0.363601018602701
POFUT1	-0.363699094695461
NUDCD2	-0.363796704739427
CPA2	-0.363861722961026
GFRA3	-0.36420260784621
ZNF35	-0.364256985987098
PTRHD1	-0.364515108881977
PHF8	-0.36455377443101
CENPS	-0.364626925278743
FAF2	-0.365055311815693
TBP	-0.365114071595818
CENPP	-0.365225523601176
ZNF252P	-0.365372082659911
IGSF9B	-0.365428526446179
PHF11	-0.365539099498084
RSPH10B	-0.365552075579901
RFWD3	-0.365802095810324
MERTK	-0.365943468404849
ORMDL1	-0.366114098232253
GTF3C2	-0.366246921985424
ZNF8	-0.366261605849301
HAUS6	-0.366690975095957
RPS27	-0.366733848475618
TEX26	-0.36691042368968
PLD4	-0.367092112804712
FAM90A27P	-0.36725640330448
CCDC80	-0.367301520553093
METTL4	-0.367586719928171
FCF1	-0.367598052091238
TSSK4	-0.367632065606022
SEC61B	-0.367943114282868
USP20	-0.36798708067312
MED6	-0.367987125169555
OVCA2	-0.368357880313012
KIAA0319	-0.368533327723359
LRRC3	-0.368547001800676
GPR137	-0.3687078280892
RPS27P25	-0.368827077027393
ZNF639	-0.369236326569444
PRORSD1P	-0.369282198079844
TMPRSS11D	-0.369631873935536
ATP8B4	-0.36970821770172
TYW5	-0.369855193770679
ATP1B1P1	-0.370469418507158
EIF4E	-0.370598669647246
SOWAHD	-0.370795977135688
CPNE4	-0.371215957839537
DNA2	-0.371226089662103
MET	-0.371589944544059
SLC25A5P5	-0.371600023512366
ZNF446	-0.37180184005157
IL9R	-0.37182483134501
ARL6IP4	-0.372066297584834
ATPAF2	-0.372167843447976
GAPDHP21	-0.372167918053116
CSRNP1	-0.372767035141715
AVL9	-0.372771345521851
PCNT	-0.372935151763526
PRPF39	-0.373273755137405
FAM90A11	-0.373275502328824
CELSR1P1	-0.373576259927034
PITHD1	-0.373744862009656
MTMR12	-0.374265693382033
BBS2	-0.374365261341003
CYP21A2	-0.374885921806441
SLC35A2	-0.374991263748532
MCAM	-0.375149555905442
DECR2	-0.375183583290898
NUP85	-0.375289940696937
WIPF2	-0.375316529345852
TMEFF2	-0.375390916482692
MSI2	-0.375448969128101
KLHL36	-0.3755135569156
PAGR1	-0.375610128657535
ZNF815P	-0.375757302932693
SNX25P1	-0.376046620683473
ATP5MC3	-0.376126413021733
CCNA2	-0.376283961747678
RARRES1	-0.37633351458536
PTBP3	-0.376401355963092
TGDS	-0.376883973098144
TMEM41B	-0.376920243387945
TDRD7	-0.376978143071767
UCHL3	-0.377018239211711
ETFBKMT	-0.377246571862471
VAMP2	-0.377266764633515
TRAPPC14	-0.377857075768626
BCL2L1	-0.37791357244087
ZFAND2B	-0.377956413932707
ANKRD54	-0.377970792520109
ST8SIA4	-0.378141288882741
HS3ST3A1	-0.378329415341491
RPSAP52	-0.378489491686217
ESCO1	-0.378555740310152
ZNF419	-0.378715251054551
SZT2	-0.378828474591653
GTPBP1	-0.378882430001093
AFG3L1P	-0.378990741894778
STRN	-0.378993723301235
ANKLE2	-0.379042507415677
ACTR8	-0.379303910979379
IFNGR2	-0.379307389681289
TAX1BP1	-0.379332177062627
CA9	-0.379571879912681
MGA	-0.379634782626564
MTNAP1	-0.379792319421192
FOXQ1	-0.379798924232769
NIPSNAP2	-0.380055079228332
MROH6	-0.3801822532908
ALDH7A1	-0.380422885021735
KLKB1	-0.380809865150062
MFSD4B	-0.381020411449381
BCAT1	-0.381065947111747
KCNA7	-0.381251636702292
PTPN14	-0.381424538754928
TMPRSS13	-0.381546325696363
B4GALT4	-0.38171661757939
ZNF527	-0.38173878160331
FAM241B	-0.381998634823016
VN1R81P	-0.382039435523856
ADAR	-0.382645246889888
AQP4	-0.38290229129268
SLC30A1	-0.383098592401448
TRIM35	-0.383144187430708
ACSS2	-0.383211300033704
PI15	-0.383370589115745
NFATC2	-0.383840191671145
NECAB2	-0.383977166648937
HMGXB4	-0.384075481748322
ZNF131	-0.384134911347012
GABRB3	-0.3841414353055
CDC25C	-0.384284558988166
RNF181	-0.384582912435593
ZNF669	-0.384635835352862
IP6K2	-0.384640099502779
NBR1	-0.385100042686397
KRR1	-0.385203905244603
HAUS6P3	-0.385218803060519
NPAS2	-0.3853534230522
FAM83G	-0.385415354796466
ZNF892	-0.38547470666883
ZBTB41	-0.385589135575517
NUTM1	-0.385631394266534
SUMO4	-0.385968761854778
PPIG	-0.386309784844012
TBC1D3	-0.38639353500664
CFAP58	-0.386426132531325
TMEM128	-0.386500485179995
SAR1A	-0.386521282586753
ZMYM5	-0.386725194255377
H4C5	-0.386949969133744
CALML6	-0.387009019610349
PISD	-0.387095323237466
NIPSNAP1	-0.387165884558612
USP10	-0.387249374581087
TANK	-0.387269539086843
PGRMC2	-0.387303282488654
WDR83OS	-0.387424833697946
ATXN1L	-0.387656434385915
FBXO31	-0.388022163344922
CCHCR1	-0.388126873241596
C1orf87	-0.388165365561323
HSPD1P10	-0.388627669883481
NFATC2IP	-0.388816602098019
LY6L	-0.388857170297658
MFHAS1	-0.388892514876155
SPINDOC	-0.3888970868201
NFU1	-0.388950367195678
ZNF394	-0.389221652717617
MATK	-0.389386020167417
HMSD	-0.389398483243067
PAK6	-0.38947571261863
ADPRHL1	-0.389598986144944
TUBG2	-0.389678563649024
IL36G	-0.389701894340011
TNFSF14	-0.389736519211397
NCAPG	-0.389738764314888
ABCC6	-0.389950905009023
FAM162A	-0.390094413070745
SP140L	-0.390612922154731
GPR89P	-0.39072418298114
ZNF687	-0.391010194175408
C19orf47	-0.391165479098031
UCP3	-0.391246514811502
BTBD1	-0.39127441607637
SCG3	-0.391293171405224
SHLD3	-0.391562228391286
RAF1	-0.391596352081645
GSAP	-0.391648906591425
C1QTNF1	-0.391887347965723
UBE2Q2P2	-0.391950121582207
FBXO9	-0.392010671280246
ENPP7P1	-0.392139177878632
BECN1	-0.392152625474521
CFAP298-TCP10L	-0.392233401797207
SYPL2	-0.392252102445685
RALGDS	-0.392418112636678
ARMH1	-0.392434540216437
PDP1	-0.392486426539576
MAN1A1	-0.392548956996967
ZNF383	-0.392619169829285
OR2B4P	-0.392739736867614
TMEM154	-0.393055552803045
TMSB10	-0.393246575959604
PPP3CA	-0.393262110402785
GADD45GIP1	-0.393334889375383
INTS7	-0.393580025804579
VPS51	-0.394011976990209
F7	-0.394299800651155
ZDHHC9	-0.395064864156409
GDE1	-0.395125363177249
APIP	-0.395159500256129
CYP2D8P	-0.395178731584304
ARL16	-0.39547650623612
MT-ND4L	-0.395617906778966
GALNT4	-0.39583265578079
BANF1P2	-0.395883747796632
TXNL4B	-0.39621245322662
WRAP73	-0.396479867462452
ZNF567	-0.39690756815163
SERHL2	-0.396935858957405
IGSF21	-0.396969555231907
VN1R42P	-0.397044847892347
EDEM1	-0.39706820033684
TCF7L1	-0.397077579424732
CACNB1	-0.397250050131876
RPSAP18	-0.397388812316253
SRCIN1	-0.397536620773262
HCFC1R1	-0.397676760832126
NAGK	-0.397792461400868
HSCB	-0.3978345450529
APTX	-0.398040225970961
MED11	-0.398078365212686
INIP	-0.398262727133634
SMIM10L3	-0.398267157734931
KNSTRN	-0.39826943931665
RETREG1	-0.398333790717904
PRICKLE4	-0.398477951452254
PPAT	-0.398508234247342
TRA2B	-0.398562857169338
SYNJ2	-0.398601782794302
RPL23P2	-0.398633854940515
GRAPL	-0.398666002069204
ERICH6	-0.3987054934583
MRPL10	-0.398729508021025
FAHD2A	-0.398959749452177
ZNF292	-0.399523435234919
CMSS1	-0.399636133822556
TSGA10IP	-0.399671337405944
CCDC172	-0.399850459751123
PRKCD	-0.399980310332635
CCT5	-0.400223346172066
IQCD	-0.400343378915901
MRPL15	-0.400699066256028
SMARCC1	-0.400728879894657
DYNC1I2	-0.400875988761772
SCAMP1	-0.400932802544834
PKD2L1	-0.400998863451643
ASIC4	-0.401166359404697
MEMO1P1	-0.401214028807414
CCDC121	-0.401476910797283
PGAM1P8	-0.401515350220132
PACC1	-0.401519758082681
MYO5B	-0.401678780278856
PHB2	-0.401811033325269
CCDC88A	-0.401887929406394
TRIM71	-0.401983113902938
PDIK1L	-0.402049795025464
AGFG1	-0.402456710925528
SLC31A1	-0.402514872815635
ZNF548	-0.402965275630127
EMID1	-0.402976709162543
LNX2	-0.403155821941607
ITLN1	-0.403262261658903
SHPK	-0.403275218940847
PRB3	-0.403786954809631
AGER	-0.403787477184946
CDCA3	-0.404094878003416
KLRA1P	-0.404498215177595
CSAG3	-0.404882974846558
GID8	-0.404987319610128
KBTBD4	-0.405008235381271
ZRANB1	-0.405046149981185
UBR4	-0.405130867812447
CNOT7	-0.405265103492244
SGCZ	-0.405456541351813
CYP4F22	-0.40553773798919
SDHAF2	-0.405873262306376
CENPC	-0.406040812352846
CACNG4	-0.406929880795388
AGTRAP	-0.407074823553552
PCDHGA1	-0.407256870946257
GMEB1	-0.407320967224129
TLR1	-0.407378977843695
RBAK	-0.407768294911095
RPL21P75	-0.407797186025667
CLCN3	-0.408034771783846
DNAJC4	-0.408100725878044
MTPAP	-0.408191492627824
PAMR1	-0.408269691913425
C6orf136	-0.408386698649624
NKIRAS1	-0.408709231317683
PTDSS2	-0.408715313466358
SERINC3	-0.408837410568444
UGDH	-0.408854329761774
TGFBR3	-0.408910735036566
ADAMTS6	-0.409039827186705
GOT1	-0.409121475730451
ADAM19	-0.409202056277306
ZNF280D	-0.40932438931961
TMUB1	-0.409647576640082
RPL28	-0.40989784279469
HNRNPKP1	-0.40992993124238
CFAP20	-0.410176050522179
SNAPC1	-0.410312223984288
TMPRSS3	-0.410678336732278
EFR3A	-0.411240403760271
ZNF211	-0.411383006434751
FRMD6	-0.411422711305005
CARM1	-0.411481564791807
CDK10	-0.411615438433609
FEM1C	-0.411629080356133
TTC33	-0.412066507255061
LMNA	-0.41211284116495
CEP89	-0.412127760128385
TTLL7	-0.412176376980201
ULK1	-0.412480201964167
DFFB	-0.412561460951702
LRRC23	-0.41259302851598
MSX1	-0.413346487263213
WWTR1	-0.413502691470182
ZNF609	-0.413674215959959
SMARCE1	-0.413868850446174
RPL34P9	-0.414031057798164
RPS6KB2	-0.414263583313382
HGS	-0.414395351487987
SHMT1	-0.414956871593299
ZFP37	-0.415380754851442
EXOC3L1	-0.41561815816069
RBM48	-0.415748142346909
IFITM10	-0.415809556643544
CSKMT	-0.41596770063669
ZDHHC7	-0.416030756970533
ZNF2	-0.416308494194093
GSS	-0.416546037063506
CYSTM1	-0.416555089561787
MRPL42	-0.416762961612574
RABL3	-0.416785315448639
ARG1	-0.416950611556662
TTC9C	-0.416956740255831
BORCS7-ASMT	-0.417267997871567
ALDH5A1	-0.417387731356999
TOLLIP	-0.417438228323488
TRMT10A	-0.41750666248389
PGAM1P7	-0.41751491893837
PDE9A	-0.417588016648172
SLCO4A1	-0.417900149984742
TAS2R38	-0.418177692276604
NNAT	-0.418212724990447
RARA	-0.418285317193759
DCTN3	-0.418518961816442
RFNG	-0.41851933567854
BRD1	-0.418561796128698
EIF2AK1	-0.418757413915817
ATAD2B	-0.419349715651459
H2AC10P	-0.419665778905941
DNAAF2	-0.419686368582855
SEC31A	-0.419741826195761
RUNX3	-0.419766896312018
SLC35B1	-0.419821013517008
ZNF268	-0.419832452306526
DSN1	-0.419974925815512
SPDYE8	-0.420040188956298
RNF227	-0.42016118532609
C10orf88	-0.420185662228398
SLC37A4	-0.420416191202103
C9orf78	-0.420543062202399
LRIG2	-0.420651626029552
ZNF729	-0.420803784431225
PRPF38A	-0.420804074746541
PEX3	-0.420828875216607
ZZZ3	-0.420953854618163
GPR132	-0.421012994411112
DYNC1LI1	-0.421132557513019
BCL7A	-0.421463776383194
RPL7AP62	-0.421846527965499
RABGGTA	-0.42197256206473
FAM90A26	-0.422034958263728
HSP90AB1	-0.422080324088219
PGBD5	-0.422101205295859
SEPTIN3	-0.422113903283033
TRMT2B	-0.422280122212001
ZNF124	-0.422412391275678
DDT	-0.4224319281068
RAB5C	-0.422495654873141
ATAD5	-0.422526068860303
PRDX2	-0.42259390088895
STK31	-0.422714315268512
RMDN3	-0.422910817387694
H2BC12	-0.422983489810372
ARSA	-0.423083613207862
SOCS7	-0.423093435066395
NEIL1	-0.423148250245403
MCAT	-0.4231897712086
CIAO2A	-0.423241613031086
LUZP4	-0.423426041915893
MRPL17	-0.423829329350707
YTHDF1	-0.424000192331153
BIN2	-0.424396072222617
DHRS11	-0.424398651579459
RPS2P29	-0.424583850813275
MED23	-0.424969758787101
EPHA7	-0.425700768133246
RPL10P15	-0.426447463476006
FGB	-0.42659711878154
VPS37D	-0.427432374945618
ZNF70	-0.427584404944027
DCLRE1B	-0.427730738255022
TCEA1P2	-0.427994309015577
SSX4	-0.428004586790404
ZNF335	-0.42811438177013
DNMBP	-0.428174995964436
MPLKIP	-0.428426623037627
ACOX2	-0.428465868118947
AP4M1	-0.42865876795941
CAP1P1	-0.428675054708832
TREX2	-0.428745734397761
ZDHHC11B	-0.428802323715146
ARL6	-0.428850326384288
KLHL28	-0.429014697276485
EMD	-0.429229707037226
PRKAG1	-0.429565256935391
VEZF1	-0.429673880433461
CCND3	-0.429882375715767
CDRT15P4	-0.430200981535762
DEF8	-0.430357505589874
GEN1	-0.430555616921573
DNAJC30	-0.430568719717873
MACO1	-0.43111576129244
UBE2QL1	-0.431338212278022
FAM3D	-0.431340821244852
CNTF	-0.43168959581191
SLC5A3	-0.431738227436629
RANBP2	-0.431916883892927
ZFP42	-0.43192005242334
PROM1	-0.432007467011673
GOLGA8K	-0.432027387790218
MMP9	-0.432036524642597
AOPEP	-0.432064471233748
SCAPER	-0.432184763178976
ENPP3	-0.43225446317546
PPEF1	-0.432268674785636
ENHO	-0.432285789543209
NUP42	-0.432413443985782
EIF3J	-0.433034296238394
SYNPO2L	-0.433121069951413
TXLNG	-0.433198204437662
NUP62CL	-0.433546751695879
SLC25A10	-0.433699433570819
MEI1	-0.434013195951547
SRBD1	-0.434107626047813
NMT2	-0.43424860632395
SH2B1	-0.434288391533531
VEGFB	-0.434514619828808
CD96	-0.434604851240795
MSH5	-0.434732480341366
KDM1A	-0.43524886043184
NBN	-0.435311335633465
DDHD1	-0.435382875515755
GDF11	-0.43553184815671
PSENEN	-0.435629216009522
ADAMTS9	-0.435651437356548
ZNF671	-0.435780241421837
SPAST	-0.436318086947773
SDHAP1	-0.436441253797134
JAG1	-0.436499761695151
HOXB3	-0.436641122722079
PCDHGB1	-0.436735250564923
HEATR5A	-0.436805976704616
TFDP1P1	-0.436868316847889
PNMA2	-0.436946756305814
AKR7A2	-0.437031643261523
APC2	-0.437038541440827
MSANTD4	-0.437056821400878
LTBR	-0.437628543496654
DBX1	-0.437706591506137
ADAM23	-0.43772802371209
PCDHA9	-0.437951481897402
CABIN1	-0.43809283400962
RHOU	-0.438107131663973
RPL7AP16	-0.438212690225144
ZNF543	-0.438699380549044
OSBPL1A	-0.438961388204146
ATP5MK	-0.4389694425133
GATA3	-0.439560043557068
OR10A6	-0.439817975338427
RFX4	-0.440311678299032
PLEKHA5	-0.440371686129
RIN2	-0.440406063128878
TRIM11	-0.440633007562362
RRM2B	-0.44117814131582
FOXL2	-0.441194694668966
BTBD9	-0.441261658892238
SNRNP48	-0.441588502127293
PILRB	-0.441715911947233
PBRM1	-0.44175376003523
COX7B	-0.4418259730069
ILF3	-0.441966815461546
PAIP1	-0.441990833112401
SLC25A35	-0.442079916530219
H2BC9	-0.442985439454818
MTHFR	-0.443248698702605
ETFRF1	-0.443288313943864
RHOBTB1	-0.443448321379471
CCDC85C	-0.444215596660598
FBXO11	-0.444552939849859
PON3	-0.444619187751544
SPTB	-0.445112018095757
FUS	-0.44519540661111
DENND3	-0.445327598923866
KAT5	-0.445515334596067
SENP7	-0.445777015166154
PHF1	-0.445843364764793
RPRD2	-0.446328418551825
TMEM208	-0.446455786274058
DTX2P1	-0.446568123725417
PCDH8	-0.446686540041005
CD200	-0.446790587071811
ZNF480	-0.446801514112919
TMEM35A	-0.44695190100912
PROC	-0.447048043078502
CT47A10	-0.447181838761007
SNX18P13	-0.447181838761007
KDM5A	-0.447233319085997
MOB4	-0.447536443917202
AIFM2	-0.447833967277373
LLGL1	-0.447889603101888
SPCS2P4	-0.448031573259474
SERTAD3	-0.44805757954815
EID3	-0.448075213974443
GTF2I	-0.448262662466844
KLF8	-0.448393896976257
PATL2	-0.448488292645061
H3C6	-0.449055914239139
CFAP410	-0.44913026054228
RPSAP3	-0.449326648288326
DYRK4	-0.449347505526428
HERPUD1	-0.449403260415913
ADRA2C	-0.449542163761357
SNCB	-0.449751698271601
ZGPAT	-0.450091491709151
ZDHHC3	-0.450237785394883
MTX3	-0.450253218833004
RCHY1	-0.450337727023431
ITPRIP	-0.450813644402166
THEM4	-0.450930546483488
NUDT4P2	-0.451133679303045
CDC42EP1	-0.451314235952934
ANKRD42	-0.451355583082034
TPM3	-0.451506598161078
DIRAS1	-0.451593028375915
RPL13AP11	-0.451652420023671
TMEM39A	-0.451767837529561
NUP54	-0.451973574375038
ZC3HAV1	-0.451992830872322
CPNE7	-0.45250501504797
ZNF81	-0.452526245019697
FAM83B	-0.452595814675455
SOCS5	-0.453048917502175
MKLN1	-0.453399756466308
RTEL1	-0.453422480920466
C16orf86	-0.453519301906602
PAQR4	-0.453537920641047
ANG	-0.45356612444516
MIF	-0.453816040297471
SELENOF	-0.453830017380936
H2AC17	-0.453975574120141
NUTM2D	-0.454459262028707
GPATCH1	-0.454596601504933
SS18L2	-0.454779762948888
TAX1BP3	-0.455004003129809
ZNF571	-0.455062164280102
MMP24OS	-0.45535915891098
DOCK8-AS1	-0.455385053591122
SCYL2P1	-0.455589805269
PRC1	-0.455807904831928
AK3P3	-0.455892876961451
NUP107	-0.456488115187244
FBXW4	-0.456636257278413
CLK3	-0.456717621318564
FSCN2	-0.456808777725382
ARL5A	-0.456901296164159
NT5C3A	-0.456963547507133
NPM1P9	-0.457153092208725
SDHDP6	-0.457164762254841
RPL13P8	-0.457288206734128
ATG2B	-0.457343553745118
N4BP1	-0.457587344150768
LHFPL1	-0.457641170820489
UVRAG	-0.457679898066157
TEAD3	-0.457708873170447
SPMIP9	-0.457711518424916
TGIF2-RAB5IF	-0.457837032921446
HCAR2	-0.457989115393223
PICALM	-0.458176489910249
CRABP1	-0.45823519817363
CNPPD1	-0.45833389430312
CREM	-0.458511211342659
PSORS1C2	-0.458806050213824
FAM32A	-0.459268473180258
GCH1	-0.459377199712793
CAV1	-0.459393306096396
PRADC1	-0.459608212451171
LRRC37A4P	-0.460187856488563
NKD1	-0.460379151286619
KNTC1	-0.46043557934456
SART1	-0.460445889525815
C17orf114	-0.460540156786506
RSPO1	-0.460575035152046
SULF2	-0.461042590514368
RAP2A	-0.461674726014916
FZR1	-0.461708616499933
RRM2P3	-0.461743140067266
DEF6	-0.461798134214295
RPL21	-0.461871212949371
PUDP	-0.461883922940463
VCX	-0.462450690992561
CYP2C18	-0.462562974534174
RBAK-RBAKDN	-0.462643908446267
AP4B1	-0.462726405023981
MKRN6P	-0.463464233315072
RCOR3	-0.463504555628512
HMGB1	-0.463562427776435
MEX3A	-0.463590202435942
RCC1	-0.463630330038
APPBP2	-0.463676977769339
MVK	-0.463874782817279
ZNF829	-0.463903245304383
ICA1L	-0.464018026720439
IP6K1	-0.464775486492763
COPA	-0.46499554936003
CRTAM	-0.465079269319625
HIGD1A	-0.465095655671275
SPRED1	-0.465135084991786
CD151	-0.465159428974575
RPL29P4	-0.465297475356316
SUN3	-0.465533956593103
SLC45A4	-0.465708336408617
PADI3	-0.465827963439031
CCDC170	-0.466588722738981
CWF19L1	-0.466629780948732
NAPA	-0.466689805799481
TRPM4	-0.466744452131827
ZBTB43	-0.466827377382011
RIPOR1	-0.466909396163852
FOSL2	-0.467075146513856
FAIM	-0.46709787850621
NBPF14	-0.46711758968416
INPP5E	-0.4672023170764
B3GLCT	-0.467598665910559
HNRNPA3	-0.467716459260464
FAM86B2	-0.467929162216554
MAGEA4	-0.467947603320064
CAMK2G	-0.468320726707038
RMND5A	-0.468386526674281
GPBP1L1	-0.468445740146373
LY6G5B	-0.468555868717299
RPS15	-0.468575224019994
ZIK1	-0.468685661975866
MRPL39	-0.468721547063572
FRMPD2B	-0.468909626871115
CLDND1	-0.469122754486669
MAN2B1	-0.469203015774842
RPL10P19	-0.469376420120742
GEMIN7P1	-0.469530945900567
LYPLA2	-0.469623084840175
IFT52	-0.46981530253062
SLC25A41	-0.469945956950002
CORO2B	-0.470002084285613
FOXD1	-0.470147678089815
PCM1	-0.470243701551778
ESAM	-0.470311066267224
THAP1	-0.470352562998754
CYP4F11	-0.471099771625628
NFYB	-0.471367164149309
ALG2	-0.4713762176515
ZNF57	-0.471496301196191
ZNF568	-0.471830572781388
NOL4L	-0.471972092529798
ATF7IP2	-0.47210713847358
ASIC3	-0.472384159143627
TMEM89	-0.472540164657987
PPP2R5B	-0.47277497953722
C1orf50	-0.47291076150366
ATP5F1C	-0.473283059097102
TACC2	-0.473321897173945
ERRFI1	-0.473439639916862
FGF12	-0.473628763243081
PDE6B	-0.473737122922826
CRY1	-0.474263796652349
SNX18P7	-0.474347192291279
SIGLEC6	-0.474491311561264
RNF11	-0.474587281787608
WNT9B	-0.474714483474819
KRT8P35	-0.474774643896534
STEAP2	-0.475167021080521
PLEKHO2	-0.475193641126498
ZNF812P	-0.47550816618176
FUT8	-0.475599870162871
ARHGDIA	-0.475611453824092
HYI	-0.475897855694274
FAM229A	-0.47602582629308
NLRP10	-0.476082615077039
CCDC14	-0.476136296218863
CHST10	-0.476158241516913
CCDC85A	-0.476215468958457
PHIP	-0.47641927738717
ARHGAP18	-0.476632326032131
SEC24A	-0.477041922004068
TUBE1	-0.477491366375088
TMPOP2	-0.477519057199638
HIF1A	-0.477635239128682
CNTNAP2	-0.477643328311325
ZNF37BP	-0.477796124141724
CCDC43	-0.478058599819806
RPL23A	-0.47817165221092
RPS6P8	-0.478193995516308
FUNDC1	-0.47856016322076
MAGIX	-0.478834921537632
MTMR8	-0.478854773103886
SNRPA1	-0.479273258494671
USP3	-0.479318775968955
BIN3	-0.479449643137293
SYT15B	-0.479500785284988
MIF4GD	-0.479515566317194
ST7	-0.480100265817254
TP53TG5	-0.480171019705436
TLE1P1	-0.480181006381699
FRG1JP	-0.480420558754884
RIBC1	-0.480514077858525
DDX60	-0.480516566371352
FOLH1B	-0.480690241542262
PNCK	-0.480705032430843
C11orf52	-0.480751311535016
EFCAB15P	-0.481208862164977
TCF21	-0.481288137385167
NBPF18P	-0.481620347838881
CYP51A1	-0.481646025569085
RSRC2	-0.481885638357148
SOHLH2	-0.481965697332261
NRN1L	-0.482386166285316
ZNF709	-0.482542534307813
SMPD5	-0.48286990170972
CPNE3	-0.483383876474646
ADAMTS2	-0.483611172049937
BMAL2	-0.483621321513224
CEP20	-0.48369014680682
CEP131	-0.483809258013569
CDC14A	-0.484063280803146
GPLD1	-0.484446557817096
CPT1C	-0.48450995919257
PAIP2	-0.484581309974321
ANKFY1	-0.484607410407409
NAV1	-0.485133804270418
GUSBP3	-0.485135440468426
TTLL4	-0.485150809106568
EEF1DP2	-0.485328125129845
LRRC17	-0.485346542236352
SLITRK1	-0.485581266177384
BCAP29	-0.485671299248763
PTPN13	-0.485746852673287
TUSC2	-0.485830623156552
BHLHE22	-0.485978732441487
EMC3-AS1	-0.486144882067224
MFAP3	-0.486222274091663
AANAT	-0.486229445167584
SENP8	-0.486368205080267
LHX3	-0.486390354268963
SRRM5	-0.48640439458935
ZNF391	-0.48669375964719
FKBP15	-0.486723810846954
SH3BGRL	-0.486819731559389
AP1S2	-0.486849061653544
LMNB1	-0.487155103481382
TESK1	-0.487253688386594
NCKIPSD	-0.48752224137845
PRSS44P	-0.487665805351133
ROBO1	-0.487753862691584
CDK5RAP2	-0.487964592493386
TLE4	-0.488289493979332
TRBC2	-0.488382932908768
HNRNPA1P38	-0.488717261631497
LIN7C	-0.488787420812671
DOLPP1	-0.488802395825073
ZNF160	-0.488857211843562
SGSM3	-0.488866001311494
TRIR	-0.488943455863
GPR149	-0.489011580453935
NPAT	-0.489109266405189
DNAJC5	-0.490114852339063
PPWD1	-0.490374048317562
CD46	-0.490375965598221
DPYSL4	-0.490697340430985
TRMT11	-0.491385793857681
PJA2	-0.491417974879997
GABRQ	-0.491538889240184
CATSPERE	-0.491706127792802
SP4	-0.491983935584487
SLC39A9	-0.492173932676508
PRXL2C	-0.49217770694622
PLEKHG1	-0.492183112944147
CRIPTO3	-0.492193976751554
DNAJB6P1	-0.492239791856554
FBXL20	-0.492274556809467
MTFR1L	-0.492440965224257
AAAS	-0.492492695427754
MTATP6P1	-0.492531829900562
PIM1	-0.49264313897083
SLC31A2	-0.492727548207712
CYP4A11	-0.49295315917739
PFN2	-0.493709358504686
ABL2	-0.493730707093933
DDX42	-0.4937495199816
DTYMK	-0.493804213296872
MTBP	-0.494265398461947
CFAP298	-0.494517200764061
KLHDC2	-0.494614509899127
OSBPL2	-0.494617683130537
OAS1	-0.494673812465642
TMPRSS11E	-0.494768380150297
SUGP1	-0.494852647866365
PPP1CB	-0.495025869654691
CRIM1	-0.495620002274361
CHCHD4	-0.495793060246539
GYS1	-0.49581283877654
CUL2	-0.495824218059388
PTCHD3P2	-0.496162447563086
DNAJC15	-0.496239934743231
CLHC1	-0.496275227307084
MSTO1	-0.496413951833938
JUP	-0.496620444602897
SBK1	-0.496783016382649
ABAT	-0.497035495613636
SNN	-0.497216578783644
EZH2	-0.497292505491893
TRIL	-0.497770629905824
SMC3	-0.498083187272214
ZNF605	-0.498242912479345
OTUD3	-0.498870314873967
SUMO2	-0.499521181254851
SETD5	-0.499842738747009
PRRC1	-0.500004062312667
SNTN	-0.500177088982025
SUGT1P2	-0.500192828642938
ADGRB2	-0.500217893754881
RPL27A	-0.500257989887609
STAT5B	-0.500362706981696
MECR	-0.501247937618691
TNKS	-0.50129520409351
ZMYND19	-0.501419290490257
CINP	-0.501522364123159
EHMT1	-0.501776194247785
LENG1	-0.502160219021307
JUNB	-0.502478328395625
ICE1	-0.502610774990243
BLOC1S5	-0.502671452942761
RPL7AP43	-0.502912413618048
C19orf25	-0.502978956568585
MAGEB16	-0.503094503156213
TTLL6	-0.503143685880398
SMIM29	-0.503438840060894
CELF6	-0.503593286101382
VPS35L	-0.503595537631043
DSTN	-0.503686484479881
EGFL6	-0.503694121497495
CSRP2	-0.50409637037777
NPTN	-0.504160906556292
ITGA2	-0.504493789692128
HELT	-0.504605882657432
JMJD7-PLA2G4B	-0.504856625524824
NHLH2	-0.505233722923068
ZCCHC4	-0.505297264389186
ZNF731P	-0.505353022957384
SDHAP4	-0.505412368387614
COX18	-0.505599836727401
LONP1	-0.505682986873132
CEACAM7	-0.50568632777201
POLA2	-0.505705410366627
DDX4	-0.505779784968708
SFRP2	-0.506026546303609
CASD1	-0.506219045377728
PARD3	-0.506232206314964
BCLAF1	-0.506267786230856
TNFSF12-TNFSF13	-0.506751696202882
NES	-0.506813055723381
TMED7	-0.507018864771682
FANCA	-0.507341683728389
LAMC1	-0.507477508239275
SON	-0.507536435148584
TEP1	-0.508053747475188
A2M	-0.508264447736131
IRF2	-0.508400082562905
RASSF3	-0.50850724920795
PEX13	-0.508701437999088
CCKBR	-0.508797558404435
ISG20	-0.508848033323459
UQCR10	-0.508949851446174
SMAP1	-0.50909153483845
POLK	-0.509092306326219
NEURL2	-0.509427956326696
CTPS2	-0.509430017183923
KCNB2	-0.509523998906104
BCR	-0.509751818604048
NAMPT	-0.509812256881901
MRPL40	-0.510237813165172
ZNF784	-0.510391023803273
HIRIP3	-0.510391893338033
FIGNL2	-0.510415854899568
ULK2	-0.510651039036967
RPS20P33	-0.510780116122338
WEE1	-0.510883976790365
SLC30A8	-0.510901897301877
HIKESHIP1	-0.511346422459122
ETV3	-0.511579892354378
RPF1	-0.511770337089053
GRPEL2	-0.511861313105284
LRRC9	-0.51194296656213
UBE2CP5	-0.512029317697842
ZNF304	-0.512182455728099
RAB5A	-0.512450131063552
C2orf15	-0.512690472081622
UQCRC1	-0.512705155328341
CHRM4	-0.51273799406375
SRGAP3	-0.512838779478373
POP4	-0.512930516284437
CCZ1B	-0.513300396111363
CDKN2D	-0.513433963659778
NXF2	-0.513451403175515
C13orf42	-0.514095846664302
PHKG2	-0.514226081865612
DGCR6	-0.514231712331057
PRKCQ	-0.514411635361229
SHPRH	-0.514478485559028
ARHGAP12	-0.514650758776061
CT47A1	-0.514772563207782
SESN3	-0.514915829873458
ZNF275	-0.514967457839098
TMBIM7P	-0.514981461150159
VCX2	-0.514998706363299
ACY3	-0.51520006279277
ARFIP1	-0.51532948410121
BMS1P1	-0.515357247447778
PEX10	-0.515549405130675
CNR1	-0.515657754095075
PIGL	-0.515694571626411
ABI1	-0.515710250987077
CAV2	-0.515754098179554
SEC24C	-0.515813168057277
CTHRC1	-0.515843806067028
RASL11B	-0.516456337917385
SLC22A2	-0.516616424482316
SIX1	-0.516622531326841
IKZF2	-0.516885880979119
RAB36	-0.516935948036758
PCDH11X	-0.517253763869535
FAM90A16	-0.517424731868709
ST6GALNAC2	-0.517846253310921
SNRNP27	-0.517848497093769
ZC3H10	-0.518060568758799
TCF3	-0.518223570129624
NAP1L1	-0.518571097244364
PSD	-0.518845584286992
RAD52	-0.51930896004956
SMPD4	-0.519586059788799
ABL1	-0.519640110446476
SELENOS	-0.519666155473062
GTPBP8	-0.520257200782323
GNRH1	-0.520302937194749
CASQ2	-0.520319166086017
AKR1C7P	-0.520423878047717
ESPNP	-0.52054315207321
SYNPR	-0.520769516711622
LAIR1	-0.521024414439388
SERPINA1	-0.521457936598448
LRRC8A	-0.521522971947834
E2F7	-0.521600443318157
SLC6A5	-0.521616073438347
SCARF1	-0.52165371041502
TRIP11	-0.521673302906353
RPL32P32	-0.521734535543707
EPG5	-0.521874489440642
PCDHB6	-0.521881723637004
SGPL1	-0.521984767081795
TMEM181	-0.522471763290681
ZNF713	-0.522596643946029
CLCC1	-0.522770100119738
OSBP2	-0.522841647923822
TCP11X1	-0.522879423089053
LYSMD1	-0.523327326169511
TMEM102	-0.523465071730937
TEX261	-0.5235622958216
GON7	-0.523759622765799
TEX22	-0.523871220667931
MPHOSPH8	-0.523962112091814
CCNT1	-0.523962881010901
FAM8A1	-0.524211878701747
SCNM1	-0.524260491763947
TIAM2	-0.524411295626456
TAS2R31	-0.524501863117274
DGAT1	-0.524503412655424
GNG5	-0.524565187830374
TMEM129	-0.524739165207689
MRPL40P1	-0.524758359025843
ANKRD20A19P	-0.524918478329884
RAB43P1	-0.525306699800224
MTG1	-0.525419130503258
H2AZ2	-0.525904468818482
PAX2	-0.525927428134167
GJA1	-0.525942086514987
SOWAHC	-0.526451833343074
OS9	-0.526615444335391
UBE2L3	-0.526890864257012
PLGLB1	-0.526895068039276
SLC22A1	-0.527024463509029
SLC5A7	-0.527201487584042
ARF6	-0.528203757009968
RAB5B	-0.528279061785312
DPYSL5	-0.528507239937453
PDCL	-0.528827127572126
FAAP24	-0.529039767374496
GOLT1B	-0.529301953145072
SLCO2A1	-0.529304584954073
LLPH	-0.52942452883727
LAMP3	-0.529443895998163
GRK6	-0.529614851775873
SPA17	-0.529671479358771
MRPL43	-0.52997093821072
ADAM20P1	-0.529996246157166
DNAJB12	-0.530128774850079
USP36	-0.53019187441024
FIGN	-0.530421654525033
EGFL8	-0.530661832820702
PSORS1C1	-0.530940496649648
ZNF507	-0.531681495346208
MOSMO	-0.531830130238063
FNBP4	-0.531894222591442
PTMAP2	-0.532015447446524
UTP6	-0.532331541473687
GOLGA6L4	-0.532523208308024
CFL2	-0.532569771405513
RSPRY1	-0.532652537743251
MORN3	-0.532662618713831
SLFN5	-0.533267798993772
CEP152	-0.533368095798966
FNDC10	-0.533640880158138
NHLRC2	-0.533718586945456
MRPS25	-0.533763138863219
EPPK1	-0.533960637183085
RBMS1	-0.534185889744571
ELOC	-0.534499647599421
IL1RAPL1	-0.534592878430309
CUX1	-0.535131165072556
ATP6AP2	-0.53525580731811
FAHD1	-0.535284897859267
DCUN1D1	-0.535383716934898
DET1	-0.53562665298866
CEP78	-0.535637892767855
CDC20P1	-0.535796480222675
SPSB2	-0.536026381931491
ACAP2	-0.5361397707664
SNAPC4	-0.536165366093779
ANP32B	-0.536303293525633
TRIM64B	-0.536925204367525
PACRGL	-0.53716337497492
RPL8P3	-0.537217790702028
RPSAP9	-0.537282873210929
CYBC1	-0.537305752983153
KRTAP5-10	-0.537377020834854
KCNS3	-0.537564704653777
NBEAL2	-0.537614466225662
ATL1	-0.537684718966241
PDE6G	-0.538343996406129
IER3	-0.538620704856957
CASP7	-0.538764860682877
GPR141	-0.538885138875731
SMPD4BP	-0.538892126832615
SDHAP2	-0.538911204362402
DCAF7	-0.539129097658744
PRRC2C	-0.539352785322356
NDUFS7	-0.539526250427878
FHL3	-0.539671634444199
DIAPH3	-0.539683266963264
AP3S1	-0.539690993394396
SLC10A3	-0.539866728457058
PIP5K1B	-0.539917158176854
KDM2A	-0.540168032231873
SIKE1	-0.540277667902024
KDM4E	-0.540405689620159
RALA	-0.540459967626798
FAM210A	-0.540791080946561
PUM2	-0.540878416670965
PLEKHA7	-0.541088767913883
MMGT1	-0.5411224156585
BTAF1	-0.541737153736399
CLASP2	-0.541752696434824
ZNF652	-0.54213792555227
OR52K3P	-0.542151540026739
BRD9	-0.542205556345574
ASPSCR1	-0.542309100737179
WDR76	-0.542410334810412
PCNP	-0.542557634974266
ENTPD3	-0.543275899890282
RABGAP1L	-0.543424224618162
EIF2A	-0.543435831635731
ZNF204P	-0.543824971259927
CA13	-0.543893097431973
MOCS3	-0.5440862399509
GAP43	-0.544230521637623
TEDC1	-0.5446934246884
TWF1	-0.544768280106729
CAPN5	-0.544779699749712
THOC7	-0.545093078626287
NOLC1	-0.545299129194531
MT-ND4	-0.545565864161236
TEX14	-0.545809298901452
TRAPPC9	-0.546200289000677
CDV3	-0.546602477944892
EMC7	-0.546775071191032
ORC1	-0.546863095439347
SOX6	-0.546897909723496
FGFBP2	-0.547055439030375
OTUD4	-0.547169136122569
TSPAN8	-0.547456400527138
POU5F1P3	-0.54750025963887
FAM227A	-0.547676527903366
ARRDC4	-0.547799316390133
SPACA9	-0.547870610241112
MYO15B	-0.548445244583446
XIAP	-0.548845890778356
ZDHHC20	-0.548967632909801
SPTY2D1	-0.549018425041318
GFI1B	-0.549188636549755
ATP5PF	-0.549203181763468
RBM39	-0.549544609013195
WAC	-0.5496661194523
RMC1	-0.54968812121286
RPSA	-0.549720449280159
ZNF524	-0.54975260949527
EIF3EP1	-0.549833624290363
MIPEP	-0.549843564740458
ATG3	-0.550345593965007
ZSCAN23	-0.550407573734973
MARCKS	-0.550614766964212
CYP4F2	-0.550746946055961
FASN	-0.550885491702065
CFAP70	-0.550890034921168
HERC2	-0.550992077127166
VEZT	-0.551221343462644
TBC1D28	-0.5514758624583
RLF	-0.551873456785227
ATP5MG	-0.552561782675116
CBLC	-0.552837098964731
HSD11B2	-0.552866482442282
RPS3P3	-0.553245780416809
MYO18B	-0.553419942889637
SARS1	-0.553597438218514
NUB1	-0.55372542039179
DMRTB1	-0.553969392681971
FN3K	-0.554084421541546
PREB	-0.554521238733468
INPP5B	-0.554601770283767
WFDC2	-0.554775426660745
MRPS18B	-0.555766075062503
KMT2E	-0.5559509219382
LEFTY1	-0.556054325072551
RNF126	-0.556084374291282
MORF4	-0.556276489948696
NUDT22	-0.556371568708369
GATD1	-0.556805836908593
MARCHF6	-0.556848483466417
PLEKHH3	-0.557272120154264
CLEC2D	-0.557452799153662
LIN28A	-0.557468785286691
GLIS2	-0.557480242506665
PLSCR1	-0.557566245798858
ZNF816	-0.557975715449843
NCSTN	-0.558424278263372
MT-ND2	-0.558562652428278
AHRR	-0.558640345679564
OTUD1	-0.558648142848107
UBE2Q2P1	-0.55914493926488
SLIRP-OT1	-0.559448662973902
CLCNKA	-0.559508805371214
CYB5R4	-0.559812960015864
KCNQ1	-0.559880589945094
PPP1R12A	-0.560313862299546
DNAJC14	-0.560666345836497
LRRC37BP1	-0.56099045081926
RBMX	-0.561043778544609
CLU	-0.561151910424907
SLC25A39	-0.561288576288589
PABIR3	-0.561565845345147
TMEM175	-0.561591064459765
SLC39A8	-0.561630925309811
EIF3CL	-0.562035247769435
KATNAL2	-0.562357825468599
PPP2CA	-0.562386126413399
TRIM43B	-0.56246069320784
DUSP10	-0.562564084319061
ZNF354C	-0.562771671318718
TTC5	-0.563294279218481
CCDC169-SOHLH2	-0.563537515925955
ADGRB3	-0.563613730592585
ZNF573	-0.563963548905679
AKAP17A	-0.564103810258103
SNRK	-0.564223659050522
VRK1	-0.564290673098726
GADD45B	-0.564526774496906
CTAGE7P	-0.564561420869042
PPP5D1P	-0.564841237491348
COL6A2	-0.56489389267323
DOCK9	-0.564914029337718
NOC2LP1	-0.565555688361576
DUSP3	-0.565581722485024
CWF19L2	-0.565631664813473
CDC16	-0.565659339490981
BOLA2B	-0.565731748304715
SRSF7	-0.565940040795155
HBA2	-0.565977710575699
ZNF239	-0.56612350822999
CLEC11A	-0.566286981544233
FNDC3A	-0.566329943007103
AMN1	-0.566517403465955
NEURL1	-0.566801571900158
NUAK1	-0.567704845074154
PAN2	-0.567716082143606
SENP2	-0.567808262065683
TMEM107	-0.567861622561713
DDX50P1	-0.567888248174827
GHRH	-0.567985430460873
MTFR2	-0.568136278663854
GABRB2	-0.568291154099819
AP1AR	-0.568369832575181
UBL4A	-0.568460292770682
TPM3P9	-0.568612182665533
SLC25A36	-0.568801631861642
TMEM59	-0.56905129893213
NPB	-0.569169366021998
MAPK12	-0.56973024467257
ATP2B4	-0.570232029317046
RPS18P14	-0.570232267840928
CLEC6A	-0.570496077595498
IDUA	-0.57058662948194
RMI2	-0.570810268405419
TUBB2A	-0.570813760314873
SMARCA2	-0.570814329027088
FOXJ1	-0.571091911948891
ZNF117	-0.571219274653705
TRIM53AP	-0.571258460804229
FSIP2	-0.571500641466766
TMEM230	-0.572068506371161
TAF1	-0.572087084310667
RPA4	-0.572392339639963
TTI2	-0.572577615567603
ARF4	-0.572780457271426
FBXO48	-0.573093923094315
CNEP1R1	-0.573214155108865
IQUB	-0.573308444592923
GLI1	-0.573387542606405
IRF9	-0.573520422577204
CRK	-0.574007186023228
RPL36P7	-0.574296392733918
RPL26	-0.574560727967738
MCUB	-0.574645756296748
TRIM49C	-0.574671902339339
DPP3	-0.575038221340454
SERINC4	-0.575313499570014
CYP51A1P2	-0.575515594526482
TMEM67	-0.575540527970471
TAF11L11	-0.575705328234796
VAPB	-0.5758000010738
NDUFAF3	-0.575945573849404
RBBP5	-0.575990124585234
COX4I1	-0.57606275206936
MYCLP1	-0.576290944770358
PRPF40B	-0.576331848079638
MRAS	-0.576356621141699
PATZ1	-0.576501208018429
SPEG	-0.576845903686493
SPMIP5	-0.576958583114835
AFG1L	-0.577243624012909
NEK7	-0.57742204603841
MYLK3	-0.577837118578132
SMIM47	-0.577886516346233
FLOT1	-0.577887903949947
VWA7	-0.5784732477734
TJP2	-0.578590679154529
SSXP10	-0.578983414359269
PCDHGA7	-0.578986471863991
MSL1	-0.579034413061831
TROAP	-0.579054629935708
DPH1	-0.579125992528305
CEP72	-0.579293983662749
IKZF5	-0.579305946315792
DHRS3	-0.579316526936887
DNAJB2	-0.579540037939569
ZNF821	-0.579625609770048
C19orf81	-0.579851319719378
GIGYF1	-0.58021737379438
VAMP7	-0.58067237127308
CRPPA	-0.580830384313131
TUBAP13	-0.580874132013326
STAU1	-0.580996398513875
H3P6	-0.581003372081775
CLOCK	-0.581195525366263
C9orf43	-0.581586090358644
PLSCR4	-0.581931345743871
GRIP1	-0.582116584080065
ENTPD2	-0.582184697901389
GALNS	-0.582322147560993
PWWP3A	-0.58236358973507
INPP5A	-0.582465219940896
CSNK1D	-0.582630706929421
HLA-DRB5	-0.582837793647278
CHMP5	-0.583071754097416
SLC2A3	-0.583220933761567
SPG11	-0.583295701223265
NPM1P24	-0.583418790891845
SHKBP1	-0.583493715527643
TJP3	-0.583649038629327
CENPQ	-0.583759855917716
H2BC27P	-0.58417694902935
DCLK1	-0.584595309965877
PCDHGB3	-0.584768317250816
WDR82	-0.584776550833521
SLC47A1	-0.584836455249959
TENT5D	-0.585168868816066
NDUFB7	-0.585357745063429
RASSF10	-0.585517260826292
ZNF510	-0.585590776884616
RDX	-0.585731323791612
CLEC7A	-0.585980288786028
BTNL3	-0.586124473187164
CREBBP	-0.586259864637408
TSC1	-0.586355125139585
STYK1	-0.586563868914159
FBXL15	-0.586684150128751
ADAM12	-0.586762679640978
FAM72C	-0.586981946214186
KIAA2013	-0.587579974495645
NFE2	-0.587809687966256
RPL9P32	-0.587817515877785
NTPCR	-0.587890409619125
SLC37A1	-0.588232147580694
LHFPL3	-0.588347655131496
ZFYVE26	-0.588366157979186
ATXN3	-0.588731839122428
PWWP2A	-0.588979418266072
NDUFA7	-0.589190112352475
CFAP77	-0.589446947122874
RPS23	-0.589556167877091
MT-ND3	-0.58968032928705
C15orf61	-0.59119189450012
CHP1P2	-0.591205362896471
KCNJ4	-0.591333672724488
ZC3H4	-0.591565989699176
SOX2	-0.591702592708319
DDA1	-0.591883379965463
GON4L	-0.592170313351966
DHX32	-0.592272765359442
U2AF1	-0.592437394120468
B3GALT1	-0.592511262711409
PHACTR2	-0.593117228022928
PIDD1	-0.5933337199759
GHR	-0.593346383649666
TMEM222	-0.593383240218639
TRIM62	-0.593554340049492
HPDL	-0.593673938280144
BTG3	-0.593745968994368
ANAPC5	-0.593969248226352
STK17A	-0.594035896815701
NEDD1	-0.594174656071504
OSTM1	-0.594961121646089
SSR4P1	-0.59511117208719
FOXO1	-0.595648958734242
TNFRSF13B	-0.595748837159328
CFAP119	-0.595814396610906
TDH	-0.59617970094409
BDNF	-0.596193577360431
R3HDM2	-0.596295093320281
USP22	-0.596500879794447
MDM4	-0.596530478692427
CIMIP3	-0.596545133734257
TAF13	-0.596612234596784
ANAPC11	-0.596723766977053
RSPH10B2	-0.596744105071717
TBC1D2	-0.597132707563023
NINJ2	-0.597144002669227
CYP2E1	-0.597254130179796
FLNB	-0.59756605042472
MED13	-0.597716147067251
TSPAN12	-0.597955591914575
CHUK	-0.597981663314125
TGFBR2	-0.598148362964685
KAT2B	-0.598384499657099
B2M	-0.598395801619366
SMO	-0.598448078806515
SLC35G5	-0.59850099880885
SNAPC5	-0.598680376093794
FAR1	-0.598876256714031
RMDN1	-0.599143084976057
CEP95	-0.599434830468097
ZBTB25	-0.599467006934437
ELMO3	-0.599559702245442
NDUFS5	-0.59996035353794
IQANK1	-0.600260635006058
MYF6	-0.601438083424648
MSI1	-0.601517458386424
KLF10	-0.601769285351146
MID2	-0.602248459400375
LRRC70	-0.602503710133743
GOLIM4	-0.602613333119896
RPRD1A	-0.602931381467546
CYB5D2	-0.603000757982084
KLF12	-0.603242702149034
THUMPD1	-0.603340909468137
UGT8	-0.603451003886801
VWDE	-0.603799015348518
PXMP2	-0.603876996962479
ABHD14B	-0.603980199756823
SH3BP5	-0.604149260982498
DTX2	-0.604568098136724
NFYC	-0.604783982688395
PAPOLG	-0.605153336239
HAS3	-0.605442249442628
DIPK1B	-0.605539534524627
KLHL35	-0.605617716178365
UVSSA	-0.605731638630575
RASGEF1C	-0.606019730558086
MZT1	-0.606254114971442
MND1	-0.606289712834087
DOCK4	-0.606410095953262
CD19	-0.606753795127136
RSPH3	-0.6070900147382
GUCY2D	-0.607129065456303
ATP6V0E2	-0.607300872318775
EBAG9P1	-0.607712915977034
RHOB	-0.607956035021631
PDPK2P	-0.608070177899265
SFT2D1	-0.608261374629988
MARCKSL1P2	-0.60837973297531
BLOC1S6	-0.608449760220824
ZBTB7A	-0.609127579712433
PODN	-0.609237311410954
ZNF10	-0.609311615785982
PAIP1P1	-0.609615570731145
TRAF5	-0.60976743729008
ASNSP1	-0.609844850552697
ACAA2P1	-0.610160077290644
OR7E38P	-0.610259035403077
BRD7	-0.610261754215449
PRKAR1A	-0.61030449181996
TOMM34	-0.610621594349149
C14orf39	-0.610711468255451
TMPPE	-0.610720062096454
RAC1	-0.610956699408891
AP5Z1	-0.610987345896424
ATL2	-0.611344497970697
ACSL3	-0.611371996738863
ZDHHC2	-0.611431936015523
TMEM277P	-0.611701551361377
KDM6B	-0.611777281815751
HBP1	-0.611814129758103
TMED2	-0.612057428874411
GPRASP3	-0.61206260686885
RNF149	-0.612314294936279
ZNF823	-0.612696199433376
MAN2B2	-0.612924488178574
LCMT2	-0.613655030910169
ZNF680	-0.613657891836069
TRIM22	-0.613831796434178
FOXA1	-0.613847355165459
KBTBD2	-0.613872378099931
TESMIN	-0.613910387029135
SELENOI	-0.614107494644669
NOC2L	-0.614408446450549
OR2F1	-0.614812879789179
PRP4K	-0.6148428166924
INTS6L	-0.614903402138148
VMAC	-0.614981978787417
AGA	-0.615358132450315
ABHD17C	-0.615381266581533
ARHGEF26	-0.615693375899032
KCTD15	-0.615703097345929
STAG3	-0.616190434815283
CR1	-0.616192080706676
ALG9	-0.616285208881612
TET1P1	-0.616406784213017
PDAP1	-0.616641480564607
SCP2	-0.616766104109322
AACSP1	-0.61690100634659
DDHD2	-0.617567476826752
CNNM4	-0.617783166053967
FAM222B	-0.618132052065208
CHKB	-0.61820388030564
CC2D2A	-0.618252375314297
LPAR6	-0.618416231119134
DIAPH1	-0.618622943996169
LMO3	-0.618692892738176
MFSD13B	-0.618788609644674
PIK3CA	-0.618946182742753
PIP4K2C	-0.619119164186344
SEC22B3P	-0.619382214707996
WNT11	-0.619587341240601
CCDC7	-0.619743122589715
ZNF704	-0.619912917416198
PRKD3	-0.619986529045513
ERGIC2	-0.620245842246282
LDHAP4	-0.621158607568405
ASCL2	-0.621442063604884
TMEM71	-0.621913557661434
GJA3	-0.622013665567697
ZNF138	-0.622512054063122
JHY	-0.622605039671698
TULP3	-0.622915177285745
WDR36	-0.623012647220082
BMF	-0.623190994062589
PPIP5K1	-0.623369091109004
TATDN3	-0.623445146277992
JUND	-0.623554340592022
GRIP2	-0.623604658516072
RPLP2	-0.623674509508197
TRAPPC2	-0.623709463949338
GOLPH3	-0.623832458421929
PECR	-0.624066956902938
ZNF700	-0.624583295577898
ARHGAP19	-0.625351307144326
MT3	-0.625460020607271
TM2D1	-0.62549984302425
KCTD9	-0.625786751039176
UMODL1	-0.62580486398413
SMARCD3	-0.625826605183699
ZMYM2	-0.625837445461802
TRBC1	-0.626242530119152
DEPDC5	-0.62629234821685
NTN3	-0.626314199252733
MAPK4	-0.626795790669556
PSMC3IP	-0.626797120473261
CHRNE	-0.626876845973324
TFAM	-0.627071602154139
KIF3A	-0.627141906906276
DIS3	-0.627677315709508
CEP44	-0.627701112992626
THBS3	-0.628017980927214
NMB	-0.628087905751612
RIN3	-0.628461009708916
ANO2	-0.628701635222935
ATP5F1B	-0.628768109317753
ITPK1	-0.629406018807461
PAICS	-0.629528859399769
LRRC10B	-0.6298335836474
ADH5	-0.630324458702486
C19orf33	-0.630346008909235
NUBPL	-0.630594379651504
PIGQ	-0.631251882500063
MAGEA11	-0.631616515338672
PREX2	-0.631658394095388
CD2BP2	-0.631667728700012
GABPB2	-0.631741561818723
YRDC	-0.631966713942447
ZNRF3	-0.631995150577636
RNF6	-0.632034787425133
IDH1	-0.632167804768003
SERPINE2	-0.632222136577045
ZNF333	-0.632711994152488
CAMK1D	-0.632822723939181
VTI1A	-0.633142784643254
RAB9A	-0.633158015844117
VPS13D	-0.633220521555718
ARRDC3	-0.633476957508945
RHEB	-0.63350366787436
MTCO2P12	-0.633521799766046
VDAC1P13	-0.633595726965984
CEP350	-0.634033035230533
ARIH1	-0.634094064472492
SP3	-0.634196609069456
PGAP6	-0.634207557802028
KISS1R	-0.634568429782644
ZBTB32	-0.634715038477334
MCM7	-0.634808703753229
DCBLD1	-0.634874486367426
CDA	-0.635152584473825
MOGAT3	-0.635155726862513
PIF1	-0.635199229128751
TMED4	-0.635210043523503
SSTR1	-0.63534485744277
GEMIN2	-0.635582313457483
RC3H1	-0.635594743201933
SOCS6	-0.635915006848867
SLC25A47	-0.636474409643879
INO80D	-0.636529814990849
PXDN	-0.636720215333495
PIERCE2	-0.636813615739325
HTR1F	-0.636949806748347
BNIP3L	-0.636984824347012
GLE1	-0.637047990786802
BAG4	-0.637697960272368
NOVA1	-0.637803804505029
LSM2	-0.637818832881075
RBM15B	-0.637834356812371
ZKSCAN5	-0.637963884939313
PLA2G4B	-0.638382834532626
BDH2	-0.638433915202893
PNPLA2	-0.638439688263385
PSMG2	-0.638746489140028
PRSS12	-0.638866142956564
IQGAP3	-0.639470325499561
SPATA22	-0.639723443231126
NPIPA5	-0.640178943001115
ARFRP1	-0.640236678379941
RAMAC	-0.640253269741488
FKBP14	-0.64053244440762
KLHL2	-0.640660229341089
FBXW11P1	-0.640857635530167
BRPF1	-0.641256544212317
TPRG1L	-0.641285716191406
FAM222A	-0.641353630548241
MED4	-0.641683179644937
STIL	-0.64199906226693
FBXO25	-0.64277138406388
CEP120	-0.642812084309937
DONSON	-0.642922053715241
NARS1	-0.642963042228049
PTCH2	-0.643067107865866
BCOR	-0.643145025587588
C6orf89	-0.643155732339049
SPEM1	-0.643591541748266
PDGFRL	-0.643628748165731
IKBKG	-0.643721174370362
ZNF556	-0.643901748575234
DLG3	-0.644241118774513
SEPHS1	-0.644413725871424
THSD4	-0.64460131605938
DDX46	-0.644652301426657
BPTF	-0.644981535473681
IRGM	-0.645151026550764
SNAP29	-0.645238697776331
MAGEH1	-0.64573816174135
CLDN34	-0.645944452640107
ZNF485	-0.646234263158762
IL9RP3	-0.646500193774668
NHLRC3	-0.646631108821577
PRPS1	-0.646710077077317
H1-10	-0.646960960643683
OR7E5P	-0.647064568086336
ZNF678	-0.647380104186609
WDR55	-0.647393219609379
AMIGO3	-0.64751050526971
DGKD	-0.647599287864338
ACKR3	-0.64786779994293
APOO	-0.64820291553025
TMUB2	-0.648270034837413
EIPR1	-0.648375982505566
RHCE	-0.648491188410756
TEPSIN	-0.648897650443569
GLDN	-0.649358024397358
ZNF69	-0.649438266034198
USP54	-0.649615385980533
FAM131C2P	-0.649776510654699
CNOT8	-0.649779199595768
ZNF555	-0.649865401691876
GUSB	-0.649873098733746
ACHE	-0.649995423196795
TMEM235	-0.650165091597336
MCM4	-0.650351915384454
ITGB1BP2	-0.650573061278728
USP28	-0.650594145044118
TRMT6	-0.65071679474799
NAGA	-0.650720826027421
PIK3C2A	-0.650757234537141
PABIR1	-0.650996578673439
ALKBH1	-0.651036774991953
EPHB2	-0.651060723320623
CEP76	-0.651315090990973
MUC3A	-0.651395875940197
OXER1	-0.651404420500797
TOMM40L	-0.651493661787677
ENY2	-0.651883412837532
MAB21L1	-0.652229597686587
SOSTDC1	-0.652291272361319
BIRC5	-0.652427222386895
CALR3	-0.652449489944748
HLA-DMB	-0.65259601229802
DUSP19	-0.652877548735436
OR2A7	-0.652971209758383
CREBRF	-0.653030264339288
ANKRD9	-0.653062470768669
ZSCAN18	-0.653140440150502
DOC2B	-0.65348531551854
SPECC1L	-0.654405246130932
PSIP1	-0.654624929039028
KDSR	-0.6546500615558
ESF1	-0.654694569546045
ZNF253	-0.654724130429933
SLC47A1P1	-0.655339727078267
PLXNB2	-0.655356450559504
SPAG5	-0.655384131623608
EXOC1	-0.655446208914845
IGFBP5	-0.655725800581208
IFT70A	-0.655766240182613
PURB	-0.655873180764985
TRABD	-0.655914712571926
PRODHLP	-0.6565642175327
EFCAB14	-0.656638696580237
MGAT2	-0.656840098484751
STX16-NPEPL1	-0.656894229162687
TNFRSF8	-0.656916277490668
SLC25A20	-0.656930128125346
SLITRK3	-0.656939049320625
IFT80	-0.656949415625966
ADCY8	-0.65709980027091
TIRAP	-0.657275075773567
OTOP2	-0.657374167928311
SLC2A11	-0.657409618089154
HIGD2A	-0.658001259168697
SGCG	-0.658063830571932
OTUD5	-0.658287547571113
RAB6D	-0.658372281266776
ADAMTS13	-0.658437895661999
CCNL1	-0.658444800324769
GABRG2	-0.658920337644378
GPAA1	-0.659083637453662
GBX1	-0.659275508710465
RPL17P47	-0.65929685535637
IAPP	-0.659508558903676
SMC1A	-0.659557565567791
TSKS	-0.65958382156633
RPL21P39	-0.65971729619659
TM9SF1	-0.660720295273372
ACO2	-0.660873879860113
HTRA1	-0.660994546190487
TANC2	-0.661446195175539
HSPA1B	-0.661502080087384
MTND2P28	-0.661864335228578
TAF1D	-0.662094732847989
C7orf25	-0.662526528637865
MAPT	-0.662568010802859
ANXA5	-0.662698296911222
PDE6C	-0.662905554132263
TMEM30A	-0.662963933678034
VPS26A	-0.663021787720781
POU5F1	-0.663156255181137
CEP135	-0.663293771312679
PDCD6	-0.663587422991304
SYVN1	-0.66384123816945
POLR1F	-0.664194036998073
C5orf58	-0.664235674632388
MEFV	-0.664275024907984
CD99	-0.664510068416882
TRA2A	-0.664674247905796
HSDL2	-0.665032667157124
TBXAS1	-0.66528644326861
KIF20B	-0.665396554157058
KIF24	-0.665773499779868
ARF1	-0.665950231842357
FTH1P16	-0.665976141974014
ENAH	-0.666141897714574
TMEM106A	-0.666192339732548
ZNF343	-0.666503708348494
GNA11	-0.666653323524878
ZNF723	-0.666694918709385
BTLA	-0.667280667884108
RNF5	-0.667508317198329
CCZ1	-0.667514807705647
MDGA2	-0.66803159106478
TMED5	-0.668091968855421
TMC5	-0.66821819188963
AP4S1	-0.668791262457542
FAM133DP	-0.66891288602393
CDNF	-0.668969058312386
EIF3B	-0.669048562079939
RBMXL1	-0.669147933556589
RPS13	-0.669233810469997
FAM153CP	-0.669406978358599
ZNF599	-0.669836420732181
DDX52	-0.670272798359709
PTPA	-0.670295681922645
PFAS	-0.6706280804569
TRAPPC6A	-0.671078062249645
CLCNKB	-0.671178897438741
C5orf22	-0.671251190674083
DPH3	-0.671365209688696
SIAH1	-0.671494622170721
CIRBP	-0.671593575742735
GPATCH2L	-0.671889978209534
COL13A1	-0.671921707741892
OSBP	-0.671929514580289
MLX	-0.672744671538235
TMEM132E	-0.673191170272563
SHBG	-0.673240312967518
NPEPPS	-0.673379064335341
TPPP3	-0.673482981376989
CCSER2	-0.673527722861226
TDRD12	-0.67355599734426
RPL39L	-0.673712951250159
GLYCTK	-0.673895795321814
PIK3IP1	-0.674591541114298
ELAVL4	-0.674676760512772
KRT8P3	-0.675320369170543
ALDH3B2	-0.675329356071128
GPN2	-0.675651232875543
TMEM262	-0.675701034220717
PGGHG	-0.675742990916883
ZNF99	-0.675821329654489
SERPINE3	-0.67600186221508
MAGI2	-0.676156816528028
RAP2CP1	-0.676307764006768
UBA6	-0.676512710685126
VIRMA	-0.676690206680818
TNIK	-0.676800305762417
LUZP2	-0.676894655384663
ADA2	-0.677330196849642
CHRNA1	-0.677360022084698
MICU1	-0.677695892682691
PRPS2	-0.677738372183743
PPM1N	-0.677749590219319
XRCC5	-0.67811287558645
ZNF492	-0.67855292010616
CISH	-0.678980773133984
DENND5A	-0.679052023585216
DNASE1L1	-0.6794502398304
AGAP9	-0.680701161260144
ZNF625	-0.680710082501046
SLC39A13	-0.680774786629382
QPCTL	-0.6811898950823
SHANK3	-0.682506558340539
LOXHD1	-0.682795346562104
ALDOC	-0.682898654695847
CREB3L4	-0.682949471831913
PTPRK	-0.683454642328793
RPL21P16	-0.683643521858189
SLC30A7	-0.68378067217113
ARL8A	-0.684169915350572
HECTD4	-0.684300374559268
KLC4	-0.684671853819685
YPEL5	-0.685427383273168
CCDC82	-0.685430835722872
CRYGD	-0.685450672285947
FAM186B	-0.685665138244106
PTGFRN	-0.685899994736729
CYP27C1	-0.686052328029901
FMN1	-0.68605897399033
ARHGEF2	-0.686100083156326
ZMYND15	-0.687027443899219
ZMPSTE24	-0.687421072128521
PIGK	-0.687460143077102
CCDC18	-0.68747990544762
TRAF4	-0.687493213168414
HSD17B8	-0.688049411542149
AIRIM	-0.688053705849737
UBXN7	-0.688975931993168
RPS18P9	-0.688976039528861
DUX4L50	-0.689475164028662
ZNF491	-0.689564128106829
PIGA	-0.689564382890214
CCDC124	-0.690262198536095
HIC1	-0.690550596074414
MTMR9LP	-0.690600190530268
PDE4DIPP7	-0.690702984018616
MNX1	-0.691035493975216
LLGL2	-0.691731026162696
NME6	-0.692462168992882
MAGEA9	-0.692644942957168
PAQR6	-0.693362210592011
TPRN	-0.693364503642424
TMIE	-0.693545177043869
IGLON5	-0.693570600739627
ZNF529	-0.693646127377905
SELENOP	-0.694066958774068
RGS7BP	-0.694328332953041
DHH	-0.694331666808707
POLR2C	-0.694469555930373
RPS6P12	-0.694552720265465
VHL	-0.69491055317006
JAM3	-0.695115671182549
TTC9	-0.695211247500592
ODAPH	-0.695456474084472
E2F6P4	-0.695460532780756
EFEMP1	-0.695733500200934
ZNF557	-0.696044186322699
TRIQK	-0.696114862784419
ATOSA	-0.696265660059799
EDN3	-0.696468089633583
SMAP2	-0.696881325378853
C1orf210	-0.696997355740884
ZNF623	-0.697143500441478
ZNFX1	-0.697268656936014
UBE2H	-0.697702089290143
ZFP14	-0.697838675666554
ZIC2	-0.698505079583292
GLUD1	-0.698894177742591
MTND1P23	-0.698985435822896
B3GNT7	-0.699000048894586
POLE	-0.699263879031127
NIPSNAP3B	-0.699333263553331
BBS4	-0.699592059733567
CYP26A1	-0.70017552666579
SPRYD7	-0.700321911256238
ARPC3	-0.700451015285882
RUNX1	-0.700498153157339
FAM86B1	-0.700641849333907
UPP1	-0.700660775292173
IQGAP1	-0.700724288094731
POF1B	-0.700798974215261
BRAP	-0.700934684527168
MIEN1	-0.701145988658112
KBTBD7	-0.701149077430777
ZNF324	-0.701582103205682
PC	-0.701634387794748
RGS20	-0.702237846296053
SEMA3B	-0.702306895735534
PTMA	-0.702313187169351
PGBD4	-0.702655636842826
DACT2	-0.703014161468877
MED17	-0.703670201861535
APH1A	-0.704045584549819
MPPED1	-0.704251310363121
MAGEA2	-0.704329799352074
CYB561A3	-0.704576063593701
DHX36	-0.704665225414031
ZNF418	-0.705458883897703
TOGARAM1	-0.705664418470096
UBE3A	-0.705706182377896
BZW2	-0.705770194302246
CHD7	-0.706506230583099
PTPRD	-0.706677619785132
AIPL1	-0.706768011717542
PPP1R12B	-0.706884176041513
PTN	-0.707238182364295
KLHL11	-0.70729690783013
MICA	-0.707380198313747
ABCD4	-0.70748916117273
RUSC2	-0.707574494724153
BCKDK	-0.707583356224736
COL5A1	-0.707795062594978
ICMT	-0.708048106467709
ZFAND6	-0.708796488979723
DQX1	-0.709380788914134
GPR161	-0.70942948477659
DHX40	-0.709515665482576
MAT2B	-0.709750957135718
SRY	-0.709819356137576
SH3BGRL2	-0.710267486426165
USP14	-0.710622142822042
ORMDL3	-0.71078438848986
TUBA1A	-0.71081005345634
DOCK5	-0.711253419168852
MCMBP	-0.711600299939341
CDKN2AIP	-0.711671817773165
ELOVL7	-0.712049441257395
PCYT1B	-0.712167107444617
MID1	-0.712199661480097
HSD3B7	-0.71231926292652
ANKRD36B	-0.712658628232458
ROBO2	-0.712763949660129
RBM3	-0.713456970789609
FAM219A	-0.713518223461047
HEMK1	-0.714014868361142
OFCC1	-0.714118120019572
ZNF576	-0.715070571267587
PDHX	-0.715113699215147
UBAP2	-0.715236763752289
RABIF	-0.715238051198991
PRODH	-0.715593011318981
ARMCX3	-0.715754889260183
SPSB3	-0.715858119374207
ZNF849P	-0.715998532692042
CUEDC1	-0.716425140250522
BMS1P21	-0.716830377387292
SCYL2	-0.716982895626155
API5	-0.717072086732816
NOP58	-0.71733731941633
TIMP4	-0.71805147803042
SALL4P7	-0.718157354461235
APOC1P1	-0.718359560503045
SWAP70	-0.718779699722932
SRSF10	-0.71887006181815
SCN1A	-0.719083319321663
SFPQ	-0.7190892198675
RPS16	-0.719679323332772
SIAH3	-0.719968816952548
DDIT4	-0.719999170667939
CHML	-0.720795373408942
TIGD5	-0.72103060022118
OR7E13P	-0.721155463806092
RGMB	-0.721170563995096
PSME3IP1	-0.721551837087503
SEMA4C	-0.722014337016818
RBM12	-0.722527822925711
NUP88	-0.722877147995934
MYH13	-0.722927285042313
LIAS	-0.722972334181005
FOXO3	-0.723050575065463
APCDD1	-0.723093058004927
ATP6V1E1	-0.723430054319308
RPL17P50	-0.723436481630267
VPS35	-0.723452296639814
RPL12P8	-0.723929329960994
KCNK1	-0.724654920904475
PPP2R2B	-0.724679981862522
GASK1A	-0.724989109335067
SRPRA	-0.725029348801808
ASS1	-0.725056915947238
EMB	-0.725390195147598
PCDHA1	-0.725736174290134
TAB3	-0.725740980936942
EP300	-0.725775904158878
MED31	-0.725820105206777
DNAJC3	-0.726180009955063
RBM4	-0.726253826393787
MRPL35	-0.726293077224007
SYDE2	-0.726499704017885
RMI1	-0.726775094116196
NDUFA9	-0.727347323795572
CES2	-0.727544210978653
BLZF1	-0.727572621610238
OFD1	-0.727817695085854
OR1L8	-0.727955688711542
RAB8A	-0.728088343151502
KDM3A	-0.728539010707571
ZFX	-0.728739856342374
PPP1R9A	-0.728759408111688
HTD2	-0.728771805395332
ZNF430	-0.728820281451235
ROCK2	-0.728884970424718
KLHL14	-0.729196131963657
CASP8AP2	-0.729620642262418
PGRMC1	-0.730200946541999
LY6G6C	-0.730736915599508
GSKIP	-0.731024173601828
SPECC1	-0.731795659554461
TAF1C	-0.732142724996724
RAB19	-0.732211402661486
ZNF596	-0.732680702366796
ZNF451	-0.732704224141983
BOLA2	-0.733008937618767
C6orf132	-0.733065517701816
CDH9	-0.73317379216138
STK32A	-0.733362882218827
C11orf71	-0.733391673935182
RGS16	-0.733426245505108
FAH	-0.734106087186285
NAA16	-0.73427327482766
GPR157	-0.735223999618645
SLITRK5	-0.735245030008596
FRAT2	-0.735311873801432
DMXL1	-0.735579029859929
ATF2	-0.735646107659277
VEGFA	-0.735899112105871
FAM83H	-0.735933398697662
ARL8B	-0.735996031684072
GRPEL1	-0.736053181525485
ITFG1	-0.736112016252202
ZNF775	-0.736269685824502
TMEM184C	-0.736386171754208
DNAJC22	-0.736571062986627
DDX3X	-0.736920269646575
ARID3A	-0.737601867013294
GGNBP2	-0.737865855533128
CTNNA3	-0.738005650690006
SAMD8	-0.738119857211607
FRMD5	-0.738532531252308
WDR5B	-0.738874592398377
BTN2A1	-0.739697822028544
SIX6	-0.739761846076961
RANBP9	-0.739772576242008
RBMXP2	-0.739797738446469
TMEM231	-0.739997798412524
MTCO1P12	-0.740064223600514
TBC1D27P	-0.74035204970184
MORC3	-0.740673874988038
SLC25A6	-0.740879434379586
NTN4	-0.740952754801475
GPRASP1	-0.740954689621176
RAB43	-0.741000529026103
ACTR6	-0.741033963718731
ABHD13	-0.741305961519961
C1D	-0.741699780989136
ZNF559	-0.741794914260264
IBA57	-0.742093717766438
COX5B	-0.742179737525874
TRMU	-0.742242296781887
LPCAT2	-0.742245101462053
MC1R	-0.743195115531402
ZNF737	-0.743214930870642
TTC6	-0.74344176958472
WDR13	-0.743975917826285
SNIP1	-0.744107845406927
ZFP30	-0.744922420983139
CYP7B1	-0.745033768736839
SLIT1	-0.745099783854715
GSR	-0.745133326495153
RREB1	-0.745189604969318
NACC2	-0.745362716637043
ERO1A	-0.74585243891954
GRAP2	-0.746231795571798
FBXO8	-0.746825452563866
LMBR1L	-0.74722428741992
PCDH19	-0.747321775947842
MARF1	-0.747564456314399
ZMYM6	-0.747588042714767
RAB11A	-0.747662985065899
AP1B1	-0.747739650663136
CNBP	-0.748269504387765
FAM238B	-0.748701121898631
RNF113A	-0.748735060382881
CCT6A	-0.748961009107207
SERTM1	-0.749216439345443
CAMK2A	-0.749689828054895
FSTL5	-0.749765848106619
COL23A1	-0.750062072654925
CHST6	-0.750355769274986
RAC1P2	-0.75040828749939
ELMOD1	-0.750441386874494
RBM34	-0.750637854428813
KRT8P46	-0.750922360958933
OR1F1	-0.751569434609491
PRPSAP2	-0.751812818927336
ATAT1	-0.75188172937706
TREML1	-0.75200811339729
CFAP65	-0.752323822766668
TOMM70	-0.752512529567888
TPD52L1	-0.752930754174873
SRSF4	-0.752969072435743
NEPRO	-0.75364343939257
GCAT	-0.753673742248567
MOB3B	-0.753680012547314
ZBTB12	-0.753755713870773
RAPH1	-0.753844480114812
CDKL4	-0.753863510429077
TMSB4XP4	-0.754313373819189
SLC35E1	-0.755105707544732
INKA2	-0.755267030751619
FANCM	-0.755491118171036
TMTC3	-0.755496886506698
RRP15	-0.755526818365015
PLAG1	-0.755532850904488
RNASET2	-0.755690281106146
EXOC8	-0.756035040921656
SRPK1	-0.756373342823509
CDH23	-0.756659902751191
ERLEC1	-0.757248499507629
PABPN1	-0.758429982983999
TERF1	-0.758625535165504
AIFM3	-0.758842141923377
ZNF3	-0.758868136570853
PFKL	-0.758935540871274
MMP28	-0.759243704316364
TYW1	-0.75927328958111
CSRNP2	-0.759307799522531
DYNLL1	-0.759677445499031
HELB	-0.759718088856652
PCP2	-0.759986753121807
AGAP11	-0.760208013340781
EPB41L4A	-0.760883079466366
SIPA1L1	-0.760920347237984
SEC16A	-0.760988635003159
SUDS3	-0.761571275448416
PSMD12	-0.761704431008385
FAM209B	-0.761948194547086
MRC2	-0.762087454664725
LIN52	-0.762717097212634
STX2	-0.762791873181659
GDPD4	-0.762800209647647
CCNDBP1	-0.762858185360265
TRGV5	-0.762904028962729
TMEM121	-0.76340610546854
SMAD4	-0.76346882774251
PRMT8	-0.763527114100488
PAFAH2	-0.763535536287427
MUC15	-0.763545889531832
KANSL3	-0.76372285592541
ABCB10	-0.763913957033033
THRAP3	-0.764184451343086
ABCD1	-0.764262766233485
FAM98A	-0.76530855885185
DNAL1	-0.765419566951052
NUDT5	-0.765575104297744
C2orf68	-0.765772536950649
SLIT3	-0.765796437905003
RPS6KB1	-0.765839195134098
ENO2	-0.766045594980668
FAM76A	-0.767101906165774
SUPT6H	-0.76710838874999
SGTA	-0.767193733744032
SALL4	-0.767445797085326
OSTF1	-0.767607102479219
TRIP13	-0.767692887741128
ZNF663P	-0.767756660389196
TMSB4Y	-0.767986609543308
CYBB	-0.768496601706245
RNF141	-0.768536722701771
PCNX3	-0.76855521155724
SLC44A3	-0.768744527906646
CNTNAP3C	-0.768925589452262
EIF1AD	-0.768972695658087
PPM1D	-0.769250415313192
ARHGAP25	-0.76930505525535
MTM1	-0.769342349874912
FBXW5	-0.769604634570647
ARMCX1	-0.769884184029055
H4C8	-0.770068185989761
JAK2	-0.770199372464577
TYRP1	-0.770636628581634
EDC3	-0.770680601196764
CYSRT1	-0.770739981805442
WDTC1	-0.770893050679688
SLC4A3	-0.771351757113634
DDB1	-0.771567026272286
SCRT1	-0.771992867611544
MAPK8	-0.772814188278074
TMEM179B	-0.773064022569728
CTSV	-0.773077299145737
CHMP6	-0.773078977082352
RWDD4	-0.773092007821447
EXOC3L4	-0.773117160507334
ARRDC1	-0.77392864568786
IRX2	-0.774190639039354
LMF1	-0.774417126875431
USP11	-0.774419700293703
DIRAS3	-0.774939584339615
OR7E14P	-0.775411398940501
ERICH1	-0.775606954230368
NECAB1	-0.775621803636865
ZNF521	-0.775651994585757
ASPA	-0.775842280258131
ZNF326	-0.776152225859984
ZNF26	-0.776580487997797
MPI	-0.77698372441439
NSL1	-0.777032795312959
SHISA3	-0.777224347320363
DRD5P2	-0.777251767880831
FBXO21	-0.777310946638562
CMPK1	-0.77818851067924
ZDHHC5	-0.778277494952045
PPP4R2	-0.778406578912905
MOSPD1	-0.778471187326866
ZBTB49	-0.778507121722256
DSE	-0.778972195583996
STMN1	-0.779098331655546
BCL11A	-0.779205013750222
CREBL2	-0.779294744893383
CENATAC	-0.779493891953388
TGOLN2	-0.779644869116698
COMMD10	-0.779990182881701
SYNE3	-0.780039335783828
SOX1	-0.780054150074369
TM9SF3	-0.780195757363834
ACAA1	-0.780265532744904
NOXA1	-0.780703046205901
MRPS30	-0.781315273903818
PAX6	-0.781514519596342
SYT16	-0.781732314918197
ANGEL2	-0.782078214657354
RPL14	-0.782179973362556
CDC25A	-0.782207425521789
GLCCI1	-0.782297318131025
BRME1	-0.782454638981261
GOLGA6L5P	-0.782583454097885
SUPT7L	-0.783449894145371
WDR20	-0.784040080118211
ZBTB18	-0.784064014826921
SEC61G	-0.784139729870729
ABCC13	-0.784374877535067
RPS19	-0.784611076018245
UPF1	-0.784703187597325
ZNF625-ZNF20	-0.785125811043022
RABGEF1P1	-0.785235745985562
ZNF79	-0.785395964155349
ARHGEF16	-0.785415828449983
ACSBG1	-0.785446769030209
CCND2	-0.785569564106842
CGAS	-0.785593110248425
SETD3	-0.785745370677298
RPL13A	-0.786757956568036
ARPC1A	-0.786772614556495
ODAD3	-0.786858668852515
KATNIP	-0.786859432495086
NAT14	-0.787360604272001
UROD	-0.787670405341826
HS3ST6	-0.788160747711443
ASB7	-0.788245343749735
CDC7	-0.788359276876759
GPATCH11	-0.788447442799477
FOXC2	-0.788451706431003
SENP6	-0.788765836960439
DDX41	-0.788951858521196
NUDT18	-0.789072166860256
CENPW	-0.78938671821896
FICD	-0.789498304245869
SLC29A4	-0.789568474080159
KMT5A	-0.789780545176974
SH3BP4	-0.790028512454504
CHMP4BP1	-0.790111383300047
CALY	-0.790306131507467
LUC7L2	-0.790816919203791
FAM91A1	-0.790991823138463
ASIC2	-0.791045331558254
PTTG1IP	-0.79167583872756
ALKAL1	-0.792022117828384
TAS2R6P	-0.792286465627455
HERC6	-0.792292787709803
HLA-H	-0.792661866185549
ANK3	-0.792850744667734
PIGS	-0.793251568870789
NCBP2L	-0.793259325328375
AURKA	-0.793263608787093
CARNMT1	-0.79326785933356
NMI	-0.794387319134261
LSM5	-0.795077747888173
ANXA11	-0.795158288758678
SLC38A10	-0.795306916392035
ELFN1	-0.795703982124656
SEMA7A	-0.795945354046967
RPS20	-0.796803986601894
PTP4A2	-0.796836187675852
FLVCR2	-0.796898305474041
SHANK1	-0.797481268938885
MPC2	-0.797663099500618
PEX12	-0.797710556901704
EPHX1	-0.798103617793665
TMOD2	-0.798128150678813
DNAJC28	-0.798237375619426
GPI	-0.798252087246175
MRPS28	-0.798524463958327
MORN1	-0.798785428173667
MFSD13A	-0.799009883983159
LBR	-0.7994440542447
DPP8	-0.799542542137499
KIF21A	-0.799841992272631
RUBCN	-0.799987483507774
KCNK4	-0.800199818209684
GABRR1	-0.800348034309744
PLXNC1	-0.800535946618618
KRIT1	-0.801716648080719
ZNF891	-0.801739522473186
IL23A	-0.801931400602326
ECHDC1	-0.802186710676002
ZBED4	-0.802448816072647
RDH13	-0.802719661937031
FURIN	-0.802862357201535
CACNA1G	-0.802915585599018
ST3GAL2	-0.803872622635327
SDHAP3	-0.804012745392061
POC5	-0.80407119216287
PPP2R5C	-0.804113003161451
ZC2HC1A	-0.804180243505947
S1PR5	-0.804521918874259
ZNF347	-0.805339331008561
KLHL24	-0.805447308002521
NBPF10	-0.805646398076699
CORO6	-0.805767948144089
CCDC137	-0.805900964513516
CRMP1	-0.806073379931323
DHX33	-0.806742191276443
TMA16	-0.80684949614003
SLC25A38	-0.80697795783084
IFT70B	-0.807486018794412
ATP5PD	-0.807617670531121
FOXJ2	-0.807685867004444
TNFRSF13C	-0.807787959033247
CCNY	-0.807977421674583
POLR2M	-0.808403265806034
UPRT	-0.808986170628469
ZNF260	-0.809657250218282
VOPP1	-0.809925109161701
GREB1L	-0.810305480485301
PLEKHG4B	-0.810746094411629
PDIA3P1	-0.811120322794586
RFC3	-0.8114363556181
SMG1	-0.811563894050506
NOXO1	-0.811802292006635
RAPGEF5	-0.812461698971326
ATF1	-0.812476429689048
SHISAL2B	-0.812807588302675
ATXN7L1	-0.813067061274818
UBE2D2	-0.813467488007033
SMAD1	-0.813947541129968
PIGT	-0.815098606329737
NICOL1	-0.816731727513562
SKP1	-0.816787558806529
TNFRSF12A	-0.816819673452269
SELENOV	-0.816978393403099
ZNF534	-0.817948807528485
TP53BP2	-0.818661407970533
SRSF3	-0.818666810592161
L2HGDH	-0.818753595969405
CRADD	-0.818965169369408
ERCC4	-0.81933808187298
NUDT1	-0.819454564081789
DYNC1I1	-0.819485054807744
ZNF514	-0.819585324399709
ZNF442	-0.819794073249383
SETBP1	-0.819855913858819
SEC62	-0.820298647796112
GPRASP2	-0.820367214102047
RIIAD1	-0.820574429868458
PFKFB4	-0.82126182299127
RBM46	-0.821656435808303
CLCN2	-0.82171658066732
ACRV1	-0.8219237994393
ZFPL1	-0.822121923636681
ARK2N	-0.822191455449299
KCNH5	-0.822212342912965
UQCRB	-0.822592512593515
MTDH	-0.822743923021092
LACTB	-0.822944074079554
CAAP1	-0.823381099494721
SLC23A2	-0.823674603444392
MUSTN1	-0.823798341385743
TMEM171	-0.824229538823772
SEPTIN14P6	-0.8249728050106
KAT6B	-0.825296221023503
NF1P10	-0.825761688492923
UGT2B4	-0.826044856358789
TJP1	-0.828404265055518
TXNDC9	-0.828571714138608
CC2D1B	-0.828607515440062
AHR	-0.828706328088291
PPP3R1	-0.828735591802462
ZBTB2	-0.82979235416192
CHURC1	-0.829868544735189
PRDM9	-0.829899605308359
ZNF570	-0.830545053460628
DEK	-0.830664684117548
ESRP1	-0.831481695051575
MAGEB1	-0.832041871647969
TRAM1	-0.832354300642545
INTS2	-0.832582000953514
CATSPER2	-0.83260197726779
GOLGA7	-0.832861838176715
YY2	-0.832918554444879
CCDC97	-0.833290515633213
ARID1B	-0.833363122853424
RALB	-0.833644587326952
VANGL2	-0.833981397479099
SMARCAD1	-0.834269408035213
KLK2	-0.834338936598324
RIMBP2	-0.834525138049608
TCAP	-0.834643453315076
CCDC117	-0.834711456322275
PRMT3	-0.834909960281858
HRK	-0.835002523928772
MALT1	-0.835031227573164
ALG14	-0.836282818663858
PHYKPL	-0.836313234372931
SETD7	-0.836834235575669
JMJD1C	-0.836925934448311
PRH1	-0.83706800953532
MT-ATP8	-0.837181627309742
VPS25	-0.837326144558193
STX18	-0.837593984173629
ANGPT1	-0.837687773886084
LTK	-0.838946662999463
ANKRD12	-0.839217238255476
LRIF1	-0.839926954196976
HAUS8	-0.840031107121048
PCDHB13	-0.84005324327134
SMUG1	-0.840193759928485
TRH	-0.840248165676362
SFI1	-0.840713206215107
CAP2P1	-0.841807470052863
SUGCT	-0.841961672528897
CEP192	-0.841990520562231
SSBL4P	-0.842253031811463
BMS1P23	-0.842583243962223
GSTO1	-0.842999107741323
RALGAPA2	-0.843479795799951
PTH2R	-0.843652105881648
ING1	-0.843822239537022
MIGA2	-0.844048651866677
ZNF530	-0.845250565264379
ADGRG5	-0.845383583580731
CMC2	-0.845414810691044
C11orf54	-0.845979357905134
RHOT2	-0.846223401991299
MOSPD2	-0.846765042699002
C17orf75	-0.846828916931988
DESI2	-0.846921079423441
MAPK7	-0.84712099162852
TEKTIP1	-0.847559858063423
RNPEPL1	-0.847625553163744
RASD1	-0.847669950715484
TNFRSF19	-0.847698162470005
COX7A2	-0.848230627664304
ADSS2	-0.848427478709817
NXN	-0.848718720212682
TAS2R20	-0.848921221342537
IER2	-0.848987512154406
ZBTB37	-0.849099428115042
PRPF40A	-0.849188253898229
TALDO1	-0.849401206651694
EXOC3	-0.849753588627019
H2AX	-0.850130529404403
OCRL	-0.850204177618835
IQCA1L	-0.850278319071428
RSF1	-0.850663632904913
ZNF181	-0.850815662190517
ARHGEF40	-0.850865414750264
ZNF273	-0.851010401778369
FEM1B	-0.851146188186479
SCAND3	-0.851175787189364
STK35	-0.851205397443123
NLRP6	-0.852443242276778
TP53I13	-0.852675192987263
LSM4	-0.852978857440478
DUS1L	-0.853149598112364
DIP2C	-0.853206930121562
BICDL2	-0.853371746517905
CA5B	-0.853586015153933
CDS2	-0.853960129689226
RBM33	-0.854038936401347
CLPX	-0.854063952800357
IL15	-0.854132690080136
RAB12	-0.854190572664447
PRR13	-0.854887661519531
MARVELD3	-0.854931554495171
ITGB1	-0.855005574563493
CBFA2T2	-0.855040779734499
CGGBP1	-0.855070056152605
RBM8A	-0.855243997127321
NUDT8	-0.855466163587061
DENR	-0.85573898312802
ZNF146	-0.8562940393342
SPATA18	-0.856542747291328
C1GALT1P1	-0.857308945485096
CHRNA4	-0.857651978125054
VSIG2	-0.858445227255779
DIPK2A	-0.858613783036556
KLHL23	-0.859651026543315
FOXL1	-0.860348963157431
MAGEF1	-0.861273069846591
PRNP	-0.861808190741161
TBX3	-0.8623735450619
CHCHD1	-0.863552387417233
FBXO32	-0.864229884226445
ADAMTS14	-0.86449426963217
RHOXF2	-0.864739501041859
MAP1LC3B2	-0.864829264200543
TMPRSS11F	-0.865325907098394
EPPIN	-0.865444895499314
METRNL	-0.865558656450734
GUK1	-0.865696539711419
SSBP4	-0.866202336274437
CRTC1	-0.866376251922471
TIMM13	-0.866696234772421
CXADR	-0.866829880734047
NAA30	-0.866834905809487
FAM174A	-0.867190220300441
GABARAPL2	-0.867307822113948
BTBD18	-0.867917235180853
WDR43	-0.867951004691887
GLI3	-0.868349040665732
POU6F2	-0.868579684438391
KIFC2	-0.86887710267236
ATOSB	-0.869384591573471
BMS1P9	-0.870039543553995
TFE3	-0.870113280298098
SCPEP1	-0.870236231696063
SIN3A	-0.870852110283405
ASAH2B	-0.871345468264737
DHTKD1	-0.871815693580063
RCBTB1	-0.872070635515241
DIXDC1	-0.872188407689188
CDC6	-0.872437830274803
SBDS	-0.872647436312387
ZNF234	-0.872922526692865
PPP4R3B	-0.873046203240587
RMND1	-0.873048004951376
FRZB	-0.873122247937968
MSC	-0.873151185046963
TANGO2	-0.873303593351868
MCM6	-0.873348972181971
KIF11	-0.874958222014518
DUX4L26	-0.875511634987252
MMP24	-0.875985365524195
NFE2L2	-0.876542082148262
PRELID1P4	-0.877322762262949
CRTC3	-0.877341618997135
LRRC73	-0.877449581485203
OSBPL5	-0.877990570063115
SOWAHB	-0.879074026902154
CCDC159	-0.879234728747434
EIF3A	-0.87924953133151
ELAVL1	-0.879488275597922
CPSF2	-0.87973747693242
VIPR2	-0.879820778280759
AP5M1	-0.879832990814506
C8orf34	-0.879864499819221
SLMAP	-0.879904994825217
TMEM167B	-0.879937060191471
CFAP418	-0.8800163177753
ZNF454	-0.880041014973925
LGR5	-0.880382439219226
SNRPB2	-0.880651035376576
PNOC	-0.88124163703749
TOR3A	-0.881277836315001
MAP6	-0.881465933645007
PCDHA3	-0.881542373330827
RPS6KA3	-0.882138512174132
PI4K2B	-0.883231695458197
FOXR1	-0.88360486149088
RLIM	-0.883691913306654
TRAPPC11	-0.883802723294036
RAD51AP1	-0.883991656808003
KRT7	-0.884270870651063
NDUFAF7	-0.884403965227258
LIN9	-0.884484671117754
ACBD3	-0.884569982334979
WASH5P	-0.884711392101278
PRSS45P	-0.884787983857862
MCM10	-0.884792797540299
B3GALT5	-0.884843212158182
DSCAML1	-0.88491428358717
PRKXP1	-0.885150321089833
HNF4G	-0.885339032859328
PEBP4	-0.88558502205121
NAP1L5	-0.885610364062611
HMGA2	-0.88574738203358
MAN2C1	-0.885939340591507
JMJD4	-0.886030985244321
C18orf21	-0.886067136734645
MTR	-0.886124529051494
DNAJB1	-0.887528978299921
LINC01881	-0.888553412362951
PXYLP1	-0.88904906592874
PPP6R3	-0.889666174920762
ELMOD2	-0.889897611490037
PCDHB19P	-0.890001851247894
CPD	-0.890261592032703
FBXO45	-0.890597477080447
MBOAT1	-0.890623494757061
MIS18BP1	-0.891138046650956
OR7E125P	-0.892043038297914
TOMM20	-0.892629550366838
PEAR1	-0.893284638227664
KLRK1	-0.893371974799638
ZNF860	-0.893399012172145
QDPR	-0.893538601582265
ATG13	-0.894419411608255
LRRC8B	-0.895202966876101
AKAP12	-0.895491507497174
PIGB	-0.895585024984052
SCAND2P	-0.895807644524771
ANO6	-0.896113042156786
RBM20	-0.896412661784215
CDON	-0.896799612793769
AMER3	-0.89716996532526
FABP5P3	-0.897321661334729
GUSBP16	-0.897792264282588
SAMD1	-0.897825310157838
OPRK1	-0.897830070883874
GAD1	-0.897853019162383
RAB30	-0.897952022798892
MRPL53	-0.898077703766409
TRPV3	-0.89836041615931
BAG5	-0.89840079190383
TMBIM4	-0.898931544665606
PCBD2	-0.899120381901539
BRWD1	-0.899239344303072
DYRK2	-0.89934987455977
FILIP1L	-0.899367199815987
COMTD1	-0.899428443895817
KDM3B	-0.90006942530744
UPF3A	-0.900166094591208
LRRC57	-0.900544860852213
ZNF747	-0.900724948262111
FBRSL1	-0.900876169197892
FAM149A	-0.901026755612687
WBP4	-0.901412409161701
TTC39C	-0.90196529160721
MYEF2	-0.902076994295338
SDAD1P1	-0.90213372399053
CENPBD1P	-0.902754137755935
NDUFA8	-0.902755399665318
PRDM2	-0.903353546571397
ERBIN	-0.903920482480668
SLC6A10P	-0.903945666743887
DUS3L	-0.904539720854369
BEND7	-0.905368888017897
SLC30A9	-0.905922374061742
PPP2R3A	-0.906260803350894
PLS1	-0.906572927927514
TYMP	-0.906642439309258
RPP14	-0.906822428840331
HEATR5B	-0.907339064190156
TSTD2	-0.907431605182104
TMEM38A	-0.90814424628831
PTPRM	-0.908469720223276
CLDN16	-0.908544104748702
RPS12	-0.908850702510593
GOSR1	-0.909084737081528
CYP4F3	-0.909194575478792
VEZTP1	-0.909377125894246
ACADS	-0.909682528110649
ANKRD49	-0.910180093157608
YWHAG	-0.910202280695081
TMLHE	-0.910265861955465
IGFBP2	-0.911756941717107
LRRC69	-0.91261564071807
COPS2	-0.912887577726071
ARHGAP11A	-0.913174523532821
ANO5	-0.913190281493586
GAPDHP62	-0.913408001502514
FFAR4	-0.913716421457214
AGO4	-0.914057547911848
CYYR1	-0.914918683216098
TTF2	-0.914967345503483
MT-CO2	-0.915063806289522
AGFG2	-0.91542102273565
PROX1	-0.915555698471375
CHMP4B	-0.915558845090847
NICN1	-0.916050303859445
OOEP	-0.916399800794422
ZNF417	-0.91657297759419
TSHZ3	-0.917048430501153
GNAI1	-0.91732517656386
RPS6KA6	-0.91755946294162
REEP3	-0.918033640991603
NDOR1	-0.918059479087958
LYRM2	-0.91806137412671
SMBD1P	-0.918088340788263
SKA2	-0.91893083511845
LEPROTL1	-0.919098557486212
COPS8	-0.919160552991048
TAL1	-0.919638503408116
G3BP1	-0.920533073844043
ZNF17	-0.92062464830971
YTHDC2	-0.920671628268604
EPS8	-0.92077386421666
B3GNT2	-0.920845402829578
TNFAIP3	-0.921511751291542
RPS7P3	-0.921872121646194
COQ10B	-0.922037674342979
CMTM6	-0.922196519448414
SCN1B	-0.922767390964012
SEMA3D	-0.923795915015906
PHKB	-0.923861192347878
CHST12	-0.924477614636096
ATP13A3	-0.924578033759633
DUSP22	-0.924613174911113
TIGD4	-0.924718879374413
KCNQ2	-0.925001484927126
SIRT7	-0.925087790525039
DOK1	-0.92518733168311
IL1A	-0.926390597746293
SNRPC	-0.926923964283875
CAMSAP1	-0.927251506857585
F11R	-0.927520148804592
H2AC25	-0.928192797649624
HEBP2	-0.928649056807859
CYP2F1	-0.928697776333698
SPPL2A	-0.929262731773866
ALG13	-0.92933981698405
CLEC18B	-0.929345380491323
PEBP1	-0.929816248949394
JAG2	-0.930173537591651
EIF2AK2	-0.930949647468994
MAP4	-0.930973174209474
FAM171B	-0.931418430865029
FREM2	-0.932125879642201
MOV10	-0.932693843608658
ARFGAP2	-0.932762716794545
VMA22	-0.932798484502151
CCSAP	-0.933162605487194
ITM2B	-0.933717507685381
ABHD14A	-0.934042445035831
TCF4	-0.934581219311813
LGI1	-0.935030657459304
CASTOR2	-0.935385125466195
DLST	-0.935920064521221
MS4A7	-0.936233141127642
DOT1L	-0.936256428059453
FOXI2	-0.936262761141348
ATAD1	-0.936589711094475
ID2	-0.937305514349471
ZFP28	-0.937344840284919
EML1	-0.937680468895471
COPE	-0.938470158149211
SUZ12	-0.939995029623455
ZNF420	-0.940294892558811
CD38	-0.940588141412593
PRKAR2A	-0.941114055048711
BAMBI	-0.941117890810135
TMEM38B	-0.941634973907246
ANKRD37	-0.941679644002059
HAPLN1	-0.942376110549249
CHST11	-0.942640705419544
BLOC1S3	-0.942701524871283
CHEK2	-0.942737623706026
TMEM69	-0.94283522989253
CLDN7	-0.943545021169083
CLIP1	-0.943641747034998
ATP6V1C1	-0.943881710088648
MINDY2	-0.944318823463658
GALT	-0.945770554721909
BNIPL	-0.946529804211044
SLC4A8	-0.946761858980123
PIGW	-0.946876253365623
USP18	-0.947034716206486
IKZF3	-0.948038616978373
PMM2	-0.948117015082573
SHF	-0.948136583224951
CACUL1	-0.948159656849681
NRAS	-0.948299417889145
VPS4B	-0.948379214276779
OGFOD2	-0.948430108600473
DNAJC6	-0.949215265157585
MRAP2	-0.949233735637883
PIKFYVE	-0.949472004265153
TIMM8B	-0.949637348084211
RNF182	-0.949892481745982
AHCYL1	-0.950456077052783
SHROOM3	-0.950469901810364
CMTM3	-0.951033173919444
KIF3C	-0.951123405679351
PRTN3	-0.951165022755161
TADA2B	-0.951654068417523
SHLD1	-0.952448293944194
CTIF	-0.953692862082162
STAM	-0.953942107617691
PLAAT2	-0.954051928750057
TENT4A	-0.954563337919494
NEDD4L	-0.955072787823402
PAFAH1B2	-0.955214914586348
UBE2R2	-0.955951568047744
KLF11	-0.955978974631595
TRAPPC8	-0.956230983967706
ZNF805	-0.956461217657777
AMH	-0.95668552675016
HNRNPLL	-0.956713881682668
MED1	-0.956727190875157
BBS1	-0.956733452751743
A2ML1	-0.956990644901475
TRGV3	-0.957250696995686
ITM2A	-0.957386370908377
CSGALNACT2	-0.957425068129112
KIF1B	-0.957642359494363
FZD6	-0.958484154459929
MGAT4B	-0.958954350111785
MRPS35	-0.959203976161346
C2CD4A	-0.959224116274327
PDIA2	-0.960587087939093
NEK2P4	-0.960721121868064
USP25	-0.960993511038616
SAMHD1	-0.961156523770767
FAM199X	-0.961779858121406
APOOL	-0.961906557443579
SPAG16	-0.962448110662448
PHC3	-0.962825302340891
NOTCH3	-0.963208771402764
TMEM70	-0.963300206631266
TBC1D22A	-0.96338144406996
ARHGAP39	-0.963887587351017
EPS8L2	-0.964014128797803
DCP2	-0.965413070672052
ADO	-0.965947132877005
ANAPC2	-0.966521549326494
MYO1D	-0.967254029862468
RTF1	-0.967955739587587
MAL2	-0.968257679704191
STEEP1	-0.968637424226381
UBXN2B	-0.969232658667127
RNF24	-0.969442762266062
NDUFB3	-0.969503283099041
PFKFB3	-0.96964116509633
FAT4	-0.969759025319613
SSBP3	-0.969941211847101
ABCG2	-0.969952090094431
S1PR1	-0.970323007489015
ELL	-0.970404165088531
NR4A1	-0.970408322673586
FBXL12	-0.970857781224156
ELOVL2	-0.971494906873846
UQCRFS1	-0.97151337501368
INSIG2	-0.973007719149435
HMGCS1	-0.973013941704247
NYX	-0.973120180560468
CCDC167	-0.973231297187408
NCAPD3	-0.974074806949251
PER2	-0.974111238820136
PHOX2A	-0.974954741119061
VMA12	-0.975211513092522
BCL10	-0.975250747442529
FOS	-0.975549257398231
MMP15	-0.975687621247162
CELF4	-0.975724581412142
PRSS56	-0.975910666886546
SULT1A4	-0.976425534410719
KIAA1191P2	-0.97647172058579
ATAD2	-0.976713712670474
RPL7AP39	-0.977148789559339
DNMT3A	-0.977665982989537
SERINC1	-0.977753419002251
POLD4	-0.977976479440129
SPON1	-0.978113601967164
GABPA	-0.978411407202625
KIF3B	-0.978425853047509
PCGF6	-0.978654145040481
GUCY1B1	-0.979120489149489
SIGIRR	-0.979319299317097
HEY2	-0.979586284183553
LARP7	-0.979786832855849
LRIG1	-0.980269967879045
PIWIL2	-0.980337431700929
SSTR2	-0.980491228408235
MPP7	-0.981514580306951
ABHD3	-0.981564866972261
XIRP2	-0.981950228344739
PCDHB11	-0.982690477638608
ADGRG6	-0.982951391255901
FBXL6	-0.983098063236048
PRIMA1	-0.983236583836903
VPS54	-0.983466973662479
ZCCHC2	-0.983536162255495
LINC02693	-0.983651822468914
LEKR1	-0.984095229677139
ITPKC	-0.984198769607241
TCF12	-0.984795914296657
PIAS1	-0.984913827040473
CLEC4GP1	-0.985073218158026
STAG2	-0.985921668760126
EIF2S3	-0.987299363255297
SFTPD	-0.987300008559715
SPMAP2	-0.987398190666459
USP48	-0.989335491668939
ISLR2	-0.989386936121393
VAV3	-0.99081792303999
PHACTR4	-0.991957587378922
FAM227B	-0.992025764885813
PPIP5K1P1	-0.993049352944944
EXT1	-0.993237836626238
SCART1	-0.993835434647307
LAMA1	-0.994673810477548
METTL14	-0.994886247694119
F2R	-0.994990674965657
FBXW4P1	-0.995205336710708
CCNH	-0.995442575940588
NSUN7	-0.995499262980052
ZCCHC10	-0.995605484797251
LRCH3	-0.996248949659777
CDCA7	-0.996385814369935
ITGB1P1	-0.997099012918178
STC1	-0.997766542881244
EIF4G2	-0.997776779922573
ETS1	-0.998235372039694
GTF2A1	-0.998661122048031
ZNF563	-0.999021103134073
LAMC3	-0.999167533073848
MMAB	-0.99991364994816
FAT1	-1.000029463435
TTC31	-1.00018314384211
BCORL1	-1.00019113967959
FERRY3	-1.00105669725599
ZNF807P	-1.0013518415241
HES7	-1.00228263843499
LPGAT1	-1.00237680686649
WDR73	-1.00255415363951
GJB7	-1.00264124755571
OR3A1	-1.00315241191796
ZNF92	-1.00350918588496
SAP25	-1.00407968561283
ZSCAN21	-1.00410135916516
KNL1	-1.0043491030788
SLC35F1	-1.00443817516749
DDX21	-1.00448726764638
CRACD	-1.004855018829
EAF1	-1.00509523865393
NCKAP1	-1.00641655238388
ZNF540	-1.00665535334668
IMPDH1	-1.00820422731858
ALDH1L2	-1.00839390246167
FANCD2	-1.00896075044649
PCNA	-1.00920007962455
APPL1	-1.00933376186391
PPARGC1A	-1.00947537433087
GOLPH3L	-1.01009417615815
ZNRF1	-1.01032668306073
PARM1	-1.01062120236906
PRKDC	-1.01112511571991
COMP	-1.01174983569329
NUDT3	-1.01341661009329
MAPK15	-1.01344627261167
DGKE	-1.01436399256883
PCSK9	-1.01494545049685
SPAG4	-1.01508429481961
ATG4D	-1.01511343129417
SMIM7	-1.01532267586829
FAM76B	-1.0156037604057
XAGE2	-1.01569424439918
ARHGAP24	-1.01574868523339
TRIP12	-1.01582704015157
SRSF8	-1.01661667238319
PRMT6	-1.01689024678618
RELCH	-1.01708569963914
PIK3AP1	-1.01734532299047
ZMYND11	-1.01838339387952
NRG3	-1.01845950815783
TMEM161B	-1.01863955554566
TRIM37	-1.01911130730539
CLEC4G	-1.01916640422541
ECT2	-1.01925096412543
CLIC2	-1.01929145305152
RPL13AP5	-1.01934712737194
ST13P13	-1.01977111908081
PMS2P5	-1.02010054868131
TERF2IP	-1.02015516132025
TXNIP	-1.02017951479183
EIF3F	-1.02079058224958
PKHD1	-1.02089563968965
DLL3	-1.02099785462767
POC1B-GALNT4	-1.02119498371304
HACD2	-1.02119951268423
ATP1B2	-1.02183524636777
ZNF789	-1.02188461578798
SDHAF3	-1.02201167800954
PTEN	-1.02263156573411
HCG4B	-1.02283795169775
MAP2K4	-1.02333706972586
CALB2	-1.02385547062214
CGN	-1.0244037449644
RBM17	-1.02473544557358
TENT5C	-1.02574840127329
BLOC1S5-TXNDC5	-1.02587271779518
ANKRD63	-1.02635760795499
TBC1D9B	-1.02636308050183
ZNF674	-1.02649109298592
CAMSAP2	-1.02670747215506
DSCC1	-1.02677541239909
ARHGEF12	-1.02721342952652
PI4K2A	-1.0283151522889
MBNL1	-1.02835792377419
SUB1	-1.02841362241329
DPCD	-1.02852411721724
ZNF780A	-1.02913111684654
CBFB	-1.03063943544769
ZCCHC14	-1.03117069681195
PPP1R18	-1.03132111390797
XRCC4	-1.03189603640706
MIS18A	-1.03233147687206
MFSD8	-1.03322651123629
SMIM10L2A	-1.03347012391459
FNDC5	-1.03367300855628
LSM8	-1.03385950254787
NUS1	-1.03401453590152
ZNF766	-1.03483568725123
NTN1	-1.0348361057195
RSBN1	-1.03487467005558
MCM2	-1.03514636975932
TRMT2A	-1.03553064249064
DRC3	-1.03587132519226
ZNF554	-1.03610884924952
UBE3B	-1.03614242911789
AK9	-1.0362345043036
CLASP1	-1.0370557123554
LINGO1	-1.0371562069836
NFKBIA	-1.03745254687716
FER	-1.03751955991561
ZNF721	-1.03782518140358
GABARAP	-1.03843317183172
FAM177A1	-1.03892850806989
WAPL	-1.03924141516273
MAEA	-1.03982201108581
USP51	-1.03999329363763
TBC1D23	-1.0400571142685
KLF16	-1.04024465867607
TMPRSS5	-1.04029888916964
BTNL9	-1.04052242057434
CPLANE2	-1.04120591994356
FBXO28	-1.04146565523462
TBXT	-1.04214899098737
BAZ1B	-1.04226661042617
ATP6V1A	-1.04242878688187
DHX38	-1.04455010894541
GTF2H3	-1.04498119964064
PAFAH1B1	-1.04519337035585
STPG2	-1.04536393700766
SPAG7	-1.04606773976775
SLC6A3	-1.04648058466453
LATS1	-1.04740770001171
ALDOA	-1.0482200795458
SH3D21	-1.04891409757943
TENM4	-1.04903901554833
RIMKLB	-1.04909774384367
BCLAF3	-1.04929079633847
TRIM17	-1.04933999802427
FAM83C	-1.04936458385865
LRAT	-1.04948415239751
GATA2	-1.04950819665409
CD2AP	-1.04953456417843
FAM133B	-1.04959669714167
SETD1B	-1.04966868855527
LRRC45	-1.049718883993
TUBB	-1.04986173681954
GHITM	-1.04999136648297
ZNF835	-1.0501432042197
ATP8B1	-1.05015297047354
METTL18	-1.05039871313865
DNAJC27	-1.05051966685581
FGFRL1	-1.05070755077111
GDNF	-1.051715071879
HINT3	-1.05197088692649
IHH	-1.05201282037431
ZNF577	-1.05214479559874
CYP26C1	-1.05245615210869
POLR3A	-1.05327679175057
ADAMTS7	-1.05352811776063
IGF1R	-1.05368088313143
DDX43	-1.05368646219522
FBXO38	-1.05424013752451
ATP5PB	-1.05459881254133
IL17RA	-1.05552733982362
URM1	-1.05594568281625
DARS2	-1.05598174031304
NFYA	-1.05628287788349
ZNF724	-1.05631841510358
SLC67A1	-1.05640402688407
SLC22A3	-1.05657938675135
TSC22D3	-1.05704554873225
AGAP13P	-1.05715715889204
HMGCR	-1.05733874943399
PRPF8	-1.05763090057055
BBIP1	-1.0585923182581
HACE1	-1.05983304679709
THAP5	-1.06006542806329
UBQLN1	-1.06063367327981
TNK2	-1.06183337938952
LANCL3	-1.06218669146891
MAPKAPK5	-1.06223503057242
RBP5	-1.06227994129468
NKIRAS2	-1.06232659859745
PTGR1	-1.06236578760676
UNCX	-1.06335840068471
OR1F2P	-1.06359074515501
SACM1L	-1.06384850511848
YIPF4	-1.06388851688448
TSPEAR	-1.06459015015449
CCPG1	-1.06479964089537
ESRRA	-1.06497127104273
ADCK5	-1.06502757559881
PRR35	-1.06539185248534
BDP1	-1.06543217829075
PLPP5	-1.06563710422578
ZNF730	-1.06573011105113
C3	-1.06606535170492
RNF111	-1.0663913955808
MARCHF5	-1.06652335176781
FXR2	-1.06654700960844
SLC4A1AP	-1.0669273683179
NOM1	-1.06695317800085
MDN1	-1.06746411498209
DUSP5	-1.06874516375942
DRG2	-1.06918491993107
FRYL	-1.06920577097719
NDUFA4	-1.06936774411068
RNF217	-1.07021539955276
ZFYVE21	-1.07035610947283
ADTRP	-1.07051840545504
EIF2B1	-1.07110817265841
RALBP1	-1.07149301402713
ENC1	-1.07195062245538
RPL13P5	-1.07199676733401
EIF3K	-1.07205281513098
FBXO33	-1.07249727073007
IGFN1	-1.07312175310404
RASSF8	-1.07334513860761
CHD1	-1.07344822936632
AIDA	-1.07477778930186
CSNK2A2	-1.07534297858397
LGALS14	-1.07537883771628
CETN3	-1.0756324607043
TUBA8	-1.07567494305918
CELSR2	-1.07579841666741
NDUFA3	-1.07605786085471
UNC93A	-1.0762797363609
HES6	-1.07660592393163
CEBPG	-1.07688323191986
ADCK2	-1.07693066473163
IRAK2	-1.07696175107463
IER3IP1	-1.07700525354278
BPNT2	-1.07845937576638
CYTH3	-1.07895737864603
LYVE1	-1.0796288512009
KLHL4	-1.07991262368719
PDZD11	-1.08025371590213
GPR137B	-1.08026564285368
SNX14	-1.08079132235881
YY1	-1.08080105147161
NUP153	-1.08102777643079
INPPL1	-1.08149834403925
MARK2	-1.08202856752366
DUT	-1.08233929010317
WASHC4	-1.08240759196158
SLC45A2	-1.082554068831
ZFPM1	-1.083002188349
SOCS4	-1.08308173332024
SLC35E3	-1.08547985806189
PRKCE	-1.08589280806483
NCK2	-1.08627988762313
SPTBN2	-1.08696898106158
SAV1	-1.08772414583031
SIGMAR1	-1.08806278286172
ST6GAL2	-1.08866787548175
GALM	-1.08916738852655
CHAF1A	-1.08958033897303
MTMR2	-1.09017306201274
SLC40A1	-1.09113829588155
PRELID3B	-1.09114593221404
NSD1	-1.09143698391227
DUX4L37	-1.09207520222721
YAP1	-1.09231502131176
SPATA8	-1.0928409890631
C17orf50	-1.09313448642557
ACOT13	-1.09343204128756
RPL3P7	-1.09348059338451
S100A10	-1.0936737178186
FNBP1L	-1.0943573881943
KIAA1549	-1.09446015579708
BCRP9	-1.09534637907344
FOXN3	-1.09574106888849
SOBP	-1.09624665134154
ERLIN2	-1.09660281390464
PSMD5	-1.09689046440605
FAM120A	-1.09702824739058
LYPLA1	-1.09802368725765
RGS11	-1.09806643367345
CDC45	-1.09921279302202
PELI2	-1.09941884835338
RAD51	-1.09953571434205
NUDCD1	-1.09989113191086
TSG101	-1.10021795971401
COX6C	-1.10028199539662
UTS2R	-1.10053874309975
SHISA8	-1.10056499033772
DECR1	-1.10071159533041
SH3GL1P1	-1.10110446512455
VPS9D1	-1.101231616467
VGLL4	-1.10141250039859
IDH3B	-1.10240114077801
WDFY1	-1.10246608284577
DST	-1.10296225744511
BORCS8	-1.10298641806888
MMP2	-1.10356146425826
GSC2	-1.10489062190003
SLC1A3	-1.10520035491302
COMMD2	-1.10537196248899
SLC14A2	-1.10596863303737
ZNF610	-1.10619346892214
CNST	-1.10685928476677
WDR44	-1.10804249345067
MED24	-1.10819137830741
CBX8	-1.10842778816554
ZNF350	-1.10916043569572
SLX4	-1.10925662253121
ZNF75A	-1.11145244093922
PKIA	-1.11150859330493
ACTG1	-1.11166170295227
WNT9A	-1.11197397864913
H2BC21	-1.11220307398865
ZNF818P	-1.11224893121598
RPL6P30	-1.11237009967512
MGARP	-1.11349980348255
ZNF433	-1.11381857812683
NECAP1	-1.11461998794834
C5orf15	-1.11549998689511
ZSCAN16	-1.11574738226131
FLVCR1	-1.11598862762958
POU6F1	-1.11633145567207
QPRT	-1.11701942828832
CALCOCO1	-1.1171857313385
LARP4B	-1.11727131407357
EEIG1	-1.11738373461042
CCDC6	-1.11760184896896
SRSF2	-1.11803407503545
BARX1	-1.11836778518202
TRAPPC4	-1.11857886316479
WSB1	-1.11860900614106
PRKX	-1.11890831733939
IDE	-1.11962573432031
NT5DC2	-1.12034304674288
ZNF14	-1.12097098408168
RNF183	-1.1214265340063
CYTH1	-1.12343170741453
MRPS18A	-1.1243813488534
HAAO	-1.12450413887941
CYFIP1	-1.12491101068275
CD177	-1.12618460213949
PACSIN2	-1.12648890404732
RMND5B	-1.12724076057788
RALGPS2	-1.12764428867118
PDE4DIPP4	-1.12802593766279
PRKCG	-1.12845448500132
STMN2	-1.12996985471773
WARS2	-1.13028821384453
CASP3	-1.13032554524921
INO80	-1.13081336322673
TOPBP1	-1.13182412986628
IL17RD	-1.13217088671237
THRA	-1.13221972249191
MRPL42P1	-1.13283759172092
CLN8	-1.13302810352107
SHOC2	-1.1342429820616
PLEKHD1	-1.1342965960983
STYX	-1.1347619618826
MELTF	-1.13480293052896
STK38L	-1.13493603354728
ZNF564	-1.13504387002195
FEN1	-1.1354746060716
LRPPRC	-1.13593752101787
MATR3	-1.13616198394483
RPL13P12	-1.13635003049623
CTNND1	-1.13711934244167
FLT4	-1.13765558977976
COG7	-1.13856955527087
MISP3	-1.13858370223031
CIMAP1D	-1.13876135925536
SH3RF1	-1.13931187895403
GALNT6	-1.13945248857446
BRSK2	-1.13960476583295
TRIB2	-1.1398725600531
PLEKHJ1	-1.14044637155197
RBBP8NL	-1.14083881652954
LANCL2	-1.14113776936083
GAPVD1	-1.14114070420278
UFM1	-1.14139360352337
GNG11	-1.14156733553216
TSPAN6	-1.14178522571144
DGCR6L	-1.14191185947346
GTPBP10	-1.14253883133096
IPPK	-1.14268599092962
SMAD6	-1.14273177849634
NSUN3	-1.14277751749041
PLPP1	-1.14331049277679
H3C10	-1.14410880291381
ABHD12	-1.14443750399072
NPM3	-1.14473776013349
SLC6A2	-1.14514753984672
ZNF439	-1.14588144014055
TRAPPC6B	-1.1458964390693
TLK2	-1.14602617280602
ZNF799	-1.14658816280816
TGIF2	-1.14670152118105
CMYA5	-1.14674675009027
CEP170	-1.14687308825569
NAPG	-1.14692549722383
RAP2C	-1.14743381815911
ACAN	-1.14746708500141
ZNF512	-1.14804733856186
ZNF714	-1.14821418497865
C1QL1	-1.14861837894873
RASSF7	-1.14885967701105
GTF3C4	-1.14886901879271
ZFP3	-1.1492576890143
ORC6	-1.14925812537655
MVB12B	-1.1495246840957
EWSR1	-1.14981290216005
SNAP23	-1.14989162740386
SNRPD3	-1.15033753093154
CDC40	-1.15091055966536
GOPC	-1.15097354335286
RGS8	-1.15114738612653
CRAMP1	-1.15115850710905
ELF1	-1.15165753606982
AGO2	-1.15208812792947
ZNF532	-1.15213917282119
PEG10	-1.15258022847145
CAP2	-1.15267535126105
ZBTB6	-1.15287594127928
CDC42SE1	-1.15301299832077
ZNF517	-1.15331982332975
GALE	-1.15363766446116
TRAPPC13	-1.1537465878064
EDEM2	-1.15423682184891
TENT2	-1.15463021041979
CLDN1	-1.15516932044611
GOLGA6L7	-1.15547617388289
SMARCD2	-1.15573382406114
KIF13A	-1.15584291560887
CRACR2B	-1.15589042104318
VCX3B	-1.15598408341075
RTN4RL1	-1.15618635891315
H2BC26	-1.15698554598573
HPCAL1	-1.15799772553872
TAF11	-1.15891131635488
EFNB1	-1.15930922006634
BCL2L11	-1.15936799920234
RNF122	-1.15964642761469
RNASEH1	-1.15975857421759
PPHLN1	-1.1602594465434
ZNF589	-1.16063950323847
RERE	-1.16071141870802
PRCD	-1.16087148855535
MLLT10	-1.16153946433503
CLEC2L	-1.1617882164307
HEATR6	-1.16188120699625
LPIN1	-1.16220333856881
PLXNA3	-1.1625096349494
RAB6A	-1.16256412933687
XPA	-1.16275151589383
CCDC27	-1.16313763119129
RAPGEF6	-1.16318113472419
NAP1L6P	-1.16376849317942
TBC1D4	-1.16453463307831
PPP2R2D	-1.16501865729821
USP24	-1.16552259489533
CRIPTO	-1.16616623710247
LRP12	-1.1668602919243
RAB11FIP2	-1.16689422802273
MYB	-1.16705148384536
PARP14	-1.1672332442085
ZNF512B	-1.16777327971123
PIP4K2A	-1.16828624680442
ZNF726	-1.16915123830093
ZNF426	-1.16939595457737
DNAJC11	-1.17001106689449
RNF207	-1.17076174005853
ZNF664	-1.17089775597837
NR2C1	-1.17102199598062
PCDHA6	-1.17174982437
LRRC37A11P	-1.171945545413
ZNF765	-1.17237672144207
YPEL3	-1.17287949018973
MT-ND6	-1.17291998040802
ZNF431	-1.1731954420491
SECISBP2	-1.17440820455194
NUDT14	-1.17587398313401
ERVW-1	-1.17711813886604
ABHD17B	-1.17724510627085
SFN	-1.17750866737901
AURKAP1	-1.17761382992767
ALPG	-1.17768026449109
DUSP26	-1.17866900662553
C1QL2	-1.17892584207343
MARCHF8	-1.17947807245929
ARHGEF28	-1.18015125726496
RAB4B	-1.18039195027835
CDH3	-1.18091019968513
PRIMPOL	-1.18109590016106
CEBPZ	-1.18112309383643
IPO7	-1.18140978725185
HOXB2	-1.18279401462148
WIPF3	-1.1829294627769
GSTP1	-1.18318693472103
AMDHD2	-1.18321204604887
IQGAP2	-1.18369150754017
RNF130	-1.18468650869262
P4HA2	-1.18490800768342
FTH1P3	-1.18495707028506
CELSR1	-1.18523355705173
CIDEA	-1.18525932691188
ALS2CL	-1.18544487736998
PPP1R21	-1.18593777827301
BMS1P2	-1.18604278535899
KLHL7	-1.18916298804246
RB1CC1	-1.1895703529363
OXSR1	-1.18979438766724
IPO5P1	-1.18988625632293
SSX2B	-1.19006736468005
NCBP2	-1.19032079529452
ZNF486	-1.19035741317145
SYNDIG1	-1.19049788760597
JUN	-1.19053575323681
EPB41L2	-1.19066912249327
HERC2P9	-1.19091880948992
PPP1R37	-1.19195866090917
HIVEP1	-1.19274288872356
ELK3	-1.19348062803075
LRCH2	-1.19382008943365
MARCHF1	-1.19383700246152
RPSAP70	-1.19451593112774
VDAC2	-1.19463993064057
ZNF513	-1.19486410611677
TRAF6	-1.19588657596624
NADK	-1.1960778216293
LKAAEAR1	-1.19643609949778
CIAO3	-1.19674463662279
SPON2	-1.19808976657498
VPS26B	-1.19809434983204
PRDM5	-1.19820060731799
UBE2N	-1.19855209904206
CERS4	-1.19862616741137
MPG	-1.19870916587359
SLBP	-1.19913212071434
GRHL3	-1.19926372109707
ZNF549	-1.19932579134113
TMEM86B	-1.1998666344549
CIR1	-1.20005537111844
PCDHA10	-1.20025931271231
PRKCI	-1.20064005323161
CCNG2	-1.20241869787685
COX7A1	-1.20246028498257
PRLR	-1.20319485510186
TLCD1	-1.20345618753633
MAP3K15	-1.20366994283449
CYS1	-1.20373981638145
UGT2A1	-1.20403181623473
LAMTOR3	-1.20488908354189
WDFY3	-1.20493182553894
IRX2-DT	-1.20495875209681
SDCCAG8	-1.20575067886843
ZNF764	-1.20582522316846
MEX3D	-1.2060627073672
SERPINB6	-1.2066060940746
USP46	-1.2072834482815
ST14	-1.20733648893158
HUS1B	-1.20763695322215
NDUFV2P1	-1.20780665749196
ZNF880	-1.20819222683975
ZNF887P	-1.20822793094445
SERPINA11	-1.20939589915341
TRPC4AP	-1.20950716593705
SMURF2	-1.2096706102922
PAPSS2	-1.20967368007827
CLDN9	-1.20970598888214
NAA40	-1.20975466827775
POGLUT2	-1.21021401336568
SMAGP	-1.21166778024713
ATOH1	-1.21219704332779
MEF2C	-1.21325811022257
FAM107B	-1.21385827655368
NUF2	-1.21438483996027
CNKSR3	-1.21491468054643
SLC25A11	-1.21503898748517
LNPEP	-1.21509326956324
IGIP	-1.21528866956848
GAREM1	-1.21562891123384
MAPK11	-1.21588234876008
C10orf90	-1.2170372549948
MICAL1	-1.21722073922959
ACBD5	-1.21754012389471
HACL1	-1.21762149353041
PPP4R4	-1.21766029857258
ZNF470	-1.21789766631778
COX8A	-1.2182025130496
ZNF34	-1.21828710103316
CEND1	-1.21834182913811
RPLP1P6	-1.21837220741191
SAP30L	-1.21905133957639
CDRT15P3	-1.2199067000273
TMEM255B	-1.22019376892851
USP1	-1.22023926761366
TIA1	-1.22063541514258
PNRC1	-1.22128066735552
PHF2	-1.22173502655866
CTSK	-1.22253690125038
NFAM1	-1.22262617136343
PLXDC1	-1.22287115527988
DDX53	-1.22368048714799
IRGQ	-1.22379968865864
RP2	-1.22394641090756
TRIM26	-1.22409785957598
DDAH2	-1.22450493270719
LGALS12	-1.22482412202991
ABCA3	-1.22511918616102
PPIAP46	-1.22513729818859
FOXP2	-1.22547801709385
RNF40	-1.22556679057835
BACH1	-1.22561745750745
C7orf78	-1.22595726280965
WIPI1	-1.22601043727364
RNF114	-1.22648864478274
SAP30	-1.2269162365198
DMBT1	-1.22715495311013
TRPT1	-1.22742376168973
ZNF587	-1.22782746464047
GPR153	-1.22792530728691
ZNF655	-1.22826732454821
IRF7	-1.2285241126376
TOB2	-1.22881041921317
FRG1EP	-1.22940967520122
ZNF501	-1.2296148660077
TMEM178B	-1.23018929597661
SLC9A4	-1.23025613403856
WASL	-1.23106259172939
OTUB1	-1.23126331854512
TUBB4B	-1.23131082707553
SYF2	-1.23137050440186
ATE1	-1.23153689280327
EXOC7	-1.23159492136955
DCTN5	-1.2321888738861
ACVR1B	-1.23244609318459
IRX1	-1.23247461525808
MYO3A	-1.23248080713499
RPRD1B	-1.2329798498843
FGD6	-1.23306263000167
PIK3CB	-1.23369072111199
HAO2	-1.23376844589573
MBTPS2	-1.23424789442372
CFAP36	-1.23647396844454
USP31	-1.23705848253995
SLC25A21	-1.23713661070233
PIK3C3	-1.23740443147815
TRAF3	-1.23749251464985
ARSG	-1.23792752557627
DLAT	-1.23816961754003
MMD2	-1.23851996931579
GNAS	-1.23855340956937
KCTD1	-1.23859944301273
RNF170	-1.23875986233314
CWC25	-1.23878035420815
EIF2AK3	-1.24045173252016
NEDD9	-1.24438058185913
NANOS3	-1.24528205626433
TEX12	-1.24550314798716
PLOD2	-1.24551941394408
C20orf204	-1.24611739849891
IAH1	-1.24672306910233
ARID4B	-1.24742184133228
TEX13C	-1.2475089685151
CBR4	-1.24967147589714
DGCR8	-1.24972026636105
FANK1	-1.24984064505776
ITLN2	-1.2498532116664
VWA8	-1.25003626734522
DMAC2L	-1.2500694505295
LIG4	-1.25039633037825
ELAPOR2	-1.25043709610557
LMO4	-1.25099011736459
ENO3	-1.25103166855553
POMT1	-1.2511921766511
ZIC5	-1.25208948103018
SORT1	-1.25235363514233
ABHD15	-1.25266153784259
FAM89A	-1.25287432963182
ZNF615	-1.25295807201147
SPMIP6	-1.25369839829762
DHX16	-1.25372689690044
CCDC186	-1.25451436100252
PNMT	-1.2547099303401
QSOX1	-1.25477959980301
GREM2	-1.25505398227702
IFT172	-1.25564175435203
UBA52	-1.25602496536059
C10orf95	-1.25637148601616
PCDHA2	-1.25796350303553
MTRF1L	-1.25802387466615
KIF25	-1.2585451870544
RELN	-1.25905975883332
RNF138	-1.2591249937909
ETV5	-1.25955878618771
ZNF836	-1.25998297156589
USP32	-1.26002015116864
DYNC1LI2	-1.26038492791217
ZNF776	-1.26104208410038
PPARGC1B	-1.26137020565558
WRNIP1	-1.26359258030784
WNT5A	-1.26395562954617
VAMP4	-1.26475093623935
CHST15	-1.26552076616946
MYCBP	-1.26658298600981
KIAA0319L	-1.26683130706492
CHST9	-1.26703813577414
TEX9	-1.26796853142713
SIRT1	-1.26821452257676
PRKG2	-1.26912620857325
H2BP2	-1.26950434201238
HIPK1	-1.27016035443844
TMEM109	-1.27059528165101
KCNH2	-1.27092221964117
GPR12	-1.27151451721165
NEGR1	-1.27180820702061
TAOK1	-1.27208172214459
BAZ2B	-1.27259736898075
EML3	-1.27279008162113
LIFR	-1.27296288705747
PLPP2	-1.27301852075686
TNFSF4	-1.27344977300151
AFAP1L1	-1.27407562051462
ABCC9	-1.2763291188834
ELOA	-1.27634941946384
MAP3K2	-1.27679639233108
ESPN	-1.27703765505145
PANX2	-1.27717323958381
ANKS1A	-1.27745953344222
MYL12B	-1.27752052967204
KCNN1	-1.27807000245965
TRIM23	-1.27845724372999
GRAMD1A	-1.27940613389798
B4GALT6	-1.27945537350934
PLBD1	-1.27971510530783
TGFBR1	-1.27973290259698
AACS	-1.2798364307546
RNF44	-1.28002217228228
UACA	-1.28051471072889
MFSD1	-1.28147759520489
BLACAT1	-1.28173704334606
FBXO2	-1.28198626642478
GAS2L1	-1.28205880139085
PRKAG2	-1.28218035187187
NOTCH2NLB	-1.28296869829408
ZNF121	-1.28358310461533
SERPINB9	-1.28391519247281
MDM2	-1.28487475775733
LAMA2	-1.28516140542293
MRPS18C	-1.28666501417875
EBF2	-1.28694669937361
PITPNB	-1.28714416881259
DPPA3P2	-1.2874584513607
TNFAIP8	-1.28761634888947
TACC1	-1.28846587520641
AP1G1	-1.28918646949328
CRNKL1	-1.28926194596477
ADGRA3P1	-1.28973860946756
DHX40P1	-1.2900698765242
NGF	-1.29028937643056
ADD2	-1.29031216992508
AAK1	-1.29038047381675
PNP	-1.29041951104892
TPPP	-1.29078154687913
DNMT3B	-1.29124588416521
NPNT	-1.29154938820373
WNT7B	-1.29200597986165
UBXN2A	-1.29208966274944
DUSP1	-1.29246898653106
FAM168B	-1.29283109009237
FBXL3	-1.29316583768123
PDZD7	-1.29323373398974
DARS1	-1.29326950111641
PLD2	-1.29344312029031
PITPNA	-1.29395674738876
ZNF84	-1.29412036746826
PEX19	-1.29428247463883
PAICSP7	-1.29435574550536
ALOX12B	-1.29459103429485
NAA38	-1.29490546531702
EXD2	-1.29493905041741
PEX39	-1.29504994986258
TRMT13	-1.29566464907257
HUS1	-1.29613297393813
ZNF566	-1.29661865830734
LBX2	-1.29674853498368
COPZ1	-1.29707126342638
ABHD12B	-1.29886402282067
CD99P1	-1.298877041722
FIBCD1	-1.29895846818455
SUN1	-1.29907079667205
HSPB1	-1.29960541213971
SLU7	-1.30016291733479
BSND	-1.30069237503231
ITGB5	-1.30107180175767
TSNAX	-1.30134185463722
SRGAP2B	-1.30150146838814
ZBTB11	-1.30174226549258
GMIP	-1.30190694995344
SULT1C4	-1.30329778028027
SELENOW	-1.30360408467811
C1orf52	-1.30377756781056
SNTG1	-1.3058178610215
EEA1	-1.30641431937253
SLC2A13	-1.3068311845435
MAPKAP1	-1.30726940987628
DDIT4L	-1.3074267556096
EGLN1	-1.30825387054063
FUT10	-1.30882190371137
NUDT4	-1.30935880648959
SLC26A1	-1.30986391888845
ST13P2	-1.3100827569826
NLRP11	-1.31030154091539
ZNF875	-1.31057681874576
ATG14	-1.31061463815351
NELFCD	-1.31069295584042
NIPA2	-1.31166031083636
FAAH	-1.31179859466355
SLC16A6	-1.31183285546598
STAM2	-1.31282640520537
SAT1	-1.31376262320109
EFNA2	-1.31409005808032
KTI12	-1.31448880914111
ZNF761	-1.3148570348458
FXYD7	-1.31535451083789
CCNT2	-1.31548184347483
MANEAL	-1.31573834019599
NUP50	-1.31574844675151
VPS53	-1.31615560486379
EMILIN2	-1.31649243495281
PLEKHH1	-1.31665868689975
MYC	-1.31806219245895
RBMS3	-1.31830780473841
SLC6A4	-1.31883198293904
CSPP1	-1.31929320324573
CTNNA1	-1.31964783036404
SOX5	-1.31972620033774
CASTOR3P	-1.31992179853305
TOMM7	-1.3201225522747
ADAMTS19	-1.320409496047
UBASH3B	-1.32173773893748
CFC1	-1.32242019914449
RBM24	-1.32283077250534
TMEM220	-1.32285955906029
ESRP2	-1.32352050445716
TMPRSS4	-1.32474588689683
UBE2D1	-1.32502009324664
FBXL16	-1.32596742671189
THAP9	-1.32612027361558
EGFL7	-1.32615270421898
WSB2	-1.32683460100163
F3	-1.32714983131818
NFIB	-1.3274055215354
RPRM	-1.32754543257567
DNAJB14	-1.32783677526601
VPS13C	-1.32882855249362
TWSG1	-1.32902274073619
MXD1	-1.32937546799195
ZNF471	-1.33044688664839
TBCA	-1.33257521402359
PGAM1	-1.33280297900368
ZDHHC22	-1.3338445156643
ARHGAP31	-1.33402089329445
RP9	-1.33429861972701
SRARP	-1.3343688930748
TCP1	-1.33455078093713
H1-0	-1.33542619580802
HRH3	-1.33557075536461
UNC5A	-1.33576649521831
KCNJ1	-1.33584247829755
LINGO3	-1.33613374798944
IGF2BP2	-1.33643913089142
ARL1	-1.33662178054437
RSBN1L	-1.33695832480901
SMIM14	-1.33719049423403
CHTF8	-1.33772314862509
PACS2	-1.33791441706094
BEND3	-1.33850441605949
TRIM43	-1.33877217252025
TC2N	-1.33916332208324
SHCBP1	-1.33943796726152
PDHA1	-1.33948641909151
C1QTNF5	-1.33952515292486
CXorf38	-1.33968031345333
SETD2	-1.34102496331809
CRH	-1.34116266768918
GABRA5	-1.34125606293688
CRYL1	-1.34200548413078
SLC19A2	-1.34236861916274
MPP3	-1.34255258625451
EN2	-1.34346200904717
MBD2	-1.34483050742697
TSPAN14	-1.34547071509325
SEC23B	-1.34549039267131
SPIN4	-1.34603499866477
PPP6C	-1.34645602841061
PIGZ	-1.34653927501024
DSTNP2	-1.34731461527575
SYCP2L	-1.34785577130626
FZD4	-1.34791682128194
APLP2	-1.34823952047849
CASZ1	-1.34861308497732
ZNF83	-1.34930601247361
GMPPB	-1.34948966527173
MTMR9	-1.34990159741522
TAF2	-1.34992471567107
ARFGEF2	-1.35004031990452
KCTD10	-1.35045849113372
TTC27	-1.35061889848217
KHDRBS1	-1.3512632948567
PDE5A	-1.35188607684902
NDC1	-1.35196699356209
URGCP	-1.35203822635271
FAM90A28P	-1.35204964023838
SEMA4G	-1.35261429679584
GADD45G	-1.35324886592253
FGF14	-1.35449593437529
NVL	-1.35465738028791
NUP58	-1.35472768011384
MYNN	-1.35658571794455
GMCL1	-1.35703316726395
AGTPBP1	-1.35710337469561
ARID2	-1.35750268286785
ARL15	-1.35814316162154
SLC35F2	-1.359321059021
CRABP2	-1.36047450970437
TSC22D2	-1.36135540298803
RTKN	-1.36270129417601
RAB31	-1.36287750661935
C16orf87	-1.36443210279138
ACE	-1.36502605366969
FXYD3	-1.36542480288635
FAM157A	-1.36608595825545
PCDHA8	-1.36629379646204
DYNC2H1	-1.36694523234855
MIDN	-1.36742515159653
CPLX1	-1.36774162871963
ABRAXAS2	-1.36778122374127
HAS2	-1.36780316307449
MYORG	-1.368442281093
SESTD1	-1.36875316700257
COX6A1	-1.3690787221677
CENPK	-1.36909862487244
RAD50	-1.36961973970169
GVINP2	-1.36990207568479
IL15RA	-1.36995274194557
TAF9	-1.37016707054777
PTCHD1	-1.37037501925868
MAPK8IP2	-1.37091866067986
EXO1	-1.37124011868792
COBLL1	-1.37160295437664
SUSD1	-1.37282136137063
NT5C	-1.37328871844835
GET1P1	-1.3734264598144
UAP1L1	-1.37361913380624
SRGAP2C	-1.37410209848596
ZDBF2	-1.37420552151283
DDX55	-1.37558856734266
MBLAC2	-1.37572644297332
CDS1	-1.37636647181858
SEC23A	-1.37644651652939
SNRPCP6	-1.37691333418256
PIP4P1	-1.37769921720954
CHMP1B	-1.3785406379287
LRP6	-1.378926882599
DPY19L3	-1.37894582762797
CNPY1	-1.37941369139601
FBXL14	-1.37975081427821
PPP1R14C	-1.3797933513652
BARD1	-1.37990700679667
ZNF879	-1.38006286319488
TUT4	-1.38078873984526
L1TD1	-1.38159978097247
EBF3	-1.38164619065468
PVR	-1.38206211374839
SGK3	-1.38243170817836
TMEM150C	-1.38259801295229
HERC1	-1.38263087693038
FEZ1	-1.38387361640968
FAAH2	-1.38387896843529
SIX4	-1.38431719229827
KDM5B	-1.38496448353862
FBXL21P	-1.38559669394692
ZNF43	-1.38628215537372
MAD2L1	-1.38667277858618
ARHGAP10	-1.38901716698077
PKMYT1	-1.38943121013828
TVP23C-CDRT4	-1.38981126293498
GLDC	-1.39008871493249
C7orf57	-1.39018289772289
KCTD2	-1.39018358540558
CROCCP4	-1.39071389814322
SQLE	-1.39103792836446
SSH3	-1.39136974098834
GUCA1A	-1.39170287959796
GSTM4	-1.39237100168903
CTSB	-1.39292111531195
LZTFL1	-1.39365443494435
C17orf58	-1.39374042166077
HS3ST3B1	-1.39374937471738
SEMA5A	-1.39428420763026
PRKCH	-1.39490807170961
HSDL1	-1.39509143798302
TMEM63A	-1.39562150209414
MTIF2	-1.39736497758798
CDC14B	-1.39819114334576
SNAPC3	-1.40026068408974
BSCL2	-1.40214216470593
SIN3B	-1.4023418157858
EIF2B5	-1.40288197939229
PCDHGA8	-1.40341231438127
FSBP	-1.40372558857608
UBALD2	-1.40420062001705
FAM187A	-1.40626636674462
HK2	-1.40737103585101
SKA1	-1.40763991681127
SECISBP2L	-1.40815419932735
TENT5B	-1.40870333821796
POLD2	-1.40872420168126
PLCB1	-1.40904275800161
CBX2	-1.40980767446461
PPP1R14B	-1.41030117993896
FNBP1	-1.41053637656882
PHF20L1	-1.41056229321441
SOS1	-1.41108900070443
SYNGR3	-1.41140294239359
PPP1R1B	-1.41153473324388
C18orf32	-1.41208552396098
SRP54	-1.41303671199117
PCDHA5	-1.4150712931534
FRG1GP	-1.41563798630995
PHF21B	-1.41565183493328
PKN3	-1.41720646382798
LRRC37A12P	-1.41796092359347
BICD1	-1.41826595767209
FGF10	-1.41952694153861
HES1	-1.42102123096946
USF3	-1.42166667927639
CIMAP1B	-1.42298005341884
SEC22A	-1.4235486239512
DOP1B	-1.42434646337954
CACNA2D2	-1.42582937953647
GRIN1	-1.42598380670648
STOM	-1.42626632215937
UBE4A	-1.42760454319165
PCDHAC1	-1.42762433790828
CABP7	-1.42873538723298
CDCA4	-1.42938018017166
RNF168	-1.42947705955868
PPTC7	-1.43109282035256
RPS3	-1.43116861010218
CCDC61	-1.43157943973426
LRRN4CL	-1.4320774587641
RNF19A	-1.43230689281807
RAB22A	-1.4326275547592
FAM9C	-1.43280419282753
LIMD1	-1.43309715435809
MGRN1	-1.43465151265158
CDHR3	-1.43519413956249
MAP4K5	-1.437015726971
ELF2	-1.43747550287766
PRPH	-1.43747645737088
ZNF607	-1.43839547307712
DCTN6	-1.43913976891441
LRRC47	-1.43945918535805
EVA1C	-1.43987567526643
NFIA	-1.44001093974303
NDUFB5	-1.4401479020823
SUCLG1	-1.44122796872708
LARP4	-1.44150257374972
PHKA1	-1.44152849565836
TUBB2B	-1.44207197833278
SLC52A3	-1.44252517167855
NT5C2	-1.44267608718068
ZZEF1	-1.4441784266141
BCL3	-1.44419484909019
PCMTD2	-1.44471346828356
LINC01145	-1.44600917319927
LIMS1	-1.44607002829216
RAB6B	-1.44638157299815
RPS6KA2	-1.44638980600897
MT-ATP6	-1.44694208645099
HIPK3	-1.44701753130687
SPTLC2	-1.44777867587606
ARID4A	-1.44780353283322
COL4A1	-1.44980230523839
COL28A1	-1.44988311103018
ACP3	-1.45076340404146
OBI1	-1.45094427791615
CDK5	-1.45144230628684
KXD1	-1.45199258845509
ACVR2B	-1.45284017436768
DPPA5	-1.45393194675926
EEF1AKMT2	-1.45508792340586
ASPH	-1.45719093830163
ISLR	-1.45961510341136
ZFTA	-1.45990746179242
NGFR	-1.45995340271905
IMPA2	-1.46082866662891
CHST5	-1.46246443901505
AP2B1	-1.46246697812327
HDAC9	-1.46324301171795
MRPS5	-1.46349871232126
MXI1	-1.46355297069934
ARSI	-1.46366581613003
CD33	-1.46366916528784
SLC27A3	-1.46394240565064
PLK5	-1.46483933767379
WDR11	-1.4667297022202
UBE2O	-1.46770739150281
PDK1	-1.47105437175279
SFXN2	-1.47199653263163
GPC6	-1.47218427563101
RYBP	-1.4728198999606
ANXA2R	-1.47480399241848
CLINT1	-1.47602224282667
PEX26	-1.4761485725001
GABRG3	-1.47678749684245
ZNF135	-1.47690200885841
PLPPR3	-1.47819589277112
ATP11B	-1.47868434691077
SLC4A2	-1.47923210409162
RIPOR3	-1.48059794422393
MSANTD3-TMEFF1	-1.48090201053639
LSMEM2	-1.48102000331403
KALRN	-1.48384684248416
TVP23B	-1.48393495984734
ZNF251	-1.48466866920952
TET3	-1.48489822399946
AP1G2	-1.48517209968938
CBFA2T3	-1.48529148284404
BAIAP3	-1.48575754307996
SRPX2	-1.48595725077313
IFNE	-1.48670097699921
IDI1	-1.48670813800979
NOTCH2NLA	-1.48697273014968
B3GALNT2	-1.48709369986972
DCAF4	-1.48745084455756
CBR3	-1.48806674251524
RPS27A	-1.48935751590618
SPSB1	-1.48945180025654
GAB1	-1.49000998481948
SPEGNB	-1.49094950036902
RABGGTB	-1.49127627966069
PLEKHB2	-1.49254603593426
LCOR	-1.49304084097724
RNF4	-1.49455459079509
HES5	-1.49463040147989
ERI2	-1.49502836581371
TMF1	-1.49504720180058
ZFP36	-1.49672692046893
NHSL1	-1.49687535018226
RASSF4	-1.4971855588275
PHF19	-1.49742354820518
PAPPA2	-1.49743142089473
DOCK11	-1.49788137676332
GNAQ	-1.4981993252001
TTYH1	-1.49820304230839
PYCR3	-1.49851743031476
CCDC25	-1.49896454656096
HECTD3	-1.49914368426053
E2F8	-1.4993517096136
IL37	-1.50033160521499
SALL1	-1.50041478752752
SEZ6L	-1.50174772378278
RCN2	-1.5025551920186
CFAP97	-1.50286497542613
MSANTD7	-1.50340614901286
USO1	-1.50357191871554
PRKG1	-1.50386746532111
MYOM2	-1.50396608161458
ZSWIM3	-1.50485925784838
LDLRAD3	-1.50640266729535
PDE4DIPP3	-1.5069382794205
NEK8	-1.50784851732247
ZNF468	-1.50839196438949
ICOSLG	-1.50852442399947
OGA	-1.50897043950121
ATP6V1D	-1.50968882278603
DOCK8	-1.5100491918887
BAHD1	-1.51107079250332
EPB41L3	-1.51268047746012
COL9A2	-1.51423161042654
TMEFF1	-1.51475639335502
UBTD1	-1.51521732287072
AKTIP	-1.51645656810933
NAGS	-1.5165185887626
SKIC3	-1.51721587830096
KIF16B	-1.51758573311096
USP16	-1.51853426768922
RGS17	-1.5185563869003
VCF2	-1.51950491247663
MSMO1	-1.51963846034545
SLK	-1.51995022422705
ZGRF1	-1.521953075343
AR	-1.52200589324408
CYP2B6	-1.52325930726792
CNIH4	-1.52390054831537
DDX5	-1.52479316866867
ADGRV1	-1.52482466959544
P2RX6	-1.52599383794287
TEX13B	-1.52622346505303
PIAS2	-1.5263579887605
CCDC88C	-1.52638005288494
CTNNBIP1	-1.52817568977801
SDHA	-1.52841469932596
ZNF506	-1.52913550729539
JMY	-1.52955581160697
SPRY4	-1.52995163957096
BNIP1	-1.53078095196728
ZBTB21	-1.5314074814999
PNLDC1	-1.53288199118818
ACTR10	-1.53419618909098
RPL22	-1.53587923900875
UBE2G2	-1.53657269394918
SPRED2	-1.53665963171637
MAP3K8	-1.53775177804382
SERHL	-1.53907385894009
AGBL4	-1.54004789124466
GAK	-1.5401186269453
PARN	-1.5411048655131
MFSD14A	-1.54131409211235
SYK	-1.5423079254898
TMEM167A	-1.54272364603308
GRB7	-1.54282085454036
UNC13B	-1.54356195206521
GSTZ1	-1.54364888732085
MAP4K3	-1.54422516765192
STON2	-1.54693255496377
EYA1	-1.54748411959251
TMEM238	-1.5481975728038
CCDC92	-1.54916591797668
AADAT	-1.54917102569516
TMEM266	-1.54979676848944
ATP2C2	-1.55068026301039
SPINK1	-1.55133339305968
PIWIL3	-1.55186822413824
EFHD2	-1.55192639136632
RPL23AP87	-1.5523660566171
FOXI3	-1.5523868694953
SPDYC	-1.55246847781732
KLHDC10	-1.55311145977326
VPS29	-1.55349279563009
RASEF	-1.55446401560362
ADRA2A	-1.55455100423773
COQ4	-1.55594651431364
GCNT1	-1.55688987656834
SLC25A4	-1.55776569524444
LRRTM3	-1.55867763550782
FRG1DP	-1.55996746658358
PDCD2	-1.56413251355479
SLC24A2	-1.56499955785943
PEDS1	-1.56517330243974
LY6H	-1.56528181338912
C6orf120	-1.56540653099302
CEP97	-1.56551632358109
UNC119B	-1.56649406554211
USP37	-1.56764749155902
BHLHE40	-1.56785170483171
LRTOMT	-1.56800252402172
ZNF264	-1.56847408028166
ZXDC	-1.57018242774105
POU3F4	-1.57129294258648
VTA1	-1.57190281228148
NDUFAB1	-1.57241218493793
SPTLC1	-1.57321782704509
MAPKAPK2	-1.57402963991589
CRYGB	-1.57527985027969
BIVM	-1.57701454047291
PGK1	-1.57757057878483
TTF1	-1.57782392864748
DSC2	-1.57846195506348
LARP1B	-1.5790109128518
HS2ST1	-1.57911134484617
SFXN3	-1.57991469039988
SLC35D2	-1.5822354050983
MTUS1	-1.58341040945415
CSRNP3	-1.58447611383121
ASXL1	-1.5849840058675
MGST3	-1.58562661677472
SGCE	-1.58639910427938
CILK1	-1.58672379949728
COL20A1	-1.58849304968865
KCNMB4	-1.5887536032319
ITPR3	-1.58976634249332
NDRG2	-1.59098158772792
C8orf33	-1.59099860841066
TDG	-1.59126903810702
USP53	-1.59173183224391
MAN1C1	-1.59179142561108
OLIG3	-1.5930753331367
TMX3	-1.59340390223414
ERFE	-1.5934699755444
CALM1	-1.59351938322388
MASTL	-1.59444474860035
SOS2	-1.5945076693209
KAT6A	-1.59455088475706
ATL3	-1.59468235199879
ARL6IP6	-1.59515476886302
QARS1	-1.59526865782381
MXD3	-1.59613463256735
MAP3K9	-1.59639519491039
STRA6	-1.59717450155173
KBTBD11	-1.59720309554237
RFC2	-1.59734198285238
TBC1D24	-1.59775495029424
TBC1D1	-1.60050200465964
TAF5L	-1.6007072517776
TES	-1.60110872900554
WDHD1	-1.60134856468011
NARF	-1.60156243157423
TLE1	-1.6017728968531
CHSY1	-1.60202220278681
HEG1	-1.60213134264296
MMUT	-1.60269901008575
MICU2	-1.60329476869309
HMX1	-1.60385818249892
NDUFA4L2	-1.60683158666016
TRIM36	-1.60727603505618
SLC9A3	-1.60730898733221
GRB2	-1.60799032810285
TBRG1	-1.60830381142285
SLC25A29	-1.60898122475401
ECHDC2	-1.60909289970915
SDC4	-1.60981705452968
HSBP1	-1.61109905777968
BPNT1	-1.61119447173596
PPP2R2C	-1.61152621357502
PDCL2	-1.61282176968579
AGAP4	-1.6140732854673
NATD1	-1.61497441982575
TUBB3	-1.61523390580446
UBE2T	-1.61561420513922
TOX3	-1.61614418323913
MOB1A	-1.61663589745574
LYSMD3	-1.61703028415531
DNASE1L2	-1.61708627447647
PHF10	-1.61721099793249
AGPAT3	-1.61822952854061
SCUBE2	-1.61842149687059
MGLL	-1.61897207483392
MAU2	-1.61901837451518
MAPK9	-1.62027534113471
UBE2B	-1.62150827805896
KDM4C	-1.62281244816745
MT-ND1	-1.6229966139983
MLXIP	-1.62324614873748
COX20	-1.62384220387064
MAPK1	-1.62438633270067
PGGT1B	-1.62452070103388
TMPO	-1.62483558558585
HOXB1	-1.6250122064896
MTMR11	-1.62530484856008
TCTA	-1.62553569015116
SNX4	-1.62591037872844
MICU3	-1.6265499917063
ZNF44	-1.62756625111466
RND2	-1.62880312008778
DPY19L2P1	-1.63195678166566
ZNF585A	-1.63287946827185
XKR9	-1.63424908397686
UFL1	-1.63439197900639
IREB2	-1.63480603958867
SLC12A6	-1.63594259108419
FRMPD3	-1.63666312186433
SLC7A2	-1.6370001262176
TNFRSF11B	-1.63874921357825
SPOCK2	-1.63953004841302
RPL10L	-1.63973921488643
HEY1	-1.6398514166861
GPR37	-1.64007282369938
GALNT3	-1.6408644776447
SCOC	-1.64112344221894
PLEKHG5	-1.64282474713485
GPM6B	-1.64400991521724
PHC2	-1.64417200175478
C1RL	-1.64438524852781
CUL5	-1.64443160373062
SLC6A20	-1.64459806398242
CHM	-1.64519605368815
SPEN	-1.64585912776467
TAF7	-1.64703787405971
ARL13B	-1.64849651559889
TENM1	-1.64887864977602
DENND2A	-1.64902695895473
FBN3	-1.64919402905494
AFAP1	-1.65061269808536
ADGRA2	-1.65068397367545
CYP2T1P	-1.65077104938676
ZNF429	-1.65199578222667
RDH11	-1.65294124447939
DSTYK	-1.65326158299889
SYNJ1	-1.65338436421059
BTG1	-1.65353680511252
ATP5PBP5	-1.65359519823182
UBE2Q2	-1.65530805141494
CPEB3	-1.65578012358055
CLIC5	-1.65693308929744
PHLDA2	-1.65753024215923
ITSN1	-1.65770574806444
ZNF443	-1.65770786270137
KDM4B	-1.65811035180631
GRIK3	-1.65813485385323
MAP3K1	-1.65828806345038
EYA3	-1.66040218564
MICB	-1.66051638028282
RAB18	-1.66083457984793
PDPK1	-1.66173311266513
ZNF780B	-1.66208327420208
RHBDL3	-1.66424597170318
NUDT10	-1.66447844338135
HIVEP2	-1.66480444441269
POLR3F	-1.66509187348706
PTF1A	-1.66671071609277
CHD5	-1.66791716628764
ZNF665	-1.67041790752749
ARHGAP17	-1.67089923442247
TPD52	-1.67096914152285
MAL	-1.67116232012172
DCAF5	-1.67164399970757
FAM200B	-1.67184241219835
HMGN4	-1.6721665662844
TIAM1	-1.67295300925356
PHF13	-1.67306406938332
USP7	-1.67341970973767
OSBPL3	-1.67377445930664
POU2F1	-1.67403942392892
AHNAK	-1.67414925204539
SCT	-1.67417268115013
SHC3	-1.67443604881213
COQ7	-1.67561507839074
ZNF654	-1.6757161604925
CEMIP2	-1.6762983986792
H2BC15	-1.67822690732368
LRRC34	-1.67948872814046
CXCL16	-1.67968479355154
NRARP	-1.68158160501257
ATP11C	-1.68169783991058
RAG1	-1.68231043303423
ENTPD8	-1.68234052015522
CYB561	-1.6869128741669
CDH20	-1.68694255217695
SCGB2B2	-1.68802131717919
SLC25A16	-1.68842174944014
MORC4	-1.68893686291299
NCOA4	-1.68949155444521
GPAM	-1.68961762775056
PMF1	-1.69202266807071
DBX2	-1.69253658205608
SRP9	-1.69318909363213
IFITM3	-1.69462334732852
FAAHP1	-1.69545756275787
UBE3C	-1.69559679903698
NFIL3	-1.69608737890479
MACC1	-1.6964942571803
CCDC50	-1.69778063375341
HNRNPH2	-1.6978601839918
IFT56	-1.69827878116806
LRP3	-1.69896727055394
ZNF613	-1.70001885225954
HLA-K	-1.70060730161498
XRN1	-1.70068641025103
CACNA2D3	-1.70116514965582
TLE5	-1.70153126533084
ENPP2	-1.70162964397997
PGPEP1	-1.70174042520379
GPSM3	-1.70197667086219
SC5D	-1.70216676481295
EXPH5	-1.70230863318681
GRB10	-1.7028071072807
PKIB	-1.70313050011327
GLS	-1.70371079720375
CAMKK2	-1.70490314216801
SMIM3	-1.7064556329249
WNK2	-1.7064674987193
SREBF1	-1.7069952594357
ZNF154	-1.70733932561855
TRABD2B	-1.70749880212159
CLSTN1	-1.70777582726828
LRRC40	-1.70917832955307
PURA	-1.70921408256232
MCTP2	-1.70953905268944
CYCS	-1.70985896225996
TNPO2	-1.71209878516249
OCLN	-1.71215956292565
KCTD5	-1.71254372778578
AFF4	-1.71544527297471
CYGB	-1.71608542481995
IMPDH1P10	-1.71621543117674
CCDC169	-1.71654397943523
UBE2W	-1.71658620624297
PCSK1	-1.71728312652115
ZNF488	-1.71780245473829
CLK4	-1.72214605038134
PDCL3P4	-1.72391500851759
ARHGDIG	-1.72440304786194
FZD8	-1.72620452707899
MRPL18	-1.72669515035589
BMP2K	-1.72741010117355
RORA	-1.72835803487708
POGLUT3	-1.73013448580267
HNRNPDL	-1.73094753963404
NELL1	-1.73105704467125
ZNF827	-1.73106063837717
SLC37A3	-1.73127557739835
TMEM191C	-1.73182429878365
CACHD1	-1.73246641630677
ZBTB33	-1.73278504639881
BIRC6	-1.7330072187153
RHOQ	-1.73305165766065
RET	-1.73395749088881
SLC39A6	-1.73520262159369
CHD3	-1.73577394648851
KMT5B	-1.73657115132113
FAM83F	-1.73663046631569
AP5B1	-1.73722613073382
KIT	-1.73792656216683
TEX13A	-1.73952138682656
PCSK5	-1.73999549982903
GDF3	-1.74025513784332
IDH3A	-1.74034181804606
ZNF841	-1.7411115557866
CMKLR2	-1.74143565123758
SLC35A3	-1.74162923659202
PRSS35	-1.74173993746748
CACNA1B	-1.74333994588307
POLR2K	-1.74335032208661
PDGFA	-1.743503369208
RAD54L2	-1.74671597185638
DPYSL2	-1.74684305992443
CA4	-1.74710906415855
SLC6A6	-1.74781886272922
DCP1A	-1.74825829329579
ZNF791	-1.7482887189644
SPTSSA	-1.74933402790694
PTGR3	-1.74951487351433
CCNL2	-1.7500595321329
VSTM2B	-1.75139631695194
ECEL1P1	-1.75156151502715
SLC16A2	-1.75317486035716
TBL1X	-1.75433795055137
MAP3K13	-1.75559224651524
RIMBP3	-1.75947491461923
PLAAT4	-1.76043857137015
BRWD3	-1.76713322206555
MCC	-1.76716678662141
TRUB1	-1.76751143907376
AGPAT2	-1.76802332738524
TCP11L2	-1.76970594667041
CRLF1	-1.7707399978327
COL9A3	-1.77150783896299
CBR1	-1.77236257299769
WNT3	-1.77301093024887
FAM157B	-1.77367926255529
GOLGA4	-1.77392248346578
CARHSP1	-1.77395091499432
MFAP3L	-1.77465925436535
EXOSC6	-1.77600689648464
OGDHL	-1.77766587025473
LCA5	-1.77832655447776
USP13	-1.77852794305165
GBX2	-1.77896501443129
ANKRD13C	-1.78000706531897
TMEM170A	-1.78087053587232
PCSK6	-1.78089475384905
MACROH2A2	-1.78207110784799
ATP2B1	-1.78447504932611
GCLC	-1.7847911579076
CDKN1B	-1.78484093268969
ALPL	-1.7873568742399
HTRA4	-1.78749136488403
DSEL	-1.78927495304162
RORB	-1.789512665038
TBC1D8	-1.78989785194688
CLIC4	-1.79005280649415
OR1G1	-1.79006559220277
SLC28A3	-1.79029642238505
NODAL	-1.79149737405954
TENT4B	-1.79408395573309
EXOC5	-1.79574063759073
PTPRR	-1.79645226922504
ZNF850	-1.79799244313681
KDM7A	-1.79926765615093
WDR47	-1.79999462079414
ARL6IP1	-1.80150648479282
LDHD	-1.80359947546513
DDI2	-1.8047749909678
H3-7	-1.80486483250249
MT2A	-1.80506596496839
DPH6	-1.80577971417937
TIMM10B	-1.80783326249364
JADE3	-1.80865744583507
POMC	-1.81030377781575
DND1	-1.81149604840085
ZSCAN1	-1.81163651956027
HDAC5	-1.81182083064793
XPO4	-1.81288911517396
RNF145	-1.81294721628082
CCNJ	-1.81411245248237
EEF1A2	-1.81685348848544
UPK3BL2	-1.81724916570174
USP8	-1.81787420536087
PARP12	-1.81788183676914
RAB21	-1.81791789605568
TRPC6	-1.81798660583146
MCF2L	-1.81803447913583
P2RX2	-1.81880354722775
AFDN	-1.821508673939
EPHA3	-1.82201314353896
FTLP14	-1.82245615387763
CTTN	-1.82315965527079
ANKRD28	-1.82364481609957
TIPARP	-1.82607855372213
CDK17	-1.82636286928785
CEBPA	-1.82669123156341
ZFHX3	-1.82753630004565
ZNF677	-1.82798300333171
MED29	-1.82799226704444
VSIG10	-1.82841196624161
DNAH11	-1.82955213249665
PDGFRA	-1.8301554094086
CERT1	-1.83032266813439
LMX1B	-1.83167035752571
SLCO1B1	-1.83357739515799
ASB8	-1.83483398284739
XK	-1.83663378054769
RDH10	-1.83677228126288
RAB3B	-1.83711733751931
KATNA1	-1.83745748406547
RASGEF1B	-1.83776931359827
TMEM98	-1.8386133447292
EZR	-1.83919283002419
NR4A3	-1.83923303241589
ARFGEF3	-1.8408162990143
PDLIM1	-1.84097200674171
DRAXIN	-1.84121518145624
STK17B	-1.84157926279124
GNB4	-1.84168717488632
ZNF101	-1.841876052555
RCOR1	-1.84194726399244
RTN3	-1.84522631736511
EXOC6	-1.84678138484705
FAM153A	-1.84750348358731
MYLIP	-1.84876173329054
ZXDB	-1.84903121204483
PSD3	-1.85044371306475
HGSNAT	-1.85106351816277
PCDHB1	-1.85187336246675
AMFR	-1.85253392263504
SYT1	-1.85270016840067
CCDC150	-1.85297649756655
PLEKHM3	-1.85347285141017
NAT8L	-1.85351292770984
PCDHB5	-1.85495480354153
SCNN1B	-1.85506568886187
GALNT7	-1.85580498359872
FCHO2	-1.85585242531154
XRCC2	-1.85687141700818
MB21D2	-1.8591992165446
FAM53B	-1.86020722449195
RC3H2	-1.86077630334332
NOTCH2	-1.86241117459394
PEDS1-UBE2V1	-1.86280213292608
ZNF257	-1.86290708966412
OR3A2	-1.86323919467583
BCL11B	-1.86356377553115
MIER3	-1.86363645612234
BNIP3	-1.86400767190669
TMEM50B	-1.86424134093578
F12	-1.86483238416801
KMT2C	-1.86612726513632
EEF1AKMT4-ECE2	-1.86879995935272
LDLRAP1	-1.86946529870462
NEUROG3	-1.87081855479559
FAM3A	-1.87231745595866
TRABD2A	-1.87321227099763
OSGEP	-1.87322852619162
SCNN1G	-1.87369356612267
VIT	-1.87637751834252
GCNT2	-1.87762952799944
FAM110A	-1.87765290412898
GRHL2	-1.87852269862514
ZNF675	-1.87985944667495
PALM	-1.88165935404146
NSMAF	-1.88220685631051
GSX2	-1.88331008380987
PCDHA7	-1.88425967353031
PSPC1	-1.88558439626759
TMCC2	-1.88567872629029
DLK1	-1.88658848090242
HCN2	-1.8869308492115
MYL5	-1.88828181421398
NDUFV1	-1.88866713516541
CFAP95	-1.88941708987651
NSG1	-1.889802403719
MT1H	-1.8914261185446
FAM120AOS	-1.8925458831807
PXK	-1.89336122286887
NXPH4	-1.89606907421075
CLDN6	-1.89742806955257
BRIP1	-1.89776632943847
COL21A1	-1.89964139857632
ANKRD18DP	-1.90178518555444
DLX4	-1.90257588533533
EPSTI1	-1.90329865609849
KIFBP	-1.90397337607326
FZD3	-1.90454470983367
TAMM41	-1.90639347167706
C2CD2L	-1.90844701440751
BORCS6	-1.90871692252607
GLB1L	-1.91012506778456
H3-3B	-1.91182801104287
DR1	-1.91410383687791
AFG3L2	-1.91502940882846
ACOT8	-1.91539161411768
AP1S3	-1.91562863648522
LINC00869	-1.91621559744646
CCDC33	-1.91658888407639
CA8	-1.91679918022738
CHRNA3	-1.91784102132277
MT1A	-1.91998990816841
MARCKSL1	-1.92044988751625
NMU	-1.9213113526733
INAFM2	-1.9215859534185
OAF	-1.92192447853338
BSG	-1.92302936210418
CISD1	-1.92371911545754
OSBPL8	-1.92417439109284
MARCHF3	-1.92567532729515
STAG1	-1.92807173427757
PCDHAC2	-1.92862561077119
OGFR	-1.92967065790268
TRPM1	-1.93043934581392
PBX3	-1.93051809146619
PEX11G	-1.93174948320627
FYTTD1	-1.93272399223402
TIMM17A	-1.93619069288673
CDK6	-1.93707432830153
CA2	-1.94039191804527
FGL1	-1.94058995608884
PANK2	-1.94087411316731
AMN	-1.94117518365423
VCPIP1	-1.94136413299789
DHFR	-1.94163915999727
HAPSTR1	-1.94287809732591
CS	-1.94292363249691
YIPF6	-1.94355295803407
STIMATE-MUSTN1	-1.94376461140196
SORL1	-1.94653558811439
ZNF493	-1.94670489028743
NANOGP1	-1.94948766905321
GLI2	-1.95059916735234
TMEM237	-1.9512732863831
TCF7	-1.95199620131982
RIOK3	-1.95208767987777
SOX13	-1.95244282414338
NETO1	-1.95261972003189
PPP2R1A	-1.95283591142076
GTF2H4	-1.95356134154882
ERP27	-1.95537568848157
SLC66A2	-1.95654132942322
BCAR3	-1.95733714119623
DGKQ	-1.95779057171685
FAT3	-1.95926309226172
ASH2L	-1.95985817421
ESR1	-1.95990678570096
FOXB1	-1.96000465669013
FGF17	-1.96129036001004
INPP5K	-1.9617667323376
TFAP2E	-1.96252161801371
ZNF649	-1.96258835636755
PDPN	-1.96355868726803
IRF2BPL	-1.96397765694834
GRAMD4	-1.96464127752634
MT1JP	-1.96563241571962
NUDT21	-1.96671500144165
PATJ	-1.96772791788898
CLK1	-1.96813065284134
JPT1	-1.97009071359199
RCOR2	-1.97027953490051
SIRPA	-1.97226301421211
LRRC3B	-1.97345439959965
JARID2	-1.97529436847223
SMYD2	-1.97551022845466
CABP1	-1.97629858580538
DUSP9	-1.97774882717621
SPTAN1	-1.9778939171334
MED13L	-1.9780748482048
AP4E1	-1.97898653203699
MAP3K7	-1.98054180102307
CCL28	-1.98112612399166
SLC25A44	-1.98137062756886
E2F1	-1.98224585410047
TRIM7	-1.9834347494272
INPP5F	-1.98362134217926
REC8	-1.98382909418926
SDK2	-1.98471320959375
CPLX2	-1.98559593488339
NCOA3	-1.9860396610828
AMOTL1	-1.98727376834815
PLEC	-1.99260436122382
FOXK1	-1.9941351976614
ZBTB42	-1.99471789086601
ARSL	-1.99485958935187
MAN2A2	-1.99732372541701
DLL1	-1.99748270849369
UBXN4	-2.00004314236406
TRIM8	-2.00077485738078
CENPU	-2.00151064120625
WDR72	-2.00258529561134
PNPLA8	-2.00323063263524
GTF2F2	-2.0053842048348
DPM1	-2.0054921088728
SLC16A3	-2.00579137592519
CCDC127	-2.00680619741169
MT-ND5	-2.00701145768033
HELZ	-2.00960465745018
ZNF302	-2.01039533474206
TBL1XR1	-2.0107236298866
CDKL5	-2.01120642120242
PAK1	-2.01281210276066
GUCY2C	-2.01502576494826
ANP32E	-2.0178313047246
FLRT1	-2.01810933854858
TMEM88	-2.01950625961455
P4HA1	-2.01979648927715
LTN1	-2.01992146365162
ZNF91	-2.02040171743032
MN1	-2.02148615630263
AKAP1	-2.0223222228027
PI4KAP2	-2.02235641998025
TECPR2	-2.02261715748523
CAPN1	-2.02397646535258
ZNF626	-2.02450187567119
ADAMTS16	-2.0252381624067
RNMT	-2.02544514739999
LIN54	-2.02594549773117
HSF5	-2.03267536529275
MAS1	-2.03441297580227
CCP110	-2.03527158378516
PPP1R16A	-2.03638863886673
ARPP19	-2.03890025403312
AKAP7	-2.03994156836329
UBN2	-2.04252832164834
BMS1P10	-2.04505530829098
RNH1	-2.04516586294683
ZNF585B	-2.04726969015991
EVA1B	-2.04730737109662
TRIM33	-2.04754530253853
SCARF2	-2.04955291863817
TULP4	-2.05353370338767
SPTBN1	-2.05477296584101
GTF2IP1	-2.05891310125727
LGI3	-2.05959447144995
LMAN2	-2.06083483198057
TLE3	-2.06115582389537
GPR160	-2.0615000485104
SMAD3	-2.06183479331081
TMEM123	-2.06191492900561
SLC17A6	-2.0634451294707
PLPP3	-2.06397843989703
ELAVL2	-2.06412679188459
ZNF600	-2.06507359041696
ZBTB3	-2.06568726004684
CCNA1	-2.06593338988192
RGS10	-2.06632237552049
ZIC4	-2.06784857820981
PCDHA4	-2.0688705273639
UTRN	-2.06988140046494
GAS8	-2.07177849919067
CUX2	-2.07185014679139
PLEKHA1	-2.07222202995725
RYR2	-2.0733784707713
FAM124A	-2.07363077149449
DBNDD1	-2.07448619786727
KREMEN1	-2.07667964341281
NKAIN4	-2.07726857118187
CHFR	-2.07945166945885
TOP3BP1	-2.08021428721876
LOXL3	-2.08080542742644
RADIL	-2.08192834761854
TDRD1	-2.08216987697048
SDHD	-2.08317442245326
CTNNAL1	-2.08359398966729
CEBPZOS	-2.08369975917133
PITX2	-2.08385343437319
AMIGO2	-2.08414119690133
ARID5A	-2.087142595159
SOX8	-2.08977037845719
HYCC2	-2.09036183013841
UBA1	-2.09249474461974
OLFML3	-2.09319196772817
FOXC1	-2.09402479629222
UBE2K	-2.09813089733176
SVOPL	-2.09837762732265
C18orf54	-2.09947136261864
PLAAT5	-2.09998991005082
GSC	-2.10076062135942
SLC16A12	-2.1013181571315
SLCO1A2	-2.10153522951921
SIGLEC14	-2.1015486489682
RTL8B	-2.10476046736741
CR1L	-2.1050752055534
LRRC4	-2.10544747034043
BBX	-2.107198618133
EVL	-2.10748564230232
IER5L	-2.10849006154591
TGFB2	-2.10896275962985
ID1	-2.10929253606469
PTAR1	-2.11030297829413
PPP2R1B	-2.11039507848595
GALNT10	-2.11274067918851
ADGRA1	-2.11368107021003
MT-CO1	-2.11469204154659
SERINC5	-2.11555861153071
SAMD11	-2.11682598605894
FGFR2	-2.11732151757234
ZNF28	-2.11763914002649
PPP1R11	-2.11769939319481
MTMR6	-2.12001235829066
ZBED1	-2.12071983536752
C2CD4C	-2.12124150252404
MICE	-2.12375924395047
NCOA1	-2.12470002431281
LRSAM1	-2.12809233530185
FARP1	-2.12984379499725
ARHGEF34P	-2.13062932183189
VAMP8	-2.13070884305198
ADGRG2	-2.1316498781131
LMTK2	-2.13181592247202
C19orf85	-2.13352126275072
HTR2C	-2.13622930946017
LRP4	-2.13724669949199
PROS1	-2.1422013766795
KCNJ5	-2.14395358324442
PRR15	-2.14452876194291
INSIG1	-2.14565877660437
SMC2	-2.14586144149887
SPIN1	-2.14669740145655
TLE7	-2.14744221792795
INHBB	-2.14772827158174
TFAP2A	-2.14782623332903
CHCHD7	-2.14827635762046
NTRK3	-2.14973818514509
BNC2	-2.1521896651626
ZNF681	-2.154005987785
NAB1	-2.15517565623075
YEATS4	-2.1590697740167
BOD1L1	-2.1598212251145
CDH1	-2.16029417981975
WNT5B	-2.1629633520058
CTCFL	-2.16473661787253
PCBP1	-2.16548687141713
DPPA4	-2.16599707318124
ECPAS	-2.16638097438919
MAEL	-2.16744448376491
ZBTB10	-2.16765074943908
NNT	-2.1700821205355
TICRR	-2.17050714715669
MAD2L2	-2.17093597264346
BCL2L13	-2.17213221474077
BRD3	-2.17327455412987
SPRYD4	-2.17491989441894
RYR3	-2.17543667051832
SAPCD2	-2.17653064661799
CRYGEP	-2.17710740669255
RFX1	-2.17755942562245
SCRN1	-2.177857126114
PRDM16	-2.17887298589124
CFLAR	-2.18068378294019
EXOC2	-2.182972026408
HIC2	-2.18314552827019
SEPTIN5	-2.18340321631801
SPSB4	-2.18413701705851
ZNF208	-2.18434642141107
PCDHB18P	-2.18501130292332
FRG1CP	-2.18625197852588
PDGFC	-2.18641851074668
FAM20A	-2.18783425752202
PRDX6	-2.18853481810638
MT1E	-2.18901280538872
MRPL30	-2.18942565340903
MPPE1	-2.18947207285692
NFIX	-2.19002360706725
HID1	-2.19530020430329
CCDC57	-2.19933682562043
SPINK5	-2.20051541404311
ADAT3	-2.20163481941752
CELF2	-2.20308276132743
UTP14C	-2.20358038052256
TSTD1	-2.20558141910622
DMBX1	-2.20657485941404
PPM1K	-2.20842377015216
ZSCAN2	-2.21087176173131
EPHB3	-2.21490132255197
LRRK2	-2.21697667036246
HTT	-2.21814183541501
MMP25	-2.21973066667322
ATP6V1G1	-2.22043519262709
SDCBP	-2.22132532903666
AUH	-2.22152692332567
ZYG11A	-2.22238230829753
NPAS3	-2.22421314320629
SLC35A5	-2.22600852372484
KPNA1	-2.22826560455664
DCUN1D2	-2.22834871984278
SLC25A14	-2.23042749945051
LIAT1	-2.23163507428431
ATRNL1	-2.23203747317234
ATP1B1	-2.23209285750434
FZD5	-2.23239630071852
ARL5B	-2.23250578634272
KLF4	-2.23463041570316
CHIC2	-2.23488862589612
PAK2	-2.23604814873461
PPP1R14A	-2.23682359904638
LPAR1	-2.23894298834833
DPP4	-2.23997528642887
PERP	-2.24062808788889
ARRB1	-2.24096433213193
MPC1	-2.24168712868366
GCGR	-2.24306090715256
TRPS1	-2.24444824797252
FOXO4	-2.24459571518627
DNAJB6	-2.24503036063165
EFNB2	-2.24503185365533
SKIDA1	-2.24729321186403
SOX11	-2.24887350458445
NBL1	-2.25259902000202
LGI2	-2.25269995695153
CDKN1C	-2.25329961892011
KRAS	-2.25336506367644
PMEPA1	-2.25540897212744
USP43	-2.25793408395286
ETS2	-2.25895418972694
CCT8P1	-2.25905328734497
MGAT5B	-2.26193175039713
TMOD3	-2.26356394047349
AGO1	-2.2647959381804
H2AJ	-2.2688397249947
FEZF1	-2.26923468111895
AMER2	-2.26934042327259
PTPRB	-2.2731032880174
ZNF792	-2.27350435713558
SLC7A10	-2.275153991086
COMMD7	-2.27539330418404
ARHGEF10	-2.27579688083821
MYO1H	-2.27906717235616
ERCC5	-2.27999518601302
CAVIN3	-2.28042736052413
LAPTM4B	-2.28244746737241
DENND4C	-2.28585314771792
A4GALT	-2.28628089128179
POLR3G	-2.28670811933058
G3BP2	-2.2871691022527
ASXL2	-2.28726409582696
MCTP1	-2.28968187223539
LBH	-2.29024814296218
PYGL	-2.29096022521045
MT1M	-2.29117276555565
NAMPTP1	-2.2927473284319
UBL3	-2.2941204998322
DUSP8	-2.29430366573225
RUNX1T1	-2.30003022910422
ZNF85	-2.3018305297448
DBNDD2	-2.30418254577864
NAALAD2	-2.30532632968918
ZNF254	-2.30700221163914
DOP1A	-2.30783871559465
MIR3171HG	-2.30844670085527
MCL1	-2.30852730601723
LDHA	-2.30979405319612
AKIRIN1	-2.31042930565687
PMAIP1	-2.31110953094072
MYO10	-2.3127366033201
DIRAS2	-2.31283695601583
ZNF266	-2.31460860074009
GALNT17	-2.31480108310452
CRYGFP	-2.31560607669854
ARHGAP21	-2.31577614039144
ARLN	-2.31738223034062
SCN9A	-2.31845802513092
ZNF611	-2.31876212403074
NF2	-2.3190433313251
DNAJC9	-2.32030340446645
PRAC1	-2.32291151069027
TMSB4X	-2.32407575843197
MRPS16	-2.32782381419291
ANKH	-2.33001202745109
SYNE2	-2.33029340035996
AGAP1	-2.33172621627829
ZNF701	-2.33253964091126
ALDH3A2	-2.33286407395685
C2CD5	-2.33446364578128
FBP1	-2.33466478168722
SEC22B	-2.33671853342641
C19orf67	-2.33939391648286
ST8SIA6	-2.3399267900402
NOTUM	-2.34052363935079
FBLN1	-2.34166594115347
VPS28	-2.34195831327795
TSHZ1	-2.34299997685417
LRRK1	-2.343943317552
GDA	-2.3455919307612
NPM2	-2.3475145506544
LDLR	-2.35154391885314
SDE2	-2.35327354645831
RAB3IP	-2.35393328802212
NEFM	-2.35439488477126
CDK14	-2.35464144614033
SCNN1A	-2.35587156560389
MTA3	-2.35867428010343
IFITM1	-2.3642816537756
MIR1915HG	-2.36801873309197
BICD2	-2.37208626578463
ARHGEF18	-2.37267926464911
ADCY5	-2.37271260072971
FMO5	-2.37572364526411
TPI1	-2.37592361848289
PNMA8B	-2.37766205428956
SNCAIP	-2.38036891245792
ARMT1	-2.38151410470924
HMGB3	-2.38248080953326
SPATA20	-2.38542332239094
MYSM1	-2.38760882132471
CATSPERZ	-2.39149692413494
PDHB	-2.3925636748056
CHRNB4	-2.39316921309593
AKT1	-2.39718131911081
SNX25	-2.3983425224408
ERVV-2	-2.39948106425933
DPPA2	-2.40005084297949
DNAJA2	-2.40044295757501
MESP1	-2.40118537108166
SERPINB5	-2.40260822257624
PACSIN3	-2.40359849083453
ZNF793	-2.40942357942078
MAGEB2	-2.40996836180178
ANKRD13A	-2.41107901503948
TMEM64	-2.41239845806202
PTPRU	-2.41373330511644
DTD1	-2.41379195285844
SOX21	-2.41383573997421
STOX2	-2.41469960906436
SCUBE3	-2.41622544960621
RAP1GAP2	-2.41980827471228
ANKRD19P	-2.41995960074134
HSP90AB2P	-2.42052521980305
CAVIN4	-2.42250515263904
CACNA2D1	-2.42658936460815
FHIP2B	-2.42719627995142
SORBS1	-2.42773559115616
CECR2	-2.42911076201285
TAOK3	-2.42915622967752
ZNF296	-2.42958876313149
ITGB4	-2.43119690676725
RND3	-2.43368172679597
AQR	-2.43493298866364
GPRC5B	-2.43710118965653
WDR87BP	-2.43883707959651
HLA-F	-2.43895387737991
KITLG	-2.43908800544264
MYO6	-2.43918941857671
ERBB3	-2.44043346323029
RRAGA	-2.44790075285655
AHNAK2	-2.45086522437538
NUDT11	-2.45517034229501
ZIC1	-2.45801351152256
KIF26B	-2.45888726309392
MAPK1IP1L	-2.46345768737461
ZNF525	-2.46735337090988
ZNF528	-2.47267287574317
CERCAM	-2.47815474493611
RICTOR	-2.47864003070414
REEP5	-2.47957210526537
PRKAR2B	-2.47966176649327
CXCL12	-2.48181667818692
RCAN3	-2.48321335138665
TRIML2	-2.48407876348703
EEIG2	-2.48452314308135
ATXN1	-2.4861566757614
PCBP4	-2.48802330987797
TMEM191B	-2.49106506520588
KCNG3	-2.49568250530537
AMDHD1	-2.49919631992817
TLL2	-2.49969574891875
SPIRE1	-2.50013513999834
COL27A1	-2.50044292980914
ZNF516	-2.50310395058976
SMPD1	-2.50449785492326
PGM2L1	-2.50831016254743
SERAC1	-2.51027085005575
MTMR10	-2.51136175739861
LRRC26	-2.51183249466419
CRYBG3	-2.51374448303014
HOOK3	-2.51448117343748
FGF8	-2.51508567880975
SEMA4A	-2.51642473673191
DEPTOR	-2.51663365367061
SKOR2	-2.51727254073973
TCEA1	-2.51996815342024
MTSS1	-2.52152752751926
NIPA1	-2.52181808304193
PI4KAP1	-2.52665514801554
DPPA3	-2.52745980548182
FOXD3	-2.52888024414984
ITGA9	-2.53505880026125
NRBP2	-2.53629541956552
DMTN	-2.53676719184103
LNPK	-2.53896649249319
UNC5B	-2.54087889005547
EFHD1	-2.54746491400015
SHC2	-2.55115690754945
TSPAN13	-2.55133663233634
RIGI	-2.55254618244653
HES2	-2.55656643074404
AP2A2	-2.55836488137275
NLRP12	-2.56196964190228
SMIM41	-2.56316442380643
FBLN5	-2.56439338092653
GPR50	-2.56476515345087
MAP1LC3B	-2.56626283330799
COL11A2	-2.56937042867487
RESF1	-2.57095515264922
ECEL1P2	-2.5721846647192
GAD2	-2.57323119457291
NDUFA5	-2.57428662669899
BMPR2	-2.57556463702535
NR3C1	-2.57909422509872
C4orf51	-2.58030205066094
CDH6	-2.58044063165394
ZMIZ1	-2.58155689982548
AGAP3	-2.59177904385712
MNAT1	-2.59624626588764
ONECUT1	-2.59764495663196
SLCO4C1	-2.60872159961396
ARFGEF1	-2.61357907683546
SEMA3C	-2.61442849914805
TSPAN18	-2.61619482453872
ARHGEF5	-2.61671565926946
PLEKHA8	-2.62375889339342
FAM120A2P	-2.62764205866561
EPB41L5	-2.62963021424775
ETV4	-2.63191742280149
REST	-2.63210333303262
IQSEC2	-2.63444230666617
MIXL1	-2.63581893932071
PRRX2	-2.63976871746486
ZNF682	-2.64300154454966
MAML2	-2.64725696641705
IGF2	-2.64879038235744
DLX3	-2.65221767522803
GCC2	-2.65445511638213
SRGAP2D	-2.65782792828183
BAHCC1	-2.65923897427231
MT1L	-2.65961901404659
ATP2A3	-2.66210021052686
PJA1	-2.66360672236253
GALR2	-2.68025827194282
TRIM2	-2.68574076639188
SKIL	-2.68636940245333
TUBB6	-2.68734362270723
TMEM54	-2.69528444475496
ERVV-1	-2.69693389244763
ALDH1A3	-2.6971604532675
KIAA1143	-2.69931312240111
ZFP36L2	-2.70387632697244
ANK2	-2.71257276689863
BIK	-2.71264487873945
TNMD	-2.71313091734215
NIN	-2.71404777795421
SECTM1	-2.71627613315464
SMAD7	-2.71832685917386
PGM1	-2.72175070459631
UGCG	-2.72725313689817
RPP25	-2.7295837930785
SLC16A10	-2.72968530647427
ADD1	-2.73036074451505
RIF1	-2.73380380507915
SP8	-2.73471277132747
PITPNM2	-2.73564324421679
B3GNT5	-2.73595019481401
PHLPP2	-2.74529135691478
LDLRAD4	-2.74636505948681
LTV1	-2.75018275557012
LNX1	-2.75110348308802
LURAP1L	-2.75315116648675
THRB	-2.75450206164262
KIF5C	-2.75519255842031
EGFLAM	-2.75859780169628
KRT18	-2.75878747877253
ZNF728	-2.76219386632146
GRID2	-2.77109330523858
RALYL	-2.77346590748296
TNRC6A	-2.78019802521355
FAM20C	-2.78181074371605
NEK3	-2.7869709572888
CDK7	-2.79027540469157
SFMBT2	-2.79198865211359
MMP11	-2.79750368892837
PINK1	-2.79840665874795
HES3	-2.80838925507057
FRAT1	-2.81230131020702
LIN28B	-2.81238086701011
ZXDA	-2.81291662815972
DPYSL3	-2.81387101568236
HOXB13	-2.81561257272358
INA	-2.81561426630324
MKRN1	-2.81854338549626
MAPRE3	-2.81887174421939
PTPN9	-2.82637919772499
AK4	-2.82887992522748
UBE2G1	-2.82888269169868
SETD4	-2.83075092319934
AGL	-2.83682598167548
TMEM254	-2.84192444181113
MLEC	-2.84298490712672
CPO	-2.84520472352997
CRIP1	-2.84598077279738
RB1	-2.84699129305074
HELLS	-2.85703502176735
SGK1	-2.86598148276152
FGD4	-2.87352647142692
SOX18	-2.87446638902287
LPAR3	-2.87503444921815
CIBAR1	-2.88044515678177
SORCS2	-2.88071283461931
IL34	-2.88526048852444
DOK6	-2.88530203003216
TET1	-2.89612669902534
ATP6V1H	-2.89989715284794
TRIM27	-2.90320453410608
SPRY1	-2.90389174815274
PTCH1	-2.90883107938835
COL6A1	-2.90901228483523
OAT	-2.9108818513256
SFT2D2	-2.9127221649916
TLE2	-2.91411879537345
FGFR3	-2.91503967268202
SHROOM2	-2.92684231580784
FGF19	-2.93158104748103
HR	-2.93451060296002
MEF2A	-2.9359565981041
ZNF137P	-2.94199434759994
SOX14	-2.94573565139988
RGS14	-2.95010871618502
ZNF90	-2.95721951226336
CHMP4C	-2.95910919189092
TRIB1	-2.96243939650442
HTR1D	-2.96592371421017
TRHDE	-2.96866361979906
KAT7	-2.97032874715427
ENSA	-2.97105193544483
ZNF808	-2.97157895129262
BMPR1A	-2.97291989912703
IKBKGP1	-2.97490200452448
TMEM184B	-2.97571755681129
NEFL	-2.97639696532501
ZNF395	-2.97847576982815
PHLDB2	-2.99120957968664
SEC14L1	-2.99809094045114
EDIL3	-3.01582462534268
RBPJ	-3.01627105684387
SEPTIN11	-3.01693725013042
COL4A2	-3.01805523198682
ZNF100	-3.01809192844165
TFAP2C	-3.02546965457475
LHX4	-3.02821097686793
OC90	-3.03228289970274
RHBDF1	-3.03298401343534
RNF38	-3.03410757546697
PRKCA	-3.03902698038821
MT1G	-3.03911654851086
UCKL1	-3.04210126850138
ZNF844	-3.05267216883531
ECEL1	-3.05282260987469
RNF125	-3.05564321689101
TRDMT1	-3.06268798094587
METTL27	-3.06634088686576
F11	-3.06725488982155
NFATC1	-3.07227765088821
GSE1	-3.07329098621196
KAZALD1	-3.07488276288545
RAI1	-3.08928503011262
FSCN1	-3.08941889035256
RTP1	-3.09908685661702
RNF187	-3.09962367266884
RRAGD	-3.10823028570415
PIM2	-3.10843948294641
RIPK4	-3.1169766368646
TIMP2	-3.11715023401358
NBPF26	-3.12088313735719
BMP1	-3.12166966039002
HIPK2	-3.12436420943277
BHLHE23	-3.13599247931952
PRDM14	-3.13626634006581
RBP1	-3.1513217457296
C6orf141	-3.15216016600741
IPMK	-3.15957825507022
ABLIM1	-3.16035209903787
FA2H	-3.16392556377156
LHX5	-3.17324636542368
CHST8	-3.17455944010104
IRX4	-3.17808994034226
PCDHGB4	-3.17818512023089
NOTCH2NLR	-3.17895734786242
VMA21	-3.18006442272502
TRIM25	-3.18738559450734
GTF2IP4	-3.19304197841645
MDK	-3.19507296804794
PCDHB15	-3.19530500701304
VPS37B	-3.19725179916808
HBE1	-3.198071977449
VASH2	-3.20047044822691
SYT6	-3.20994165231305
SNX9	-3.21874156984693
KIAA1217	-3.21945315839515
TBCD	-3.22682668767711
CD9	-3.230339432937
REEP4	-3.23303829746545
MT1F	-3.23520986375121
AGMO	-3.23527557138414
NETO2	-3.24480540573569
ACOX1	-3.24836531144318
THBS2	-3.25300581610214
HHEX	-3.26473179464929
SCD5	-3.27050480418152
AXIN2	-3.27665555508491
PRAC2	-3.29017685052975
CNTFR	-3.29240935184922
BMP7	-3.29438570191404
PAX7	-3.2945158829084
HLA-G	-3.29665754698958
CCDC8	-3.29974992265808
TLX1	-3.30347976483598
TUBBP5	-3.30535850942244
ARHGAP42	-3.31164036667506
MAFA	-3.31771508971556
RBM47	-3.32023252525256
FOXH1	-3.32350192064764
MT1X	-3.3291619096551
TNS3	-3.33219245495779
HHLA1	-3.35911400263702
PLAAT3	-3.37459898881778
MECOM	-3.38594201694668
ZNF770	-3.38916343426035
CALB1	-3.39708428263656
ATP11A	-3.39897345795938
KCNAB1	-3.40127145206987
ASRGL1	-3.40846332387659
NKX6-2	-3.41161507819328
ITPA	-3.41355127406472
MTND4P12	-3.41789670664168
KRT8	-3.42194238928546
FRMPD4	-3.42642702453771
DSP	-3.42857828981037
ZNF878	-3.42970486945364
KCNJ5-AS1	-3.43464356371256
CPT1A	-3.44642738372459
MXRA5	-3.45056590527022
FERMT1	-3.45090258480136
GDF7	-3.45096832903583
MLLT11	-3.45283002560269
MYO5A	-3.46979246550636
ZNF578	-3.47731628430876
LAMB1	-3.48720449483945
ZNF398	-3.49585525748424
BAZ1A	-3.49836005478337
OVOL1	-3.50182559040268
AK3	-3.52560697612374
GATA5	-3.53821563243501
SOX15	-3.55338109837069
SCARA3	-3.58595592552245
TWIST2	-3.59174145394826
MRS2	-3.65596702166956
CGNL1	-3.65965256493436
SLCO5A1	-3.66692033317806
PLP1	-3.6731979721563
LGR4	-3.67815562208277
PDK3	-3.67951770866727
CAPG	-3.6868220494609
LRFN5	-3.73867573069565
SEPTIN6	-3.7416531945388
PTH1R	-3.75697395100705
MRPL23	-3.77896098649117
TMEM200B	-3.78146017138695
NANOG	-3.78573203858485
SPART	-3.78746007164023
F2RL1	-3.8215751332769
AJAP1	-3.85091123464306
FGF4	-3.86054175535032
VENTX	-3.86383657276099
CCND1	-3.90032673914103
TNRC18	-3.90135446847136
SIX3	-3.92391284673259
ZIC3	-3.93314532137256
SOCS2	-3.94398834440572
RING1	-3.95489031089327
HLA-A	-3.96599785660858
SCGB3A2	-4.00843283587205
LTBP1	-4.01743431214581
AFF1	-4.06008621716434
SATB2	-4.06770596125672
FAM210B	-4.09896592978082
P2RY1	-4.1089188185743
NR5A2	-4.18152664196043
MEST	-4.19471427290019
SEMA6A	-4.21714434258184
GLB1L3	-4.23866265352178
TMT1A	-4.27029922008739
SPRY2	-4.27227668215001
GNA14	-4.27749661477912
FBN2	-4.39489315375198
TBX1	-4.44521553313874
FOXP4	-4.44833061482887
UTF1	-4.48155550110909
HIP1R	-4.52078651507136
FN1	-4.57865541230303
ROR2	-4.64963012875692
CKB	-4.68720809102823
NKX1-2	-4.75163689486081
PAX5	-4.93144016444085
INSM1	-4.98921306784179
DDR1	-5.26513402496094
