CXCL14	5.40389471649078
FAM83H	5.10169421163247
SCARF1	4.43757619716132
COL21A1	4.12481183371512
SLC17A5	3.46640280464391
CT45A5	3.44926018201855
CD93	3.31127233059663
IGF1	3.27852383957833
ATP7A	3.26577817819486
CCNI2	3.13839308102791
RBMS1P1	3.07154361179648
EGR3	2.98366023973557
HMCES	2.97824846044729
NEK6	2.96394496446517
IGKV1-5	2.84774859784491
AKAP5	2.80708235307708
EPS8	2.78954663042259
WASF2	2.75457833415909
STARD13	2.74928680104314
KDM1B	2.72485234836952
NSFP1	2.71135909292642
DNAH17	2.67845114473574
TGM5	2.67535307378447
WNK1	2.67453901928872
BANK1	2.67007844384724
NPLOC4	2.61340323206127
LRRC37A	2.61294383399366
MDFIC	2.58267932719844
RTTN	2.58082503639276
SNX8	2.54729642157884
PER3	2.54173887086905
SLC44A5	2.53231461605467
TESPA1	2.52846809821036
PLEKHA7	2.51560305091129
MFHAS1	2.50800272787923
IKBKGP1	2.50459711432396
CCR8	2.49679382338626
ADAM10	2.49350046093102
PIK3CD	2.48931190577751
MARCHF3	2.48923211034009
GATAD2B	2.47838420440643
ARNT	2.4743738757446
POU2F3	2.46384293903859
TUBA8	2.45764718373378
CFAP251	2.4562773300599
STK17B	2.45508315651353
PHTF1	2.45347447854561
STAMBPL1	2.44929621474279
ATXN7	2.42104420096702
ASPDH	2.420305767911
ANKRD12	2.41387117398039
DIP2B	2.40117273925542
CD109	2.38184853150116
RASGRP4	2.34907043356024
FAM157B	2.34316545024452
TIMM22	2.34091885062264
NFAT5	2.34091604342089
SRMS	2.3367424599782
TUBB2B	2.3265248079624
FBXO10	2.31689607882306
TMEM163	2.31200620474825
FBXO33	2.30786771390379
DTX1	2.30305052519208
TMEM132B	2.29955173408299
ARHGAP6	2.29256856715424
TMEM164	2.28530665875092
FBXO11	2.28477847189932
FRY	2.28211183810505
SMG1P3	2.27955001606476
GPER1	2.27110770914538
RENBP	2.23478932215537
CACNB2	2.23446454377296
LTK	2.21750412033936
SLC35E2B	2.21427383951352
IFNGR2	2.2000224031735
CCDC88A	2.19994853882245
PLAGL1	2.19016653689782
BCL2L10	2.17805983875416
PHEX	2.16819772077697
FAM157A	2.16314402727413
ANKRD36BP2	2.14411084804731
CPNE4	2.12971350044081
TMEM169	2.12872457463241
BHLHE40	2.11878039385181
KCTD19	2.10830878922387
AHDC1	2.10182421948042
TFAP2B	2.09383535084602
NCR3LG1	2.09036952315271
KCNK1	2.08794925445049
AOC1	2.08350556000732
C4BPB	2.08230261875193
MOCOS	2.07716195577973
APPL1	2.07372906153263
ABCG1	2.05668201016099
DDX59	2.0537276692935
COL16A1	2.05350521119982
CREB3L1	2.05192035229849
COL4A2	2.05001926719253
FBXO17	2.04742155338922
ZBED2	2.044134399317
DENND4C	2.04015005647553
TNFRSF11A	2.03790835985596
ANXA11	2.03214287224477
HIVEP3	2.03079039595815
HNRNPA1P21	2.02423543883109
KCNQ1	2.02121315655899
ZBTB32	2.02050762116279
IRF5	2.00987038137991
ST6GAL1	2.00090784388843
FHIP1A	2.0006830891566
TACC1	2.00046943607692
NCOR2	1.99092636503897
FNIP1	1.98995596063299
NFKBIE	1.98961494811351
BID	1.98281237278284
KANSL1	1.98126405042269
EEF2K	1.97937838176801
MTMR11	1.97765976692588
ERMP1	1.97427509775143
CXorf38	1.9712452685757
SPIB	1.96332994688155
ARL17A	1.95997269397652
GAB2	1.95465042827796
STN1	1.95351094639052
GPATCH8	1.9455376966094
LAP3P2	1.94405326110239
POLRMTP1	1.94389151893705
SMG1P4	1.93953876706262
ARID3A	1.93905665893766
USP34	1.93632027175727
MYH6	1.93462739888675
SLAMF7	1.92987608250635
ATAD2B	1.92195092133759
AVL9	1.91889502184345
CDH1	1.91772223068554
IRAK3	1.91688128976738
HIPK3	1.91365013690075
CMAHP	1.91340970384207
SLC4A4	1.91014400635886
ACADM	1.902949875593
L1TD1	1.9013417771417
COCH	1.90015926696894
GPBP1L1	1.89242104033495
PRSS21	1.88999079908837
NFATC1	1.87522412399447
VEZT	1.87356902380531
HIVEP1	1.86802893963511
SPAG9	1.86796950000384
TECPR1	1.86457429711478
SMG1P1	1.8618697400154
CCDC141	1.86171789801107
SNX29	1.85799121295627
IGKV3-11	1.85685784426591
ISX	1.85489790990801
GRK3	1.85475415949758
NSD3	1.85125119962509
CSPG4P10	1.84872410213682
RGPD8	1.84575078724474
EGFL6	1.84549939328411
SMAD1	1.84415746664864
KMT2C	1.83533660375416
HES1	1.83409902307992
SEL1L3	1.82419310156214
CD4	1.82347312239636
CDKL5	1.82317373163362
KCTD14	1.82056005516959
RO60	1.81753258611112
MTA3	1.81527948463748
KIF21A	1.81023456116672
DIP2C	1.8100412169004
MAG	1.80729493711961
KRT86	1.807189734929
HACE1	1.80682965954168
FLVCR1	1.80117138558071
IGKV1-9	1.79815224897841
KIF3A	1.79263059905135
HK2P1	1.78303871211175
MAP3K7CL	1.77721018836616
NIPBL	1.77719711883129
IGHV3-7	1.77287236756835
SERF1A	1.77187250362779
CCNDBP1	1.76674460602204
HMBOX1	1.76199282509474
DGKI	1.76015224481167
BICDL1	1.76011636034364
GPR157	1.75958204941095
LRRC31	1.754192257216
LASP1	1.74894798125306
AHR	1.74465696986932
ADGRE2	1.74173959055728
EIF4G3	1.7412562937118
MAP2K6	1.73500703820578
GOLGA4	1.73409832572984
EXOC4	1.7306143947282
IL12RB2	1.72856206532878
ATAD1	1.72613501505499
CCM2	1.72007759409997
PCNX4	1.71959727756663
BMPR1A	1.71777471848791
ARPC4-TTLL3	1.71768590372779
CXCL10	1.71764681760061
AGTPBP1	1.71468319889543
SEC23A	1.71121283246586
CD3E	1.70758803275559
SNX18P3	1.70557846882018
HECTD4	1.7043437948817
LRP2	1.6979380266664
HERPUD2	1.69779451341517
SLMAP	1.69728445258105
CELSR1	1.69684720638639
USP32	1.69548292036369
ZNRF2P1	1.69394513264265
TSPAN1	1.69380629484735
AK4P1	1.69288721704574
HERC6	1.69237196121192
DSC3	1.6899651470973
CD80	1.68638098414325
MKRN2	1.6854151664907
SSH2	1.68429306146389
NUMA1	1.68403623937687
KIAA1217	1.68348596576704
VCAN	1.68339234337427
LRRC36	1.6815899586204
BRD10	1.68156807000644
OSBPL8	1.6804480067435
HSPA8P8	1.67602501356766
THAP12P7	1.67353295854632
CD82	1.66800956049173
ACADS	1.66742408167203
SYT11	1.66678578923844
PSPHP1	1.66629140452706
IGKV3-20	1.66546689705305
KCNIP2	1.66532933698906
AGTR2	1.6647238127357
MMP7	1.66135336184376
LY75	1.66055460597112
TC2N	1.65936398042611
ZNF292	1.656789690013
VPS13B	1.65038519229257
GOLGB1	1.64554659116599
GOLGA2P10	1.64296967092044
CRTAM	1.63900320142419
USP35	1.63681925543653
ERBIN	1.63646879431883
INSIG1	1.63212284529801
PSMA8	1.63035985582447
MED12	1.62845298372423
CBFA2T3	1.62613006615053
CLNK	1.62510891329482
KDM4B	1.62437932122866
MAST3	1.6175438010577
SHB	1.61751282558799
BAZ2B	1.61667137673749
BIRC6	1.61627111016621
COL4A1	1.61510719941744
MGAT1	1.6145218779828
FBXW7	1.61345263955736
MARVELD3	1.61243207616686
JAKMIP2	1.61221247867212
FRRS1	1.61108112215613
STT3B	1.61035367639186
IGF2R	1.60303522885874
PIM2	1.60235332856689
PIEZO2	1.59288705716096
EPSTI1	1.5922101332917
MAGED2	1.59180878934742
FOXA3	1.59099976461198
DHX40P1	1.58831719052485
HELZ	1.58646822562206
IGKV1D-16	1.58630313268674
ZNF385C	1.58064749029934
SP140	1.57880893180763
LPAR1	1.57731967397417
TEX15	1.57367348071001
CERT1	1.57210397290532
ACTG1P22	1.57028089905217
GNPTAB	1.57021232985778
BEND3P1	1.56994186839729
TWSG1	1.56548735966988
HEG1	1.5654740831373
CPEB4	1.56286420083004
SLC2A3	1.56234610409526
XCL2	1.56193828755734
CETP	1.56152985593627
CAMSAP2	1.5607377238854
PTGS2	1.55591782240127
ASDURF	1.5528928923884
TMEM176A	1.5523564793203
NBEAL1	1.55129650004245
ADAMTS16	1.54927407006604
PIP4P2	1.54794575722155
CYFIP2	1.5468382640513
OTUD7A	1.54601374226328
CCDC102A	1.54420181882145
GOLGA6L9	1.53961487638213
ZNF644	1.53829945787265
CLIC2	1.53677871792076
IRF2BP2	1.53629825509533
C22orf15	1.53523086208688
DUSP16	1.53432027063929
RPL7AP21	1.53397898507431
ERGIC1	1.5315496666651
CRY2	1.53079506206399
SSTR3	1.53007159655118
ELL	1.52998897033493
TM2D3	1.52990757511087
TMEM263	1.52977886397517
CLEC17A	1.52916816878932
CDKN2C	1.52578949138974
MANBA	1.52376649351938
PAX8	1.52261044121989
COL24A1	1.52207756733354
SGTB	1.5186989339737
SRCAP	1.51327843797515
CEP192	1.51176421133321
PAQR7	1.51058438101233
IQSEC1	1.50796592772922
KAT6B	1.50784527856064
DOK6	1.50715166406166
RGPD6	1.50624565069081
HMGB3P32	1.50511022845856
RASSF3	1.50217272197191
ANKIB1	1.50114747407313
SINHCAF	1.50051533569272
ADAM8	1.49962412520677
P4HA1	1.49781669076353
GSK3B	1.49360735093958
CHD7	1.49300838370071
SIX3	1.49285941270185
DSC2	1.49128219995341
MKLN1	1.49082479720736
RASA4	1.48938449040641
DHRS7	1.48920333278288
NFKBID	1.48913343362474
PECR	1.48812733986061
DYRK1A	1.48810143086097
PPME1	1.48589772166115
TMEM38B	1.48330316863778
SLC12A2	1.48293936991832
CXCL9	1.48251263514584
ARID5A	1.48071106283532
CD300LB	1.47878840304979
SMCHD1	1.47874995524928
TESK2	1.47505032918338
TET3	1.47345976166999
HNRNPA3P15	1.47001258179449
RAB3GAP2	1.46970352831984
RNMT	1.46751059565883
EPS15	1.46742203860231
CECR2	1.46559342457107
TYMP	1.46496772035253
PCGF5	1.46456914153621
GUSBP3	1.46443286447794
USP18	1.46243628678916
EDEM1	1.45562536249036
PIM3	1.45540102495659
CD24	1.45478950544135
HILPDA	1.45327806047264
TIPARP	1.45289729231305
C2CD2	1.45164154261597
PATL1	1.45101521248117
C4orf46P3	1.4471757367541
KIF2A	1.44716418425207
RTKN	1.44547330696706
NAMPT	1.44488171258132
OSGIN2	1.44286377181981
HPS5	1.44257675536774
BSPRY	1.44031762558846
SIGLEC15	1.43832892188174
JPH2	1.43769897392884
GDA	1.43761031093121
DOT1L	1.43748121181043
TYW3	1.43716641037207
ZGRF1	1.42920913214525
ANKRD18A	1.42912397958736
RARRES2	1.42527475778421
IKZF2	1.42526441798321
PHF8	1.42291211752031
WASHC1	1.42198516539842
AKAP11	1.42162113425216
UBR5	1.42081260382678
HEPH	1.42030964500649
FMNL3	1.41909990310306
TSTD1	1.41485450316781
C4orf46P2	1.41253585413909
ZRANB1	1.40979511136157
SCN3A	1.40896273230638
EIF2AK3	1.40841971641346
MICAL3	1.40660571423359
CTPS2	1.40527995601531
NBAS	1.40406364793518
BBX	1.40293098117864
RALGAPA2	1.4009619504278
HADHB	1.4003566296417
S100PBP	1.39985951082844
HCAR3	1.39971578671423
MYEOV	1.39803734526065
FGL2	1.39648942305024
TNFSF12-TNFSF13	1.39519614862401
DCHS2	1.39471010916247
PDZD8	1.3942646520454
FAM168A	1.39072484020997
DUSP15	1.39022681854808
ANTXR2	1.38885664253141
APC	1.38810730749355
ZNF284	1.38433905511443
RPS6KA3	1.3842107968421
FOCAD	1.38336669035042
KALRN	1.38172847834578
SDHDP6	1.38145127860578
CHFR	1.38127888657992
COL9A3	1.3792708583241
SIPA1	1.3791067855139
HOOK3	1.37896227436463
FAM193A	1.37697265489331
HSPA12B	1.37548436113083
EREG	1.37483685636038
TMEM176B	1.37383942142845
UBE2W	1.37300418778404
ARMCX2	1.37219227357294
GLG1	1.37168962914056
NCOR1	1.36996475529038
CCDC152	1.3692568888506
CYP1B1	1.36848244774561
NCOA3	1.36755612444113
RSF1	1.36591881237095
SCAPER	1.3639052260725
GAS2L3	1.36262762014518
ARHGEF7	1.36166588000385
STAU2	1.36092919663396
IGHV1-69D	1.3580225846897
IMPA1	1.35762104022285
ATP6AP1	1.35599051152022
ZNF106	1.35496010583204
TBC1D1	1.35454277223291
CASD1	1.35043439473589
LRCH1	1.34748517482432
SEPTIN7	1.3470523849302
KIAA0895LP1	1.34659985944809
CDR2	1.34617178246996
ETS1	1.34388898114037
LY6G5C	1.34371919190137
UBR4	1.34259451354485
SAT1	1.34247244482362
ACKR4	1.34198868749662
LSP1	1.34065201586464
PRKRA	1.33875756952356
MBD6	1.33758444766903
RASGRF2	1.33700195721747
UHMK1	1.33698049464046
TNFRSF1B	1.33390239915755
PPP2R3C	1.33327040722547
FAT2	1.33237062029573
SRPX	1.33199106046351
NECTIN1	1.33133567804402
GPR199P	1.33121880747893
IRAK2	1.32807352177691
ZNF384	1.32636375290297
NID1	1.32561237228621
SAMD8	1.32510322992822
SYN1	1.32488737673566
PIKFYVE	1.32474982112237
JAK1	1.32316775833985
STAT5B	1.32241516869957
CHD2	1.32187052377833
NAV2	1.32152256960872
RNGTT	1.32125946945883
PITPNM1	1.32125917678331
DNAH3	1.32124722560535
SIGLEC10	1.32103975826237
ENPP6	1.32048134181304
PIK3CA	1.3201608333246
FAM174A	1.31944630862972
DPY19L1P1	1.31854439941523
PHF3	1.31781831869036
TMEM273	1.31778210277351
SNRPGP14	1.31727945272871
NR4A3	1.31673373126379
RNASEL	1.31650489349791
MYBPH	1.31298816522392
FBXL4	1.31250013358375
HOMER2	1.31243541923105
CD63	1.31160239767191
TOX2	1.31104038863563
FGGY	1.30972356382429
CNST	1.30694979158448
HNF4G	1.30680665072994
RHBDD1	1.3053035970786
SGK1	1.30491268690505
KDM5A	1.30403349509902
BRWD3	1.30359121434366
GBP2	1.30294262325899
ADGRA3	1.30278087190831
CREB3L2	1.30149506789824
KMT2D	1.30140664605025
ZNF563	1.30058681213416
PLXNC1	1.29944214016692
PITPNM2	1.29884087272986
INTS6	1.29669892738058
PSME4	1.29639476907982
RAB3GAP1	1.29571980669671
DNAJC18	1.29546882261517
TNKS	1.29452829276636
EDN1	1.29383716543908
SPDYE9	1.2930616423375
CD226	1.29302629820946
TBC1D22A	1.29230154856091
PNLDC1	1.29107935570189
RPL11P3	1.2907722335517
FNDC3A	1.28925817656594
NR1H2	1.28924610278991
PPP4R4	1.2892412338794
ST3GAL2	1.28921512037922
COL5A1	1.28793294823171
GLUL	1.28707243895985
SLC39A9	1.28692084851989
FABP3	1.28631042360694
PRF1	1.28542402067376
DOCK2	1.28496209602206
EMILIN1	1.28417533452667
CCDC126	1.28401518753411
VDAC1P8	1.28295487453363
ME3	1.28017281381917
TMEM156	1.2786191009063
ITGA9	1.27702073546363
TM6SF1	1.27657708823946
KLK1	1.274771815352
ILRUN	1.27475632182985
IFT57	1.27366933034514
DPP8	1.2730476651002
AMBRA1	1.27284248494389
BMF	1.2722603528349
NUCB2	1.27189135156466
KRT7	1.27129555999176
BACH1	1.2695244273309
RSC1A1	1.2691862505469
SHOX2	1.26857334061353
MXI1	1.26820142175833
LRRC37A6P	1.26773075513131
IGKV1-27	1.26539150666141
MARK2P16	1.2640210516775
CPA4	1.26372257437468
ADORA2A	1.26213882280376
SETD2	1.25719909088339
MTMR3	1.25718654366727
PIK3C2B	1.25699811288133
CTSA	1.25651687954369
SCAF11	1.25430823942618
SMAD2	1.25396467227044
SMARCAL1	1.25308389101459
GRK5	1.25287414275295
PEX26	1.25214329681859
XCL1	1.25182985103501
STXBP5	1.25162764399132
ARHGEF10L	1.25123973309458
AP1S3	1.25072136121141
HLA-H	1.25059189899296
HSPA8P9	1.24884003615863
ST7	1.24875201566913
TLCD3A	1.24809259247621
POT1	1.24574091207569
MTCO1P25	1.24542770215038
FNDC11	1.2446168069381
CAB39L	1.24456674605004
CD79A	1.24447783695412
ITPR1	1.24257414689109
TCN2	1.24241773055724
CMKLR1	1.24079067190784
ARMH3	1.23442862678251
KDM4C	1.23420934478987
PPARGC1B	1.23420107413776
MCF2L2	1.23396934184564
SBNO1	1.23395164482106
TCTN3	1.23369075322334
PFKM	1.23054901342774
GLUD1	1.23036586907462
DHRSX	1.2295645834858
PPP1R16B	1.22927787407626
DAP	1.22807702800625
KICS2	1.22702313837419
COG5	1.22678345865991
IL15RA	1.22591792057121
RANBP9	1.22545574360915
MFSD11	1.22430242681077
SPG11	1.22349919529143
ITGA1	1.22140868335784
SPIRE1	1.21945826697948
ALDH1A2	1.21905884158923
CNTNAP1	1.21799952320162
THOC2	1.21792211887801
TNFAIP8L1	1.21686989655928
OGDHL	1.21631767315401
M6PR	1.21515525390807
PANK1	1.21493591304034
ITGAM	1.2148171334931
PRKAR1A	1.21355082515075
LMO2	1.21318474890649
ANKRD18B	1.21285910625036
CLEC2B	1.21155358109274
NXPH3	1.21105723163269
TLN1	1.21042641788699
IL18RAP	1.20954851029712
BRAF	1.20945336798385
RUBCN	1.20805340151763
RAB33B	1.2075322134502
SLC16A10	1.20659242241945
ZNF567	1.20582436773727
TM9SF4	1.20542784418446
PARVB	1.20542150527122
IGKC	1.20507120681214
IL23R	1.20481509761342
PAK2	1.20477203582313
GINM1	1.20399204522371
TFEB	1.20346216176712
GNA15	1.20199904926471
ITGAX	1.20180694517288
MAP1LC3B2	1.20016209578112
ZNF148	1.19948142618301
ZBED10P	1.19937564976258
SETX	1.19809103100753
TRAPPC11	1.19784696135531
CAMK4	1.19742358463037
NMT2	1.19730227851867
ACSL4	1.19544428306199
MSI2	1.19398911452739
MSRB1	1.19356245883811
TMEM25	1.19051194761527
NFE2L1	1.19038981316274
EIF2AK1	1.19033921747927
PRR14L	1.19007116000841
AGL	1.18673775243138
NCKAP1L	1.18586310943826
H2BC5	1.1856772198341
GRTP1	1.18552407425171
POU2AF1	1.18467898704299
TNC	1.18424146860107
ANKRD28	1.18350418382727
ATP6AP1L	1.18317821035985
FAM117A	1.18127115850738
AZI2	1.18115204427185
RAB21	1.18106426232666
ZCCHC7	1.18098991070351
BAZ2A	1.18069710776408
GLUD2	1.17958628656866
FAF1	1.17890444274516
SNX19	1.17811030966799
SREBF2	1.17797909660125
CD6	1.17613276706768
PWWP3A	1.17535200026731
ZNF280B	1.17534704027329
FNBP1	1.17461654728991
PRDM8	1.17317588705661
CD1C	1.17281377790293
RHOXF1P3	1.17248582862824
ARSB	1.17173819544664
FGD6	1.17119630776457
JAK2	1.17067311287955
ANKRD44	1.1704473156293
TRIP12	1.17023238677606
NCK1	1.16978184925748
CLSTN2	1.16949305796769
ARL5B	1.16910698387066
P3H1	1.16896273672456
ABCC12	1.1687385651672
ZEB1	1.16795832415052
GRIN2A	1.1678052415037
NRIP1	1.16772435887991
OR7D2	1.16729818806442
CDC40	1.16709690221562
ZRSR2	1.16621134732906
SOWAHA	1.16601135898128
GPATCH2L	1.16591214450674
VRK2	1.16587632933356
METTL16	1.16546063459641
PDXK	1.16406331124766
RSBN1	1.16376980021837
TULP4	1.16372113528338
B3GALNT1	1.16308589782735
LACTB	1.16295253289925
GZMH	1.16253085183357
KLF3	1.16224554760934
ELL3	1.16224046366113
GUSBP13	1.16221672232584
FAM222B	1.16176906697982
RDX	1.16164264843795
CCL22	1.16156707315506
ACTN3	1.16086902215034
SLC39A8	1.160762402619
FYN	1.16035017256924
ATF7	1.16004297176205
REPS1	1.15921363376016
IGLV3-25	1.15901662070308
DST	1.15707559911207
ANAPC1P4	1.15671135009656
S100A4	1.15656798676742
ZNF609	1.15578695345641
RYR1	1.15392719559702
MEF2B	1.15387358097668
MAS1	1.15355781277806
MTHFS	1.15336077223105
KDM5B	1.15286517411125
TTLL7	1.15195501084387
CD83	1.15141348288182
PJA2	1.15077837152878
FNDC3B	1.15049241944883
ATN1	1.14948387890132
PPM1L	1.14896421905771
PDE6G	1.14802897355488
BCHE	1.14641393947409
UBE2QL1	1.14627521816453
DNAJB13	1.14568001742785
TNFRSF13C	1.14483498263263
VPS13C	1.14459230800044
MARCHF7	1.14266929237518
FAM78B	1.14136470316563
PPP1R12B	1.14121029931911
HSPA4L	1.14066814274141
PHLDA2	1.14066111673021
RBMS3	1.14022085314397
CX3CL1	1.14018761020954
USP9X	1.13937955682058
AAK1	1.13924006451112
CHMP4A	1.13665120722171
RGS14	1.13526549671566
BMPR2	1.13493229463664
TGOLN2	1.13465562688791
SPTA1	1.13370718542586
CLDN14	1.13335616120068
FBXW11	1.13310459947629
BLVRA	1.13249739554515
ALCAM	1.13006703799559
SPEN	1.12947219723989
NSMCE1	1.12888959236978
TNFAIP3	1.12884557753616
IL16	1.128568153478
MED13	1.12844318046879
LRP6	1.12790589086899
LRG1	1.12777512367998
FAM47E-STBD1	1.12745078870326
SLC9A7	1.12687144706565
DNAH8	1.12675623065755
RAD17	1.12670382971116
ADAM22	1.12646338891143
LVRN	1.12624603480549
RNF111	1.1260537893119
ABHD8	1.12590168537003
SYNM	1.12547896725602
HESX1	1.12547654622698
VAV2	1.12535819251796
SNRPN	1.1220896678911
BTN2A1	1.12063824129009
DBNDD2	1.12041146160432
ABCC1	1.12023307294907
GDF15	1.11996823872612
BCL6	1.11920302125848
RPL13AP26	1.11901201109688
NDST1	1.11854003685922
WDFY1	1.1170304862657
ANKRD37	1.11692306649575
PPP1R12A	1.1167122667382
PPP2R3B	1.11607711961181
RAD54L2	1.11603251308839
MYL4	1.11449142991136
SUPT16HP1	1.11386969424804
APOBEC3F	1.11383989728863
ATG10	1.11198118285188
ZBTB1	1.11079483241269
PRDM15	1.11078854135451
SEC24B	1.10994583496444
TGM2	1.10933005415438
MGMT	1.10913417354504
SHOC2	1.10876683632151
GOLGA2	1.10816502064086
PIK3R6	1.10808206245433
NR1D1	1.10727933861985
MMUT	1.10686855317857
USP25	1.1065606986911
MYCBP2	1.10394930259777
CNOT6L	1.10365637688446
FUOM	1.10364904715763
LPIN2	1.10314700065712
RFFL	1.10310846163433
AGO1	1.10304740106154
USP9Y	1.10295462033391
NPC1	1.10160698247924
RPSAP53	1.10159067033241
CCDC106	1.10015425767015
DROSHA	1.09997181384118
IBTK	1.09919479321304
TEC	1.09873195424653
SMAP2	1.0983607360766
DPYD	1.09766726035509
GABARAP	1.09754832061229
TMED7-TICAM2	1.09699876852886
MEX3C	1.09675865701356
B4GALT6	1.09631385701452
BMS1P7	1.0962329683291
MOK	1.09545589957843
LMBR1	1.09507808342367
HS2ST1	1.09464232651723
LFNG	1.09325651765104
SCML4	1.09182908299501
GADD45B	1.09173210043474
SPOCK2	1.0917076066808
ANKRD33B	1.09161965326076
RREB1	1.09152344635801
TMBIM1	1.09127737307281
HSPA8P1	1.09099940814617
HELZ2	1.09059874771515
CNN2P9	1.08946204321543
ARHGAP31	1.0891335511732
TSPAN12	1.08895723144957
PHF20	1.08812400154389
CFP	1.08798494573876
IL32	1.08676966091507
SYT12	1.08673915627662
FAR2P2	1.08650172235868
RMDN2	1.08636859235028
SERTAD2	1.08548695494369
DOK2	1.08447939575604
RNF43	1.08296208351517
TMEM268	1.08266229986613
ZBTB4	1.08251933575708
FSTL5	1.08225923871517
CDK19	1.08186291705024
CNN3	1.08096766215751
ZAP70	1.08068919179217
LSAMP	1.08021998525009
NAB1	1.08019389408129
PHLDA1	1.07975899699976
SOX9	1.0795686775662
TVP23B	1.07863963477514
TMEM154	1.07821010506412
FAM210A	1.07764878849995
POU2F2	1.07763634006521
WBP1L	1.07747583433989
ARHGAP15	1.07644140955864
BCL7A	1.07538354882914
PYHIN1	1.07511280232317
MAP3K11	1.07443621061273
IGFLR1	1.07388208877689
IGKV1-17	1.07360218188086
ZNF627	1.07309392039742
TTC3	1.07286630715494
NFX1	1.07281417032417
TAOK1	1.0715837280118
ARAP1	1.07139188125995
P2RY10	1.07111991916208
LSM12P1	1.07094792728445
DMRT1	1.07080426177464
ZNF586	1.06996987564551
KDM5C	1.06968774899313
FBRS	1.06955194479745
MAN2B2	1.06839777908338
P2RY8	1.06837289718259
RIPK2	1.06816911129389
NBN	1.06813788243396
PPP1R9B	1.06796427652919
LRBA	1.06766793776896
HOXB2	1.06761030616719
TRAPPC12	1.06659147843979
TMEM131	1.06650195146631
ADIPOR2	1.06611665627812
HUWE1	1.06569198560853
BCL2L13	1.06430685853275
ALOX12P2	1.0632601877234
IL2RA	1.06236124951096
ARCN1	1.06181040205318
ZNF267	1.06164145488004
TRIM61	1.06141551071945
IGKV1D-13	1.06089444477553
TNFSF10	1.06053362372904
TMEM91	1.06047445444172
RASAL1	1.05997717753441
SPOPL	1.05990211294975
FBXO27	1.05483552936521
ANKRD11	1.05437837787846
ZFYVE1	1.05429216386954
NPR1	1.05424899306778
NDFIP2	1.05422390356265
KCNJ15	1.0540270348395
CD55	1.05384432897104
PEX5L	1.05372447760404
TEX13D	1.05336135358903
SEC31A	1.05305186107566
LRRK1	1.05227314311857
SDCBP	1.05106889770609
FTO	1.05095136931975
DNMT3A	1.05067904421661
NR6A1	1.05045410336272
KCNJ12	1.05016410864368
CHURC1-FNTB	1.04963648779562
SCARB1	1.04785348742336
GVINP1	1.04753866781208
DNAJC13	1.0472583357795
SLFN5	1.04681969652574
WBP2	1.04596486363818
ENTPD1	1.04498929086483
ESCO1	1.04440173775605
WNT2	1.04355026355722
FILIP1L	1.0432719667168
SLC38A1	1.04062025357478
SP110	1.04024971767486
GRINA	1.04018579874524
JUN	1.03942649975989
ERAP1	1.03933934349009
BIRC3	1.03855974045311
AOAH	1.03837336222267
POLR3D	1.0368886744345
FBXO42	1.0368335271562
MAN1A1	1.03632198153664
LBH	1.03567493244866
NTNG1	1.03489664500581
NRROS	1.03477304984226
TET2	1.03376944683412
BLOC1S5	1.03363532688841
TSC22D3	1.03291785779367
APBB1IP	1.0324710377664
TOLLIP	1.0324249298428
RASSF6	1.03233175852702
ADCY3	1.03165881997747
EIF4ENIF1	1.03101698241373
RPS10-NUDT3	1.03051800746051
CPLANE2	1.0305018934514
MYO1G	1.0301228432219
SLC11A2	1.02923777055847
FEZ1	1.02885742589594
MAF1P1	1.02884405642392
BTN3A1	1.02771068813692
ERC2	1.02751236171967
AICDA	1.02674555915726
KIT	1.0266200565185
PXK	1.02482463639597
TBC1D32	1.02386997472523
FAM135A	1.02300179485154
PEX2	1.02297347346016
LRRC28	1.02262521832269
CUTALP	1.02146214534445
CASR	1.02142762355081
AFF4	1.02083859956701
GCN1	1.02078118645806
CEACAM21	1.01956341928539
ZMYM5	1.01921714438915
ATXN2	1.01917135937632
OTOGL	1.01866999268689
EFHC1	1.01849491115085
RASSF2	1.01812815122416
TOP2B	1.0175163749831
COX17	1.01750058089593
VOPP1	1.01674230920104
ZDHHC4P1	1.01663719953364
CBLB	1.01644981880274
BLTP1	1.01513209815579
RASA1	1.01510504107024
CNNM2	1.01434714044454
PAFAH2	1.01389946091595
PHLPP2	1.01365526007691
CCDC121	1.01340933979881
ZSWIM8	1.01222731101748
GNG12	1.01199367866195
HDGFL3	1.01101826996317
CYTIP	1.0109748648572
ELMO2	1.01085473210624
ATP13A3	1.01043903955221
HHLA2	1.01013495472021
ZNRF2	1.01012894808687
TBC1D22B	1.00936677546816
SLC1A1	1.00823245415602
MNDA	1.00801687972487
ETNK1	1.00791141162324
GPX4	1.00787391414897
PPTC7	1.00778727661432
CSRNP1	1.00717302968596
LARP1	1.00707499096037
ATP8A1	1.00688748746446
ZFP36	1.0058929506548
SLC35D1	1.00583516471856
MIER1	1.00546561431494
KLF8	1.00544182533679
KLHL28	1.00517231256551
FBH1	1.00492625858058
RPS12P20	1.0039995834819
PIM1	1.0038429846154
B3GNT2	1.00320973415091
REPIN1	1.00297599625038
MUC13	1.0025636033959
WFDC2	1.00252298505012
CIITA	1.00213832392062
CR1L	1.00155690654942
RPL32P11	1.00148624568759
NOD2	1.00130528306107
POFUT2	1.00121386176749
ZZEF1	1.00036423626121
GALK2	1.00025120904346
KDM2B	0.99952550498813
SEL1L	0.998942844973106
CCDC144A	0.998764803260548
HK2	0.996352098026885
ICAM1	0.995486761051433
ANTXRLP1	0.995245731039936
DTNBP1	0.995238433526783
RSRC2	0.994764433475543
IGKV1-6	0.993978396138736
NBR1	0.993559170136153
RAC2	0.993075715535221
RIMS1	0.992620456404495
OPTN	0.992467425027441
ACTR1B	0.992019963153293
YIPF2	0.991878502940875
RBPJ	0.991727407846146
IST1	0.991638849378732
GRM8	0.991416535413097
PAOX	0.991085272725789
DPYSL3	0.991068526302542
RECQL5	0.989561127372379
SLCO2B1	0.989424844715232
CLCN6	0.989318387923628
MED21	0.988709826153326
IGDCC4	0.988682491335052
SMIM3	0.987713134392871
SH3GLB1	0.987637414209646
CDKN1B	0.987302327046916
DDX60	0.986331265255635
COX7A2	0.986317173472713
RAB5A	0.986291548849011
EOLA1	0.985679889288073
IGLV2-11	0.983645995104189
TMEM167B	0.983365323500641
PPP2R5B	0.982910859765089
CICP4	0.982908126507346
CD84	0.982901166778439
SQSTM1	0.982877886844714
EGLN1	0.982534152830604
TOX	0.982398098725178
YEATS2	0.982075921242202
IGLV2-8	0.981585070848091
ADGRG5	0.981231873817265
ARHGAP30	0.980096859474945
HOOK1	0.979197654183927
SENP7	0.97830522386081
CCND2	0.978232293706703
PRL	0.977519057137092
CHIC1	0.97732396960878
RDH16	0.977004122297259
TRIP10	0.976878461173774
KLHL14	0.97666807261449
TRIP11	0.976117634018134
PPP2R5A	0.976104537248653
SARS1	0.97600501315637
ATE1	0.975271258340877
TRAFD1	0.974534545655764
TLR9	0.974277776410549
MAPK8IP3	0.973216188220698
SHISAL2A	0.97285502867597
SMIM11	0.97150980344086
SNAP47	0.970569599609889
CEP350	0.970412697295607
PDCD1	0.970111978796828
RAB8B	0.969353829877208
BCL2	0.969142086256953
TUT7	0.969036992920145
ARHGAP10	0.968868817535464
ZNF277	0.968794984877269
UPP1	0.96871069126848
WNT7B	0.968476177949281
CYBB	0.968219599039467
AP3D1	0.968170553926872
NOL4	0.9677576748199
SERPINB9	0.967093870956481
EIF4BP6	0.967036683930325
FAM177A1	0.96703447397327
GPRIN3	0.966751548993328
PLA2G2D	0.966186958894706
LIPH	0.965624340864827
CUL7	0.965377701591926
TAS2R14	0.965220081004664
TLK1	0.964881061940643
ZNF382	0.964590765889641
CIPC	0.963786658995332
PDZD2	0.962515752899902
TNRC6B	0.962067058460867
MOB1B	0.961673988563485
REST	0.961633902325157
EPN2	0.960688751193851
LEMD2	0.959746301766854
SAMTOR	0.959347557233916
RLF	0.957650723466514
NPHP3	0.957488633822788
ATP6V1H	0.955979638635859
SYNGAP1	0.954732774733028
PNPLA4	0.954262510286036
MTR	0.953850964753843
REEP3	0.953830698639434
SDF4	0.953573005223027
DCTN4	0.952329888103275
TRPC6P10	0.952098622525993
PREX1	0.9516196600791
IL2RB	0.951274579045929
CTBS	0.950542467753412
ITSN2	0.950346893041081
JUNB	0.950095290874028
MINDY2	0.949965656969005
GPAT4	0.94960601003869
ETV5	0.949485537998989
SERPINB1	0.949355644614964
AHCTF1P1	0.949264460372743
BTG1	0.949041153797373
PIK3CG	0.948606216830206
TMPRSS3	0.94859919785622
SAMSN1	0.948322593688691
MFSD6	0.948206564278796
NKG7	0.948102714056412
ATP23	0.947977468435754
NADK	0.947484285638525
KDELR2	0.94748042734825
CPLANE1	0.946341265057543
GABARAPL1	0.944416182949283
CLPX	0.943807417041238
WNT10A	0.943499578682841
ASXL2	0.943395333750864
CYSLTR1	0.942377328167185
ROCK1	0.942249176955063
PEX12	0.942029179999332
ZNF462	0.942002042719591
TAOK3	0.941970457500402
KDM6B	0.941894278437593
FSBP	0.941795609612562
C3orf38	0.941505135664998
WDFY4	0.940852000440447
PDE7A	0.940620735420932
IGLV3-27	0.939526691797195
TINAGL1	0.93891945221112
RNASE4	0.938581541780891
LAMB3	0.938089515085573
NPTX1	0.937895461204827
XBP1	0.937762515106028
STOM	0.937381811310538
ARL10	0.936475912020695
RPL23AP34	0.93627420875505
ZSWIM6	0.936061249340887
PDCD1LG2	0.936035400976086
CD9	0.935949281049796
RIT1	0.93548905761244
NQO2	0.935454787232301
KMT2E	0.935268333238889
ZDHHC17	0.934916493631756
KLHL18	0.934103359318674
FGFR1OP2	0.933878646370255
PDS5B	0.933702849027954
MED28	0.932507583821506
RSU1P1	0.93092024211556
ZNF790	0.929427722236224
AHCYL1	0.929325021095879
CRLF3	0.929313942252728
UGT2B7	0.928867660687251
NEK1	0.928568833447806
TNFRSF18	0.928305861246715
NPFFR1	0.92812192772731
YIPF4	0.928068676024752
NCOA1	0.927942837378714
NAALADL1	0.927579502406508
KAT6A	0.927578612945063
RAB5B	0.927435379033215
DICER1	0.927227859164234
ZNF880	0.926982939158043
ABCA5	0.926268188322476
TRIM34	0.926086029717972
KCNH3	0.925863484267572
AZIN1	0.925728185435432
USP47	0.924371571695957
TBX6	0.9239455563351
UVRAG	0.923133735756906
VPS41	0.922212545183715
N4BP1	0.922091778090064
GBP5	0.921987115115101
SLC34A1	0.921701983317652
EP300	0.921614089350163
DDIT4	0.921601835972936
IFNA2	0.919894890373109
OXSR1	0.918989025476236
ARHGAP19	0.917905182816981
ZNF764	0.917871532713057
STK32C	0.917699181014659
UAP1	0.917518230528872
C4orf50	0.91720043873569
ABCC10	0.91682425484848
MFSD4B	0.916582210225016
PMS2P2	0.916386522742617
MFF	0.916122070276505
ADPRH	0.915777142288582
SLC35C2	0.915758275255126
DNAH1	0.915588367802372
CIMAP1B	0.91530884175166
SECISBP2L	0.91483749545653
KHNYN	0.914727386966957
RNF38	0.91456214490803
NIPAL3	0.914418501421212
PIP4K2C	0.91422761742764
CFAP91	0.913937881815588
BLTP3B	0.912739901575095
PTPRC	0.911557905665987
GYS1	0.910283045648375
VPS26C	0.909665285918545
BICRAL	0.909612406855029
FAM174B	0.909302558991872
PSAP	0.908576014702868
SMO	0.908362019649807
USP38	0.908307748290129
ZMAT3	0.90811233845523
SLC35G2	0.90802317623597
KCNN1	0.907771455500862
DDX3Y	0.907699506381382
TP53BP1	0.907294598834042
AHRR	0.907067405362099
RNF170	0.906106198669094
JMJD1C	0.90570223900543
KBTBD4	0.905623780141908
FKBP9P1	0.904913202814505
SCUBE2	0.904722222287689
TMEM120A	0.902995902122329
IGKV6-21	0.902677017271943
ATF7IP	0.902526672640099
TMED4	0.901807097340399
BCL2L1	0.900830802205951
PMAIP1	0.9005584061873
ATP6V1G2	0.900246162833571
NEK8	0.900179542878501
ATP11B	0.899444573996787
NR2F2	0.898925968476572
SNX19P2	0.898592166684309
WWC3	0.898275455701063
EIF2AK4	0.897792736995824
FOXJ2	0.897709864366733
COPA	0.897340214933221
UBE2H	0.897045268167995
ESRRB	0.896014830069147
RGS10	0.895835082081066
ZNF232	0.894320852025575
ZFAND3	0.894196293554666
P3H3	0.894068931862242
FSD1L	0.893682247159969
PTK2B	0.893445290255484
LTBP3	0.893021349250002
ANK2	0.892084668937593
KCNN3	0.892063177047283
PRKCSH	0.891942982212765
ARPIN-AP3S2	0.89169624401956
NOTCH2NLC	0.891013871926825
CSTPP1	0.88908017130419
IVNS1ABP	0.888834223340497
KLRK1	0.88882540684906
TRIM4	0.888734493341063
PUS10	0.888602236158062
ANO6	0.888430522043652
LIMS3	0.88788551516621
FUT8	0.887880182498632
MCRIP2P1	0.886960182728758
LHFPL2	0.886785590529392
FKBP9	0.886392224790807
MBTPS2	0.885357718712861
RHBDF2	0.885061305482595
ZC3H12A	0.884547968705465
PLTP	0.884115070528716
GRB2	0.883996697321902
PRRC2C	0.883423046463962
LYST	0.88329778208737
GPX7	0.882871437347929
AGAP12P	0.882606358583465
PCCB	0.882210055765507
HTT	0.882184951125092
SCYL1	0.881945621335334
GNA13	0.881842492795063
ARID4B	0.881565099908785
CNOT2	0.881488621067606
IL13	0.881216955389623
ZNF430	0.881151707277746
EDNRA	0.880607053041027
MYO1E	0.879458527499828
HMGCL	0.879029875061311
TRIM69	0.878790287749842
ELK1	0.87854154640508
POLD4	0.878505211407054
PLA2G4C	0.877569616249284
PLXDC2	0.876860745792535
SMIM18	0.876350971246775
KLF10	0.875925445768881
CNN1	0.874693845014271
RETREG3	0.874330317101756
STRN	0.873770365698026
CD99L2	0.873642694694162
DUSP2	0.873179474717221
HOXB6	0.872803509030221
NT5C3A	0.872342381722274
RABEP1	0.871836575411562
MGARP	0.871757251069817
TNIP1	0.871652220369776
CRYL1	0.871413929989596
RASSF5	0.871237461313857
KLF6	0.870703888563445
GID4	0.870042133110517
ATP6V0A1	0.869845735778049
PLEKHF2	0.868910785810212
DCAF6	0.868122525230067
CYP7B1	0.867631197657516
P3H2	0.867560932493568
PTP4A1	0.867168000437888
APH1B	0.86677695778971
PSD2	0.86666244452169
RALBP1	0.866358372923416
C2orf49	0.866344358929538
PIGB	0.866142590004467
UBR1	0.86545175649735
SLC26A10P	0.865190115578524
EIF1B	0.865111367863052
COQ8B	0.864703095642552
TRPS1	0.864007723216699
TMCO3	0.863663215408019
NPL	0.863331781411065
CCDC163	0.862906554168228
CXCR5	0.862087801062339
PABPC1P4	0.861980033455343
DPF2	0.861908071799778
TMIGD2	0.86129558830883
ANGPTL1	0.861292492769947
ITCH	0.860971396856712
EGR2	0.860654372305094
ERICH3	0.860278787235034
IFNAR2	0.859469218511578
COPG1	0.859285736223964
CHLSN	0.859208233018695
IGKV1-16	0.859139454765001
PMM1	0.858987641702702
MYNN	0.858546253568856
WASHC4	0.858488128516844
TMCC3	0.858262919658572
RNF121	0.857899557228373
SEMA4D	0.857803063526281
VASH2	0.856800850717546
HECW2	0.856518416186248
CDK5R1	0.856461969901919
TBCK	0.856420709612069
COPB2	0.856005986380077
MIA2	0.85569684732499
ATRX	0.855399422953023
NAPSA	0.855387712748198
DERL1	0.855010243427772
GPC5	0.854945175832244
MAST2	0.854618131083478
NCKAP5	0.854370247977731
NR5A2	0.854079502793106
CREBL2	0.853462397646378
STARD4	0.853081566128822
WAC	0.852811599011846
IL17RE	0.852500022477316
ASH1L	0.851484517805218
IL4	0.851245523419196
MLLT10	0.850829443861653
NF1	0.849300975577745
FEM1C	0.848904734789811
G0S2	0.848743635947124
ZSWIM4	0.848491142698573
RGS16	0.847734600858568
CHRM4	0.847425822620816
KCTD9	0.847288094516859
NSMAF	0.847047339645591
MAB21L3	0.84638248346332
LYN	0.846327938992647
IFI30	0.844358998835538
PLD3	0.844328503425811
HBP1	0.844267858673092
TREX1	0.843689383859298
E2F5	0.843440003671083
OSTN	0.843336145135562
RNF185	0.843156225263171
DMD	0.842962759506391
CHD6	0.842646992556953
GBF1	0.842097729646403
LYSMD1	0.841140473874809
LILRB3	0.841007943064016
SRGAP2D	0.840330212322515
TP63	0.840112370884917
SFI1	0.840069495773797
GBP6	0.839630481602541
ZMYM3	0.839576023335207
RCBTB1	0.838756095183611
TAB2	0.838601309073648
TICAM1	0.83782907790175
PIGBOS1	0.837784657478683
TP53BP2	0.83748176297849
CCDC186	0.837397643181228
LRRC37A4P	0.83713573785515
IQCM	0.837083145181599
INO80C	0.836951915714237
FASTKD1	0.836779205690626
NUTM2E	0.836489756928733
GPLD1	0.83605043371056
PIK3C2A	0.835092750000302
INSIG2	0.834716997176103
SELPLG	0.834701157348115
CCNG2	0.834561957723863
SLC47A1	0.834397612430455
ZMAT5	0.833735891672019
ADRA2B	0.833621096556282
TATDN1	0.833382027767587
LASP1NB	0.832789192585131
ZDHHC21	0.832786044767702
PIP5K1A	0.832567061538474
STAM	0.8315277584805
DUSP4	0.831305959035858
TCP10L2	0.830603894528571
HGF	0.830475438493892
PTPRO	0.830026675983796
STK38L	0.829732108841105
TFAP2A	0.829482323657874
PHACTR2	0.829053472850924
ZNF518B	0.828838785128602
UNC13C	0.827703810188072
OR2A20P	0.827538956273162
TMED7	0.826781487385765
PFKFB4	0.826300340001585
GALM	0.826280430017222
DENND5A	0.825055832748721
STAG3	0.824625579349217
ATP6V1A	0.824584075220073
MOGAT2	0.824291778479635
CXXC5	0.822898754392529
SERPINB6	0.822808006155317
FOXP2	0.82267368717772
CAMKMT	0.822548909664738
GTPBP1	0.822383214710988
DTHD1	0.822338981691947
HIPK1	0.822176284005517
SP100	0.821831430393247
SNAPC3	0.821532059465227
ADAMTS12	0.821226869880608
SEC24A	0.820850433722802
KRT10-AS1	0.820207209891638
MIOS	0.819906817396533
DENND4A	0.81979497729838
EFCAB3P1	0.819692444986969
PTPN4	0.819474223686761
JARID2	0.819241308291728
KCNV1	0.8191530312666
TRPV3	0.818213852256747
DNAJB2	0.81801775983009
ZDBF2	0.817352941383322
JUP	0.817247892986396
ITGA7	0.817012735874675
DCTN5	0.816907334058155
STIM1	0.816280032041469
ODR4	0.816230097866098
PTPN14	0.81618835755161
COPZ1	0.816182381952971
ADHFE1	0.815221408024899
IFT27	0.814736729752972
CSNK1G1	0.814567458544052
SERPINA1	0.814385664065737
KMT2A	0.814101255240628
AIP	0.812828857241593
DLG4	0.812496807828363
SELENOP	0.812469665898338
BLNK	0.812256040291438
PLXNA2	0.812216795213858
R3HDM2	0.812208683123398
LRP12	0.811972134303108
ABHD6	0.811185608901178
BTN3A3	0.810973219977563
EPG5	0.810620369741046
PAX6	0.810511562759765
BICDL3P	0.809565143198678
GAL3ST1	0.809538412559846
HOXB3	0.80893960557056
ZFAND1	0.808913493080578
ZCRB1	0.807726997435208
AK3	0.807695577252956
PLCG2	0.807262280215939
DCP1A	0.807250684796614
BHLHA15	0.806817177672735
IGFBP4	0.806598668678993
HERC4	0.806409448655056
EVI5L	0.806207170952903
PI4KA	0.806134748563176
SCYL2	0.805321260249721
HERC2	0.804701499667059
SNAP23	0.804382940336573
OSBPL2	0.804285675710518
CAND1	0.804053738141958
CHPF2	0.803771868391861
SUN2	0.802963237960068
VARS1	0.802508374517961
GNS	0.802504481524033
STS	0.802407507116631
DDIT3	0.802132216940022
DHTKD1	0.802089410738587
PINLYP	0.802041334659608
KBTBD7	0.801912921351691
STAT5A	0.801904706562578
ZC3H6	0.801853794250541
MAGED1	0.801243713989988
YAF2	0.800998624715209
WWC1	0.80066844535956
CAMSAP1	0.800478354657717
PRDX5	0.800413232504695
TDO2	0.800256001792813
IL17RB	0.799679840276564
VPS11	0.799558431588547
MBP	0.799487885296659
DCAF5	0.799179845517171
PBXIP1	0.799141379891912
TRIO	0.798949804398637
KRT10	0.798638567967059
BPTF	0.798431769184403
GNG2	0.79729857065828
SLC25A12	0.796972480032288
OAS1	0.796792883527022
ZFP64	0.795712406131193
TENM3	0.795192187956552
OR2A25	0.794687719842655
ZFYVE16	0.794538826369342
VGLL4	0.794282623440017
ABL2	0.793629373669964
MARF1	0.793463871011971
BCORL1	0.793262562131501
IGSF1	0.792464948978943
GPRC5C	0.79242083080323
TCF3	0.792326362025278
H2BC4	0.792319257869241
CLDN15	0.792249146612124
SLC37A1	0.79217600941705
CYB5R4	0.792030166297929
NUP210	0.791992654458653
LCMT1	0.791571287002455
RGS22	0.791303603427324
TCF4	0.791277818991756
IFIH1	0.790992130204525
PLBD1	0.79045504529788
GNG11	0.790423649858244
LRRC24	0.790384720658365
CCNY	0.790190680797758
ARFGEF1	0.789789339519977
NUMBL	0.789736295311944
ATP9B	0.78934945599172
IGLV3-12	0.789079762607585
ARFGEF2	0.788953077171306
SLC30A8	0.7889203618654
PAPOLG	0.788863572808736
MAP7D2	0.788764398142247
GHITM	0.788717211337328
SGCA	0.788396495715479
MAPK8	0.788037197677284
ISY1-RAB43	0.78790756138062
C11orf68	0.787529620824748
SDCBP2	0.787488282398593
NEURL2	0.785266552561684
FAM20B	0.785193583152447
ZSCAN30	0.784887803001052
TMEM59	0.784658002005273
BTN2A2	0.784629449720215
FAM13A	0.784535873811345
OTUD5	0.784299504615536
SEMA7A	0.783292418011851
OAS3	0.782830950473249
SEMA3A	0.781741789198888
GTF2H2	0.781212498171306
FAM169A	0.781206706477571
CD302	0.781167870967589
RNF214	0.78113483133742
TAX1BP1	0.780708386474404
TPM3P8	0.780695833906294
NACAD	0.780403887941361
PAX5	0.780324290303905
N4BP3	0.780226587183581
CD244	0.779833893494533
PELI2	0.779072299083826
AOPEP	0.778581541644584
NFKBIZ	0.778209389324653
RASA4B	0.777607230471546
XRN1	0.777470268387955
NBPF3	0.777431013261072
HADHA	0.777105912661433
B3GNT7	0.77707987624641
PPP1R15A	0.776950002983353
PHTF2	0.776440432214824
STRC	0.776432767459431
WIPI1	0.776227868106107
BNIP5	0.77529408390286
NDEL1	0.774785769809457
CLU	0.774702102404066
PELO	0.774626579638665
PIPOX	0.774598083516511
DCAF10	0.77454122105881
DOK7	0.774414456068389
EIF5AP2	0.774374989818173
BCL2A1	0.77403145739052
NEK7	0.773910427564424
ST8SIA4	0.773375391707046
KDM3A	0.773337079278386
HIVEP2	0.773302582521235
PXN	0.772916362810065
ITGAV	0.772424663573712
TMTC2	0.772329852072437
TNFSF8	0.771705051266038
DNAJC16	0.77039465369063
ACAD11	0.770299001054513
TMEM101	0.770174329169477
ZNF451	0.769971986448312
PAG1	0.769833183791799
DMTN	0.768556780447395
SETD5	0.768553886605239
ZNF664	0.768008766793256
MON2	0.767872058738362
TCIRG1	0.767435488872874
TTC23	0.767013092240254
PLEKHG3	0.76623368432202
ERVW-1	0.765816876473528
JADE2	0.765548798664845
ALKBH5	0.765287256422331
GPR63	0.763916823232767
MYH7	0.763154932749009
INPP5D	0.762482085831716
SLC41A2	0.762461782770356
APOBEC2	0.762447491078788
ZNF775	0.762074543316467
KLHDC7B	0.761950668022621
NBPF19	0.761810467636001
ACOX3	0.761696873319188
CALCOCO2	0.761561828528734
QPRT	0.76083836443093
TMPRSS6	0.76010852513492
PARP8	0.75993873704294
B4GALT4	0.759756313982798
SUMO4	0.759684656793306
UGT1A6	0.759378255353687
TPCN1	0.759015409441304
NUDT4B	0.758808377898464
SHROOM3	0.758758200200429
RUNDC1	0.758695629386571
TASOR	0.758132214771708
SUCO	0.757677369195487
GUSBP14	0.757184527439095
FUT11	0.756890370661052
ZDHHC18	0.756850459051483
RNF149	0.756830357491811
LNX2	0.756385663758685
LINC01347	0.755597950562991
PDCD4	0.755521896178742
LIMA1	0.754911309419277
SEMA6A	0.754562114496228
TEX52	0.754519744175308
HERC5	0.754270319478769
FAM131A	0.753984523782986
BOD1	0.753878022160972
MYL12BP2	0.753487534847136
AKNA	0.753427908762057
PAM	0.753150280480584
SEC24D	0.752964990101215
ETV3L	0.752252952759532
UTY	0.751659357990724
RUBCNL	0.751596155662623
APOBEC3G	0.751285442277208
WNT5B	0.750720461260757
CCR2	0.750003066805143
TLK2P2	0.749513407342683
SNX14	0.748986469249449
FNBP4	0.748963875556956
TUBB2A	0.748876777737047
ZNF320	0.74885089873587
CD47	0.748828825148138
NDST2	0.748760369326697
INTS12	0.748716121462577
NME8	0.748449936654903
MSL1	0.748256850715314
RNF217	0.747846096642147
NDUFA6	0.747842248773482
LNPEP	0.747728846633133
TDRD3	0.745709128349353
DDRGK1	0.745302931632102
MRPL44	0.745244517305929
TLE3	0.744690133351062
IGKV1-13	0.744548591928263
HDLBP	0.744369717233904
CUL4B	0.743312136702151
TOR1AIP1	0.743069319882041
UBE3B	0.743027867892654
ZBED6	0.742854837572734
POLK	0.742235213300575
ETV6	0.742128451104213
TFRC	0.742090509819749
ZNF296	0.74121020782705
NCF1C	0.741135475082653
ARMC9	0.740915209603947
SEC16A	0.740903774058424
GIGYF2	0.740884658674622
PDLIM5	0.740343155257578
ATOSB	0.739960608283207
PLEKHA4	0.739939657492698
MAP4K2	0.739876396223901
RRN3P4	0.73935309751478
BCL3	0.738990878883063
MTCO3P29	0.738627915515946
TMC4	0.738327685690098
SIGLEC6	0.737948727445519
CNIH3	0.737512183424801
COPB1	0.737452295921654
CFAP298-TCP10L	0.73734071753736
ARMCX4	0.73716099583535
LCOR	0.736614156890749
RHD	0.736564921710701
IFT122P2	0.736112586867223
TDRD15	0.736076840863053
CLDN1	0.736073744951055
MOV10	0.735754768774175
LAMC1	0.735140199316791
DGKG	0.735131180654733
MOGS	0.734455669251514
PAM16	0.73436679206031
BET1L	0.734236160411612
SLC37A3	0.734010972465896
VEGFB	0.733955455598024
IL18	0.733932801092891
MAU2	0.733931040176714
OLFML2A	0.733765360822152
MAPK3	0.733466499005427
RHOG	0.733361824610447
GON4L	0.733148849726247
DNASE1L3	0.732672966125411
TRPC4AP	0.732255102066712
PACC1	0.731897860689971
C11orf54	0.731336142947776
DACT1	0.731274552372485
FOXO3	0.731151850934274
SYCP2	0.730429808716827
ASAH2	0.730209516776982
GRAMD2B	0.730046576000568
PMS2P1	0.729938176522383
RBMS2	0.729924480703332
SNX13	0.729894276939165
NUP58	0.729638817230865
ACOT9	0.729485370699343
SIGLEC17P	0.728449607751004
XIAP	0.728419014969383
DSCAML1	0.728311962508723
SESN3	0.728260542465485
CSDE1	0.728045519374677
FHIT	0.72759939846466
EFL1P1	0.727060308824739
FNDC5	0.726253182755151
ZEB2	0.726106928013969
HSPD1P11	0.726074289863281
AKIRIN1	0.725991645223142
GFUS	0.725717391786881
C1orf50	0.725163367751244
FUCA2	0.72506050655453
STRN3	0.724960287853047
KLHL24	0.724742722532174
TFE3	0.72470802765243
POGLUT3	0.724536145546508
HSF5	0.724166004748254
ROCK2	0.724084103714565
SETDB2	0.723366946149056
CCL17	0.722580477949039
DSG2	0.72257846869388
RBCK1	0.722008160539268
TYW1	0.721798011751458
EP400	0.721531315374801
SELENOS	0.721343380611426
BATF2	0.721187331913801
PPFIBP2	0.720279672290355
NOMO3	0.720268061241996
ARHGEF2	0.72017866256137
PTPRS	0.720164768704109
FOXK2	0.720002552047574
IL12B	0.719553692651995
ZNF516	0.718740746868842
AP3B1	0.718696568274394
RPA2	0.718100890835979
GRIA1	0.718049149426519
TRIM2	0.717574896201447
WDSUB1	0.717258667582458
BDNF	0.717005294062889
RPL7P1	0.716585851367952
LRRC41	0.715885396292083
TSLP	0.715855030443131
GTF2A1	0.715772622661272
CA4	0.715621777270291
RELA	0.715412277669915
GSN	0.714118095684239
NUDT16L2P	0.713690225448703
TXNDC16	0.71357480298309
APOBEC3D	0.713534497475132
PTGFRN	0.71334828523365
MINDY1	0.713185058029045
STAT3	0.712184133689437
PCIF1	0.711957743524739
IL1R1	0.711876055550207
IDE	0.711569630988958
RCN1P2	0.711211339480916
PTPN11	0.71112029283225
ZNF595	0.710796537614208
PTPRJ	0.709964089480028
IFFO2	0.709400956461222
KRBA1	0.709140760145925
TOR4A	0.708735495227062
MARCHF6	0.708578162321222
MAP7D3	0.708574484518775
GATM	0.708279474573875
ZNF585A	0.708216371745071
WNT11	0.708075226892282
GOLGA5	0.707924648889473
MIB1	0.707417702656216
ZMYM4	0.707381002224403
CPEB2	0.70671759251393
GLIPR1	0.706545010521875
NINL	0.70631580538244
RNF213	0.706153659863238
SETBP1	0.705857898762311
ENPP4	0.705686137579392
CMTR1	0.7054926752858
FBXO7	0.705426866112114
CLEC2D	0.705254190091357
DNAH7	0.705073863435909
STAT2	0.705029204445705
MIGA1	0.704701571301967
DAD1	0.704642986878225
SLC14A2	0.704610804102717
PKHD1L1	0.704587599688308
ANKRD17	0.704528626411241
GAB1	0.704489605584577
EIF4A1P4	0.704083467926441
MYH3	0.703599072169569
NPM1P27	0.703517231565159
GBP4	0.703211022958568
LCORL	0.70311564156823
NFIB	0.702731612701142
IGHV3-49	0.702559107009067
SP140L	0.702290901425819
ZBTB48	0.702264053825411
UBA5	0.702239802408813
IL7	0.701711311858867
STARD8	0.701506390286985
NTAQ1	0.701486482643611
R3HDM1	0.700920105207263
AKAP7	0.700654793608351
ZFYVE26	0.700281889853762
LGALS14	0.700071737217277
ABCD2	0.699441416671174
LRRC37A2	0.699365169271181
SNX27	0.699359560943077
FRMD3	0.69922624710662
ELOA	0.699092032749613
OSR2	0.699000843710931
PARD6G	0.698762434965024
DUSP8	0.698615336134547
BTRC	0.698584978073202
HINT3	0.698535320080981
EPB41L3	0.698340734453083
AACS	0.698279737750064
LITAF	0.697965919245698
RASGRP1	0.697610785547826
GPR137B	0.697499905598043
SYNGR2	0.697282409057191
UTRN	0.697032056154282
TBL2	0.696924392307259
SLC25A51P4	0.696685597453094
CEP170P1	0.696392571976719
SHF	0.695912852518526
FILIP1	0.695887998807358
CLEC16A	0.695658487923941
MAPKAPK2	0.695572188398598
ZNF133	0.695559539759123
ALKBH7	0.695266140669128
OPA1	0.695177530350468
GAPVD1	0.6949871623996
TMEM131L	0.694574882576661
PDLIM4	0.694463908177169
PIGW	0.694389344635682
TRIM33	0.694358322819492
MRPL10	0.694303861014585
CHD9	0.694273301600073
EXT1	0.693605648317919
EFNA3	0.692311469496179
CLYBL	0.692020787662452
CREBRF	0.691694841054843
B4GALT3	0.691339945207579
CDK14	0.690844897344441
MTCL3	0.690567462242101
HSPA13	0.690453482306451
CXCR2P1	0.690079359555045
ZNF624	0.689406026616534
PIGS	0.689064735695901
PLEKHG6	0.688488213257503
PLD5P1	0.687978660556964
IGSF6	0.687590913937006
SGCE	0.687480417630409
SLC15A3	0.68745213288417
CYP2C8	0.687378297574328
FHIP2A	0.687376833989745
AFF1	0.687362434293657
AKAP9	0.687322139435301
BLTP3A	0.68698773962419
ABCB7	0.686876552244922
CRYZ	0.686805901167248
OTUD7B	0.686305022639913
UBXN7	0.686211261256365
HIC1	0.686058306439147
NME3	0.685857806127403
TSC22D1	0.685591107248855
SLC16A11	0.685374623266231
MCM3AP	0.685102997359114
FLVCR2	0.684885818195749
ANGPTL6	0.684567805652962
MTRR	0.684527274384243
KIAA0232	0.684388823557423
TGDS	0.684200564169073
ZNF496	0.684033753035525
FBXL14	0.684020234716948
C21orf91	0.683816482025897
ATF2	0.683792464949524
PCNX1	0.683671476996902
DHPS	0.683640290057366
TTC24	0.683609457345354
NPAT	0.683211917076644
MORN3	0.682983149470578
CLIP2	0.682307793415807
SLK	0.682273079148901
DNASE2	0.68218570680108
CMTM7	0.681798680902398
GALNT7	0.681649338378467
SLC35B2	0.681345795570402
SLC15A4	0.681318164190754
PDX1	0.681196649083432
MAP3K4	0.680147487173721
ASS1P1	0.680142639349929
ADAM19	0.679976793160404
TMLHE	0.679865935328738
RIN3	0.679375101265351
PCNX2	0.678718049838979
PMS2CL	0.678495153234005
C11orf21	0.678149878851869
TMEM134	0.677838980656669
AFTPH	0.67747161165942
USP6	0.677340439991575
TSPAN33	0.677258398909748
RGS1	0.676914854662674
TMF1	0.676563026524965
STX17	0.676437262833947
MYO9B	0.675879835391778
ALAS1	0.675839809791668
MED1	0.675812038590066
HCFC2	0.675799078808917
OXR1	0.675461809338187
RUNX1	0.67527278719091
GEMIN2	0.675110440826171
NBPF14	0.674993931335581
ADAR	0.674568549810854
SELENOT	0.67449060989684
PYGB	0.674385594153098
ZFAND5	0.673969034860983
MED15	0.673833011548941
UQCRC2	0.67344742094079
PPIAP22	0.673404780276579
PURA	0.673146917005802
ADAMTS13	0.672637028360057
ERLEC1	0.672573043739339
TIE1	0.672417529259921
SMG1	0.672382169974857
SCFD1	0.672203022806003
MSR1	0.67171176752387
ZNF831	0.671431928217831
SNRK	0.671003495594303
CSNK2A1	0.670954544582638
ICAM3	0.670867008404524
PRSS51	0.670776053850367
CYB5R2	0.670487194262902
ARHGEF35	0.670345356383008
SERINC3	0.669496484984871
WSB2	0.669281116215143
TGIF2-RAB5IF	0.669031015633176
SON	0.668860361150785
SPATA2L	0.668579081639328
TRIM37	0.668472880266591
TMEM87B	0.668472747681694
CABIN1	0.668278442747387
ARHGEF17	0.668138844376069
USO1	0.66774493263915
EPAS1	0.66746677772316
NDUFB5	0.667388354397513
RAMP1	0.666692404064684
TRAF3	0.666654082083061
RPS3AP38	0.666323856387565
KTN1	0.66561760484455
LPXN	0.665223945707519
ATP13A4	0.664961101065853
CORO1C	0.664782673606633
IL18R1	0.664681071512332
MAPK6	0.664595045887777
RNF113A	0.664486442799254
PTPRA	0.664361267437944
NSRP1	0.664316535833668
BTG2	0.664120309489366
CACNA2D1	0.662866309690379
TCL1A	0.662377337635165
GALNT2	0.662270941271902
DNAJB9	0.662232803777348
PNPLA8	0.661968998311832
EMILIN2	0.66163766323051
UBAP1	0.661331513119198
CD209	0.6613286700415
VPS53	0.660927031936103
MYC	0.660774029640391
USP32P1	0.660524048783437
ACAP2	0.660183996408812
PTPN22	0.659916545637867
ADAM17	0.659899265282308
PTPN1	0.659792638628044
NBPF6	0.659592711663721
PGM1	0.65946849955725
SYS1	0.659188181023465
VAMP7	0.659062725539281
C6orf62	0.658992283162419
PPM1J	0.658362750056693
LAMA3	0.658229782553316
MAN1A2	0.657461954835544
PCDH11Y	0.657347360478616
CDK6	0.657212830582879
SLC35E1	0.65707900676718
SMUG1	0.656257183132952
TAPBPL	0.656105650993744
LMAN1	0.656098890611256
CD2AP	0.655664327900208
TNFSF11	0.655483843882806
ESPNL	0.655183838004874
NR3C1	0.654681015065167
CWF19L2	0.654504404238375
RBBP4P2	0.654475535250155
ZNF791	0.654079680927792
ZNF714	0.653506451326471
LAMP2	0.653274904498718
SENP5	0.653237680249911
ERV3-1	0.653142310141675
ZBTB21	0.652954508130932
ABCA10	0.652673059821738
ACTR6	0.652434297724181
NCOA2	0.652308132035843
NIPSNAP1	0.652107734440286
VPS39	0.651801593929497
NGLY1	0.650906637797997
TRIM23	0.650846846300749
ZBTB33	0.650690082809305
ATP5MC2	0.650624599355417
KLHL6	0.650323226889226
NRG2	0.650196610093769
SLC31A1	0.650165302711307
IDS	0.649813733564179
PER1	0.649806933082015
CDC73	0.649218011666631
RRBP1	0.648774734490688
UBR3	0.648695358945514
CD72	0.648633428889659
PGAP1	0.648614720995904
MAT2B	0.648294222562622
C12orf76	0.647892506120166
MAK	0.647842716211703
PYCR1	0.64768111441774
MEGF8	0.647585613845907
COL4A3	0.647349180729162
FSCN1	0.647091679231321
RPS6KC1	0.646692557229979
RECK	0.646621545052481
ARAF	0.646373373385086
SPIN2A	0.646370522389867
KLF5	0.646134048553174
LAPTM4A	0.645984464712797
INTS3	0.645711087641188
ASXL1	0.645649757231119
GALC	0.645592776379713
C1orf174	0.645300801734743
GIMAP4	0.645275730405664
ZNF623	0.645180392714535
KIF5C	0.644824227829077
WDR26	0.64465110590985
ARK2N	0.644532325750882
CDC14A	0.644185783434237
ZHX1	0.644103855017382
NRBF2P5	0.64403121293519
RAB6A	0.643798623457107
ZNF25	0.643693230382984
SPATA21	0.643607259560091
CSGALNACT2	0.643343503756688
TMEM120B	0.64328758698974
TMED5	0.642713471812306
TLN2	0.64224542071353
PWP2	0.642107353175402
ZNF804A	0.64185195820128
ACTR3C	0.641541685584626
CHDH	0.641480548573078
NUFIP2	0.641282996927065
ATP2B1	0.641215951665315
SHPRH	0.640874246333763
ITM2C	0.640687315078663
FOXN2	0.640515474660793
GEMIN7	0.640257537855277
CTDSPL2	0.640220333560151
SEC61B	0.640196822889946
ATG4A	0.639935301590053
NSA2P5	0.639768065323622
ACTR8	0.639483399448949
BIRC2	0.639149835292746
IGHM	0.639046273618676
CBL	0.638964014054751
TYROBP	0.638069929359928
TBXT	0.637996797307579
PASK	0.637588553854605
YY1AP1	0.637578127905129
TGIF2	0.637364492716568
GOLGA3	0.637293556116499
SPAG1	0.637290830575743
TSPYL2	0.636805090428617
PBX3	0.636626248622331
DHRS9	0.636567531076646
CNOT4	0.636555428888915
WDR47	0.636541415941029
LIPA	0.636220709659379
ZNF420	0.635820888244195
TMEM130	0.63489513157477
HS3ST1	0.634382132932733
HMX3	0.634226741535097
CD274	0.634018756672401
GFPT1	0.633792134624529
PTK2	0.633068064407713
SLC39A11	0.633026489233612
ANKS1B	0.632906774446869
RNF216	0.632854152614937
MTND4P15	0.632704123452206
RAD51B	0.632589459590437
CCDC69	0.632317538727002
NCSTN	0.632187162591389
MYO9A	0.631882593770545
GPX1P1	0.631455070125406
CTSD	0.631012248598948
CYBRD1	0.630999548432118
SEC14L1	0.630965050202621
ZNF574	0.630600330445099
TRAPPC10	0.630558098410213
SENP1	0.630415050414969
DOCK10	0.630338076540506
SEMA6C	0.630112424323755
NAPSB	0.630053733327538
EEIG2	0.628674404043877
CCR1	0.628638387606387
TLR7	0.628590249324203
ANO10	0.628563238069272
PKIG	0.628557232692261
CCDC81	0.628441589212474
FER	0.628024617946503
R3HDM4	0.627943857161523
CLCN4	0.62790396961853
MAP3K2	0.627671612836961
RIC8B	0.627561842867222
ASB7	0.627466438807497
CD69	0.627349432694017
H3C6	0.627300964883175
SMIM24	0.627049320005841
A1BG	0.626833201930817
HYPK	0.626823400359267
VWA8	0.626767616490214
TMBIM4	0.626698194689041
FAM114A1	0.626604654575745
XPNPEP2	0.626550072397728
FCSK	0.625851457120136
FGF8	0.625591561433885
IFNGR1	0.625551451246568
WASL	0.625353862642191
OSBP	0.625131203041762
DCC	0.625106755499599
SNX25	0.625064874367191
STIM2	0.624822406484267
MR1	0.624634472280088
POU6F1	0.624555432678722
CALU	0.62411011151416
SH3KBP1	0.6236635176937
POMC	0.623552594405749
NCOA7	0.622442260548011
FAM72C	0.62237058594059
EPCIP	0.621810027182067
JAM2	0.621635652186105
HTRA2	0.620859746173668
STAT1	0.620845164928803
SLC26A11	0.620526433053682
MAP3K10	0.620435021570454
SNX11	0.620215122296542
CCDC28B	0.62013919026455
VMP1	0.620081837769292
CCL2	0.62000027464024
NOXA1	0.619418524295223
SMAGP	0.61938896714289
SENP6	0.618074830025178
GAPDHP62	0.617553827691513
OAS2	0.61752420283855
DCAF7	0.617174330696942
HMSD	0.616859913189421
DYRK3	0.616641596916689
TBC1D15	0.616496172178023
SORCS3	0.616430123922638
SSR1	0.616235106566355
HOXB4	0.616073836000885
RUNX2	0.61592970030916
GNA12	0.615150391852742
ANKRD52	0.615027408202698
SETD7	0.614635183770459
APBA3	0.614450902089087
PROZ	0.614384976184424
MGA	0.614112635980824
CLDN12	0.613963822868883
ANXA1	0.613808180686536
KCTD20	0.613561782545321
XYLT1	0.613559230900398
PSMB10	0.613248109893941
STAU1	0.613178162309457
SERPINB10	0.613105408749758
LRP10	0.613007887676124
SMCR8	0.612985217065783
AGPAT4	0.612639300457618
USP8	0.612108205801846
H4C14	0.611924485650541
ZCCHC4	0.611797673327651
MEGF11	0.611649735978644
FOXJ3	0.611175697420874
LRRK2	0.610867607974816
MYL6B	0.610847434185788
RCOR1	0.610806443815896
CNKSR3	0.610463505028241
KCMF1	0.610440341448038
DNAAF19	0.610338786473451
SPRN	0.610066164380148
ZNF24	0.610024566428813
SLAMF8	0.609670214405711
GPR107	0.609503045085911
DYNC2LI1	0.609399679430613
PLEKHM2	0.609236773388268
RPGR	0.609156638174818
CEP19	0.6089528527095
KRR1P1	0.60847129032392
CDKL3	0.608413474476839
TTBK2	0.608164971149903
TMEM182	0.607876526266873
TMCC1	0.607648368271671
CCNI	0.607306360523373
TBC1D17	0.60700897294579
POLR2M	0.606892484146858
TPP1	0.606793069583376
PRKD3	0.606784235738315
SLC25A24P1	0.606633527033077
ATL2	0.606555908983367
PARVG	0.606493547807626
NCALD	0.606402724843731
GSTM2	0.606320267685379
EDEM3	0.606211790562275
CALML6	0.606158315908323
OSBPL3	0.605973339136918
METTL22	0.605637304511185
RFTN1	0.605585290023818
MPEG1	0.605520910412768
SNAI3	0.605417073434116
KLHL9	0.605349126480935
TIMM23B	0.60531154522051
SERINC1	0.604797672122989
CRELD1	0.604513408506704
HDHD3	0.604491232522553
TBCCD1	0.604361176970746
ACP5	0.604129022168585
RPL7AP75	0.603997819520859
AMD1P3	0.603882137987727
IGLV9-49	0.603645538386365
ZNF222	0.60338281612562
SOCS3	0.603119710301067
ZNF14	0.603070155316274
PFKFB3	0.602649411780028
SMAD4	0.602431274201453
EEF1A1P24	0.602279178956227
NUTM2B	0.602275468251717
IQGAP2	0.602227013882426
RNASEK	0.60213023558116
ZNF160	0.601390778910645
NONOP2	0.601264457009377
IGHV3-53	0.600921734714109
ACTG1P10	0.600603440516802
CCL4	0.600552525963256
RAB43P1	0.600292014238333
FAM72A	0.600057673676076
PDZK1	0.599943291259588
RNF224	0.599863762957813
SHE	0.599815234576807
AQP3	0.599555861104243
RALGPS2	0.59936390086444
ACO2	0.59908755735952
MID1IP1	0.598876048319986
RASGEF1B	0.598863774705134
SOS2	0.598736233618894
BTBD1	0.598706825731712
BTBD9	0.598491644158857
RPL39P41	0.598377934931498
RAF1	0.598350845271902
TEKT4P2	0.597538586626525
SLC19A2	0.596873176853631
ZNG1E	0.596610273428578
DCP2	0.596551457851188
P2RX5	0.596543035876614
DDHD1	0.596387613985779
ITPR2	0.596311265480711
ZNF254	0.596187721282453
TRPM7	0.596156681893714
XPR1	0.596115413154403
GLIS3	0.595879520984566
GDI1	0.595714095089901
MBTPS1	0.595609558615568
EFCAB12	0.595434667931506
UTS2R	0.595257766646761
LAG3	0.594760817587011
CLIC5	0.5945662655835
IL21R	0.594209331351619
SPRYD3	0.594125441932259
FKBP14	0.594001499662657
CAB39	0.593893044733599
SCARB2	0.59365425168678
OVOL1	0.593365360397328
YIPF6	0.593288607713393
NOTCH2NLA	0.592822051193862
HERC1	0.592408269290937
GATAD1	0.592346710049951
SNPH	0.592036041295188
ACOXL	0.591481542321815
RPL17P24	0.591453986108542
TBC1D25	0.590985875922459
BOLA2P2	0.590675604074385
SETP9	0.590214236240569
PDE4DIP	0.589849012199487
RPL17P50	0.589712524007139
TRIM59-IFT80	0.58966035565969
FAM120B	0.58921978332854
ITM2A	0.588616151983994
PIP5K1B	0.586742899121464
DDX60L	0.586555713551656
EEF1A1P38	0.586521637645786
PPEF1	0.586112774166657
TUBA4B	0.58587919880929
DOCK7	0.585054791133747
TRIM56	0.584764385220442
ATXN2L	0.584743686496066
B2M	0.584119055740917
ERLIN1	0.584076097107619
AXIN1	0.584058678723163
OSBP2	0.583533340498197
RAB27A	0.583224866174691
PITPNC1	0.582912435865052
STK4	0.582747634918359
EHD4	0.582085625014526
SPAG7	0.581961961034117
ATP6V0C	0.581845732429632
CKAP4	0.581535662733778
SPATA13	0.581460672067738
GMCL1	0.581214589868082
HPS4	0.581125368102458
DTX3	0.581085145575403
TAB3	0.579532522642449
LARP4B	0.579224208654927
HTR2B	0.578728714246252
ARK2C	0.578712739175535
ZNF264	0.578598469444087
MVP	0.578549065513877
TTN	0.578331034353477
PTPN6	0.578038838047317
SDC4	0.577819365098576
KDM3B	0.577562484267665
PIK3R1	0.577528773897966
CYP27A1	0.577338408596732
SPINT2	0.577320384443522
CXCL8	0.576913483752853
ATG12	0.576717964342499
BASP1	0.576409260610095
OR1D2	0.575836531427588
INSYN2B	0.575834920516105
NAB2	0.575194002808852
TCF20	0.57501330850317
PTPN23	0.57494490858372
PLXNA1	0.574569531875129
ZNF687	0.574459521824718
POU5F2	0.574389385540054
SLC25A36	0.574322337651644
SLC7A6OS	0.574171037225604
CARD11	0.574065830134166
ZNF845	0.57400388404203
STXBP6	0.573992550877294
GYPC	0.573716339632668
OSTM1	0.573149552745891
CLEC6A	0.573121679428721
ZNF230	0.57302020555265
USP37	0.572640017971384
XPNPEP1	0.572457502466169
KCNJ6	0.572399631411492
CSF1	0.572230197755199
CREB3	0.572069093994836
CASTOR3P	0.571865199157559
CTU1	0.571164844987206
RP9P	0.57071189158015
CCS	0.57070384105606
UBALD2	0.570387289210106
S1PR2	0.570238305329912
NSD1	0.570204836667318
NT5C2	0.570054410870386
UPK2	0.569967039742362
LRFN1	0.569851034176618
PIAS2	0.569804055491653
SDCCAG8	0.569264880137788
LRIF1	0.568890348334746
NFATC4	0.568799682193122
SLC35A2	0.568730443521807
RASGEF1A	0.568464454302602
C1orf43	0.568242743686018
RPL23AP53	0.568192842297465
MBD5	0.567883061435408
AFF3	0.567864609811294
ZNF227	0.567615674164605
SLC24A4	0.567287260121934
CEP162	0.567079151675266
CRKL	0.567035168999381
ALDH18A1	0.56672993531118
LMBR1L	0.566238881228466
BASP1P1	0.565810095753797
VIRMA	0.565754293887807
MAFG	0.565714994741608
ABCB4	0.565600164665176
RGP1	0.565567157259869
INTS2	0.565561964079408
SLAMF6	0.564863216346684
TNK2	0.564649254243828
ASB14	0.564453863578747
SNRPGP4	0.564441633230228
PCMT1	0.564420816166067
KIF5B	0.564359643890378
RILP	0.563580346566547
ANKHD1-EIF4EBP3	0.563390039473948
KCNJ3	0.562844046575558
KAT7	0.562780894496598
CDKAL1	0.562622449164834
DMKN	0.562314718092372
MEF2D	0.562207141217984
TUBGCP3	0.561787551291637
PIERCE1	0.561647772196124
AARS1	0.561560401951587
FAM3A	0.560619789267025
RUFY4	0.560591009212816
CAMTA2	0.56042371832699
ZNF415	0.560310519255317
DNAJC14	0.560023729840523
SEMA4A	0.559996493246631
STEAP2	0.559786489370014
ADAM21	0.559763827226719
TRAPPC8	0.559485261600055
TBC1D2B	0.559117673069288
TDG	0.55907954709452
F11R	0.55902286521859
RPL23AP60	0.559015410760518
CNOT1	0.558163295990821
XPO4	0.55816225283579
PDK1	0.558060181710052
RAB39A	0.55800644385998
CUL5	0.557518224586505
TOM1	0.557135549362371
RAB2A	0.557070688331068
NAIPP2	0.555958354497073
RAPGEF3	0.555737678299704
ASB2	0.555269139720881
FYCO1	0.555218554940245
GUSBP2	0.554878260838054
SPATS2	0.554256842884261
COL4A4	0.553721054565684
ATP7B	0.553581909788155
DNAJB5	0.553518074581415
SRP54	0.553396917491398
TERF2IP	0.553337985553303
MAP3K9	0.553303958569835
RARG	0.553102420315513
LGALS9B	0.552832502521163
GPR180	0.552693443939921
KATNIP	0.552618999788898
EEIG1	0.552419559424767
SEPTIN7P14	0.551631450305878
SYTL3	0.551564527646667
CD46	0.551534419842272
CHMP7	0.551528048708036
TNFRSF8	0.551397100491283
RHOBTB3	0.55131126250888
GOLT1B	0.551154844256788
POR	0.551144617030873
ATM	0.550746870146106
LIPN	0.550733558956743
PPM1A	0.550594502537153
BLOC1S1	0.550510269122979
PPP3CA	0.550198197709686
NANOS3	0.549913964592784
PPP1R7	0.549857350503312
NUP98	0.549563133942157
EBF1	0.5491813165521
NEURL3	0.54910810265865
TNFSF9	0.548193302154859
RMDN3	0.548120950034331
PRDM1	0.547402477354789
CHMP5	0.547232708670462
APLN	0.547134744148056
CCNT1	0.547002559661054
INHBE	0.546807169659408
SLC33A1	0.546641893550583
ZNF610	0.546584508752803
GLT1D1	0.546561311009104
PCSK4	0.546045087432269
MYOT	0.545813922306124
CELF6	0.54563389986948
PLAUR	0.545474009103927
RBBP6	0.545009363846416
MPV17L	0.544970900890373
SARDH	0.544897489339433
MFAP3	0.544686817473325
PTPRD	0.544626378330988
SAP30	0.544443264921332
UBE2Q2P13	0.544146359195385
AGFG2	0.54412515567672
ARMC7	0.54397795313265
MRPL14	0.543953734061383
SLC5A3	0.543327311326629
WDR44	0.543158260900433
QSOX2	0.543069956185121
WNT5A	0.542940304672229
NPIPB15	0.542612134319089
PTBP1P	0.542462280756903
SLC7A7	0.542104334838431
INPP5A	0.541966070127482
ARHGAP5	0.541719250860817
GSAP	0.541585849737921
IPO7	0.541364587485771
FCER1G	0.540778249377848
CLK1	0.540420762490514
TBC1D26	0.540267436149673
PIR	0.540259916611944
ITPKC	0.539877888782389
SMG6	0.539711741777821
NCR2	0.539667222992949
KDM2A	0.539538253595696
SLC9A8	0.539442004163678
GPRC5A	0.539408682354611
CCND1	0.539171556159315
HSPA9P1	0.538764929356596
CEP170	0.538717083770043
CTSZ	0.538537018802451
JAK3	0.538459722626789
MED9	0.538407612625925
TUB	0.53828453020686
RAPGEF6	0.538283808743984
ZNRF3	0.537561892184021
EPB41L5	0.53751669217226
HERPUD1	0.537457970012157
ZBTB2	0.537336488523293
GADD45G	0.537257079704127
LY96	0.536823309922223
KCTD21	0.536611373295137
SERPINB8	0.536552861880379
IGKV3-15	0.536503226963235
ZCCHC9	0.536445209660555
ALDOB	0.536411274864554
PHLDB3	0.536133646965848
GPR146	0.536050513459807
KLHL2	0.536043863895756
ACSL1	0.536043596219945
MARS1	0.535463505568577
PA2G4P4	0.53541561996185
ATP6V1D	0.535391203587408
SYNRG	0.535375029402719
PIK3CB	0.535249535029721
CSF2RB	0.535200639551018
TPST2	0.535138516162082
ZBTB46	0.534309953892428
CTDSP2	0.534289212604001
TNFAIP6	0.533892165455797
TMEM128	0.533775846217392
EIF4A1P10	0.533700817834448
OS9	0.533492088065178
EPS15L1	0.5334014285122
CD37	0.533396156482157
FBN1	0.533316583109438
RNF103	0.533036378630979
WDR31	0.533024741301761
TBC1D27P	0.532915816489896
SFXN1	0.532875374910633
CST7	0.532774608969599
POU2F1	0.532718654576163
AKAP10	0.532425600770517
ZP3	0.531988648634152
CASC3	0.531955901209432
URB1	0.531938871929832
GPBP1	0.531885534333395
LGALS1	0.531340435475688
EAF1	0.531117447573133
ZNF660	0.53106106509762
FKBP8	0.530724951197415
LRSAM1	0.530676981393143
EEPD1	0.530617799281136
CNBP	0.530608449417719
WDR13	0.530594036906436
SLC2A5	0.530350551316873
AFAP1L2	0.530185983191704
TSPAN11	0.530146806471005
SERPINI1	0.529996771100898
ZNF578	0.529712523387835
RPS26	0.529539801104718
TIGIT	0.529045317855313
SLU7	0.528384390876512
IGKV1-12	0.528097114827991
ARL8A	0.527759537024972
HARS2	0.527241854953237
MCEE	0.527123826061019
PIGT	0.527112737351262
RBM19	0.526771014815709
RANBP2	0.526438678994916
KLK2	0.526337252805169
NIBAN1	0.526324573646518
PIBF1	0.525900451348039
RGL1	0.525895712174583
TRAF4	0.525640570891537
PLAG1	0.525548333205993
ZUP1	0.525471995793165
U2AF1	0.525302024719702
CD276	0.525063430467122
JMJD6	0.524953643773021
DTNB	0.524899696955469
ZKSCAN1	0.524853545305463
IQCB1	0.524693197725007
LAMP1	0.524690133387741
ACAP1	0.524536543667757
MPPE1	0.524245579017544
SPICP3	0.523851668900449
ACSM2B	0.523765453872804
FYTTD1	0.523718316051698
PNRC1	0.52348621779913
PRRC1	0.52321002925031
PLB1	0.523207680429361
PPIAP53	0.522881893833894
DPYSL4	0.522438102873265
GAK	0.521663510659479
MGRN1	0.521608681123842
CRIP1	0.521510374776949
COG6	0.520938115285362
TCEANC2	0.520686209988221
TSPAN31	0.520582677506723
SRP72	0.519834329787467
PABPC3	0.519625090155232
POC1B	0.519435131035361
SPECC1L	0.519394603324939
CEP112	0.519391315921326
OR5AS1	0.519266471672983
WRNIP1	0.519140920946373
ARMCX3	0.519094290180195
KPNA6	0.518501778444936
MAP2K1	0.518344372024667
SPCS1	0.518144506232672
MYO1C	0.518106324866411
SCAMP2	0.51714735035565
MACC1	0.517116396422629
TNFRSF4	0.517036240537489
SLC25A40	0.516958982192341
EDARADD	0.515953132731084
GAA	0.515610574187124
GOLM2	0.51492346892317
FRK	0.514901565127062
PRCP	0.51477141072958
IPO8	0.514746264434506
MAPKBP1	0.514471426793337
SYT15	0.51442477969502
ZNFX1	0.514117273215256
ZCCHC2	0.514116662935157
POM121	0.514013853743066
TP53TG5	0.513224869391301
ARGFXP2	0.513012302591244
DHDDS	0.512941047713065
TTC17	0.512538320599372
TOX3	0.512049363554008
NDUFA9	0.511429536781696
GTF3C1	0.511314911205159
SMARCC1	0.511041528860919
FBXW4	0.510961049233776
HSF4	0.510878220526165
NUDT4P2	0.510641386206422
ANKRD16	0.510393973755221
GARNL3	0.510182554627725
USP12	0.509764257498899
ADGRG2	0.5095315138427
TMEM9	0.509426882376344
EOMES	0.509275523892189
DAPK3	0.509196838380082
ZFP36L2	0.509166104922829
LEMD3	0.508979366852015
PLAU	0.508756379065618
NAA30	0.508411191578832
SLC2A1	0.507315978155746
EFCAB14	0.506915754163852
MLXIP	0.506786361668817
UBASH3A	0.506558467462664
PARP4P1	0.506454292244184
IGHG3	0.506378546412043
SIDT2	0.506334277040805
CTSS	0.506253812535388
B4GALT5	0.506223643908451
SOX5	0.506135153944268
TM9SF1	0.505582296190962
FTH1P7	0.505321175450574
UBE2L6	0.505291197500022
ANAPC10	0.505274807316321
SLC25A25	0.505147704905637
YIPF5	0.505090382374377
VPS33A	0.504929889958502
USP11	0.504837917077279
YIF1A	0.504651935089117
USP30	0.504448289325283
ZNF438	0.504221049321209
STIMATE-MUSTN1	0.50398385408722
GLYATL2	0.503702909678751
MMP15	0.503512707968435
SMG1P2	0.503464815751136
DUSP18	0.503390565134947
RNF183	0.503325242100646
FGFR4	0.503268158578976
INVS	0.50321963332408
SGPP2	0.503078597106572
RESF1	0.502886697758261
NUDT4	0.502688084194845
SIT1	0.502619382034621
EGFEM1P	0.502111429048848
NPEPPS	0.502108164736705
SLC27A5	0.501983760084856
ZNF407	0.501962218507595
TGFBR1	0.501924237293002
PPCS	0.501733339180484
SLC10A7	0.501353654221018
NUDCD3	0.501206232094476
ABHD12	0.501009078964993
RRAGB	0.50096291914371
CHST11	0.500933974964937
CCSER2	0.500928549183195
TRIM6	0.500839022764793
AMMECR1	0.500820624464001
INPP4A	0.500682322789127
MAP1LC3A	0.499506216136041
SLC35F1	0.49940387734247
UGGT1	0.499342792979496
ALOX15B	0.499017567626963
WSB1	0.498403529674412
MEMO1	0.498075236218633
TNKS1BP1	0.498024092799773
IQANK1	0.497843569449698
N4BP2L2	0.497707087253646
ZC3H11B	0.497609235658468
ABCB1	0.497607420897883
BIN2	0.497216812483405
DNAJC3	0.497194780403198
STAG2	0.496571776160129
KNTC1	0.49640841166462
TRANK1	0.496309680947173
GMEB2	0.496259541536378
RYBP	0.495839511780021
CTH	0.495772983521711
NEUROD2	0.495732311152171
ZFAT	0.495630642614001
GIPC2	0.495433147098371
ARL6IP4	0.495301035422816
B3GAT2	0.494934108614285
CEP290	0.494877128104996
ZNF157	0.494712142473232
CLLU1-AS1	0.494488778166952
CHRNA5	0.494201995529109
NRDC	0.494182520474129
AUH	0.493979547052536
SOWAHD	0.493957078004887
APELA	0.493921656929377
COL19A1	0.493838458584685
STOML1	0.49364649378194
DAAM2	0.493644235190141
PLA2G4A	0.493618926847214
YME1L1	0.493538494122471
EPB41	0.493460311658792
LDC1P	0.49276552323245
VPS13D	0.492670599795544
RAB28P5	0.492643062037225
TCP11L1	0.492457153436136
MOSPD2	0.492331467498062
SLFN12	0.492212505994707
IGKV1-8	0.492198788482657
STMN1P1	0.491452435698419
IKBKB	0.49122279707331
DENND4B	0.491149060119908
CERS4	0.49111122291214
APOL1	0.490988972037798
CMTM6	0.490584257509854
PTPN12	0.490243497918335
ZNF322	0.490232338356188
DAZAP2	0.489782433803829
KDM6A	0.489660664644486
CACNA2D2	0.489645788278626
NUBP1	0.489626821726658
DUSP5	0.48943576138119
KIAA1614	0.489355382471932
SKAP1	0.489291929378471
ZNF529	0.489272348788261
TNPO1	0.489040367812985
UBE2R2	0.489035413504659
DOCK11	0.488955147813499
FAM30C	0.488815281622308
PPM1B	0.488787412908728
NR1D2	0.488461726780113
LGMN	0.488385968194124
PRR23E2P	0.488385134331923
NUMB	0.488086139638045
ZNF334	0.48796809381584
ARL1	0.48788985936726
TOM1L2	0.487850650735902
PTMAP2	0.487703901309342
EMID1	0.487633008418457
RGS13	0.487351245073648
RRAGC	0.487187251353571
DYNC1I2	0.487068757292975
CYB561	0.486994907449026
FOXN3	0.486883323498961
CRTC3	0.486783700145375
BCL6B	0.486665524656791
MYO15A	0.48657999224512
NT5M	0.486287996363921
PRRT3	0.486239987866715
UBE2FP3	0.486190417346022
PCID2	0.486131488965047
NEIL2	0.486086687762698
FES	0.485939572258862
SLC44A2	0.485689745814843
CDRT4	0.485658676198415
RIF1	0.485597797080301
UBE4A	0.485561842484505
CDCA3P1	0.485405186525953
KIAA1191	0.485376909780999
PDE4DIPP4	0.485146234564364
VCPIP1	0.484664044565224
ENPP5	0.48451734001047
BRCA2	0.484417167615616
NIPAL4	0.484320239394864
MBNL1	0.484282587696363
SPDYE5	0.484241464243287
YES1P1	0.484003541260112
CD40	0.483870726015869
DZIP3	0.483757838728407
LHFPL6	0.483655805288156
ACCS	0.483388963889683
HIPK2	0.483353159668966
RAB3C	0.483227383183888
RPL23AP64	0.482904403225101
DNAJC5	0.482644573708234
NTRK2	0.482293795218517
RELB	0.481830083721128
GGTA1	0.481827857482785
ANKRD20A10P	0.481604443670911
SAMD5	0.481462024211058
NAA25	0.481437305490065
ZNF721	0.48138041052611
ZNF615	0.4812219133168
MED23	0.48079811271138
TRAPPC5	0.480655112129209
CLCN3	0.48064684691965
ZNF827	0.480366659051028
CSK	0.480302358059546
MTHFR	0.480295776018281
NUCB1	0.480161439504684
DNAJC22	0.479997912277345
NCOA6	0.479815691433542
ZBTB6	0.479298538203029
ZNF862	0.479286551591721
ASAH1	0.478905371585324
MED12L	0.478795358024022
SMARCA5	0.4786291614566
ZNF396	0.478601296634306
TMEM135	0.478425223535416
CLECL1P	0.478365298652838
SSBP2	0.477986454697585
CPNE8	0.47788143501939
GTF2E2	0.47787677833929
MDGA1	0.477736149358237
PARP4	0.477715282354633
NATD1	0.477648750933444
ARL17B	0.477573795227517
CACNA1E	0.477567564792159
PGK1	0.477472476857415
BEND4	0.477424067378944
SLC25A46	0.477265847698191
IGKV3D-20	0.476911329072149
SDC1	0.476732681721099
SPTAN1	0.476700184776919
CD27	0.476497288840767
NDUFS4	0.476463512583186
SMAD7	0.476409876338778
ZNF410	0.476360952847639
ELAVL4	0.47620699975305
FBXL17	0.475972810605751
SWT1	0.475946369320243
CLSTN1	0.475879214997808
TSPAN32	0.475629973772974
LEPR	0.475546572617962
MTSS1	0.475362305419299
PLEKHB2	0.475205679287602
NBPF4	0.475138238635437
TMED9	0.474308902104029
IFRD1	0.474146826264516
TXNDC11	0.474100000894611
TMEM117	0.473753891913447
ELAPOR1	0.473602997080012
LTN1	0.473394488767446
BOLA1	0.473125026994511
SPNS1	0.472771690752945
TMEM140	0.472521710846938
ALOX15P1	0.472517272027457
TTC33	0.472447977773751
WDR7	0.472371330685011
HIKESHI	0.472093209652748
SEPTIN9	0.472006537195099
RLN1	0.471983228540325
DOP1A	0.471524613111483
MECP2	0.471325835461246
CDH23	0.47130967604787
MKI67	0.471201727683478
CEND1	0.471151076920473
CILP	0.471040030015818
TLR6	0.470906544033156
SKIC2	0.470756338970108
SIPA1L3	0.470484282460759
NRBF2P6	0.47042080530569
GAPDHP42	0.47031975181536
AP2B1	0.470297794257198
CALHM3	0.470128856204521
GOSR1	0.469922322289024
USP15	0.469595306393123
OR1I1	0.469241988273789
MRTFA	0.46919784740752
AP1AR	0.469012179061609
COP1	0.468800715885729
NPY6R	0.468212746399522
SPATA32	0.468175680072355
SPECC1L-ADORA2A	0.468074189481319
WDR82	0.468037567569881
NECAP1	0.46793098781317
MAP4	0.467699750130026
ASB8	0.467692709528835
DACT3	0.467688786430882
PPP4R2	0.467663382296451
SYNE2	0.467563240821984
SCARF2	0.467305758450096
ABCA7	0.467229802266207
TNNT3	0.466828302343793
FGF2	0.466554865678928
ZNF502	0.465960041138307
PRKG1	0.465809140325664
PPIL4	0.465763150514496
ULBP1	0.465598637460206
NSA2	0.465582762205616
CCR3	0.465134684909693
CRELD2	0.465113520237851
CXorf65	0.465025387751644
RPS3AP18	0.464882006203223
PPP1CB	0.46469742259308
FERRY3	0.464568932650265
PGPEP1	0.464279547171165
LMO3	0.464082461759563
RAB30	0.463857725530694
SV2A	0.463640968987677
NFKBIB	0.463483805386964
KLC4	0.463468974358414
ALG1L13P	0.463010658255937
ZNF34	0.462880964780576
DNAJC15	0.462707065693972
PLEKHO2	0.462640241261318
LMBRD2	0.462459644225968
ECPAS	0.462338735556037
PABPN1P1	0.462298908716476
PRR18	0.462129886160848
UBL4A	0.462077655191715
VCF1	0.461839812836534
PLEKHA8	0.461355762921229
SLC38A2	0.461212597838053
KIF1B	0.461088966980216
PACS1	0.460965214896497
CALHM6	0.460861166593772
NPIPA8	0.460405959273884
DNASE1L1	0.460323199135669
NRBF2	0.460298198707246
ABHD2	0.460227733538506
PTPN20	0.460180720793643
HMGXB3	0.460164404908204
ZNF579	0.459974126437503
COG7	0.459761739089786
STRCP1	0.459516665041668
SUPT6H	0.459355442923759
RIPK1	0.459323576454694
PPFIBP1	0.459169642993738
SLC30A7	0.459081320637041
MARK3	0.458951146308662
GIMAP5	0.458779714963648
CDK12	0.458586719066
TNNI2	0.458510960877261
TNFRSF25	0.458489405826065
TULP3	0.458432953875727
XRCC4	0.458316911157386
ATG13	0.458312101083545
HNF1B	0.458085795831437
GPR174	0.457982454770678
CHL1	0.457913748696319
SYVN1	0.45784373786231
TCF12	0.457839687998611
SLA2	0.457814646723536
ERO1A	0.457717656740146
GLRX	0.457580785067506
SMIM38	0.457449251726794
PRDM2	0.457300172048195
LUZP1	0.457261540595452
SORD2P	0.457098555567528
EXPH5	0.456813549152798
PRKACB	0.456285891327872
SKIC3	0.455990922803301
ATP6V1E1	0.455586141214986
PI4K2B	0.455567812832421
TAF1	0.455472438018439
L1CAM	0.455458761015797
ECI2	0.4553187772994
ATP10A	0.455309982098009
DGCR2	0.454979771843646
MBTD1	0.454843781999684
ARMCX5-GPRASP2	0.454458667645452
LMBRD1	0.454324777624035
ADIRF	0.454088760562173
LDLRAD4	0.454088190362518
CHST2	0.453949559334796
COL6A4P2	0.453703696912611
CCDC167	0.453703420255629
TCEANC	0.453700250868632
GJB6	0.453564596778611
MAP2K4	0.453555668930185
ANKRD34A	0.453517624975367
ZFX	0.453192682549327
TMEM63B	0.45303520695513
BECN1	0.452704060000578
DGKH	0.452438508285802
NLRC5	0.452070289176789
PHETA2	0.45148702745024
MICU3	0.45147967798017
PIK3R5	0.451206143957234
ZMYM1	0.451163867169135
MESD	0.450830978401188
AGAP11	0.45080495367574
SORL1	0.450719202088514
TEX9	0.450596585045709
CYTH3	0.450210900029127
MZB1	0.450199752294463
UBA6	0.450197161446789
MTERF4	0.449953911663586
MTTP	0.449814233900738
VPS35L	0.44974358946625
MPC2	0.449566069910049
GOLGA7	0.449550794250173
ZBTB7B	0.448286336880255
SLAMF1	0.447303900384809
DEF8	0.447238992942219
NAA35	0.447228821965913
JPH4	0.447095839283168
UTS2B	0.447023578893894
UGGT2	0.446715245115544
SPPL3	0.446693418065527
FXR1	0.446567697941861
EPX	0.446293917373223
RBM7	0.446238419058728
CAMK2D	0.445890788585471
MFSD14A	0.445520642118845
SYNPO	0.445509403114646
GNB1	0.445277714171232
HDAC7	0.445261611066601
PSMB9	0.445172315410841
HAMP	0.444928324555778
TNS3	0.444903576129566
GANAB	0.444896978257615
PRPSAP2	0.444817650533227
MTMR4	0.444811757168687
DCAF17	0.444703139686959
ANO5	0.444531666125661
CRTC2	0.444428105015422
RPL7AP60	0.444423294702458
ARRDC5	0.444173321888704
ARF1	0.444148026386535
LRRC34	0.443964070520175
GDAP2	0.443798455168421
PDGFB	0.443711185860983
TCEA1	0.443676678975915
SRRM3	0.443563947769047
CEP164P1	0.443266478023727
LSS	0.443218678577447
MSL3	0.443131659776799
TGFB1	0.443074416851028
PPIEL	0.442961077447471
GORASP2	0.442654531667492
DNAJC25-GNG10	0.442630118750036
SYBU	0.442521364789775
TAF1A	0.442245782665215
HCAR2	0.442002888089095
ANKDD1A	0.441940895807357
ZNF197	0.441626115611672
NFU1	0.44123689906743
TMEM30A	0.441027164482204
RITA1	0.440909351237461
FCHSD2	0.440741022540346
CLSTN3	0.440491035906783
METTL25	0.4404505670467
PRORP	0.440437796987144
UGT2B29P	0.440176189421466
SLC9A4	0.440090324936796
MOB2	0.440057465757358
CWF19L1	0.439370002641545
SMARCA2	0.439193192063328
ZNF91	0.439023848326823
SMAD3	0.439006506347464
ZNF605	0.438660914721865
MVD	0.438579832541979
VWA2	0.438460190396768
EXOSC7	0.437991103882716
BAMBI	0.437953612997881
RGCC	0.437889547796998
ZNF205	0.437558035990965
BSDC1	0.437544606566688
PTPN2	0.437322835661973
JKAMP	0.43731390696467
LRRC25	0.437239310398735
C19orf53	0.43709966993924
TPR	0.437092305824598
SLC30A5	0.436944160335241
WDR91	0.436588983808597
ZNF616	0.436024839599341
PNPLA6	0.436016604745383
ACACB	0.435911802267242
LARS2	0.435655123670757
RARA	0.435603687280368
TENT4B	0.435467623846186
FOLR2	0.435227358460625
BORCS5	0.435054266839337
BOD1L1	0.434793043132827
DEPP1	0.434451226563836
PSTPIP2	0.434193964702287
ATP2C1	0.43416522904635
SP1	0.434146103930688
FUCA1	0.434132231246055
ARID4A	0.433809873072616
HACD2	0.433808307277922
ELOVL5	0.433673127425679
IGKV2D-30	0.433595075287853
NPIPA7	0.433436112388844
UMODL1	0.433424487977793
STAR	0.433389061701719
PCED1B	0.4333889037644
TRPA1	0.43334454186082
TMEM87A	0.43324850385105
KCNC3	0.433163618389061
PADI2	0.433074311876535
H2AC6	0.432931560870438
SIPA1L1	0.432857809491627
TXLNB	0.432451190831809
SMG7	0.431900960763034
FAM98B	0.43170618938413
MTHFD2	0.431680833739449
ZNF260	0.431551850131258
G3BP2	0.431440913958261
CSNK1G3	0.431132196560628
MPHOSPH8	0.430723866103826
OXTR	0.430646789374707
IGHD	0.430387468853219
WDR86	0.429787858169122
TEP1	0.429493769077294
LINC01399	0.429202985338825
DIS3	0.429031995655891
TBC1D4	0.428441755427724
LPGAT1	0.428293017902683
H6PD	0.428266341938571
OPHN1	0.427888312251976
IGSF3	0.42775476777748
PDCD2L	0.427585830143914
COL7A1	0.427546100665536
DXO	0.427521893586593
TENT2	0.427279076132502
TAF13	0.427112763229601
BCAR3	0.426946219327029
MAFF	0.426935005670573
HSF2BP	0.426416850202109
ZNF2	0.426233333340112
CD28	0.426207160379027
CNTD1	0.426093528300579
GAPDHP60	0.425638209980822
DCDC2	0.425368374491163
ZNF821	0.425291229548214
EBI3	0.425264459324902
SUSD3	0.425120881988773
ZNF568	0.425074394001459
ZNF526	0.425050833440856
LDHD	0.425034076863404
CAMK1D	0.424891110390381
TIFA	0.424784583804308
ANKRD20A1	0.42474634369263
DHFR2	0.424494086074587
PIGX	0.424311025070749
RFX1	0.424301861670187
IFIT5	0.424107096225764
FAM171B	0.423656261823405
FTL	0.423465954379306
MLLT3	0.423443606201459
PI4K2A	0.423428849581404
MLH3	0.423404667911439
PAK1	0.423031250902634
PRSS27	0.422831472938699
FAM221A	0.42277737874802
ZC3H12C	0.42269114750334
AHNAK	0.422623349176462
PTPN11P2	0.422422498524997
EDEM2	0.422245559941285
TXNIP	0.422199552491121
SYT17	0.422137061236005
TRIT1	0.422024221900225
UHRF2	0.421833083769292
CORO7	0.4216561791963
FBXO36	0.421638089668746
RERE	0.4215772111127
ANKRD10	0.421395698236833
SLC7A1	0.421337428859829
INPPL1	0.421273591454342
ISM2	0.42118595455578
CC2D2B	0.421075758488221
EYS	0.420932923746478
GALNT16	0.420727326493192
PLEKHG7	0.420597834771368
PTGES3P1	0.420102722075949
SLC20A1	0.419995212884736
SOCS5	0.419833912471023
ATR	0.419780630239223
ACBD3	0.419684662129327
GCHFR	0.419415674719926
BUB1	0.419101675997986
BEND3P3	0.418827324583347
N4BP2L1	0.418755065037149
UQCRHL	0.418505860199228
SNHG32	0.418132574903269
RTCB	0.418132459176119
KLHDC10	0.417953695284194
SPATC1L	0.417734652002108
PUM1	0.416915470642906
ERCC6	0.416908202305331
XPOT	0.416313836179827
GARRE1	0.416170137838425
ADGRG1	0.416002995998576
PPP1R15B	0.415943342430545
HNRNPA3P9	0.415888381165452
PHC3	0.415816337524395
INTS7	0.415527508746531
CCDC50	0.415457718707892
ABCB9	0.415290418867168
KLF7	0.415046900464011
LPAR6	0.414792522291979
SH3RF1	0.414722380559749
MLF1	0.414648763225845
ASB1	0.414526186509896
SLC10A2	0.414523039638271
IPCEF1	0.414035198986078
NUP188	0.413642182073154
LSP1P4	0.413121542012657
SRPRA	0.413021139847459
DELEC1	0.413008819905823
NFKB2	0.412989430810762
CRYM	0.412916965466692
BMP2	0.412911659186448
RPAP1	0.412805824784759
OCLNP1	0.412789464531644
UBE2Z	0.412620116019322
SLC35C1	0.412507623520057
TNFRSF17	0.4118448675618
ZNF805	0.411775468804416
SYMPK	0.411766558958977
CHD1	0.411666190053399
VPS37B	0.411334174477163
EXOC3	0.410986486006655
PPM1K	0.410962408960444
CASS4	0.410766668856065
PDE6A	0.410739983281445
ZFYVE27	0.410598363367901
PRKCD	0.410463712148559
HLA-DRB6	0.409920334279273
SIGLEC14	0.40932321489403
MAP2K5	0.409203446193873
KRBOX5	0.40912891353651
ARAP2	0.409119279434764
JRKL	0.40901761069818
PHYH	0.408437117254575
ATF3	0.408110148008198
SLC66A2	0.407968614168824
KDM5D	0.407889506532334
MANEA	0.407712759942753
NF2	0.407511815935097
SLC25A13	0.407361175989081
RYK	0.406668894218212
CRACR2A	0.406302177751404
PPP2R2A	0.406106231683475
SMPDL3A	0.406090044733308
PPP1R2	0.406000178009627
MOB3A	0.40553973899598
RASD1	0.405078167736774
TRIM24	0.404740193416602
PROCA1	0.404414610044837
TMEM88	0.404377354566476
RNF168	0.404309503781284
ANAPC1	0.404157612550612
PDK3	0.403981756243029
PGLYRP1	0.403844505621281
RAB11FIP1	0.403747749451157
RPL24P4	0.403608107942593
CCL3	0.403560015870242
FCER2	0.403138681567578
DMWD	0.403133180607508
ZMYM2	0.402560707007475
TRIM44	0.402095544816555
SLC22A17	0.401653443862038
UST	0.401652913328337
VPS37A	0.40156596065333
SLC12A6	0.401449662713293
SLC4A7	0.401416458284339
HECTD1	0.400987312586479
PDCD7	0.400764129327437
CFAP36	0.40068824536788
PGS1	0.400382927792408
LRRC57	0.400285515629556
FBXL5	0.400270915045873
ARL15	0.400117330637662
MOV10L1	0.399958454120655
ABCA6	0.39977188948547
ST6GALNAC6	0.399649177412088
PLGLB1	0.399439622609876
DZANK1	0.39934688867332
CLDN20	0.399242331171159
ZNF426	0.398911936449742
TRIP4	0.398897798782272
RPL7P23	0.398869178787821
TBC1D5	0.39880224395381
NTAN1P2	0.398619485122069
UNC119B	0.398315818980849
HEXIM2	0.398276323566145
UBE2F	0.3982416843172
PCSK6	0.398121631176391
ZCWPW2	0.398064829321684
GFOD1	0.397810244271965
EBAG9	0.397554586135997
FRG1CP	0.397404144208762
EPC2	0.397034296985705
LGMNP1	0.397019829168496
UXS1	0.396606198127516
ARHGEF25	0.396270276083956
BRF2	0.396141336793179
CTDSPL	0.395970625994054
SLC2A9	0.395562509583657
PRR33	0.395479741798212
FCRL5	0.395155396357756
CFLAR	0.395146568528852
SPG21	0.395066474327037
NOL3	0.394800655368274
ECE1	0.394651079494381
IKZF1	0.394446212516243
SOS1	0.39441633252153
LY75-CD302	0.39428938731489
ZNF461	0.394188494436739
PML	0.39339069260605
EHMT1	0.392974373535658
TRRAP	0.39276938880276
EHD1	0.392579669711087
ELF4	0.392345540886578
EPB41L2	0.392178490167924
TMED3	0.392115551493172
C8orf82	0.39203548437969
KREMEN1	0.391845975168173
PUM2	0.391784107356118
IFNG	0.391403964755522
GRIN2D	0.391395952334053
TIMMDC1	0.391072740905464
NECAP2	0.390765898831394
ZNF671	0.390189278855681
TUT1	0.390187228223009
RBM26	0.389845716930399
IL13RA1	0.389804191046693
RGPD5	0.389776436855304
PLOD3	0.389752852068817
CPNE1	0.389584235732176
TRIM13	0.389568531453574
RPL13AP7	0.38954519055514
R3HCC1L	0.389536179317118
LYPLA1	0.389007322265666
NME1-NME2	0.388925049919691
CACUL1	0.388923149103568
UBE3A	0.388680725560139
DGKA	0.388545337949011
ERFL	0.388493700441685
TMTC3	0.388483911782872
SLC2A13	0.388406147545852
ZNF597	0.388312344668762
ABL1	0.388300909389444
DNM3	0.388282000728989
TK2	0.388217001108693
TMED8	0.388116769783708
ZNF318	0.388106824552924
SSH3	0.388021932041881
AKAP6	0.387906483433634
ZKSCAN4	0.387640748066082
CDC26	0.387620673848392
PDE4DIPP2	0.387363247300253
CBFA2T2	0.387163951220588
ABRAXAS2	0.386904252199872
MPZL1	0.386829478518445
RND3	0.386752687997251
C2orf74	0.386749365933055
ZBTB25	0.386602118363216
ACBD5	0.386584336767878
CYLD	0.386544798412374
CCL20	0.386055513445368
TVP23C-CDRT4	0.385982991429467
PDP2	0.385904908946372
TTLL3	0.385476234481232
AMIGO3	0.385445680055225
SETDB1	0.385398527097473
STEAP1B	0.385387129814262
NLGN3	0.385276899080851
SIK2	0.385186472036718
VAPA	0.384948111495386
DVL2	0.384888201851341
PTER	0.384834777470886
EMC1	0.384366206756889
MAP1S	0.384311275493135
TMEM115	0.383989717753531
LIMK1	0.383578264143563
OGA	0.383526297018435
AP5B1	0.383179909689439
IFNLR1	0.383112485543446
PLEKHH3	0.382937809587574
ZMYND10	0.382909854112711
RNF41	0.382820736071675
EEA1	0.382492505422844
SLC16A7	0.382380104906062
GLMP	0.382369929306274
EIF1AY	0.382145510178731
WDR37	0.382092688867912
ATG2B	0.381577706731372
SLC25A53P1	0.381406212324235
NAXD	0.381326592093999
HID1	0.381260409438451
VPS45	0.381090653104225
SGSH	0.380338950335815
TNIP3	0.380312223867187
DYNC1H1	0.380263621828629
GCNT3	0.380263196052816
NOA1	0.380102376252155
ZNF677	0.380048936781423
NUTM2A	0.37961623106659
LRCH3	0.379385439320812
STK31	0.379374776653242
FBLIM1	0.379348936610274
ITM2B	0.379134330621601
CDC42SE2	0.379005422029475
MMP25	0.378864912062256
PTGES3L-AARSD1	0.378708499928924
TNFRSF9	0.37862155895154
AMZ1	0.378360801111705
DRAP1	0.378328703224475
RFX7	0.378269149486065
PTBP3	0.377939889988679
TMEM245	0.377664030800527
AREL1	0.37744643287373
IGKV1OR2-108	0.377365601751893
SLAIN2	0.37726724187868
HAVCR2	0.377103303418739
TCAF1P1	0.376935736512711
IGKV1-33	0.376931994772467
LGALS3BP	0.376796598709783
CUTA	0.37664884682036
SCGB2B2	0.37659141823886
ZNF136	0.376408073372942
BACE2	0.376386236849893
ARHGAP9	0.376221785974753
APOL6	0.376212964485819
S100A9	0.37607671308512
GBP1	0.376001773837672
GTDC1	0.375943442746308
IGKV3D-15	0.375786910720041
RANBP6	0.375360412974216
ATP6V1B2	0.375116285437489
CFAP97	0.37509994371031
PHYHIPL	0.374955452742941
GPS2P1	0.374926871072425
ZBED4	0.374854713476782
PIGR	0.374848605969681
RAB29	0.374785805242702
EPHX2	0.374598169363586
SPTY2D1	0.374585584735105
SEPTIN14	0.374481435291606
ZDHHC4	0.374251574879781
RAB42	0.374216675451761
C1orf162	0.374206091368101
FBXL13	0.373719371814468
RPN2	0.373516422310459
GPRASP2	0.373480547443177
ADCY6	0.373452908710034
CADM4	0.373304875654259
HMX2	0.373119889297713
ANK3	0.373020622284762
C17orf107	0.372992784900724
CBX7	0.372908368998221
NT5DC4	0.372889487663242
FURIN	0.372604348081654
F2RL3	0.372145412289826
ARHGAP26	0.371694979850916
AGGF1	0.371671894518756
RPS19P3	0.3715799356931
AKAP17A	0.371387091697783
OGDH	0.371360239996161
PANK3	0.371222664559834
N4BP2	0.371046716694292
PARG	0.370996470449899
GALNT10	0.370618474193285
STK24P1	0.370513006070062
CHD8	0.370493493217089
ATXN10	0.370488214550491
IL23A	0.370440994214139
TM9SF3	0.370346896775169
ANXA5	0.370299981914562
ZNF404	0.370239974643529
NRXN2	0.370078485111526
FN3K	0.370032675799997
DPRXP4	0.370001574103863
HTATSF1P2	0.369812171797786
CAPN7	0.369591966069652
ZSCAN23	0.369078384535489
TRPM2	0.368988828897731
PIAS3	0.368988556013111
NEFLP1	0.368386155703782
ANKRA2	0.368371137090332
RHOF	0.368352753026787
HNRNPLL	0.367890921382713
RPL13AP8	0.367874116974469
VWA1	0.367708882389325
KNOP1	0.367407532854008
RGPD2	0.367369937758413
CRACD	0.367080141446032
TULP2	0.367046935922455
PMEPA1	0.366977601557804
C18orf54	0.366954888173048
NDUFB4	0.366934156833721
RC3H2	0.366723580058671
ALG12	0.36659011833881
VN1R95P	0.36652175429717
CCDC6	0.366337325365905
CADM1	0.366145491018519
RELT	0.365947548552588
RIMS3	0.365825420553653
PNOC	0.365768087381431
MED13L	0.365697813285218
HSPG2	0.365621681649376
FGR	0.365617756681523
RPTOR	0.365296436831971
MYOM1	0.365140318393816
GTF3C3	0.364803576958008
GABPB1	0.364525892310668
BROX	0.36449089151734
PAX9	0.364481304544402
BABAM2	0.364386199114604
IKBIP	0.364366666305602
PANX2	0.364290033578888
TSPOAP1	0.364197500054541
ZNF346	0.363947896784689
ARF3	0.363628347441854
SEC16B	0.363559497158356
GGA3	0.363289861555889
MMRN2	0.363205018553793
FAM184A	0.363040221486341
PTGER2	0.36297678801138
CDCP1	0.362903257656202
PIK3IP1	0.36276309540529
ERCC5	0.36267876838093
APOLD1	0.362563472259269
RAPGEF2	0.362489875968055
INAVA	0.36246010703971
HMGB1P3	0.362262821558218
PCGF1	0.362011541833741
TMX4	0.361904566136664
TRIM17	0.36188054577931
MED16	0.36182062000842
MCCC1	0.3616268186243
SPDYE8	0.361617198152433
MAP3K7	0.361413011422559
CBX5	0.360822962025989
EEF1A1P5	0.360525573747269
ADD1	0.360490730171288
MARCKSL1	0.360313917144549
OACYLP	0.360162179997632
SCAP	0.360021564973438
MAPKAP1	0.359912951839033
TINCR	0.359780849426287
PEAK1	0.359768678435143
GPR34	0.359520841496472
PDPK1	0.359417540272724
ELMO1	0.358555734233591
MFN2	0.358467397809884
TMEM63A	0.358425839510568
RNF145	0.358380490478677
CCPG1	0.358239622842697
ACSM3	0.358196460554998
ASPH	0.358038369161634
KPNA5	0.357969177674004
GPANK1	0.357849321969299
PDGFRL2P	0.357832682198599
PIGCP1	0.357746703605964
FAM234A	0.357721035027195
ANKRD20A3P	0.357669678097546
GPR152	0.357617049717715
GPM6B	0.35733378260219
KSR1	0.357320224681428
DCLRE1A	0.357301079248925
COPS5P2	0.357038395922905
TMEM170B	0.356863445428344
ELP2	0.356679378046931
WIPF2	0.356561530952315
ATF1	0.355986028929487
PIGO	0.355848526241544
WDPCP	0.355788971918102
COX20P2	0.355774257159048
STARD9	0.355653695913251
PIGF	0.35528820915607
SPRING1	0.355283009540982
CUX2	0.355226344165724
ARL4A	0.355215234901912
ALG10	0.355033052753041
DTX4	0.354994280346145
GRK6P1	0.354960619748856
SSPN	0.354297590443905
CHRNA3	0.354275266113255
VTI1A	0.354271307588455
VPREB3	0.354179188379491
DNAH11	0.354124003576788
ZNF175	0.354076876977901
BRD4	0.353986007854547
IGHV4-34	0.353913684130673
GNG5	0.353698184529524
TTC39A	0.353501758276513
WDTC1	0.353101625889501
NEDD4L	0.353029879156138
IK	0.352622477051649
ABCA3	0.352485402755073
MMGT1	0.35240879654214
ZNF445	0.352397990227373
FOSL1	0.352031085880272
SERF2	0.351806827825695
METTL6	0.351578730364096
CCL19	0.351524672231228
USP48	0.35138032933845
SLC7A11	0.350899155456101
FTH1	0.350789322114389
BHLHE41	0.3507763565693
BAZ1A	0.3505999041989
FAM8A1	0.35052316490323
TMEM11	0.350287479463928
KIAA1958	0.34992981170662
SPMIP4	0.349835443775924
TMEM51	0.349744784373252
BICD1	0.349616298482702
NFATC3	0.34928756673354
APOOL	0.349220955655119
GPR35	0.349185842045559
USP20	0.349135802144305
NUDCD1	0.34904239362674
CDYL2	0.349033837206725
YTHDF3	0.349000882502984
NFXL1	0.348992520282886
KLHL3	0.348867816074753
PSEN1	0.348772101034277
ZNF117	0.348670488567604
ZDHHC9	0.34833191669373
SDHAP1	0.348158055106765
ID3	0.348116993790664
DCDC2B	0.347813952003081
MIS18BP1	0.347752758532506
KCP	0.347588335972704
RBM15	0.347305464815917
GOSR2	0.347302213453884
UGT2B15	0.347258271694975
PKD1P5	0.347032460566157
ALDOC	0.346886522919376
HCST	0.346721019576722
SELP	0.346561375519475
SERP1	0.346510451520907
S100A14	0.346206553817253
BMAL2	0.346052955105075
KMT5B	0.345961348730396
TARS2	0.345928973607807
SEC23B	0.345844948102705
RBM5	0.345759452818584
FEM1B	0.345603724670557
ZNF248	0.345385931079249
RNF19A	0.345299310648242
GGA2	0.345267801033577
RSRC1	0.345243038891888
VPS54	0.345234659940038
OFCC1	0.345207924642122
DOK3	0.344603560231454
PLXNA3	0.344568206993449
SLC16A3	0.344432205438955
SLC38A10	0.344406580623792
RASGRP2	0.344160240126798
NUBPL	0.343988242327711
SRFBP1	0.343800423586503
FRG1HP	0.343780985834095
BAHD1	0.34369350158608
PDS5A	0.343629332022895
FAAH2	0.343569090322987
RC3H1	0.343512298390165
ANKRD65	0.343345369404191
TAPT1	0.343228261307251
PPFIA1	0.343004872507605
IGLV1-51	0.342940548545851
AGFG1	0.342728405957217
MAEL	0.342545102063367
HDAC9	0.342462263730019
CDH26	0.342376988684062
NLRP14	0.342117128702744
ADD2	0.341897414691902
CD74	0.341772597041852
DBNDD1	0.341473181357382
TVP23C	0.34132803255014
RAB3D	0.341235798827872
NPRL2	0.34104909786345
VIPR1	0.34095370186938
ZER1	0.340880904605102
OSTF1	0.340867225723673
NT5E	0.340649697920645
OPRL1	0.340629230388418
SMIM19	0.340587570744153
GCNT1	0.340585716222336
ARID2	0.340585602056389
SLC1A3	0.340466527100937
GAS2	0.340317642856707
EXOC5	0.340195632018349
CDKN2A	0.340172388924417
RTP4	0.340015793631005
PKDCC	0.339950702880159
DERA	0.339889766947494
NAPB	0.339675201232341
ADAMTS14	0.339474156934787
ZNF146	0.339403952194593
ZC3H7B	0.339241683512899
LY9	0.33914321257038
SAMD9	0.339009253442464
GCATP1	0.338640110474709
FGF11	0.338620464271681
CNR1	0.338547524362856
ELF1	0.338473694830667
ZNF28	0.338200528803372
TLE5	0.33789785259519
IFNAR1	0.337783830781031
RALGAPA1	0.337663241716185
SEC24C	0.337641168659372
RBAK	0.337540809385567
NBDY	0.337533085003074
TCP11L2	0.337448571443122
DMXL1	0.337040858810658
ILK	0.336828219345812
HSP90B1	0.336672513863058
UNK	0.33655916494746
FHL3	0.336436453132431
ZFP82	0.336420699545892
HSD17B7P2	0.33641460216464
MRPS9	0.336413416443053
TBC1D3L	0.336183956231107
TENT5C	0.336107783739829
COX7A2L	0.336041268653517
PTDSS2	0.335924294353504
OR13A1	0.335688835468541
RPL12P47	0.335664503021862
POU5F1P3	0.335360345446763
ZNF816	0.335192860146642
MAPRE2	0.3349139417564
MARCHF5	0.334813644853497
SNX16	0.334708646472986
SRP54-AS1	0.334463977642066
RAP1B	0.334462869222356
TPST1	0.334360098047708
ZNF626	0.334326424210448
TICAM2	0.333835677270758
ITGB1	0.33370793884306
SLC35D2	0.333621502692476
AFDN	0.333542072814693
STXBP3	0.333523975341982
VEGFA	0.333361123631041
DBT	0.333129778486731
ETV7	0.333044211919228
ZNF335	0.33301949203519
CICP27	0.333004664059009
MSH3	0.332845725002211
FBXO15	0.332636542330415
CFAP46	0.332608399697797
PDE4B	0.332055673902978
ZSWIM3	0.331989224817281
TSC1	0.33177840302534
PHF21A	0.33172729651274
UNC119	0.331658226552139
PTH2R	0.331616774689492
FAM3C2P	0.331598858175214
SUPT3H	0.331523003905049
HCAR1	0.331522390456362
MUC5B	0.331456807939536
FTH1P8	0.331343246351574
LCK	0.331337835987752
SECTM1	0.331270517040467
HINFP	0.331183204509854
ARL14EP	0.330622545669093
BTK	0.330369739245008
LGSN	0.330326054683255
PTPRM	0.3302568786616
ABLIM1	0.330175353214442
RIC3	0.329853786125164
PDHX	0.329601406250202
PANK4	0.329400287275681
CDC37L1	0.329383910812219
PRDM13	0.329338617151047
A4GALT	0.329337102076129
PLIN3	0.329020226419484
SRP68	0.328818510236728
BMS1P4	0.328755422422938
ZNF408	0.328511689011632
PON2	0.328438925766729
ST3GAL1	0.328403640357764
NPHP3-ACAD11	0.328355901628373
CAMK1G	0.328311672748098
TTLL9	0.328213223461229
CEP44	0.328063897595265
FAM114A2	0.327986849783935
TNFRSF13B	0.32797911451018
MEF2C	0.327907362928011
SERINC2	0.327783930917825
FBXO31	0.327767295470641
ZNF768	0.327040924221507
ALKBH4	0.326979735705319
SH3BP5L	0.326900367015527
PRRG2	0.326563318648498
CCDC9	0.326486037705761
TBC1D9B	0.326453729075179
MAN2A2	0.326287816866871
METTL9	0.326047156814733
CATSPER2P1	0.325908976804698
UBR2	0.325769056832632
GPR55	0.325705504051676
BACE1	0.325695503822559
DLC1	0.325543765435648
DLGAP1	0.325382348265832
ZHX3	0.325296829164997
YBEY	0.325281083265883
ZKSCAN7	0.325105024739327
RGL3	0.324901585827114
RSPRY1	0.3248701441807
PPP1R13L	0.324856742273135
IGKV1D-27	0.324791214214021
NEXMIF	0.324692951691876
GNG8	0.324667838482131
EEF1GP1	0.324648761626067
M1AP	0.324561804573922
SH3BGRL	0.324455699172
CMTM3	0.324359599287598
CDC42BPA	0.324113622914735
SENP8	0.323931354468286
FAM168B	0.323913037138202
CYTH4	0.323800525566122
IPP	0.323480165972845
APOC1	0.323440090326625
CD48	0.323413538820974
DNALI1	0.323306075850132
PCMTD1	0.323171284786517
ERN1	0.323137374667153
FIG4	0.323118643067157
MCOLN3	0.323118545342277
NRP2	0.3230738010126
ZFC3H1	0.322968338776634
PAIP1	0.322161368295106
RAB39B	0.322099626243841
TSPAN4	0.321936089269492
NCF1	0.321875726032734
MTFP1	0.321849400939988
TARS3	0.321823458877875
RIPOR3	0.321756600889748
RAB12	0.321649339981171
RAB28	0.32162483780274
ACRBP	0.321111729757186
MORC3	0.321077372088191
RBSN	0.320919822826583
CIDEB	0.320872768089653
RPS9	0.320833669808595
SCHIP1	0.320764268791781
XPO6	0.320732964289329
KRT18P57	0.32066516644097
ZNF275	0.320556727839086
TSSK5P	0.32053350048854
SPDYE21	0.320527101176471
HSBP1L1	0.320210017780445
UMAD1	0.320163418477958
SSH1	0.320145425403118
TARBP1	0.320019433208959
EFCAB13	0.319985862269766
MAPK14	0.319881234876106
CABLES1	0.31976222577759
ANKS1A	0.319603782100443
HTN3	0.319564534755622
SHARPIN	0.319496130338701
USP45	0.319489169582314
FBXL9P	0.319300499311693
LILRB4	0.319256135960101
ELF3	0.319241116129024
LRRC47	0.319176709570391
ARHGEF6	0.319034025389513
MCM9	0.319018833205896
ZNF112	0.318874637406685
ATOSA	0.31881795023046
IL10	0.31881730201355
SGMS2	0.318808249137769
DZIP1L	0.318533613314911
MAGT1	0.318371691019385
ARL6IP1	0.318336979482389
RICTOR	0.318331429090432
SPOP	0.318239508393913
KMT2B	0.318075161145171
LIN7C	0.317977878257069
LRRC1	0.317837226221367
STK35	0.317692854458728
AGK	0.317576268184451
PDE5A	0.31753900507859
CLTCL1	0.317410447903995
TMEM127	0.317337536515156
SND1	0.317320375661621
IQSEC2	0.317271595592893
TMPRSS13	0.316860076643245
BTBD19	0.316856570975508
OGFOD3	0.316839593716034
DSG3	0.316766745427067
ZC2HC1C	0.316717950192992
CD164	0.316704207309409
CERS6	0.316340554667904
APOD	0.316181429582165
GPAT2P1	0.315972275942575
SIRPB1	0.31588393846768
PPIP5K2	0.31572031497043
JAKMIP1	0.315636415776415
FCRL3	0.315512638751693
TMEM39A	0.315299039779971
LST1	0.315215338061675
RBP5	0.315170355879262
SOAT1	0.315036976473196
PRX	0.314906454509754
SLC3A2	0.314884493137344
TNN	0.3146610116299
SPATA31D1	0.314655594672628
MEF2A	0.314616458211981
ANKRD13C-DT	0.314579557984671
HSD17B13	0.314502758545392
ASMTL	0.314382775232104
HDAC6	0.314173254834715
TNFSF13B	0.314075076581911
CELF1	0.313885572563401
SART3	0.313875255471048
FADS2	0.31375633336931
ACOT8	0.31336486601608
DNAI4	0.313211287367774
TXNDC5	0.313099125588425
PMS2P13	0.312969846223467
ARR3	0.312847685700479
SATB1	0.312765563604486
SYNE1	0.312750633127185
SYPL2	0.312733030223884
PELI1	0.312316227089846
MKNK2	0.312255488773859
DDX23	0.312154787313542
PRKCE	0.312132745699948
IGLV3-1	0.312128066123591
STX11	0.312009659281686
ZNF81	0.311950624665398
HLA-DQA1	0.31173165726038
ALDH1L2	0.311629198532045
STX18	0.311570188288423
LEPROT	0.311490131073451
TMEM132A	0.311476378301427
PRLR	0.31140655581588
GTF2H4	0.311342197572472
NFKB1	0.311048569459004
CHM	0.310288976987058
RAB20	0.310195763580062
LAD1	0.310189443370424
DEPDC7	0.310186427222712
RAD54B	0.310052153919269
IGHV3-21	0.31003764243223
EMSY	0.309907748138611
FAM171A1	0.309861098453816
NACC1	0.309595249652877
TPH2	0.309120346427298
STEAP1	0.30901305510251
ELL2	0.309004185929828
RCSD1	0.30885726632302
ADCY7	0.308854976766744
GSKIP	0.308412283992669
PFKL	0.308275039381818
ALG2	0.308013164237728
CLUAP1	0.307904411924004
CLK3	0.307899212276075
STK16	0.307457404839739
KAT5	0.307426096953722
GAPDH	0.307338742909408
USP24	0.30714720315434
LAMC2	0.307140360745391
SH3BP1	0.306943167461016
ZNF385D	0.306853645482944
GTF2IP5	0.30682878877351
APAF1	0.306743502868837
SGK2	0.306731935016452
ITPRIPL2	0.306718315803197
ID2	0.306670222070922
TAS2R30	0.306121613368401
USP33	0.306010932890896
CPLX1	0.305857629127537
CLDND1	0.305617665553107
MRPL23	0.3055896348742
SIL1	0.305535655772868
H2BC12L	0.305405843353875
ACADSB	0.305154803224649
FGFBP2	0.305051508974956
MGAT4B	0.304819135741917
LANCL1	0.304730189224294
DNAJB7	0.304709800225904
RPL4P5	0.304542249813027
RAB13	0.30433868920416
FRYL	0.304250714505048
HSD17B11	0.303802244061787
SRGN	0.303677981537947
ADAMTS6	0.303621715099991
TBC1D10C	0.303600070374968
ACP2	0.303501047289001
ANKRD13A	0.303197656657615
TRIM6-TRIM34	0.303081592340123
BLOC1S6	0.30298324017563
CCNB1IP1	0.302834774304393
ATP8B1	0.302749431061015
SHLD2	0.302663927373572
CNEP1R1	0.302286633125865
GTF2IRD2P1	0.302250190004199
SOX4	0.302085221042728
TSHZ2	0.301966705873898
NXPE3	0.30192401572797
CPD	0.301887824237349
PPP1R26P1	0.301797733876696
KIF13B	0.301349710109517
PLEKHA2	0.301189101091517
DLX2	0.301116313779076
SH2D3C	0.30092368511826
PLEKHA1	0.300684283078881
MRPL36	0.300651851654121
RBAK-RBAKDN	0.300582409515222
SNX22	0.300366871577955
BNIP3L	0.300268746440542
HEATR5A	0.300161717489642
SERGEF	0.300159795497123
TXNDC12	0.300076021314821
MYH9	0.299945967383955
CANT1	0.299885656266937
GREB1	0.299738325491363
ENDOD1	0.299532623212049
DCAF12	0.299418212453896
RNF215	0.299408577718115
GARIN5A	0.299253090757013
PDIK1L	0.29912748141334
DYM	0.298936108420395
WNK4	0.298634388759524
ZNF517	0.298612572465545
TLCD1	0.298373932324152
ZNF233	0.29836173149968
MYDGF	0.298360804742487
TRIM74	0.298343231775657
DOCK4	0.298228345515723
EIF2AK2	0.298068357523687
RNF32	0.297489874370641
MYH15	0.297272759596007
EXOC2	0.297216870445476
LRRC4C	0.297193048984887
PKM	0.296987115430833
APOE	0.296768099171566
JAGN1	0.296728291110845
CHAC1	0.296359238760487
ABHD5	0.296342955113057
CAVIN3	0.296065407481134
RAB18	0.295586892522263
RPSAP41	0.295098589618829
RASSF4	0.294749195080542
IGIP	0.294586781289334
WHAMMP4	0.294327505880196
DDX50	0.294238375046148
CSRNP2	0.29419544503015
YIF1B	0.294008996678262
MYG1	0.294008062656652
SFRP1	0.293818999120664
PBLD	0.293798913179244
ZNF653	0.293260623276616
SDE2	0.293092096262764
CARD9	0.293077675547196
COQ5	0.293042375577272
CT75	0.292923650074456
WARS1	0.292883716729796
ZNF766	0.292600578981822
VDR	0.292146067976627
GM2A	0.292032127885091
SMIM20	0.292001709359915
YARS1	0.291977506695683
MLEC	0.291962268562258
TNFSF4	0.291794338781602
RRM2B	0.291755678543564
RAPGEF1	0.291541966098177
BCAS3	0.291515174086888
H1-3	0.29138526851811
CARD14	0.291314225399496
VPS51	0.291159541182092
TNFRSF1A	0.29103708797567
PPP1R18	0.290959145542416
ABHD18	0.290922699444864
FKBP15	0.290870203642726
UIMC1	0.290805381476062
ITGAE	0.290733257105278
TATDN3	0.290557022609454
MPRIP	0.290472647160286
TRIM58	0.290469004511894
TLK2	0.290353142575129
SKOR1	0.290171648508347
ENTREP1	0.289952620357967
CYP11A1	0.289945485248656
IQGAP1	0.289921014006145
RNF181	0.289716634130263
HSPE1-MOB4	0.289595514006711
CSPG4P13	0.289566361720445
ITGA4	0.289530089439305
C2CD4D	0.289421554954568
TOPORS	0.289315876265262
UBE2E3	0.289233305238556
SPATA25	0.289174391458242
DCUN1D1	0.289119208763119
GALNT14	0.288858279693922
ELF2	0.288613633090336
PHKA2	0.288394082639683
MCTP2	0.288114074913286
DR1	0.287849030472675
TGIF1	0.287836131999259
ANAPC16	0.287552706967374
PAFAH1B2	0.287447511548924
CRYBG1	0.287408484914622
CACNB4	0.287341167829188
ABCC4	0.287321062217848
IKZF4	0.287315270645301
PDE3B	0.287096255616936
TMEM147	0.28703739215808
DDX10	0.286933590792276
TMOD3	0.286930741114292
NUAK2	0.286895153770645
SAXO4	0.286783667212627
TMEM191B	0.28648925065437
RPL38P4	0.286323240883242
GALNT8	0.28621542240657
DYNC2I1	0.286205308460458
SLC45A3	0.28611044718973
CEP152	0.286101053941949
FAM229A	0.285910251501848
TUSC1	0.285823325874326
RFX5	0.285780795246472
CXCL13	0.285702371826574
TMOD1	0.285659537779406
ZNF444	0.285460791309944
CDPF1	0.285388892722415
LINC00869	0.285167583403806
SSR3	0.284751982266459
ASCC3	0.284747399818324
FERMT3	0.284745110358606
COG3	0.284709771600797
TNKS2	0.284321039596401
CCDC88B	0.284319995150538
ZMYND8	0.284319434933571
FHL1	0.28427910477041
ZNF672	0.2842635712338
C17orf100	0.284025338611152
METTL2B	0.28391497098623
TNPO3	0.283901111513101
LRMDA	0.283820622847059
SCIN	0.283554844500976
TNS2	0.283368026655615
ESYT2	0.283342371751525
WNT16	0.283238166623888
CDK17	0.283149843702757
CISD1	0.283088665385249
WASHC3	0.282401160619444
PITPNB	0.282324491751406
DLGAP4	0.282299204166827
DUX4L26	0.282279415169435
DRAM1	0.282232439940871
TRIB1	0.282232012928205
OR6S1	0.282227853948595
NCF1B	0.282194875829352
CLCC1	0.282066424567582
PHF13	0.282030155621314
KCNE4	0.28197918390996
RPL17P18	0.281884376691978
HLA-DQB1	0.281850010063552
ROR2	0.281787382379669
RNF24	0.281688662116339
MMAA	0.281568999750063
FAM174C	0.28156729509304
NR2C1	0.281515084874602
GPAT2	0.281453493848369
TRPV2	0.281109433635397
FLOT2	0.281007681300195
PHF12	0.280980421232693
RALGAPA1P1	0.28088476044013
HERC2P2	0.280707855348339
HENMT1	0.280565772628624
VWA7	0.280285234054203
CKLF	0.280262505243171
CLDN16	0.280178764659976
DMXL2	0.280162570469961
DIPK2A	0.28010105532786
GCNT2	0.279811477246302
ATP11A	0.279756783216336
PARP11	0.279747923406427
MARCKS	0.279696353898017
CNOT8	0.279256472020016
UBE2Q2	0.279210734147459
TFG	0.279197780456834
DDR1	0.279179096068532
WNT4	0.278997367037983
TNFAIP1	0.278945451623764
KEL	0.278905311383034
RBPMS	0.278843661769424
NXPH4	0.278840205959009
ZNF654	0.278796794556784
GSDMB	0.278769925525401
MPRIPP1	0.278647177810927
ZNF300	0.278577156157977
LPAR5	0.278394636667163
TBC1D23	0.278280510276139
ARB2A	0.278168877302539
DCUN1D3	0.278040438811771
SNX6	0.277846500335734
C11orf65	0.277653580285459
BCAT1	0.277554160208542
HEMK2	0.277379460519886
MORF4L1	0.277199848928658
ERO1B	0.277128854204461
ITGB7	0.277087364434181
CD53	0.276977914666442
PCCA	0.276866747383355
MCL1	0.276506112126199
TDRD7	0.276344634414516
GALNT1	0.276311567536635
ZNF697	0.276222001662266
C3	0.276186232751005
EEF1A1P22	0.276096461027984
EEFSEC	0.27561750796
SPATC1	0.275055958405764
ASMT	0.274910656627725
GOLPH3L	0.274579586477695
ATP6V1G1	0.27453215505851
MTF2	0.274515082822753
ZNF608	0.274410089286457
AKR1A1	0.274131150271389
TNS1	0.273560234294095
PAQR8	0.273392988768708
ZNF622	0.273379039837619
THAP2	0.273217999911597
RBM20	0.273109331563071
HDAC4	0.273048390567535
DIAPH2	0.272944628321275
BRI3BP	0.272891670453953
ABI2	0.272779857099813
RAD52	0.272609892859182
IFI44L	0.272542232882792
CLEC4A	0.272060016072746
TTC9	0.271874937999315
LIN7A	0.27164352938471
C8orf76	0.271610368153431
PIGN	0.271589904857372
TCF25	0.271395467604317
TASL	0.271329022642158
TREML2	0.271246079119043
MOXD1	0.271213158091354
ITPKA	0.270981937863852
SEPTIN1	0.270964379405166
ZXDB	0.270584207863017
GTF2IP7	0.270568488362033
RIC1	0.27027404011607
PVRIG	0.270271760939586
RAP1GDS1	0.27002918169592
A2MP1	0.27001146793399
EIF3FP3	0.269960203501434
ARHGEF12	0.269740588592024
CHI3L1	0.26970933066794
RPS27P13	0.269534550103824
RPL10P9	0.26953131951767
MOSMO	0.269406887146843
ASB9	0.268672549936562
RCL1	0.268603273481668
EEF1A1P4	0.268534929800405
FBXW8	0.26851508119783
LNPK	0.268337702253797
HYOU1	0.268149467974057
ZNF341	0.268147639737235
PXMP4	0.267836909544609
MTDH	0.267605887483765
NARS2	0.267403531914551
STK3	0.267300348059135
KIF3B	0.267229861576932
ANKRD26	0.267152751020935
NEK10	0.266674247320442
TPTE2P5	0.266559145589337
SEC22B	0.266232029883893
YWHAZ	0.266095709480457
DHX37	0.26607705082296
AP4E1	0.265867962539146
GON7	0.265838995293729
VIPAS39	0.265788336974619
FGFR3	0.265757041343707
MAP2K7	0.265711599255019
ZSCAN2	0.265381359377105
LTBR	0.265361016293662
DPY19L1	0.26534785307074
FCMR	0.265294547593126
RRAS	0.265181483839152
ALAD	0.265111663428794
CCSER1	0.26495099325517
ZNF182	0.264940708210261
TRIM71	0.26470491304393
SMPD1	0.264561700302546
CAVIN2	0.264437668522326
RAB1AP1	0.264425889187352
ZNF331	0.26430436064672
UGCG	0.264101934417676
ISCU	0.264095051094512
LEPROTL1	0.26384011981147
GMDS	0.263556118152961
ZNF638	0.263550730202922
TRPT1	0.263497033771267
PRG4	0.263382871987643
TRIM16	0.263335110559906
PTGES3P2	0.263322916393384
RIMKLB	0.26326347729195
RHOC	0.263132894154071
GFI1	0.262869516186789
TNFRSF10A	0.262702444208199
ATP6V0E1	0.262501929985191
CHST4	0.262353304121762
STX6	0.262330253936051
GPR141	0.262304709071584
PLPP5	0.262266161865933
NIBAN3	0.262194714003433
FAS	0.262043183906462
CLTC	0.261988425612747
NDUFS7	0.261979727807033
KCNG2	0.261902868375547
CNTRL	0.261785958444574
TRAM1	0.261779102959542
AQP9	0.26170459404544
SMIM27	0.26158234819778
NUB1	0.261565308891864
IDO1	0.26152140251493
FRRS1L	0.261504393036834
ATL3	0.261397049423101
CDKN2D	0.261260099235535
CD22	0.261258660586271
GHDC	0.261223383292801
KIR3DX1	0.260976242790502
KAT2B	0.260870709452
C17orf99	0.260737964875157
RCBTB2	0.260573663628132
ABTB2	0.26043799234504
GOLM1	0.260380086296219
SLC7A5	0.260210036282215
P4HA2	0.260124891669951
XKR4	0.260122207043218
ARID1B	0.260072382726247
AGAP5	0.260036227193235
RNPEPL1	0.260012560019315
IRF2BPL	0.259682774178565
CCDC13	0.25968234235531
UBE2O	0.259678308945507
GLB1	0.259622787036805
CSNK2A2	0.259542936713109
YPEL4	0.259383832311498
WDFY2	0.259282147061355
SPIDR	0.259157488589573
CAPS2	0.259028570939079
CDC42SE1	0.258960761518635
QPCT	0.258746285963416
HUS1	0.258641567314946
UQCR10	0.258596327507799
PCNT	0.258549648199785
IFI6	0.258340127094943
CRADD	0.258288350958355
SPATS2L	0.258206265488392
IGKV2-24	0.258107833022792
SDHAP3	0.258009250352638
ATF6	0.257843512973826
CARNMT1	0.257839625679215
TRADD	0.257838331437234
EIF1	0.257807201145801
FAM90A1	0.257525659089372
LRRC32	0.257320291372275
NDUFC1	0.257200741352714
NFKBIA	0.257133262151789
MS4A15	0.257085513940313
SPAST	0.256925064410792
MRPL54	0.256918995027159
EPHA4	0.25691378910546
FLII	0.256846416306135
CCDC93	0.256686880050499
ASPHD2	0.256394528434252
RPL21P115	0.256298512267935
SP4	0.256286944155423
LDAF1	0.255879913721184
RAB14	0.255685432267842
CD180	0.255436999073657
DNAJB4	0.255336568213773
RAPGEF4	0.255008387274635
BCAR1	0.254859699100257
SLC8A3	0.254836906046277
WASHC2C	0.254765144676631
CALCOCO1	0.254644818336749
LENG9	0.254643198589858
ZBTB12BP	0.254458755318499
CCDC120	0.254411609793877
MTMR1	0.25436122001112
GLS	0.254018914331344
CDIP1	0.253828931909545
TMEM161B	0.253824699368066
EZR	0.253803114074188
DNM2	0.253801536783489
OR7E126P	0.253792605335181
HMG20A	0.253718725122051
CCR7	0.253713849518643
BFAR	0.253713325901767
TRAPPC9	0.253594371053435
PEX7	0.253581092476804
COX10	0.253403979252798
INO80D	0.253337282494851
ANKMY1	0.253220655509181
ISG20L2P2	0.253206371035521
UGP2	0.253083866338557
EAF2	0.253035017777681
PPARA	0.252981293827647
SLC35B3	0.252870260276054
UFL1	0.252832571993646
FRMD4B	0.252789603467903
POM121C	0.252776420299748
RAB33A	0.25269125911352
ZBTB38	0.252094687080224
NNT	0.251950649481972
GLI1	0.251923950858978
SLC35F5	0.251767241972137
MMS19	0.251643522486445
USP4	0.251608389251003
ACADVL	0.251601898305796
AP3S1	0.251583418018828
GCC1	0.25140035458624
MED26	0.25107938122105
EIF4E3	0.251066135356474
CDK7	0.251023685360952
GCC2	0.250947503447955
KLHL12	0.250893861998447
LRRC18	0.250781602928665
KCTD2	0.250702308119848
PDE4A	0.250617442503828
RPL7P21	0.250603901242738
TIMP1	0.250388028281303
MYO1B	0.250371486869526
RPS21P4	0.250170795914006
MUC1	0.250169860563446
SCD	0.250055468295605
ZNF570	0.250050282983727
TNFRSF10C	0.250037623833706
SLFN11	0.249643195151541
LYSMD3	0.249601662600687
IL10RB	0.249416905462508
SIAH2	0.249277342291607
KIAA0586	0.24914517261171
TATDN2P2	0.249131637420791
MRNIP	0.248467813794339
LINC02694	0.248388634378374
TTC9B	0.248227723824417
P4HB	0.248200206081222
NEMF	0.248019625251226
KIF21B	0.247557824819923
CREB5	0.247398206125896
POLE4	0.247242465846487
HYCC2	0.247080595548447
BDH2	0.247069265044806
EFNB2	0.247062205854598
HACD4	0.246941855029625
SEC63	0.24679554713117
ENO2	0.246719846868549
RAD50	0.246502724676408
ABHD4	0.246347317203602
SEPTIN8	0.246281746770788
SKIL	0.246203351258095
IL1B	0.246182632923671
CR1	0.246033126619407
DOK4	0.245777635169771
TMT1A	0.24577520354742
OTUD1	0.245644028849078
RPL23AP7	0.245576564572094
FBXL19	0.245490281859567
LAGE3	0.245441218203366
ECD	0.245308993493594
RBM43	0.245125930021795
HERC3	0.245075183634899
ADGRD1	0.245014848458001
NSUN4	0.244969117953678
SMARCAD1	0.244950939607397
HTRA3	0.244670049235611
RFX3	0.243900543667198
KCTD5	0.243822741593155
MRPS30	0.243805825068497
FCRL4	0.243761608880428
ANKS3	0.243650532182227
CNNM4	0.243633684770393
SPTBN1	0.243378172984226
OTUB2	0.243370751357089
PLPP2	0.243149314399359
IGKV2D-28	0.24302366514262
CPNE2	0.242846447151734
ZBTB41	0.242775775764186
RCOR2	0.242713547122442
VAMP4	0.242522727467229
ADTRP	0.24208700936119
UFC1	0.242070126143013
DOCK8	0.2420112593135
TMEM217	0.241996183256961
SRA1	0.241732708627237
ARF4	0.24169302790206
CGN	0.241626290011723
SYS1-DBNDD2	0.241369168682488
QKI	0.24134379552597
PIK3R3	0.241248232399801
GIMAP7	0.24094046237818
SEPTIN2	0.240915906564521
DENND2B	0.240716620130051
PPP3CB	0.240679371121798
ALG11	0.240473389094723
TADA2B	0.240435626772595
PLG	0.240350501568162
TMEM265	0.24029659921868
RNF2	0.240261618621376
CLVS1	0.240213978730627
MRPS31P5	0.239919220847959
AIFM3	0.239714460848357
TMEM41B	0.239556016950612
CRYAB	0.239538151270187
THAP3	0.239116552235741
CARD8	0.238947328715693
ACSM6	0.238940203926028
ENTREP3	0.238723672613756
FBXO46	0.23868973837716
SOCS1	0.238688771547494
MTLN	0.238655208922863
MICA	0.23834713746246
CINP	0.238281848586457
DBN1	0.238151456803543
LMTK3	0.238140406091876
SEC24AP1	0.237920641475996
ZCCHC8	0.237558052681468
RFX2	0.2374032514421
SEC1P	0.237310186974961
REV3L	0.237199773176898
CLASP2	0.237130511552851
ZNF703	0.237088847315849
GOLGA1	0.236972029267594
CREB1	0.236934702199304
DHX40	0.236929822143656
COA1	0.236803737877438
BBS4	0.23679782154366
TRIM41	0.236596121243109
HS3ST3B1	0.236558742837434
CNOT6	0.236554559505951
PI4KB	0.236346069717193
IRF8	0.236051523625376
ITGAL	0.236001882181229
RASGRP3	0.235926678243437
RB1	0.23582337500146
ZNF44	0.235735937038138
RAB9B	0.235662372151805
RAB26	0.235393299817331
CTC1	0.234962594905463
RPL28P2	0.234649737419415
OSBPL10	0.234272397780262
DUSP6	0.234257171363044
BCL9L	0.234257166741517
IL4I1	0.234219830498995
UQCRFS1P1	0.234165483812249
TLE4	0.234145879537653
HK1	0.234098203294485
RABAC1	0.233822546048145
COX19	0.233808574891836
ITIH4	0.233805525642537
ATG4C	0.233756249931217
PCYT1A	0.233694609538912
FFAR2	0.23328810435279
SLC27A2	0.2332680051761
TMEM277P	0.233163006095278
TBX19	0.232879696007261
STK26	0.232640786046434
AIF1	0.23218556669417
SERPINF2	0.232163383894686
ZFAND2B	0.231962523457776
PRPF18	0.23188161745176
RAP1A	0.231763860988525
HEPHL1	0.231727051811513
ITFG1	0.231622540926831
ITIH3	0.231360084537753
DTX3L	0.231129577301854
KCNMB3	0.231101932334856
TEF	0.230857574273966
STPG1	0.230481506010252
PPP2R5D	0.230323029935277
EIPR1	0.230291098364682
B3GALNT2	0.230145246775542
QSER1	0.229821350402794
SPAG6	0.229664431891018
WASH7P	0.229557403245815
MTRFR	0.229512110219286
ZNF41	0.229440520504587
ZNRF1	0.229395716890605
RNLS	0.229305302137624
GPKOW	0.229117126979285
DPP4	0.22902164124211
LARP4	0.22878726744338
LATS1	0.228781973193834
IL3RA	0.228336079183866
ANP32E	0.228315279181945
PPIAP11	0.22829941217739
RPL4P4	0.228278907236064
IQCG	0.228258035439164
TMEM214	0.228122509009438
NAAA	0.228052596795188
ENTPD2	0.228029643378221
ZMAT2	0.227994667134158
ALDH5A1	0.227878251009233
TMEM104	0.227822622014389
SLC43A3	0.227584196682573
GATD3	0.227550945657354
PTPRCAP	0.227475962991718
TMED1	0.227307938265604
CLEC12A	0.227070341529764
ZNF143	0.227050841427397
OSBPL9	0.227017491916046
VEZTP1	0.22692995278002
TMEM79	0.226665100946098
ATRAID	0.226658753102115
NAALADL2	0.226480941378325
VN1R83P	0.226456638805533
AIG1	0.226377956133722
CEBPB	0.226329705048523
RTL8B	0.226263058241041
XIRP1	0.225794434525882
NCAPD2P1	0.225728978707661
GLCCI1	0.225665327633348
TPM2	0.225488921071414
NUPR2P1	0.22539920117828
CLIP1	0.225149930037778
PRRX1	0.224887235595049
NEDD9	0.224574836178683
ANK1	0.224388695570529
EIF4B	0.224351261626639
SRRM1	0.224327635318206
PPP2R2D	0.224252549883868
ITGB2	0.224215741099631
EIF2B2	0.224132489993765
WDR36	0.224067691131206
B3GAT3	0.223854146760198
DNAH14	0.223713428328993
ORAI2	0.223669355717182
GDI2	0.223665259930065
BCKDK	0.223610372989553
CR2	0.223592360011442
BCAN	0.223586171754167
C4orf33	0.223361979488439
CBX1	0.22333421290733
SNX4	0.223164469633653
OCIAD1	0.22307183248693
USP28	0.222803692177806
MXD1	0.222739003320722
CCDC62	0.2226912774101
KIAA0513	0.22263661796782
CSPG4	0.222631538677965
CICP14	0.222623992096622
PTPRG	0.222577016384122
CEP70	0.222396313380939
SCO2	0.222384555481183
PDE4DIPP7	0.222279834183986
CXXC4	0.222269444708555
TRAM2	0.222148706341848
TJP2	0.221993681284165
TUBD1	0.221765026389596
GPSM3	0.221690705665776
RRAS2	0.221626710798098
CECR7	0.22139588912716
ZNF345	0.221395700197787
RFPL3	0.221306692443421
GIMAP1	0.221275795491517
SERPINB2	0.221192165041075
GAPDHP61	0.220740885430585
C2orf92	0.220166124856858
PPP1R3F	0.220152092853513
REL	0.220149658414723
ZNF429	0.220127278355487
ZNF10	0.219863505982474
NINJ1	0.21974632821157
CD44	0.219334750969565
CYSTM1	0.219048889786248
RAB2B	0.218869729710543
MIR9-1HG	0.218826222290539
PKD1P4	0.21880360617662
ASNS	0.218266845376245
FAM53A	0.218260709967218
TOR1AIP2	0.218124988874469
NRAS	0.218116728174832
ZBTB12	0.217912357127587
NBPF20	0.217787858340693
FCRL2	0.217782450296163
HELB	0.217645232867394
SH2B3	0.217525774001307
MFSD1	0.217494514787988
EMP3	0.217331112091176
CD38	0.217292149933864
KRT18P5	0.217226284262366
ATXN7L3B	0.216967153254336
ATP6AP2	0.216952853504978
MCC	0.216692291688827
FNIP2	0.216664951196786
KCND2	0.216614204277523
CASP7	0.216531480183913
PLCL1	0.216368395645782
SLC32A1	0.216287708298671
HSD17B12	0.216198703725647
STT3A	0.215877648596581
OR2A42	0.215604936445442
CAP1P1	0.215587212527832
HAAO	0.215566188268687
SYNGR3	0.215552829893437
ERAP2	0.215410096380223
RUNX3	0.215292675418888
TMEM178A	0.215278730707225
VWA5A	0.215239471001802
CYTH1	0.215163894960497
B4GALT1	0.21509460534405
ITGB8	0.214736699205686
NHLRC3	0.214706366836613
STX3	0.214684579427454
SPECC1	0.214537333104968
TASP1	0.21445790347405
MGAT4A	0.214385821186108
PJVK	0.21417618548714
RPL34P14	0.214154628427649
NFIL3	0.21414567575264
NFE2L3	0.213965427996293
KCNA3	0.213828078874258
GAPDHP65	0.213512003371173
TEAD2	0.213502176400412
TRAF3IP2	0.21350199254861
CHRNB1	0.213365681239974
DBP	0.213356934693452
SYCP3	0.21326593213584
WWC2	0.213118725411349
RBM27	0.213117144642029
HTATIP2	0.213003280994381
CHST12	0.212773097507508
ESRP2	0.212770357885611
PPT1	0.212741462436098
SMYD5	0.212719334948257
TFIP11	0.212680924124889
NAIP	0.212651385842459
IRF2	0.212617289781421
ZNF250	0.212406712432876
TLCD5	0.212363526992025
IKZF3	0.212344934723385
ABCF3	0.212328015479345
ZNF48	0.212314613342528
SALL2	0.212178110876235
IGSF8	0.211659775193854
DCTN2	0.211542925162054
ZNF460	0.211292844683964
HIF1AN	0.211242974690994
CCDC146	0.211145437627852
XKR8	0.211079470771136
ZNF235	0.211035622374307
FAM219A	0.210903994760627
GPR37L1	0.210865602260575
RAB15	0.210523843451312
ZNF177	0.210356418658894
PMFBP1	0.210199967337565
RPL32P18	0.209880292190711
FAM3C	0.209844265963341
AAGAB	0.209762167165481
UFSP2	0.20953309591227
SLC25A11	0.209434615374051
CYP2W1	0.209425222474084
GSTA4	0.209229161347356
KIAA2013	0.209149861671278
RAB4B	0.209084235520224
IGHV2-70D	0.209006813424811
GSTM5	0.208994880767355
RAP2A	0.20892908333437
SEPTIN11	0.208797205808189
BEGAIN	0.208690402923174
MGAT5	0.20838905262502
RAP1GAP	0.208240086770523
EFR3B	0.208158253007989
MX2	0.207442910737682
PMS2P5	0.207370624857029
ICAM2	0.207345143080004
ACAD10	0.20715817017458
LMAN2	0.207141785601331
STARD10	0.207048900774428
DYRK1B	0.206984325339701
IL4R	0.20681938797906
ZFP36L1	0.206706691143054
CCDC125	0.206650547020846
GIPC3	0.206627264219931
RNF14	0.206550121538312
RASAL2	0.206538511290493
ZNF234	0.206536350388856
CHST6	0.206516761177561
XRRA1	0.206416564086742
ATP1B1	0.206397111161008
POLR1E	0.206380801988257
POGZ	0.20637736997869
VPS50	0.206317233831493
NXN	0.20616151709055
C11orf96	0.205967582680593
UGT2B17	0.20592489087563
CAPZA2	0.205532733389602
MRPL37P1	0.205408396631782
ZCWPW1	0.205161932415164
IPMK	0.205145933811912
SPATA6L	0.205063291102116
GPR89A	0.204991635274353
BRD1	0.204930672084063
SOX6	0.20474740541
DRAM2	0.204483152130496
RUSC2	0.204319403964067
SRBD1	0.204302953475543
DENND1B	0.204271701431849
AFG2B	0.204192190638567
NISCH	0.204186891611287
SIDT1	0.20408080052907
MAP1B	0.203954351836658
NMD3	0.203937635958996
OAZ1	0.203918240845506
ARL8B	0.203816816462054
DNM1	0.203798245135435
LY86	0.203283468438604
TBK1	0.2032655198399
PSMD10P1	0.203075618042459
MBNL2	0.202806821605322
FCGBP	0.202728241742375
INTU	0.202606137680119
KYNU	0.202604380876718
KLRD1	0.202219283544584
NFATC2	0.202175499614918
ANKHD1	0.202078645471055
ZNF395	0.202055566617189
TTC38	0.202018580837864
CICP3	0.202015067765566
SAMD13	0.201360937704441
PEX14	0.201272827053694
MYADM	0.201257339803054
TNRC6C	0.201043968248248
CNDP2	0.201015853399478
SH3TC1	0.200821878607147
RPS3AP54	0.200693616315633
WBP1	0.200676196920397
CD200R1	0.200487338825478
DNAI7	0.20044760319341
ELMOD2	0.200409181655578
KIAA0408	0.200393855980502
MMP9	0.200386571731102
JAG1	0.20030700922433
HAPLN3	0.20014349885505
ATG4B	0.20008594596595
DARS1	0.199804123285777
HPSE	0.199688239143103
COA8	0.199661163591695
SPX	0.199619881055833
GATC	0.199590199004202
ZBTB40	0.199581530923639
RPL7AP66	0.199480398821699
PLCB2	0.19946163330187
MLANA	0.199355643064797
QPCTL	0.199296537991345
ZNF788P	0.199251798148161
LRPAP1	0.199132804534189
ARHGEF1	0.199128188299395
NFRKB	0.199029930254017
ASCC2	0.198810729994976
FBXO38	0.198784624159934
RAB40A	0.198752869822961
ZNF614	0.198702742971777
UBFD1	0.198661841228412
SUDS3	0.19863986534674
AK7	0.198499729867914
PTMS	0.198472909917543
GPR108	0.198296606013629
GSTT2B	0.198284644444798
MTMR2	0.198267781565679
ADPRM	0.19821460452285
CANX	0.198126265726698
UQCR11	0.197934982262872
SHISA3	0.197911757356714
FBXO8	0.197902249535517
ZNF226	0.197856676448973
USP3	0.197277988232833
PPP4R1L	0.197227549204646
SLC9B2	0.197091727818616
ANKRD13C	0.196877830283648
IGKV1D-39	0.196797760665556
PHB1P9	0.196698909988598
PRPF39	0.196475768210098
FZD5	0.196391142279165
PMEL	0.19627689567485
H3C8	0.196135830550078
APMAP	0.1961045848999
PI4KAP1	0.196091772040649
VPS33B	0.196086816164602
SMARCB1	0.196051495009695
FER1L4	0.195959456418047
RPL6P19	0.1959310857517
C19orf18	0.195915692799387
IER3	0.195815421161517
CD200	0.195504840524251
ARIH1	0.195341656379191
JTB	0.195290186732234
FA2H	0.195278340793983
TACR2	0.19515795000098
ZBTB18	0.195146093038324
CCR10	0.195107586539903
GAN	0.194990944454891
ITGA2	0.194978994035991
LTB	0.194943961423274
DENND1A	0.194887633807926
CTSB	0.194632530161706
FAM72B	0.194621521919276
DENND11	0.194542285453541
PDGFA	0.194536249369056
C20orf144	0.194308352585962
SFTPB	0.194148439178964
SCAF8	0.194098292168201
SEMA4G	0.193849834714325
SUSD6	0.193466742089843
CTTNBP2NL	0.193268265848783
ETAA1	0.193205733255777
SDHAF1	0.193054948437201
GPR25	0.192886814924938
DPF3	0.192832911019013
PLAAT3	0.192740396677386
USP7	0.192616615687672
GTSF1	0.192606027933515
FAM83G	0.192533202410936
C16orf86	0.192525356516858
TMEM200A	0.192441663574734
YBX3	0.192259272402981
PDIA4	0.192216077810117
IRAK4	0.192127152954503
RB1CC1	0.192108718340839
TCP10L	0.191953833210459
SNX3	0.191600337663239
RAB3A	0.191429216340378
TBPL1	0.191381044177092
AGPAT3	0.191330791504142
ACOX1	0.191246110743594
HSD3B7	0.191235218850633
ERI3	0.191147988686325
SPDYE2	0.190980400853634
SEC61G	0.190934281526949
S100A1	0.190907144414084
CDK13	0.190892809635048
TMX2P1	0.190843608029986
GAS2L1	0.19082966948746
MPZ	0.190768887709465
ABCA4	0.190652680202185
TYK2	0.190399246300964
FAM86DP	0.189850837829268
GLYATL1B	0.189762690698971
GLOD4	0.189734640568132
RMND1	0.189709197973105
GAPDHS	0.189690165802781
ECH1	0.189666103127773
CTSW	0.189659307456638
CTTN	0.189610339965329
DENRP2	0.189589320737163
H2BC12	0.189533484028303
SEPSECS	0.18944395467156
ITGA6	0.1894342270046
GRIA3	0.189409344160011
KCNA1	0.189202266961167
PPIC	0.189044074537931
L3MBTL2	0.188867706062712
FLNB	0.18886526567528
LPIN1	0.188713471557119
RNF169	0.188677038442991
RFC1	0.188461608483171
NAP1L4P1	0.188394086382256
PHACTR1	0.188334498901026
GTF3C2	0.188228206225237
NUS1	0.188212190175354
FBXO16	0.188212010148115
FHOD3	0.18812303817229
TADA2A	0.1878614215455
GPRASP1	0.187858560179097
FRMPD2B	0.18774849334426
PSD	0.187569003049807
FGF9	0.187525061933444
ZBTB39	0.187284440149667
SUPT20H	0.187284245822749
TLCD4-RWDD3	0.187209637097032
ZNF566	0.187167347488089
SH3GL1	0.187099887807717
ATRNL1	0.187058769556759
ISG20	0.186883962171225
GRAMD4P3	0.186744451076997
SFT2D2	0.186451908546919
MSH4	0.186423010449842
STAP2	0.186358598667839
PPP4R2P5	0.18623991423738
CARD6	0.186234856823084
ROBO2	0.186224614165562
PEG10	0.18620006184296
TMED2	0.186139284185657
PTGIR	0.186125548810313
KIF27	0.186096383270156
FAR2	0.186013420372407
ZNF580	0.185975251312897
PITRM1	0.185957890461628
TMEM37	0.185748561765302
JAML	0.185688051016688
ZNF383	0.185681637307451
FCHSD1	0.185420378509554
RETREG2	0.185397763729321
ZFYVE19	0.185367016049517
GGN	0.18536093536803
DAPK2	0.185357851115401
ZNF542P	0.185293154820196
USP51	0.185283199389931
SASH1	0.185162579854383
ADCK2	0.185038027584715
GTF3C4	0.184730422667016
DHCR7	0.184722047571316
METTL4	0.184607463101473
ZNF710	0.18451209848737
IREB2	0.184355274491401
BTN3A2	0.184271118632419
TMEM35B	0.184135160955857
RNF19B	0.184113937246546
GSDMD	0.184007968138226
UBQLN4	0.183984221752824
PNISR	0.183915975695551
ZFP91	0.18382400144608
PIK3R4	0.183816200891999
DNAJC9P1	0.18366083191917
SNRNP200	0.183578217450815
SSR2	0.183475184008456
ST6GALNAC4	0.18336150923609
EFCAB6	0.183187341543689
KCNK6	0.183181149062035
PRPF8	0.183174265197951
PPP1R37	0.183168431761321
E2F6	0.183044983695334
XXYLT1	0.183028649994961
BPGM	0.182840265474495
SMG5	0.182609101286164
MSL2	0.182223871707385
CREB3L3	0.182145492887079
TOP3B	0.182042860721664
SLC30A6	0.181960118589487
ABCC6	0.181783689084172
SMIM10L3	0.181755953105375
KMT5C	0.18173714688331
KANK1	0.181729744618214
LRRC4	0.181641378703884
COPZ2	0.181525707275706
HNRNPA1P54	0.181470132424025
ACBD7	0.181400908556653
ZNF787	0.181205346197057
MAP1LC3B	0.181148037551015
TRIB3	0.18110984463267
TMEM191C	0.181056893346813
STRADA	0.181027273093707
LMAN2L	0.180747954793567
ITPRID2	0.180742264180507
PPA2	0.180728314183301
GGPS1	0.180645704972756
ICE1	0.180582951008325
TNNC1	0.180517938236081
ZNF397	0.180493419282329
AP3M1	0.180226910720289
GOLGA6L5P	0.180214837904663
PLEKHA3	0.180134298834122
JAKMIP1-DT	0.180043976815829
PARP9	0.180015490336061
CACNA1F	0.179480455141637
PIGHP1	0.179458583893152
KLHL20	0.17934390305268
ARHGEF40	0.179271854211403
PAK4	0.179218561657102
MLLT11	0.179184971192462
DNM1L	0.178985819776281
CHMP2B	0.178951302170188
FAM229B	0.178754067142427
H1-10	0.178574266986454
PDIA6	0.17856427275976
IARS1	0.178539276542454
CADPS	0.178211738193164
KLHDC8B	0.178014353998501
IMMP2L	0.177999858833821
VN1R81P	0.177902651157537
SMOX	0.177847491067989
CALM2P2	0.177813078919522
GABRP	0.177743981447723
ZNF280D	0.177588535407716
VIL1	0.177573225942095
LYRM1	0.177494509918297
KIAA0319L	0.177229107242552
ARHGAP45	0.177215163321731
ACACA	0.176902903294733
RPL7P9	0.17685843606903
DNAJC6	0.176658998146904
MGST2	0.17652328075704
KIF6	0.176359713371963
YPEL3	0.176217239425579
TMEM150A	0.176052171729012
ARHGEF34P	0.176051611386972
PLK3	0.175986035083002
VWA5B2	0.175982368700992
SLC6A4	0.175942162933613
LAMTOR3	0.17588069383822
LARP1B	0.175824294443717
KCTD10	0.175763343921228
PDPR	0.175706600048732
GRID2	0.175631569445185
ANKRD53	0.175589817402325
ETFB	0.175532361163149
PLD1	0.175089342913353
GEM	0.175022915061502
NKD2	0.174919443597139
ZNF268	0.174840719259769
PRMT2	0.174748384093915
AHCYL2	0.174689167039477
TKFC	0.17448967278727
GNB1L	0.174381839273464
MYCL	0.174359316273339
DDI2	0.174071890197738
TSSK6	0.173981599090362
TIMM29	0.173743875177235
DGKQ	0.173445920319271
DTNA	0.173310124025449
DGUOK	0.173115285097173
SIRT2	0.172979834314421
OR52N4	0.172874363569079
SLC4A8	0.172845412672042
SOAT2	0.172705730667702
IQCH	0.172674634229511
SLCO4A1	0.172375844818398
RHOBTB1	0.172333892182824
PARP14	0.172287591755024
PAN2	0.172161871409747
FRS2	0.172151684645433
PHKA1	0.172119568789314
TTC41P	0.172062491607401
PPAN-P2RY11	0.172021243674475
MYPOP	0.171933612536225
TRIM27	0.171931826447509
GOPC	0.171927281339819
NT5C1A	0.171841583429809
MRPS27	0.171416654150346
ZNF793	0.171332417135207
DENR	0.171043793516521
TNFRSF19	0.170997339063381
LAPTM5	0.170731407780235
FZD3	0.170729658608072
CEP83	0.170656477178113
FKBP2	0.170651612317524
PLA2G6	0.170581028728041
SCAF1	0.170532572266703
HSD11B1L	0.17049419049524
FGFRL1	0.170487315563093
KLHDC9	0.17036974550006
VPS4B	0.170334697386514
LCN10	0.170060657400391
SIK3	0.169859705743858
ITPR3	0.169823481194877
MKRN1	0.169733245987368
PIGG	0.16972345572765
ENPP7	0.169660041057333
BMP3	0.169594781112113
CCDC198	0.169528645531295
YWHAG	0.169250135600552
DNAJA2	0.168893826077793
NUP205	0.16856359972756
CSPG4P12	0.168555678311672
DPH1	0.168541000964226
NKRF	0.168520073267112
MRPL55	0.16825440600332
FAM241A	0.168078862949698
TMEM64	0.16807401618074
CCNC	0.168068282426752
SMURF1	0.167894681051955
VPS18	0.167866283168744
LCLAT1	0.167836739132042
ATG101	0.167697619460506
NPTN	0.16758778231092
MYOF	0.167542605042582
RTL6	0.167523487318745
INSL6	0.167451915502953
ITGA11	0.167268568641449
HMHB1	0.167027347267565
RBMXL1	0.166648681015529
SLC39A14	0.166535799132929
PLCG1	0.166518669242315
SYDE2	0.16651820331691
RAB37	0.166303879739846
TRIM5	0.166006478198682
NWD1	0.165832599356623
ZNF646	0.165785576169723
SLC13A4	0.165767798008081
TNRC6A	0.165750669711343
ATP6V0A2	0.165705604987959
ECHDC2	0.165656799245158
OR52K3P	0.165256250216194
USF3	0.165236502851351
AASDH	0.165223848735814
MTCL2	0.165215667635576
ZBTB20	0.165155679822031
RWDD2A	0.165081713510242
RSBN1L	0.165038708256171
NOMO1	0.164927274707119
TNFAIP2	0.1648694653867
PMS2P4	0.164830715508025
RABGAP1L	0.164799023290031
TVP23A	0.164775908843907
SLC66A3	0.164720994200573
XPO7	0.164659761487551
STK10	0.16454774998683
TLE6	0.164524711625349
SHMT2	0.164519485244687
EIF4BP7	0.164454605131912
FAM47E	0.164236713596177
MRE11	0.163787753070003
KPNA4	0.163565236051155
PDCD10	0.163256936658946
CIROZ	0.16324892693361
HSD17B14	0.163186397555879
LZTS3	0.163138743612643
DLSTP1	0.163120007827449
RUSF1	0.163066659882004
SLC37A2	0.16281639123068
OR2W6P	0.162641521432034
BTN1A1	0.16263205011884
OR7E156P	0.162600099462427
MIDEAS	0.162425720819182
CBR4	0.162425319107162
SLC2A14	0.162419329916181
FAM30B	0.162416066553973
CENPCP1	0.162170744425741
ATP2A3	0.162157444560897
ERCC8	0.162149418451208
CRYBG3	0.162050284689989
TMEM102	0.161800437934176
PRICKLE2	0.161740173804138
PAGR1	0.161587729283398
C5orf22	0.161575351532747
GIN1	0.16136379112384
PRR13	0.161233888451652
CLPTM1L	0.161166490817698
RPS18P5	0.161020908948822
GTF2H2B	0.16098400179037
PGM3	0.160917099911455
ZNF221	0.160912910173694
WHAMM	0.160855612886775
C5AR2	0.160801848205664
ANKRD18EP	0.160783458083542
USP6NL	0.160742862802703
NRBP1	0.160726885667814
EXD3	0.1607137997839
CIR1	0.160188975827214
MFN1	0.160151401732284
RAB11FIP4	0.160138863582585
PAXBP1	0.159879714939158
B3GALT6	0.159865276471095
SEC23IP	0.159798371131306
SYCP2L	0.159696845685253
PLCL2	0.159613788975339
CRIP2	0.159605920130724
PRAMENP	0.159466597908452
PRELID2	0.159419935633883
PSKH1	0.159378592105123
BATF	0.159068241282158
KRIT1	0.158929123165593
ORAI1	0.158780700912993
KLHL34	0.158758730389493
AGRN	0.158571222114051
KIAA1586	0.1585578524895
CA11	0.15850957037663
KLLN	0.158485136812006
TFCP2	0.158377677601744
CHCHD10	0.158348880617511
WDR11	0.157876849891511
CA3	0.157795584525815
CTNND2	0.157759819728024
PER2	0.157582947501015
GDPGP1	0.157492775881192
CAPZA1	0.157367080202837
ARID5B	0.157309668414459
NUP214	0.156916487439266
SMC5	0.156673206030496
IGFBP6	0.156535856737978
OST4	0.156463924304025
ASAP2	0.156228396110277
HYAL4	0.156203665434039
ZSWIM9	0.155958969577782
FBXO41	0.155707644608079
MSANTD4	0.155612421314424
ZNF253	0.155564402973157
LILRA4	0.155551412705293
TSPO2	0.155526139543694
OR2A1	0.155341876417287
CLMN	0.154630863826537
PRDX3P1	0.15451315486552
POLR3E	0.154197744267713
PRAG1	0.154185237569911
RAB34	0.154119413766457
BRPF3	0.154105097977371
MFAP1	0.153997127390456
HSF1	0.153975635879007
EHMT2	0.153841114448664
PRSS53	0.153780309623818
LETM2	0.153701125432328
IL10RA	0.153686072134479
H4C8	0.153472106590174
LAMTOR4	0.153392570697816
IMPACT	0.153388835461612
INPP1	0.153330555859325
DDX6	0.153093527966898
ENTPD4	0.153069095332814
PEX19	0.153020608899401
CC2D2A	0.152750607791454
ZBTB8OS	0.152548809888677
ERICH1	0.152511682360292
PKD1P2	0.152479076332364
FNDC9	0.152323045127989
AP1B1	0.152291466040636
HLA-DOA	0.152258282079488
NOL4L	0.152154728735128
AMPD3	0.152119649366652
ST3GAL1P1	0.152103676909814
MSMO1	0.152061709607776
FRG1KP	0.152055257915459
CYP3A4	0.151752295301398
ATP1A1	0.151719299147016
ZNF550	0.151448928106778
MINPP1	0.151227303104883
MAP9	0.151148378936824
ABCA8	0.151145730103483
YLPM1	0.151058110138643
MEPCE	0.150917980262052
REV1	0.150867435229346
DDX20P1	0.15083799359479
F8A3	0.150639764736577
SPAG4	0.15063029706113
HEXB	0.15058966362342
CELF2	0.150394202901118
RIOK3	0.150362916815993
STAB2	0.150185872899864
AKR1B15	0.150100291016808
TMEM40	0.150040968853435
ZNF524	0.149919883130704
SF3B1	0.149691008585411
EIF4HP2	0.149673127707171
MSC	0.149436806761658
NAV1	0.149383009346657
FLRT3	0.149287326510053
ENTPD7	0.149276511366605
TMED10	0.149270247121681
EYA3	0.149229696910136
LRGUK	0.149215628058395
RPL17-C18orf32	0.149047628275256
SLC51A	0.149012420168456
SCN3B	0.148853781408568
RPL24P2	0.148833551836381
PFKFB2	0.148732008932426
INTS4	0.148730280911967
TRAF1	0.148696955211535
PHIP	0.148679092077142
ZC3H10	0.148663441424332
MYO6	0.148591403268194
DDX54	0.148537045624949
SLC22A13	0.148413508410717
MLC1	0.148153802496291
MRPS18B	0.148010120969629
AFG1L	0.147973107904093
JMJD7	0.147896528690451
MIF4GD	0.147830934155739
STAC3	0.147696740164342
SPTSSB	0.147591183311267
SVIL	0.147423824833171
ARL14EPP1	0.147238716081948
SYNPO2L	0.147237664795487
HPS3	0.147181783624265
NPC1L1	0.147083457193716
RPL12P16	0.14706513789515
RBBP5	0.146911766092741
ARHGAP24	0.146789444921795
IFT122	0.146773895155316
CDK8	0.146763818433959
CTNS	0.146742947333393
TMEM255A	0.146536227455279
PWWP2B	0.146517024340783
PTGS1	0.146433920222243
MYL12B	0.146247345245616
SACS	0.146088087911038
PTMAP12	0.146021752973716
RPS12P3	0.145845367073157
MAML1	0.145582592395781
IGHV5-78	0.145577112296615
RSPH10B	0.145520202299276
PRR12	0.145176218824084
WFS1	0.145125884820919
CRNKL1	0.145084522292773
SCPEP1	0.145057470972877
PAPSS2	0.144922404759312
PPIAP41	0.144911645171217
EPS8L1	0.144705788106481
CD79B	0.144600526051309
ULK3	0.144246578505018
AEBP2	0.144063846740057
RPS3AP5	0.143934926378751
OSMR	0.143886179751881
RHOU	0.14364174128084
ULK1	0.143551098296233
LIN37	0.143488361362512
RORA	0.143419886768597
SDAD1	0.143313942101721
SMYD3	0.143188165148532
CCNYL7	0.143111727467102
KIF1C	0.143046978830645
RPL8P5	0.143009899505028
DGAT2	0.143007280424253
CCNA1	0.142995928954935
ACTMAP	0.142984056187305
MARCHF1	0.142964795329804
SLC43A2	0.142902362165108
SCRG1	0.142825982965021
FLACC1	0.142386586576247
ZNF12	0.142281038680543
MINK1	0.142082789661231
RPL9P29	0.142018413481023
TMEM38A	0.141776952843332
GCGR	0.141660797547561
ACYP2	0.141586735561543
PLIN2	0.141404139800901
TMEM63C	0.141221706408628
SEC13	0.141202960812077
UBBP1	0.141119768019332
ZNF155	0.141054489576049
SLC16A5	0.140811021994786
ZNF518A	0.140762183233623
FAM86C2P	0.140739598875764
GLIS2	0.14049383898199
MTHFD1L	0.140488717919042
BMP8A	0.140336727710537
INTS6L	0.14024549552767
TMEM116	0.140086518719572
POPDC1	0.139838818864867
AKAP12	0.139664718850601
HOGA1	0.139591132623402
CD151	0.139567686374953
PAFAH1B1	0.13952493092167
TMPPE	0.139488365404841
CBX3P2	0.139442926018805
ZNF569	0.139402267298035
DLG2	0.139299384797081
TBC1D8	0.139280815334976
PAIP2	0.139272807940808
FRAS1	0.139201128765688
GLB1L2	0.139118255295857
ANKRD22	0.139047409210883
IFIT2	0.138914489487567
HACD1	0.138562474008926
HSP90AB2P	0.138485585213611
P2RX5-TAX1BP3	0.138203754256699
PRUNE2	0.138159242558577
GPX2	0.138098945626981
MPV17	0.138013391485258
SPP2	0.137838622929849
UNC79	0.137822124540418
SNCA	0.137275761997299
ANKK1	0.137266421099579
NYAP1	0.13725738611948
CEP85L	0.137172264835028
DENND2D	0.137143734185903
ENPP2	0.136883906420167
ATP1B2	0.136463640929572
EPOR	0.136246797816831
RPS6KB1	0.136107329773122
PLOD2	0.13603057985983
ARFIP1	0.135881242359553
JCHAIN	0.135833105320413
FOXJ1	0.135775170160931
WAPL	0.135772988284366
MRPL17	0.135669084295034
USP10	0.135377339787021
CPEB3	0.13523791175616
ZNF589	0.135215134984854
TOMM70	0.135091114919211
ZC3H12B	0.135089229482698
PORCN	0.135017615333852
SNX12	0.134969669679812
DDOST	0.134871430824047
SMIM10	0.134858067150165
PFDN5	0.13477245765525
MPHOSPH9	0.134677543600404
ARPC5	0.134628647671737
SERTAD3	0.134596024984088
ATP6V0E2	0.134557870927836
MYO7B	0.134526783721714
LIMS2	0.134487006021178
THAP5	0.134407582629914
AP4M1	0.134367114787235
NCK2	0.134312683409734
CCDC159	0.134159965924263
APPBP2	0.134089255617505
ARHGAP18	0.134080652540974
TMX2	0.133997698762523
KMO	0.133980029086054
POU3F1	0.133733640520296
HES4	0.133679605297225
TOR1B	0.133588270892366
PPAN	0.13352157937898
TSPYL5	0.133325309729239
BTBD6P1	0.133038973528436
ARFIP2	0.132969590923866
L2HGDH	0.132888749262272
RALY	0.132887478997095
GATA3	0.132824514091367
RALA	0.1327314820175
PGGT1B	0.132728413295
PRELID1P6	0.132654999501677
ZZZ3	0.132645551060694
ZNF490	0.132565269104316
FDFT1	0.132402942120126
KIFAP3	0.132282755339857
IL27RA	0.132185623034161
ZNF473	0.132079439242197
ASPRV1	0.131991064191361
RTN4	0.131831155652923
RHOBTB2	0.131823445699593
STK24	0.131800883028305
SCG5	0.131526415409586
CLCN7	0.131512031168258
EEF1A1P11	0.131496753444006
ALDOA	0.131484474407078
STX16	0.131385846880719
EEF1AKMT2	0.131215051086484
ZNF483	0.131085818665292
KLHL15	0.130505306305078
RMND5A	0.130366506312502
EMX1	0.130256677504998
GOLGA8J	0.130178889349299
KCNMA1	0.130123009146503
SASH3	0.129935292039466
ZBP1	0.129889664590716
ALKBH3	0.129829271994355
REEP4	0.129695434965038
GAPDHP1	0.129621135510837
XRN2	0.129598693268497
APOBR	0.129483509766349
IFNA13	0.129383891826183
SERINC5	0.129368723041686
BLOC1S3	0.129306713835369
FAM78A	0.129281114781405
UBE2B	0.129223545272816
TTC21B	0.129118338226067
SCP2	0.129041438209276
SLC28A2	0.129018473849971
TCEA1P4	0.128964332229359
SDHC	0.128877733674013
OSBPL11	0.128797261031897
RCOR3	0.128792958313347
MBD4	0.128570364055845
HES7	0.128384270001652
DNAH9	0.128265363121704
SLC16A14	0.128180962073622
STX12	0.127901184008523
SH3PXD2A	0.12778401318919
TCTN2	0.127707318258774
KDM4A	0.127671541451614
GALNT3	0.127567081100291
NR4A1	0.127553861254068
MMP11	0.127552011856996
CFL1P1	0.127511431997856
SLC10A1	0.127500655201895
NPR2	0.127436842526855
ZBED3	0.127394397363547
ALG14	0.12737583124067
ANKRD42	0.127322058529107
PIGL	0.12722087769637
SNX1	0.127191433001984
RACGAP1	0.127156781419513
SPN	0.127136965384362
DYNLT2B	0.127107539250994
ZBTB45	0.127103310666531
ARSK	0.127073590242583
BTBD18	0.127068567195445
ZNF585B	0.127064278333087
EFCAB3	0.127057100448612
MTMR12	0.126956174600091
DCUN1D5	0.126678745458218
CAPN1	0.126676488280283
F12	0.126570346497956
SIPA1L2	0.126557371809358
NDUFAB1	0.126366139637708
COPS2	0.126319448591233
CAMSAP3	0.126316707953145
COPE	0.126171125203212
ATP5F1A	0.126096955829343
C1D	0.126078274008363
SSC5D	0.125964778240807
PKP2	0.125922528713225
UBC	0.125888212506974
C12orf60	0.125735355345071
AHI1	0.125641807272729
SHC4	0.12561764125957
GPD2	0.125572674536214
MTFR1	0.125522761338392
XPO5	0.125424518721063
STK40	0.125200332472669
PARGP1	0.125143155298055
MRS2	0.125084909000119
PROSER1	0.125035258162258
CCDC191	0.124996811672653
TMBIM6	0.124945817581975
DOCK5	0.124864339283702
ALDH6A1	0.124793981062012
PTGR1	0.124220299518911
RELL2	0.124080915645253
APOL2	0.123971485994378
LRRC63	0.123886812944087
TIAM1	0.123823340852962
MARK4	0.123743927086371
PCM1	0.123743014364498
NELFA	0.123496354414559
MDH2	0.123443395547364
ANKRD20A17P	0.123428680182685
CDC27	0.123383350938493
LRRC19	0.123096019073801
ZNF286A	0.123070848531357
ZMIZ2	0.123064085535493
RASA4CP	0.122926812304964
NOC3L	0.12271937064784
ZNF211	0.12258275457857
ZNF83	0.12257588853637
NDUFA4L2	0.122542737438615
PPARG	0.122490060861136
TTC21A	0.122214411745247
BOLA2-SMG1P6	0.121771011815881
GREM1	0.121767903300514
WASF1	0.121615104635182
AGBL2	0.121438069247607
LRRFIP2	0.121390958068784
CDIN1	0.121272274423578
F13A1	0.121232231686191
ZNF90	0.121189397815685
CCDC180	0.121114999040411
EGR1	0.120913182105585
SNX24	0.120909228428561
RALB	0.120884193030388
VSIR	0.12083315778779
EGLN2	0.120630755954829
DDN	0.120619416419594
TMEM68	0.120608213530582
PDZK1P1	0.120511461065409
LDLR	0.120481714299027
TNFSF12	0.120374223010503
TMEM94	0.120194837569748
TRMT44	0.120189662267279
RNF4	0.120188786615365
PPFIA3	0.120158021311046
SUFU	0.120120095183948
C5orf63	0.120040985158987
ZNF837	0.119858103500357
SNX30	0.119755824891451
AGMAT	0.119700528184885
KBTBD6	0.119689359363721
LAIR1	0.119661968058496
PNPLA3	0.119576691794149
APIP	0.119489165975337
TSTD3	0.119438652421097
PDE8A	0.119287036800517
HPS6	0.119239051123655
SNX18	0.119223146112504
TRMT1L	0.119220670666421
VAV1	0.119015695128149
MED8	0.11889706974151
PTPRVP	0.118870640040983
NUS1P2	0.118773264053926
TMEM232	0.118532808451147
FKBPL	0.118510472912025
ANKRD49	0.118361494988604
DNAAF9	0.118147838215053
TMX1P1	0.118083405216187
DNAJC24	0.118076697272429
ZKSCAN8	0.117842276617791
GBP3	0.117800789541147
PMS2	0.117615158121473
SIRT3	0.117393290559939
TUBG2	0.11709823367419
LONP1	0.117056301470056
RNF10	0.117003694597186
ZC3H7A	0.11699447861414
SHFL	0.116909865478382
FAM86B3P	0.116863211459527
RAPSN	0.116837527811611
WDR18	0.116723330920023
PLPBP	0.11666236953011
CAPN12	0.116422298372787
PDPR2P	0.116393100342267
ZG16B	0.11636278960195
DCPS	0.116328651562126
YPEL5	0.116187731237471
CLIP4	0.116114069416656
SPINT1	0.116077696153142
LRRC61	0.115982517921266
PNKP	0.115801242635353
SUN1	0.115609239431863
LINGO3	0.115520357817992
MX1	0.115460627031366
HEXD	0.11524392334464
YIPF1	0.115140315473017
SAT2	0.11513426643043
ADAM23	0.115117688665076
ZSCAN12	0.115108266995279
CAMK2N1	0.115069173855286
COMMD10	0.115034739430209
TTLL1	0.11484873315749
AP1G1	0.114808843009511
CHMP2A	0.114756347960509
USP17L9P	0.114633666501494
RPL18AP7	0.114535413159771
RBM6	0.114521757321045
SLC1A5	0.114478586411099
DKK4	0.114436206453027
PCBP2	0.114306176058266
CDYL	0.114128111590781
TERF2	0.114098605001123
ZNF772	0.114093853170334
TRIM66	0.113932930110546
OR10A2	0.113902420635505
TTI1	0.113878853181397
ZDHHC20	0.113780682724796
BNIP3	0.113772388391386
ZNF525	0.113707340158899
ZNF695	0.113604632902731
FAIM	0.113528874472394
USF2	0.113420845141384
AGO2	0.113257723963807
ABHD17B	0.11301446603002
NSG1	0.112944050276686
CSAD	0.112773352969105
TBCD	0.112646774101259
INTS9	0.112520578629689
CDS2	0.112520508093028
ADGRB2	0.112503867583972
ADIPOR1	0.112492895409062
MED10	0.11229861547267
MEIS2	0.112210858861153
LHX1	0.112018187822809
NEB	0.111855255417343
CLTRN	0.111810504582333
ST13	0.111784185020417
EHBP1	0.111704681360554
P2RY11	0.111694951452554
COL22A1	0.11162391101312
H1-12P	0.111473441669929
DAB2	0.111204913505416
SIN3B	0.111167906571636
ICOS	0.11113229848869
UFM1	0.111103942111523
FBXL16	0.111000700751154
AGO3	0.110981472858974
MROH6	0.110979179141426
CENPF	0.110942846796472
MATN1	0.110855447442141
AMFR	0.110802414135003
ICAM4	0.110763575258355
RAB40B	0.110725821884935
ZNF699	0.110704400581005
CCDC174	0.110630010550738
KITLG	0.110571658909498
CHP1P2	0.110533491224798
DEPDC4	0.110386618226884
WDR45	0.110269382819259
SYAP1	0.110115790911359
CCER2	0.10999748067972
ZNF500	0.109973441284987
RSU1	0.109967909892006
ALS2	0.109845540806778
CYB5R3	0.109697189877589
SESN2	0.109687877203803
ZNF236	0.109638010320415
CD81	0.109461157429537
OXA1L	0.109281220170597
XKR9	0.109120416560741
LIPE	0.108874134671554
ARID1A	0.108860358627663
ZNF35	0.108786527858568
NFE2L2	0.108649759759928
RHOV	0.108540433007594
PTDSS1	0.108390976785205
ZNF154	0.108344291456046
ACLY	0.108310401881828
MADD	0.108228654263772
CDH24	0.108151209688634
CAPRIN2	0.108101448449096
LIX1L	0.108076106122174
CFAP263	0.108035451513906
ADCY2	0.107969273093872
IGSF9B	0.107935406262813
ACKR3	0.107909300918944
ALG1L6P	0.107856849538369
ZC3H13	0.107807655896226
SZT2	0.107709513367159
PEX13	0.107697151444508
CDV3	0.107539996219593
GRSF1	0.107511249599198
KRT8P46	0.107483222503413
LY6E	0.107348454332801
SNX5P1	0.107318175567768
ZNF621	0.107308695471688
SEC62	0.107151525424708
C1GALT1	0.107005158850312
USP19	0.106929316261798
CHCHD5	0.106924290117903
CLEC12B	0.106889813975099
HCLS1	0.106726139318393
SH3RF3	0.106646190224789
PDE9A	0.106633049107569
MAN1C1	0.106547630073033
TOX4	0.106495440736377
ERGIC2	0.10633754578163
MAIP1	0.106284908206824
TLE1	0.106178727948146
GNRH1	0.106044112718138
MOCS1	0.106040194405449
PAPSS1	0.105879631011356
CENPC	0.105784655721363
SERF1B	0.105695592592279
TSC22D2	0.105517794464056
KCNA2	0.105479972078484
PRR4	0.105445771099378
GPT2	0.105270611590817
C1QTNF12	0.105252914271891
WDR41	0.10522562211393
CMTM1	0.105121838977326
KCNN2	0.105076101529186
TNFAIP8L2	0.105061608014086
USP46	0.105045772042871
ELOCP19	0.104854425470262
ZFR	0.104814576196722
RTCA	0.104693313055501
PTEN	0.104487919518602
CIDECP1	0.104404241854372
CCDC85A	0.104401434749465
MED20	0.104171389156939
FOSB	0.104153112377453
MDN1	0.103761469989116
CLINT1	0.103745484240784
ZNF852	0.103712874009721
ABHD17AP5	0.103676980538465
GEMIN8	0.103610004804831
ABCF2-H2BK1	0.103544964823798
RBM14-RBM4	0.103532022698741
SLC1A4	0.103209071074052
ST8SIA5	0.102869062395211
EMC9	0.102865927302034
ATG2A	0.102844891761663
CBLL1	0.102803725367993
ZNF830	0.102654514665423
PTTG1IP	0.102649126113364
PPP1R27	0.102602631530683
RARS2	0.10256969070405
PCGF3	0.102442031230512
RCHY1	0.102415077526038
MYRF	0.10237124369169
PRCC	0.102346604601218
RPL7P57	0.102129537236964
PLEKHN1	0.101864747739819
BCO1	0.101671619185024
VPS13A	0.10159784344391
MPI	0.101466438472754
DUS3L	0.101390383522854
MAFA	0.10136883247483
PUDP	0.101276002241898
TINAG	0.101190845058116
HM13	0.10117561825171
METTL21A	0.101122984290418
VRK3	0.100993351980507
CKB	0.100931346223017
LAX1	0.100919099636145
ZNF107	0.100735686931274
TMEM129	0.100733457168051
LIN52	0.100702388436764
LIN54	0.100450055096755
CNDP1	0.100390072403955
C16orf87	0.100348987882187
ZNF564	0.100299802960354
MYEF2	0.100267396820775
MYSM1	0.100241215837386
TRMT13	0.10022341469117
NIPA1	0.100149156475023
FIZ1	0.100127998861423
SPPL2A	0.100122694842801
UBXN6	0.100106869602418
TAB1	0.100079241211588
CD101	0.0996092362629592
ZNF559	0.0995777391314935
SLC25A17	0.0995665255981743
S100A2	0.0995389632356217
ZKSCAN3	0.0993771918655203
SNHG33	0.099179095269041
FBXO28	0.0991698775614281
PHLDB2	0.0990437412124595
FAXDC2	0.0989313156719219
CDKN1A	0.0988535648589081
PAWR	0.0988369304161526
ELK4	0.098712435187199
HSDL1	0.0987081917096392
CDIPT	0.0983065227032061
LYSMD4	0.0981865453708329
EGFR	0.098079260119444
TNNI1	0.0980596232464017
UBQLN1	0.0979756750154076
ZNF169	0.0979338083230939
MAN1B1	0.0979037349802465
ITIH1	0.097890840983141
MRPL53	0.0978257404355091
DUSP8P5	0.0975177001653025
SARS2	0.0973848926565953
FBXO30	0.0973624056648507
HYCC1	0.0973539468972599
MYLK3	0.0971756570978094
FAM161B	0.0969766564176204
DOCK9	0.096938680975184
PTAFR	0.0966950608026153
ICAM5	0.0966739496985107
FLT1	0.0966322732692585
STX5	0.0963832830136829
PIK3AP1	0.0963595110507335
CASP9	0.0960749977626244
GTF2H3	0.0958535923145737
TRMT2B	0.0957775245542486
UAP1L1	0.0957159627306878
CMIP	0.0956586312264958
TBX21	0.0955405353848461
ARHGAP35	0.0954700007360227
MYH11	0.0953628401642855
EDC3	0.0952082561378517
DNAJC1	0.0951839538831457
PPP1R21	0.095126149190704
HSCB	0.0950119727371513
ZNF875	0.0948959828035116
CTDNEP1	0.0947553107224499
ZNF449	0.0945887556176714
METTL8	0.0945179113249958
ELAPOR2	0.0943821354199043
ATP10D	0.0943031654455677
ZNF731P	0.0942338312268806
SNN	0.094131581841937
MBD1	0.0937338528611444
RPS26P21	0.0936968136266372
CFAP74	0.0936921064536022
AGAP2	0.0934919026427663
GAS7	0.0933877941704403
IL6R	0.0932633526099381
COMMD1	0.0931770093271315
IFT81	0.0931543210462088
ARHGAP44	0.0931406585670405
VAPB	0.0931323362250771
RPL6P10	0.0929655405437914
HEY1	0.0926891719057683
NLK	0.0924255721272163
BCL9	0.0922912199510316
KCNQ5	0.0922464622593147
TRIM9	0.0920303150843759
ARPC1AP4	0.0920004767507597
ABHD10	0.0919912425207054
RIBC2	0.0919224009230105
KANK3	0.0917265243053837
NOTCH2NLB	0.0917251165753597
AFAP1	0.0916354280318638
INTS4P1	0.0915919112659121
IGHG1	0.0915791125040337
CCR4	0.091533457694168
NOTCH2	0.0915133709978903
ALOX5	0.0914407864810289
MCF2	0.0913082734460245
PSAT1	0.0912774121319174
TMC6	0.0912719727603333
KRT8P33	0.0912656165139431
LTA4H	0.0912256645819145
OTUD4	0.0912162524750462
FAM21EP	0.0910626147649466
ZNF891	0.0910229980618896
CSNK1A1	0.0908144587181858
RINL	0.0907733031886081
LIPJ	0.0904435572951
ZNF540	0.0903895157485178
H2BC7	0.0903168306481817
CAMP	0.0902117094520683
MAX	0.0900509868173415
FAM43A	0.0900203146020718
ZDHHC24	0.090015929280759
DDHD2	0.090015236616556
AMZ2	0.0899671283353537
MDK	0.0899608407145305
CCDC47	0.0898411201259911
TPI1	0.0896901960811291
GMPPA	0.0896345163362306
PFN1P6	0.0895537802715075
NDUFA10	0.0894973911244189
UBD	0.0891846483887748
B4GALT7	0.0891429372341503
PRKD2	0.0890675573094599
METTL25B	0.0889497660957608
PLA1A	0.0885932138353565
ATXN7L3	0.0885714899265772
STYXL1	0.0884946575505976
CDH2	0.0884946138853593
INPP5B	0.0884132237058563
ATF7IP2	0.0884059325945126
MIEF1	0.0882699349219997
LETMD1	0.0882564608492398
BTBD7P1	0.0880832460708012
PLAAT2	0.0879347219178389
SQLE	0.0877574891372966
THRA	0.0877441077229113
ADARB2	0.0876133850268267
DENND3	0.0876112127230631
FLNC	0.0875577543165154
RIPOR2	0.0874275273858425
NKAPL	0.0873998872411427
SLC12A8	0.0872559961368399
SPTLC2	0.0872349814030993
UBA2	0.0872323388625575
TXNDC15	0.0871170095660254
MICOS13	0.087098031136978
PPP4R3B	0.0870648137702914
BCL2L11	0.0869650338856053
PIAS1	0.0861582363005877
CBS	0.0861166597433757
PLLP	0.0860302767818757
POFUT1	0.0860002462023399
TLCD2	0.0858766155451967
MARVELD2	0.0858434026791428
UTP4	0.0857196050531176
TSR2	0.0857057861811977
IGHV4-39	0.0857044863909563
MAP4K1	0.0856926529354714
EHBP1L1	0.0856609407979596
TMEM209	0.0856538320967432
LRIG2	0.0854535932246038
PRUNE1	0.085445885240403
FAAP20	0.0853489959561157
PHF6	0.0852497816582372
TLR2	0.0852068184350793
UBE4B	0.0851557739502782
EIF4H	0.0851550826586254
GUSBP4	0.0848321706376924
MCFD2	0.0848259454229408
RPL41P2	0.0846580191024659
ESR2	0.084563650181549
PLBD2	0.0844756542508395
CRYBB2P1	0.0842670942391991
EPC1	0.0840470267778394
BICDL2	0.0840314124776496
NOMO2	0.0840256473114409
NCF2	0.08385425417836
CLPP	0.0838422981748394
ISOC2	0.083799437389873
VSIG10L	0.0836316192610666
DDX42	0.0835606662704544
QSOX1	0.0835141814569488
SELENOH	0.0834849243830847
LCP2	0.0834689349125569
RAB7A	0.0833646834124582
TXNL1	0.0832763863368625
RPRD2	0.0832254634377381
DCAF1	0.0832119182388748
AKT2	0.0830410456368019
RASAL3	0.0829988439275869
PBRM1	0.0829660552280139
ZNF571	0.0829252037312729
DCAF8	0.0827048298253819
CYB5R1	0.0826793346317614
MINAR1	0.0825729975874376
ZNF418	0.0825350069612895
MBIP	0.0823946049971286
NOXRED1	0.0823754990551846
TMEM123	0.082353919565458
DAPP1	0.0823402563827772
GMPR	0.082308212685956
RPS26P19	0.0821191084808054
C1GALT1C1	0.0819646546367487
GPR15LG	0.0816912749210749
CHD4	0.0816455198337944
DDX18P1	0.0815425916403052
CCDC88C	0.0815382411023385
BIRC6-AS2	0.0812313729041177
ANKRD27	0.0811486413037367
PDHB	0.0811133151917977
GABBR1	0.0809610699218355
MRPL49	0.0809509421689191
H2BC11	0.0808213861217034
OR2A9P	0.080705347235597
MAGEH1	0.0806955829421527
DGKD	0.0806067252535568
EPRS1	0.0805576613938468
BBS12	0.0805072684073148
CFAP69	0.0804929623393502
RIMOC1	0.080379398007011
BBOF1	0.0803787685932273
NMNAT1	0.0803606150472043
FAM193B	0.0802127205520299
PRR15L	0.0802096143196034
AMDHD1	0.0801873892549877
AMER2	0.0801693949073129
HCFC1	0.0800744729853411
ADAMDEC1	0.0800015123394826
EZH1	0.079965395425062
YJU2B	0.0799083946456071
MRPS18AP1	0.0798717141226488
ASTL	0.0796510935835863
EBLN2	0.079588088496165
NIF3L1	0.0795734381719965
GRK2	0.0794228463504038
ZNF101	0.0794032084033787
SEC61A1	0.0792527039710005
OR56A4	0.0791397056094636
PARP6	0.0791251400285045
DVL1	0.0789736584158566
BTD	0.0789087219151929
EML4	0.0788725609573115
ZSCAN22	0.0788519176206299
PGAM1	0.0788224967815643
ZIK1	0.0788179527998755
PUM3	0.078784417881567
ANGPTL2	0.0786096201214328
ARPIN	0.0786086494221002
IL2RG	0.0784873252615134
ARHGAP12	0.0781685942770209
MYLK4	0.0778171584954611
DDX41	0.0777969688942847
NFAM1	0.0777433758813157
CBLN2	0.0777228234865075
SCG2	0.0776309486446818
TM2D2	0.0776103989565007
CIT	0.0775087155095649
CBX6	0.0772933712726581
GRB7	0.0772237112188819
OR7E122P	0.0772053383317023
STAT6	0.0771235618429573
BET1	0.077121169384322
ZNHIT3	0.076920789083735
RSPH1	0.0768499540511726
PFN1P8	0.0768371424778328
ERBB2	0.0767924784915146
SUPT5H	0.0767154128885846
ADAM9	0.0766862932578476
ZNF785	0.0766704777804793
ZNF317	0.0763999826844643
TSPAN6	0.0760942084137295
NDUFS1	0.0760185775745273
CCDC32	0.0759897232110155
EFNA1	0.0759476342761581
ALG9	0.0757452878506295
SECISBP2	0.0757325069962597
TMEM97	0.0756831433737077
TPD52L1	0.0756423846007691
SPSB1	0.0752471684304796
ZC3H12D	0.0752209996915594
WBP11	0.0751763463656985
GPR15	0.0750690474779633
DPCD	0.0749082579042999
YIPF3	0.0748785999758691
POLL	0.0748443499854234
RABGAP1	0.0747521666637015
LRRC46	0.0746981614319596
MST1	0.0746608847681619
NEUROG2	0.0746586171124161
KCNK7	0.0745998738413686
ARPC3P1	0.0745555317898201
CCDC134	0.074271547878415
INO80B	0.0742598368893787
ZFP69B	0.0742141372896767
MAPRE3	0.0741987769487469
NUDT22	0.0741961305389962
TBC1D3D	0.0741311020012988
APBB1	0.0740921909176797
MAN2A1	0.074073734884952
ACSL3	0.0739548758366416
COX14	0.0739235287206791
ATP5F1E	0.0738899548665824
SMCO4	0.0737368616301693
RPL12P1	0.0737361574517995
WASH9P	0.0737056402681215
SYTL2	0.0737054528446366
TRIM68	0.0737000320274129
LAMTOR5	0.0736828074689372
EIF5B	0.0735209292119207
THAP12	0.0733603552647881
HSPA5	0.0732195994752562
ALPK1	0.0731954824807431
TLDC2	0.0731572278279871
IDH2	0.0731544147105536
PARS2	0.0730605042731998
ST8SIA1	0.0730150029228022
VPS37C	0.072934218940877
SYF2	0.0726423947296442
FBXL3	0.0726194783909829
SNX17	0.0726118132991709
POMGNT1	0.072599997427746
HP1BP3	0.0725290388346313
SNX2P1	0.0724827981891925
CTR9	0.0724577473700441
SMIM7	0.07243450568366
PLEKHG5	0.072314021419358
IFIT1	0.0722771950261605
GBE1	0.0721582375582015
ENO3	0.0720675778145161
RTL8C	0.0719958786120903
CABYR	0.0719422456518006
RABGEF1P2	0.0719410277640212
GZF1	0.0718998356762859
EEF1A1P13	0.071893507284354
EVI2A	0.0717678884109803
DNHD1	0.0717554071717866
C14orf93	0.0717031681992281
GGNBP1	0.071692994052329
REM2	0.0716617775062581
FGD2	0.0715868301367588
SLC39A4	0.0715432636102196
TMEM184B	0.071532751619329
KCNMB4	0.0713371166547206
GOLGA2P11	0.0712968557732361
ZNF689	0.0711319703193606
ECHS1	0.0711199318688831
SEMA3B	0.0710867574855014
SMOC1	0.0710042014544798
SRPK1	0.0709835188172089
SAMD4B	0.0708456609389802
ADO	0.0707966207698632
CREBBP	0.0707663526916972
ZMYM6	0.0706514559974641
SMG8	0.0704937927348167
MICU1	0.0704831541407275
TRAF5	0.0703603154441785
CHCHD2	0.0703390666200021
C1QTNF3	0.0703248249222932
GJA3	0.0702617786877553
GSTO1	0.0702019565124881
ANKH	0.0700955307411478
BCL11A	0.0700546943429874
FERMT2	0.069770557797799
FBXO6	0.0696166052946903
GARS1	0.0695577446890359
SPDYE1	0.0694597009065367
FOXK1	0.0694004439486353
ZC3H3	0.0693732386142043
TEX14	0.0693174305621623
DCK	0.0692526239782122
CTSV	0.0692509761478642
DUSP19	0.0691933787841209
WWTR1	0.0691583870277764
POMK	0.0691272512004011
PPP1R3D	0.0691023733902997
DNPEP	0.0690973428014959
STARD7	0.0690014729439746
MRPL45P2	0.0689087571258352
METTL2A	0.0688092924320481
AKR7A2P1	0.0687713306794703
RILPL1	0.0687259530553235
KCNMB1	0.0686872797793997
AMN1	0.0686607213509468
MID2	0.0686047727865761
NDUFA4	0.0685506928052531
GPR82	0.0684926731541788
IFI44	0.0684552987129494
PHF23	0.0681629884784303
FAM110B	0.0681216774382281
PABIR3	0.0679865427781926
ZBTB34	0.0679759229950575
PA2G4P6	0.0679576171660381
DLAT	0.0679031353963048
TAFAZZIN	0.0678091153948582
TRAPPC6A	0.0677966500657533
NUCKS1	0.0677943691343013
LIPG	0.0677630962418461
BCKDHB	0.0676310462279847
IRGQ	0.067518311109775
FSTL4	0.0674531165302494
TMEM258	0.0673709092357076
ZSCAN21	0.0673499996974798
SLF2	0.0673293800907862
USP32P3	0.0672809465959366
C10orf95	0.0672791032401164
MCU	0.0672646820818869
HMGCR	0.0672031118392818
DNAJC5B	0.0671771099075011
C8orf89	0.0671180196124875
ATP5F1B	0.0670162338796856
ANKRD33BP1	0.067011058504303
FAM120A	0.0670081300421763
TMEM219	0.0669814234557343
LONP2	0.0668426744437762
PLCXD1	0.0667632054041205
HIGD2A	0.0666116864905981
TBX15	0.0664227846573837
FRG1BP	0.0662822161721894
RAB11A	0.0662350072186658
KCNV2	0.0661906168351352
OTULIN	0.0660730992116381
SMN2	0.0660547432288161
UBAC2	0.0660153958692346
ZBTB49	0.065983248279355
LAT2	0.0659181892159356
DLEC1	0.065815776858339
MRFAP1	0.0652779339104747
TSSK3	0.0652322482315508
NPIPB5	0.0651814818407738
ARL3	0.0651802611683646
NHLRC1	0.065137764401254
NLGN4Y	0.0651045466881664
SLC7A14	0.0650946249374016
UQCC6	0.0649054268472526
TMSB4XP8	0.064886742115864
TNFRSF10B	0.0648724993930175
LRRFIP1P1	0.0647308628369596
LPIN3	0.0647193780989411
GALK1	0.0646705403094077
NME6	0.0645926321156519
WDR45B	0.0644752056333704
ZMIZ1	0.0644647644643198
FLCN	0.0644079406791655
SGSM3	0.0644008188998465
MIEF2	0.0643912436853788
DUSP3	0.064258959177378
SRPRB	0.0637570993598778
ISYNA1	0.0636973456498522
PDIA5	0.0636690538896216
TUBGCP2	0.0636638418599164
DDT	0.0636208431378804
ISG15	0.0635842118190746
TMEM243	0.0635094073420838
MYO1D	0.0633760467334507
CBARP	0.0633554805236478
DCAF13P3	0.0633035853576489
NDUFB2	0.0631562837660923
KLF4	0.063072660370913
SULT1B1	0.0629838735710569
TRNAU1AP	0.0629708915013612
CLIP3	0.0625845047358778
DPEP2	0.0625223113592106
SHLD3	0.0624113863526765
MAP7D1	0.0623330349347818
RBM23	0.0622890825782985
ZNF282	0.0621742556480724
ZNF702P	0.0621735954848693
CEP15	0.0621647991046734
FAM107B	0.0621335141923161
MPP7	0.0620938072175345
RNF122	0.0620831038887721
PCED1A	0.0619122938427899
GPRASP3	0.0618107555637573
ZNF316	0.0617373421033235
RANBP3	0.0616989214931363
SYNJ1	0.061662917040879
SPRY4	0.0615673158334453
ZNF189	0.061548304715829
NCBP2	0.0615138715512932
DRG2	0.0615043246276224
KDELR1	0.0614647104047369
OR7E104P	0.0613964521053243
FAM95B1	0.0613803758391913
LIMD1	0.0613308676703945
FAM50B	0.0611951758549373
ZNF57	0.0610019645774884
TRIM46	0.0608039434946741
UBA1	0.0607532669141996
YRDC	0.0606788759881229
SNIP1	0.0606601338850166
RGS2	0.0604598166388368
UPF2	0.0604232576534621
CCDC71L	0.0602855278375406
PMS1	0.0602759644803274
SNX21	0.0600592423823247
ZDHHC5	0.0600425585927773
C12orf75	0.0598425981648966
CLCF1	0.0597356425236132
ATP2A2	0.0596726875951034
FGD3	0.0596267690131184
EEF1A1P7	0.0595067230988633
SLC6A8	0.0594518702588309
WASH2P	0.0594096312960787
MITD1	0.0593426452392877
POC1B-GALNT4	0.0591396563236463
CCDC197	0.0590968151570747
IAH1	0.0590378596082397
CMPK1	0.0589327665407729
NAIF1	0.0588537459363391
SHROOM1	0.0588162549048845
CROCCP3	0.058675392525168
C10orf143	0.0586339828595283
MTPN	0.058627362259573
COMT	0.0584825188755602
SCLT1	0.0584020383121625
CNKSR2	0.0583807908094447
SUCNR1	0.0581295346717867
CSPG5	0.0580153176975096
CDK11A	0.0579248759421727
DIAPH3	0.0578275318298885
SLC39A6	0.0577944746599766
SLC29A2	0.0576204678810534
WIPI2	0.0575945320660737
DNLZ	0.0575726968790137
FZD9	0.0575329185124046
TRIM16L	0.0575263646429504
OR5K1	0.057503662421716
MB21D2	0.0574782534813662
HRK	0.0574305823868289
SLC7A6	0.057402491413944
PLAGL2	0.0573851296153382
MARK2	0.0573406307560181
GP1BA	0.0573312969119913
L3HYPDH	0.0571542311066216
HEATR5B	0.0571250519654511
GTPBP6	0.057061418238405
RAB32	0.0568057149006489
GGA1	0.0567454249660724
IP6K1	0.0566999280262637
MYT1L	0.0566467031735027
OPLAH	0.0566201451838839
DCAF11	0.0565431242092411
LRRC42	0.0565164126741678
SLC24A1	0.0563475634440045
AMMECR1L	0.0563292264229936
CSRP2	0.0561715110843545
TPRN	0.0561193014871942
MARCHF9	0.0560374257826723
DALRD3	0.0559871303489324
SGMS1	0.0559788864365178
MYOCOS	0.0559311676605804
DDAH1	0.0558415281651185
IKZF5	0.0557610317440913
CKAP5	0.0557598411337458
FRG1JP	0.0556737989696884
ABTB1	0.0554616434380026
MESP1	0.0553751016335247
FRMD4A	0.0553637742291407
ETV3	0.0552503455053966
KDM1A	0.0552111983453698
ZBTB26	0.0549002439523723
ACTR3	0.0546919521690681
LINC00475	0.0546913910094527
PHF19	0.0546343106524338
DIAPH1	0.054621849854018
SH2D2A	0.05456456512579
NCLN	0.0545007854274835
HMGXB4	0.0544863818215412
SHC1	0.0544292580937393
GRAP	0.0542484711508918
LONRF1	0.0541723589850532
MYBPC2	0.0541380755576328
SNX7	0.053841549147857
CD52	0.0537563177228618
ZNF625-ZNF20	0.0537470908783483
TOMM20P2	0.0536112461587949
SCAND2P	0.0535936853707109
AAAS	0.0535557173832129
SPCS3	0.0534082876671717
BEST4	0.0533487400981586
SLC9B1	0.0532486136070045
PHKG1	0.0532394736120066
SMARCD1	0.0532214297450425
TESK1	0.0530781608146209
SMIM17	0.053051997660403
TENT5A	0.0529594500490033
BAG2	0.052950288055925
FAM86FP	0.0529401198416488
GTF2H5	0.0529134175731804
KNL1	0.0528194030989197
ZBTB44	0.0528135563619708
UBN1	0.0527816580582633
SLC4A1AP	0.0526040780496113
IFT172	0.052397906096584
SULT2B1	0.0523625261839018
RHBDD2	0.0522804296397518
GK	0.0520272273464744
PHGDH	0.0520136966469513
TJP1	0.0519738128164608
IRF1	0.0519311431839332
FANCM	0.0519229314647273
TMTC4	0.0516415749932787
FAM91A3P	0.0515339528847977
XAF1	0.0515040246104626
TMEM230	0.051122446997153
SPAG8	0.0511031905001467
PRELID3B	0.0509414281550592
ELK3	0.0507651786146707
ULK2	0.0507376049959991
RPS3AP20	0.0506731709873648
ZNF559-ZNF177	0.0506538178918077
EPHB1	0.050606298738441
RFXANK	0.0504594018533462
TTC39B	0.0503173398166023
KIAA1671	0.0502106150112581
UBAP2	0.0501969874368474
GPR84	0.0501180370209786
ZC3HAV1L	0.0500830427331121
TUBE1	0.0500656998200944
LRP4	0.0500518835510452
FKBP11	0.0500408234636769
FDPS	0.0499472514549746
ARF6	0.0497879040522659
TBC1D20	0.0495573317617462
EXOC6	0.049463180792492
EFCAB5	0.049222462601587
KLHL30	0.0491886111876701
BCO2	0.0491574876112836
KIZ	0.0491214965280465
ZNF850	0.0490548252843399
LRRC66	0.0490529436807148
TRMT12	0.0490408980084641
MCOLN1	0.049000147075125
OR1A1	0.0489540540819079
F2R	0.0489411258067291
SLC10A3	0.0488428657472882
NKAPP1	0.0488152885685271
CT45A6	0.0487230534009044
ZBTB47	0.048668280797629
INTS1	0.0484822913285472
ZNF606	0.0483913590603839
CD70	0.0483782557879794
NR4A2	0.0483682135865632
SCUBE3	0.048309031259454
LDB3	0.0482853226989663
KATNAL2	0.0482822978226912
UNC45A	0.0482522997204682
RAB11FIP1P1	0.048207773043823
H2AC13	0.0480732756052294
ASB13	0.0479859028366843
C6orf136	0.0479660678295799
PDPK2P	0.0478155747257821
SEPTIN6	0.0478129466711423
BIN1	0.0477919024325444
ABAT	0.0476045700190163
SUSD1	0.0474266988670786
RIGI	0.0474017985270054
CDCA4P1	0.0471374561507268
CACNA1D	0.0469543013630899
COX6A1	0.0469362153851271
TMEM217B	0.0468278580765255
TCAIM	0.046825370792172
COX18	0.0467302484374573
EMC2	0.0467100254862173
IL17RA	0.0466909884945926
ADAM11	0.0466906660207152
SH2D1A	0.0466676616963435
NDUFAF7	0.0464769194980016
LRRC27	0.0463064360697089
TNK1	0.0462604231835093
GK5	0.0462349568330036
GGACT	0.0462079661455947
TGFBR3	0.0461710496738724
LINC03040	0.0460979193893855
PDXDC2P	0.0459319249765215
TTYH3	0.0458816855624545
WDR33	0.04585821558908
USP53	0.0458289274813595
ZNF45	0.0457318241638509
ILDR2	0.0456962103743834
KRAS	0.0454908521336982
BGLAP	0.0454199229928475
SHKBP1	0.0452161720232445
GFI1B	0.0450669894747031
B4GAT1	0.0449671972882454
DLD	0.0446435647876163
TNFSF14	0.0444226308375315
ACVR2A	0.0443760078895192
NPHP1	0.0443649483719092
SARAF	0.0443549194430594
MRM3	0.0443122316404253
GTF2IP1	0.0442001491169962
TIA1	0.0441856988404825
FARP2	0.0441809361532755
OAF	0.0441614427824062
PTPA	0.0441167225585851
ZNF730	0.0439907456492806
ZNF141	0.0439299696021414
EHHADH	0.0439117152223432
RTF2	0.0438424967190017
ZNF134	0.0437395747739295
ARPC1B	0.0434735443374908
HYAL1	0.0434162346087914
UBE3D	0.043246978403099
CHD3	0.043224873953458
FAF2	0.0431751971705569
GLDC	0.0430518077000996
A2M	0.0429978524704738
STAM2	0.042877505359968
TNFRSF10D	0.042842117778586
MEFV	0.0426820123866225
PSPN	0.0426614493929729
AMPD2	0.0426315547265351
SIX4	0.0425210414263404
GTF2F1	0.0424348431838849
ZNF783	0.0423812972496894
GNRHR	0.0423323521261501
MCTS2	0.0423192481040668
NENFP2	0.0422627829585262
RHBDL3	0.0422254256608962
RASGRF1	0.0420371295873099
CDK18	0.0418016088330287
SLC25A52	0.0417668147464799
DNAJB12	0.0417264220031827
PSPH	0.0417170968271125
GUSBP1	0.0417113970865934
HNMT	0.041669481224207
MROH1	0.0416670441070332
POLB	0.0416136155389707
SERAC1	0.0415753235898744
FRA10AC1	0.0414744925345699
CFAP57	0.041426134415227
GUSBP11	0.0414125052158747
SPHK1	0.0412989667370331
TMEM9B	0.0412900993858297
ATF7-NPFF	0.0411912470049369
AKIRIN2	0.0407930745570811
DCBLD1	0.0407357812185656
MED17	0.0407257291106785
STX8	0.0406296056256149
GEMIN5	0.0406204908721675
SMAP1	0.040607748428176
MPZL2	0.0403907660696232
EXOC8	0.0402393328133158
GAPDHP35	0.0400972395046655
MATCAP1	0.0400839481081124
HLA-L	0.0398822844070719
ANKLE2	0.0398572476176688
APC2	0.0398372154002826
TCAF2	0.0397988970745423
ANGEL1	0.0396523965402687
UBE3C	0.0395548232428714
CMTR2	0.0395099411134042
PNMA1	0.0393186276586779
SLC22A4	0.0392005545741129
MAF1	0.0391557306645367
SLC52A2	0.0391422197754522
CCDC192	0.0390679619449425
ATP1B3	0.0390651136391383
SPG7	0.0390501327114355
CCL25	0.0390054992155835
ZNF92	0.0389842517473023
ECSIT	0.0389623493819629
PRG2	0.0389393241862617
OASL	0.0388603341157922
TMEM39B	0.0388245576040114
PDXP	0.0387942613277781
METTL26	0.0387638578572952
PRELID1P1	0.038624899099782
RASA2	0.0386015472419742
BAHCC1	0.0384643629729462
NDUFV2	0.0384576214412966
NPIPB9	0.0384355954655269
TEX56P	0.0383658239780037
PKDREJ	0.0383639014207779
ZNF717	0.0383115572065937
TMTC1	0.0380556712284205
PLCXD2	0.0380264917161989
CACFD1	0.0380106969148174
SBDSP1	0.0379469988800169
ZNF417	0.0379077209012603
CYB5A	0.0378258814178846
PIERCE2	0.0378116905699022
CCDC117	0.0377766716273081
ZNF865	0.0376327933455911
STMN3	0.037594117021772
ADGRE5	0.0375078644357346
ASTN2	0.037405168848859
CD96	0.0373893791758476
CNIH1	0.0373472135554009
CPSF7	0.0373434484218869
TRMT112	0.0373400097515209
BNC2	0.0371994957163383
NEK3	0.0371872654253399
CCDC127	0.0371222205780982
YKT6	0.0371109514763464
EEF1A1P10	0.0370770573531828
ZFP14	0.037033934413812
TEKT5	0.0369903138375322
GPI	0.0368549132552941
PARP15	0.0365203953634096
PRRG4	0.0363853568085798
SNRNP27	0.0363766509993425
CASP1	0.0362588557479954
RDH5	0.0362441879685187
PTPN11BP	0.0362223372304545
NLN	0.036199986676075
ADM	0.0360863312842611
CDK16	0.0360805363498309
GLIPR2	0.0359868266278117
DYNLRB1	0.0359576197083722
OPRD1	0.0358923273369077
PPP3R1	0.035745080334887
UBE2E2	0.0356921133472283
MMD	0.035690260810321
SHANK3	0.0356863405286045
MZF1	0.0356781214523191
DPY30	0.0356343056765319
RPN1	0.0355352544919852
ANXA3	0.035342548145281
SIRPA	0.0353059960064329
CFAP418	0.0352582167824295
TNIP2	0.0352338903758695
CEP57	0.0352139135254329
MEI1	0.0352041852034364
EGLN3	0.0351678672298783
SPC25	0.0351424286653935
POLDIP3	0.0350812164215135
ADAT3	0.0350318291618498
PCDHA6	0.0348870212201872
H4C9	0.0348717157063153
OR2A7	0.0347663038018673
THRAP3	0.0346831169048469
HMGA1P2	0.0346804262925305
OR2I1	0.0345716755714245
MSN	0.0343870119112323
SGO1	0.0343005542701266
POTEI	0.0342888845692103
P2RX4	0.0342108346028681
HMGB3P22	0.0342085832732179
IFT46	0.0341402375688419
UGDH	0.0340924554907474
ZBTB24	0.0340116207122082
GPR135	0.0339833485164814
C22orf39	0.0338929768683219
RPS4XP16	0.0338622909701508
PC	0.0338400541072116
ARPC2	0.0338083881586349
MIA3	0.0337856684391892
SNTB1	0.0337118330623376
CD163L1	0.0336814866514975
AMACR	0.0336499024935166
GUSBP5	0.0336288297428433
NMT1	0.0336183356160851
MAL	0.0335415304474841
PIWIL4	0.0334127164312269
PPAT	0.0333141148197378
ABCA12	0.0332326807209733
RASSF1	0.0330988078531154
TMUB1	0.0330564363348805
GRIPAP1	0.0330491392901552
CEP135	0.0330164800179923
LOXL2	0.0330030034681445
MAP4K3	0.0329923720285198
HVCN1	0.0329894186964816
NT5DC3	0.0329859925540416
FRMPD2	0.0329015333784378
TADA1	0.0329002196055106
KRT18P7	0.0328910260590843
GNPTG	0.0328517148424902
NR1I2	0.032839534117675
TMEM250	0.0327561325726657
PLCH1	0.0327195712505472
BBS9	0.0326647280262733
GTF2IRD2B	0.0323373952924341
SAMD9L	0.0322156334705209
HMGN1P1	0.0321089217727859
TM7SF3	0.0320279110234448
RAPGEF5	0.0319637928352521
PIGH	0.0319421107588728
GCSHP5	0.0319358982947099
GMPR2	0.0319227927734176
SLC25A20	0.0319023649850098
KL	0.0318259231952013
PFKFB1	0.0316492963109634
C2orf88	0.0314301044444284
USP22	0.03138594342606
FGFR1	0.0313441711358821
SCRN1	0.0313323895707563
P2RY1	0.0311257519058656
ASAP1	0.0309805753295843
KCNS1	0.0309733434272014
UACA	0.0308264466310639
INPP5E	0.0307487406196878
ACSS3	0.0306778933397692
DUSP1	0.0306703148747851
PTCH1	0.0305464247897308
MAML2	0.0304851208784934
SMS	0.0304770427573884
RCAN1	0.0304566218185143
TBL1X	0.030420842023784
HLA-DRB1	0.0304032957403403
FICD	0.0303687888571339
NIM1K	0.0303331978587515
UBOX5	0.0301350551414015
ZNF439	0.0300837275454314
IGHG2	0.0300819294463767
STARD3	0.029961540234883
TUBAP2	0.0298482745825502
AMIGO1	0.0297563630454013
RASA4EP	0.0297340065283753
RCAN3	0.0297247206066052
SPARC	0.0296915542991352
RPS11P5	0.0294754031514569
POLR1A	0.0294115024881144
CPSF1	0.0292281754887859
CYFIP1	0.0292176242107833
SAA2	0.0291359807142826
RAB23	0.0291287059556678
PPP2R5E	0.0291252255842961
PLEKHM1	0.0290704056136479
BAD	0.0290566010325174
FAM27B	0.0289461229555655
SLC9A2	0.0289123133188249
SSTR2	0.0288065102598084
MRPL57	0.028788724144267
ENC1	0.0287514496224959
IFI16	0.0287434904006057
RANGRF	0.028596060095093
HBS1L	0.028451950633125
HIP1	0.0282320429905175
RGS3	0.0281922778008876
PURB	0.028108188427542
ARFGAP3	0.0279654737838545
PIK3C3	0.0279567173180875
HOMER3	0.0278269967091279
BRD8	0.0278191579738696
TTC39C	0.0277965324740381
TMEM8B	0.0277741576569285
BEND3	0.0276867618582438
EMC6	0.0276814562579084
ZNF343	0.027598797716534
HUNK	0.027557171599891
FMNL1	0.0274371869780876
RNF130	0.0273882767874665
ETFA	0.027357560008342
NACA3P	0.0272085595073936
RPL7P42	0.0271840828751435
ZNF506	0.0270310473007454
KLHL26	0.0269765420348762
CPAMD8	0.0267611948679133
SACM1L	0.0265927967889311
PLAC9	0.0265856358672425
GSTP1	0.026399925163827
HMGCS1	0.0263314599673484
UTP20	0.0262417258449904
ZNF208	0.0262222460985467
ATP10B	0.026214521362955
PLEKHA6	0.026204739097364
PLAT	0.0261351110187029
NRF1	0.0260247582462228
ZNF892	0.0259967391940725
OSER1	0.0257764357310379
SMURF2P1	0.0256156755996936
FASTKD5	0.0256118273760821
CCNB3	0.025446750813703
SRGAP2C	0.0254362335921429
FAHD2CP	0.0252795712338803
BTG3	0.0252678005114042
LMCD1	0.0251227503174104
GIMAP6	0.0250053537826034
ETV2	0.0249553709373211
ITPKB	0.0248995491862013
ZSCAN12P1	0.0248949900500734
ZNF76	0.0248159189538341
C10orf88	0.0247515266415636
OR10H1	0.0246968758231413
SERPINA9	0.0246489965716217
TRIM32	0.0245964396912987
IPPK	0.0245678744679102
WDR89	0.0245453725106532
FNTB	0.024363676325615
MRPL19	0.0243162054295763
POMT1	0.0241670489469614
SKAP2	0.0240821712452509
DIMT1	0.0240761553620861
PDGFD	0.0240455112116741
ROGDI	0.0240207420261385
EFNA4	0.023870033166436
SRP14	0.023826451051248
NUDT16	0.0237992368296519
UBA7	0.0237903196696559
FAM149A	0.0237268975012132
SRRM2	0.0235481973380592
DNPH1	0.0234549165142143
ARFGAP1	0.0233856969153077
PLEC	0.0233645901877046
ZNF800	0.0233143612341011
DHRS13	0.0232959192668663
RNF146	0.0232356294965969
TRAPPC6B	0.023211798573733
AKT3	0.0231394962872046
ZFP90	0.0231328794115681
MRPS11	0.0231289372402201
PPP1R35	0.0231070523720219
FCRL1	0.0230609032463059
PRAF2	0.0229933512070533
YTHDF1	0.022991880092889
GMIP	0.0229012969755144
TEX35	0.0228296028916029
KCNMB2	0.022824354633242
FHOD1	0.0228207314478245
CHODL	0.0226093428048062
EFCAB7	0.0224803340625659
BHLHE22	0.0224593359963861
ANKRD29	0.0224344445028572
OR2B6	0.0224001216134768
THADA	0.0223416339822178
TAP1	0.0222126303011848
IGKV2-30	0.0220978360076277
GPR19	0.0219905815170413
OFD1P17	0.0219572643172268
NKAP	0.0218919016259224
SLC12A3	0.0218576808287997
FAM187A	0.0217977653732074
JSRP1	0.0217748528719999
NDRG4	0.0217473216697768
UPRT	0.0216879178948588
NKIRAS2	0.0216150443693195
MACROD2	0.0214848697508141
CLCNKA	0.0214630758808174
CASP3	0.0213494216911006
MAST1	0.0213081179658127
IFITM3	0.0212801372268088
RNF139	0.0212137443228015
CHP1	0.0211223914658882
ZSCAN25	0.0211142100628539
CIC	0.0211017747787309
CROCCP2	0.0210941129468947
ZNF273	0.0209973390090488
SPESP1	0.0208825666695441
GRIN3B	0.0208400409608103
PRKRIP1	0.0208355440189551
SYT9	0.0207762830834181
AHCTF1	0.0207625501207408
SLC25A51	0.0207173550379437
GLT8D1	0.0207127344244691
DDR2	0.0207060515810869
ISOC1	0.0205901062737818
BMI1	0.0203975366088094
MPZL3	0.0203698831838827
LATS2	0.0202819120004323
RPL7AP39	0.0201878256004847
C3orf52	0.0201605953409425
H3C14	0.0200313646979675
KLRA1P	0.0199781269618657
CNOT11	0.0199557910222053
TRIM7	0.0199188175024875
WBP2NL	0.0199087441869426
RPL29P11	0.019864782520962
ZFAND2A	0.0198626784466968
RPSAP14	0.0198546124870311
RGPD1	0.0198289689496069
PREB	0.019774204605656
FHIP1B	0.0196003080053466
CFAP54	0.019470514888345
SELENOM	0.0194544686600643
ZNF214	0.0191966158190697
SUZ12P1	0.0191627505319952
SLC6A16	0.0189849468946465
TCF7L1	0.018954486845619
SRSF12	0.0188431454094608
RAB11FIP2	0.0186814254275765
SLC16A1	0.0186707026058112
ATP2A1	0.0183633951779969
DNAJC10	0.0182922750615271
MCRIP2	0.0182744323426897
KIDINS220	0.0182074576774571
VASP	0.0181868914475583
RPS6KA2	0.0180973606666115
PGLS	0.0180723498464077
SWAP70	0.0179743012903461
OLFML1	0.0179410321266478
PSTK	0.0177866327359024
IL6	0.0177585901267437
PEDS1-UBE2V1	0.0176690445846246
TMSB4X	0.0176122094683206
LIPT1	0.0175588148344253
PJA1	0.0173908398442789
FAM209A	0.0173762848652684
CFAP68	0.017337081200347
LRP5L	0.0172294071141685
MZT1	0.0171751341933969
PKIA	0.017161948108753
B3GNTL1	0.0171445404271648
TXLNA	0.0170462273899504
FLOT1	0.0169573489725829
ANKRD46	0.0168271031925854
ANKRD24	0.0168115060113608
IL17RC	0.0167797318712361
PLPPR3	0.0167173401968335
YTHDC2	0.0167094137381668
AMOTL1	0.0166682073129908
FSIP2	0.0164814919336879
ENDOV	0.0163951028073911
STRA6	0.0163827455914184
UPF1	0.0160805683344516
MEAK7	0.0160278072972017
CHKA	0.0160027309661455
STRAP	0.0159939289869718
ACTN4	0.0157904971125965
CIART	0.015760095572844
RECQL	0.0157003205215333
ATP2B4	0.015640439003157
SEMA3D	0.0155662714837064
NDUFAF3	0.015558119416996
R3HCC1	0.0155493775287612
NDUFA1	0.015537849033927
IFNA11P	0.0153742749393717
PELP1	0.0153234192420779
VSTM4	0.0151903791879411
PARP12	0.0150889478872988
WHAMMP2	0.0150714359478839
RABGEF1	0.0150606238004105
FBXL8	0.01492295662352
AARD	0.0146817877230913
RBM41	0.0145420568229447
WDR55	0.0145314857408274
PFN1P2	0.0145005231180926
SMG9	0.0144642022068797
MROH8	0.014334879647225
OPA3	0.0143064320165497
ESPN	0.0142353325159403
TMOD2	0.0141754991702554
AKIP1	0.0141367694952312
RNF20	0.0141144356968318
TES	0.0139737638031682
SYCE2	0.0137931889711889
KIF1A	0.013760718823902
ING3	0.0137068853393207
SLC23A1	0.0136439924521319
EIF2S2	0.0135743748720601
IRGM	0.0134112767722141
CUL9	0.0133831871086262
MALT1	0.0130840775190575
DNAJB14	0.0130824986131835
NBPF10	0.0130776805594078
GTF2E1	0.0130403211850486
TBCEL-TECTA	0.0130276026859878
USP5	0.0129866187751271
FAM83F	0.0129420712707705
DHX35	0.0127799427695476
FAAH	0.012575508418996
ZBTB11	0.0125036309692052
CYB561A3	0.0123635142425555
CHCHD3	0.0123428505182315
SLC22A15	0.0122507284992009
ABCB6	0.0119412095118327
ZFHX4	0.0119260443548636
GHRL	0.0118886888458944
LRRC37A15P	0.0118862315566722
BRME1	0.0118261788477318
ZFPL1	0.0113972816805128
UNC93B1	0.0113837939298402
LYPLA2	0.0112996734348075
MRPS6	0.0112932690381953
NEDD1	0.0112095139817698
MOB3C	0.0111140555672796
TMEM269	0.0110347558143292
RPS15AP24	0.0107227059560367
SNED1	0.0106386491302274
SLC9A9	0.0105207647192139
TMEM201	0.0105202317523525
PATL2	0.0105019634408496
OSGEPL1	0.0104597299869942
BICRA	0.0102806389036023
LAMB1	0.0102570370117282
CTSH	0.0102119574776704
FUZ	0.0101693474848473
ZNF354C	0.0101616179172372
SAMD14	0.00998284733639299
IGHV2-70	0.00990267275064032
ANKRD30BP2	0.00985207784594015
ZNF324B	0.0098202813666973
ZNF56P	0.00969095430680879
RASEF	0.00968066242562207
TGFBRAP1	0.00966430672727166
DUS2	0.00963945617110476
CEP72	0.0096283612467271
PTMAP5	0.00960029444112269
SSR4	0.00956493547287357
TP53I13	0.00940343593785851
BANP	0.00931574238682489
CCDC7	0.00921520593919118
EXT2	0.00916814811423236
CGGBP1	0.00914777556204427
VAT1	0.00906799971182013
EEF1A1P23	0.00906435940533079
KLF11	0.00906052634369141
FADS3	0.00897292528689622
CAMKK2	0.00891894993751102
DDX55	0.00882971044350709
ZNF628	0.00881535065376348
TMSB4XP4	0.00876605697356448
AGAP6	0.00874044612762235
COPS7A	0.00864675149058657
ZNF510	0.00848449327980962
C20orf96	0.00839229169929731
RBM12B	0.00835897840330984
COX5B	0.00829396287022279
SFMBT2	0.00823115674601445
GFPT2	0.00817494690890506
EML2	0.00811870250344387
HK3	0.00802378524271233
CERK	0.00788386219582411
STK38	0.00785456909127186
TAGLN2	0.0075960854307228
KIAA0930	0.00751610384397358
RPL7AP10	0.00742151203471213
BFSP2	0.00732486628775878
CCL1	0.00729362353446834
MOB4	0.00724753684591406
ZNF257	0.00718387459898296
DYNC1LI1	0.00703128447571292
CEBPD	0.00681481677525429
GPC2	0.00673337996162834
LPAR3	0.00668635365824092
DMTF1	0.00664568416893224
ODCP	0.00651712947052184
SHC3	0.00647511900156151
MED24	0.00637282913959046
CRIM1	0.0063600484492534
CSMD1	0.00619107739950849
SLC6A12	0.00617534427623295
OARD1	0.00612493522368341
RAB38	0.00608363066251775
HSPA12A	0.00605878472085333
CPSF2	0.00600005471467628
PUS7L	0.00565254454805146
GPM6A	0.00563451237372046
MAP2K2	0.00562988774348269
VDAC2	0.00560337912200118
STAT4	0.00539797596338856
GCSAM	0.00515438672649076
ARFGAP2	0.00515196838296064
HNRNPA1P10	0.00503986642487401
CTNNBL1	0.00500941851481597
EOLA2	0.0049377227622035
RBM10	0.0048872152567792
BCAS4	0.0048720759768174
VTA1	0.0048713880643682
MAP3K8	0.0047711406953201
BTF3L4P2	0.00468456638324
RAB11FIP5	0.00466488696620733
ZNHIT2	0.00453247238388241
GPATCH3	0.00441299881848932
DISP1	0.004382297141898
FBXO34	0.00436167608584926
ZNF546	0.00433104170666678
TECPR2	0.00416272835126933
AGAP7P	0.00403002354329385
MTMR9LP	0.00402075842192256
FAM118A	0.00399169650965213
DHX15	0.00396438021527635
SPATA2	0.00388434069913661
ZNF565	0.00385473958852688
RAMAC	0.00382568803586385
NUP37	0.00376957572301026
B9D1	0.0037006076587361
FKBP7	0.00367365570776755
C2orf42	0.00365495656732072
LAMTOR2	0.00358238264981995
RSPH3	0.00345270854011173
HERC2P4	0.00339005582911996
RFESD	0.00331973211540613
RPS20P4	0.00325373509253183
MAD2L1BP	0.00320316102689642
ANKRD36C	0.00309902355424628
DIABLO	0.00304550877537226
UBXN1	0.0030090843660831
NOTCH1	0.00295100818907032
IL9R	0.0028977878988073
AIDA	0.00288078521046866
FUNDC1	0.00287721107326204
C9orf153	0.00285458898645603
EIF4A3	0.00274887889447319
TBC1D10B	0.00260830818169198
TMEM52B	0.00258331411291982
TBXA2R	0.00254575234477392
ZNF776	0.00252438815872035
BRAP	0.00245804634601819
RPS6KA1	0.00218085509753858
ASLP1	0.00212993489906334
FGF5	0.0021201524673932
LEKR1	0.00210510575342259
COX7C	0.00206440997957266
LDHAL6B	0.00202811477855838
NUDT9P1	0.00197730786077318
PGBD4	0.00181369451876995
DCTN1	0.00175481796447597
MANF	0.00145662869080314
TRAF6	0.00138274679159804
CYP51A1	0.00136142483338663
IL7R	0.0012342776097887
TOMM20	0.00113449943074835
NDUFB6	0.001008916995021
NOL6	0.000908927779351868
C1QL3	0.000862029927746648
RPS6P25	0.000858252785096553
CDC16	0.000847649648395831
IGHV3-43	0.000608877746609316
MBOAT7	0.000476949261650729
RNF126	0.000352491067508193
PISD	0.000349557492692197
CCDC8	0.000337288363580422
CSF2RA	-0.00018195093614509
CHTF8	-0.000296170629032975
ALDH2	-0.000303635593249851
OTOA	-0.00039217655680919
HEXA	-0.000479233720658211
GRIN3A	-0.000506033473769497
RFTN2	-0.000529978552390609
MPDU1	-0.000638140102790278
MORF4L1P1	-0.000727162366555533
CFL2	-0.000797660591352248
MAP4K5	-0.000828037669497181
TUT4	-0.000875839151750783
HTD2	-0.000948610955211289
CAV2	-0.000957793163744425
SRPK2	-0.00102036110713146
ZNF552	-0.00109600294795783
BLTP2	-0.00122696976551177
TIMM9	-0.00124166851655376
ERBB3	-0.00124540954170843
NMRK1	-0.00127955005334209
RPL35AP32	-0.00146629981689678
ZNF843	-0.00151281341015187
HHLA1	-0.00163419967328955
RNASET2	-0.00182309584212174
NRIP2	-0.00183133888874845
GTF2IP14	-0.00186282500809653
SDHAF2	-0.00199631572183095
MFSD1P1	-0.0020694693656725
ABCE1	-0.00221357868496186
TAF2	-0.00222260703251197
GTF2IP4	-0.00235868954425534
EIF3CL	-0.00239328360288548
PIF1	-0.00239874800474127
KLHL12P1	-0.00240467299372792
CHKB	-0.00245608560089599
WDR17	-0.00253315846179458
EXTL3	-0.00255975852996445
PLEKHG2	-0.00265120179355965
RAD9B	-0.00269747409842951
PATJ	-0.00272654335243443
PERP	-0.00297765495497194
TMEM126B	-0.00298522554426469
ZSCAN4	-0.00299026546137252
HSD17B4	-0.00300254600780717
RPS28P7	-0.00302871611587988
KCNRG	-0.00314331413364975
MACROH2A2	-0.00324568567392081
SAMD4A	-0.00328278312643478
GABARAPL2	-0.00340700424350246
FAM120C	-0.00342453205498033
OR9H1	-0.00347089125774154
RPGRIP1L	-0.00348115888007949
FXYD5	-0.00349931377630515
ZNF354B	-0.00355665131460752
C14orf119	-0.00356140226511001
SLC26A5	-0.00356934409458301
RNA5SP187	-0.00365050451436097
TAF5L	-0.00368836278524345
NRDE2	-0.00378225037214428
RNF157	-0.00384201886626767
DET1	-0.00395841863405995
CENPL	-0.00399790217052435
RAD21	-0.0040077591931018
EIF2D	-0.00402158009759251
NIPSNAP2	-0.00411320129682423
ITGA10	-0.00414587190817014
UNC13D	-0.00416230648287462
MSRA	-0.0042550990403266
ABI1	-0.00445731237628886
WDR24	-0.0046571574590122
AIMP1	-0.00469121273122957
CNTN2	-0.00473933280555755
TMEM141	-0.00482996741768692
SAMHD1	-0.00483667475940465
ZFY	-0.00484164470966632
DNAAF1	-0.00484565122122657
TRAPPC4	-0.00489309425353794
ABCD1	-0.0049319984313811
CZIB	-0.00509449766071179
FSCN2	-0.00533579254306436
SLIT1	-0.00552036520475741
MFSD13B	-0.00554512818205935
SLC25A32	-0.00555138787676637
RGS17P1	-0.00555242415895047
BSG	-0.0055533377794828
WDFY3	-0.00559289336887661
CPXM1	-0.00559722065253844
POP1	-0.00588738099308195
CUL4A	-0.00605761879412354
ISCA1P1	-0.00608070337868054
UBN2	-0.00610665953744876
ZNF19	-0.00615554677863218
ERCC4	-0.00628352368466668
NRSN2	-0.00633078531012602
GPCPD1	-0.00656575462933473
TMEM70	-0.00661401679148691
PCYOX1	-0.00662127820030112
FARSA	-0.00672678379237056
AMN	-0.0067525803169468
TNFRSF12A	-0.00675781147981196
BAZ1B	-0.00694965202718558
SPICE1	-0.00696069033312829
NLRP1	-0.00707152479340556
MBOAT1	-0.00721129855038408
APBB3	-0.00723946806904478
CABP4	-0.0073195704853122
ATP4A	-0.00732454496905521
TRABD	-0.00733618223540305
POGLUT2	-0.00734905448770107
RHNO1	-0.00742420296403609
SRGAP2	-0.00749701203305913
NUDCP2	-0.00751511619697388
QRICH1	-0.00760588818632144
MFNG	-0.00765259544989711
PGM2	-0.00767928825404296
WASH3P	-0.00773594545916305
LMTK2	-0.00778098663168126
RNF144A	-0.00782482210649301
NDUFC2-KCTD14	-0.00793225966926956
ZNF281	-0.00794731147094828
TM9SF2	-0.00805131094147619
MAP10	-0.00806183182510255
EVA1B	-0.00815806255879759
ATP5PDP4	-0.008179306903742
TMEM106B	-0.00823265293356457
PPM1M	-0.00829747609493919
PRPS1P2	-0.00830223306562235
RNF212	-0.00835188605576298
PQBP1	-0.00865795834704584
RAB24	-0.00868956074373984
BBS1	-0.00875911533772379
JDP2	-0.00889766706048329
ZRANB2	-0.00896484107569944
CDKN2AIPNL	-0.00910313334771626
IGHV4-55	-0.00914563900573112
TRIM29	-0.00928647319984426
BCL11B	-0.00928649580284926
STRIP1	-0.00931772071177943
IRF3	-0.0094142978560483
IFT20	-0.00950694127988657
PPP6R1	-0.00951063976024059
PRPF4	-0.00964857946212294
NEK9	-0.00965330505806058
CCNK	-0.00966641782072258
DSP	-0.00986383081280237
FAN1	-0.00987284624271304
ABCC3	-0.00988431947110159
SLC25A24	-0.00991628027137561
TSKU	-0.00991988543756829
SEC22C	-0.0100158742730807
ARRDC3	-0.010052354966376
ALPK3	-0.0103394617657917
MAP3K5	-0.0103767134517924
ARHGEF3	-0.0104223624433047
CCRL2	-0.0105778521909618
KLHL35	-0.0107103036206505
ZBTB5	-0.010728125803681
DCTN6	-0.0107352671635424
GPR65	-0.0107733054993278
TRIM36	-0.010837115733025
BAG4	-0.0108814420878702
TDP1	-0.0109132782839167
EAPP	-0.0110902835553406
TLR10	-0.0112505047399631
ZBTB17	-0.0113937620932303
RPLP0P2	-0.0114631715080459
SLC12A7	-0.0117096175243692
THOC1	-0.0117131267105272
GADD45A	-0.011718538393653
GOLIM4	-0.0117589833441618
RHEB	-0.0117930278879108
ANXA7	-0.0118000044728403
KCNAB1	-0.0120228211122011
ANKRD7	-0.0121172066401189
IGKV1-37	-0.012234593114358
CPT2	-0.0122430937208094
C8orf88	-0.0122743426270568
AP3S2	-0.0123374259536651
IGLV3-21	-0.0124850500017172
SFXN5	-0.0128615663470428
CMPK2	-0.0128708026637119
SGTA	-0.0129298425251779
NHERF2	-0.0129901750976522
ZNF330	-0.0130108700762194
EVI5	-0.0130243878255329
POLR2C	-0.0130442261157388
CABP1	-0.0130980690075642
NARF	-0.0131174445827392
ABCC9	-0.0132429963284476
CALD1	-0.0132543330225462
ACOT13	-0.0132555476625607
CAP1	-0.0132922610351093
UNC5CL	-0.0133497877767777
LNX1	-0.0133868220419565
ATP6V1E2	-0.0134607789672289
SSBP3	-0.0135258068350369
BBS5	-0.0135461394970789
GTPBP2	-0.0137006515698946
MYO5A	-0.0137208029237958
OTUD6B	-0.013747468097658
RHCE	-0.0138807259235668
COLEC12	-0.0139547638096149
CXCR4	-0.0139631282155315
LCP1	-0.0140023314889544
PPP3CC	-0.0140522130183924
TMEM108	-0.0141146332221495
TSC22D4	-0.0141235292183399
SOX18	-0.0141830185478709
MON1B	-0.0142431568358967
PLD4	-0.0143111573249594
TNFRSF21	-0.0145660698834282
NSMCE2	-0.0146238709666731
ATP6V1C1	-0.0148394370675589
MDC1	-0.0148747146278281
ZNF680	-0.0149632847292198
RTL8A	-0.0150753965256146
SLC25A3	-0.0150909119120325
TRIM26	-0.0151120982037159
RNF180	-0.0151896029720659
SLC39A1	-0.015279842824968
PRCD	-0.0153583341992916
NUDT13	-0.0154658079942495
ABCC2	-0.0155137973333528
CNTNAP3	-0.0155452875050916
USP49	-0.0156220396486464
METTL15P1	-0.0156639002718598
FAM186B	-0.0158311012059878
SAR1B	-0.0158371292255017
ZNF770	-0.0158866960395587
FAM200A	-0.0158976391561805
KXD1	-0.0159418240341959
MYRIP	-0.0159486333676462
GLA	-0.0160624352893251
TASOR2	-0.0161248901142348
FNTA	-0.0162069036250324
SMDT1	-0.0162094463026084
TAS2R4	-0.016318292139914
SETD9	-0.0163360063773479
ODAD1	-0.0163744683895567
PPM1H	-0.0164085831762184
CORO1B	-0.0164167886286998
UBXN4	-0.016573598990226
NBPF12	-0.0165969128419082
IGHG4	-0.016621223482762
SEC31B	-0.0166969223464157
PHACTR2P1	-0.0169842786502515
TAF9B	-0.0170777405942593
SPSB3	-0.0170820325093125
NKIRAS1	-0.0172102510177917
PLOD1	-0.0172143320928499
WDCP	-0.017214761612535
RSAD2	-0.0174437344501409
IRF6	-0.0175749530988367
CGRRF1	-0.0176145348326375
SIK1	-0.0176729852634808
IER2	-0.017673501834184
IRS3P	-0.0177578522352405
SNUPN	-0.0178552623548647
ACOT2	-0.017873999282306
FBXO45	-0.0179635840536437
PDXDC1	-0.018040869461347
DDIT4L	-0.0180619151117444
ZNF503	-0.0180923908226833
ZBTB43	-0.0180925743248905
DDX17	-0.0182237670592913
NACAP8	-0.0185232342914342
DLGAP3	-0.0186108397404056
FAM234B	-0.0186112899523223
HACL1	-0.0186367289063605
SEMA5A	-0.0186650818660123
GDF7	-0.0187044252233001
ZHX2	-0.0187516368885061
ZNF304	-0.0187634470044412
SLC16A13	-0.018778034423462
SLC9A3	-0.0188306660070068
UBQLN2	-0.0188649141865916
NCAN	-0.0189184590000033
ALDH1A3	-0.0189819395876204
RPL7AP16	-0.0190485850794502
SPDYE10	-0.0190988562046815
CDKL2	-0.0191099058540304
NPM1P7	-0.0191159196142997
RPL13AP5	-0.0191508514919142
PALS1	-0.0193486924862243
MYO18B	-0.0193897607975245
MOSPD1	-0.0194168911974809
XYLT2	-0.0194737970647557
CHST10	-0.019499062834862
MORF4L2	-0.019588944754114
PDIA3	-0.0195963575625236
ANXA6	-0.0197578132309114
GGCX	-0.0197684808603506
COQ9	-0.0197743730509409
MFSD9	-0.0197780903891055
CUZD1	-0.0198008761635403
CCSAP	-0.0198474009239816
KDELR3	-0.0203041954505008
CYP2T1P	-0.0205592908199824
PMS2P3	-0.0206253490262958
IMMT	-0.0206609033596991
ZNF592	-0.0206749190760643
GOLGA6L10	-0.0207341646871345
CCDC107	-0.0208378387986619
TBC1D9	-0.0208514045814404
QNG1	-0.0210201341771388
CDK11B	-0.0210388466679338
COL28A1	-0.0211002606218519
MYH7B	-0.0211714391033185
ST20	-0.0211810322461308
HCK	-0.0211831621581325
TMEM126A	-0.021188072599417
EEF1A1P6	-0.02122395913704
IGLV2-23	-0.0213798724519309
NFS1	-0.02145252065207
LSM1	-0.0215061330502328
CYBC1	-0.0216120410751962
BEND6	-0.0216203927014096
CCDC22	-0.0216315626743062
TMT1B	-0.0216946143920687
FAM204A	-0.0217226136724623
ARHGEF5	-0.0219489032729829
CALM3	-0.0221638148636418
PSMC2P1	-0.0222052018013442
ZNF555	-0.0222059181813439
TMEM184C	-0.0222652083688334
RPL26P19	-0.0223659411704814
ADAMTS4	-0.0224835385789663
SFSWAP	-0.0225121144740232
DENND6B	-0.0226569176392288
DHRS3	-0.0226607358839759
DOC2A	-0.0228040914502702
MXD4	-0.0228617623725694
ERCC6L2	-0.0228675574138791
IRAG2	-0.0229236035816685
TARDBPP2	-0.0230204306574268
PRKAG1	-0.0230592921933272
PLEKHM1P1	-0.0231528968988126
POLR3G	-0.0232021414315997
NME7	-0.0233288254786991
ARID3B	-0.0233910016052643
TAOK2	-0.0234865549936244
PFN4	-0.023494519133279
ZNF224	-0.0235132321349129
MRPL33	-0.0235729984680563
KATNBL1	-0.0236462875698963
XPC	-0.0237282387917855
ZNF554	-0.023838489518935
KIAA1328	-0.0238583694592343
GIT2	-0.0238600410790315
ZNF808	-0.0241212816868058
SHQ1	-0.0241969262837493
SNURF	-0.0243557089221445
TUBB	-0.0244157833752227
ROR1	-0.0244703763537383
GJB2	-0.0245021421502821
SAG	-0.024531037046619
ACAA2	-0.0246505849520273
ARL4AP4	-0.0246894063819239
CNGA1	-0.0248193605684251
MGLL	-0.0248992765231917
GRIK5	-0.0249561712189978
CCL28	-0.0249820580958108
RALGAPB	-0.0250223095486958
ELP1	-0.0250650300499407
SCFD2	-0.0251027375038919
ACTG1	-0.0251722548146793
MICOS10-NBL1	-0.0252636536289943
DEPDC5	-0.0253445662921854
H3P37	-0.0253840052329856
BCKDHA	-0.0254999850810574
CDON	-0.0255349154183162
IFT140	-0.0255419572697839
UQCC1	-0.0255587252787321
CD19	-0.0256915372203386
MTX1	-0.0257485080152884
GLO1	-0.0257618907002849
MMADHC	-0.0258748144059939
MCRIP1	-0.0259348208243471
CCDC122	-0.0260495148068191
PDE1C	-0.0260879858661142
ANKRD36B	-0.0260880963251516
SDHD	-0.0261630636086167
BBLN	-0.0263822631544414
TREM1	-0.0263865553487758
IGLV1-44	-0.0264845847478305
SCIMP	-0.0265088286317588
CEP55	-0.0266657555192923
MNT	-0.0266964620564334
AK2	-0.0267190355430144
RPL31P11	-0.0267738935096486
ANXA8L1	-0.026904149711755
KATNB1	-0.0269429610870854
RGS20	-0.0270935166029874
TRIM14	-0.027096436502541
BLZF1	-0.0272102451732043
CHST14	-0.0272349294367356
SLC15A2	-0.0272895001115535
CDRT15	-0.0273343579887474
FOXO4	-0.0273963618596655
PRDX4	-0.0274313861566951
ALG10B	-0.0275878822759299
RNF207	-0.0276090378451672
LAMP5	-0.0276395865268958
PPP1CA	-0.0277293238526556
PRDM10	-0.0277927401349803
ADM2	-0.0278383575623156
DIP2A	-0.0278730166675165
HDGFL2	-0.0279628757346549
NRIP3	-0.02809574261182
ECHDC3	-0.0281225724019965
SMIM26	-0.0281247779852327
PPP4R2P1	-0.0281260892323698
PARP4P2	-0.0283673315795265
DDX47	-0.028470342832464
MAPK10	-0.0285457726343929
MTRF1L	-0.028594935792476
LRRC2	-0.0286024448748448
C20orf204	-0.0286903417324017
RBKS	-0.0287772998461386
GNL3LP1	-0.0287905752644292
MPHOSPH10P2	-0.028795116258718
ZNF782	-0.0289927173500331
TMEM19	-0.0290018541934541
B3GNT9	-0.0290310045715573
RDM1	-0.0292609790184832
AVEN	-0.0292650485671676
C2CD2L	-0.0292651091813906
COMMD6	-0.0293887825216614
ZNF577	-0.0294128516570548
CMYA5	-0.0294301542562087
NUP153	-0.0294777146665914
MTF1	-0.0295956769065598
ZNF573	-0.0296125921567276
SLC29A4	-0.0296234880922878
VPS72	-0.0296523087324087
ATG9A	-0.0297138084979781
NAP1L2	-0.0298129602378228
FXYD2	-0.02982449702779
PREP	-0.0298475422990702
CEP85	-0.0298615927922965
MAK16	-0.0298678351595784
TMEM242	-0.029994663836659
ZBTB3	-0.0301955067528838
ADAM32	-0.0302062666640016
PPIP5K1	-0.0303700923742575
RMND5B	-0.0304824991869213
GCDH	-0.0305488987520851
NUDT16L1	-0.0305780331663419
ATP1A4	-0.0307354706846626
EIF3C	-0.0307572900280765
LIG4	-0.0307596445687629
PRSS23	-0.0307731831518755
PPIE	-0.0308419169987086
EEF1A1P16	-0.0308697330776406
SORT1	-0.0310263875482173
STARD5	-0.031059818736715
LITAFD	-0.0311364257272757
HIP1R	-0.0311521869957376
ZNF302	-0.0311547201412404
SLC38A7	-0.0312090351081042
METTL13	-0.0312565289530954
CCDC97	-0.0314211416229089
HOMER1	-0.0315013480151338
MEGF9	-0.0315080481342957
FBXL15	-0.0317713307300932
PITPNM3	-0.0318173206631981
FAM50A	-0.0321656584955808
UCP2	-0.0321835002245406
ZNF630	-0.0325393943828289
SCLY	-0.0325794509205415
TMEM216	-0.0325865561748833
UPK3BL1	-0.032680218147342
MRPL58	-0.0327570186788887
HOPX	-0.0328214239979233
INAFM1	-0.0329193882200491
COX8A	-0.0329312537600561
CEP57L1	-0.0330855606073788
PMM2	-0.0331310275365066
VKORC1L1	-0.0332110043062078
ZCCHC10	-0.0333570021282288
CHRNE	-0.0335156257059745
SERPINE1	-0.0336049485516054
PMS2P6	-0.033644476382838
HECTD2	-0.0337955334852476
ALMS1	-0.0340175371137134
ASCL1	-0.0340570519790306
SF3A1	-0.0341106020170075
CTNNB1	-0.0341541119306275
FAM110A	-0.0343419606621767
COL10A1	-0.0346803196834899
LILRA2	-0.0347058612743041
ORMDL3	-0.0347162993917245
INPP5F	-0.0347420321865757
ZBED1	-0.0348815711538298
PARLP2	-0.0349242401456518
AEBP1	-0.0350582489701384
PITX1	-0.0351395634731523
NDUFS5	-0.0353383981913769
SCUBE1	-0.0354099490323769
ADNP	-0.0354150475825242
PLSCR3	-0.0354694163973032
TPD52	-0.0355377708206252
MAPK1	-0.0355757925049205
ZYG11B	-0.0356143422870688
SNW1	-0.0356408811336658
MGAT4C	-0.0357289221169798
CRBN	-0.0357515319587557
NPC2	-0.0358073317462563
KIAA1549	-0.035879240928186
NT5C1B	-0.0359366624673145
KCND1	-0.0360462236662849
ZNF691	-0.0360584783981678
PKN3	-0.0362053060071657
RPLP0P9	-0.0362818139715335
INO80	-0.036283482620961
RPS4XP22	-0.0362886072665882
MATR3	-0.0363104087976077
BRWD1	-0.0363436160074252
SEZ6	-0.0363633677688766
TUBGCP6	-0.0364000441826803
MAP3K14	-0.0364987913521918
ARHGAP11B	-0.0365076566560746
ZC3H14	-0.0365238368419754
ZNF557	-0.0366051360158468
RAD23A	-0.0366392337364383
GAS8	-0.0366754405616174
ANOS2P	-0.0367315357136872
ZNF225	-0.0367348545255585
IFT70B	-0.0368044445823172
USP36	-0.0369256382651552
POLA1	-0.036934321364433
PFKP	-0.0369591579462756
PHACTR4	-0.0370984256142358
LYG1	-0.0371263931406196
MMRN1	-0.0371497516546301
BTBD10	-0.0372951928793353
GOLM2P1	-0.0375821400659494
H2AC11	-0.0376193330323064
SVBP	-0.0376208452710371
CAPS	-0.0377233293947093
METTL23	-0.0379706097903065
PREPL	-0.0381155024295175
RHEBL1	-0.0381528431106163
NEURL1	-0.0382105138737699
FCGRT	-0.038240759133798
RAB1A	-0.0382606329585275
EDF1	-0.0382819858651911
CSGALNACT1	-0.0382915046102469
PYROXD2	-0.0384402732225484
ANKRD20A2P	-0.0384629761705173
BNIP1	-0.0385215381658488
PRKXP1	-0.0385654100418801
CARF	-0.0386025132943632
NAA15	-0.0387533789039217
SAFB2	-0.0389853055867182
IGLC7	-0.038992645069385
CDC23	-0.039051300500755
NPPA	-0.039054335603811
HOXB7	-0.0390711623382346
P2RX7	-0.0391155280285898
DNM1P46	-0.0391725748624497
SRI	-0.0391964559730706
SELENOW	-0.0392004762019439
HLA-G	-0.039210584525663
METTL27	-0.0394937554470288
TMSB15C	-0.0396715036478727
PIPSL	-0.0396894832280201
RBM38	-0.0398536717219069
TIMD4	-0.0401151040590978
ZC3H11A	-0.0401729583217041
RPL23AP94	-0.0403251007286374
SP3	-0.0404638239298471
KBTBD2	-0.040465500875578
NCKAP5L	-0.0405380031546306
GPAM	-0.0405488971906916
PRR3	-0.0405893839355375
BCL10	-0.040669427066437
NAP1L1P1	-0.0406935589802801
SIRT1	-0.0407242684835511
ZNF16	-0.0407928982641305
CA13	-0.0408151327647823
HDDC2	-0.0408811385952857
FAM89A	-0.0409379208586429
PLEKHA3P1	-0.0410358498003647
MERTK	-0.0410637349817507
AKAP13	-0.0412333961460956
HAS3	-0.0413366390770061
IFITM2	-0.0413487906667709
KIN	-0.0413511325887326
IFI27L2	-0.0414404227325558
SPATA9	-0.0414882896954018
CAMLG	-0.0415198125592129
CCDC187	-0.0415933918820398
PFDN1	-0.0416659501023774
RNF114	-0.0418081252978237
NPIPB4	-0.0418666477315313
C11orf58	-0.0418960098249226
RPIA	-0.0419467531965949
SLX4	-0.0420760232014674
TRIM21	-0.0420939337523385
CKLF-CMTM1	-0.0421282121608646
OR6D1P	-0.0422245282701507
IRAG1	-0.0422325245216467
ENAH	-0.0423889960212784
IGHV3-72	-0.0425958935836358
TGFBR2	-0.0426422744644906
FZR1	-0.0426489503508734
ARHGAP1	-0.0426587925510858
GBA1LP	-0.042950090030121
MANBAL	-0.0430264145787921
AGAP4	-0.0431907028870604
LIMD2	-0.0432198020927296
TNFSF13	-0.0432199926958133
MRPL30	-0.0434752621933092
MSX1	-0.0434909970792648
CCDC82	-0.0435541095638314
FXYD6	-0.0435769755795755
ADAMTS7	-0.0436525837560205
LPAR2	-0.0438049254163732
MIPEPP3	-0.0438596135015544
NUP88	-0.0439714857660263
AFG3L2	-0.0440669005066534
NHSL1	-0.0440973898213241
IGLV2-14	-0.0442325931286079
CA14	-0.0442865174025715
DNAAF8	-0.0443540734806174
L3MBTL1	-0.0443774424033718
CTBP2P10	-0.0445482999346037
FAM53C	-0.0445785680089022
TAS1R3	-0.0447278261509275
STX1B	-0.044999036889932
PLIN1	-0.0450330120974503
PARP3	-0.0450355874263349
CENPE	-0.0450474467525331
AANAT	-0.04513383353571
PANK2	-0.0452420212930192
SLC4A5	-0.0452426386312386
CEP97	-0.0452744392139997
PLEKHM3	-0.0452842911057376
GABRG2	-0.0453164505226651
FOXP1	-0.0454579753537281
CARD16	-0.0455825943214099
GPIHBP1	-0.0456764264663695
COG2	-0.045796879465926
MFSD10	-0.0458695644570497
ZNF217	-0.0459183812783447
KLF13	-0.0459424051632776
C2CD5	-0.0459824442017898
FUNDC2	-0.0460326297212575
DHX30	-0.0460603833710387
SH3GL1P2	-0.0460615045623303
RRAD	-0.0460882668306453
CYB5B	-0.0464986292452485
CES4A	-0.0465320410152312
H2BC8	-0.0465749794490335
SNX33	-0.0468055421230771
CAPZB	-0.0468639795674481
PDCD11	-0.0468810355035819
U2AF1L4	-0.0468900174058381
COIL	-0.0470638180395425
ARHGAP23	-0.0470767883184528
DNAJC19P5	-0.0470786408561505
TIMM17A	-0.047093185708811
CPM	-0.0471157175183928
CYP4F33P	-0.0471373554474301
NEU3	-0.0471540065618658
MTIF3	-0.047164101018582
BLOC1S4	-0.0471716268625722
MIB2	-0.0472126301728336
AIFM2	-0.0472762001153701
ARL6IP5	-0.0473388338632773
FMR1	-0.0473651676693261
CA2	-0.0474426963163331
KRBA2	-0.0475335307963467
IGFBPL1	-0.0475937731015384
ALDH7A1	-0.0476653301058163
FAM185BP	-0.0476855191447794
ZNF780A	-0.0478191551459713
FGF13	-0.0478289203477954
MARCHF8	-0.0478838184229014
TMEM262	-0.0479830981828638
PPP1R3G	-0.048064759706858
SOCS5P4	-0.0480755073414244
CCDC90B	-0.0482771771341544
BST2	-0.0483802322459859
DAPK1	-0.0485037092039791
ZNF274	-0.0486092602976264
MDP1	-0.0486957195706533
ZNF705EP	-0.0487434936566153
SLC5A10	-0.0487889630956689
CCNL2P1	-0.0487969768169975
CELSR3	-0.0488490079637811
DNAJC25	-0.0488892363992302
PMS2P9	-0.0489485018068755
TAGLN2P1	-0.0489880776205803
GDE1	-0.0491020611149823
RHOT1	-0.0491895358847694
ELOVL7	-0.0492107153826905
ANKZF1	-0.0492819689710107
RNF2P1	-0.0493591783179223
VN1R108P	-0.0494375771330277
REXO4	-0.0494613301374637
MTREX	-0.0497061893828797
MRPL45	-0.0498138094203882
MMP17	-0.0499386616832601
HDAC1	-0.0499390762827952
RPRD1A	-0.0499913246552207
SH3BP5	-0.0500234633160323
RFNG	-0.0501643007756066
AS3MT	-0.0501711484484902
ZNF829	-0.0502579669808765
DTWD2	-0.0502868864425617
PARL	-0.0505355306689514
KANSL3	-0.0506349186654684
UBE2J1	-0.0507167811555358
DCTN3	-0.0508330637363359
MIF	-0.0508353876190493
ARL6IP6	-0.050843398953183
TAS2R6P	-0.0510212361433178
AATF	-0.0510663695201666
ANKRD6	-0.0511154397711887
RSPH9	-0.051164039465525
FBN2	-0.0512041300117743
SLX9	-0.0512493598463279
CFAP73	-0.0513381077157775
PEX5	-0.0514812693379185
SIRT5	-0.0515069666965179
SNX18P26	-0.0515674444370517
IGBP1	-0.0517075428508894
TBC1D12	-0.0517221151653766
RBM44	-0.051842124404832
ZNF713	-0.0518626405425576
MBOAT2	-0.0519129221351473
REX1BD	-0.0521247210929941
LGALSL	-0.0522118905119706
EFR3A	-0.0524170333290994
COLQ	-0.0524498070848867
FAM53B	-0.052471168853934
EIF3L	-0.0524889071521967
NRARP	-0.0526078280985911
DGLUCY	-0.0526319964688028
ASS1	-0.0526490728007696
RNF167	-0.0527565367715901
ZC3H8	-0.0528263131139134
TIMM17B	-0.0528419603512245
ELP3	-0.0529100335710098
FGD4	-0.0529589887694987
AVPR2	-0.053169341374977
ARHGAP8	-0.0533000329340288
ME1	-0.053663329765982
ERP44	-0.0537057363179026
SARM1	-0.0537834546632801
DHX36	-0.0538274884289145
MORC2	-0.0539722838340511
RHBDL1	-0.0539941744792912
GALNS	-0.0540155095537219
OR2M3	-0.05405523818704
TBC1D19	-0.0540711529733632
DSE	-0.0540797335490605
ARB2BP	-0.0542159201624925
CPQ	-0.0542713995996766
SAFB	-0.0542714170544982
CUX1	-0.0543069480952369
TMSB15B	-0.054553730028232
INTS5	-0.0546458492789726
CTAGE6	-0.0547040679328379
GSTCD	-0.0547050604023168
DDB1	-0.0547846835064321
FKBP10	-0.0548112344039241
STARD3NL	-0.0548209434883795
KGD4	-0.0550894680045776
CNOT7	-0.0551853860834287
POPDC2	-0.0552219690234802
ANKRD49P1	-0.0553187570091735
BRSK1	-0.0553283839037331
GNE	-0.0553793805084969
VPS26B	-0.0557113870533528
KIF5A	-0.0557626120585083
GPN3	-0.0557843727791211
CCDC154	-0.055934367395348
TBCC	-0.0559919034721963
FOSL2	-0.0561898747149711
ERCC2	-0.0561932336562736
ANXA4	-0.0562647930579336
ANAPC5	-0.0563487745506304
PHLDB1	-0.0565768431894384
GPATCH11	-0.0566054524338814
KLF16	-0.0568224881508087
PANX1	-0.056938130903931
KPNA1	-0.0569602008535974
YOD1	-0.0570026089488638
NPAS1	-0.057126471200063
FBXO2	-0.0571363571363267
NOCT	-0.0571367468958755
RABGGTA	-0.0571371078691688
SLC35A1	-0.0571533353751957
EVL	-0.0572089204854768
MRPL43	-0.0574845412484343
MPG	-0.0574933418620395
RAB10	-0.0577461991378024
SPDYE12	-0.0577831032735019
HLA-F	-0.0578372103838298
OXER1	-0.057872671894113
MACO1	-0.0579200556865945
GCNA	-0.0583759419015734
TIAM2	-0.0584184554882682
MED7	-0.0586856317292621
SOCS7	-0.0587014545946192
EIF2A	-0.0587295326789889
FAM219B	-0.0587906412731389
FLT3LG	-0.0588638486412524
CYSLTR2	-0.0589692149697683
DOHH	-0.0590055287646674
TRDC	-0.0590681079938542
CRISPLD2	-0.0591024504946791
WWP2	-0.0591197316544281
GOT2P3	-0.0592789063374099
ACP3	-0.0593814134348881
ZNF140	-0.059494665946265
ZNF549	-0.0596257562810505
TCF15	-0.0596841940207459
PWWP2A	-0.0597189535627536
SHISA5	-0.0598503295961469
IFIT3	-0.0600370787353849
MYBL2	-0.0600393030226035
RPL5P30	-0.0600678697816876
PDCD6IPP2	-0.06020057196091
RPL23AP82	-0.0602302678861772
SH2D5	-0.0603079581126927
RBM28	-0.0604484390997214
UBAP1L	-0.0604662711116491
CYP4F59P	-0.0605553413204749
GSTM3	-0.0606591232186754
PDCD6P1	-0.0607724427949587
KLF9	-0.060871660536695
ZNF425	-0.0608943724183218
MCUR1	-0.061036497950673
PXYLP1	-0.0610787844157932
STK25	-0.0610980190145669
SDHA	-0.061109265760213
ACIN1	-0.0612480542605804
LCT	-0.0612644820099693
KLRG1	-0.061323859087692
ICE2	-0.0613520956658358
MICAL1	-0.0614247902619276
WNT8B	-0.0614696691330648
OSBPL7	-0.0616526431358509
BPNT2	-0.0616686242404372
ANPEP	-0.0619137084333859
SMPDL3B	-0.0619646081277925
FAM91A1	-0.0622128644660315
NABP1	-0.0623143901317765
SLC14A1	-0.0623153833722716
SHISA8	-0.0624343932484079
DUOX1	-0.062469512182591
OLA1	-0.0625074036320995
ZNF607	-0.0625257198248373
SRD5A3	-0.0626288697708208
LENG8	-0.0626740043453863
IGHV3-32	-0.0626792106067046
SENP3-EIF4A1	-0.0626847539723349
SLC23A2	-0.0626877121249009
CFDP1	-0.0627364987878547
ASPM	-0.0627493399245935
GDPD1	-0.0628203002291525
CYP27B1	-0.0628285210305936
ZNF556	-0.0628416363870588
RPUSD4	-0.0629318723713464
YARS2	-0.0630576608859778
BDP1	-0.0632436970144885
MMP1	-0.0634558188368662
ILDR1	-0.0634761558164847
GNPAT	-0.0636473761457166
ZNF706	-0.0636848691571299
SMPD3	-0.063782122932962
GNAZ	-0.0638141642918671
ITPRIPL1	-0.0638271109728229
PLEKHO1	-0.0639392232644206
NUDT2	-0.0640287997482559
CYP2J2	-0.064067248629139
MAVS	-0.0642058608176897
DDO	-0.0642483761095036
ERCC3	-0.0642561267857494
CUEDC2	-0.064509508048882
EIF5AL1	-0.0645753796617812
PDE1B	-0.0646307291713019
PRR11	-0.0650576613568915
THSD4	-0.0650705943020393
HNRNPUL2-BSCL2	-0.0652219033160088
PPP1R10	-0.065593575983041
WASHC5	-0.0657471002691966
PTGES3L	-0.0657701232367858
LHFPL1	-0.0658072556629355
GSDME	-0.0658371226206257
H1-2	-0.0658380281576759
B4GALNT3	-0.0658702395702795
GBA2	-0.0658815468255992
UBAP2L	-0.0659479068254386
TMEM181	-0.0659522149849199
BRD2	-0.0660279168651219
GPR89B	-0.066221045000245
LDLRAD2	-0.0662262301973057
CYC1	-0.0664109313481279
RIC8A	-0.0665771367583109
ASRGL1	-0.0665926182408238
MOB3B	-0.0665991023041247
PRRT2	-0.0666452210368923
PTPRN	-0.0668437874977725
IGKV4-1	-0.0669291314913733
DNAJC4	-0.0669518650057416
PTCD2	-0.066953804299354
HLCS	-0.0669635343176913
TMEM234	-0.0670791831126579
BAK1	-0.0671163607752678
PCF11	-0.0671269271362739
RMC1	-0.0673332247961087
SUCLG1	-0.0673712534768678
IL15	-0.0675445439473449
SELENOF	-0.0676092340104332
ATXN1L	-0.0677176073333614
PRKCA	-0.0677203247928073
EPHA1	-0.0677565928731295
TMX1	-0.0678869083658353
CEBPZ	-0.0680530584412553
TRAK1	-0.0681059754473689
ATP5IF1	-0.0684041903322799
ZNF26	-0.0685279378621943
ALDH3A2	-0.0685529633805311
PARP1	-0.0685907294577627
IL27	-0.0687123504826675
S100A6	-0.0687516724895602
SORBS2	-0.0688958221775927
FABP6	-0.0690339513312353
PEX1	-0.0690403026261562
RAPGEFL1	-0.0690945938757652
MRPS5	-0.0692208602657734
UNC80	-0.069251033713667
IGKV5-2	-0.0693644606003568
MIXL1	-0.0694433638528616
SERPIND1	-0.0694878835067751
TAGLN	-0.0696133224491314
TCFL5	-0.0696879710226857
TEX21P	-0.069868882324962
ZNF419	-0.0699890476389797
ZDHHC13	-0.0700461752019724
GORAB	-0.0700619100024771
PXDN	-0.0701129127232024
ATP13A2	-0.0701942330274599
TEKT4	-0.0702124620364519
ZNF266	-0.0705409450121921
ACSL5	-0.0705483839302174
PBX4	-0.0705771885248834
TSPYL1	-0.0705790068254536
ZNF815P	-0.0705892282454005
PSMD10	-0.0705957672053771
GLCE	-0.0707535218656522
PHOSPHO2	-0.0709701006418327
IGHV4-31	-0.0710235029351374
AURKC	-0.0712243293607903
ZNF7	-0.071340406845476
RAB11B	-0.0713562074806544
DIPK1A	-0.0714451195393527
SUCLA2	-0.0714542303934823
DCAKD	-0.0714853711630667
TMCC2	-0.0715254881635951
SIKE1	-0.0716666049080932
CERS5	-0.0716743368481741
OSTC	-0.0716789281536599
SPART	-0.0717562973026611
BMS1P1	-0.0718383450006186
JUND	-0.0718993001750515
ERP29	-0.0719750046553857
HERC2P3	-0.071993135137597
FAM98A	-0.0720358838885758
NEU4	-0.0720550090210896
IPO9	-0.0722026947194646
NCEH1	-0.0722283463674851
FZD8	-0.0723358309252466
SDR42E1	-0.0723969845479254
NDUFA3	-0.0724939714220776
ORAI3	-0.0725875221645575
MORN2	-0.0726577011091502
IFT88	-0.0726706151520921
FTCD	-0.0728386009875677
SUMF1	-0.0729205310327902
KCNN4	-0.0729228493101908
OXCT1	-0.0730987642818463
MLF2	-0.0732314836442537
GNAI3	-0.0732718559053043
RSL24D1	-0.0733505332445821
PKD2L2	-0.0734273970895223
TRAPPC1	-0.0734854008753648
SRC	-0.0734957057396144
TP53RK	-0.073508610716517
ZNF223	-0.0735620432181815
H2BC18	-0.0736452511840124
NINJ2	-0.0736934145944769
RPL39L	-0.0737353339020328
DUSP22	-0.0737534557915239
NUP133	-0.0739030076209388
ALG8	-0.074045816094752
WDR19	-0.0740669064015169
TOP1	-0.0740892130108027
SORBS1	-0.0741095878744564
SLC38A6	-0.0741913146454706
ERF	-0.0743805471499732
ZNF675	-0.0745147997835966
COG4	-0.074549090871342
TJAP1	-0.0746943562074288
ERI2	-0.0750027088299219
NMRK2	-0.0750338876930777
GALNT6	-0.0750629561016601
TATDN2	-0.0750819544206918
C17orf58	-0.0751176673650062
FOXC1	-0.0751207579796256
NBPF9	-0.0751540848787665
ZNF443	-0.0751610394080187
GRAMD1A	-0.0751654374394333
AGPS	-0.0752546579267614
ZNF398	-0.0755527992200656
SREBF1	-0.0755869538783874
RPL21P28	-0.0756144008370753
TMEM222	-0.075628894999291
HOXB9	-0.0757414273523164
CHAD	-0.0757704996594427
ZNF890P	-0.075811869636882
ZNF70	-0.0758393174598195
CCDC102B	-0.0759156971035364
NTMT1	-0.07595675975311
NID2	-0.0760236135599236
WWP1	-0.0762808017263815
RPL13AP25	-0.0763999567222902
ANKRD61	-0.0765326266513618
MED14	-0.0766356005823973
CIAO2A	-0.0766494967708628
BORA	-0.0766724555722288
EML5	-0.076675971516384
EMC7	-0.0766980767030638
RPS3AP47	-0.0769228756154005
LHFPL3	-0.0770144876635765
POLR3GL	-0.0771221707013384
MICAL2	-0.0773149962694168
BUB1B	-0.0773383576937433
EGFL8	-0.0774742569636257
BLK	-0.0774748301439206
CEACAM1	-0.0774812709061747
LAT	-0.077589438055362
TTC34	-0.0776014123894619
LAMTOR1	-0.0776166168609827
MFSD6L	-0.077618066708834
ABHD16A	-0.0776884566608641
SS18L1	-0.0777493847857577
ACP1	-0.0778980227725272
ZNF692	-0.0779586007249356
ZNF708	-0.0780063471548987
U2SURP	-0.0780930535586597
NSUN7	-0.0781466320207779
HSDL2	-0.0783557345910249
PSMB7	-0.0785244348780498
CHN1	-0.0787126671127003
OSM	-0.0787776424347643
ZNF700	-0.0787996015036272
CCL5	-0.0789958026605531
PDE4DIPP6	-0.0790267294660793
MTX2	-0.0790931050721324
NLRC4	-0.0791574898725704
SRSF9	-0.0791719627525088
PICALM	-0.0794878080002193
ENKD1	-0.0795655225678972
RBX1P2	-0.079750105096618
EIF3A	-0.079821524954039
NDUFAF2	-0.0798971515529982
HLA-DMB	-0.0799617291839594
DLL1	-0.0799658689677852
GEMIN4	-0.0800329438273212
COX5A	-0.0801350968579883
UBR7	-0.0802002561266565
ACSF3	-0.0802471945579121
ESRRA	-0.0802617482136125
WNT10B	-0.0802758997822964
ATP5MF-PTCD1	-0.0803009679244528
LUC7L2	-0.0803193850573476
UBASH3B	-0.0804262832410484
UPK3BP1	-0.0804319000718573
SLX4IP	-0.080602584662219
GOT2P2	-0.0809447206057304
ARMCX1	-0.0809486123257423
HMGB1P14	-0.0809846790120691
GABRB2	-0.0810592513957305
RNASE10	-0.0812776132174869
BTAF1	-0.081344034717953
MFSD5	-0.0814085272409742
COQ6	-0.0815192123716006
RTEL1P1	-0.0815573249944411
DEDD2	-0.081595025899677
GIMAP8	-0.0816361615792621
SGPP1	-0.0816455322427165
ZNF619	-0.0816706267116744
WIPF1	-0.0817446351898116
ZHX1-C8orf76	-0.081909268900483
GTF2I	-0.0819231733316888
PLSCR1	-0.0819239179267221
SF1	-0.0819431152614338
DHCR24	-0.0820892909052799
SLC18B1	-0.0821559634268496
THNSL2	-0.0821809377293277
COQ10B	-0.0821859879292087
NMNAT2	-0.0822652738017754
SLC48A1	-0.0822719877787325
AKR1B1P4	-0.0823308461858649
GALNTL6	-0.0823708316710364
CLIC4	-0.082446540433075
IVD	-0.0825083367794169
MORN4	-0.0826611863003507
NAGLU	-0.0826921972469559
TRAC	-0.0827671218643842
VCPKMT	-0.0830640256128451
HSH2D	-0.083080457920714
CDC42EP4	-0.0831152569255459
NUDT19	-0.0832458617218858
SOCS4	-0.083379017378199
ZNF43	-0.0834009854029001
MTFR1L	-0.0834386433771185
RAB9A	-0.0834586565198333
SERBP1	-0.083485822174355
NPIPB3	-0.0834882975748159
CPOX	-0.0836137774904958
KCNG1	-0.083645428219039
CAPRIN1	-0.0837698172032163
KIF9	-0.0837910919248837
EPS8L2	-0.0839088348542636
TCAF1	-0.0840403035456801
DDX3X	-0.084085842502803
ODAD4	-0.0842597390739826
GET3	-0.0843337624520162
ERLN	-0.0843741572149847
PPP1R11	-0.0845898861739199
CRPPA	-0.08466947242921
PMPCA	-0.0846822031910822
TXK	-0.0846919978941755
ZNF22	-0.0849683693469389
SPIN3	-0.085102001872777
APOBEC3H	-0.0852897381749837
SMC3	-0.0854265961117893
WNT2B	-0.0854402962635537
UBAC1	-0.085467899360162
ZXDA	-0.0856646599509259
SPRED1	-0.0858152079102969
FOS	-0.0858989763305932
BCOR	-0.0859358596707898
WDR5B	-0.0861193325776551
ACVRL1	-0.0862563858023678
ADAMTSL4	-0.0865507593429317
CASKIN2	-0.0865608685942801
UEVLD	-0.0866426862255796
TMEM14A	-0.0867512033404986
SEPTIN7P13	-0.0867778700360518
HBD	-0.0868244028009602
SLFN12L	-0.0868640956586239
RPS2P53	-0.0870023137558275
CFAP58	-0.0870155268888166
UTP18	-0.08705515771829
TAMM41	-0.0872736340814848
ESR1	-0.0874347106220481
NHLRC2	-0.0877284293615306
LRRC23	-0.0879132844485203
MIR1915HG	-0.0879249146062313
ZNF543	-0.0879802856774469
ZNF784	-0.0879930292971158
TMEM143	-0.0880000694707057
MOB1A	-0.0882241417645486
PLA2G10CP	-0.0883789935847828
MISP3	-0.08841769915552
GAREM1	-0.0885142328895408
ARMC3	-0.0885743911441839
JADE1	-0.0887355458888457
CPT1A	-0.0888247402514803
GSTZ1	-0.0889748605247482
LRRC4B	-0.0890512581011146
REEP1	-0.0890790121944936
PMS2P8	-0.0892793513796107
ZNF799	-0.0892997579946504
CACNG8	-0.0893209607236279
TEKTIP1	-0.0893382914648811
CD58	-0.089381546510995
PGAP3	-0.0894626438289488
PLS3	-0.0896865570509329
ATP6V0D1	-0.0898102298146399
ZNF562	-0.0898392717161733
BPTFP1	-0.0898876434712983
TMEM236	-0.0899664880639666
SORBS3	-0.0900264883428916
ZNF639	-0.090206934111983
ZNF765	-0.0902897702766314
ZNF576	-0.0903838317440212
IER5	-0.0905211039336005
NECAB3	-0.0905249790243267
ZNF497	-0.0905468637487792
BCORP1	-0.0905702857975347
ENTPD6	-0.0906287737009231
PSENEN	-0.0906598877764858
GLB1L3	-0.0906806824971643
HIF1A	-0.0910920358009862
SLC5A11	-0.0912591139367835
TOR3A	-0.0913291178114812
MRPS31P4	-0.09140727980877
SLC7A5P1	-0.0914409588607081
C6orf89	-0.0915191001700155
BRD3OS	-0.0916281140092516
AOC2	-0.0917440874123175
TTYH1	-0.0918024304808451
CA9	-0.0918172389261508
AP4S1	-0.0918181458541452
SETD3	-0.0918883377238826
USP17L11	-0.091942166501769
LPP	-0.09199480001219
NUDT12	-0.0921561992959514
TOGARAM2	-0.0921640354096322
TPTE2P1	-0.0921763342874925
C3orf49	-0.0923052320181619
AJM1	-0.0925020520213146
RNF7	-0.0925373133339148
DNAH10	-0.0926423565729699
RHBDL2	-0.0927728179134535
DISP2	-0.0928863309039119
NIPAL1	-0.0929170521940467
FBXW5	-0.0929429320761009
RPL15P3	-0.0929608636690209
TSPAN10	-0.0929629995803244
RNF141	-0.093038191447812
COPS5	-0.0930777927170014
TIAL1	-0.0930982107181291
JMJD7-PLA2G4B	-0.0931024771250162
KBTBD3	-0.0931286522668232
FAM171A2	-0.0932622975273757
RTN2	-0.0935051647664058
TSR1	-0.0935729220731239
TNPO2	-0.0935913246844803
RELCH	-0.0935947451448521
CXCR3	-0.0938680873915003
EIF5	-0.0939173346395624
USE1	-0.0940008599661149
ACER3	-0.0941972663298185
CBLN3	-0.0943630865311001
PGRMC2	-0.0944722002488164
SELENOK	-0.0945360477574883
POU2AF3	-0.094819747098945
NKTR	-0.0948608071270451
TSPAN18	-0.0949101115937535
TMEM205	-0.0951737987833551
TMEM218	-0.0953796759899149
C2CD3	-0.0954565806819917
DHX57	-0.0956760171259504
TSHZ1	-0.0958667228269011
NRCAM	-0.0959065064028511
CENPUP2	-0.0960206137790919
ELFN1	-0.0960876826383354
EMD	-0.0960895861247465
SYT8	-0.0961134232943789
WDR59	-0.0961237171713965
TARS1	-0.0961774105141492
ACAT2	-0.0961977538678341
COL5A3	-0.0963244410565553
CDC42EP3	-0.0963259839149494
AGBL3	-0.0964266492051006
DCHS1	-0.0964316210698282
NUTM1	-0.0964358084743778
DAAM1	-0.0964455753452364
UBXN2A	-0.0966194662429248
CALHM2	-0.0966788594473784
KCTD1	-0.0967239252713892
EFEMP2	-0.0967243227613541
MED27	-0.0967757847013341
PTPRE	-0.0967943893689509
ITGA2B	-0.0968682058460372
DCTD	-0.097018446278875
RPA1	-0.0970865935106401
EXD2	-0.0971159046452263
DRG1	-0.0971394923756977
OR2AP1	-0.0973691013699467
SLC35A3	-0.0974563052306381
SPINK9	-0.0974979833485507
LMNA	-0.0975951795014936
CPB2	-0.0976534677784225
IARS2	-0.0976592113067647
EMB	-0.0978710316295768
KRBOX4	-0.0979343450724435
ERLIN2	-0.0981341053200268
RCN3	-0.0984045568772923
CTNNA1	-0.0984632822336587
L3MBTL3	-0.0984741113598853
RASSF7	-0.0984985669568326
ARRB1	-0.0985378446123173
RBM25	-0.0985909235446163
UBE2SP1	-0.098595387318689
SP2	-0.0986149829503677
C8orf33	-0.0986182377154131
CALHM1	-0.0989131166312104
TMEM132D	-0.0989773678239393
ZRANB3	-0.0990438805378063
TNXB	-0.0991359363248337
PRKAB2	-0.0991576398584249
PRMT7	-0.0992289468412279
GPC4	-0.0994022812119961
DAP3	-0.0994293056859663
ZFP30	-0.0994437607696854
ELFN2	-0.099657703890413
NIPA2	-0.0996743723206733
NDUFS2	-0.0997581452811126
SMIM29	-0.0997710537655871
TAF3	-0.0997886724587387
P2RX1	-0.0999165471081501
PHF10P2	-0.100179443631964
SLC25A53	-0.100239826678963
CLEC18A	-0.100337251243001
RMI2	-0.10034425357244
CARM1	-0.100345818325298
VAV3	-0.10044224413802
NRL	-0.100481655460282
ARSG	-0.100494809274497
COTL1	-0.100650322362636
LINC02898	-0.100831871158667
IMPDH1P8	-0.100833463858112
CWC22	-0.100873440503135
WHRN	-0.100919705989111
CACNB3	-0.101094067187887
ZNF507	-0.101140160124505
RPE	-0.101187256348787
CHPT1	-0.101254923311116
TRIM55	-0.10138745960992
FUBP3	-0.101472217535625
ZNF548	-0.101586751278571
LRWD1	-0.101671126436412
WRN	-0.101753386262557
CNPY4	-0.101804604716671
AGTRAP	-0.101833023658193
PTPN7	-0.102041160141415
CD33	-0.102079923637881
C15orf62	-0.102205073838091
TSPAN5	-0.102247526823314
TMEM67	-0.102412088124849
TMEM161A	-0.10259002585259
HEYL	-0.102609366115322
MAD1L1	-0.102659867011096
ZNF484	-0.102704160597337
UBL5	-0.102809887098223
PSMA6	-0.102856801932871
MCTP1	-0.103400078999007
PAN3	-0.103601713975814
SLC25A6	-0.10362994781978
CUL2	-0.103769392002822
RPL13AP3	-0.10387625266997
NDUFB3	-0.103980919772687
CCDC28A	-0.104131857045197
SCN1B	-0.104238291780321
C6orf132	-0.104264581072691
ATPAF2	-0.10430230482102
BOLA3	-0.104390105739724
EFCAB15P	-0.104546978350694
SLC35G6	-0.104571033409076
C3orf18	-0.104590123088408
CPXM2	-0.104710049406177
RBM33	-0.104774841712479
RPL29P16	-0.104786163105749
SUCLG2	-0.104793322955212
NARS1	-0.104824147911378
ZDHHC11	-0.104990864571193
SCMH1	-0.105124911933609
TEX19	-0.105164461093369
TERF1P7	-0.105318817836036
SMC1A	-0.105389570783328
RRAGD	-0.105582710853556
MED29	-0.105584534101474
IDI1	-0.105592633884994
OBSCN	-0.105612013338419
FAM89B	-0.105974919785738
HSPB1	-0.105984353844785
NENF	-0.106085075000608
MRPL42	-0.106096554769491
MAGOHB	-0.106110348665032
HECA	-0.106225935104834
SLC6A9	-0.106410829582995
TIRAP	-0.106450102872163
SPRED3	-0.106484903704477
SMIM15	-0.106682046132307
SKP1P1	-0.106862082845546
S1PR4	-0.107349720446743
NPIPA6	-0.107396924429062
MYB	-0.107432026061676
FLI1	-0.107432579064935
MARK1	-0.107471266544671
GRK4	-0.107649138195495
ALOX12	-0.107771495577214
DNAJA3	-0.107787442900058
NEIL1	-0.107792651986364
RNF115	-0.107848889108963
RPL6P27	-0.108071138824205
ULK4	-0.108175073779042
MLLT1	-0.108206597381866
ARPC3	-0.108273019073068
CCNJL	-0.108405933074274
ELAVL3	-0.108502897654616
MYL12A	-0.108537364761092
SEPTIN5	-0.108546842453467
TYW5	-0.108548969533004
TLR3	-0.108681782031778
INO80B-WBP1	-0.108735285591345
PI4KAP2	-0.108800350918663
FAM149B1	-0.108879494938346
CEP76	-0.109033541259384
YES1	-0.109181825127584
EIF5A2	-0.109390875565935
SFN	-0.10942765186843
IL19	-0.109445780077486
VBP1	-0.109462154463097
RNF135	-0.109630685399369
MIPEP	-0.109836058103269
CCND3	-0.109874489536704
CHPF	-0.109924347305099
FADS1	-0.1099794627047
APOO	-0.110039761850951
IL17D	-0.110049130749086
CEP164	-0.110140954861355
GGNBP2	-0.110240367342075
EIF4A1P2	-0.110457015359848
LMNTD2	-0.110493062180257
MUC12	-0.110507715075989
CYP2U1	-0.110536286983686
PFDN2	-0.110545061469673
SC5D	-0.110566081474781
PPM1F	-0.110609276534713
PLA2G15	-0.110714497248848
EIF4EP1	-0.110836532434471
JOSD2	-0.110847938116981
MAB21L1	-0.110923042288555
FAM86EP	-0.111047164331925
ARHGEF18	-0.111053460459639
UBE2G1	-0.111097444081418
IPO11	-0.111108287617342
PRDM4	-0.111210451528014
SLC35A5	-0.111272999364215
GDNF	-0.111379575371929
NUDT6	-0.111495141367427
TMEM266	-0.111523706189319
ACTG1P2	-0.111592780196195
CLUHP3	-0.111631426316891
DNAL4	-0.111800146808194
CCR6	-0.111876444577623
PRMT3	-0.111890716694037
ZNF514	-0.111980104941926
SPOCK1	-0.112024269576077
LRP2BP	-0.112035834970885
TSSK4	-0.112144210013198
TMED6	-0.1123981504401
INCENP	-0.112560974526634
AP1M1	-0.11284823212034
TFPT	-0.112897189789227
H2BC15	-0.11291671937913
ING4	-0.112941715378295
ODF2L	-0.113036558516504
DHX8	-0.113108932521149
GPR75	-0.113121276961171
NEUROG3	-0.113540395336384
UCP3	-0.113652613227262
OR2T11	-0.11369319295617
SUGP1	-0.113759452178237
SPA17	-0.113816474441363
EBF4	-0.113987576669945
CD300A	-0.114254976900654
TRGV1	-0.114285970115164
GNAL	-0.114527054532529
C2orf15	-0.114578023877465
DMC1	-0.114583045679969
CEMIP2	-0.114592520942165
SLC67A1	-0.114648173758069
TYSND1	-0.114717249685787
MRRF	-0.11477291650421
ME2	-0.114870130009146
PAICSP1	-0.115021717974616
PRC1	-0.115142402338636
CSRNP3	-0.115242773712156
H3C10	-0.115277610857085
YWHAE	-0.115363452466963
EEF1A1P50	-0.115426276673226
ACE	-0.115447786481125
OXLD1	-0.115615410408121
SNRNP35	-0.115664712141819
GPR132	-0.115678238443389
SEC11C	-0.115733282337481
TAF5LP1	-0.115782699878444
ARMC2	-0.115889442581298
NHLRC4	-0.115906990989807
ABCA9	-0.116012200708758
PDCD6IP	-0.116031979975633
MLYCD	-0.116315379887937
CRAT	-0.116316013457889
FRMD5	-0.116354507903742
UBE2CP5	-0.116508175901265
NAT10	-0.116607430423737
CDK5RAP3	-0.116620789369362
SNAPC1	-0.116677476268041
RPL21P119	-0.116754012643285
RPS2P16	-0.116764663081223
CDK3	-0.11676719462284
RPS2P32	-0.1169496672769
MPP1	-0.11701206849135
NOTCH3	-0.117070649941838
MGST3	-0.117262844174392
THAP7	-0.117277006670845
MRPL2	-0.117458779180196
MZT2B	-0.117677789143323
FXR2	-0.117761653968849
DLGAP2	-0.1177640858654
WDR25	-0.117855791648519
LSM8	-0.117968856915652
CLN3	-0.118070234919844
DEDD	-0.118238702232816
ZNF528	-0.118391531027959
MSANTD1	-0.118494213271703
VASH1	-0.118515514737304
UGT8	-0.118576755445492
NDUFAF1	-0.118642518671294
SCRN3	-0.118897551094207
TIMM10B	-0.118924039995292
GPATCH2	-0.119065340747103
CIMAP3	-0.119085867434504
APPL2	-0.119151893455535
ZNF649	-0.119188283377365
RPL3L	-0.119236719901061
ATOX1	-0.119262186212463
TEX10	-0.119272512161629
MGST1	-0.119343785694421
XCR1	-0.119472612386697
MAP3K1	-0.119571644616431
TRMT9B	-0.119657803071708
PPM1E	-0.119697954823128
POLR2D	-0.119772799937665
CNR2	-0.119776541605968
RBM22P2	-0.119822657844461
C7orf25	-0.119872277215259
C9orf72	-0.119892175992946
ZNF718	-0.119916039644475
VMA12	-0.119959923722029
NUGGC	-0.120395193727043
TMEM178B	-0.120640607478812
DFFB	-0.12069819621653
CNOT9	-0.120800306588179
CCT8P1	-0.120828284821856
RGL4	-0.120848575944736
LRP5	-0.120891434858878
ZFYVE28	-0.120914406195227
TUBBP1	-0.120962432799748
BICD2	-0.121116946612787
CNKSR1	-0.121140860439708
VWCE	-0.121167593479515
PGAP2	-0.121233288945757
TIPRL	-0.121332712958139
KCNQ2	-0.121441529624517
ZNF547	-0.121446271573403
FASN	-0.121455423083824
SFXN4	-0.121574708117095
PRODH	-0.121692271793595
POLR2J2	-0.121722458261308
LGALS3	-0.121763531772138
PARP10	-0.121839357981774
PLPP6	-0.12206662854846
HAUS6	-0.12209079829407
CYP2R1	-0.122148349718565
CTNNAL1	-0.122150098360706
SLC9A5	-0.122175406273633
CILK1	-0.12224221625759
POLR3A	-0.122270979451361
RAB6B	-0.122280169970745
OTP	-0.122369334272628
PICK1	-0.122452900521269
TMEM168	-0.12246204133552
KAZN	-0.122494708552731
PDHA1	-0.122662044566699
ADAMTSL3	-0.122751275763776
NUTM2G	-0.122841063386852
DYNLT3	-0.122880354179206
GLYR1P1	-0.122952413107096
GTF2H1	-0.123255360811385
FKBP5	-0.123285723548625
CEP68	-0.123312530914279
SLC44A1	-0.123337421918149
TIMM10	-0.123489308772141
EMC3	-0.123892753836838
SEC14L2	-0.123934588859472
ZNF747	-0.12394497440442
NCKAP1	-0.124048870160571
TMEM212	-0.124062004682937
RNF6	-0.124140626765994
HLA-E	-0.124203945142324
LRRC8B	-0.124235099267971
TMEM41A	-0.124283256961531
KLF2	-0.124412549909986
ID1	-0.12454614141238
SIGLEC16	-0.124898026211499
GUSBP9	-0.125083095612624
KMT5A	-0.125198772877398
SKP1	-0.125275745440309
TMEM175	-0.125408808560293
ATXN3	-0.125465203301069
XAB2	-0.125601870643349
FOXP3	-0.12580481145307
BBS10	-0.126042356790694
VAMP5	-0.126078096467118
CARMIL1	-0.126087439563146
TTC14	-0.126121427186765
FCHO1	-0.126499760535125
CCZ1	-0.126510012522177
CASP4	-0.126625918990035
GCA	-0.126657508656165
EDN2	-0.126662524986854
ARL6	-0.126698518443529
PSMD8	-0.126762998639232
APOL4	-0.126807094202627
SOX13	-0.127106656300324
MREG	-0.127183935861482
DUTP2	-0.127209100919283
ZNF333	-0.127233037156683
ENSA	-0.127253562137488
CEPT1	-0.127439006154429
ADAMTS17	-0.127478517563341
RP9	-0.127690456129747
IGSF10	-0.127895922091298
RRP7BP	-0.128125607974706
IWS1	-0.12815377947545
SERPINH1	-0.128306034098567
MED18	-0.128371233006708
TMEM185A	-0.128452761756998
RAI1	-0.128583991421634
KIF18A	-0.12871687819666
RCE1	-0.128806249820212
HDHD2	-0.128810217389776
MOCS3	-0.128866507961157
SPEF2	-0.128900921778011
TOM1L1	-0.128924840330063
PSMB8	-0.1289571211553
FANCC	-0.129007709199956
PRMT6	-0.129018141876835
NEMP1	-0.129077341258143
UBE2D2	-0.129080964840128
PDLIM1	-0.129420132176552
DAG1	-0.129646818486397
NPNT	-0.130066933484113
BRI3	-0.130497574185921
SIX5	-0.130503824825045
CHMP4B	-0.130507906618198
ERI1	-0.130520160074337
LZIC	-0.130608839726952
GABRD	-0.130670649966964
TESMIN	-0.130691649809791
CRCP	-0.130723072351291
PHAX	-0.130750172199081
DNAJC7	-0.130983603628381
MIDN	-0.131006834006204
PARD3	-0.131067241721743
TCF7	-0.131085323230948
RXRA	-0.131120785667016
NUP93	-0.131219967185257
EIF2S3B	-0.13126199916425
RRP7A	-0.131370827088656
ACSBG1	-0.131537258397699
MAP3K20	-0.131649752950051
IGHA2	-0.131673964414843
DDX18	-0.131676249762787
PLEKHH2	-0.131788193711901
SPATA31G1	-0.131816997939903
NFYA	-0.132045182862848
MEX3A	-0.132093875690419
MYO3B	-0.132133845698328
WDR53	-0.132188187859236
TIGD5	-0.132246661030979
RHBDF1	-0.132378200185267
KLHL5	-0.132594356293449
PACSIN3	-0.132594475060396
GOLGA2P5	-0.132613147206743
FPGT	-0.13286949353282
LRRFIP1	-0.132885574113804
ARPC4	-0.132886739894477
ZNF581	-0.1328984123457
RNF227	-0.132988055001557
MTIF2	-0.133006555430744
CTAGE7P	-0.133176925059331
STPG3	-0.133184288192731
H4C11	-0.133191880973018
ZNF841	-0.133225752603536
SZRD1	-0.133276874127513
H2BW3P	-0.133286167647398
RGS17	-0.133307888294514
EVI2B	-0.133325556794553
CISD2	-0.133362086232073
GBA1	-0.133372045626277
WDR1	-0.133418213481266
SWI5	-0.133479678120368
PDSS2	-0.133524524080259
USP13	-0.133539628706041
SGSM2	-0.133615112116546
ZNF416	-0.133680294671765
C16orf46	-0.133779771100193
KLHL2P1	-0.133834011372155
MAP2	-0.133835553358658
CYB5D1	-0.133907520037774
ETF1P2	-0.133915460957414
AGGF1P2	-0.133977391497311
LSM14B	-0.134107691731905
FRG1	-0.134300743414307
CLOCK	-0.134353900106049
BNIP3P4	-0.134424608645903
JMY	-0.134550881949451
PNPO	-0.134715006748729
TPM4	-0.134773016476342
PRKCB	-0.134902909654426
SLC9C1	-0.134991238882799
CAV1	-0.135014403634588
EXTL2	-0.13508280414855
SPATA24	-0.135093022893223
SRD5A1	-0.135146589368445
ZYX	-0.135164584167932
FAM162A	-0.135191335937882
GPR89P	-0.135240630285187
DHX38	-0.135290523067453
KIF26B	-0.135519929573045
COL8A1	-0.135675958802718
LCE1B	-0.135864950733451
NCR3	-0.135868372934836
ENOPH1	-0.136170449783385
WDR27	-0.13622070566041
AXL	-0.136340971036475
MYO18A	-0.136495913504455
NLRC3	-0.136540591568888
AK1	-0.136617766591049
EYA2	-0.13664419139975
OR2T10	-0.136879827905195
HEATR1	-0.136983851844052
MED30	-0.137155343271462
RNF31	-0.137197360548288
ISCA1	-0.137414284031136
PSMD4	-0.137437315407082
CHKB-CPT1B	-0.137575466540225
SMIM13	-0.137612579726259
SULT1C2	-0.137893888087259
SCAMP1	-0.137942955870954
RSL1D1	-0.137955511026443
SLAIN1	-0.137960982444218
LRTOMT	-0.138011688339551
ST3GAL5	-0.138015596793857
AASDHPPT	-0.138019887581295
ESPL1	-0.138041784132067
THAP6	-0.138070537940555
GFM1	-0.138303802335192
ZNF724	-0.138558835377433
CASP10	-0.138607008575561
HOXA1	-0.138790837409652
MYL2	-0.138810069390206
TMUB2	-0.138812379778329
OR5H7P	-0.138842267855571
ZNF66	-0.138889997678175
FECH	-0.138982607389803
LDAH	-0.139005429024093
UFSP1	-0.139037972109088
CACNA1A	-0.139051392095752
ATRN	-0.139058670715251
EMC10	-0.139146138297671
SPMAP2	-0.139297829537162
CYP2D6	-0.139331254975799
TTC22	-0.139363080423736
PRICKLE3	-0.139416139817345
SEC22B3P	-0.139456776381586
ZNF486	-0.139546351280352
HNRNPUL2	-0.13957487135004
JAG2	-0.139649824071687
SLC22A7	-0.139754635750051
STIMATE	-0.139921869551456
TENM2	-0.139962565369237
SIN3A	-0.140041994005165
VN1R1	-0.14010449006123
RUFY2	-0.140230066143919
AKAP8L	-0.140239718160381
FLNA	-0.14051033326852
GOLGA8IP	-0.140958744554608
KIAA0753	-0.141093694743198
ADAM33	-0.141239167067343
CXCR6	-0.14136681720977
MAP1A	-0.141436836693025
PLGRKT	-0.14145921748317
ARHGEF28	-0.141653773115468
CREBZF	-0.141669258957794
RDH13	-0.141724900720111
DZIP1	-0.141815333569325
PEA15	-0.141907511716449
LRRC37A7P	-0.141931277004379
C17orf113	-0.141997598818278
RWDD3	-0.142031410080131
PLXND1	-0.142256541763829
MCPH1	-0.142444699116522
UCKL1	-0.142471207409803
TSPYL4	-0.142496203181899
DESI1	-0.142659522148437
CPNE5	-0.142724804080969
SCAI	-0.142763319007668
ARHGAP11A	-0.142786702155758
RPL29P23	-0.142872763525886
WASH4P	-0.142888024582364
ACTR3B	-0.142976010056106
BEST2	-0.143074406847356
RBM39	-0.143156806999586
GNPDA2	-0.143178987868591
SMARCC2	-0.143187832783089
FAM199X	-0.143352191297769
PBX1	-0.143363657257763
FBXO32	-0.143548013164589
STYX	-0.143561643640867
SPACDR	-0.143618104657643
PLGLB2	-0.143632833232107
SOX11	-0.143795668523742
ATP9A	-0.143950142092847
PRELID3A	-0.144067289241167
CHMP1B	-0.144180218066978
MAP7	-0.144202288571161
SREK1	-0.144252868144237
ANAPC1P2	-0.144273550377316
B3GNT4	-0.144543237367533
POM121L15P	-0.144582613969873
MYLIP	-0.144737187398262
ZNF674	-0.144928056035082
SMTNL1	-0.144986934076873
ZNF135	-0.145063445311545
SPRY1	-0.14508502295405
RIPPLY3	-0.145089413499518
CIAO2B	-0.145226896592481
PTGR2	-0.145284839588997
DLG5	-0.145285583161374
IL1R2	-0.145381549452343
MIPOL1	-0.145389042692277
ARHGAP33	-0.145402418030656
SDHAP4	-0.145482014094927
CYS1	-0.145503184399614
GNG4	-0.145558712398892
ZNF84	-0.145567790026242
IFI35	-0.145670719175485
TCEAL1	-0.145696128557315
HSD17B6	-0.145717861945839
DOK1	-0.145728147521536
RNF138	-0.14576056896663
CLUL1	-0.146102679115771
PRKAR2B	-0.146315289384113
NR1H3	-0.146406018350631
BTLA	-0.146638894689214
UBL3	-0.146749350966925
PEX16	-0.146978691406943
PIP5KL1	-0.147185295143597
JHY	-0.147194541122489
ADAM20P1	-0.147255030298124
NOB1	-0.147416291507651
C19orf47	-0.147444731570417
OCEL1	-0.147466380855307
KIF4A	-0.147699290090357
RNF166	-0.147811054549831
HAUS2	-0.147885745797728
CASK	-0.148072109733502
DYNLT1	-0.148150584774456
SLC9A1	-0.148347849954702
ENO1	-0.148377433321789
SCAMP5	-0.148446613303985
MRPL46	-0.148667233947047
SEC61A2	-0.14877440459617
FDXACB1	-0.148856691704196
ATXN7L2	-0.148948298459567
XKRX	-0.14903964427339
RAB22A	-0.149174755570374
DNAJC2	-0.149199118531183
FAM13B	-0.149251361660221
MLXIPL	-0.149256003944255
NASPP1	-0.149633807665361
STK17A	-0.149682899190618
IZUMO4	-0.149702506343912
RPAP2	-0.149859701492391
NME2	-0.149921692155628
CKS1B	-0.149928402313139
TRMT11	-0.150084966130938
PPP4R3A	-0.150113441507595
PHYHIP	-0.150114528955988
NDUFA12	-0.150254869098279
TMPRSS9	-0.150273604056645
THBS3	-0.150337748218052
DPM2	-0.150409125680151
ADGRE4P	-0.150448711359338
ECI1	-0.150471795562611
NEK11	-0.150679168019986
GRID1	-0.150696221837319
OGFOD1	-0.150834588928955
SS18	-0.150857211638955
PAH	-0.150895244745861
PUS3	-0.150912092118549
ZNF846	-0.15092479590771
ZC3H15	-0.150936772460015
OR7E47P	-0.150966926209053
MALSU1	-0.151031369645274
THUMPD3	-0.151307390036635
GID8	-0.151348719047731
SRSF4	-0.151363976988829
RIDA	-0.151673495874974
NR1I3	-0.151674377053391
FBXO25	-0.151751515786684
TRIM73	-0.151829822954439
VCL	-0.151861130109657
MNX1	-0.151875480513499
TTC12	-0.152025416153381
CCDC73	-0.152158733623252
ZNF436	-0.152217178562611
CFAP45	-0.152333746026773
COLGALT2	-0.152413422491547
RNF216P1	-0.152474551478184
B3GALT4	-0.152510719397889
SH3D21	-0.152581151906965
CIP2A	-0.152594143508486
FAHD2B	-0.152693653400159
GFM2	-0.152762856729934
CTNNA2	-0.15283836099823
UXT	-0.153049154477118
PCBD2	-0.153067551951053
IGHV3-33	-0.153126863159146
SLC31A2	-0.153277052069876
RLIM	-0.153283540975672
FADD	-0.153410502962337
VSIG2	-0.153572902965197
RPLP0P6	-0.153761024768732
GIMAP1-GIMAP5	-0.153766391109825
ZNF215	-0.154027056219972
THOP1	-0.154400065283468
STK11IP	-0.154410280102714
HMGN4	-0.154424088468788
ZNF319	-0.154594692439478
TRAP1	-0.154606446341742
COMMD8	-0.154722591541558
ZNF740	-0.154895327280248
SLC49A3	-0.155119938716019
PARD6B	-0.15515989988686
SYPL1	-0.155163457530115
ENPP7P8	-0.155173225564698
HNRNPA1P70	-0.155179151604163
STOML2	-0.15520055613211
MILR1	-0.155223809174652
C19orf44	-0.155259020202378
ZNF823	-0.155544198107836
CLN5	-0.155766013497176
GIPR	-0.155906056170032
PIANP	-0.156023932178402
ARTN	-0.156049489359574
PSMA1	-0.156084784023117
TAF1D	-0.156100124180061
NFIA	-0.156234932587621
ESS2	-0.156331744541383
EDDM13	-0.156398943231407
SMCO2	-0.156430458753779
ASIC1	-0.156499943167498
RAVER1	-0.156609736212546
POTEH	-0.156738786248182
HSPA9	-0.157048615103316
ZNF681	-0.157116269357426
PGBD1	-0.157249783565299
TMC8	-0.157315464661447
URI1	-0.157384964971774
MFSD14B	-0.157393568564638
GNL3L	-0.157638649770831
CXCL16	-0.157715701521574
TMEM204	-0.157842809353903
CNPY3	-0.15792136076544
MIIP	-0.157983266452392
NEPRO	-0.157997257851468
TMEM42	-0.158159960994288
ATP5MC2P3	-0.158185887549102
GTF2IP20	-0.158372771035809
ARHGEF9	-0.158521195998715
TMEM151B	-0.158524740125941
NDUFA7	-0.158579704287634
PROSER3	-0.158764592982983
CWC27	-0.158831765154133
FBXO48	-0.158847953246706
KASH5	-0.158928134992486
CNGA4	-0.158935156782593
NUDT3	-0.158986418969261
CHSY1	-0.158995712819486
INTS11	-0.159008586120766
GNPDA1	-0.159100700336863
HNRNPA1P59	-0.159231246280628
AREG	-0.159340405897044
EEF1A1	-0.159344867832374
RAG1	-0.159465503871826
TMA16	-0.159567683677534
VKORC1	-0.159749979422251
TRIB2	-0.159935527386415
NIPSNAP3B	-0.159945840710069
MRPL13	-0.159963634676392
SPRY2	-0.160040682220979
LIG3	-0.160214208437027
ARFGEF3	-0.160276509609402
ARL5A	-0.160317781509493
SPI1	-0.160432118559214
IGLV8-61	-0.160508428963292
AGPAT5	-0.160509983409421
PRDM7	-0.160604432214663
RALGDS	-0.160632051467746
FAM167A	-0.160657581063738
MAN2C1	-0.160757848904916
NACA	-0.160807181304283
JCAD	-0.160849125736325
HELQ	-0.160851473515336
PCDH12	-0.160927922106357
PLPPR2	-0.160948253746702
ERICH5	-0.161098006370036
PLEK	-0.16123078955867
INO80E	-0.161310764063618
NMNAT3	-0.161371880670151
ZSCAN31	-0.16139243424704
LRPPRC	-0.161411858380611
ORC4	-0.161445334495586
GAP43	-0.161502819211526
MTFMT	-0.161523570169092
GNMT	-0.161611514542948
ZNF132	-0.161638189518986
ORC2	-0.161726815858183
MMP21	-0.161979537337687
KBTBD8	-0.161992349199007
TMEM186	-0.162168592754713
NEFH	-0.162230081302987
CNIH2	-0.162427627368426
PIGZ	-0.162674690963207
DENND10	-0.162682321643968
KBTBD12	-0.162725222999249
TMEM208	-0.1628678031025
GPR183	-0.163179541700872
GORASP1	-0.163327834261289
CARMIL3	-0.163337506313602
GOLGA8N	-0.163433675871072
CREM	-0.163538111641563
ATP5F1D	-0.163589202062636
CHST7	-0.163740550667345
MCTS1	-0.163829937724012
GPR160	-0.16385514082388
GMPPB	-0.163888538505043
DCP1B	-0.164053818519136
NEDD8	-0.164134258294094
NAP1L1P3	-0.164278197507821
AP1S2	-0.164288024765006
HSD17B7	-0.164328186266644
DECR1	-0.1643551190882
CYRIB	-0.164567546747044
SLC52A1	-0.164628710687976
FANCB	-0.164679936699234
SLC6A6	-0.164696038762809
CDK5RAP2	-0.164707157371197
FSTL3	-0.164973915810444
RSPH4A	-0.165024695307662
CEP295	-0.165057569437806
SH2D4A	-0.165078714321378
RAP2C	-0.165150981846046
FLYWCH2	-0.165223695794941
AKT1S1	-0.165309815971585
TCAF2P1	-0.165386187421739
KDM4D	-0.165511243600047
PTPN9	-0.165614477129928
RIPOR1	-0.165618801843808
NFIC	-0.165635651740887
IGKV1-39	-0.165763567584374
SEC14L1P1	-0.165766219142101
HAX1	-0.16578953998615
VMA22	-0.165923619785815
RPS6KA5	-0.166078679932061
ZNF816-ZNF321P	-0.166099857644609
GET1-SH3BGR	-0.166168463614919
SMARCE1	-0.166227380197153
GSPT1	-0.16624505414478
FARS2	-0.166413119165452
GUSBP18	-0.166561219560595
CIAO3	-0.166667175150789
LRRC14B	-0.166775432404728
DPP9	-0.166798583682635
LRRC8D	-0.166819483049538
FIP1L1	-0.166864998431406
CDRT15P1	-0.166986446349344
LDHB	-0.167481224123443
SIGLEC5	-0.16750554167234
BNIP3P17	-0.167670295587897
SLC39A10	-0.167713686742259
CTSF	-0.168044622773681
MFSD2A	-0.168261875821821
FAM21FP	-0.168330869274046
HABP4	-0.168382611037993
SHANK2	-0.168402503912283
TMEM220	-0.168459058539409
ZNF652	-0.168676723107946
ABR	-0.16872864049895
RNF44	-0.168835293579818
MYOZ1	-0.168927103969751
BEX2	-0.169062741203775
TMEM44	-0.169342100229016
GLRX3	-0.169411596828825
RIPK4	-0.169446881202908
PPP1R3C	-0.169613650365209
MRPL50	-0.169646831962795
SDF2L1	-0.169698250769665
PDCL	-0.169746047243067
CDH17	-0.169779998038109
PHF10	-0.169894382210521
NT5DC2	-0.169940580102316
PPP4R2P2	-0.170076531860174
ANG	-0.170131015987569
ZNF280C	-0.170281996887999
CASP8AP2	-0.17042761278883
CEBPG	-0.170505279845257
UBE2SP2	-0.170526300807742
SMARCA4	-0.17056543829405
DENND1C	-0.170592191731984
CASTOR1	-0.170600621033157
LINC01881	-0.170721961884193
KEAP1	-0.170793674194775
SESTD1	-0.170808861631204
DHRS12	-0.170825124198238
AFG2A	-0.170887019850195
TMEM192	-0.171056173412938
KLF12	-0.171098375050738
CRYGS	-0.171168080016595
CSTF3	-0.171409852615833
MTCH1	-0.171494694208829
TBC1D14	-0.171514625762941
ZNF432	-0.171530460215095
MUC19	-0.171583010609861
SUSD2	-0.171591306308332
CLDN23	-0.171747216954985
SF3B3	-0.171850018139468
SNX10	-0.17203455418825
ALDH1L1	-0.172261296924084
ZNF433	-0.172264826538331
SNAP25	-0.172316303131724
EEF1A1P14	-0.172338925315804
ETV4	-0.172404057565382
LYPD5	-0.172424700784017
LMF1	-0.172544377896076
S100A11	-0.172601886037837
FANCE	-0.172605816110546
DDAH2	-0.172624307190415
ACTR2	-0.172673332585171
WNK3	-0.172834875655687
SH3BGR	-0.172921345977337
OR5H6	-0.173011444919761
TCEAL2	-0.173340187372681
ITFG2	-0.173390660077017
TTC32	-0.17339690425121
OMA1	-0.173511493687452
DTX2	-0.173559900575951
EARS2	-0.173586437387653
GTPBP4	-0.173698073682397
AUP1	-0.17379471283249
SLC13A5	-0.173849161260528
G2E3	-0.174038225838176
MNAT1	-0.174084861052007
SNX29P1	-0.174145965965265
HSPA1B	-0.174226083670129
ALKBH1	-0.174442283078955
SATB2	-0.174592239216083
EXOC7	-0.17462302753032
CYP2E1	-0.174732482615684
ADCY4	-0.174783369626737
PPIAP8	-0.1747949906711
COMMD9	-0.174902325349855
UQCC3	-0.174977156250751
KIF20B	-0.174977501611321
IMP4	-0.174986725317189
GPR171	-0.174993712968871
COL9A2	-0.175018245428932
PCDH18	-0.175177391329614
NXT2	-0.175336536509252
HLTF	-0.175646401405476
MED19	-0.175657060659487
ATP6V0B	-0.175918694606324
DNAL1	-0.175923823893012
LCA5	-0.175960921741364
ARRB2	-0.175986382245649
DIO1	-0.176219505291876
ZNF620	-0.176230985878566
C6orf141	-0.176255592731969
VAC14	-0.17631958547082
NSFL1C	-0.176494161777378
B3GALT1	-0.176527577475108
SLC25A43	-0.176630116575788
DDX39A	-0.176709899172965
SLC5A6	-0.176742564937717
DHRS7B	-0.176749276620418
KCTD11	-0.176766263828068
PCDHGB7	-0.17677654273641
CSPP1	-0.176860505462109
CHCHD7	-0.17705672317119
RBFOX3	-0.177084793176937
RXYLT1	-0.177122118403323
SARNP	-0.177364396630236
UBE2D4	-0.17741365056052
DLL3	-0.177580264611072
EED	-0.177604007153414
CCDC30	-0.177632967034155
GDPD3	-0.177791269587302
TBC1D3	-0.177914775935775
CTBP2	-0.178030391575778
NSUN6	-0.178275530977207
FANCF	-0.178381423731082
FAM228B	-0.178672753209497
ABCF1	-0.178697000413463
RGPD3	-0.178697874320958
CHIC2	-0.178859630809685
IGKV2D-29	-0.178874628911875
RNF152	-0.178897875742126
FAM76A	-0.178929697627392
SRSF11	-0.179058819241675
GATAD2A	-0.179147967639092
NEXN	-0.179156489545017
OMG	-0.179654185634265
TMEM106A	-0.179729363525284
SPDYE16	-0.179747167975613
BIK	-0.179763885490733
MRPS18A	-0.179807740914586
ZFP1	-0.179906219703077
RPUSD3	-0.179983829489177
TWF2	-0.180178332163835
ETF1	-0.180219621377138
IER5L	-0.180265681601596
TMEM60	-0.180469597988352
MYO1F	-0.180532518124868
INTS13	-0.18062356447054
NNAT	-0.180642138101257
MMP23B	-0.180676357171407
COLGALT1	-0.180781946407121
ZNG1DP	-0.18089105433699
NACC2	-0.180909227548775
CADPS2	-0.180913080543062
CORO2A	-0.180996527545648
C1orf54	-0.181033222273962
D2HGDH	-0.181058575174798
DDX11L2	-0.181144162796009
PPFIA4	-0.181232176374623
CCDC144BP	-0.181372138816746
INPP5K	-0.181374702152266
FKRP	-0.181411831936291
TRAPPC2B	-0.181461804500929
PHC1	-0.181467908262044
ZSWIM5	-0.181527972648433
MPDZ	-0.181923433240332
TRUB1	-0.182067522445084
RPL17P6	-0.182157043778002
SOX15	-0.18222640402786
CCDC85B	-0.182321230211644
POLR2G	-0.182349103125739
IL11RA	-0.182473048980598
ANXA2R	-0.182548498016735
PIGK	-0.183042538211142
ESD	-0.183240828093325
DPH5	-0.183267042184992
HERC2P5	-0.183274867771905
BCL2L14	-0.183480386910031
ZDHHC14	-0.183491827998626
SCRN2	-0.183522375390015
TMEM144	-0.183526696493868
PGGHG	-0.183629197147427
CCR12P	-0.183668900019899
SMIM45	-0.183762739094956
LINC03129	-0.183800400394969
SLC66A1	-0.183808199694347
TCF7L2	-0.18390550713418
CGNL1	-0.183969229666335
AMOTL2	-0.183969898143891
SORD	-0.18399012440821
VPS9D1	-0.184208988395659
MON1A	-0.184265948365178
CAD	-0.184314084596487
TMPRSS5	-0.184418269974522
ZFAND4	-0.184681364520283
PET100	-0.184693376338948
WASH6P	-0.184735430285479
RBM22	-0.184741707037578
BATF3	-0.184778152929746
VANGL1	-0.184873183841875
GRID2IP	-0.184955934457185
TLNRD1	-0.18498225993876
CHST3	-0.184984501773203
ZSCAN32	-0.185066252145647
EBPL	-0.185077129568097
VTN	-0.185116731685174
GPR68	-0.185277522314814
ACHE	-0.185373274055841
STX10	-0.185434995741921
TMEM47	-0.185546228383798
SCOC	-0.185788768506686
UNC5B	-0.185889254185346
CCNT2	-0.186112670395097
RUFY1	-0.186281140118461
CRYZL1	-0.186441048766744
TFDP2	-0.186446846643113
RPL14P1	-0.186528653023665
ATP5F1C	-0.186602188718399
MRTFB	-0.186622357856808
NOP10	-0.186635548467342
CSNK1E	-0.186740255913882
ESYT1	-0.186940924428205
EIF3EP1	-0.186941878389871
CA5B	-0.187028276051588
B4GALNT1	-0.187077496624947
ANKRD36	-0.187116817053117
TRERF1	-0.18713439923418
GMFG	-0.18718376163572
WDR35	-0.187199271838643
SAV1	-0.187203817329295
RPP38	-0.187247496369738
SMN1	-0.187348403380785
CEP128	-0.187432627261071
RABEPK	-0.187502339696985
TMEM183A	-0.187616679578521
IGLV5-52	-0.187642791886384
ATP5PO	-0.187682792642927
EIF2B3	-0.187736419255192
RANBP10	-0.187744026793334
TMEM260	-0.187810165018926
VDAC1	-0.18786851816806
LPCAT3	-0.188079552267789
ZSCAN16	-0.188119988392284
ANKRD20A5P	-0.188193704365129
VPS4A	-0.188266485094196
ABHD14A-ACY1	-0.188501127350939
COG8	-0.188521193022455
EIF3D	-0.188599068748863
WNT6	-0.188657877784099
THEMIS2	-0.188691980001647
SIRT4	-0.188718198826365
USPL1	-0.188757377836281
FHIP2B	-0.188932492597615
NAGK	-0.188958647704325
CYP4V2	-0.189049125954104
CLDN10	-0.189062810331057
ACTA2	-0.189114947877987
OR7E128P	-0.189188964514125
RPL7AP45	-0.189212041068209
BMS1P8	-0.189284245193358
NETO1	-0.189301271750029
STOX1	-0.189444169054366
IKBKE	-0.189456967123279
PES1	-0.189658765822747
MLX	-0.189737381887289
TAMALIN	-0.189776530838263
CGAS	-0.18990722184147
ZKSCAN8P1	-0.189956545387537
ITPK1	-0.189971637597387
PODN	-0.190053624722282
ZFTA	-0.190057589902768
CENPBD2P	-0.190103001063855
TRIM25	-0.190197902169053
TXNL4A	-0.190302684834079
TACSTD2	-0.190420342219411
PCSK1	-0.190582712109971
CYB561D1	-0.190584049589002
VMAC	-0.190674584413939
RPL9P7	-0.190725731757777
SLC35F3	-0.190731435218622
ABRAXAS1	-0.190846655397741
ZNF826P	-0.190963663407855
KIFC2	-0.191011872630239
PNMA8A	-0.191096678490117
C1orf115	-0.191124002207686
TMEM187	-0.191222364310516
PMPCB	-0.191253524601623
ATXN1	-0.191321491220488
FAM153A	-0.191511424005847
INSL3	-0.191539396554832
JAZF1	-0.191676771495028
GTF2IP9	-0.191681385281179
LGALS8	-0.191701743044848
TIMELESS	-0.191705168328537
CTF1	-0.191810821309655
CCDC59	-0.191858227592854
NOP56P3	-0.191979531392175
CLDND2	-0.192027312462523
BMS1	-0.192111537615563
SDHAF4	-0.19215187972118
GOT1	-0.192258634150952
RAD23B	-0.192469029310403
CYTH2	-0.192695166418125
PRPF40B	-0.192768970089636
OR14J1	-0.192832328445599
CSTF1	-0.192935421182524
ARLN	-0.193134956472614
POLR2B	-0.193255946143408
PARPBP	-0.193307124233488
ZXDC	-0.193431722751391
CS	-0.19354315080532
ERAL1	-0.193605716436757
KHK	-0.193616260816949
SHLD2P1	-0.193690298379313
SANBR	-0.193725227369351
CD2BP2	-0.19381431997039
OVGP1	-0.193843738769817
MTND6P4	-0.19385803975743
LRRC69	-0.193865911414651
MRC2	-0.193916822230621
USF1	-0.194284236009808
NHSL3	-0.194329280594688
NCAPD2	-0.194330070801238
NUDT5P1	-0.194353678200098
RBX1	-0.194461594872863
NEDD4	-0.194645767127491
CCT6P3	-0.194740001607506
VAMP3	-0.195342371499381
KCNQ4	-0.195519796764344
FBXL18	-0.195611943635271
ANKAR	-0.195701839453719
ZNF212	-0.195819250750663
EP400P1	-0.196016913576866
TBC1D31	-0.196205613695251
LPCAT4	-0.196309289461812
NCLP1	-0.196312641557841
IGLC3	-0.196419303121914
BORCS8-MEF2B	-0.19682214053132
C6orf47	-0.196844709075932
TOMM40L	-0.196875362603115
WDR20	-0.19697750691424
IQCC	-0.196987783733658
ARPC1A	-0.19719263186574
TAF4B	-0.197344644087373
UBE2FP1	-0.197380662937932
QRSL1	-0.197393492869864
IDH1	-0.197638778663371
PAK6	-0.198050883638183
LYL1	-0.198082455522266
IGLC2	-0.198221057984923
C16orf54	-0.198287410326639
C3orf33	-0.198360084700577
ABHD13	-0.198496395943657
SMNDC1	-0.198569567888061
GOLPH3	-0.198637697161252
TMEM119	-0.198843974527667
RPL23P2	-0.198935251517072
PPM1N	-0.198952719815901
ELF2P1	-0.199061616243002
URAHP	-0.199094522705007
MTOR	-0.199179066896805
MFSD14CP	-0.199338895808716
RHEX	-0.199358142616464
ZNF138	-0.199448101061701
TTC9C	-0.199452274094503
RBM18	-0.199479267202672
STEAP4	-0.199633392195263
PHF11	-0.199792546874226
XKR6	-0.199815913615112
RPS20P22	-0.199885196736548
DLK2	-0.199927387767525
MSANTD3-TMEFF1	-0.199988112084453
EEF1A1P35	-0.199997648111132
GNG10	-0.200214517986215
GIMAP2	-0.200461013912563
NAPA	-0.200663034340783
PRKDC	-0.20067191799537
BPHL	-0.200672617127253
LEF1	-0.200725362877414
NEMP2	-0.200853411318715
CFAP119	-0.20090431751229
PIP5K1C	-0.201299607182816
CC2D1B	-0.201385576369579
ARMT1	-0.201446972643454
NFASC	-0.201457610221368
IFI27L1	-0.201459955907459
COX4I1	-0.201486555955408
KRT8P39	-0.20150593757285
SCML2	-0.201529539764229
MTMR10	-0.201626595132019
ACBD4	-0.201857624706697
KRT8	-0.202004426061469
ETFBKMT	-0.202200723077267
SEPHS2	-0.20220565525739
EIF3G	-0.202221705598763
LHX2	-0.202285113960042
ZNG1C	-0.202366266912112
BCLAF1	-0.202456597618278
PCYT2	-0.202767734968922
KLK14	-0.202814142685027
RBMX2	-0.202918488859776
COL11A2	-0.203161648987063
ZNF594	-0.203251352694382
RTN3	-0.203561732567338
LAMP3	-0.203644981807439
ARHGDIB	-0.203690883478013
EEF2	-0.203911901185604
CMAS	-0.203993437105222
IGLC1	-0.204047642902006
S1PR1	-0.204094018144445
H2BC26	-0.204240114982022
GTPBP10	-0.204329224767855
NUDT18	-0.204447005846453
PRORSD1P	-0.204496188898827
DSTN	-0.204621303125873
MYOM2	-0.204936900487578
HSD17B1	-0.205118427726155
SPON2	-0.205118655414405
AK9	-0.20513541425826
PSMD2	-0.205202236822033
CHCHD4	-0.205281747166889
SPCS2	-0.20530602621707
IFI27	-0.205416395132789
C1orf159	-0.205454821978796
TTBK1	-0.205546666402654
UBBP4	-0.205576482659256
IQCA1	-0.205692305987571
PGM5P2	-0.205785752499254
GDF11	-0.205930651880791
ZNF252P	-0.205987797358183
LINC02693	-0.206077550161862
SDHB	-0.206139608392557
TMEM248	-0.206221537165613
SLC38A9	-0.206243974891807
VASN	-0.206360350039313
ETFDH	-0.20663152852427
SLC25A19	-0.206763751976363
USP54	-0.206951324620952
LPCAT1	-0.206983965455548
PABPC1L	-0.207037167862316
PRDX3	-0.207044769670456
PRRC2A	-0.207161700587134
RPL35A	-0.207222715719617
EPPK1	-0.207223011542225
EXOC6B	-0.207311173109861
PLAC8	-0.207501846508288
DAB2IP	-0.207597413508788
LBHD1	-0.207656143324531
AARSD1	-0.207665840683286
WASH5P	-0.207952959725247
IFFO1	-0.208098569366212
TEAD1	-0.208116270360742
IGLV3-19	-0.208281426682624
PIAS4	-0.208331372270033
DNAJA4	-0.208365264993806
ARL11	-0.208642771212626
BMPER	-0.20872202689385
ZNF285	-0.208920004366945
ARMC5	-0.209077295448003
TEX29	-0.209448405937864
PLK1	-0.209452170206522
SLC10A5	-0.209493719596543
NOD1	-0.209526802283115
PRKAR1B	-0.209588494648354
SLC35F2	-0.209623425896326
STRN4	-0.20968678291003
REXO1	-0.209709717145213
HERC2P10	-0.209786052550949
VAMP8	-0.209849617800444
APP	-0.2099362317873
ELOVL1	-0.20995008460028
KLHL8	-0.210041429967488
GABRQ	-0.210044195524725
TOPBP1	-0.210046875347155
CCP110	-0.210086660833251
IKBKG	-0.21010173472026
ZNF773	-0.210120686279848
EHD3	-0.210271207707905
NPRL3	-0.210274864726106
RPS27	-0.210306300249129
ZNF625	-0.210318915833553
RDH11	-0.210367839639718
FUT4	-0.210402058822875
RPA3	-0.210404637365019
MUL1	-0.210502380217891
GFER	-0.210704818811123
ANO3	-0.21077226682901
ZSCAN9	-0.210784934538443
FFAR1	-0.211097640942871
AIRIM	-0.211112016022817
RBBP4P1	-0.211228368339328
STXBP5L	-0.21137236638227
GPD1	-0.211430618576211
HSF2	-0.211459459391545
POM121B	-0.211537384958622
INHBA	-0.211568858921642
DBTP1	-0.211711742432391
ISLR2	-0.211745306124795
XPA	-0.211888589023211
OXCT2P1	-0.212139858603283
SYNPO2	-0.212236004841453
FAM118B	-0.212389144310415
TPPP	-0.212407828545693
INAFM2	-0.212611298845918
IGF2BP3	-0.212617011792213
DRP2	-0.212631639211057
MIER2	-0.212634089083905
KSR2	-0.212652409556654
KRT18P34	-0.212867635646213
NAA60	-0.212971283813941
TMEM150C	-0.213034441161239
TMEM14EP	-0.213274487529899
UBE2M	-0.21370917544282
FHAD1	-0.213761960239385
SUGT1	-0.213853570381629
SMARCA1	-0.213857802524604
COX6B1	-0.213910773827754
LARP6	-0.213932798232187
TIGD7	-0.214016249924835
KCTD7	-0.214265878981018
SPRY3	-0.214378317764364
THAP4	-0.214843072518018
RUNDC3B	-0.214881870230388
SNX29P2	-0.215114333779604
ABHD1	-0.21514038931574
E2F3P1	-0.215267637398784
LNP1	-0.215338974967365
TXN2	-0.215537490723998
HSPA7	-0.215550031920674
B3GNT5	-0.215552786491053
RNASE6	-0.215589790556567
DSTNP1	-0.215708491108818
ANKRD39	-0.215881571988611
MSRB3	-0.216036337072774
SLC25A4	-0.2160517781333
TSSC4	-0.216352898698138
RP2	-0.216853723760249
UQCRFS1	-0.21686609188423
PSIP1	-0.216867847212452
GTPBP8	-0.216990049089705
SLC16A8	-0.217298395743382
ZNF414	-0.217310351339284
ZSCAN18	-0.217313387395842
UCK2	-0.217346190350336
PTPN18	-0.217572444389764
ZDHHC8	-0.217681699777303
E4F1	-0.217683825465975
GUCD1	-0.217730454382668
MTHFSD	-0.218124311692773
SIGIRR	-0.218187221293723
NDUFB9	-0.21819431845333
MAGI2	-0.218198173812826
CRIP3	-0.218221569065829
RGS9	-0.218535634095637
RAB3IP	-0.219126073324778
PUSL1	-0.219136170828887
NICN1	-0.219251024967309
PHYKPL	-0.219279953867339
GRHL1	-0.219464891067211
NTN1	-0.219775973366717
ABCD4	-0.220348645850443
P4HA3	-0.220383711039785
MTMR6	-0.220410173389383
ZNHIT1	-0.220770055270123
LAYN	-0.220810304425074
CRYBG2	-0.220870841941797
CAAP1	-0.220903246239372
TBXAS1	-0.220965965778254
DVL3	-0.2211967482634
COPS4	-0.221263107439458
SPMIP1	-0.22128790950439
KLHDC2	-0.221455858580671
COX15	-0.221575487999748
PSMC1	-0.221644502898853
RNF187	-0.221691594128677
ADA2	-0.221784449940853
ZSCAN20	-0.222102486517984
TLR4	-0.222147587875785
RNF151	-0.222346374267506
ARL2BP	-0.222433121768796
PRDX1	-0.222456363309947
TPM3	-0.222487329096557
NUDT17	-0.222780126924054
GLI4	-0.222898604645818
COPG2	-0.223086426904286
TIGD4	-0.223149948797751
LCTL	-0.223299689261218
CDC14B	-0.223485191169186
UPF3AP3	-0.223564033945098
RPL10	-0.223598989203188
PTRHD1	-0.223712168788101
NOS1	-0.223776257646376
UBE2V2	-0.223895680375141
SMIM5	-0.223975344800992
TFPI	-0.224005290448883
LRRC37A16P	-0.224102973626666
NEK4	-0.224104072932551
CD300C	-0.224120098028039
SLC29A1	-0.224739997957384
LRRC51	-0.224912226715158
TUBB3	-0.2249539588691
FPGT-TNNI3K	-0.225014162303673
ZSWIM1	-0.22508215499326
LAMB2P1	-0.225134741693286
LRIG3	-0.225166826984752
GSK3A	-0.225180750926815
RPL23AP74	-0.225304244433194
MLST8	-0.225332328905713
TRPV1	-0.225401941608031
EIF2S1	-0.225670589363297
TMEM223	-0.22579210511207
TKT	-0.225812971591206
MAPK7	-0.225863920647994
ACTG1P17	-0.226149460383809
F2RL2	-0.226220528347234
LINGO1	-0.22622600777834
EEF1A1P8	-0.226249174477902
MTCO1P12	-0.226255720206537
GNA11	-0.226317183649483
TPGS1	-0.226323422911077
IFITM1	-0.226334896829152
GLT8D2	-0.226383299578012
TFB1M	-0.226400623415721
HIGD1A	-0.226422387758614
SPATA7	-0.226513210016985
MAGEF1	-0.226568497081522
TIGD6	-0.226903965453431
KLHDC3	-0.226940180446833
ZNF613	-0.226986295384946
DBI	-0.227028376349102
KCNJ14	-0.227108976429441
DHX29	-0.227175031881868
SH3GL1P3	-0.227196081555446
FBXL2	-0.227254111108582
SUGT1P3	-0.22741761101725
NAGA	-0.227862016053481
TOGARAM1	-0.227917073065569
FAM86C1P	-0.228280408460777
GRN	-0.228566220995692
DCAF4	-0.228669613370992
FAM20A	-0.228880791848042
FANCD2	-0.228914536122975
NAPG	-0.228996973810828
CASP2	-0.229062040418801
YJEFN3	-0.229062900247012
KIF24	-0.229065333780937
ZNF470	-0.229121049274242
ZNF8	-0.22927492830957
PPP4R2P6	-0.229320064898017
CDC34	-0.229548125266846
FBXL22	-0.229696078895548
JOSD1	-0.229739918020875
TMEM33	-0.229891745166035
CCDC168	-0.229906617367179
VNN2	-0.229927588353664
IPO13	-0.230019351589547
DNAJC27	-0.230149752401269
TOMM7	-0.230262684922167
UNKL	-0.230681301126433
CCT6B	-0.230747550292719
DLG1	-0.230841808046802
IRF4	-0.231062616769238
KCTD6	-0.231169507790849
RPS6KA6	-0.231180036619967
DSTNP2	-0.231334107413522
TNFAIP8L3	-0.231351988234752
LETM1	-0.231389425836581
CLK4	-0.231432684421951
SNX2	-0.231516422385679
C16orf74	-0.231590527088258
C18orf32	-0.23160031321992
EIF3H	-0.232159068603723
LEAP2	-0.232290996983527
IPO5	-0.232390693527397
ZNF492	-0.232520323901611
MGAT2	-0.232598118490053
ZKSCAN2	-0.232684883356019
SCAMP4	-0.232846465050419
CORO1A	-0.232849606719267
FCGR2C	-0.232884458464468
DORIP1	-0.232893205244184
SLC2A11	-0.233220374434585
ZNF283	-0.233445251750115
ZFAND6	-0.233581704607505
RPS4Y1	-0.233764802964819
CA5BP1	-0.233925601817831
DBNL	-0.234028334807081
TM7SF2	-0.234037275364465
LUC7L	-0.234067859699767
RLN2	-0.234386107738455
KRCC1	-0.234407556147231
SEMA4C	-0.234426124155546
CHID1	-0.234466293878271
MAPK8IP1	-0.234477320539929
ARHGAP20	-0.234538306568785
BAIAP2L2	-0.234700133730422
HADH	-0.234797668847886
SIAH1	-0.234849302567046
NDUFA13	-0.235056063700977
LDHA	-0.235162806743718
ARL2	-0.235186539319804
CLN6	-0.235434578075761
CIMAP1C	-0.235496710886141
PGCKA1	-0.235602427763617
ANTKMT	-0.235702493310163
ZNF17	-0.235760768931294
FBXW2	-0.23589088888103
DIDO1	-0.236143007888135
NUP155	-0.236212016176814
LMLN	-0.236276898536132
ACSS2	-0.236298999978021
WDR3	-0.236378987264089
FAM86HP	-0.236520228441481
BBIP1	-0.236637902449665
AP5Z1	-0.236675333793088
CHRNA10	-0.236736592717826
CCNF	-0.236755982839812
NOL10	-0.237102607641254
ZNG1B	-0.237447198998977
MVK	-0.237561502800076
DPY19L2P2	-0.237598444328036
ZNF3	-0.237721321591017
ZNF213	-0.237832750253541
DECR2	-0.238019424679621
TYW1B	-0.238103848812125
JPH3	-0.238301577213031
ADAMTS7P4	-0.238345044814075
METTL15	-0.238591717485797
RPL21P94	-0.23866373607885
ZNF582	-0.238797659115978
FZD2	-0.239063060104136
PEX39	-0.239170395132376
RRN3P1	-0.239203130331396
SVEP1	-0.239293983158843
TGFB1I1	-0.239374571645756
ATG7	-0.239374918118687
PPP1CC	-0.239563633520181
NEK2	-0.239665247013045
RPS3P3	-0.23971952334978
GSTM1	-0.239935117925009
SMU1	-0.240049079936267
NCAPD3	-0.240110851503907
DEAF1	-0.240115038268156
KAZALD1	-0.240128549899741
C1QTNF3-AMACR	-0.240323095118331
CPPED1	-0.240382816906531
TCERG1	-0.240483023032017
BAG3	-0.24053360161428
SLC35E3	-0.240584018919138
C2orf72	-0.240593059024526
CAPN3	-0.240596893354102
TMEM62	-0.240643199708603
FST	-0.240697441994019
ZCCHC18	-0.240779913831081
PSMB6	-0.24080660765103
NR3C2	-0.240933968603252
C17orf67	-0.240947309873069
ARMC1	-0.240949827091619
STAP1	-0.241213314957609
ZNF749	-0.241285971114948
ZYG11A	-0.241287376273287
GCH1	-0.241297201888688
ACP4	-0.24132640074529
WT1	-0.241396093989721
RGS5	-0.241400263791295
FAM238A	-0.241482530068832
FKBP1B	-0.241495053212226
TNFAIP8	-0.241677232285915
C1QTNF6	-0.241750675701162
FCF1	-0.241863048129
DUX4	-0.242163850916782
UBL7	-0.242188556694864
CYP4F35P	-0.242325004103554
PDE10A	-0.242344212819429
DESI2	-0.242356712301502
CRIPT	-0.242502063468129
RNF223	-0.242519942158607
KLC1	-0.24262800805125
FUT6	-0.242696872843056
EEF1A1P9	-0.242796592888594
GNAO1	-0.242847484887191
HNRNPA1P49	-0.242869539099991
EXOC1	-0.242959861519686
PTCD3	-0.24298795695346
H2BC20P	-0.243082679262821
C5orf15	-0.24309149640706
IQCE	-0.243190562161599
CXCL12	-0.243230691228247
MFSD8	-0.243233644336418
MRPL34	-0.243274967932927
SYNE4	-0.243292395633072
RHOA	-0.243370532253196
HAPLN1	-0.243557901761731
KCNJ10	-0.243949083240371
RRP8	-0.243964037193088
PGAM1P8	-0.244292973607502
RFK	-0.244610431718683
SETD1B	-0.244744664335472
LIMS1	-0.244866210150015
NPM1P26	-0.245026883482177
PMS2P10	-0.245228085891023
LYSET	-0.245251005611373
EXOSC1	-0.245268063565659
CYBA	-0.245331283636633
UVSSA	-0.245417543540468
HIBCH	-0.245508985267869
PPP2R1B	-0.245677159661771
PDE2A	-0.245805486716592
ZNF358	-0.245897693674544
BTBD8	-0.245974279000856
ZC3HAV1	-0.246200770603233
IL6ST	-0.246266592685371
DDX19B	-0.246374445244265
TOB1	-0.246441456828216
ENOX1	-0.246560751789606
ATAD2	-0.246657325383582
WARS2	-0.246672617656216
BTBD7	-0.246742977971841
COG1	-0.246790191885751
LEO1	-0.247070257510692
AURKAIP1	-0.247512833921922
CCDC144CP	-0.24760861493136
PAPLN	-0.247683041503223
TXNL4B	-0.247755256005231
GNGT2	-0.247763594067915
PCDHA10	-0.247858033874881
RNF125	-0.248136069111145
TUBB8P2	-0.248142150606439
CBR3	-0.248208247697079
DEXI	-0.248532204459349
BCL7B	-0.248650600615058
IFT70A	-0.248829119485339
EMP1	-0.248895456091416
ZNF321P	-0.249062285315889
SNAI1	-0.249082939551249
LRRC58	-0.249139866870754
ZFTRAF1	-0.249213445524159
KANSL1L	-0.249223882851603
WASHC2A	-0.249268866343206
LBR	-0.249493784083414
GSE1	-0.249602427814066
YEATS4	-0.249638800137925
TPRG1	-0.249991214105289
HEBP2	-0.250182331896101
MRPS10	-0.250288170842418
CDC42	-0.250352677810405
FAT1	-0.250428158622308
ENPP1	-0.250654044101134
CLP1	-0.250825627342968
HSP90AB3P	-0.251000700457933
ASL	-0.251177469793817
SLF1	-0.251234187291394
NEPNP	-0.251235446764662
MRPL22	-0.251283110688596
CDC7	-0.251289745910147
ZNF878	-0.251495881073717
FTSJ1	-0.251583025633722
FOXP4	-0.251797721059421
CALB1	-0.251823785391805
NUP160	-0.251870191590508
ACVR1	-0.251876457296982
KCNB1	-0.252042405757278
DDX11L1	-0.252044430652389
PSMF1	-0.252059739991544
TMEM43	-0.252211027520074
ADCY1	-0.252376469060956
NUDT21	-0.252646192691371
SH3YL1	-0.252675721038868
DAXX	-0.252749090335872
CRB3	-0.252781172535773
PLIN4	-0.252985142721515
CFAP96	-0.25324224730835
UQCRC1	-0.253699676745833
AQR	-0.253870604345164
METTL3	-0.253947517508181
ALG5	-0.254050125079776
LINC01145	-0.254114407721033
DRC3	-0.25431193143858
ADPRHL1	-0.254388609031213
CENPV	-0.254525624005224
GOT2	-0.254648314646352
USP41P	-0.254949159622111
CATSPERG	-0.255222403237612
MRPL48	-0.255298799048236
SETD1A	-0.255353124995254
SASS6	-0.255384758099903
GNAS	-0.255479430731028
TSACC	-0.255561607275543
POLR1D	-0.255565067312553
KIF14	-0.255572050698731
PEPD	-0.255660395670201
NCBP2AS2	-0.255680876065569
EEF1A1P29	-0.255768925284214
PCDHA9	-0.255829511127114
SAMD10	-0.25583287280624
TMEM203	-0.256060302194505
CNIH4	-0.256135071208924
DUS4L	-0.256198139698576
RIBC1	-0.25626974826865
CSNK1D	-0.25638811270037
PGLYRP4	-0.256427704477158
CASTOR2	-0.25645634240847
ATP5MC3	-0.256705393290525
SKA2	-0.256772310485389
SLC16A4	-0.256804222374242
WDR12	-0.256856781936606
POF1B	-0.257012363577957
BMP2K	-0.257028262800002
ZFP2	-0.257063113641491
MLKL	-0.257104166040358
TXNRD1	-0.257181365061488
CDRT15P6	-0.257506637855821
GAMT	-0.257518067221924
PCNP	-0.257561526605736
ESF1	-0.257685523055689
TTI2	-0.257751294169333
HYDIN	-0.257937053878547
ASCC1	-0.257957725420825
ECM2	-0.258129362380847
PPP2R1A	-0.258223187082306
CD59	-0.258330244708387
EEF1AKMT4	-0.258395295845053
PADI4	-0.258441565847081
ANGEL2	-0.25848351566915
DUSP12	-0.258531980183875
SLC25A35	-0.258651496618696
HLA-K	-0.25870184565011
H2BC9	-0.258730383037812
CCDC51	-0.258884757297845
RPGRIP1	-0.258903416065122
KCNJ11	-0.258926147075068
ARIH2	-0.259336511228392
HLA-A	-0.259713202669449
KDM7A	-0.259715279372544
ANKFY1	-0.259883853538097
TMEM167A	-0.259898392472813
IVL	-0.259898431285476
ATP5PD	-0.260177794317764
FLRT2	-0.260291515269163
ZDHHC11B	-0.26039729063783
ZNF668	-0.260583371941622
IDH3A	-0.26064080838271
MKKS	-0.260825979310911
PUS1	-0.260840480930063
ZNF780B	-0.260850131725834
MSANTD7	-0.260877409174644
SLC25A16	-0.260912900357212
GALE	-0.260919515716342
MKRN2OS	-0.260957029801135
MRPS12	-0.261134537499796
SYN2	-0.261189551630857
CCDC149	-0.261527293447021
API5	-0.261655216439712
STK36	-0.261667688075171
EIF4E2	-0.261685194520197
TEAD3	-0.261732349211413
CMC1	-0.262123714358198
LSM12	-0.262124855799709
CHRNB2	-0.262187244562112
MCRS1	-0.262447097922496
KCNC4	-0.262504805139405
GREM2	-0.262600213681352
SLCO4C1	-0.262985907428139
ITIH5	-0.263163347965831
ENTPD3	-0.263195231996385
SLC41A3	-0.263207190714726
CCDC150	-0.26320878918064
GAPT	-0.263242042469801
ITK	-0.26336346464555
OGFR	-0.263422569362729
OR2G6	-0.263532308733102
ATP5MK	-0.263786937768537
H3C3	-0.263862383802601
RND1	-0.263908332788463
CSTB	-0.263967066811501
RPL7AP6	-0.263969917411672
EDA2R	-0.264547739787391
SLC7A2	-0.264569717301341
SH2D4B	-0.264577806152987
SFT2D1	-0.264740663070531
TSFM	-0.264933619194919
POLG	-0.265181042732784
MTCO1P40	-0.265390095903013
PNKD	-0.265603756324462
NOL7	-0.265604798087563
LOXL3	-0.265626583812688
RRN3P3	-0.265629243662694
TAGLN3	-0.265638374104821
NUTM2D	-0.265659333901322
NOP53	-0.265887986458906
DHX16	-0.26603995560491
ANLN	-0.266236511713377
PHC1P1	-0.266457940721774
FAHD2A	-0.266480891967122
DEPTOR	-0.266581790598399
SSBP4	-0.266812682040384
TDRKH	-0.266818010708543
ZNF587	-0.266845622392303
PNP	-0.266870674985586
DOCK3	-0.267186469918234
PDLIM1P4	-0.267238380403477
PSMA7	-0.267276380362361
ALG13	-0.267360984739607
FAM218A	-0.267400703183951
RTL9	-0.267581681732724
STAG3L4	-0.267889709209462
PHAF1	-0.26807007603061
HHEX	-0.268139930166898
RHOQP1	-0.268445662170422
VPS16	-0.268509924528786
DDX50P1	-0.268606104626513
RASSF8	-0.268637293219963
SLC25A14	-0.268826387678299
RAB35	-0.268851049473319
GXYLT1	-0.268852885563513
CCDC57	-0.268942440002235
TST	-0.269187208125474
CERKL	-0.269322585053608
RNF34	-0.269363308762609
ZDHHC3	-0.269506528596461
CCDC12	-0.269531030800313
NECTIN4	-0.269750074769644
CDH15	-0.269778026458784
RPS7P11	-0.269834424934108
NPAS4	-0.269884285369044
NHLH1	-0.270164116349825
SLC25A44	-0.270165044932103
SLC25A30	-0.270183333191843
NDC1	-0.270246304180141
ING1	-0.270378787706134
C6orf163	-0.270399298050227
IGLV6-57	-0.270499326525522
BEX4	-0.270531759694192
CDK2AP1	-0.270584028549368
TRAF2	-0.271198385063662
HLA-C	-0.271300334469527
PSMD7	-0.271539879799638
FAAP24	-0.271629908172265
MEOX1	-0.271656264815106
ZNF513	-0.27168527703925
PDLIM7	-0.271785967408214
SMPD2	-0.271850584523027
EBP	-0.272074258239429
SV2B	-0.272401026687954
USP16	-0.272423788470613
FZD1	-0.272924618491405
CMC4	-0.273082709845376
SUMF2	-0.273098269935929
GTF2B	-0.273160067491851
NME9	-0.273164345516885
PNPLA7	-0.273260993326153
MRPS14	-0.273427985178247
FCRLA	-0.273646525875389
TTF1	-0.273789253203685
GABRR2	-0.274071449960441
CNOT3	-0.274165792808042
ADGRB1	-0.274222088430086
ADORA2B	-0.274366841542424
XBP1P1	-0.274403407874012
ZNF263	-0.274648891534194
ANKRD13D	-0.274694382889215
LYRM9	-0.274787692896165
TOP3A	-0.274906630868723
TPTEP1	-0.27495275906524
KIF2C	-0.274997270090504
TPTEP2-CSNK1E	-0.275012159621061
PLAA	-0.275038513021394
NSUN5P1	-0.275093487825177
NAF1	-0.275229361801518
OCSTAMP	-0.275279321454901
TRAPPC2	-0.275441888312079
MSH6	-0.275529025129686
MAPDA	-0.275643281992849
ARHGAP29	-0.275898658833326
CDK5	-0.27591751972386
DMPK	-0.276061946108577
EIF4E	-0.276176155406733
ARMC12	-0.276194252419141
HCN2	-0.276269054223605
HNRNPL	-0.276429789165199
CHD9NB	-0.276517747112617
C22orf23	-0.276617593625798
CXCR2	-0.276635174205029
FHDC1	-0.276752541219709
HMGN5	-0.276779156608561
GSPT2	-0.276801667943849
ST7L	-0.276967859596594
CALML4	-0.277030272997484
CFAP298	-0.277225457268833
EMBP1	-0.277498793386861
TNRC18	-0.277690118252223
ERMAP	-0.277959989587692
TSR3	-0.278052746219719
H4C5	-0.278117755350291
H2BC6	-0.278136472474893
DRAXIN	-0.278176750005912
RGS19	-0.278219714121443
ZFP62	-0.278370051396693
NAT9	-0.278527348725078
RASA3	-0.278565617313925
ENO1P1	-0.278583708426886
NLGN2	-0.2786666282086
KAT14	-0.27892245703484
MUC3A	-0.27895224138821
EFTUD2	-0.278977894449318
RIMS2	-0.279049190736177
BACC1	-0.279365284699114
EIF3E	-0.279485828680606
EVC2	-0.279504038977608
LRRC20	-0.279522864757323
LAPTM4B	-0.279626443480915
H2AC20	-0.279678951670589
FBRSL1	-0.279705143014891
H2AB1	-0.279722416433084
DDX49	-0.279806716869269
KNSTRN	-0.279823593038822
RPSAP9	-0.279844785303363
SRRD	-0.280064460763348
UBA3	-0.280201003302954
CAND2	-0.280513507843976
BRD3	-0.280842822746523
TMEM231	-0.2808536497273
GCNT7	-0.280939103213265
P4HTM	-0.281038268326933
C1QTNF9B	-0.281185168791481
BTBD3	-0.281257701795673
TYRO3P	-0.281450895787564
RNF123	-0.281677197732531
THOC6	-0.28173446234063
BCDIN3D	-0.281744425426591
SCN9A	-0.28179640438109
CNPY2	-0.281854878336164
FSAF1	-0.282175912330306
KPNB1	-0.282185652434349
ZNF324	-0.282228984068848
CHCHD6	-0.28226804572635
ITGB4	-0.282322174327271
IGF2BP1	-0.282454549558149
MC1R	-0.28247176119224
PTAR1	-0.282524817007256
SH2D6	-0.28253004897973
NMRAL1	-0.282569125107564
SNX5	-0.282645703114404
WHAMMP3	-0.282647723878931
DPP7	-0.282674991075517
CAPNS1	-0.282819473532369
CAMK2B	-0.282853508675174
HSPB7	-0.282878704820318
ERICH6B	-0.283123095813633
SLTM	-0.283181063493765
GUCA1B	-0.283193445606027
MEN1	-0.283208506329195
XPO1	-0.283289761841704
MS4A1	-0.28330339533273
OSGIN1	-0.283382061728759
ST3GAL3	-0.28342850647289
C10orf88B	-0.283514064224218
SERBP1P6	-0.283585465997901
BAIAP2	-0.283648842932333
SEC22A	-0.283697140969637
SUOX	-0.283802409683344
PPP1R3E	-0.283917135569048
MAGED4B	-0.283947180823763
BAIAP3	-0.283995961634585
GPATCH1	-0.284260194731614
NIT1	-0.284295367528681
MRPS7	-0.284299988473322
ZFHX2	-0.284339236755526
MTNAP1	-0.284381493286689
CCDC157	-0.284506020849531
SNAP91	-0.28451022497094
PRKAB1	-0.284592250732961
PTK6	-0.284653882950175
RIMKLBP2	-0.284800368024525
FPGS	-0.284834433050973
COX6C	-0.284859607540184
CDC25C	-0.28496642769845
TRAPPC14	-0.285050284361698
MS4A7	-0.28509964014295
CALR4P	-0.28532236290191
SAMD1	-0.285500082768114
LMOD3	-0.285521781411095
SNX15	-0.285818364251759
CPA2	-0.286091681746891
ABHD14A	-0.28611565553317
ITGA5	-0.286243393850834
ZNF329	-0.28627483362781
DERL2	-0.286391730209154
FMC1	-0.286399204581713
BIRC7	-0.286441758128157
CCN5	-0.28647943464277
LACTB2	-0.286588235253162
UTP25	-0.286843296778097
FTH1P16	-0.287132258849936
RFXAP	-0.287143670301742
GPR155	-0.28730499207227
EPDR1	-0.287321041986642
SNAP29	-0.287466988593881
RPS2P36	-0.287655387353638
MIEN1	-0.287655788564883
PPIL1	-0.287702211954065
NUP50	-0.287767202609394
ABCA13	-0.287854108442346
ALKBH6	-0.287878855481308
TMEM255B	-0.287889723568812
C18orf21	-0.287961373703113
SAMD12	-0.287996236137657
SNX18P12	-0.288078619640113
RACK1	-0.288168895776927
SIMC1	-0.288391519809366
SLC22A23	-0.288393815054472
PET117	-0.288667890568309
PPID	-0.288676259054423
LRRC59	-0.28873915162264
TBL1XR1	-0.288757710263975
ACOT7	-0.288865412280805
RNF103-CHMP3	-0.288968404452464
MPC1	-0.289224604933946
RCC1L	-0.2892476356146
PTPRF	-0.289265221421399
AFG3L1P	-0.28938277688231
ACKR2	-0.289508153509396
IGHMBP2	-0.289546600323998
ZCCHC17	-0.289652046979706
ZNF446	-0.289706286519896
BMS1P20	-0.28971426070263
ZNF670	-0.290168792594711
SNRPA1	-0.290174888025037
MXD3	-0.290188180807573
PLCD1	-0.29021294350003
SGO2	-0.290475328223362
PROX2	-0.290483964499459
ANKRD54	-0.290508464609838
NBPF25P	-0.290528300713986
MDM2	-0.290588432929253
IL1A	-0.290800188615566
ISCA2	-0.290803126087332
VAMP2	-0.290992386948069
NOC2LP1	-0.291063373100247
FBXL20	-0.291088391570795
BCLAF3	-0.291389147064052
ZNF131	-0.291475177721677
SUGP2	-0.291572427979973
TMEM50B	-0.291614239019134
IGHV4-59	-0.291690074940893
MTHFD1	-0.291909359256791
ECT2	-0.291952815879454
DISC1	-0.292087119747378
ST20-MTHFS	-0.292237835939853
CDK9	-0.292343847253961
EID3	-0.292424308335391
CCDC91	-0.292566160662195
NDUFA2	-0.292858668893824
ZNF527	-0.29314874980916
EML1	-0.293233351815268
SCN11A	-0.293274490279332
TM2D1	-0.293482314345803
VCP	-0.293631700352494
NLRX1	-0.293864327179492
WDR73	-0.293936003197714
DNAJC21	-0.294555601495029
INMT	-0.294642186639577
CD99P1	-0.294843277679785
EEF1A1P12	-0.294877809663741
GOLGA2P7	-0.295076116176115
NRXN3	-0.29511086741887
HLA-J	-0.295614175557398
DPM3	-0.295639945759682
RNF13	-0.295743569293813
FAM186A	-0.295920665621748
RHOQ	-0.295943185088069
CUL1	-0.296005737215555
ITGBL1	-0.296069682012043
SLFN14	-0.296090067957805
TCAP	-0.296189591685013
PCDHB9	-0.296420480221116
KCTD18	-0.296436056250135
GSTO2	-0.296464031224569
LYRM7	-0.2965250127068
MSRB2	-0.296718600167705
SSX2IP	-0.296742225988802
H3C12	-0.296778136750729
RASA4DP	-0.29684303225986
CRABP2	-0.296971505217222
GARIN2	-0.297205483398494
CYREN	-0.297255677981624
TP53INP1	-0.297332335203946
HCFC1R1	-0.297351964542258
VHL	-0.297417321089523
ACY1	-0.297689675631221
AMH	-0.297723129853096
DEPDC1	-0.297729690316746
CHCHD1	-0.298053966264598
PPP2R5C	-0.298153934663377
SNAPC5	-0.298173625060532
COL18A1	-0.298249240462109
SLC22A1	-0.298360121923205
PLPP3	-0.298387225004527
ABI3	-0.298590588195908
NANP	-0.298728066732674
MBLAC1	-0.298859653537548
DNAJC12	-0.29899696911551
PTGES3	-0.299166326452932
TPP2	-0.299199700463963
RFLNB	-0.299286135249508
EIF4EBP3	-0.299499284756644
ARL4C	-0.299642236323886
CST3	-0.299697554552442
PTGR3	-0.299712211461608
GRHPR	-0.299734454805939
FAM86JP	-0.299777272839626
GEMIN6	-0.300054029001124
PEAK3	-0.300214151103636
NT5C	-0.300246218187442
SETP21	-0.300272471516727
SCAND1	-0.300308138907721
HMOX1	-0.300519065168753
PIN1	-0.300585234130102
RRP12	-0.300735846453702
SLC12A9	-0.300765836571208
MTCO1P28	-0.301178643618674
SPACA9	-0.301214687022449
ACVR1B	-0.301377691807476
RPL13P8	-0.301451185039662
MTG2	-0.301532478263687
RPL13	-0.302008220612972
PCSK7	-0.302029781758289
TANK	-0.30204539606307
AVIL	-0.302052767246
FIS1	-0.302071623089176
TMCO1	-0.302118606456071
PALB2	-0.30223358416284
ZDHHC7	-0.302238502639143
TTC7A	-0.302255055553979
DCUN1D2	-0.302373223944678
NUDT8	-0.302482834972484
RPL32P3	-0.302485909178656
CCDC74A	-0.30255779563284
RPSAP70	-0.302567227985355
MED25	-0.302576137539763
DDX52	-0.302645633559868
CYB5RL	-0.302645750894924
KLHDC1	-0.302754705124845
DHX58	-0.30281027176567
CCNA2	-0.302891582983178
PSD4	-0.302911524818409
FCF1P2	-0.303251640126335
COPS9	-0.303605030582351
IGLC6	-0.303647643616157
SNCAIP	-0.303729206171987
ACADL	-0.303729509261784
PLXNB2	-0.303737642080017
CHUK	-0.303868504319173
TOP2A	-0.303904389073806
POLI	-0.303962095831159
EIF4G2	-0.304008916435064
ZNF658	-0.304057621292126
TEFM	-0.304236284628625
TRIM65	-0.304302511837459
LTBP1	-0.304397712366317
PPP4R1	-0.30440664156502
PKIB	-0.304494514973788
C12orf54	-0.304607462427404
MTBP	-0.304656286237123
DBF4	-0.304790918152405
SVIL2P	-0.3048951102127
TMEM81	-0.304901992095851
PHOSPHO1	-0.304984668883356
PKN2	-0.305149418780934
CENPA	-0.305258188386997
ZNF491	-0.305282333759808
VPS25	-0.305310736835884
ADAT1	-0.305359858034057
ST3GAL6	-0.305564795600195
SNAPC4	-0.305743975739739
RPS3AP6	-0.305755892482634
CLEC11A	-0.305910617451817
SAMD3	-0.305955804673637
LINC02210	-0.305985053423708
CYSRT1	-0.306097707162715
STMP1	-0.30620353610199
ITGB3	-0.306246638432335
SOX12	-0.306309474751926
MZT2A	-0.306309544807596
SPRED2	-0.306403232020799
ARHGEF37	-0.306403924744519
COL15A1	-0.306457826318658
TMEM267	-0.306475531153129
RIN2	-0.306488777554576
DDX31	-0.306585046961552
BORCS6	-0.306669099783583
WDR70	-0.306946717600398
F8	-0.306948425855993
RHPN1	-0.306969076913155
BEND5	-0.30707292016133
DLX4	-0.307147586496933
CPSF6	-0.307173051845801
IRF9	-0.307249387976917
SUMO2	-0.307515093003836
MLLT10P1	-0.307688149941404
ZNF584	-0.307780995103557
THOC7	-0.307827948848451
PLD2	-0.307844850905091
HDDC3	-0.308191793225909
PPIB	-0.308460985325587
MRPS35	-0.308520077299683
AATK	-0.30882721922108
TACR1	-0.308906477942277
PEX3	-0.308978609328705
ROM1	-0.308987082586622
TPTEP2	-0.309014376097525
TFAP4	-0.30909716989723
SLC23A3	-0.30911945093675
CFAP53	-0.309163484231666
CSMD3	-0.309219984363205
NPDC1	-0.309265630866571
GRAMD1B	-0.309306995990002
LAP3	-0.309559795877903
CNTNAP4	-0.30964561832129
COA4	-0.309682615483351
ELOVL6	-0.309725587796988
MRPS15	-0.309803090747293
PEDS1	-0.309952777113908
THAP1	-0.310062732321427
DUSP7	-0.310300351915238
SLC3A1	-0.310679109158392
FABP5	-0.311031084062208
KCTD13	-0.311102674133031
ZNF184	-0.311102769159137
BRPF1	-0.311118738719142
PEX11A	-0.311232871217225
NSUN5P2	-0.311356113221334
PTPDC1	-0.311552080210723
MPV17L2	-0.311795384464155
PPHLN1	-0.311923748270151
POMGNT2	-0.312031097114543
GTF2F2	-0.312127062666059
CBY1	-0.312161727251933
TMEM14C	-0.312289629046478
TM9SF5P	-0.312322516364658
CALR	-0.312645015253786
USP21	-0.312813167901114
HOXC4	-0.312944985425235
BRIP1	-0.31303759981334
TNIK	-0.313076838106727
IRAK1BP1	-0.313304327559061
KIAA0825	-0.313411048517849
RADX	-0.313765230425707
POMT2	-0.313780206029295
CORO6	-0.313834539735928
P3H4	-0.313865162400259
PRPF6	-0.313917583623368
GUSBP15	-0.313968486600564
DHX34	-0.314006721431244
MRPL37	-0.314036989612056
ATP6V1C2	-0.314102857368689
SLC12A5	-0.314123847218638
ANKRD20A11P	-0.314139116046599
MCUB	-0.3142239821833
TUSC2	-0.314358516837357
PPIG	-0.314565917403148
MYO15B	-0.314571302746384
NDUFB10	-0.314601486302609
SCNM1	-0.314819519232878
NOSIP	-0.315109827332309
THAP11	-0.315194646178424
CMSS1	-0.315559856614395
CHMP3	-0.315690337102489
DNAAF5	-0.315835539739828
PGAP6	-0.316000192621808
POLH	-0.316104842879696
CSRP1	-0.316193396639951
HASPIN	-0.316450287509304
GRHL3	-0.316491019361182
ISL2	-0.316692498317814
GABRA4	-0.316722345955668
MTCP1	-0.316775054308138
NEGR1	-0.316880399035534
RPUSD2	-0.316918342965267
VPS26A	-0.317069794882051
POLQ	-0.317093247392573
SPATA33	-0.317121696425672
HDGF	-0.317527046554451
COX7B	-0.317540835685551
OR2AG2	-0.317800088373209
CDHR5	-0.317836658357377
OIP5	-0.318159505091665
RNF8	-0.318278382080466
FBXO4	-0.318318072150196
CDC26P1	-0.31833980061209
TSKS	-0.318470508345038
NAP1L4	-0.318511331266607
RPL31P46	-0.318677241181863
PRIM2	-0.318896496345065
LHFPL5	-0.318959792168789
RNF40	-0.318962720252095
ANO9	-0.318987697628098
UCN	-0.318989346371318
MAPK1IP1L	-0.319151918399482
POLR1HASP	-0.31949923656452
SLC17A7	-0.31951268164991
SH2B1	-0.319723828772647
CCDC112	-0.319789659157063
MICOS10	-0.319931487526283
COX16	-0.320001089639706
DOLPP1	-0.32008068402944
H1-4	-0.320114179000113
NEIL3	-0.320136115728816
STAMBP	-0.32013625029694
IGFBP5	-0.320156663284417
DCAF4L1	-0.320385658867097
PRR14	-0.320512940292448
RPL13AP20	-0.320518700355792
ESCO2	-0.320631315499242
OR7E7P	-0.32071053369147
AJUBA	-0.320718408444739
PRXL2A	-0.320876844923392
NFYC	-0.320928283022605
GRAMD1C	-0.321054889673184
VARS2	-0.321109432839216
SET	-0.321444173719733
RRP1	-0.321482649967163
PATZ1	-0.321514288673692
ADGRL1	-0.321815363221794
SHMT1	-0.321849296649184
FDPSP7	-0.322045958914015
C8orf58	-0.322175613972704
HYKK	-0.322223783895372
AP5M1	-0.322455926942036
TBC1D3B	-0.322473755134851
B4GALNT2	-0.322683756159096
PTOV1	-0.322757906805904
PSMD1	-0.323053516304653
LYAR	-0.323277537703967
DPF1	-0.32338538607414
ASB3	-0.323464267588731
DPY19L4	-0.323551762918247
HDAC8	-0.323596973560427
ZPBP2	-0.323721705768713
ACTB	-0.323777894832234
MTND5P10	-0.323808273247801
RPL5P23	-0.323910935901768
CLASRP	-0.324165378621388
NAV3	-0.324545220149183
ABCD3	-0.324575523238987
BNIPL	-0.324579644200656
IGKV2-28	-0.324605711839164
ABHD16B	-0.324656081606007
SCART1	-0.324787601224819
RBBP9	-0.324860710398839
ZNF485	-0.325020261861432
RBMXP2	-0.325077077354756
ENAM	-0.325095252373863
UBE2D3	-0.325194640496838
FAM217B	-0.325234837136358
GRPR	-0.325323149412111
FUBP1	-0.32571193283879
KANSL2	-0.325719398578289
HEATR6	-0.326250597564538
RPLP1	-0.326283347014295
RAB1B	-0.326285143429913
OCIAD2	-0.326419939254254
RBL2	-0.326486497386955
RPL8	-0.327000176646062
PRMT1	-0.327059500786244
TRAJ12	-0.32710968393403
KREMEN2	-0.327115118179529
FTH1P20	-0.327160215719519
MTUS1	-0.327413232560636
WTIP	-0.327438000985004
IGHV6-1	-0.327440561329399
UPK3BL3P	-0.327561270487908
DDX12B	-0.327663261914439
PILRA	-0.327669170538209
STK33	-0.327736345563092
ZNF468	-0.328029904840278
DENND2C	-0.328073958792729
AGA	-0.328165243046593
TRIQK	-0.328168571139435
PPA1	-0.32822977530996
ARMC10	-0.328233750027531
LRRC49	-0.328630752932607
HERC2P9	-0.328634122969915
TFCP2L1	-0.328679150282125
ABCA1	-0.328688950302021
NSUN5	-0.328810321738923
NR2F6	-0.328865844625575
TEN1-CDK3	-0.328979349870614
DBF4B	-0.32900368690221
DNAJB11	-0.329235257636434
ELOC	-0.329239937860247
PACSIN1	-0.329268375551277
CPAP	-0.32932930585321
ARPP19	-0.329445180745445
PSMB4	-0.329510460020328
CASKIN1	-0.329581012728407
SFR1	-0.329610539836192
ZDHHC2	-0.329648956417182
CHD5	-0.329674898802892
MAMSTR	-0.329687493699743
LBX2	-0.329712869872975
NECAB1	-0.330046076507508
PYCARD	-0.330221996259423
ILF2	-0.330367881035762
PSME1	-0.330815035804522
LHPP	-0.330846187175038
MRPL9	-0.330920633739843
ATF4	-0.330986729753279
RUNDC3A	-0.331271834033093
GRAPL	-0.3313781359223
MISFA	-0.331604417686199
RPS11	-0.331651763883397
TAS1R1	-0.331752127938463
EFNB1	-0.332164863241524
POLE	-0.332274010508511
MPLKIP	-0.332286789257306
RAB43	-0.332319548395081
ST14	-0.332419842783482
SF3B2	-0.332437806219876
TAF6	-0.33247754730582
FBXW9	-0.332729793681546
ASIC3	-0.332772354174245
BIVM	-0.332924096344966
PEX10	-0.333038892384011
TPK1	-0.333061673345207
DNAJC11	-0.333115829141022
SPDYE3	-0.333310549050204
UQCRH	-0.333470588063009
HAPSTR1	-0.33347179262301
TICRR	-0.33350801530668
DLL4	-0.333573652997162
MMACHC	-0.333660317430054
RPL21P125	-0.334000942662808
VPS36	-0.334105923998328
KYAT3	-0.334117521878749
IGHA1	-0.334160009267333
RPS10P7	-0.334308558421853
KLHL42	-0.334337583171847
ARFRP1	-0.334703463010406
DNMT3L	-0.334830603563243
ADRB1	-0.334986021623007
PPARD	-0.334987875409997
PNPLA2	-0.335183015460491
HEATR4	-0.335315682036027
CCDC14	-0.335355215443078
ADCY10P1	-0.335376196454082
MRFAP1L1	-0.335425654165407
OBI1	-0.335557768290687
MFGE8	-0.335564741808855
GLB1L	-0.335564978767144
MST1P2	-0.335652272788721
PDE6B	-0.335794319661677
PNRC2	-0.335843604564588
VSIG1	-0.335856991172737
AIM2	-0.336372894737377
CASP4LP	-0.336395590041706
ASPA	-0.336669352639304
SSPOP	-0.336850185482086
MRPL4	-0.337018214279588
ERLEC1P1	-0.337158150011199
PSEN2	-0.337246354916663
NAT8L	-0.337416539710007
NGFR	-0.337480125779252
ZC3HC1	-0.337878266983697
NCAM1	-0.337927855625774
PLEKHG4	-0.337999579962212
IL24	-0.338003892386071
IGHV1-18	-0.338140966625491
CLGN	-0.338890952315656
RWDD1	-0.338954658141852
CFAP20	-0.339054794034577
GPR137	-0.339163723809344
PLAAT4	-0.339231719183341
RAD51	-0.339270031887137
SLC25A1P5	-0.339424613868661
DAGLB	-0.33949753983957
TWIST2	-0.339532354362692
MAPK13	-0.339612048303859
EIF4EBP1	-0.339665513121313
ARHGAP21	-0.339740808529893
FTOP1	-0.339786398920261
ATP11C	-0.340059156159378
AK3P3	-0.34045770108665
SGK3	-0.34058634455557
SLC43A1	-0.340676773179071
SH3PXD2B	-0.340731426068506
MTA1	-0.340856388376687
TRIM62	-0.341015657877514
MTUS2	-0.341189833913063
RABL2A	-0.341236402613254
LGALS9	-0.341314088557709
CSNK1G2	-0.341473374365541
DUSP11	-0.341484270208467
GALNT4	-0.341526556152298
MED31	-0.341543149633716
ZNF551	-0.341602933952042
PCBD1	-0.341660698070296
PPIAP40	-0.341836917255311
SLC8B1	-0.34189129470305
SBDS	-0.34199763668212
FRMD6	-0.342154245410634
SHTN1	-0.342558372319122
PSMG2	-0.342573133378858
MAP3K12	-0.34258489228522
RPS29	-0.342777698364426
RIOX2	-0.342809110122904
ZFPM1	-0.343104880559409
AP2A1	-0.343195361664133
SLC29A3	-0.343307719794943
BBC3	-0.343387662413919
HSPB6	-0.343438666779848
MRPL1	-0.343743984497863
KHDRBS1	-0.343749488921021
AARSD1P1	-0.343856991265494
GYPE	-0.344050534746824
RNA5-8SP6	-0.344120140785137
INTS14	-0.34413958432131
SPATA18	-0.344205285497698
LRRC37B	-0.344218075662066
MYO5B	-0.344305717500099
ABI3BP	-0.344455181367929
DGAT1	-0.344536246810571
CKMT2	-0.344651930853848
ROCK1P1	-0.344908570638911
MRPS31	-0.345094600120245
RBM34	-0.345103365991495
MRPS31P2	-0.345323527355531
CXADR	-0.345345700520423
STX7	-0.345725328536889
CUL3	-0.346056781052985
RABEP2	-0.346209820136815
RPL17	-0.346525041765268
NLRP2	-0.346691161349241
RPS10	-0.346735833360268
WHR1	-0.346883574420893
DKK1	-0.346889870216473
MMP24	-0.347189486943113
GANC	-0.347248219681373
PTTG1	-0.347261622427017
KRR1	-0.347321005121483
UNC50	-0.347388540947133
STKLD1	-0.347614935077944
BRICD5	-0.347692766307784
ZNF20	-0.347715811124878
TAF8	-0.34774352457775
KMT5AP3	-0.347934564886456
TBCA	-0.347985234643425
WNT3	-0.348059697533469
TRIM72	-0.348130421350427
CACNA2D4	-0.348174145959196
ARVCF	-0.348174240526487
SMC2	-0.348236673179341
GLUD1P3	-0.34833241327992
ANKRD23	-0.34835707183459
STAG3L3	-0.348464599265112
ITSN1	-0.348571829238014
AKAP3	-0.348614927685402
PINK1	-0.34912377943111
THYN1	-0.349312120141802
LANCL2	-0.349371442526755
ASF1A	-0.349519630266916
WDR83	-0.349727267814605
PDE4D	-0.349975518560486
TPO	-0.350055788425458
CKS2	-0.350069729719787
ZNF777	-0.35008636936109
PPP6C	-0.350094230241561
MST1L	-0.350477667151872
ANXA2	-0.350826513394946
PSME2P1	-0.350841601327807
PFDN4	-0.350857130551077
ZNF833P	-0.350907820163732
RTN4RL2	-0.351098373569459
FITM2	-0.3512023674286
MBD3	-0.351530629666565
RPL35AP20	-0.35163170370664
ASAH2B	-0.352005690762703
USP42	-0.352141828873817
SPOUT1	-0.352175220600045
ADPGK	-0.352192891472977
MSS51	-0.35219807386454
TSPAN17	-0.352407114453664
KIF20A	-0.352457741579541
GPHN	-0.352523701673238
YWHAQ	-0.352528449886865
LONRF3	-0.352564814750591
SRSF10	-0.352653288952476
LTBP2	-0.352678107287685
TMCO4	-0.352744248734005
FBLN1	-0.352991678025247
MAD2L1	-0.353348166852784
SHPK	-0.353417824622291
PLEKHA8P1	-0.353636287300409
DTX2P1	-0.353650081485125
XRCC5	-0.353743558099172
SHQ1P1	-0.353969820129159
NRADDP	-0.354063725235176
AGAP3	-0.354126443896947
NDFIP1	-0.354297641929879
EFL1	-0.354527547280357
SLC25A5P1	-0.354728611102893
ATG14	-0.354791590309644
MFSD12	-0.354806798146035
CHST15	-0.354832825016616
KRT19P2	-0.35485288967822
POU5F1B	-0.355078553488034
CD68	-0.355153032643328
TTLL12	-0.355183714283044
CSTF2	-0.355330024061267
TSC2	-0.355777042192256
STUB1	-0.355830999976599
RAD51D	-0.355859392552729
SMBD1P	-0.356169113543482
MRGBP	-0.356458187189875
TAP2	-0.357179196258048
ARMH4	-0.357202132901945
PCDHA3	-0.357210447651515
ZNF354A	-0.357489388733814
ACTG1P20	-0.357512931945652
SESN1	-0.357530177026156
MDH1	-0.35758364518674
KLHL36	-0.358064937533644
UTP23	-0.358197559668788
ACTG1P14	-0.358260716765168
BAG6	-0.35826619770043
B3GALT9	-0.358279530078215
CENPO	-0.358306587737867
STMN2	-0.358311173005958
OR2T2	-0.358512382996816
TBC1D13	-0.358600484662006
THAP8	-0.358714059302922
ZNF471	-0.358908378373792
FGF7P3	-0.358927230305627
TAF10	-0.359058301648932
SNAPC2	-0.359191213888634
METAP1	-0.359239415340086
ZNF737	-0.359330394561453
UCHL5	-0.359456205585288
GIPC1	-0.359462448361079
NUP210L	-0.359518790199222
PRPF40A	-0.359569240363157
KLK4	-0.359754997873282
NSRP1P1	-0.359780955929498
DRC12	-0.359786912898722
MAP3K6	-0.359821135550779
CES3	-0.359887265982385
KIFC3	-0.359891503901169
ZNF165	-0.359961816114599
KCNJ13	-0.360230860886377
NDUFA5	-0.360354434425
SLC50A1	-0.360361074285684
ARL13B	-0.361053075870241
KRT18P63	-0.361087711710382
CAPN10	-0.361155773967293
VIM	-0.361474850599225
SLC35E4	-0.361490290779587
MUC20P1	-0.361599263638869
MYBL1	-0.361749255655383
SDSL	-0.361961548112792
RIMKLBP1	-0.362183588129026
TTLL4	-0.362281289375189
MACF1	-0.362403135137324
GMPS	-0.362579877384386
DNASE1	-0.362603438665923
HNRNPUL1	-0.362612491725225
CLDN11	-0.362683397710751
ADGRE1	-0.36279246476009
RPL21	-0.362895437280139
IGLL5	-0.362920752947901
KCTD17	-0.362955970150843
MT1E	-0.363135773737688
TRIM22	-0.363167224455568
TUBB6	-0.363173726229377
PKD1P3	-0.363523960845741
ATPAF1	-0.363770658788633
PEMT	-0.363809999104523
ACAA1	-0.363841720038797
OPN3	-0.363982793723218
RALGPS1	-0.364114526352153
THUMPD2	-0.364143554520186
TGFBI	-0.364161419694723
GEMIN8P4	-0.364362983375946
SHOC1	-0.364378342805179
TRIM8	-0.364477528090779
TP73	-0.36451340973998
CBX4	-0.364566854228723
CCDC78	-0.364633171094542
FRG1GP	-0.364850567972793
CBFB	-0.364863263585988
ZNF185	-0.364894673969147
POLR1B	-0.364921648073149
SRF	-0.365075059328868
SYP	-0.365086487098347
CLN8	-0.365199592707522
USP32P2	-0.365286458829199
PRIM1	-0.36531910203088
IGHV4-61	-0.365467995217223
TSEN34	-0.365589856817024
GNAI2	-0.36570129887846
PPP1R26	-0.365728126113939
CEP104	-0.365863252332236
LGR4	-0.365900410886186
RAB3B	-0.365925647200013
MFSD13A	-0.365932069741404
EEF1G	-0.366108842729658
CACNA1G	-0.366176019538661
HFE	-0.366422149809306
ARMC8	-0.366440831718407
NBEA	-0.366465397153751
ZNF124	-0.366650775594025
MRPL12	-0.366770038958824
PSMG3	-0.366831636558646
TOB2P1	-0.367052652954641
ADM5	-0.367154954332566
ZBTB8B	-0.36735503425575
CNTF	-0.367369096937626
POLR2J	-0.367381299140897
TSNAX	-0.36759689861531
TIMM44	-0.367729578941024
ANTXR1	-0.367845757954159
PSMA5	-0.367965062265268
RLIG1	-0.368168598953506
GALNT11	-0.368171989677278
PGAM1P7	-0.368258378244423
IGFBP3	-0.368311881783417
ADPRS	-0.368343105687334
IQCN	-0.368381408687149
FAM241B	-0.368508269436309
MCM2	-0.368565549660079
RPS27A	-0.368796144927924
POLR2A	-0.368796800986067
HAGHL	-0.368825696679894
LRRCC1	-0.368856256286819
SH2B2	-0.368921871871222
CNTLN	-0.369010674405763
IGHGP	-0.36917269231239
TRMT10C	-0.369275304909149
PRR7	-0.369340019099248
ZNF853	-0.369376370171187
MAP3K15	-0.369523297534976
CEACAM22P	-0.369563577359457
ZNF709	-0.369610108933271
HLA-DRA	-0.36969469427207
HBEGF	-0.369984890322613
PNCK	-0.370037583814779
TAT	-0.370068335773699
FANCL	-0.370258259746611
NEK5	-0.370517098689291
IMPG2	-0.370565281243872
BEX3	-0.3706687046053
SPRYD7	-0.370686731033473
EEF1A2	-0.370789972227523
KPTN	-0.370906772532927
WDR6	-0.370907283145246
TWF1	-0.37092637388937
ACTG1P1	-0.371224922111804
ZNF431	-0.371334158870492
C9orf152	-0.371385340176522
H2AC8	-0.371479931486019
PKD1	-0.371511688981186
GNPNAT1	-0.371665554411418
RPL12P38	-0.371709021054479
BRCA1	-0.371800461409609
MRPL3	-0.371802574170926
C1orf74	-0.371964374704095
EIF4A2	-0.37196789970889
DCAF15	-0.372057438826511
CDPF1P1	-0.372068617013421
ZNF180	-0.372079606988604
CUTC	-0.372205648835045
EIF1AD	-0.372210796275507
CORIN	-0.372231078029739
ZNF596	-0.372284394157935
TXNDC9	-0.372783006623148
KIF19	-0.37289897319173
CENATAC	-0.372981660699776
PHF14	-0.37306939008758
PPP4C	-0.373185221729876
RPS15A	-0.373249902897066
PSMA4	-0.373259640118026
GNG3	-0.373293516991198
PSMD13	-0.373336092921687
KIAA1549L	-0.373541663279946
SMARCD3	-0.37411964661489
MPST	-0.374127978837144
SDC3	-0.374172684087637
METTL5	-0.374385155629806
CCDC200	-0.374632034923853
MARS2	-0.375096915104826
SEPHS1	-0.375114943357177
TBCE	-0.37524702537901
CCDC17	-0.375281844584384
JADE3	-0.375324524479932
METAP2	-0.375352607484072
POLR2J3	-0.375703936141729
XRCC6	-0.375771585407534
KLHL22	-0.376048462802405
LIN7B	-0.376202229779073
INHBC	-0.376214753905688
DLST	-0.376218629763692
ATP5ME	-0.37635369205007
GTSE1	-0.376356859319349
ZNF781	-0.376401671394697
NCKIPSD	-0.376792679763534
IGHV3-66	-0.376880286589374
MGME1	-0.377023345041627
VEZF1	-0.377163731789952
SBF1	-0.37726998430688
CFAP92	-0.377428538883808
GPR137C	-0.377435880756808
GTF2IP12	-0.377553959815338
CERCAM	-0.377647256570627
SAYSD1	-0.377698001770059
BACH2	-0.377787241555758
RIOK1	-0.377840509748014
SMPD4BP	-0.377875007121374
GPALPP1	-0.378013921213274
PROB1	-0.37803255529752
ADAP1	-0.378039652412602
FASTK	-0.378086506145431
PIP4K2A	-0.378100939729354
ACTN1	-0.378403659999445
CNNM3	-0.378450651672594
NKAPD1	-0.378532114192872
RPL21P118	-0.378670585321109
SYNCRIP	-0.378756257296115
ERRFI1	-0.37882849152899
ZNF37A	-0.379027481577961
MRPL51	-0.379090264136286
MAPKAPK3	-0.379257457877143
PSMC1P1	-0.379399677802644
PIEZO1	-0.379543193895343
SCAND3	-0.379926275720625
STRBP	-0.380037524144526
CCDC137	-0.380070648755997
DPP3	-0.380110770314362
POLD1	-0.380202294446807
GART	-0.380283156862184
POLDIP2	-0.380420311956454
WDR54	-0.380514240932299
RPS15	-0.380575073731877
RGMA	-0.380651397521224
CTSC	-0.380689099030693
GFOD3P	-0.380803639139961
IRF2BP1	-0.381047990544733
ATG9B	-0.381103855045655
GTF2IP13	-0.381108135079686
BCL2L2	-0.381141060253366
SAP30L	-0.381202103675595
SLC20A2	-0.381331602328883
CEP41	-0.381350146826983
LTBP4	-0.381522850572145
PARK7	-0.381582384930731
STUM	-0.381680051037338
MRPL47	-0.381842984662098
MDH1B	-0.382088962189951
GJD3	-0.382122545248461
NPM1P6	-0.38241085792014
NOSTRIN	-0.382492590745764
HINT1	-0.382512370368733
KRT18	-0.382591895779436
BTN2A3P	-0.382920862023373
GPR161	-0.382941910054479
RFWD3	-0.382951047173238
ZNF385A	-0.382973140195914
UBA52	-0.38324801371922
ORC5	-0.383424919063463
GLRXP3	-0.383740790374543
PPIH	-0.383784851004344
DMAP1	-0.38381008149341
TNFSF15	-0.383820375097416
PAICS	-0.383998233793501
MRPL38	-0.384242259920274
CBX2	-0.384279729459491
ALDH3B1	-0.384326744330948
PRADC1	-0.384387723425661
TPT1	-0.38444509092149
KHDC4	-0.384543298079623
DDX24	-0.384564354601193
ABCB10	-0.384673797428483
SH3GLB2	-0.384732477308425
GPS1	-0.384802270316521
DUX4L37	-0.38487266833366
TBKBP1	-0.385017818280887
MLH1	-0.385130693234457
TCEAL4	-0.385474339294767
PSME3IP1	-0.385692697989526
FYB1	-0.386005828272223
ZNF669	-0.386250537208652
PDRG1	-0.386307493625253
KANTR	-0.386826635216715
STX2	-0.386896080951472
PCNX3	-0.387175936189317
GPR18	-0.387238553556671
CAMTA1	-0.387386865233917
MED11	-0.387568416372479
RIMBP3	-0.387908378396823
SLC9A6	-0.387923180433333
ZNF778	-0.388137687487221
RHOB	-0.388141231810632
DHRS4L2	-0.388251679312186
SLC35G1	-0.388372663144541
PLEKHB1	-0.388433377156999
HIRA	-0.388498634944198
RABIF	-0.38853179471823
WDR83OS	-0.388597865042214
NT5DC1	-0.388614781867604
MORN1	-0.388631374375856
ACSBG2	-0.388828549933041
IGHJ6	-0.388947295640042
TXNDC17	-0.389221292246821
ZKSCAN5	-0.389241566846781
DYNC2H1	-0.389309921850636
EVC	-0.38935787042197
SGCB	-0.389545369267449
HACD3	-0.389559493280716
THBS1	-0.389576595639308
CARMIL2	-0.389606783705117
LRRC37BP1	-0.389610549153907
ENDOU	-0.389615119562591
TOB2	-0.38967493067538
WASF3	-0.389861971351957
SLC49A4	-0.390061082644133
RAB17	-0.390111583159329
SLCO5A1	-0.390604147705422
SOCS2	-0.390656497073569
ANGPTL4	-0.390854520857096
HGS	-0.390958099109815
GALT	-0.391064331195146
MRPL24	-0.391192237279505
FLYWCH1	-0.391274289625683
SLC41A1	-0.391536168356867
UBE2K	-0.391590650761409
GPR150	-0.391821255326824
SUPT7L	-0.391824788077959
FUT7	-0.391848880852239
PALLD	-0.391859869749363
ANO7L1	-0.392202213800347
LZTR1	-0.392511809390652
ABT1	-0.392554174512131
VPS8	-0.392560365807627
PPP2R5CP	-0.392687057853436
DNAI2	-0.392798862941987
SCARA3	-0.392873820421744
MRPS24	-0.392932853077135
NDUFV1	-0.39294773574618
PCOLCE2	-0.393131234267808
BNIP3P11	-0.393180796896078
MTMR14	-0.393268040448197
POLG2	-0.393433833472426
DOCK1	-0.393486404110446
ANKRD20A4P	-0.393638772455693
LZTS2	-0.393643047733698
PCDHGA9	-0.39370262748763
PSMC2	-0.393999195050392
NMI	-0.39407690412591
KLHL13	-0.394268670774235
FAM90A24	-0.394499498907585
TRIM35	-0.39458086253055
CCDC43	-0.39471139738895
TCTN1	-0.394740886278751
TEX14BP	-0.394753779297223
LRRTM2	-0.39488968685146
DGCR6	-0.394962843423156
ATG4D	-0.395180604518197
GSR	-0.395385536483159
PAK3	-0.395449736739444
PKN1	-0.395464211486019
UBE2Q1	-0.39564190724608
NOS3	-0.395691783712901
SMIM10L1	-0.395791876474567
LXN	-0.395968526668314
MCAT	-0.396013905310592
GULP1	-0.396202640159663
IGLV1-47	-0.39625958290531
MELK	-0.396534701946466
ABCG8	-0.396575291197962
KIAA0040	-0.39669427969865
PRR5	-0.396767483688969
ZNF598	-0.396865735543949
TMEM185B	-0.397060665154202
NDUFB7	-0.397069382732306
RPS6KA4	-0.397105753711583
CENPT	-0.397116243194617
FDX2	-0.397172624491345
SDHAP2	-0.397236404029735
FBXO24	-0.397322375510564
SLC39A13	-0.397395952260423
NVL	-0.397567517204198
TAF15	-0.397574164562106
LRRC56	-0.397796860988228
CMBL	-0.397877517730352
INKA2	-0.397981510233628
NAT14	-0.398037329637706
RPF2	-0.398636830764576
ZNF641	-0.398689982352804
GRM3	-0.399411405262149
COASY	-0.399432515677652
CCDC162P	-0.399581017192738
CYCS	-0.399681658332758
KLHL10	-0.40001473079218
CRTC1	-0.400265034416098
MUC20	-0.400292174343237
HIC2	-0.400841859211721
ALG6	-0.400891408192537
PRPF38B	-0.40106877522207
RPAIN	-0.401126482015566
APLP1	-0.401143793881112
LRRC37A17P	-0.401148401424029
PODNL1	-0.401161269532545
CTCF	-0.401162079496385
PXMP2	-0.401358754565835
MIGA2	-0.401361419560948
NUFIP1	-0.40143684921929
PPP2CA	-0.401447503797998
C6orf120	-0.401575460609824
SUPV3L1	-0.402137708096445
MMP14	-0.402186539152582
RNASEK-C17orf49	-0.402507151269988
MED6	-0.402956766026751
PTBP1	-0.402980460704452
HDHD5	-0.403049801429524
TBC1D16	-0.403059386037874
C12orf57	-0.403122144149332
RPL26P6	-0.403198807808892
PSMA2	-0.403345500087733
VANGL2	-0.403352781670855
NAA50	-0.40353097790892
RRP1B	-0.403565546633969
HTRA1	-0.403683802165885
SUMO3	-0.403694538939835
MTERF3	-0.403974339161836
LRIG1	-0.404000763390787
CRLS1	-0.404113385436343
UBE2Q2P1	-0.404446803784437
SCYL3	-0.404600897741376
TAGAP	-0.405758192152938
RAC3	-0.405781814384522
RPL13P5	-0.40608257829433
HNRNPA1L3	-0.406185091934632
PPP2R2C	-0.406206807577196
CNP	-0.406578701538788
RBM12	-0.406621127575828
TMEM160	-0.406657562079372
LRRC39	-0.406660899118311
CDCA2	-0.406767574539792
AP3M2	-0.406891269390773
C4A	-0.406978030943861
POGLUT1	-0.40715441067979
ZNF512B	-0.407191529516494
RPS18P9	-0.407213774977082
SMG1P7	-0.407262194641889
PSMD14	-0.407370173328034
GNB4	-0.407383919152637
ANKDD1B	-0.407703406191209
ADA	-0.407749448602395
KAT8	-0.407787472226176
TCEAL9	-0.40789923012766
DSTYK	-0.407978150378343
NANS	-0.408180299074725
CWC15	-0.40824029264708
NOC4L	-0.408257558515415
GOLGA8B	-0.408444512788577
RPL27	-0.408475847632509
LGALS9C	-0.408482236377972
CEP43	-0.40853628464467
NPIPB12	-0.408658292855947
PABPC1	-0.409252301504799
MEST	-0.409310461441182
FAU	-0.409493815939696
PRPS1	-0.410051057958859
ZNF32	-0.410352267777014
KIF11	-0.410538228708332
HROB	-0.410539967015904
CCN1	-0.411027422184398
TSPAN3	-0.411090755011121
SEPTIN7P2	-0.411265521621611
NCAPG2	-0.411360109048559
TAF5	-0.411363848817167
C16orf95	-0.411425787740858
BMS1P2	-0.411662783774549
BCS1L	-0.411691938229899
UBE2J2	-0.412091429034317
LUC7L3	-0.412138118717345
RAI14	-0.412263727685285
SNAI2	-0.412418592840103
TEX2	-0.41246097031027
EDNRB	-0.412489282290223
LMO7	-0.412606870915248
APLF	-0.412671929714845
MCF2L	-0.413114289104602
PCP4L1	-0.4131601958906
RUVBL2	-0.413168514365839
ADAM12	-0.413462398241748
RPLP2	-0.413488987985893
AGBL5	-0.413607157976993
UPB1	-0.413822666227971
TIGD3	-0.413895018440822
PGM5	-0.414149661238948
ERC1	-0.414332730919993
MATN2	-0.414454203323445
BLM	-0.414475634186748
ZSCAN26	-0.414537122286343
FBXL12	-0.414746828427024
SCAF4	-0.415032582074283
SQOR	-0.415096845655964
CHN2	-0.415147333664667
PIGA	-0.415466316949135
MTCH1P2	-0.415489777478064
DLG3	-0.415587197820936
SLC35A4	-0.415732981667658
AIFM1	-0.415834366765841
CDCA7L	-0.416037248325682
MNS1	-0.41619062222935
RPS6KB2	-0.416251088749805
DFFA	-0.416273018548608
LIAT1	-0.416320007800622
CDK10	-0.416369004044725
ZNF600	-0.416457718994605
TMEM254	-0.416494365872739
SNRNP40	-0.416515080483605
PACS2	-0.416634313190534
PYCR2	-0.416710156582812
NR2C2	-0.41671422662634
AGAP10P	-0.416798411884371
F5	-0.416988972358502
FCGR2A	-0.417077333071826
MCM5	-0.417146470591226
PRICKLE1	-0.417300433484777
FSIP1	-0.417339505212672
SRSF5	-0.417391508572273
ATP6V1F	-0.417565513596421
IGLV7-46	-0.417596404664365
MAPK6P3	-0.417753935978498
CTIF	-0.417977569812082
REC8	-0.418183452917952
IFT43	-0.418256766203108
CCNL2	-0.418464824469448
RPLP0	-0.418592044254358
MMP24OS	-0.418666488929344
ZMYND11	-0.418804323847495
TIMM23	-0.418982437804528
CHEK2	-0.419014726561449
MASP2	-0.419544152280797
RNF208	-0.419640812827632
RBIS	-0.419818245822415
CC2D1A	-0.419947695756907
NAIPP4	-0.420111196591671
RPL17P36	-0.420135488748604
DNAJC17	-0.420250017912279
MTCO1P2	-0.420416804624919
CATIP	-0.420433888877597
OGT	-0.420548154521159
LRRC8A	-0.420598874807961
TMEM65	-0.42073963282089
VPS35	-0.420792076223798
RPS13	-0.420960243853856
MTO1	-0.421014855530988
FRS3	-0.42125764842561
GMEB1	-0.421506678269333
GRIK1	-0.42156244957625
THEM4	-0.421821457916923
UHRF1	-0.421873699237448
PDE6D	-0.42198647068847
RTF1	-0.422014986394091
EME2	-0.422123337470127
RPL23AP2	-0.422172829212833
MTERF1	-0.422337662127712
MRPL16	-0.422370916661693
FARP1	-0.422588548732586
SMC1B	-0.422637179305583
ZNF350	-0.422942504334727
RPL24	-0.422990887660869
INTS8	-0.423086739555941
NPHP4	-0.423132704193216
CCNB1	-0.42329461332682
ING2	-0.4233277447219
TMPO	-0.423403678179653
BRK1	-0.423498798124515
ACSS1	-0.423677729742717
DDX12P	-0.423791298049015
SPATA1	-0.423856806639927
METTL1	-0.423989678310305
PAK1IP1	-0.424210274604114
TCF19	-0.424284084095323
CCDC34	-0.424530815684536
TTLL11	-0.4245725187086
PSMC6	-0.424626853043396
CIAO1	-0.424713716465831
ST6GALNAC2	-0.424791169232696
PYROXD1	-0.424825590404659
TLE2	-0.424888824880744
MDM4	-0.425110602347352
GRIN2C	-0.425115725238986
GIGYF1	-0.425129210434963
RNPC3	-0.425133170098537
TGFB3	-0.425146299108285
RAP1GAP2	-0.425310564819441
CFAP70	-0.42567193325837
HSPA1A	-0.425934588383948
ZNF888	-0.426303807496867
STBD1	-0.426437224678122
PRSS16	-0.426561761542163
SEPTIN4	-0.427063920277367
CTSL	-0.427202167071717
F3	-0.427278144807715
DUSP10	-0.427540151726195
EIF4G1	-0.427553218710095
OXNAD1	-0.427605285910751
GDAP1	-0.42786508138854
RBM48	-0.427879412811836
NEFM	-0.428052874019682
ANOS1	-0.42811654228366
AKR7A2	-0.428157088154741
CFL1	-0.428207275959412
RPS18	-0.428369829761892
CYCSP10	-0.428411423882945
POTEKP	-0.428514764291544
ADAP2	-0.42859183310245
ELOB	-0.428650034350099
B9D2	-0.428704894156242
RPS25	-0.428783073011237
URM1	-0.429015410210848
ZNF530	-0.429137671726131
POLR1H	-0.429159194011346
MYL5	-0.429306251636805
CES2	-0.429497810645962
RDM1P1	-0.429891134130549
GPR176	-0.429951820907319
SHLD1	-0.430010079900345
UCHL1	-0.430194991065559
APOBEC3C	-0.430322020640179
NDUFB11	-0.430555961526816
CCT4	-0.430721042239549
ADAMTS1	-0.430824010088082
YDJC	-0.430989019889938
TTF2	-0.431135241575429
SWSAP1	-0.431280135734716
MTMR9	-0.431311705924258
AAMDC	-0.431314283830599
CCDC65	-0.431422639703483
DNAI3	-0.431507030504525
TUBA3D	-0.431513127845589
BUD13	-0.43186092727838
MAP3K13	-0.432057229417795
RTN4R	-0.432145736161781
LRRC26	-0.432368070197805
ACOT11	-0.432373156888615
IMMP1L	-0.432438410998854
CAPG	-0.432468515293664
EIF3J	-0.432556481623286
FOXRED1	-0.432589489364883
GOLT1A	-0.432635654628844
ARIH2OS	-0.43267488392727
IP6K2	-0.432827085541696
PRPSAP1	-0.432861800358409
INIP	-0.432862448752904
BSCL2	-0.43302726347885
EEF1A1P30	-0.433148542911204
MICU2	-0.433167134764176
GHR	-0.433368347708561
EIF3F	-0.433615694505608
CENPB	-0.433973598657857
DSEL	-0.434163374481589
AIMP2	-0.434191563258472
PHB1P6	-0.434273944917963
PNMA2	-0.434395721186091
EMG1	-0.434526171109603
HPCAL4	-0.434563261975985
PECAM1	-0.434769939816552
NGRN	-0.435006393086145
UQCC4	-0.435169449713632
ADH5	-0.4354060235031
SPIRE2	-0.435417288923467
CILP2	-0.436067748839031
KLHL21	-0.436107051131897
CEP89	-0.436182220526886
TWNK	-0.436294047716327
MAGIX	-0.436354999545753
CFAP410	-0.436510771238391
SDR39U1	-0.43665131914017
BUB3	-0.436720078393382
ACBD6	-0.436839494826857
ZC4H2	-0.436851950655643
DPPA4	-0.437003232738434
FKBP3	-0.437173708454739
DCXR	-0.43720511307321
THY1	-0.43733810597677
TBC1D10A	-0.437484969697702
EIF2B1	-0.437515007766875
FAM227B	-0.437545225685377
LOX	-0.437631235377982
DTD1	-0.437792792489435
ZNF792	-0.438118995553962
AAR2	-0.438190502276535
MS4A4E	-0.438234151289008
SLC25A22	-0.438368615256422
TMEM45A	-0.438432048016984
GUF1	-0.438629959097688
NPIPA3	-0.438769291460436
TPTE2	-0.438990099399637
NPIPB14P	-0.439028240501879
ASS1P12	-0.439060878775946
HDAC3	-0.43919763868797
FAM111B	-0.439417221456726
NEURL4	-0.439516236146457
PIMREGP1	-0.4395629252435
UBE2V1	-0.440393566755059
AK4	-0.440463824966976
ATG5	-0.440483817241022
PLEKHG1	-0.440528142124676
GTF2A2	-0.44073723477032
GKAP1	-0.440739525944079
OR3A2	-0.440751905807819
RGS6	-0.440758263955344
CAPN14	-0.440770890395029
RPL21P16	-0.440909687137529
SIGMAR1	-0.440960490222971
EEF1AKMT1	-0.44105226350698
ADNP2	-0.441311515997537
TNFRSF11B	-0.441519529657209
NPM2	-0.441546681689391
PIN4	-0.44161731299743
RPP14	-0.441699384516835
CASQ1	-0.442165888185429
IRS2	-0.44264942653692
MFSD3	-0.44268516457861
SH3BP4	-0.442780022207455
GOLGA6L4	-0.442856786423057
MRPL35	-0.44302323626681
FGFBP3	-0.443058914761511
GCNT4	-0.44307342936613
SRRM5	-0.44314102190978
KIF7	-0.44323109372311
COMMD3	-0.443233080465779
ATP5MG	-0.443335160272546
FKTN	-0.443523414168714
MTCL1	-0.443749980888198
GTF3C6	-0.443754629475922
IRF7	-0.443774320279665
ZBTB10	-0.443819882726993
TIMP2	-0.443836056582766
FCAMR	-0.443880105110967
PGF	-0.444151808285345
ZNF493	-0.444217735359606
CAPN5	-0.444273719052202
RDH14	-0.444341782222542
ZDHHC12	-0.444727746600943
SPTSSA	-0.444937492219986
ARRDC1	-0.445217507858646
RRAGA	-0.445333722088793
RCN1	-0.445537471316875
OAT	-0.445755632875159
CLIC6	-0.44577901210091
PYM1	-0.446111716081536
HNRNPK	-0.446411180541137
MT2A	-0.446427925543142
TBRG1	-0.446853774799966
ZNF544	-0.446935197355932
TP53I11	-0.446938586802283
KLHL23	-0.447024576569166
PGP	-0.44724223204326
TMEM256	-0.447454757751251
NPIPB7	-0.447533080307626
RPL17P47	-0.44762749455485
MALLP2	-0.44781293592034
CDH3	-0.448175325315851
PMF1-BGLAP	-0.448221353780865
CARS1	-0.44835014939963
SGF29	-0.448416451013452
PRSS30P	-0.448478056939652
FEM1A	-0.448478409588324
NOP2	-0.448518624632846
MTND1P23	-0.448898216650499
NSMF	-0.449167122904489
GPN1	-0.449211865232059
FOXRED2	-0.449333179017311
CEP250	-0.449516079705792
RMI1	-0.449670467952491
PLCD3	-0.449878763335942
PIH1D1	-0.450027375788836
GOLGA8K	-0.45004171422825
C1orf56	-0.450252246473325
GJC1	-0.450256055999068
SVIL-AS1	-0.45030668959576
CLPB	-0.45064880078378
MTND4P12	-0.450716364371873
NAALAD2	-0.45075662574257
NPIPB2	-0.450905869924185
EIF2B4	-0.450913606024608
ATCAY	-0.45094651936839
ARHGAP17	-0.451062027383132
CRMP1	-0.451241406310587
DOC2GP	-0.451300460176719
PNO1	-0.451429137372318
CHORDC1	-0.451500396081695
HMOX2	-0.451533175135007
PVR	-0.451553957935346
TMSB10	-0.451571167050454
PTGIS	-0.451658634070326
ZNF701	-0.45183876419307
ZNF239	-0.451889855263183
RER1	-0.451901465094354
TUBA1A	-0.451972284720464
STX1A	-0.452037202766257
C2orf76	-0.452117058128081
RPS3A	-0.452510752436505
SMAD5	-0.452540031524617
ZPR1	-0.452558504799004
PSTPIP1	-0.452574710537107
SMPD4	-0.452790488345486
ATP1A3	-0.452900895647906
RBMS1	-0.453049060839901
DTL	-0.453140417443175
OFD1	-0.453329914671451
ALKBH8	-0.453489824561239
KATNA1	-0.45387441128313
IPO4	-0.453956458450403
IMPG1	-0.454017294978061
S100A13	-0.454103943907975
DUSP28	-0.454128489010288
FRMPD1	-0.454188670451361
COQ3	-0.454357896036149
DNMT1	-0.454696107200544
ZC3H18	-0.454743238934649
PPRC1	-0.454793933566801
ZNF174	-0.45585174454649
CETN3	-0.456022851791628
PDP1	-0.456182862795386
SLC16A9	-0.456189857718822
TRIM11	-0.456591218276482
SLC26A8	-0.4567004341907
GYG1	-0.456749382803083
FBXO21	-0.456812572515627
LYRM2	-0.45691585972269
PUS7	-0.456970541679473
C2orf69	-0.45698443372102
HYAL2	-0.457107111135289
BCL7C	-0.457205307490256
RPS21	-0.457249254762068
TMEM198B	-0.457283836279022
NDUFS8	-0.457293641493633
CDHR1	-0.457359429935104
LILRB1	-0.457527149039433
EIF3M	-0.457608267649248
ETS2	-0.457640259343033
ANP32A	-0.457645966596001
DEK	-0.45772845907901
MAFK	-0.458061583161736
MUC4	-0.458176267965709
ACSF2	-0.458228882970339
HMG20B	-0.458269039404944
KTI12	-0.458282686205789
BOLA2	-0.458285600543217
G3BP1	-0.458390394638022
OR2T29	-0.458697185985371
NME5	-0.458809550196678
C3orf20	-0.458950049733207
INPP4B	-0.458986350568611
PRP4K	-0.459264022954069
SBK1	-0.459285272494639
HPS1	-0.459418792061212
KATNAL1	-0.459418982942296
TMEM121	-0.459620255030546
PTPRB	-0.459880893073819
RPL29	-0.460044689126244
UCK1	-0.460081229871644
CEP120	-0.46026418362151
GPX8	-0.460631467098084
COMMD7	-0.460826868604815
DUXAP9	-0.460994013903524
MTM1	-0.461027034407068
CDKL1	-0.461170790940468
H2BC17	-0.461274903346828
AURKA	-0.461310665102467
C4B	-0.461377176782138
RPL4	-0.461444454539859
RPL37A	-0.461581863251055
RPL34	-0.461674744558143
PCTP	-0.461701275814943
TSG101	-0.461720395033484
PDGFRB	-0.461926144468965
PARP2	-0.462036615360587
DUSP23	-0.462070444479425
FAM81A	-0.462215787762413
MBD2	-0.46240693223636
ATP13A1	-0.462610280385498
OR2L2	-0.462701060451072
ERGIC3	-0.462935119546512
CHI3L2	-0.463045714418509
PWP1	-0.463339962347448
ASPSCR1	-0.463438343413464
ATAD5	-0.463656537883183
LAMA2	-0.463987420097277
POLR1C	-0.464068685350133
PLCB3	-0.464630413340118
GIT1	-0.464675194490757
CCN2	-0.4647976744578
DNAAF4	-0.464831612021689
ATP8B4	-0.464993709280371
GMFB	-0.465382199733497
MN1	-0.465759447329435
FRAT1	-0.46623807441647
WDR81	-0.466323558063991
C12orf43	-0.467006245997999
QTRT1	-0.467427413812149
TSPO	-0.467487615353508
LDB1	-0.467507632573805
EFNA5	-0.467921570749952
FUT1	-0.468224057179775
MRPS2	-0.468569837005422
PHRF1	-0.46861725511228
CUEDC1	-0.468842526298226
RPL6	-0.468846947338063
ANKEF1	-0.468919486211219
SH3BP2	-0.468965861228237
RGMB	-0.469484453278134
ZNF287	-0.46969194858619
SNRPB	-0.469851770996574
ICA1	-0.470247080877481
COPS7B	-0.470251943639962
AMZ2P1	-0.470362657815202
ZNF767P	-0.470524767834775
ROBO3	-0.470583726170661
TACC2	-0.470924005822849
EDRF1	-0.471185756549906
HYAL3	-0.471209581291231
NELFB	-0.471252794257074
SCX	-0.471259606046489
RPL13AP22	-0.471435016656152
RPL30	-0.471442847805535
RIOK2	-0.471537280510113
TLR1	-0.471591829989947
CALCRL	-0.471659661618909
ADCK1	-0.471708997987295
ADGRV1	-0.471910498246121
DEF6	-0.471922768329565
DDIAS	-0.471969675628979
DOCK6	-0.472167692795287
SERPINA12	-0.47235219080803
TMEM109	-0.472448263367215
FRMD8	-0.472526219060627
PRR22	-0.47274372495151
HARBI1	-0.472925419649926
ZNF665	-0.473062527323882
C12orf50	-0.473147128693438
PIWIL2	-0.473432659242126
PTRH1	-0.473445202952321
TP53INP2	-0.473816829355086
SDF2	-0.473819695257525
RNF14P3	-0.473853719810682
MYLK	-0.474525256196485
TAF4	-0.474632326612287
NBEAP2	-0.474655199533726
PHF2	-0.474694126981653
FKBP6P2	-0.474851069533954
ZNF100	-0.474964395661498
ITGB3BP	-0.475200404495421
NDUFAF5	-0.475418942983401
SH3BGRL2	-0.475458549959562
TMC3	-0.475531056405224
TCEA1P2	-0.475688940365673
RGS12	-0.476112334226678
PTX3	-0.476140870041413
DUXAP10	-0.476457681706023
SAPCD2	-0.476601529009816
RPL18	-0.476764847065841
SULT1A1	-0.476945452170491
FKBP4	-0.477067851054801
RPS14	-0.47718547421582
TMEM53	-0.477394896929278
ZNF887P	-0.477763230486889
TAPBP	-0.477840470511331
JAM3	-0.477898689159078
DHFRP1	-0.477990847413285
TECR	-0.478041108274809
HMCN2	-0.478041216469142
GJA1	-0.47815878187508
NTAN1	-0.478308912038727
URB2	-0.478398607982605
TEAD4	-0.47843242369022
URGCP	-0.478728806957279
LINS1	-0.47882441406513
COX20	-0.479414829178744
ACAA2P1	-0.479676960229691
FBF1	-0.47968471665337
CBY3	-0.479791428365488
FAM72D	-0.479807102661565
MTRF1	-0.48000904441179
RSRP1	-0.480009677778264
GPRC5D	-0.480184591831458
SATL1	-0.480291891693854
ACAD8	-0.480549442534374
TTC28	-0.48093571788207
LAGE3P1	-0.481118310802158
ROBO1	-0.481334588070182
BNIP3P25	-0.481499542730411
MCCC2	-0.481580183182571
TARBP2	-0.481628840001852
SLFNL1	-0.48209480060882
IFTAP	-0.482230011420754
NFKBIL1	-0.482347774458635
TRAF7	-0.482416009392469
PRTFDC1	-0.482441562288681
ACTG1P24	-0.48297275751462
PHETA1	-0.483099447842315
PDE8B	-0.483162330777757
FAM120AOS	-0.483438665193924
VLDLR	-0.483630984031851
POLR2E	-0.483675539634022
COL5A2	-0.48389275721521
BGN	-0.484056138958186
FSTL1	-0.484135629072217
KLHL25	-0.484500062937464
GLIPR1L1	-0.484675502767535
TANC2	-0.484783733240934
CTSK	-0.48482892526343
ZNF207	-0.484855389222627
RPL3	-0.485214242208594
SEC11A	-0.485367189748555
MAST4	-0.485403195567954
SYNJ2	-0.485486735180322
DQX1	-0.485661060558439
ATP5PB	-0.486189268320975
UBE2Q2P2	-0.486301709693242
FAH	-0.486307264731227
ZNF583	-0.486624926873391
GNRHR2	-0.486627938599902
AHSA2P	-0.487098398827802
FMC1-LUC7L2	-0.487274861580601
NUP54	-0.487775791270163
LACC1	-0.488201771804635
ZNF79	-0.488237381515964
KIF13A	-0.488316500668192
DDX43	-0.488483574602777
SRGAP3	-0.488547283086494
STX16-NPEPL1	-0.48871099182087
NKD1	-0.489004370259394
LSG1	-0.48907234068306
SUZ12	-0.489174721448274
LRRC8C	-0.489325036013761
FEZ2	-0.489359491129875
SMIM1	-0.489780945762212
SF3B5	-0.489781480244805
CAVIN1	-0.490243674543907
TRABD2A	-0.490248369844345
CRB2	-0.490278193331179
IL20RB	-0.490359183772662
RNASEH2B	-0.490460536660435
CAPN15	-0.490462346297433
PACRGL	-0.490470758888419
NLRP11	-0.490838407272307
BAG5	-0.490990101280497
PHF7	-0.491039045123932
EPHA2	-0.491146990437687
PPIP5K1P1	-0.491241659300773
CHML	-0.491570941696783
CCDC15	-0.491906714737942
TSPAN7	-0.491939947027183
PYGM	-0.492096094109937
BAP1	-0.492162618562009
ENOX2	-0.492166212101377
C19orf12	-0.492279055635544
CRLF2	-0.49310533972591
MUS81	-0.493268829483976
CLASP1	-0.493344450762749
RAB31	-0.493734729483994
FAM136DP	-0.493763117015209
AKR1B1	-0.49398464949678
DDX5	-0.494045391749092
ERH	-0.494094321067273
DPH2	-0.494099651591073
HMMR	-0.494185792230926
RTL10	-0.494385386720468
CCDC142	-0.494476461237015
SPAG16	-0.494639249271505
NNMT	-0.494778761853565
GSTM4	-0.494847884350921
MXRA5	-0.495346491463969
MMAB	-0.495348913120585
GUCY1A1	-0.495698893469158
GADD45GIP1	-0.495715979169155
GALNT12	-0.495737083251053
FBXO39	-0.495788832716434
HS1BP3	-0.496022115016937
KLHL41	-0.496069297976249
REXO5	-0.496074087232781
NLE1	-0.496388876413589
CCDC25	-0.496785225740973
PPL	-0.496987049899362
GLS2	-0.497117404659127
RNFT1	-0.497171880459047
PRMT5	-0.497431736358223
SLC6A7	-0.497591309369479
CKAP2L	-0.497798580594146
TUBB1	-0.497865362459635
IL12RB1	-0.497984988833903
CCDC77	-0.498007618165507
GRPEL2	-0.498035710200243
PLA2R1	-0.498090662742492
CCDC110	-0.498758360605154
PALS2	-0.498833885201746
DCUN1D4	-0.499180600944886
ELOF1	-0.499238734484205
FSD1	-0.499244249352839
RPL11	-0.499262909004482
TCEA2	-0.499265465359608
PDCD6	-0.499373074224112
CLCN5	-0.4993917329877
LSR	-0.499833359023546
VILL	-0.500036684339711
HLA-DOB	-0.500046540576279
FASTKD2	-0.500073827459979
HINT2	-0.500320437664159
CD160	-0.50062808751851
ITPRIP	-0.500699720718013
C1S	-0.500901148107213
ESAM	-0.500967996278514
USP1	-0.501043550758541
CDC42BPG	-0.501190135446894
PRKAA1	-0.501284212256895
ANKRD40	-0.501376142831494
NAP1L1	-0.501397341979598
DIS3L2	-0.501502111302404
PPP1R13B	-0.501624322975383
NCDN	-0.502161497522006
TMEM139	-0.502226461452119
BMAL1	-0.502506724406002
COQ2	-0.502611353364156
NIN	-0.502615422848191
KCNE5	-0.502619568966699
PHF20L1	-0.502762352623057
PIGU	-0.503038994735814
PLCH2	-0.503076848142514
TANC1	-0.50318345873766
RBM3	-0.503238335085894
TRMT10A	-0.503271393492721
UBXN2B	-0.503312768881761
PXT1	-0.503334342817905
SENP3	-0.503477069126812
MCM8	-0.503828331725866
NCBP1	-0.504446761297079
CNOT10	-0.504590845459952
GPSM2	-0.504639917330453
NPIPB11	-0.504931704107301
COL1A1	-0.504968047806269
TANGO6	-0.505309244043186
BCAP29	-0.505779463498894
LRRN2	-0.506115324274978
TIMM8A	-0.506120904405035
RPL10AP6	-0.506264376125629
CDC20	-0.506505632774089
GAD1	-0.50656443744685
SPACA6	-0.506669143594734
YAP1	-0.506669441439637
GET1	-0.506674467764541
PCDH9	-0.506695208027267
SH3D19	-0.507494795937339
GNL3	-0.507541238788677
MTSS2	-0.507599068983067
BRMS1L	-0.507718018483484
RHOT2	-0.507755769744541
MSH5-SAPCD1	-0.507894340988099
CARNS1	-0.507942273731124
POLR1G	-0.508025596358563
LDHAP5	-0.508079937509133
NPIPA1	-0.508200551871513
CHMP1A	-0.508218079437684
DCAF13	-0.50839660516683
EPB41L4B	-0.508877017126166
MIX23	-0.509013731420799
APH1A	-0.509269308780691
TBC1D7	-0.509381312135502
ANXA9	-0.509670680416496
DMAC2	-0.50983422705868
TMEM86A	-0.509920027061192
SLC30A9	-0.510050024201462
MATCAP2	-0.510123176870306
ERMARD	-0.510182153084295
ACER2	-0.510275766467097
SCNN1B	-0.510282923904069
GSG1	-0.51060197604436
LRRC40	-0.510709747788057
UBB	-0.510805079209543
RNFT2	-0.510830641760754
COL12A1	-0.511070079525186
HNRNPCP2	-0.511099938298934
TIMP3	-0.511215143138153
PHACTR3	-0.511323321677147
ZNF440	-0.511333980134854
RBM4	-0.511356286535888
AHNAK2	-0.511661031274426
RNA5SP315	-0.51166207656563
TAFA2	-0.511727724235604
SYNE3	-0.512087847757099
MAP3K21	-0.512262730038631
FASTKD3	-0.512402400646292
CPTP	-0.512583937249588
LPO	-0.512903857034239
GGH	-0.513144642055239
PFN1	-0.513446241834506
DIXDC1	-0.513495904775998
ELP5	-0.513644060726343
ACKR1	-0.513832728678876
EPHB2	-0.513980556129317
GRIK4	-0.514247684730255
EFEMP1	-0.514466510431874
OGN	-0.514539501272419
CREB3L4	-0.514652693486025
CTBP1	-0.514657491053657
SSC4D	-0.514851236420618
TTC8	-0.515014215381701
SIRT6	-0.515108843686616
RPL41	-0.515313744011229
LIN9	-0.515331102627056
XRCC1	-0.51539920059978
TRAPPC2L	-0.515531383150986
PERM1	-0.515570001735293
H4C16	-0.515684677820811
PLPP1	-0.51599897339194
PPIA	-0.516058733384676
BMERB1	-0.516145704604653
CDKN2AIP	-0.51644352030128
DNTTIP1	-0.517090142359452
AARS2	-0.517258791878298
ANAPC11	-0.517742237493468
PLA2G12A	-0.518021587283457
THOC3	-0.518242782737938
ANAPC15	-0.518353859834737
SNTB2	-0.518721907560039
INSR	-0.518927020756333
ZNF593	-0.518956141624996
GLYCTK	-0.518957092556698
ISY1	-0.519203521691572
CASP6	-0.519327986983814
SPTBN4	-0.519376493370534
ENGASE	-0.519389211998956
MXRA7	-0.51953611983171
ZNF818P	-0.519613873517948
MRFAP1P1	-0.519745027693824
CDC25A	-0.519783622505693
PLS1	-0.51981342184066
EDC4	-0.51988328971238
NUBP2	-0.51990637969727
BICC1	-0.519948784262642
LMNB2	-0.520150513580671
SPHK2	-0.520312826421198
BCAS1	-0.520333681399032
SERTAD1	-0.520378284500777
ARMC6	-0.520408784586756
DOCK8-AS1	-0.520518735019386
MTARC2	-0.520589509152473
ERCC6L	-0.520777093269139
C5orf34	-0.520799184995014
CAMK2N2	-0.521110111754778
PPP6R3	-0.521359080940605
FAM156A	-0.521371633294618
ZNF480	-0.521427407050893
IBA57	-0.521484400862964
OSTCP1	-0.5216147731184
C2orf78	-0.521679067255255
DMGDH	-0.52168836532589
IDH3G	-0.521810802194898
AQP11	-0.522063699488729
PEX6	-0.522070389759644
PPP1R8	-0.522188786940174
DPYSL2	-0.522274076277228
INCA1	-0.522360313221096
DDX46	-0.522425067897525
COL27A1	-0.522484732800973
SPIN1	-0.522648172641122
CYP3A5	-0.522866898147529
GAS6	-0.523052902310074
ILVBL	-0.523365733914558
PSMD9	-0.523540964049827
TDRD12	-0.523835341903541
FBXO43	-0.523912198282502
IQCD	-0.523940409810447
TRA2A	-0.523970971350389
ARV1	-0.524051495508784
ZNF256	-0.524106466516758
THSD1P1	-0.524175406164509
DNA2	-0.524288564875674
PARVA	-0.524304507340652
PYGO2	-0.524313768972555
CCDC24	-0.524315975393753
ZNF678	-0.524584451697727
ACTRT3	-0.52474374410689
SSNA1	-0.524922356751258
NDUFB1	-0.524924206393421
PBDC1	-0.524986984729003
POLM	-0.525045343921645
SLC22A20P	-0.525074136397746
SOWAHB	-0.525082665974983
GET4	-0.525109859653425
TMEM229B	-0.525139017371714
YTHDF2	-0.525276446108254
ZNF682	-0.525404191801523
RUFY3	-0.525454473651294
EME1	-0.525890285973018
CATSPER2	-0.525954719298632
MAD2L2	-0.526079680275099
LARP7	-0.526123068613934
ORMDL1	-0.526363102262646
TMEM80	-0.526367485642564
CPNE7	-0.526477179857204
NPR3	-0.526547574055635
TSEN54	-0.526551816419406
SAMM50	-0.526593074848535
LSM7	-0.526664950059292
ZNF181	-0.526669251238041
SLIT2	-0.526670958108368
LRCH4	-0.526686109048916
FTH1P3	-0.526701801375283
RINT1	-0.526759769532822
ADCY9	-0.527121381014982
EEF1AKMT3	-0.527361906979549
RAB4A	-0.527474092446084
CPNE3	-0.527717368724247
CLMP	-0.527816029260771
PRR29	-0.528023983708727
TMEM249	-0.528485755657531
NCAPH2	-0.528503517749812
SRP19	-0.52856926811422
SOCS6	-0.528584459695929
ZSWIM7	-0.528894712858795
SH3BGRL3	-0.5289709592284
RRH	-0.529109211090189
ATG16L2	-0.529147270586483
ORC3	-0.529161046860266
HSPBAP1	-0.529263986201844
ZNF684	-0.529321282042253
HSPA6	-0.529382209782454
RPRD1B	-0.529383494557289
CACNB1	-0.529576908686468
LIAS	-0.52980223142299
MINDY3	-0.529878368353934
MRPS23	-0.529995559814506
CEP131	-0.530440306472909
OR52A1	-0.530522671433373
RTN4IP1	-0.530566051642808
MIS12	-0.530885821853079
RXRB	-0.53089726894875
NDUFAF6	-0.531042031326148
SCGB3A2	-0.531252448832917
NPEPL1	-0.531262521508071
ITGB1P1	-0.531655000253164
RPS5	-0.531656682366873
ALG1L2	-0.531706318901325
CRAMP1	-0.532074865036332
MFAP5	-0.532192904786523
PGAM5	-0.532362478712224
CBR1	-0.532792767160981
CROT	-0.532915454258342
MEX3B	-0.533116152124939
ATP5MC1	-0.533188900413276
PTPN21	-0.533327247889491
C19orf38	-0.533363259251481
DIS3L	-0.533389021322995
CDNF	-0.53370108627234
COL1A2	-0.533909119299504
EMC4	-0.533987850350861
MYL9	-0.534000770444528
MAPKAPK5	-0.534424568741229
TEX22	-0.534532841626639
SNAPIN	-0.53468526388152
FSD2	-0.534854096939224
NDUFV2P1	-0.534878619758321
RPL7L1	-0.534879057083931
THOC5	-0.53491171740622
DPAGT1	-0.53509968766087
C13orf46	-0.53531019820557
PROSER2	-0.535496632680511
ADSL	-0.535580213446412
MVB12A	-0.535612417429412
CCDC18	-0.535627357711623
ACYP1	-0.535705891588018
MAPK11	-0.535771116353613
CDC123	-0.535780065376677
ARMCX5	-0.535851858140765
PDAP1	-0.535987304307921
MCM10	-0.536189442789103
NBPF15	-0.536247133141084
CBX8	-0.536560456601627
CEMIP	-0.536682019108124
ZNF77	-0.537142707901929
PLXNB3	-0.537147058508337
PSMC4	-0.537454917047208
HYI	-0.537466627468483
PLA2G4B	-0.537486509012011
MPP2	-0.53757950412736
CTDP1	-0.537705772999126
RELL1	-0.537781122865636
MTCO2P12	-0.537937304871845
SLC30A4	-0.538028277012488
POTEG	-0.538246084814946
RPS2P29	-0.538285510908917
PSMB5	-0.538319334420129
IGFBP2	-0.53832674021728
SERPINE2	-0.538603913362486
POLR3C	-0.53862108870457
CCDC138	-0.538888422428296
BAX	-0.538963947602805
HPRT1	-0.539023580026262
NONO	-0.539634119438808
PRKAR2A	-0.539697897762758
TMX3	-0.539721327529583
HEMK1	-0.540389384709344
ZFR2	-0.540455207303751
GFOD2	-0.540512644627336
OSCP1	-0.540551100972482
ASH2L	-0.540595171972182
RMDN1	-0.540631590076446
RPRM	-0.540702534319936
MET	-0.540904888135597
HNRNPA1L2	-0.540944227134602
DDX21	-0.541099280240918
FCHO2	-0.541112200037631
POGK	-0.541748876813273
BMS1P10	-0.541784155915955
EXOSC4	-0.542048325051257
RIPK3	-0.542105031445347
PTPN3	-0.542156583229205
NDUFA11	-0.542235414881635
HMGN3	-0.542562385781592
PLEKHA5	-0.542819759997088
PRR5L	-0.542925153987539
ARMCX6	-0.543365117017837
MRPS33	-0.543867491554414
ZNF18	-0.543981211478139
BLMH	-0.54407473973037
ZNF771	-0.544089403143365
PMS2P7	-0.544628768650093
CTNNBIP1	-0.544720624956826
SLC4A11	-0.544946566840474
RPS2P55	-0.545034266600546
CD34	-0.545370605035143
FAM111A	-0.545547255747774
HSD17B1P1	-0.54561680404922
ELN	-0.545689911991623
LY6G5B	-0.545757846694168
SYCE1L	-0.545843151312381
PODXL2	-0.545938727007606
RPL32	-0.546296038422915
GOLGA6GP	-0.546422839294653
SPDYA	-0.546643869356891
RCC2	-0.546712385933013
RPP30	-0.547022772049646
RNH1	-0.547652061287951
SBSPON	-0.5477140554918
PLPP7	-0.547834159100943
GNG7	-0.548022108363575
EFCAB2	-0.548297787588244
DNAJC19	-0.548301272391103
WDR46	-0.548316691637478
RAB8A	-0.54858808774699
RPAP3	-0.548814608781852
TMEM241	-0.549028626926371
CHD1L	-0.549188725128807
PAF1	-0.549498798041927
LSMEM1	-0.549582800842016
MAPRE1	-0.549664228089332
ORC1	-0.549698989202626
NSL1	-0.54979058959502
ENY2	-0.549966747325111
ADAMTSL1	-0.550085889856839
TMEM50A	-0.550221462175896
EMP2	-0.550327716823596
TESC	-0.550656906984739
SLC2A6	-0.550814394020095
PTPN13	-0.551134200187295
SLC37A4	-0.551540994610758
LIPI	-0.552133714921784
SULF2	-0.552178088211969
RWDD4	-0.552299722480971
PLK4	-0.55246664325627
DNTTIP2	-0.552483622213492
YWHAH	-0.552538490698641
ZNG1A	-0.552793211436726
TAF12	-0.552853603726942
SLC19A1	-0.553026278254238
KLHL7	-0.553979000352278
LSM11	-0.554018658003786
CEP78	-0.554141039279459
UBXN8	-0.554219088191017
MRM1	-0.554628585417617
SMC3P1	-0.554656384897138
PMP22	-0.555062463927953
MTCYBP18	-0.555461121323099
GSTK1	-0.555632894738487
DCAF16	-0.555997959598087
BCL2L12	-0.556479851973029
PHB1	-0.556519422711982
TAX1BP3	-0.556969369839741
CHMP6	-0.557065251584794
DDX19A	-0.557091176280154
PGD	-0.557205883510176
ZBED5	-0.557293297947469
MTPAP	-0.557450710287859
NET1	-0.557536498196183
MFAP4	-0.557753636711839
FBXO44	-0.55786121518735
YPEL2	-0.55793902997989
ADAMTS2	-0.557965521950878
SLC2A12	-0.558122418017227
SLC25A29	-0.558362100483523
RPP25L	-0.55900914975745
RPS6	-0.55914551873366
REPS2	-0.559311398506052
TYRO3	-0.559452508190903
TPX2	-0.559537331639826
NEFL	-0.559866068605809
LRP1	-0.559926607672135
RARS1	-0.560027288825288
TET1	-0.560318330279548
SEMA3C	-0.560324502128738
HSP90AB1	-0.560381539361703
ALOX12B	-0.560810367368434
CYB561D2	-0.560846986744155
ZNF23	-0.561019119957272
ISLR	-0.561065429205418
TBC1D29P	-0.561293744937651
SOWAHC	-0.561766067861894
BCRP2	-0.561832988468542
KRT17	-0.561970549041695
PHB2	-0.562008246413823
RPS19	-0.562177620286071
DENND2A	-0.562635126985023
TPM3P6	-0.563117566527786
HNRNPDL	-0.563650536937644
PLA2G4E	-0.563658803964818
TIGD2	-0.563759115935641
CENPH	-0.563777284405129
CYP4F3	-0.563814973925575
GPAT3	-0.563816565293025
TPD52L2	-0.563821467382152
MAP2K3	-0.563979932350778
SEPTIN10	-0.563999154882695
RBM47	-0.564025332730523
ZNF93	-0.564655675155661
FARSB	-0.56485673193272
ZNF688	-0.56486286959253
HPDL	-0.564905278707322
RPL37	-0.564917710344055
C12orf42	-0.564955880566123
NRN1	-0.565072604369947
WDHD1	-0.565141681441534
ZNRD2	-0.565173671639369
TMEM177	-0.565250939754177
AGER	-0.565333678418827
CFAP20DC	-0.565682994400988
HSPA8P15	-0.565720044731161
CCT8	-0.565902340112538
SF3B6	-0.565989099193913
SLC45A4	-0.566568478689006
ZNF572	-0.566718569287669
SLC22A5	-0.566751528628042
SMARCD2	-0.566885362269866
TRIM47	-0.567048067595378
KBTBD13	-0.567335957050219
KCNAB2	-0.567388694251985
RNF11	-0.567680162132483
PLXNB1	-0.56768492108318
CFAP43	-0.567718333064978
TCHH	-0.568218404465313
HTATSF1	-0.568564137575612
SEPTIN3	-0.569171251627189
FGF17	-0.569229929181719
GNB3	-0.569312141204472
HNRNPC	-0.569391541274916
DCTPP1	-0.569403193956711
ERG28	-0.569444050880391
POLN	-0.56983178192867
GNB2	-0.57010332408562
SLC35B1	-0.570141973368152
CAPN11	-0.57027851685545
TMEM54	-0.570283947517412
KCTD15	-0.57041524806637
SPATA31H1	-0.570480207114735
NPM1P25	-0.570608217610339
SPNS2	-0.570800480464789
NTHL1	-0.570951935060628
SERHL2	-0.571152973834536
PHPT1	-0.571321067212462
MCMBP	-0.571574512294909
ZFP41	-0.571852490749931
TM4SF19	-0.572177861959791
EEF1E1	-0.572266080290539
SLC35E2A	-0.57238580623602
GPR61	-0.572561955965211
CHRAC1	-0.573222913585272
RPL22P1	-0.57330623308537
SLC25A42	-0.573376867826913
ZBTB8A	-0.573392652310067
BMP4	-0.573498303716217
TBCEL	-0.574188130676556
CMA1	-0.574300640602489
CSF1R	-0.57436613482039
DNAJB1	-0.574374651453024
RPL18A	-0.574375123590096
STAG1	-0.574494468786612
ABCB8	-0.574546792906851
WDR88	-0.574992075134092
UBLCP1	-0.575036144516313
DDX56	-0.575285688398066
RETREG1	-0.575579872375946
TRPC1	-0.575590651413375
IFT74	-0.575651652036566
B3GLCT	-0.576200683906116
C14orf132	-0.576489013574402
SYK	-0.576591533388003
TRIR	-0.576650445423106
CTSO	-0.576851867817015
CCDC80	-0.576888113730811
PCMTD2	-0.577215908529576
TRIM38	-0.577486115772636
E2F1	-0.577585215015485
CHRNG	-0.57765701480694
PCDHGA5	-0.577857158427993
NEURL1B	-0.578047788909368
ARHGAP4	-0.578052153206076
PKNOX1	-0.578164401862706
DPY19L3	-0.578223734628018
ERCC1	-0.578307346959328
VPS28	-0.578552055104531
LYSMD2	-0.579074286432561
TXLNG	-0.579133589709535
DTYMK	-0.579202066951588
RFC4	-0.579250386677929
NUDT9	-0.579405510163121
TAS2R5	-0.579697231962909
ANGPT2	-0.579789850418299
TRMT5	-0.579827736000515
ZNF658B	-0.579931760347816
EXOSC8	-0.580056381459565
TPRA1	-0.58012066517999
FRG1EP	-0.580159335881004
VAMP1	-0.580230154442426
RPL5	-0.58035925064303
CCDC74B	-0.580544432470368
EOGT	-0.58097498577533
SLC28A3	-0.581233644394752
CTNND1	-0.581381733270194
CDCA5	-0.581408418004049
INA	-0.581731038166392
MMP2	-0.58175393785496
FMN1	-0.581926600991604
NBPF11	-0.5820960700662
NPM3	-0.582467901818141
RYR3	-0.582521906948143
CTU2	-0.582658735867158
MYORG	-0.582779176460219
PTGES2	-0.582816305525291
ILKAP	-0.582934252200808
AMD1	-0.583090398374081
GPX3	-0.583241898825785
MBNL3	-0.583403432138479
BBS2	-0.583412018504166
HCCS	-0.583427687465206
ZNF75D	-0.583652306639625
MAMDC4	-0.584026723381413
GABPA	-0.584066229524957
UTP15	-0.58415883120395
CHRNA6	-0.584417931107692
ZNF501	-0.584497523883986
CYRIA	-0.584543019859068
ALYREF	-0.584577290071167
SMIM12	-0.584757040897134
CCDC85C	-0.584803255548304
UTP6	-0.584916867285886
CHRNA4	-0.585051658930317
ZNF789	-0.585086352774705
HAP1	-0.585175579023299
ZFYVE21	-0.585471544022053
SAP25	-0.586163506462637
PHLPP1	-0.586825598742875
CNNM1	-0.586937085668926
SNORC	-0.58733081603455
VPS37D	-0.587420134883262
ACAD9	-0.587457913797615
PTBP2	-0.587458456672662
CIAPIN1	-0.587504847344507
TIPIN	-0.587539644542314
NIPAL2	-0.587620420711381
TOMM22	-0.587662420435734
GTF2IRD2	-0.587818088783832
PSMD11	-0.587876295352684
KLC2	-0.588222489773639
ETHE1	-0.588531029168435
PSMD3	-0.588540928688338
DENND6A	-0.588628401871599
FIGNL1	-0.588978413187629
PFAS	-0.588985503482527
TGS1	-0.589031949846076
EIF3I	-0.589038008792716
ZNF442	-0.589140281211331
KCNJ5-AS1	-0.589163045156897
DHRS2	-0.589872943249452
MAZ	-0.590189986918154
TBC1D24	-0.590236209335589
RPS8	-0.590540110058028
RBPMS2	-0.590724945404936
BSN	-0.590740704936221
ZNF271P	-0.590948256806178
EEF1B2	-0.591069181676239
WDR48	-0.591596612164138
NT5C3B	-0.591807260436641
TCEA3	-0.592032673990953
ARHGDIA	-0.592143155083773
RNPS1	-0.592169911590805
CCDC28A-AS1	-0.592569149177979
EIF4A1	-0.592653865847383
PCDHGC4	-0.592972012916801
EFCAB11	-0.593268494960922
FIBP	-0.5933928232906
RPL36	-0.593452323757493
PRSS12	-0.593533350458274
RHOH	-0.593770488802158
BUD31	-0.593832211192271
UBIAD1	-0.593857777278451
CDT1	-0.593938141325124
ARRDC2	-0.593995712719304
MCAM	-0.594127892415799
PMS2P11	-0.594276504827832
PCGF6	-0.594575273124087
CIB1	-0.595200232307775
CDH11	-0.595201650966879
DEGS1	-0.595247291889823
INGX	-0.595658621014456
CCT6P1	-0.595776346290994
MYCBPAP	-0.59578929763805
CD86	-0.595888284335589
ALG3	-0.59618176263765
ERP27	-0.596198040313115
RPS7	-0.596439062835047
UBTD2	-0.596658043608786
SPSB2	-0.59717516687298
DARS2	-0.597231134231926
KLHL33	-0.597639883962117
SMURF2	-0.597826066477937
ZCCHC14	-0.597971181337678
ZNF813	-0.59820762524298
ATP5MJ	-0.598356863801059
AMDHD2	-0.598605057884369
H2AJ	-0.598893125234865
PCDHA4	-0.599064813502449
MARVELD1	-0.599224761864271
SRPK3	-0.599235033595258
ZNF137P	-0.599727251387158
ABHD15	-0.599931580495213
ROMO1	-0.599937728994852
HMCN1	-0.600067219811421
ADSS2	-0.600576828233224
KPNA2P3	-0.600769090290717
NDUFB8	-0.600785125674662
HNRNPH3	-0.6010824761369
CCNL1	-0.601231207201809
CEP170B	-0.601350209131195
TEPSIN	-0.601477867873471
RRP9	-0.601647198941564
TTPAL	-0.601759931967272
BRD9	-0.601811433694169
TSN	-0.60203573937837
BARD1	-0.602260673084069
ZNF532	-0.602979889971888
QARS1	-0.603135862468212
HSPA4	-0.603241101625297
PRKY	-0.603344646999294
MIA-RAB4B	-0.603447907351659
RPL3P7	-0.603678867378967
NAA80	-0.603952731555826
KHDC1	-0.60398396056109
RPL31	-0.603985928003807
XPNPEP3	-0.604085182407743
USB1	-0.60414348980859
UBE2L3	-0.604296881940531
PNPT1	-0.604334172314564
FAM20C	-0.604993525885746
UNG	-0.605133475342172
HAUS8	-0.60517171728831
PCBP1	-0.605250847535327
NDE1	-0.605640391220496
YAE1	-0.605649969884049
PPM1D	-0.605811672000602
POP4	-0.605985999564601
KRI1	-0.606175159789774
ABHD12B	-0.606513621903962
WAS	-0.606628831958381
MID1	-0.606670837718041
PDE6C	-0.606690581119089
EPN1	-0.606731709768879
EIF3B	-0.607194159864889
DND1	-0.607252052448457
C1orf122	-0.607694877588729
CXXC1	-0.607774479794769
CHERP	-0.607836441954551
DNMBP	-0.607844485835512
C9orf43	-0.607894769786653
TMEM179B	-0.6081374688631
MPHOSPH10	-0.608274171569628
TMEM14B	-0.608305321172098
FAM86B1	-0.608554030314512
POLD3	-0.608626473196962
PLVAP	-0.608867140323984
PAMR1	-0.608948434286684
FAM153CP	-0.609530191666865
NAGPA	-0.609582407269303
AP2M1	-0.60958599683891
ZNF229	-0.61003474507678
ATF5	-0.610152406567337
ZWILCH	-0.610197247076134
COPS3	-0.61027623899256
FCGR2B	-0.610487695679914
STXBP4	-0.611188749843751
C6orf52	-0.611317192757358
SCN8A	-0.611421117974926
CCBE1	-0.611508602701434
DNAJC28	-0.61155025073291
THTPA	-0.611559006122352
SYNJ2BP	-0.611801551567006
ZNF611	-0.61186064798462
STK11	-0.611969146122065
NKPD1	-0.612309846865895
SLC12A4	-0.612349658094532
PTCH2	-0.612453211852122
GASK1B	-0.612481336859222
RBFOX2	-0.612482568379785
THNSL1	-0.612609929356297
OTULINL	-0.61302426692418
EML6	-0.613027549697157
PCDHGB6	-0.61317505326361
ZNF142	-0.61344903943565
CYB5D2	-0.613701106450529
EXO1	-0.6137433836567
SPPL2B	-0.61395819839632
RPL12	-0.614200264964139
SRP14P2	-0.614228625599116
HPCAL1	-0.614568103029251
DOLK	-0.614884187069112
ELMO3	-0.614919101616747
MAP3K3	-0.614989640506992
ZGLP1	-0.615020222195922
COL6A3	-0.615198295780056
ZNF469	-0.615405266748071
ZBTB22	-0.61541567133991
ATE1OSP	-0.615693828941985
NRG4	-0.615871072975575
LMO4	-0.616137824301502
ACTR5	-0.61619782527827
PTP4A3	-0.616623289828721
NBPF26	-0.616639067135933
SPOCD1	-0.616662934292995
EIF3K	-0.617013230280357
BABAM1	-0.617034927574063
FDX1	-0.617036150812834
NDUFA8	-0.617270335508074
MRPL41	-0.617466206651837
TRAF3IP3	-0.617478362944789
SLC25A33	-0.617657881990109
MCMDC2	-0.617800726344901
KIFBP	-0.617871199565612
OVCA2	-0.618114919663249
FZD6	-0.618305332083851
AP1S1	-0.618623362815003
ATG16L1	-0.618630894093251
ENTR1	-0.619060057611248
UBE2N	-0.619476121477886
ANKRD26P3	-0.619566088906192
H2AC16	-0.619637136269173
SDAD1P1	-0.61979417510148
CARHSP1	-0.620567605959988
FAM200C	-0.620580380378493
GRIN1	-0.620662786679796
KIFC1	-0.620917333334149
DHX32	-0.62120543517926
SLC25A26	-0.621436195457083
FUT2	-0.621890902404159
MTHFD2L	-0.622560457269593
COMMD5	-0.62282265425308
OLFM5P	-0.623060130252335
SULF1	-0.623583833060541
EIF6	-0.623658713733337
H2BC21	-0.623871734762147
RPL15	-0.623929567792439
RPL26	-0.624052437523187
ARHGAP39	-0.624272076225363
RPL27A	-0.624279879396747
UNC13B	-0.624608430834377
CREG1	-0.624930320089109
MINDY4	-0.625126860757952
ZBTB37	-0.625291281441185
MMP16	-0.625322874151124
GAR1	-0.625461203894213
PDE12	-0.625633593307514
CHEK1	-0.625668802159824
ACO1	-0.625770735059889
TP53I3	-0.626008125303789
ECM1	-0.626411472145894
SGCD	-0.6268418888271
CIBAR1	-0.62709225524936
SENP2	-0.627147643089375
TXLNGY	-0.627453281833124
ODAD3	-0.627579659546852
RPS20	-0.627644686100025
BCAS2	-0.627761537692756
SMIM30	-0.627789632518398
LYPLAL1	-0.628090963307084
KPNA3	-0.628254703949211
SCN4A	-0.628460981612472
TRAPPC3	-0.62868106453606
MORC4	-0.628791229862451
STIL	-0.628894189483194
LDLRAD3	-0.628959720262079
CLPTM1	-0.62904252567201
EID2	-0.629312694380321
AKR7L	-0.629374961353552
RBL1	-0.629436896141138
LOXL4	-0.629664556128237
GRWD1	-0.629779118995336
WDR76	-0.62986983783654
ZNF33A	-0.629876986921029
EZH2	-0.630033220844077
ASB16	-0.630176471163084
POMP	-0.630369362317818
CCHCR1	-0.630470120506618
SHCBP1	-0.630540295394545
RPL13P12	-0.63068536961622
NUDT15	-0.631040118947892
LRRC15	-0.631398400928976
CD248	-0.631950676644081
RBMX	-0.632064514837979
DHX9	-0.63210608156427
TOP3BP1	-0.63242979575654
DISP3	-0.632506243168111
TEN1	-0.633240132634331
COL6A2	-0.633508963244042
EPB41L1	-0.633622919854127
PCDHGC5	-0.633841640987681
ZFHX3	-0.634136312422902
TACO1	-0.634593542966747
TUBG1P	-0.634600022135383
TINF2	-0.634635661564216
DPT	-0.634728804912521
LZTFL1	-0.634805266882263
CD320	-0.634858399610146
SRM	-0.635020171976988
IL17RD	-0.635217294875531
ACTR1A	-0.635517644584191
MAEA	-0.635591720204745
RNF220	-0.635806087641718
CDC37	-0.636198915120737
THBS2	-0.636477687223099
RTL5	-0.636479072572977
CCT3	-0.637108216813514
PIGV	-0.637227975224957
FLT3	-0.637250036854308
SSU72	-0.637286885022145
COL23A1	-0.63752711877027
IMP3	-0.637810691448557
SMC4	-0.637839729992926
BOP1	-0.637902186115727
SAR1A	-0.638031752128111
BBS7	-0.638483451420458
SERPINF1	-0.638629154133983
MARCHF10	-0.639215272175713
CHMP4C	-0.639222330069146
DTD2	-0.639648972356242
SNRNP25	-0.639965853146829
SRR	-0.63999838212556
SCO1	-0.640399468104585
GPR153	-0.640583094766066
COA6	-0.640684935912223
TOP6BL	-0.640864887598405
XYLB	-0.640988301570066
SCRIB	-0.641034148890266
EML3	-0.641153281450985
CYP4F2	-0.641171047934136
ZNF200	-0.641612631814732
GTF2IRD1	-0.6417384403988
TPH1	-0.641949519025524
C1DP1	-0.641950406066502
VPS29	-0.642064964747209
SPC24	-0.642203857270731
BCL2L2-PABPN1	-0.642235592197504
PAAF1	-0.642917611956013
ABCA11P	-0.642947697951509
DNAJB6	-0.643179709863404
USP14	-0.6431958284436
BRF1	-0.643490889880555
CCNJ	-0.643495016779597
TSGA10	-0.644093696630933
ZNF219	-0.644355631086994
ATP4B	-0.645098575116957
DGKZ	-0.645282475308337
INTS10	-0.645474651936809
POU5F1	-0.645566183173275
COL6A1	-0.645591071370427
ARMH1	-0.645862235955391
CENPBD1P	-0.646113522374306
FAM238C	-0.646489149816326
CRX	-0.646610791649919
LSM6	-0.646756592756527
EPHA10	-0.646812479257548
ANKLE1	-0.647218346689527
PRPF31	-0.647249126482734
DNAAF2	-0.647296005356833
CDH13	-0.647693247994076
TSSC2	-0.647874473798665
PLEKHF1	-0.647884899292199
METAP1D	-0.648346855854678
ZC2HC1A	-0.648694779576958
THUMPD1	-0.648829377667517
POC5	-0.648890025130159
DPH7	-0.64909791903908
PCYOX1L	-0.649223136769133
QTRT2	-0.649253315566929
WDR4	-0.649274094377847
MAPK9	-0.649339216569855
DPH6	-0.649350021928687
CLTA	-0.649470771528338
EEF1B2P3	-0.649537082328879
POSTN	-0.649585949637313
PRIMPOL	-0.649690252241983
RBM17	-0.650156967129794
NUDT5	-0.650164352143419
NUPR1	-0.650323055733116
RCAN2	-0.650493540173726
PTPRU	-0.650730701526673
MASTL	-0.650736090954696
NADSYN1	-0.650942725097547
CDC25B	-0.651160902639837
NELFE	-0.651306047478473
NANOS1	-0.651544081094554
CDCA4	-0.651734352622563
SHISA9	-0.651768051920144
NCBP3	-0.652013684643228
MUC5AC	-0.652084016840158
UCHL3	-0.652505745509594
TECTA	-0.652532902579833
TMEM198	-0.652582890006473
U2AF2	-0.652767684631983
RLIMP1	-0.652920929665829
TANGO2	-0.653205808066169
PARP16	-0.653423436029472
UBE2E1	-0.653459549693283
C19orf25	-0.653629334833439
NIBAN2	-0.653891581307309
SFXN3	-0.654090968968433
LCE1E	-0.65411614160497
RAB40C	-0.654149273039611
PSMC3IP	-0.654788816729445
SLC25A41	-0.654983653268381
CDADC1	-0.655338732491038
CSKMT	-0.655369898109075
FAM185A	-0.65557850051725
TRAPPC13	-0.655721425022753
DUT	-0.656046447607791
CSTF2T	-0.656064409173838
ACAT1	-0.656250604583255
MUTYH	-0.656386086949941
BMS1P23	-0.656485546571696
CLK2	-0.656525075450585
UMPS	-0.656647093762925
ATAD3C	-0.656802789942519
ZMYND12	-0.656852033240471
FAM161A	-0.657113600210045
RRM2	-0.657546460232489
KARS1	-0.657578110533306
NOL9	-0.657674412019667
ALDH16A1	-0.657709893589469
MYBBP1A	-0.657794275702252
RPL37P6	-0.658088805160967
FH	-0.658129939119121
TTC1	-0.658419703116387
ACRV1	-0.65843388464335
OGFOD2	-0.658523185722831
ATIC	-0.658756596664014
PPM1G	-0.658776215356412
HNRNPH1	-0.658784072710168
RPL32P29	-0.658822646656723
SAP130	-0.658824863840859
VDAC3	-0.658870090889132
RPL39	-0.658882177826658
ELP6	-0.65888406339508
PCDHGB5	-0.658972951316623
MRPL28	-0.659167567935409
ZNF114	-0.65922441099596
DYNC1LI2	-0.659428931737656
CCNE1	-0.659567758770201
WIZ	-0.659675423400161
TAF6L	-0.660098796516944
HLA-DPB1	-0.661020257242198
APOL3	-0.661225006726251
TFB2M	-0.661322367416976
FAM222A	-0.662106670226435
AMT	-0.662460536084451
CYP2AB1P	-0.662844735241752
SOBP	-0.662933970742768
TEX30	-0.663025656341445
ZNF71	-0.663260018758673
LUM	-0.663350758765796
FBL	-0.663541198979654
TAF1B	-0.663693887513285
HMGB1P5	-0.66386199650989
LAMB2	-0.663968418782841
ALDH1B1	-0.66411543727422
ERMN	-0.664165576917297
RPL18AP3	-0.66452172079088
GUCY1B1	-0.664850713498013
THAP10	-0.665174360473066
SLC25A45	-0.665192628877126
NSD2	-0.6652880910063
RPL22	-0.665559906158503
YBX1	-0.665967967522347
RPSAP54	-0.666304299788562
TRMT61B	-0.666321658460833
IDNK	-0.666413027855521
FLAD1	-0.666526608909942
SULT1A3	-0.666744177232888
ILF3	-0.667103768256245
PSMG1	-0.667405861860106
LARS1	-0.667465376877405
PKMYT1	-0.66753021905432
ETFRF1	-0.667562395335407
CAMK2G	-0.667856168179573
GABBR2	-0.668117151524654
TOMM40P4	-0.668145231913614
AUTS2	-0.668314675100179
RPL35	-0.668348487186112
THBS4	-0.668538675189179
EHD2	-0.668622686383625
NAA40	-0.66862422098718
TPCN2	-0.668823450178957
IGFBP7	-0.669662470352715
MSANTD2	-0.670244183401462
CHAC2	-0.670276407832014
KIRREL1	-0.67042556488577
SMKR1	-0.670803715305496
ARHGEF38	-0.670887743068042
METTL18	-0.670943733798252
FMNL2	-0.672036322736477
LMNB1	-0.672411221324694
DMAC1	-0.672547819284881
BLVRB	-0.672773499950771
NSUN2	-0.672797813303571
VCF2	-0.672935643482092
RABL2B	-0.672940074018774
EIF4EBP2	-0.67296915738397
ASPHD1	-0.673094767534311
PMVK	-0.673157126572895
ZFP37	-0.673213249763319
ZFP3	-0.673518374988857
TFPI2	-0.673639589851429
RPL28	-0.673773430963691
SNRNP70	-0.673904412511057
TK1	-0.673978553158555
LIF	-0.67411782336037
FBXO3	-0.674353235546078
RPS19BP1	-0.674486384475731
MTERF2	-0.675395638039218
ZNF367	-0.675396560276661
FCRLB	-0.675435371375282
ANO8	-0.675441489289743
SELENOI	-0.675475854814502
CCDC183	-0.675640230088567
MSH5	-0.675657662157996
CCDC39	-0.67565806619595
HTR6	-0.676099600026349
ZNF736	-0.676273746716771
HECTD3	-0.676275880774474
PPP2R3A	-0.676295727384076
HPF1	-0.6763737373786
GREB1L	-0.676550319148663
LRP8	-0.676975064632172
EFHD2	-0.67801597678207
RPL10A	-0.678218380374496
SLC17A9	-0.678270933384705
LIG1	-0.678469055220205
TMEM17	-0.678477406400895
MADCAM1	-0.678632340651873
FANCI	-0.678886712174565
ARNT2	-0.678952024366044
ASNSD1	-0.679993497385451
GPD1L	-0.680127631558948
KCNC1	-0.680135728455679
HDAC2	-0.680160207588501
GLYR1	-0.680436402839745
CBX3	-0.680524194155168
NPM1	-0.680550927025261
HDAC10	-0.680621981268847
TERT	-0.680653581058675
BLCAP	-0.681057120411581
MTARC1	-0.681376799332347
TIMM50	-0.681444736913277
DCLRE1B	-0.681917423215375
SMC6	-0.681991168913349
THEM6	-0.682191993637897
RPL7	-0.682864572422279
ADCK5	-0.683008618509012
SLC27A1	-0.683274048616788
KLHL11	-0.683277237727562
UBP1	-0.683517697361541
GUK1	-0.683664752073197
VSIG10	-0.683694707552292
POC1A	-0.684363218883378
ADAT2	-0.684840033426407
NBEAL2	-0.684977106332077
MAGI3	-0.685257571663861
RTRAF	-0.685338472063887
RABL3	-0.685714757284673
SELENON	-0.685832681042373
CLBA1	-0.686083787456362
IGFALS	-0.686089857606371
NETO2	-0.686573765913278
CYP20A1	-0.687407565988919
PITHD1	-0.688185170306243
FN1	-0.688218174633384
SLC30A1	-0.688990865977381
HNRNPR	-0.689231903344397
CDCA8	-0.689386122388083
COL3A1	-0.689822018938876
C1orf52	-0.689923219962139
ALX3	-0.6904703144173
MRPS16	-0.690652836017464
NHSL2	-0.690665116521118
ANKRD50	-0.690769979601982
USP43	-0.691220801817615
CCNYL1	-0.691229618811556
TTC5	-0.691235220639466
DNAAF10	-0.691501445456924
SPNS3	-0.69174968480867
PDCD6IPP1	-0.692218164455053
ANKRD19P	-0.692440074318498
ELAVL1	-0.692485517298805
DBIL5P	-0.692691241777531
TPRG1L	-0.692882583305351
RBBP8	-0.692915803777156
MS4A14	-0.693054179057428
MYH14	-0.693338443620024
ANKS6	-0.693388015209479
SPTBN2	-0.693621101798238
THEM5	-0.693771512087047
COA7	-0.694060350527538
TRMT2A	-0.694415207921787
E2F3P2	-0.694506108233968
PLCE1	-0.694767711771958
ZNF575	-0.694803735806248
INKA1	-0.695788622840921
ENTPD5	-0.696022751044828
SEH1L	-0.696058323554104
GARIN1A	-0.696078307732046
MEIOC	-0.696377070630589
DIPK1B	-0.696937200330163
LRRC7	-0.696961397852577
ZNF69	-0.697186252503992
APEX2	-0.697884768794433
KCNA6	-0.697977189581426
TAF11	-0.698232868348638
SETD4	-0.69828851810246
BZW1	-0.698362991844815
WRAP73	-0.698383577411137
TRMT61A	-0.698774099432
TRNT1	-0.698964392593106
RUVBL1	-0.699316437688846
HNRNPA1P16	-0.699393233875681
RIMKLA	-0.699399351857628
MEAF6	-0.699421077780413
FERP1	-0.6994461125276
HNRNPH2	-0.699638620105229
SPRTN	-0.699773658446852
PIH1D2	-0.70021629284295
PSME3	-0.700332991880242
AGAP14P	-0.70050589243887
RAB11FIP3	-0.701141838938406
PARD6A	-0.701167288660103
CAPN8	-0.70187956691046
PBK	-0.701949798741835
CIZ1	-0.701988746330148
FIRRM	-0.702234831088718
PROCR	-0.702509696739731
KIF23	-0.702642683297583
PARM1	-0.702801853760843
ABCA15P	-0.703074387413916
SSBP1	-0.703401596833165
RPL23	-0.703618445372892
POLR3B	-0.703815337408261
GDF9	-0.703821643154622
HAUS1	-0.703987973924184
PALM	-0.704137470918462
NUP62CL	-0.704200534055827
FMO5	-0.704401787794887
GRK6	-0.70451753540949
RPL38	-0.704520388178599
GGT7	-0.704879866462973
AOC3	-0.70488595132375
ENG	-0.705177082505523
KDSR	-0.705223222124122
E2F7	-0.705301685072144
SLC46A1	-0.705363715253385
ICOSLG	-0.705368866428488
COPS8	-0.705458014117186
TRIM59	-0.706043896161458
C15orf61	-0.706116995307406
RFC3	-0.706623853976308
TDP2	-0.70683528443936
CDC5L	-0.707457417006317
GLE1	-0.707648742487902
DCN	-0.708165749824582
MICALL1	-0.708284899111432
HSP90AA6P	-0.70832079863412
RPL7AP43	-0.708458138495969
KIF15	-0.708553532472821
APEX1	-0.709130004071933
GPT	-0.709457045236308
POLR2I	-0.709584094299059
CENPK	-0.70990365444628
HNRNPCP1	-0.709949507100201
RANGAP1	-0.71000349606713
STEEP1	-0.71033615000125
PAQR6	-0.710474837661016
ZDHHC6	-0.710510124222628
ZSCAN29	-0.710539317954394
STXBP2	-0.710868223927635
SLC2A4RG	-0.711003830791329
EI24	-0.711131138999646
PSMD12	-0.711267775209907
SKA1	-0.711438657530318
NAP1L5	-0.711827909329674
ARHGEF11	-0.711893154784488
CDK2AP2	-0.711960714355447
HSPD1	-0.7122523089901
RNASEH2A	-0.71237274660335
ZNF519	-0.712425684148971
NCOA5	-0.712815183818508
RIOX1	-0.712859612553325
ATAD3B	-0.713468123212036
NXT1	-0.713519120508898
RWDD2B	-0.713529263276781
DDA1	-0.713584062736677
EPHX1	-0.713769680593522
NDUFS3	-0.713795885463044
FAM156B	-0.713904894470553
GVQW3	-0.714252159047005
EID1	-0.714347564891443
GCAT	-0.714393076497118
POLR1F	-0.714885542089393
NUP62	-0.714954606650239
POU4F1	-0.715065572786909
ZNF696	-0.715386219609314
C5AR1	-0.715425470570964
EXOSC6	-0.715593158137011
KAT2A	-0.715681370244883
SEM1	-0.716225925515312
BIN3	-0.716533856569157
PCBP4	-0.716684557248971
FAM210B	-0.71695737780226
C5orf24	-0.716982727650278
AVPI1	-0.717175776489875
RPS27L	-0.717228942930585
SHISA4	-0.717282275169791
UPK3BL2	-0.717285345995666
STC2	-0.717636288764326
ZBTB14	-0.71789917235788
DNAH12	-0.718245491152897
GATB	-0.718486521692556
ARHGAP25	-0.718614654031421
MKNK1	-0.718807849559622
MYL6	-0.719179612790824
SDHAF3	-0.719598340226728
BDH1	-0.719702753698762
LDHAL6A	-0.719840460359412
RIN1	-0.719909891688761
QDPR	-0.720023287755804
KLB	-0.720080787758522
RRP15	-0.720272681500709
ZNF761	-0.720484951144548
ALKBH2	-0.7205339559586
THAP9	-0.720705436392898
ARHGAP22	-0.720790140513917
FAM216A	-0.721088862780151
ECHDC1	-0.721131794997008
MRPL52	-0.721251070168503
PIK3R2	-0.721358027666421
TXNRD2	-0.721594741852423
CASZ1	-0.721631057314486
REEP2	-0.722032955935146
BPNT1	-0.722145860192263
SLC25A5	-0.722370904568127
ABITRAM	-0.722644499479043
BMP6	-0.722778298123213
MYD88	-0.722834944157501
GRPEL1	-0.723052757706537
PRKCI	-0.723105866138408
ABHD14B	-0.723131536693077
HSPBP1	-0.723199392834698
GPX1	-0.723665700066876
OLFML3	-0.723776133588965
MRPS18C	-0.724040842124651
UPK1A	-0.724373533971765
PRKD1	-0.724553558779202
ABHD17A	-0.724745041549924
PITPNA	-0.724810474757754
MOAP1	-0.724972697993149
ZMPSTE24	-0.725219047238053
PTMA	-0.72562351277456
KISS1R	-0.725650644636218
PSMD6	-0.725703389264131
RPL23A	-0.725749470803127
NPEPPSP1	-0.725902835208676
PDCL3	-0.726078198009371
H3-3A	-0.726136520262997
SCNN1D	-0.726307010834726
AKT1	-0.726346974051549
AMER1	-0.726474509371326
DSCC1	-0.72655828608755
STK32B	-0.726601029128988
ZBTB7A	-0.726672052020194
TMEM184A	-0.727074324834986
HSD17B10	-0.727339613119216
LTB4R2	-0.727622603219273
PBX2	-0.727736851515746
HNRNPA0	-0.727744257162822
IL9RP3	-0.728128282547918
HAGH	-0.728280153547383
GPR52	-0.72829893985516
YY2	-0.728534160950584
DCBLD2	-0.728537754028078
FLRT1	-0.729104435174685
CMC2	-0.729140044650535
NTNG2	-0.729202064015335
HNRNPA1P68	-0.729383913955244
ANO7	-0.729462551299903
PEX11B	-0.729580379327099
ZNF786	-0.729778226839035
CCDC194	-0.73026768896489
SUV39H1	-0.730340324754507
ASB6	-0.730425678429103
ZNF836	-0.730427114672707
FAM83D	-0.730468993894765
MCM6	-0.730635959169706
WTAP	-0.730835609460784
ATP5MF	-0.731597841543821
NPM1P9	-0.731812967585902
PAPPA	-0.73211747851392
RNF25	-0.732268147284109
TOR1A	-0.732946942513642
IMPDH2	-0.73305535784843
NBPF8	-0.733233926433378
KYAT1	-0.733318283410785
ZNF655	-0.733322779154351
IFT56	-0.733379771535505
NMB	-0.733644251716494
LCMT2	-0.733985187402673
RPS2P46	-0.734052059966985
TEDC2	-0.734803886332803
ZNF202	-0.734829888739287
SPTLC1	-0.734992700913846
APRT	-0.735254959031162
GGCT	-0.735431182863577
BYSL	-0.735555120575158
LAMA4	-0.736315574756501
SFMBT1	-0.736345597967233
E2F2	-0.736406662557888
NAGS	-0.736523184645986
NDUFAF4	-0.736929654310859
FDXR	-0.737007360023327
PDGFRA	-0.737411117664394
TFAM	-0.737472358885627
MTCH2	-0.737674642520397
PM20D2	-0.738254196503504
CCNH	-0.738416793555424
HSPA14	-0.738774323988514
ANP32B	-0.739137752819695
MCM3	-0.739642039656943
ZNF121	-0.739662785336488
LMX1B	-0.739855910852537
EPM2A	-0.740029237187086
PLK5	-0.740374273604982
C3orf70	-0.740930111029516
JMJD8	-0.741077838199029
UQCC2	-0.741101686501392
HELLS	-0.741526460558833
IQCK	-0.742099772165184
GPATCH4	-0.742322179979661
SPIN2B	-0.742632743318847
GTF3C5	-0.74295884503524
COMMD4	-0.743030690811932
SSRP1	-0.74322092668096
HAT1	-0.744246654393152
HSP90B2P	-0.744438238455342
SF3A2	-0.744491140387733
TFEC	-0.744651371466243
TCOF1	-0.744749269499454
EXOSC3	-0.745092852019892
TMEM170A	-0.745250554562286
STRIP2	-0.74525515044642
SRRT	-0.745706876336645
PCDHGB4	-0.745722677316378
KRTAP5-9	-0.745958977657435
ZNF561	-0.74597002720524
NDRG1	-0.746291376088513
LRR1	-0.746451896204374
HGH1	-0.746741738458634
DCLRE1C	-0.747273951069903
ZSCAN5A	-0.747446156603028
PSG5	-0.747476010892562
RBM42	-0.747876792393496
RTEL1-TNFRSF6B	-0.748180026477976
HOOK2	-0.748238739145252
TBC1D2	-0.748365639220287
CYP1A1	-0.748642722680594
MND1P1	-0.749344038189262
TRIM3	-0.749558145756048
NSMCE3	-0.749660787931225
ALDH9A1	-0.750210643423691
ZNF347	-0.750533515463078
MRM2	-0.750603999405515
ERVFRD-1	-0.750663073657595
PSME2P2	-0.750933499339032
CENPM	-0.751147969925949
UBQLNL	-0.751355302403728
PSMC1P2	-0.751912857864848
ARG2	-0.752559028390091
PP2D1	-0.752863335695499
PKD2	-0.752959463940784
TUBGCP5	-0.753636400960451
C9orf85	-0.753906199593817
IMPA2	-0.754158503745031
MPND	-0.754310709189528
SF3B4	-0.754313014328368
MTAP	-0.754318980629975
ITGB5	-0.754614706709356
MBLAC2	-0.754833812824579
SLC36A1	-0.754893340280633
TRMO	-0.75499014074188
CDAN1	-0.755185904401823
CFAP184	-0.755419370584895
BIRC5	-0.755443707891123
FMO4	-0.755504629689778
PHF5A	-0.756894585593522
C19orf48P	-0.757294310310632
LDLRAP1	-0.757919081934768
FAM24B	-0.758104608926523
OAZ2	-0.758145305421291
ATP5PF	-0.758280220221136
ACAP3	-0.758679529258846
ZNF251	-0.758701796120411
ADK	-0.758841954678062
TBP	-0.758940748679069
STAG3L5P	-0.759102781978391
CCDC61	-0.759523895036505
GPBAR1	-0.759635622381592
LTB4R	-0.759911163614573
FAAP100	-0.759940249871067
CACYBP	-0.759942582587052
ELP4	-0.760476889387055
MCOLN2	-0.760488085954192
TOE1	-0.760576784571655
TUFM	-0.760628885598634
CKAP2	-0.760662160396308
GLMN	-0.760731747575898
MSTO2P	-0.761395771290262
MIOX	-0.761645388640218
PIGM	-0.761786755955297
CEP63	-0.761856994828845
RAD51C	-0.761888359197601
INTS15	-0.762031962471187
TUBGCP4	-0.76230335960407
RPS2	-0.762524754012577
PRPF19	-0.762738492854644
PLCD4	-0.762742747678919
JPT2	-0.763417000057289
PRXL2C	-0.763798180861358
ATPSCKMT	-0.763890355955793
CRTAP	-0.764075779175273
NCAPH	-0.764386040869308
AUNIP	-0.764387633752946
TSNAXIP1	-0.76440128581035
SMYD4	-0.76471113764593
RPL13A	-0.764802115287525
SUV39H2	-0.765218394352468
ADAD2	-0.765339630875513
CENPI	-0.765643994561521
SRP72P2	-0.76600213432468
BRAT1	-0.766494955231943
PPP4R2P4	-0.767303163955155
UBALD1	-0.767425877561478
C15orf39	-0.767443792602745
DNASE1L2	-0.767537884063413
PRMT9	-0.767703674079375
CPT1B	-0.768136516941844
PARN	-0.768445371987715
PIGQ	-0.768617534817809
PDCD5	-0.768627995878288
TSPAN15	-0.768838437622073
WRAP53	-0.769243444340784
CICP16	-0.769255002342345
PHF1	-0.769320736291691
NAE1	-0.769558288634499
CAMKK1	-0.769904907190406
DYNC2I2	-0.770030520213337
FBXO22	-0.770262856662304
TRMU	-0.770538853943782
PDSS1	-0.770646597514412
FBLN2	-0.77071414324229
COA3	-0.770886868214815
CDC45	-0.772352664563202
ELAC1	-0.772529469663883
LTO1	-0.772673455212271
TUBA4A	-0.772741100597934
CRK	-0.772799924505364
FBXW4P1	-0.772893618857394
ZNF711	-0.77316654900009
UQCC5	-0.773383150203485
FJX1	-0.773778153279686
THG1L	-0.773815002881309
OSGEP	-0.773857088972591
RABL6	-0.773889264802709
KRTCAP2	-0.773891553930515
SNTA1	-0.774371889417592
FAM227A	-0.774397164729935
CCDC71	-0.774654614906156
S1PR3	-0.774981858712245
LIPT2	-0.77510850076763
ITGB1BP1	-0.775343341549214
HDAC5	-0.776085542049818
ITGA3	-0.77628543755791
TRAIP	-0.776389337379218
SLC44A3-AS1	-0.776683024495222
GINS1	-0.776729475583206
PGM2L1	-0.77678456443059
OR10K1	-0.777312771157569
SLC25A28	-0.777450996091377
PLRG1	-0.77753164818217
ARHGAP32	-0.777755698779025
TMEM225B	-0.777872882815235
OTUD3	-0.77819295565413
CCNG1	-0.778354757603179
UBE2D1	-0.778752924352649
G6PC3	-0.779126719612708
SLC35F6	-0.779238133413702
RILPL2	-0.779948864251951
HGSNAT	-0.779958932144112
CFAP157	-0.780244978857936
OCRL	-0.780287006609495
PSD3	-0.7805238011167
LLGL2	-0.780743078649408
ACD	-0.780864908092443
MACIR	-0.780881684961949
DIRAS1	-0.781192060371097
PSME2	-0.781395516630389
HSPB9	-0.781486030574101
MTRES1	-0.781632976656025
ENDOG	-0.781759738522413
LHX4	-0.781775056324198
ZNF286B	-0.781803949233702
TRIM28	-0.781849661179048
GOLGA8R	-0.782166670599752
TERF1	-0.782186974309619
EBNA1BP2	-0.782255898989019
TPMT	-0.782281355637934
SNU13	-0.782293623639957
TOP1MT	-0.782493971328287
HEBP1	-0.782559366258865
ATP8B3	-0.782580310663167
BCAP31	-0.782953539338734
HNRNPU	-0.782955050333255
LYPD6	-0.783214527250413
CNTROB	-0.783220801323656
NSUN3	-0.783526582751348
MDM1	-0.783713248840512
DHODH	-0.784090972976912
PRELID1	-0.784105925172464
ZNF441	-0.784211990367683
NCAPG	-0.784628531046103
CENPS	-0.784728336016275
RANBP1	-0.784743260252859
HES2	-0.785104932477801
PLD6	-0.785203963179644
FUT10	-0.78520749428135
VGLL3	-0.78560358134337
UROD	-0.78600530754521
POLR2L	-0.786023981780169
TOMM5	-0.786115060578369
SLC35B4	-0.786516557531664
DENND5B	-0.786555800800723
ITPK1P1	-0.786562434035177
ABRACL	-0.786662024578254
PYCR3	-0.78680369882369
PPIL3	-0.787419877134759
AQP1	-0.787491192750241
ABHD11	-0.788571510281303
DDX28	-0.788712908785128
SPTB	-0.788732227250195
FAM167B	-0.789280346344042
WBP4	-0.789718401463264
RPP25	-0.789984851445285
PSMB1	-0.790308950798891
CCT7	-0.791722827250214
FZD4	-0.792574541564535
MFSD2B	-0.792798418899905
AEN	-0.792824577153319
SAAL1	-0.793077376834695
CORT	-0.793351368264099
E2F8	-0.793551996633214
SLC2A8	-0.79363068655874
CDK1	-0.793778345544543
NIPSNAP3A	-0.794016825850086
ZFP69	-0.794244309770764
RPL4P6	-0.794441550701894
OBSL1	-0.794462717288585
C1QBP	-0.794478316208891
TMEM98	-0.79464486709543
SPINDOC	-0.79468273364085
MTFR2	-0.7947475034799
SUMO1	-0.795373122868784
ZNF30	-0.795719250488807
WHAMMP1	-0.795939393946864
MAGOH	-0.796022343042855
CAST	-0.796128947641846
SAXO2	-0.796237088539366
GAB3	-0.796438066226695
STON1	-0.79686612584872
CDK4	-0.796909548159212
ZNF839	-0.797202757793754
C3orf62	-0.797536530691004
ZFP92	-0.797728790567704
SCML1	-0.798110594339709
ZC3H4	-0.798166652838251
PLP2	-0.798606462078396
COMTD1	-0.798624739585756
KIF18B	-0.798776762924303
TPM1	-0.798986910903618
CIRBP	-0.799549459434831
TMCO6	-0.799618949222869
RCCD1	-0.799731540066795
BTF3	-0.799870875021426
AP2S1	-0.80024301926397
TMEM259	-0.801097286462612
TTL	-0.801118256834858
CDK5RAP1	-0.801141281223343
TMEM165	-0.801463588154304
SS18L2	-0.802337549601331
CDC20P1	-0.802382675357534
DHRS4	-0.802413569282539
EXOSC5	-0.802494222001913
AKAP8	-0.802665861379096
PRDM11	-0.802930390536736
SNRPD2	-0.803063842145635
HDX	-0.803078090251559
RPL19	-0.804491882166917
ACTR10	-0.804519082404518
EMC8	-0.80470308852422
MRPL15	-0.804759952271393
SEMA4B	-0.804945889960037
RPS7P1	-0.805054999230098
PTPMT1	-0.80558377097671
ADCY5	-0.806066002198794
NDUFS6	-0.806115749226984
UROS	-0.806203903764718
FHL2	-0.806333637715671
LCA5L	-0.806573549780075
VRK1	-0.806757256072736
NREP	-0.807073390667427
IFT25	-0.807168443737831
MSH2	-0.807375920516581
BTF3L4	-0.808444612123454
RPS17	-0.80851787981416
MANSC1	-0.808832113617587
CENPU	-0.808837221578415
RSKR	-0.809170886011293
HSPA8	-0.809229737829523
RBM45	-0.809650139443796
TOR2A	-0.80965880915608
CDC6	-0.809780922836732
ZNF37BP	-0.809944928939243
AMOT	-0.810199100730622
GNB5	-0.810213218415973
HNRNPF	-0.810488849472867
FAM98C	-0.811841234381124
ATAD3A	-0.811980969875875
MST1R	-0.812229829988546
RPS4X	-0.812251538529291
CTDSP1	-0.812257991271929
XRCC2	-0.812350808831868
C4orf46	-0.81235380837123
SIMC1P1	-0.81263517024123
RXFP4	-0.812878358094386
CLUH	-0.813225969714729
ATG3	-0.813328881249912
HNRNPA1	-0.813450918664106
PCDHGA8	-0.813611042025707
SRGAP2B	-0.813815754854769
AFMID	-0.813843408914069
TRO	-0.813873982062171
ZNF511	-0.814031675781866
MRPS21	-0.814444375772661
AOX1	-0.814587097103683
ANKRD13B	-0.814759165255705
TIMM13	-0.81477376591277
MIS18A	-0.815022470378435
ARHGEF10	-0.815214206545451
HNRNPA3P6	-0.815381822706641
FAM117B	-0.816136973741707
NCOA4	-0.816180973627842
LSM14A	-0.816660968172885
PDF	-0.816732326865872
ACY3	-0.816930008425246
EFCAB10	-0.817155068329311
BOLA2B	-0.818016263338495
TLCD3B	-0.818054401138546
SKP2	-0.818280498559027
SRGAP1	-0.818897353169822
ING5	-0.81906904981185
ZNF337	-0.819231529210078
PFN2	-0.819336434250002
CAMK1	-0.819467066363512
GOLGA6A	-0.819512406468788
ACTG1P3	-0.819709228178061
ADRM1	-0.819782505763513
ADRB2	-0.82032543764125
CEBPZOS	-0.820382528062711
MRPS34	-0.820401385841564
AGO4	-0.82040428606989
EEF2KMT	-0.820585528466681
TTYH2	-0.820702542766554
RAPH1	-0.820732715034545
C1R	-0.820938093972074
FAM32A	-0.821038894515174
NAXE	-0.821075517269035
RHOD	-0.821098790663952
RPL14	-0.821238544558396
NUP42	-0.821415615671801
LCN12	-0.821432418466533
CCDC86	-0.821936118408215
HLA-DRB5	-0.82206782323994
TBCB	-0.822183932775396
RPS27AP16	-0.82221145921798
ADAMTSL2	-0.822343832155327
NUDC	-0.822827746869442
SIRT7	-0.823084792995962
ZCCHC3	-0.82372824872757
BRIX1	-0.824268373971307
ZGPAT	-0.824504351397674
LINC00674	-0.824842338068142
LRRC45	-0.824946461745729
PFN1P4	-0.82514332133557
PLXDC1	-0.825509332451821
HSPH1	-0.825905627614462
PSRC1	-0.826165560212817
CCAR2	-0.826481054520548
EXOG	-0.827197240983494
CCDC124	-0.827796317652259
MACROH2A1	-0.827810782071965
FKBP6	-0.827921964303925
PHC2	-0.828145777158168
CTPS1	-0.828371901004792
VCAM1	-0.828567006534808
TFAP2E	-0.828613848966582
DPY19L2	-0.828704566748014
SAC3D1	-0.829158613903992
SLC25A39	-0.829203154264017
PDLIM2	-0.82920731993652
WDR43	-0.830154527590986
SPDYE6	-0.830168689565774
BCAT2	-0.831006147343825
TYMS	-0.831577426262991
CEL	-0.831727312127476
MT1X	-0.831889830043832
RPS23	-0.83208566144613
CHAF1A	-0.832134533802242
MMS22L	-0.832292217185973
LCE1C	-0.832582086206689
PSMB2	-0.832891393853383
H2AZ1	-0.833039109606326
PEX11G	-0.83318937988207
PHLDA3	-0.833881444485773
LARGE1	-0.834108957588875
ACMSD	-0.834158576909577
PRICKLE4	-0.834171529733745
KPNA2	-0.83459233067773
MFSD4A	-0.834941920783227
NUP85	-0.835322363103505
GCFC2	-0.835376493769867
SPAG5	-0.835638400317917
EIF2S3	-0.836135866355043
GCSH	-0.836461322517057
BUD23	-0.836519843832442
FNBP1L	-0.837186107603689
RAN	-0.837409262980924
ANKRD26P1	-0.837474753859299
SREK1IP1	-0.837839542036145
RAD1	-0.837900983184696
UQCRB	-0.838307183967181
EXOSC10	-0.838404365620366
SLC27A4	-0.838457159068753
DNAJC8	-0.838737416346987
PTRH2	-0.839794054018535
CCNB2	-0.839885925510399
PCBP3	-0.840277227880485
HDAC11	-0.840279496411401
ZNF629	-0.840638109448857
CASP8	-0.841280421993668
TUBB4A	-0.841374673642362
PTCD1	-0.842529173941763
NR2C2AP	-0.84291570328685
KCTD3	-0.845239805898355
CENPQ	-0.845593280612372
SLIT3	-0.845861378984095
FOXM1	-0.846191738287263
RPL36A	-0.846330397361205
NT5C3AP1	-0.846911071190161
PPP1R16A	-0.846972146061628
CADM3	-0.847274587851716
SNX9	-0.847543873316692
SLC11A1	-0.847682298897776
SAE1	-0.847774011067846
PKD1P1	-0.847870970364535
OR4F17	-0.848736468721797
ZNF276	-0.849299378206762
CDKN2B	-0.851358238282096
ACVR2B	-0.851378947326028
IFT80	-0.851379527383239
KCTD12	-0.851472647009825
CHAMP1	-0.851697556052743
JMJD4	-0.852010742004699
NHEJ1	-0.852147315597971
IFT52	-0.85229509881085
TEX264	-0.852529943661221
BORCS7	-0.853615000122334
NOPCHAP1	-0.853655615253398
MECR	-0.854385749058086
KCNK5	-0.854974911307286
DONSON	-0.855261382563793
KLHDC4	-0.85538524199776
SMIM14	-0.855585326083317
XRCC3	-0.85593616171205
UBE2S	-0.856098509896996
MRPS17	-0.856124468834341
RPS3	-0.856711477431545
L3MBTL4	-0.857643328167953
FANCA	-0.857746618928031
RPH3AL	-0.857828549733558
NIP7	-0.858173337161022
BNIP2	-0.859669306167657
SAP30BP	-0.859951607838296
LRRC75B	-0.859994729541342
EMC3-AS1	-0.861371199795384
PRKACA	-0.861492577912963
B4GALT2	-0.861633430473178
YJU2	-0.861653589515825
SMAD9	-0.862282066792083
SLC4A2	-0.862577155584705
DBR1	-0.86362186462664
DDTL	-0.86434502815389
TPI1P2	-0.864384851740206
HCN3	-0.864399949353718
ABCF2	-0.864738207608678
TUBG1	-0.864740142254366
C11orf98	-0.864849492143138
TLCD4	-0.864910994741091
PGBD2	-0.865605490540529
VPS52	-0.866338677344191
DEPDC1B	-0.866575257972468
ANAPC13	-0.866725636824276
LSM10	-0.866912695784472
ZNF746	-0.867135086590297
NOP9	-0.867610618797932
ZNF774	-0.868293387373617
TGM1	-0.868355481750936
ZNF487	-0.86839003229228
SYTL1	-0.868924380712489
SLC39A3	-0.869045875403077
PCDHGB8P	-0.86914125472346
SUPT4H1	-0.870205582686293
RECQL4	-0.870234688515568
GPN2	-0.870433827880156
FAHD1	-0.870697942791893
FAUP4	-0.87082159190381
SEC22B4P	-0.871284229354621
DMAC2L	-0.871545515998005
TOMM6	-0.871715829709738
DDX51	-0.87189681288703
SLIRP	-0.87245533346265
BCCIP	-0.872576176251785
TIMM21	-0.872731484695634
PDE4C	-0.872927085030601
COPS6	-0.873021507180339
NAPEPLD	-0.87426846349575
DTWD1	-0.874893658977197
RPS2P7	-0.875390027990425
NRP1	-0.875760043188914
RAE1	-0.876288607014115
SLC26A1	-0.876403816424962
PTP4A2	-0.876502180864882
SUPT16H	-0.8771562309451
HMGB1P1	-0.877546308750763
RRM1	-0.877987280742412
POLRMT	-0.878055730515854
DELE1	-0.878402192020103
NAA38	-0.878670275109163
SLC16A6P1	-0.879060910875923
CCDC92	-0.879091488257265
ARPC5L	-0.879166217950512
TMEM100	-0.879360864780444
C11orf71	-0.879618562817932
CLHC1	-0.879635625849326
EIF1AX	-0.880057063808894
SCCPDH	-0.88031079832238
HYLS1	-0.880524365376391
EEF1A1P3	-0.881679042013159
POLR3F	-0.882085387480434
BTBD2	-0.882617995144751
DUX4L50	-0.882626869826888
SYT5	-0.882940280226378
PIP4P1	-0.883140128945518
G6PD	-0.883258634388202
ANAPC7	-0.883663132672167
CRY1	-0.883796591314809
CCT5	-0.88382449922209
SRSF6	-0.884052320184549
ATRIP	-0.884336213106717
QRICH2	-0.8846914202965
CCDC171	-0.884832916230842
PPIF	-0.88500952541278
MYO1A	-0.885362112625763
RPL36AL	-0.885429006154552
SLC25A34	-0.885722973810631
RPSA	-0.886236027423762
GTF2IP23	-0.886768546919837
BCL2L15	-0.886880387925895
PSMD5	-0.886902817342447
RFC2	-0.886936107141761
SEMA4F	-0.887117761773402
IFT22	-0.88835483057049
PMF1	-0.888714297883997
FBXO5	-0.888964904820494
KLHL17	-0.889519059050282
NDUFV3	-0.890200233660912
THSD8	-0.890655755398866
TONSL	-0.890980959458574
IFRD2	-0.891187088531186
MT-ND2	-0.891274698368842
HAUS7	-0.89152422103976
MRPS25	-0.892002035984968
SNX20	-0.892047433351059
OTUB1	-0.893102422544986
IL1RAP	-0.893156694114204
DDB2	-0.893184355619769
SUB1	-0.893473044847476
MTND2P28	-0.893627152247908
ORMDL2	-0.893703190684175
MRPL18	-0.894343255247424
AKR1C1	-0.894454833346875
UBE2A	-0.895088877480871
BTBD6	-0.895103866862072
TRDMT1	-0.896216007383299
C9orf40	-0.896514427614784
C1orf21	-0.896738734972216
YY1	-0.897051673712281
TPRKB	-0.897060614110335
NUF2	-0.897300754325946
POLR3H	-0.897959059490659
IRS1	-0.898069445530614
SRSF7	-0.898709172232222
DYNLT2	-0.899044802001299
PAIP2B	-0.899291094890826
PSMC3	-0.89933870481622
GABPB2	-0.89939388188901
COQ7	-0.899709503595624
ADGRA2	-0.899919521296193
RAB5C	-0.901052737948191
STX4	-0.90144185692196
ST3GAL4	-0.901625171095383
RPS3AP26	-0.901876249934805
DGKE	-0.902147006788528
PIGC	-0.902512240949576
MACROD1	-0.903029880600302
PRKCZ	-0.903090380929963
COX11	-0.903778174028102
NDUFC2	-0.904227435594474
ATXN7L1	-0.904932053288303
PSMB3	-0.905722355362893
DYRK2	-0.906618739558767
HNRNPM	-0.907335786702257
TOMM34	-0.907421370041529
H2BC19P	-0.907451696936369
PODXL	-0.908087418217985
TIGAR	-0.908093660349236
POLR2K	-0.908400096248736
AAMP	-0.908595690306478
TIMM8B	-0.910083552713456
EWSR1	-0.910259504088406
ALDH8A1	-0.910311174835077
CARD19	-0.910434357259223
WEE1	-0.910696858016782
PTPRN2	-0.911438150910843
ASTE1	-0.911498068732843
TIGD1	-0.911735171619088
MRPL20	-0.912053189332497
C21orf58	-0.912843081837962
MARCHF2	-0.913020234280807
GLRX2	-0.913299561721083
NOL11	-0.913608798198344
STAG3L1	-0.91368280700111
NPIPA9	-0.913779817202124
EEF1D	-0.91402488479498
UBE2G2	-0.914073679808544
C17orf75	-0.914281310058183
HNRNPA2B1	-0.916024786325215
TEX261	-0.916135790201357
ACOT4	-0.916175862560271
ZNF587B	-0.916604704078073
BTNL9	-0.916813656513284
LRP11	-0.918007154878946
STING1	-0.9182119285384
CDC42EP2	-0.918882560603009
LDHAP7	-0.918923447648152
CETN2	-0.919094607331038
PDGFRL	-0.919233073790541
CROCC	-0.919748256778898
RPL7P50	-0.920202345399313
SELENOO	-0.920360185354597
ELAC2	-0.920878069057045
AGAP1	-0.92107519516481
APEH	-0.921431920839757
SLC5A5	-0.922549913742429
MEGF6	-0.923551011677597
SEPTIN7P9	-0.924102250592738
CATSPERE	-0.924847268240317
ZNG1F	-0.925393532906099
ADAM15	-0.926011334747108
PELI3	-0.9260126147093
TSPAN14	-0.926028666078693
TBRG4	-0.926336931251142
CPEB1	-0.926400036528698
RPS28	-0.926633074477443
C5	-0.927092688188526
LIMK2	-0.927213209928374
ANAPC2	-0.927352239570411
PTMAP11	-0.927747479198444
NGDN	-0.928277542341893
GPAA1	-0.928668558532672
RPL23AP42	-0.928956521806138
KCNK2	-0.929171870863856
PRR19	-0.929265285264401
DDX1	-0.929532481507347
NLRP4	-0.930112842089111
PRIM2BP	-0.930203717808349
NICOL1	-0.930837457575943
ZNHIT6	-0.931130980277072
TTC27	-0.931226226126686
CEP20	-0.931467922386323
HMGA1	-0.931583765089944
TRMT1	-0.932816297640787
STXBP1	-0.933086559649073
ZNF558	-0.933631891856007
CGREF1	-0.933937367835353
TSPAN9	-0.934098314958826
PTGER4	-0.935103081701106
PABIR1	-0.935316740117195
KHDRBS3	-0.935718481047275
MYO10	-0.935831784324364
RRP36	-0.936758065805836
HEATR3	-0.936938632124011
SLC26A2	-0.937204396100607
USP39	-0.937227318624678
PGRMC1	-0.937511021655919
SMIM8	-0.937764964532465
TMEM138	-0.938026828338706
CITED2	-0.938040286660925
LY6K	-0.938145225591791
NOP14	-0.9385722848719
DUS1L	-0.938761863312967
MED4	-0.939072425946828
GUSB	-0.939995646284462
GINS3	-0.940847462445979
COQ10A	-0.94094441995734
PHKB	-0.941360295872091
SLC38A5	-0.941822424821201
SNRPC	-0.942153971881039
MGAT3	-0.942577175594715
RPL22L1	-0.942766998087343
AXIN2	-0.94305000398297
CEP95	-0.943156607117448
TTC19	-0.943220502096199
ZFP28	-0.943856308787905
ATL1	-0.94488756992187
HAUS5	-0.944943252799142
B3GNT8	-0.944952073161854
KRT8P12	-0.945808662659462
DHRS1	-0.946406281432804
RPS16	-0.946671058326369
TELO2	-0.9467288551405
KCNK12	-0.947224159360103
PA2G4	-0.947951014617026
DDX27	-0.94800947502255
JRK	-0.948059583059183
NASP	-0.948399296980853
CDKN3	-0.94898850354696
PSMA3	-0.949118685770359
BAIAP2L1	-0.949275296602653
STIP1	-0.949465724770112
PPP1R3B	-0.949481231565622
WDR77	-0.950413642417891
DPH3	-0.950448238242188
UPF3A	-0.950600218400655
GINS2	-0.950888760990281
DYNLL2	-0.951055423284426
GATD1	-0.951076891764269
PLAC8L1	-0.951205611799529
FBXO9	-0.951527969160781
NUSAP1	-0.951745509382873
REXO2	-0.951856479416587
ZBTB42	-0.952442268312468
NUP107	-0.953160605585087
ZNF726	-0.953335864612591
NBPF1	-0.954440266721979
LIME1	-0.954454336225351
BAG1	-0.954725347112475
TCP1	-0.955034583305629
PPT2	-0.95594659693701
MCM4	-0.956222404323231
TOMM40	-0.957549437565997
EPHB4	-0.958213922431515
RFT1	-0.95969269467471
NIFK	-0.959715806133167
LRFN4	-0.960156511233944
TTC13	-0.960345653285366
FAP	-0.960910568695748
HMBS	-0.96098517084629
RABGGTB	-0.961438037528371
C11orf24	-0.962957320725618
STEAP3	-0.963052728527344
CHURC1	-0.963211523304735
ZNF707	-0.963395592112431
NPIPB13	-0.963576642922366
TLL2	-0.96388740935172
PLEKHJ1	-0.964089094745247
C1orf35	-0.964340870191539
TROAP	-0.964689026240785
RABGEF1P1	-0.964789903288122
TFR2	-0.965198076830058
MICB	-0.965744830705403
XNDC1N	-0.966033537089277
FOXO3B	-0.966256352795194
MOSPD3	-0.966521408768783
PPP5C	-0.966637090071956
HSBP1	-0.966941261306935
CPSF3	-0.967114103567285
NUP43	-0.967778293907622
ZNF75A	-0.967966292759159
MME	-0.967974739539301
RETSAT	-0.969393048109605
LSM2	-0.969454866145084
PPWD1	-0.970348237295675
FNDC10	-0.970506337578783
LILRB5	-0.970955539712568
SLFN13	-0.972342162934873
RBM14	-0.972868375043572
TTC4	-0.972896536478397
ICA1L	-0.973577016758442
PRDX6	-0.97379487999449
AHCY	-0.973932359131177
PAQR4	-0.97410200192407
NCL	-0.974353309585308
YWHABP2	-0.974386918165639
FGF7P6	-0.974647205404139
KHSRP	-0.974869050173012
MAP4K4	-0.975388386569517
NSDHL	-0.976364645424263
CENPP	-0.976769553767067
RFC5	-0.977834790363901
MAGEE1	-0.978038275187392
TUSC3	-0.978274072758347
PIMREG	-0.978701704412512
RPLP1P6	-0.97876155887933
ZDHHC23	-0.978776563795444
UFD1	-0.978902608350895
ZW10	-0.9792664167287
MSANTD3	-0.979273029217264
KCNH4	-0.979687196885358
EIF2B5	-0.979854089570995
FBLN5	-0.97997685755928
TALDO1	-0.980115800151758
GOLGA8S	-0.980327057685716
TMEM191A	-0.980701314014033
SNX32	-0.980807768981335
TSTD2	-0.980908256428875
INF2	-0.981030669456601
POLR3K	-0.981729115435865
NQO1	-0.981827335924534
CNN2P4	-0.981904546999553
NCS1	-0.982601570480893
STK39	-0.982923653666498
CCT6A	-0.983197604804176
VSTM2L	-0.983205584054968
NHP2	-0.983449361671157
TP53	-0.983494532253386
ABHD3	-0.983668673596152
FAR1	-0.984225820241166
RHPN2	-0.984827801056772
ADARB1	-0.984828791083977
SRP9	-0.985400409438476
ELMOD3	-0.985630193132493
PCDHGA6	-0.98572390515811
SLCO3A1	-0.985735827624476
DYRK4	-0.985945633325876
ALDH4A1	-0.988524974338175
COA5	-0.988711804031974
DKC1	-0.989021733182937
ZNF512	-0.989344868268454
MTMR8	-0.989642664582576
ARHGEF39	-0.990101551001109
APLP2	-0.990183435167558
KDM8	-0.990529653183045
KANK2	-0.990643269403046
CLSPN	-0.991728466121888
MIER3	-0.991883307797174
POLR2F	-0.992080462269445
HNRNPLP2	-0.99360727110325
CENPN	-0.993939053042714
PACSIN2	-0.993984143571315
HARS1	-0.994507551764425
PPP6R2	-0.997103256879904
TTLL5	-0.997221734068246
BRCC3	-0.997719457483957
MTND5P11	-0.998905394266393
MAPK12	-0.999432760325664
LRRC70	-0.999578627049227
RBFA	-1.00017854963653
MAN2B1	-1.00060411211542
RIMBP2	-1.00103073890767
DPM1	-1.00119281928114
PXDC1	-1.0029839267611
POP5	-1.00359616045522
NPIPB6	-1.0046567438037
RAD54L	-1.00475987751633
LDHAP4	-1.00535348944162
LSM3	-1.00609672379072
PCDHGA1	-1.0061263361744
TTC7B	-1.00628908899078
ARL4D	-1.00665476679673
TMSB4Y	-1.00730749036561
NPIPA5	-1.00803317997581
WDR97	-1.00831512193976
SLC36A4	-1.0083662630688
USHBP1	-1.008433196529
SPRYD4	-1.0086344092698
MEA1	-1.0087718505267
ZDHHC16	-1.00912038995698
PSMC5	-1.01016221606589
TMEM238	-1.01030864844079
CALM1	-1.01048255064082
BZW2	-1.01094473914292
BLOC1S2	-1.01098971141318
CDK2	-1.01163036598904
DDX11	-1.01165872388538
SMG1P5	-1.01274115055573
ACTL6A	-1.01318547992685
MRPL39	-1.01324837101119
MRPS28	-1.01493456808523
PRNP	-1.01503121013645
MRPL40	-1.01567346559062
NUP35	-1.01719689531938
SRSF1	-1.01742756074037
SART1	-1.01774868889194
AASS	-1.01795808861855
AP5S1	-1.01802696826033
SEMA3F	-1.01962876983383
NME1	-1.01983747032647
TENT4A	-1.02007867652204
DOP1B	-1.02030553820283
EPM2AIP1	-1.02075755528562
CERS2	-1.02133652067183
TTK	-1.02345457606755
GALNT5	-1.02376157610536
TMEM69	-1.02406320451189
UTP3	-1.02434200886922
RBM8A	-1.02436307141447
PRH1	-1.02455075319787
ARHGEF4	-1.02474733685231
LRRC14	-1.02502628556698
CPS1	-1.02533170656395
HMGN1	-1.02588538112729
NOP56	-1.0264626357526
DLGAP5	-1.02690409460138
CCZ1B	-1.02809047389102
RPL26L1	-1.02829665016362
PTK7	-1.02906533260954
GRAMD4	-1.03008078568591
WDR90	-1.03034021127433
ZNF394	-1.03058092317366
ARHGEF19	-1.03098876409784
FRG1DP	-1.03183486798674
TRMT6	-1.03293248098788
GAL3ST4	-1.03511701207007
PRPS2	-1.03601757032568
PLK2	-1.03669722438681
PCDHGA4	-1.03724406193884
MXRA8	-1.03773087369883
LYPD6B	-1.03839770536715
PTS	-1.0395730612357
UBE2I	-1.03984432216294
TSEN2	-1.04153300007493
SKA3	-1.04246936175892
PCYT1B	-1.04267616049075
CNN2	-1.04287446960022
ISG20L2	-1.04503040496413
RTEL1	-1.04527477676857
SLBP	-1.04556416473639
NOP16	-1.04557218550856
RBBP4	-1.04568859472471
PCDHGA10	-1.04616799559726
SNF8	-1.04742848193413
LCAT	-1.04767036141276
DHRS11	-1.04858064275346
LLPH	-1.04861258195187
SRSF8	-1.04890724994573
CHTOP	-1.04927783615942
SAP18	-1.04936494003536
REELD1	-1.05004291253851
MTMR7	-1.05020497263978
LSM4	-1.05056786639307
POLR2J4	-1.05177320977934
GLRX5	-1.05195710708337
NME4	-1.05225174818276
LMF2	-1.05245460960827
RAD51AP1	-1.05276392650948
LSM5	-1.05431916434661
ADI1	-1.0557314210491
PEF1	-1.05577078036186
MT-ND1	-1.05721670286432
ANAPC4	-1.05752857996918
CPSF4	-1.05765060811093
CD163	-1.05806911169183
RRS1	-1.05844212070095
CLCN2	-1.05859560672771
MEX3D	-1.0588130561412
BCR	-1.05902884542478
NOLC1	-1.05913467032229
CCT2	-1.05961747327643
REEP6	-1.06016552443124
CHAF1B	-1.06062367282073
SCAMP3	-1.06106143476191
MKS1	-1.06178776734608
ARGLU1	-1.06202494544772
CLTB	-1.06203893565153
FAM200B	-1.06246333844274
KRTCAP3	-1.06306245796213
ADD3	-1.06344347054831
FOXD2	-1.06352724956745
FBXO40	-1.06377106644627
CSE1L	-1.06697775559236
PSMG4	-1.0669980418212
DNAJC30	-1.06724787279267
DGCR6L	-1.06789435843085
HIRIP3	-1.06815395934677
HSP90AA1	-1.0704389772311
RAB44	-1.07075554467285
ACOT1	-1.07111382317475
POLD2	-1.07129031094589
ZNF738	-1.07302050078746
GPS2	-1.07340673380606
POLE3	-1.07479014311065
TEDC1	-1.07586484509051
H2AX	-1.07596528316703
TPM3P9	-1.07603001969351
RAD9A	-1.07643169349981
GEN1	-1.07752250980819
SNRPF	-1.07832448148786
WDR75	-1.07834327503565
ENOSF1	-1.07858512875823
ATMIN	-1.07906945349793
OAZ3	-1.07936694592844
TRAK2	-1.08016397318652
H3-3B	-1.08045656145721
SYNJ2BP-COX16	-1.08131366265867
POLA2	-1.08147221195911
ACTBP2	-1.08212933530349
IGF1R	-1.08305557396838
ZACN	-1.08391996668221
FN3KRP	-1.08424172302312
SF3A3	-1.08438681584032
IDUA	-1.08450891799534
C1RL	-1.08520696285751
CDCA3	-1.08538935424381
NIT2	-1.08583166156477
SLC16A6	-1.08737461736273
NAA20	-1.0873952020502
SSB	-1.08791600256384
NAMPTP1	-1.08812280442296
NUDCD2	-1.0885034558758
RSAD1	-1.08890663124792
RPF1	-1.08966156318219
DHX33	-1.08998208964453
BANF1	-1.0899857041349
CCNQ	-1.09002817368513
TMEM145	-1.0900975955649
PPOX	-1.09127684299533
NOL12	-1.09219104418819
NHERF1	-1.09221582819186
SLC30A3	-1.09222031860734
GCLC	-1.09280906306496
SNRPE	-1.09585706372269
IER3IP1	-1.09652187874411
AURKB	-1.096883164482
CLNS1A	-1.09783140706012
FXN	-1.09800916380272
PYGL	-1.09848299873829
SLC25A15	-1.1009090445849
GBGT1	-1.10110937762442
POP7	-1.10145477245393
SH3GL1P1	-1.10174580689825
C2orf68	-1.10373645666415
SFPQ	-1.1044446413138
NOP58	-1.10589249299278
LINC00680	-1.10624737563237
KLHL32	-1.1062496950257
DEGS2	-1.1065366680536
NFIX	-1.10702847384541
TRA2B	-1.10787939133308
UQCRQ	-1.1084546040521
NTPCR	-1.10957649206184
HIBADH	-1.11023990942122
LRFN3	-1.11033830347296
ZNF599	-1.11249221505639
PCLAF	-1.11333670077846
FAM184B	-1.11441932828291
GDPD5	-1.11460938304705
COPRS	-1.11474979724462
TRUB2	-1.11484353532518
RPS2P5	-1.116658519614
AKTIP	-1.11913636969658
SPDL1	-1.11955382642865
PHKG2	-1.12013518833336
METTL14	-1.1202612008519
OGFRL1	-1.12108387126716
MCM7	-1.12124429517203
APTX	-1.12210586746554
SPCS2P4	-1.12213819307438
PKD1P6	-1.12225181166042
PRKX	-1.12325951343508
RAD18	-1.12399816392283
PCOLCE	-1.12410409908815
DNAH6	-1.12594028667279
CALM2	-1.12717834085377
KIF22	-1.12734403694799
HES6	-1.12817166552339
PPP1R12C	-1.12877769395695
GTPBP3	-1.12987457223378
GPNMB	-1.13037936979161
FUS	-1.1309456558668
CENPW	-1.13210267562629
DERPC	-1.13248656464468
RBM15B	-1.13270605467099
PLEKHH1	-1.13286946978579
PNN	-1.13435215730211
H1-0	-1.13490347460208
CRLF1	-1.13513118431365
VTI1B	-1.13591041234286
UBTF	-1.13678493150299
RNF26	-1.13697881333325
TFDP1	-1.1376897806709
TRMT10B	-1.13786129940389
CRACR2B	-1.13812794906277
CACTIN	-1.13888861902394
SELL	-1.13920746840706
TBC1D8B	-1.13935760863091
TUBA1C	-1.13943397502998
CENPX	-1.14065898033145
ALOX5AP	-1.14105451714329
SLC46A3	-1.14123653466786
TAF1C	-1.14143461901758
STAG3L2	-1.14244491616058
CTRL	-1.14321661643011
EIF5A	-1.14481015535967
KRT8P34	-1.14501008933654
KIF3C	-1.1454586632503
EXO5	-1.14654090072369
GNAQ	-1.14661201665194
VMA21	-1.14672538711335
DNAJA1	-1.14691881482033
SIAE	-1.14701983809778
HMGB2	-1.14759547079347
GTF2H2C	-1.14804906825853
HLA-B	-1.15004230427422
IDH3B	-1.15008467897481
KLHL29	-1.15125044140016
AURKAP1	-1.15193618836739
HNRNPD	-1.15252154265838
NAPRT	-1.1525298719259
RPS12	-1.15303327310852
EEF1A1P19	-1.1551247868754
HSPE1	-1.15529708584321
TPGS2	-1.15536801416365
HNRNPA3	-1.15645908903708
ADGRF3	-1.15688564318875
AMY2B	-1.15812954746069
SKIC8	-1.15841201334311
COMMD2	-1.15900089345162
PPCDC	-1.15972285905375
APBB2	-1.15978284934639
SPTBN5	-1.15989268290742
GTF3A	-1.160073629131
UBE2T	-1.16072632450992
TCEAL8	-1.16174987864184
NABP2	-1.16344460742719
SLC25A1	-1.16359175935206
PDCD2	-1.16444715275534
OSBPL6	-1.16487137673514
GMNN	-1.16501969843003
NRGN	-1.16565589123894
YWHAB	-1.16586026459271
WDR5	-1.16666317445065
BRMS1	-1.16734229481832
SNRPA	-1.16819374147874
KNDC1	-1.16849942307526
NEO1	-1.16918063690488
TRAF3IP1	-1.17018722113062
KIAA1143	-1.17161890500487
CCDC9B	-1.17334741172762
MRPL21	-1.17343766298715
RPUSD1	-1.17378587914784
CDR2L	-1.17456647917877
SMG1P6	-1.1749131795361
UPF3B	-1.17508217438934
RNASEH1	-1.17551704255471
C1orf216	-1.17629494235614
GCLM	-1.17640386370376
DPY19L2P1	-1.17692174336066
PCDHGA12	-1.17926274907056
CNTNAP3P7	-1.17973260069502
CDCA7	-1.17979846131367
METRN	-1.18051722799717
IGSF22	-1.18093595331649
GGT1	-1.18323895769117
TXN	-1.18358554821538
MYCBP	-1.18370323521699
SRSF3	-1.18459176585042
SOD1	-1.18515638200298
CCDC136	-1.18595051181236
AP1G2	-1.18739466007066
PDIA3P1	-1.18819236034684
CACNA1C	-1.19068930265459
GPC1	-1.19221251064222
REEP5	-1.19224009371794
TUBA1B	-1.19297066723565
IL18BP	-1.1933223846335
NRN1L	-1.19350003077834
NAA10	-1.19542336718329
WDR74	-1.19563750643743
PDLIM3	-1.19570776951234
MSTO1	-1.19597718014858
USP27X	-1.19659743222867
PAXIP1	-1.19663720595977
NDUFAF8	-1.19701540886826
WDR62	-1.19815823936578
HJURP	-1.19822857866405
RAC1	-1.19827479528494
ARF5	-1.19862805419534
TTC3P1	-1.19939819760811
GPR3	-1.20041469836237
RPL10P16	-1.20070818110742
TRIP13	-1.20131785111292
ITGB1BP2	-1.20359081913732
PCDHGC3	-1.20380472730286
SPICE1-CFAP44	-1.20394167896722
OXCT2	-1.20421234205928
PRKCH	-1.20505464462397
PIGP	-1.20624478423808
PDK2	-1.20748215036458
HAUS3	-1.20809874918166
TSNARE1	-1.20852132851084
DNAJC9	-1.20881504740034
SPIN4	-1.21043658544676
CABLES2	-1.21135123072545
DDX20	-1.21187707945975
TMEM18	-1.21195613297945
STMN1	-1.21294170723621
SMYD2	-1.21616038647128
NRBP2	-1.21637230202774
LAS1L	-1.21847499444423
FKBP1A	-1.21884384015693
RAP2B	-1.21961651648724
MT-ND3	-1.21980644879489
PPP2CB	-1.22038667815748
RSPH14	-1.22107861665936
CCZ1P1	-1.22156268105434
RBM11	-1.22292476882359
RBBP7	-1.2291472021575
PALD1	-1.23016854468052
HNRNPAB	-1.2303807539194
UNC13A	-1.23174126785281
BMP8B	-1.23207731189249
PPT2-EGFL8	-1.23410529546508
SFXN2	-1.23424729457585
OXSM	-1.23477308208356
SLX1A	-1.23486110944169
LINC02929	-1.23548756632106
NUTF2	-1.23754885915577
TACC3	-1.23795452162309
MTURN	-1.23807030036178
ORC6	-1.23862112675527
SBF2	-1.2387622734489
DAZAP1	-1.23962707095002
PSPC1	-1.2412187576507
REP15	-1.24334977030018
SLC25A38	-1.24363244055489
SLC26A6	-1.24516993954505
MTX3	-1.24534861966352
ZNF844	-1.24541381092453
SNRPG	-1.24594274572759
TCTA	-1.24622525145061
GJA9	-1.24860479090378
UBTD1	-1.24874190147387
FAM133B	-1.25006655111148
USP40	-1.25059524136225
FEN1	-1.25093150995159
PCP2	-1.25239661863325
CARS2	-1.25538220747251
NOC2L	-1.25584606352268
NDC80	-1.25657622019024
BEX5	-1.25716305489852
LRP3	-1.25773585497802
TBL3	-1.25804213002568
JPT1	-1.25814037935138
UTP11	-1.26108095387252
LRRC75A	-1.26130117285049
ATF6B	-1.26215575181795
CDC42BPB	-1.26263468370475
SNRPB2	-1.26491575406307
NFYB	-1.2653941036889
PUF60	-1.26744576791353
FRAT2	-1.268629411361
SPON1	-1.27133274263215
GINS4	-1.27405070492196
MOCS2	-1.27644537716929
ZNF593OS	-1.27651810360469
PABPC4	-1.27732337672374
PPP1R14B	-1.28085416549049
ZNF814	-1.28228097651163
AHSA1	-1.28259635871967
TCHP	-1.2828935743042
RAB36	-1.28530407498053
MND1	-1.28792466231177
TMEM107	-1.28801529388953
TRIAP1	-1.2882328464199
PCDHGA11	-1.28844390265085
CIB2	-1.29178928649776
NAA16	-1.29191691485874
SRXN1	-1.29325949897781
NDRG3	-1.29509976681479
POLE2	-1.29554320304466
SLC25A10	-1.29566914340399
ATP8B2	-1.29752379085798
FTSJ3	-1.29876700889841
PPIL2	-1.29953689325259
RPP40	-1.29980832571555
MT-CO1	-1.30103778443895
RUSC1	-1.30181553620991
METTL17	-1.30203147363112
ZNF362	-1.30228430515016
MAT2A	-1.30250984206289
EDIL3	-1.30300842093366
ASF1B	-1.30339713213873
HMGB1P6	-1.3037949298887
ARG1	-1.30496744494363
ARL16	-1.30500712119197
BMP1	-1.3051530752645
SETD6	-1.30575210957188
BORCS8	-1.30647954653475
TMEM86B	-1.30700205884974
TCEAL3	-1.30861056751558
LLGL1	-1.31181100252736
PCDHGB2	-1.31275017595843
NBL1	-1.31302839175217
ALPK2	-1.31759618469169
TF	-1.31975064205792
PCDHGA7	-1.32032905258189
ITPA	-1.3203988331036
C2orf81	-1.3208157549585
SBNO2	-1.32186474862136
SVIP	-1.32222715857325
RCC1	-1.32396268911148
MRPL32	-1.32496205497305
LRRC37A3	-1.32530706041511
ACP6	-1.33052852552461
DFFBP1	-1.3306005888963
MRFAP1L2	-1.33207304759915
NKX3-1	-1.33282698332442
GAREM2	-1.33408458102504
MTG1	-1.33587788871536
TMEM106C	-1.33646515288108
ODF2	-1.34124923480002
EXOSC9	-1.34165482253537
HMGB1	-1.34322836030381
IQGAP3	-1.34399436973743
ZNF85	-1.34795553460645
TPBG	-1.3505925542374
BRD7	-1.35141124958023
UBE2C	-1.35269521713627
C15orf40	-1.35287643314572
ZNF763	-1.35427830343833
PRPF38A	-1.35732428064744
TMA7B	-1.35744760901332
DNM1P47	-1.36028521034091
CASP14	-1.36052735541739
MYH10	-1.36077619973615
ZNF195	-1.36136459229577
CHTF18	-1.36325940316874
MELTF	-1.36358458125217
MRPL11	-1.36420456997585
LTV1	-1.36710530202205
TSEN15	-1.36714495979313
CNPPD1	-1.36791644375481
MT-ND5	-1.37114275254881
NOL8	-1.3713351150569
TRIOBP	-1.37521870728647
ZNF883	-1.37574136897628
SIVA1	-1.37645923910839
PDCL3P4	-1.37755010706326
FGF7	-1.37875656492591
KCNAB3	-1.38340857049973
MRI1	-1.38399159795807
FAM136A	-1.38472882099841
POLR2H	-1.38569377627659
AZIN2	-1.38659702540567
E2F4	-1.38682197969275
CWC25	-1.38934201519288
CD99	-1.38957039393417
HMGN2	-1.38980937185943
FZD7	-1.39130996094427
COL14A1	-1.39210669556035
MRPS26	-1.39281673735587
RAB5IF	-1.39690472633932
SETMAR	-1.39748483986155
TBC1D30	-1.39813220779136
RPS6KL1	-1.40023500401112
RIMBP3C	-1.40037453291587
MTA2	-1.40190753349378
CTHRC1	-1.403030841256
SAMD15	-1.40318846002228
SNRPD1	-1.40341831834412
MTCO3P12	-1.40468054287126
CAPN2	-1.40649740683966
ABHD17C	-1.40651781350701
MAPK8IP2	-1.4066125355988
PCK2	-1.4085750831839
ZCCHC24	-1.41063684600758
RDH10	-1.41284201975328
TAF9	-1.4144751421809
DHFR	-1.4168203258951
CCNE2	-1.41793027934501
NADK2	-1.41839871548123
SNRPD3	-1.4189378592573
THSD1	-1.42065958441485
ZMYND19	-1.42145931709172
PAPOLA	-1.42254570534424
RING1	-1.42487647352884
PINX1	-1.42566925203291
COQ8A	-1.42693053726653
RASL11A	-1.42802009033415
ADISSP	-1.42931828854118
MTATP6P1	-1.43409054926306
H2AZ2	-1.43469474168513
MYLK2	-1.43684237280502
GOLGA8A	-1.43720966426526
PRPF3	-1.43726645085542
ZNF33B	-1.43833226801627
ZWINT	-1.43925290589403
RHBDD3	-1.43927922529426
DSN1	-1.4401045541971
GNL2	-1.44744790725549
LDHAP3	-1.44893825650649
ZFYVE9	-1.45155172682063
EXOSC2	-1.45678179189345
FNBP1P1	-1.45766550749154
ZNF326	-1.45948263102601
LYRM4	-1.4596550737582
MT-ND4	-1.4614092842611
ODC1	-1.46185501918082
NPAS2	-1.462234021255
ZNF876P	-1.46612466533089
PCDHGB3	-1.46712495199219
CHIT1	-1.46988267737437
MRPS22	-1.47182382776888
C1orf198	-1.4738685405774
RBM4B	-1.47615096105694
CNBD2	-1.47746366812056
CELSR2	-1.47750465219105
PRKAG2	-1.47938580714705
HRNR	-1.48770025672909
COQ4	-1.48952395813295
CISH	-1.49070056457056
ZMAT1	-1.4918914097024
SLX1B	-1.49191948444814
MANEAL	-1.49207815631854
ABCA2	-1.49255296477459
H2AC25	-1.4932160899248
AP4B1	-1.49417597400472
RNASEH2C	-1.50144638925874
SGPL1	-1.50266518090132
NCF4	-1.50386541676963
FBXL6	-1.50930201772226
UBXN11	-1.51064323433331
FAM76B	-1.51191137526587
APOBEC3B	-1.51408558378925
CMTM4	-1.51538964630637
ZNF391	-1.51571012382042
MPHOSPH6	-1.51650561567067
TARDBP	-1.52245630555047
TADA3	-1.52872728564601
PCNA	-1.53293893069109
IMPDH1	-1.53536919154347
CENPS-CORT	-1.53708270737677
TMA7	-1.53791764232125
PAFAH1B3	-1.54351177335229
LRRC3	-1.5451251434362
ERVK3-1	-1.54627525818031
FOXO1	-1.5516617929563
ICMT	-1.55214823781507
METRNL	-1.55245188799962
RPL3P4	-1.55436405899605
MRPL27	-1.55505319732815
E2F3	-1.55668290487826
ZNF74	-1.55741729015217
PEBP1	-1.5580806850034
BEST1	-1.56414427929982
UTP14A	-1.56921020073457
FTCDNL1	-1.57141410330314
MT-CYB	-1.57379108794626
SKI	-1.57879710911287
DNMT3B	-1.58001189969018
ULBP3	-1.58154595557358
RCN2	-1.58330639722916
PABPN1	-1.586127107635
DDX39B	-1.58909625416361
TRIM52	-1.59464529622892
NDOR1	-1.59534228983454
PILRB	-1.59590735733206
TTC31	-1.60491119614784
PDCL3P2	-1.60625462736697
IL12A	-1.60787848288046
WWOX	-1.60810017318444
TMEM237	-1.60892272494633
AGPAT1	-1.60954762193772
NAT1	-1.61327724180598
RPL9	-1.61508818408795
PDZD11	-1.61560361362726
TRGV5P	-1.61636866646094
CAT	-1.61938455056208
HSD17B8	-1.61972057956327
MICALL2	-1.61988097353788
DGCR8	-1.62044413169919
YPEL1	-1.6226227030246
PPDPF	-1.62334201223454
MRTO4	-1.62346300494657
SRSF2	-1.62358599757036
TAF7	-1.62524398900537
ALG1	-1.62921273947261
TUFT1	-1.63653092758404
ZNF428	-1.63813150386174
OR7E38P	-1.64763281743775
MAGI1	-1.6531745003012
IPO5P1	-1.65419446356342
CCAR1	-1.65586874578274
PIDD1	-1.6573347294999
TUBB4B	-1.65787050156008
SLC18A2	-1.66336028403908
ABCC5	-1.66364151199749
TRIM45	-1.66629844650905
SPR	-1.66835157865369
NUDT1	-1.67771349610409
MT-ND4L	-1.67787111417091
NSMCE4A	-1.68009734905018
ZDHHC1	-1.68379963579602
MT-ND6	-1.68861169824505
RNPEP	-1.69090902041325
GALNT18	-1.6949869870276
NELFCD	-1.70197884778895
FOXD1	-1.71264757156487
HS6ST1	-1.71393880087928
PABIR2	-1.71700286112994
OGG1	-1.71736912413907
AP2A2	-1.72726058183489
NUDT14	-1.73007703124748
SYNGR1	-1.73247122135037
HEXIM1	-1.73716751729226
AKAP1	-1.74100299590845
USP31	-1.7487338258362
ARSD	-1.75128612347049
DYNLL1	-1.77392814571349
CCDC66	-1.77421840946575
SH2D3A	-1.77592884284871
EID2B	-1.77593827125443
GPRIN1	-1.78057643916282
MT-CO2	-1.78120410793888
FANCG	-1.78980842688606
PAQR3	-1.79153399140275
SPATA20	-1.79414718668884
ARSA	-1.79639590767282
GSS	-1.79955847504937
S100A10	-1.79986324780781
C9orf78	-1.80242903079593
H4C15	-1.80635055905523
NOM1	-1.80865664976522
OCLN	-1.81034402979537
SMTN	-1.81486607426053
RPS2P17	-1.82102304810671
HSPA2	-1.82805030899263
C22orf46P	-1.82815187888543
FOXH1	-1.83446027704276
HMGB3	-1.84211021211874
TRIP6	-1.84982897410698
LAMA5	-1.85170990139035
SLC25A37	-1.85182980454432
NFATC2IP	-1.8521772435712
EPB41L4A	-1.85312803330846
LRRIQ3	-1.87059071523362
NPTXR	-1.87789113405145
KIF16B	-1.92750659559288
WFIKKN1	-1.94376398796213
HAUS4	-1.96730342490035
SLC25A23	-1.9757930265798
AGAP9	-1.97733389382768
NPIPP1	-1.9965743691815
ANKRD9	-2.00662093499499
SNRNP48	-2.06017710426756
MYO5C	-2.07071788449287
NUDT7	-2.09475338660787
MT-CO3	-2.10715255744905
CFAP44	-2.11974759897799
MT-ATP6	-2.17461961211518
NXF1	-2.1892098936552
RPS24	-2.19289980629926
ANKMY2	-2.19309541509799
MT-ATP8	-2.24163119734449
SULT1A4	-2.33826260476135
AGPAT2	-2.3584944074449
GLTP	-2.37339228338634
PYURF	-2.4291688470117
MAP6D1	-2.46260243593949
ARHGAP42	-2.49317323635864
IRAK1	-2.49994636984248
STRADB	-2.51284779910265
GRAP2	-2.69549738953455
PKP4	-2.77848448061748
SCD5	-2.79899582990447
PRDX2	-2.8291288513098
HRAS	-2.94682165968849
TRGV4	-3.21941660546821
TRGV5	-3.41879947846113
TRGV3	-3.45995595222956
TAS2R20	-3.85766748414824
RNF5	-5.15321402854741
