ID,Description,setSize,enrichmentScore,NES,pvalue,p.adjust,qvalue,rank,leading_edge,core_enrichment
REACTOME_RRNA_PROCESSING,REACTOME_RRNA_PROCESSING,200,-0.562446851,-2.563606162,1.00E-10,2.27E-08,1.70E-08,5447,"tags=64%, list=30%, signal=45%",TEX10/NAT10/RPS7/RPL12/MRM3/RPL39/RPS26/RPS20/WDR75/WDR3/RPL6/RPL26L1/RPL3/DHX37/EBNA1BP2/RRP36/RPL9/RPS14/RPS8/ELAC2/NOP10/RPL36A/RPL5/RPS10/RBM28/MTREX/BYSL/RPS25/RPS18/DIMT1/DDX52/RRP1/MRM1/RPS23/RRP7A/UTP25/RPL24/EXOSC8/RPL37/FTSJ3/NHP2/UTP4/RPS27A/RPP14/RPL37A/PNO1/RPP38/BMS1/RPS24/GAR1/RIOK1/ISG20L2/RPS13/RPS11/RPL8/CSNK1D/RPS12/RPS17/DKC1/RPL32/RPL29/RPS21/MPHOSPH10/RPLP2/UTP3/SENP3/RPS16/THUMPD1/EXOSC2/RPL10A/NOC4L/RPS15/MPHOSPH6/RPL36/RPS6/UTP11/EXOSC3/RPS15A/TSR1/RPL7/RPSA/PELP1/NOL12/RPL31/EXOSC6/RPL23/RPL13A/NOB1/RPL27/UTP6/FCF1/RPL17/TFB1M/RPL36AL/RPL26/NCL/DIS3/RPL10L/UTP18/EXOSC4/UBA52/RPL34/RPL38/RPL14/XRN2/UTP15/RPL35A/IMP3/RPL11/EMG1/NIP7/NOL11/RIOK3/DDX21/EXOSC9/GNL3/EXOSC10/RPL27A/WDR12/RPS3/C1D/BOP1/LTV1/TRMT10C/WDR43/NOP58/RPP25
REACTOME_EUKARYOTIC_TRANSLATION_INITIATION,REACTOME_EUKARYOTIC_TRANSLATION_INITIATION,118,-0.573767684,-2.466381847,1.00E-10,2.27E-08,1.70E-08,5671,"tags=65%, list=31%, signal=45%",RPL22/EIF4H/RPS3A/EIF1AX/EIF3J/RPS7/RPL12/RPL39/RPS26/RPS20/RPL6/RPL26L1/RPL3/RPL9/RPS14/EIF2B4/RPS8/RPL36A/RPL5/RPS10/EIF3L/EIF4E/EIF5B/RPS25/RPS18/RPS23/EIF4A1/RPL24/RPL37/RPS27A/RPL37A/EIF3E/RPS24/EIF3D/RPS13/RPS11/RPL8/RPS12/RPS17/RPL32/RPL29/RPS21/RPLP2/RPS16/EIF4B/RPL10A/RPS15/RPL36/EIF3H/RPS6/RPS15A/RPL7/RPSA/RPL31/EIF2S3/RPL23/RPL13A/RPL27/RPL17/RPL36AL/RPL26/RPL10L/EIF2B1/UBA52/RPL34/EIF5/RPL38/RPL14/EIF2B5/RPL35A/EIF2S1/EIF3K/RPL11/EIF3A/RPL27A/RPS3/EIF3B
REACTOME_INFLUENZA_INFECTION,REACTOME_INFLUENZA_INFECTION,155,-0.526226067,-2.339387627,1.00E-10,2.27E-08,1.70E-08,5671,"tags=61%, list=31%, signal=42%",RPL22/CLTC/NUP155/RPS3A/POLR2F/RPS7/RPL12/POLR2J/RPL39/NDC1/RPS26/RPS20/RPL6/RPL26L1/RPL3/CANX/RPL9/RPS14/RPS8/RPL36A/RPL5/RPS10/AAAS/RPS25/RPS18/CLTA/NUP153/NUP160/RPS23/RPL24/KPNA3/POLR2C/RPL37/RPS27A/RPL37A/POLR2D/CPSF4/RPS24/POLR2H/POLR2K/RPS13/POLR2B/RPS11/RPL8/RPS12/RPS17/RPL32/RPL29/RPS21/KPNA5/EIF2AK2/RPLP2/RPS16/NUP85/RPL10A/POM121C/RPS15/RPL36/RPS6/RPS15A/RPL7/RPSA/RPL31/RPL23/RPL13A/GRSF1/RPL27/RANBP2/NUP98/RPL17/RPL36AL/NUP107/RPL26/RAN/RPL10L/NUP42/KPNA1/UBA52/NUP58/RPL34/NUP43/RPL38/RPL14/RPL35A/RPL11/PABPN1/SLC25A6/NUP37/NUP50/RPL27A/RPS3/NUP88/NUP54/GTF2F2/HSP90AA1
REACTOME_PROCESSING_OF_CAPPED_INTRON_CONTAINING_PRE_MRNA,REACTOME_PROCESSING_OF_CAPPED_INTRON_CONTAINING_PRE_MRNA,283,-0.486444241,-2.307747917,1.00E-10,2.27E-08,1.70E-08,4990,"tags=49%, list=28%, signal=36%",DNAJC8/LSM7/U2AF2/DHX15/HTATSF1/CDC5L/LUZP4/TFIP11/SNRNP70/SNRPB/PPIL1/AAAS/EIF4E/MTREX/YJU2/CSTF2T/SNRNP35/SF3B4/NUP153/HNRNPA1/CLP1/SF3B2/NUP160/THOC7/RNPS1/SRSF9/DDX42/DHX38/ZCRB1/HNRNPH2/PHF5A/LSM4/PCF11/POLR2C/LSM6/UBL5/HNRNPA3/GCFC2/ZMAT2/SDE2/RBMX/SMU1/CWC22/CSTF1/MAGOH/FYTTD1/LSM2/POLR2D/CPSF4/LSM8/PPP1R8/WTAP/SRSF5/CSTF3/DDX5/POLR2H/POLR2K/PRPF6/CDC40/POLR2B/SNRNP27/PPIL4/DHX9/SNRPD1/SUGP1/CHERP/SNRPD3/FAM50A/PTBP1/HNRNPH1/SMNDC1/METTL14/PRP4K/DHX35/NUP85/POM121C/METTL3/SRSF2/HNRNPD/CSTF2/SAP18/SNIP1/HNRNPU/SNRPB2/RANBP2/STEEP1/PRPF40A/NUP98/PRPF19/NCBP1/CWC25/BCAS2/NUP107/SRSF10/SLU7/NUP42/NUDT21/WDR33/NXF1/NUP58/DDX46/THOC3/CPSF6/NUP43/PPIL2/PRPF38A/HNRNPM/HNRNPF/SRSF4/HNRNPK/U2SURP/LSM5/PAPOLA/GLE1/PPWD1/PABPN1/SYF2/GPATCH1/NUP37/SRSF1/RBM17/RNF113A/NUP50/SLBP/SF3A3/NCBP2/WBP4/NUP88/CRNKL1/NUP54/GTF2F2/AQR/PRPF8/CPSF2/PCBP1/IK/U2AF1/FUS
REACTOME_TRANSLATION,REACTOME_TRANSLATION,290,-0.478484245,-2.269397154,1.00E-10,2.27E-08,1.70E-08,5274,"tags=53%, list=29%, signal=38%",MRPL14/MRPS31/RPL39/RPS26/MRPL41/RPS20/RPL6/RPL26L1/RPL3/SPCS1/MRPS23/RPL9/EEF1G/MRPL33/RPS14/MRPS33/EIF2B4/MRPL13/MRPS22/RPS8/MRPL22/MRPL19/RPL36A/RPL5/RPS10/EIF3L/EIF4E/NARS1/MTFMT/EIF5B/RPS25/RPS18/RPS23/YARS2/EEF2/EIF4A1/TSFM/RPL24/MRPL20/MRPL16/MRPL23/EEF1E1/RPL37/MRPS15/MRPL21/ETF1/LARS2/RPS27A/MRPL50/RPL37A/EIF3E/RPS24/TUFM/GFM1/EIF3D/RPS13/GSPT1/RPS11/MRPL32/RPL8/HARS1/RPS12/RPS17/GADD45GIP1/MTIF3/RPL32/RPL29/MRPL39/RPS21/EEF1A2/RPLP2/FARSB/CHCHD1/MRPL49/MRPL40/RPS16/MRPL1/SRP54/EIF4B/RPL10A/PTCD3/RPS15/MRPL57/MRPS34/RPL36/EIF3H/RPS6/ERAL1/RPS15A/RPL7/RPSA/SEC61G/MRRF/MARS2/FARSA/MRPS12/DARS2/RPL31/MRPL53/AURKAIP1/EIF2S3/MRPL48/RPL23/RPL13A/RPL27/KGD4/MRPL28/RPL17/MRPL35/RPL36AL/EARS2/RPL26/RPL10L/MRPS17/MRPL34/MRPL3/MRPL27/EIF2B1/UBA52/RPL34/MRPL15/MRPL44/EIF5/RPL38/MRPL17/RPL14/MRPS35/RARS1/QARS1/EIF2B5/RPL35A/MRPL47/EIF2S1/DARS1/EIF3K/RPL11/MRPS25/MRPL42/MRPS30/MTRF1L/EIF3A/MRPS28/MTIF2/RPL27A/MRPL43/RPS3/PPA1/MRPS18A/MRPS18C/MRPL18/MRPS18B/MRPL12/EIF3B/MRPS5/MRPS16
REACTOME_MRNA_SPLICING,REACTOME_MRNA_SPLICING,212,-0.490644018,-2.26191004,1.00E-10,2.27E-08,1.70E-08,6080,"tags=59%, list=34%, signal=40%",SF3A1/HNRNPL/PQBP1/RBMX2/CWF19L2/TRA2B/SRSF11/ISY1/SF1/TXNL4A/RBM22/EFTUD2/SF3B6/DHX16/PRPF18/LENG1/PLRG1/BUD31/SRSF3/POLR2F/FAM32A/EIF4A3/PPIG/NSRP1/POLR2J/WBP11/DNAJC8/LSM7/U2AF2/DHX15/HTATSF1/CDC5L/TFIP11/SNRNP70/SNRPB/PPIL1/MTREX/YJU2/SNRNP35/SF3B4/HNRNPA1/SF3B2/RNPS1/SRSF9/DDX42/DHX38/ZCRB1/HNRNPH2/PHF5A/LSM4/POLR2C/LSM6/UBL5/HNRNPA3/GCFC2/ZMAT2/SDE2/RBMX/SMU1/CWC22/MAGOH/LSM2/POLR2D/LSM8/PPP1R8/SRSF5/DDX5/POLR2H/POLR2K/PRPF6/CDC40/POLR2B/SNRNP27/PPIL4/DHX9/SNRPD1/SUGP1/CHERP/SNRPD3/FAM50A/PTBP1/HNRNPH1/SMNDC1/PRP4K/DHX35/SRSF2/HNRNPD/SAP18/SNIP1/HNRNPU/SNRPB2/STEEP1/PRPF40A/PRPF19/NCBP1/CWC25/BCAS2/SRSF10/SLU7/DDX46/PPIL2/PRPF38A/HNRNPM/HNRNPF/SRSF4/HNRNPK/U2SURP/LSM5/PPWD1/SYF2/GPATCH1/SRSF1/RBM17/RNF113A/SF3A3/NCBP2/WBP4/CRNKL1/GTF2F2/AQR/PRPF8/PCBP1/IK/U2AF1/FUS
REACTOME_NONSENSE_MEDIATED_DECAY_NMD,REACTOME_NONSENSE_MEDIATED_DECAY_NMD,114,-0.546960021,-2.339508064,2.96E-10,5.39E-08,4.04E-08,5518,"tags=62%, list=31%, signal=43%",RPS3A/UPF1/EIF4A3/RPS7/RPL12/RPL39/RPS26/RPS20/RPL6/RPL26L1/RPL3/SMG8/DCP1A/RPL9/RPS14/RPS8/RPL36A/RPL5/RPS10/RPS25/RPS18/RPS23/RNPS1/RPL24/RPL37/ETF1/RPS27A/RPL37A/MAGOH/RPS24/RPS13/GSPT1/PPP2CA/RPS11/RPL8/RPS12/RPS17/RPL32/RPL29/RPS21/RPLP2/PPP2R1A/RPS16/RPL10A/RPS15/RPL36/RPS6/UPF3A/RPS15A/RPL7/RPSA/RPL31/RPL23/RPL13A/RPL27/RPL17/NCBP1/SMG5/RPL36AL/RPL26/RPL10L/UBA52/RPL34/RPL38/RPL14/RPL35A/RPL11/PNRC2/RPL27A/NCBP2/RPS3
REACTOME_AEROBIC_RESPIRATION_AND_RESPIRATORY_ELECTRON_TRANSPORT,REACTOME_AEROBIC_RESPIRATION_AND_RESPIRATORY_ELECTRON_TRANSPORT,254,-0.427356226,-2.008356126,3.17E-10,5.39E-08,4.04E-08,4079,"tags=39%, list=23%, signal=31%",NDUFS1/NDUFA11/COQ10B/ATP5ME/TMEM126A/TACO1/COX20/ATP5F1A/SFXN4/PET117/RPS27A/HIGD1A/COX4I1/PDHB/LYRM7/COX15/NDUFA1/SDHB/NDUFA4/UQCC6/UQCRB/UQCRC1/HSCB/MT-ND3/COX7A2/ATP5MG/ATP5PD/ATP5MK/DLST/SCO2/NDUFC1/CSKMT/UQCRC2/NDUFB7/HIGD2A/RANBP9/COX7B/SDHAF2/FOXRED1/COX5B/SDHA/NDUFA10/ATP5F1C/NDUFS5/KGD4/ATP5PF/L2HGDH/MPC1/NDUFAF4/NDUFV2/TIMM21/COX6A1/ATP5MC3/COX8A/NDUFB3/COX5A/NDUFAF8/COX17/COX6C/NDUFA9/UBA52/HSPA9/DMAC2L/MT-CO2/COX11/NDUFB10/ACO2/ATP5F1B/NDUFA8/UQCRH/MT-ATP8/VDAC1/MT-CYB/ATP5MC1/UQCRFS1/UQCR11/IDH3A/NDUFB5/NDUFAF7/CS/NDUFAB1/MT-ATP6/NNT/SLC25A4/SUCLG1/MAEA/ATP5PB/SLC25A14/SLC25A11/DLAT/CYCS/NDUFV1/COX7A1/MT-CO3/PDHA1/NDUFA5/SDHD/LDHA/PDK3
REACTOME_MITOCHONDRIAL_TRANSLATION,REACTOME_MITOCHONDRIAL_TRANSLATION,94,-0.580489993,-2.392935302,5.76E-10,8.69E-08,6.53E-08,4887,"tags=64%, list=27%, signal=47%",MRPS23/MRPL33/MRPS33/MRPL13/MRPS22/MRPL22/MRPL19/MTFMT/TSFM/MRPL20/MRPL16/MRPL23/MRPS15/MRPL21/MRPL50/TUFM/GFM1/MRPL32/GADD45GIP1/MTIF3/MRPL39/CHCHD1/MRPL49/MRPL40/MRPL1/PTCD3/MRPL57/MRPS34/ERAL1/MRRF/MRPS12/MRPL53/AURKAIP1/MRPL48/KGD4/MRPL28/MRPL35/MRPS17/MRPL34/MRPL3/MRPL27/MRPL15/MRPL44/MRPL17/MRPS35/MRPL47/MRPS25/MRPL42/MRPS30/MTRF1L/MRPS28/MTIF2/MRPL43/MRPS18A/MRPS18C/MRPL18/MRPS18B/MRPL12/MRPS5/MRPS16
REACTOME_GPCR_LIGAND_BINDING,REACTOME_GPCR_LIGAND_BINDING,337,0.396593886,1.909070721,8.73E-10,1.19E-07,8.90E-08,3843,"tags=39%, list=21%, signal=32%",GRM8/TAC3/FZD9/PTGFR/GNG2/TACR3/ADRA2B/PROK2/NTSR1/CX3CL1/RLN2/SCTR/CRHR2/EDNRA/PLPPR5/HTR1B/QRFPR/BDKRB2/CXCL6/APLN/PTGER4/GALR3/ADRB2/ADCYAP1R1/C5AR2/PTGER3/PROKR2/PSAP/GPR39/CXCR2/ADM2/LPAR6/SSTR3/PTGER2/OPRD1/WNT2B/S1PR2/PLPPR2/ACKR1/CCK/CCKBR/INSL3/GPR37L1/CALCB/AVPR2/CXCR4/WNT8B/GPER1/NTS/AVPR1B/GPR143/GLP1R/FZD2/P2RY2/PTGIR/ACKR3/AGT/F2RL2/NMUR2/OXGR1/GRM3/TAC1/GRM5/GPR17/RAMP2/PDYN/GHRL/FFAR3/GPR68/P2RY6/WNT16/CALCRL/GNG4/ADRB3/ADORA2B/MLNR/PRLHR/DRD5/HTR6/CCL22/WNT7A/OXT/APLNR/XCL1/VIPR1/MCHR1/WNT3A/WNT2/AVPR1A/HTR1E/EDN2/DRD3/FZD7/CCL25/GNG8/NMUR1/GRM1/CASR/ADORA1/ADRB1/PENK/PTGDR/CCR1/GNGT2/BDKRB1/ADCYAP1/RAMP3/TBXA2R/HTR1A/CALCA/PTH2/LPAR2/ADGRE5/GRM7/DRD2/KISS1/FZD1/APP/CMKLR1/C5/ADRA2C/CCR8/PLPPR4/HTR7/LPAR5/ADM/CXCL3/LPAR4/SST/S1PR3/PTHLH/AVP/ADGRE2
REACTOME_EUKARYOTIC_TRANSLATION_ELONGATION,REACTOME_EUKARYOTIC_TRANSLATION_ELONGATION,92,-0.575705149,-2.371438379,1.21E-09,1.50E-07,1.13E-07,6102,"tags=71%, list=34%, signal=47%",RPL22L1/RPL28/RPS27L/RPL15/RPL4/RPL22/RPS3A/RPS7/RPL12/RPL39/RPS26/RPS20/RPL6/RPL26L1/RPL3/RPL9/EEF1G/RPS14/RPS8/RPL36A/RPL5/RPS10/RPS25/RPS18/RPS23/EEF2/RPL24/RPL37/RPS27A/RPL37A/RPS24/RPS13/RPS11/RPL8/RPS12/RPS17/RPL32/RPL29/RPS21/EEF1A2/RPLP2/RPS16/RPL10A/RPS15/RPL36/RPS6/RPS15A/RPL7/RPSA/RPL31/RPL23/RPL13A/RPL27/RPL17/RPL36AL/RPL26/RPL10L/UBA52/RPL34/RPL38/RPL14/RPL35A/RPL11/RPL27A/RPS3
REACTOME_CLASS_A_1_RHODOPSIN_LIKE_RECEPTORS,REACTOME_CLASS_A_1_RHODOPSIN_LIKE_RECEPTORS,230,0.43563989,2.026879294,2.18E-09,2.47E-07,1.85E-07,3839,"tags=42%, list=21%, signal=33%",TAC3/PTGFR/TACR3/ADRA2B/PROK2/NTSR1/CX3CL1/RLN2/EDNRA/PLPPR5/HTR1B/QRFPR/BDKRB2/CXCL6/APLN/PTGER4/GALR3/ADRB2/C5AR2/PTGER3/PROKR2/PSAP/GPR39/CXCR2/LPAR6/SSTR3/PTGER2/OPRD1/S1PR2/PLPPR2/ACKR1/CCK/CCKBR/INSL3/GPR37L1/AVPR2/CXCR4/GPER1/NTS/AVPR1B/GPR143/P2RY2/PTGIR/ACKR3/AGT/F2RL2/NMUR2/OXGR1/TAC1/GPR17/PDYN/GHRL/FFAR3/GPR68/P2RY6/ADRB3/ADORA2B/MLNR/PRLHR/DRD5/HTR6/CCL22/OXT/APLNR/XCL1/MCHR1/AVPR1A/HTR1E/EDN2/DRD3/CCL25/NMUR1/ADORA1/ADRB1/PENK/PTGDR/CCR1/BDKRB1/TBXA2R/HTR1A/LPAR2/DRD2/KISS1/APP/CMKLR1/C5/ADRA2C/CCR8/PLPPR4/HTR7/LPAR5/CXCL3/LPAR4/SST/S1PR3/AVP
REACTOME_RESPIRATORY_ELECTRON_TRANSPORT,REACTOME_RESPIRATORY_ELECTRON_TRANSPORT,156,-0.47412534,-2.109722865,3.05E-09,3.19E-07,2.40E-07,5538,"tags=54%, list=31%, signal=38%",NDUFS3/TTC19/MT-CO1/MDH2/UQCC3/COX6B1/NDUFB9/CYC1/MT-ND4/NDUFS7/LYRM2/NDUFA2/COX14/COX18/UQCC1/FXN/NDUFA7/COX19/NDUFB4/NDUFA6/MT-ND2/TMEM223/SLC25A12/NDUFS1/NDUFA11/COQ10B/TMEM126A/TACO1/COX20/SFXN4/PET117/HIGD1A/COX4I1/LYRM7/COX15/NDUFA1/SDHB/NDUFA4/UQCC6/UQCRB/UQCRC1/HSCB/MT-ND3/COX7A2/SCO2/NDUFC1/UQCRC2/NDUFB7/HIGD2A/COX7B/FOXRED1/COX5B/SDHA/NDUFA10/NDUFS5/NDUFAF4/NDUFV2/TIMM21/COX6A1/COX8A/NDUFB3/COX5A/NDUFAF8/COX17/COX6C/NDUFA9/HSPA9/MT-CO2/COX11/NDUFB10/NDUFA8/UQCRH/MT-CYB/UQCRFS1/UQCR11/NDUFB5/NDUFAF7/NDUFAB1/SLC25A11/CYCS/NDUFV1/COX7A1/MT-CO3/NDUFA5/SDHD
REACTOME_TRANSCRIPTIONAL_REGULATION_BY_TP53,REACTOME_TRANSCRIPTIONAL_REGULATION_BY_TP53,350,-0.377603952,-1.826201118,4.36E-09,4.23E-07,3.17E-07,4034,"tags=36%, list=22%, signal=28%",TAF12/MAPKAPK5/MEAF6/TAF2/POLR2C/E2F4/TTC5/CREBBP/PRDX1/NPM1/RPS27A/KAT5/RBL1/TAF1/COX4I1/TP53BP2/HDAC2/TOP3A/POLR2D/E2F8/PTEN/PIP4P1/BARD1/POLR2H/POLR2K/CTDP1/POLR2B/PPP2CA/NDUFA4/RRAGC/FANCD2/COX7A2/EP300/TBP/PRKAA1/TP53RK/ELOA/GSR/PPP2R1A/SCO2/RFC2/CNOT7/SFN/CRADD/CCNT2/AURKA/NELFA/CDKN1B/CHEK1/CCNA2/TRIAP1/RFC3/COX7B/BRIP1/CCNH/COX5B/CHM/YWHAG/CNOT2/NELFCD/KAT6A/MBD3/TAF4B/COX6A1/PRKAG2/PRKAG1/SMYD2/TAF9/COX8A/AGO1/CHD3/COX5A/MRE11/TAF11/LAMTOR3/GTF2H3/COX6C/UBA52/NBN/CCNB1/ARID3A/MAPK11/CCNA1/MT-CO2/JMY/MOV10/NOC2L/BRCA1/EHMT1/HUS1/DNA2/CHEK2/TOPBP1/EXO1/AGO2/MNAT1/PCBP4/GPI/CDK7/RMI1/PDPK1/GTF2F2/MSH2/MDM2/CDK5/HIPK1/RRAGA/GTF2H1/HIPK2/CYCS/USP7/MAPKAP1/E2F1/PCNA/TCEA1/COX7A1/MT-CO3/PIP4K2A/CASP6/TNRC6A/GLS/PPP2R1B/SGK1/AKT1/RABGGTB/RRAGD
REACTOME_CELL_CYCLE_CHECKPOINTS,REACTOME_CELL_CYCLE_CHECKPOINTS,269,-0.403894884,-1.900732526,9.03E-09,8.18E-07,6.14E-07,5161,"tags=44%, list=29%, signal=32%",YWHAQ/CENPM/H2BC14/PSMD13/CENPS/ORC6/BUB1B/PSMC5/UBE2V2/MAD2L1/PSMA4/PSMA3/ZWINT/PSMB6/CLASP1/CCNE1/PAFAH1B1/PPP2R5B/PSMD7/ANAPC4/ORC2/H4C8/YWHAZ/KNL1/NUP160/PLK1/RFC5/BLM/H2BC4/SGO2/PMF1/RPS27A/KAT5/CDC27/H4C14/TOP3A/TAOK1/BARD1/UIMC1/PPP2CA/ANAPC7/PSMA5/UBE2E1/H2AX/UBE2D1/CENPH/ZWILCH/UBE2N/RNF168/RCC2/CENPK/PPP2R1A/CDC16/RFC2/NUP85/ORC1/SFN/ANAPC15/DYNLL1/CDKN1B/H2BC17/CDC6/PSMA6/CHEK1/NUF2/CCNA2/MAPRE1/PSMC2/RFC3/BRIP1/CDC25A/DYNC1LI2/RANBP2/YWHAG/NSL1/CDC45/SPDL1/NUP98/KNTC1/CENPU/NUP107/CENPP/PSMD12/MCM6/PSMC6/PSMD6/MRE11/PPP1CC/DSN1/UBA52/NBN/DYNC1LI1/CCNB1/CLIP1/NUP43/MIS12/MCM10/CCNA1/ANAPC5/ANAPC2/BRCA1/HUS1/DNA2/PKMYT1/CHEK2/TOPBP1/H2BC15/EXO1/NUP37/MCM2/PCBP4/MCM7/HERC2/RMI1/MDM2/CDC7/CENPQ/MCM4/PPP2R1B
REACTOME_TRNA_PROCESSING,REACTOME_TRNA_PROCESSING,108,-0.518795399,-2.211567923,2.20E-08,1.76E-06,1.32E-06,5241,"tags=55%, list=29%, signal=39%",ZBTB8OS/NDC1/LAGE3/TRMT44/TSEN34/QTRT1/ELAC2/CTU1/C2orf49/AAAS/NUP153/CLP1/QTRT2/NUP160/TYW5/WDR4/RPP14/RPP38/CPSF4/TSEN2/DDX1/TRMT61A/DUS2/TPRKB/TP53RK/OSGEP/NUP85/PUS1/POM121C/POP1/FAM98B/CSTF2/ADAT2/POP7/RANBP2/NUP98/POP4/NUP107/RAN/NUP42/TRMU/NUP58/NUP43/LCMT2/URM1/NSUN2/NUP37/THG1L/NUP50/NUP88/POP5/NUP54/TRMT13/TRMT6/PUS7/TRDMT1/TRMT10C/ADAT3/RPP25
REACTOME_SUMOYLATION,REACTOME_SUMOYLATION,182,-0.445911324,-2.02776303,2.17E-08,1.76E-06,1.32E-06,3856,"tags=42%, list=21%, signal=34%",H4C8/NUP153/NUP160/SMC6/SIN3A/BLM/PHC3/CREBBP/NPM1/NSMCE2/H4C14/HDAC2/VHL/DDX5/IKBKG/PPARGC1A/CBX8/EP300/PHC2/RNF168/EIF2AK2/NUP85/POM121C/AURKA/NR1H2/ZNF131/NFKBIA/PIAS1/RANBP2/HIC1/NUP98/THRA/NUP107/SMC3/CHD3/NUP42/RING1/ZNF350/RORA/NCOA2/NR2C1/NUP58/SAFB/NUP43/STAG2/HNRNPK/BRCA1/UBA2/AR/TFAP2A/DNMT3B/CBX2/XRCC4/NUP37/PIAS2/TOPORS/NR3C1/EID3/NUP50/HERC2/ESR1/NUP88/NUP54/SUZ12/MDM2/THRB/HIPK2/STAG1/NCOA1/PCNA/TDG/ZBED1/NOP58/TFAP2C/TRIM27/NR5A2/SATB2
REACTOME_DNA_REPAIR,REACTOME_DNA_REPAIR,320,-0.372611005,-1.784785608,2.53E-08,1.91E-06,1.44E-06,4247,"tags=35%, list=24%, signal=27%",COPS4/RFC5/RAD23B/BLM/NPLOC4/PMS2/POLK/H2BC4/SPRTN/POLR2C/PPP5C/RPS27A/KAT5/UNG/H4C14/TOP3A/POLR2D/BARD1/UIMC1/POLR2H/DCLRE1B/POLR2K/POLR2B/PPP4C/H2AX/FANCD2/INO80B/CENPX/UBE2T/UBE2N/POLE/COPS5/FAAP100/RNF168/GEN1/RFC2/COPS7A/DCLRE1A/SPIDR/PALB2/H2BC17/ERCC4/CHEK1/CCNA2/RFC3/TINF2/BRIP1/CCNH/MAPK8/COPS2/INO80D/PIAS1/RUVBL1/TIPIN/PRPF19/POLE2/MSH6/XRCC3/XPA/RAD18/RFC1/PRKDC/USP1/MRE11/GTF2H3/SLX4/SMARCA5/UBA52/NBN/ADPRS/PAXIP1/CCNA1/RNF4/BRCA1/HUS1/DNA2/CHEK2/TOPBP1/RAD51/XRCC5/APEX1/H2BC15/USP43/EXO1/XRCC4/KDM4B/BAZ1B/UBE2B/MNAT1/SMUG1/H2AJ/FEN1/INO80/RAD51AP1/HERC2/ERCC5/PPP4R2/MAD2L2/CDK7/RMI1/MSH2/TERF1/EYA1/AQR/GTF2H1/USP7/MPG/PCNA/XRCC2/TDG/TCEA1/RIF1/TRIM25
REACTOME_EPIGENETIC_REGULATION_OF_GENE_EXPRESSION,REACTOME_EPIGENETIC_REGULATION_OF_GENE_EXPRESSION,301,-0.379403877,-1.812125041,6.23E-08,4.46E-06,3.34E-06,4641,"tags=39%, list=26%, signal=30%",H3C8/DPF3/MYBBP1A/UHRF1/MTREX/TAF1C/MED4/SETD1B/ZNF708/ZCCHC8/H4C8/BCL7B/ZNF610/ZNF273/SIN3A/HCFC2/TET3/BOD1L1/SIN3B/H2BC4/ZNF30/POLR1B/KANSL3/ZNF816/CREBBP/H3C1/H4C14/HDAC2/PHF19/ZNF454/SMARCE1/POLR2H/POLR2K/ARID1B/TBL1XR1/PPARGC1A/POLR1F/H2AX/YEATS2/UBTF/EP300/TBP/TAF1B/MED31/MED1/ZNF418/AGPAT2/GPAM/MED17/RB1/WDR5/H2BC17/ZNF224/SIRT1/SMARCA2/H3-3B/NCOA3/CCNH/SAP18/SMARCC1/ZNF765/TTF1/SUDS3/MBD3/ZNF534/PSIP1/MED14/CHD3/DEK/GTF2H3/PLIN2/CCNC/SMARCA5/DR1/CBX3/NCOA2/WDR82/H3C6/ZNF28/PAXIP1/MPHOSPH8/MED24/SAP30L/AEBP2/SMARCD2/EZH2/EHMT1/MED6/H2BC15/DNMT3B/MBD2/BAZ1B/MNAT1/H2AJ/KMT2C/PAGR1/DDX21/PHF20L1/TBL1X/CDK7/ASH2L/JARID2/ZNF680/SUZ12/PPHLN1/CDK5/PPARGC1B/CEBPA/GTF2H1/SAP30/ZNF257/NCOA1/TET1/TDG/ZNF649/MTA3/SCD5/NCOA4
REACTOME_EXTRACELLULAR_MATRIX_ORGANIZATION,REACTOME_EXTRACELLULAR_MATRIX_ORGANIZATION,290,0.385078647,1.821924322,8.79E-08,5.69E-06,4.27E-06,4339,"tags=47%, list=24%, signal=36%",HSPG2/PDGFB/FBN1/JAM2/ITGA5/ITGA6/SH3PXD2A/ELN/COL9A1/BGN/PSEN1/P3H1/TIMP1/LOXL2/CAPN13/SNTA1/P3H3/NID2/TLL1/THBS1/COLGALT2/SGCA/DRP2/ITGA4/PECAM1/MMP16/PCOLCE/ITGA7/LOXL1/COL2A1/COLGALT1/MMP9/MMP2/AGRN/MATN4/CAPN11/COL16A1/PLOD1/ITGB7/LAMB2/CAPN8/ITGB3/ICAM5/CAPN2/LTBP4/ADAM17/LOXL4/SSPN/MFAP2/ADAMTS4/VTN/PPIB/CAPN7/NCSTN/SCUBE1/SDC3/ACTA2/OPTC/NRXN1/ACTN1/FBLN2/MFAP4/COL8A2/ITGA3/P4HA3/ADAM9/VCAM1/COL6A3/MATN3/TGFB1/COL23A1/COL15A1/CD44/DAG1/LAMA5/ICAM2/PLOD3/DMP1/ACTB/DDR2/TMPRSS6/TNC/ACTG2/LAMB3/ADAM12/ITGAX/COL1A1/COL24A1/CAPN9/SPARC/LTBP2/ITGB2/COL4A3/SGCB/COL14A1/LOX/CAST/ITGA10/ITGB8/COL19A1/ITGB4/COL26A1/SPOCK3/F11R/NCAM1/FMOD/COL25A1/COL6A5/MMP19/APP/COL3A1/COL18A1/CTSL/COL17A1/GDF5/COL1A2/COL5A3/MMP15/DTNA/ITGB1/ACTC1/CAPN12/ITGAL/COL11A1/LTBP3/SERPINE1/COL11A2/CEACAM1/COL4A4/LAMA4/ADAMTS5/EMILIN1/TNN/FGB/ITGAM
REACTOME_M_PHASE,REACTOME_M_PHASE,385,-0.355628594,-1.741894743,8.65E-08,5.69E-06,4.27E-06,5376,"tags=42%, list=30%, signal=30%",TUBA1C/PSMD3/PSMB1/SMC1A/LBR/MZT2A/NDC1/CHMP4B/BLZF1/HAUS2/CENPM/H2BC14/PSMD13/CENPS/BUB1B/TUBB2B/TNPO1/PSMC5/HAUS1/MAD2L1/PSMA4/PSMA3/ZWINT/PSMB6/TUBAL3/CLASP1/NIPBL/EML4/PAFAH1B1/PPP2R5B/H3C8/CSNK2A2/AAAS/CEP70/PSMD7/ANAPC4/CHMP6/CEP41/H4C8/NEK9/NUP153/KNL1/NUP160/PLK1/H2BC4/SGO2/SET/PMF1/CEP78/RPS27A/OFD1/PDS5B/H3C1/CDC27/H4C14/TUBB3/TAOK1/LMNB1/TUBGCP4/MAPK1/SPAST/PPP2CA/ANAPC7/PSMA5/CSNK1D/UBE2E1/H2AX/UBE2D1/CENPH/ZWILCH/RCC2/TUBB/CENPK/NEDD1/SFI1/PPP2R1A/CDC16/CEP43/VRK1/NUP85/WAPL/ANAPC15/POM121C/DYNLL1/RB1/ARPP19/H2BC17/NCAPH/PSMA6/NUF2/H3-3B/MAPRE1/PSMC2/MAU2/TUBA3D/HAUS8/CEP192/CCP110/DYNC1LI2/RANBP2/YWHAG/TUBA8/NSL1/VRK2/SPDL1/NUP98/KNTC1/CHMP4C/CENPU/NUP107/CENPP/ESPL1/RAN/SMC3/PSMD12/PSMC6/HAUS6/PSMD6/NUP42/PPP1CC/DSN1/UBA52/DYNC1LI1/NUP58/CCNB1/SSNA1/H3C6/CLIP1/NUP43/MIS12/SDCCAG8/STAG2/ANAPC5/TMPO/NCAPD3/ANAPC2/PDS5A/MCPH1/H2BC15/PLK4/NUP37/H2AJ/CEP76/ENSA/NUP50/NCAPG/NUP88/NUP54/PPP2R2D/TUBB4B/USO1/TUBB6/PRKAR2B/CENPQ/STAG1/SMC2/RCC1/PPP2R1B/HSP90AA1/PRKCA
REACTOME_MITOCHONDRIAL_PROTEIN_IMPORT,REACTOME_MITOCHONDRIAL_PROTEIN_IMPORT,64,-0.587816081,-2.264415005,1.23E-07,7.61E-06,5.71E-06,4928,"tags=62%, list=27%, signal=46%",MTX2/TOMM20/FXN/COX19/SAMM50/SLC25A12/ATP5F1A/TOMM40/TIMM9/PAM16/HSCB/TIMM8B/TIMM10/PMPCB/LDHD/PMPCA/TOMM22/TIMM23/CHCHD10/COA6/TIMM21/COX17/TOMM6/CHCHD4/HSPA9/TIMM8A/ACO2/ATP5F1B/TIMM17A/VDAC1/ATP5MC1/SLC25A6/CHCHD7/HSPD1/CS/SLC25A4/TIMM13/TOMM7/GRPEL1/TOMM70
REACTOME_REGULATION_OF_EXPRESSION_OF_SLITS_AND_ROBOS,REACTOME_REGULATION_OF_EXPRESSION_OF_SLITS_AND_ROBOS,155,-0.451182844,-2.005775899,1.61E-07,9.54E-06,7.16E-06,5518,"tags=56%, list=31%, signal=39%",RPS3A/EIF4A3/RPS7/COL4A5/RPL12/PSMD3/PSMB1/RPL39/RPS26/RPS20/PSMD13/RPL6/RPL26L1/RPL3/PSMC5/PSMA4/PSMA3/RPL9/PSMB6/RPS14/RPS8/RPL36A/RPL5/RPS10/PSMD7/RPS25/RPS18/RPS23/RNPS1/RPL24/RPL37/ETF1/RPS27A/RPL37A/MAGOH/LHX3/RPS24/SLIT1/RPS13/GSPT1/RPS11/RPL8/PSMA5/RPS12/CUL2/RPS17/RPL32/MSI1/RPL29/RPS21/RPLP2/RPS16/RPL10A/RPS15/ROBO2/RPL36/RPS6/UPF3A/RPS15A/RPL7/PSMA6/RPSA/PSMC2/RPL31/USP33/RPL23/RPL13A/RPL27/RPL17/NCBP1/RPL36AL/RPL26/RPL10L/PSMD12/PSMC6/PSMD6/UBA52/RPL34/RPL38/RPL14/ROBO1/RPL35A/RPL11/RPL27A/NCBP2/RPS3/LHX4
REACTOME_G_ALPHA_S_SIGNALLING_EVENTS,REACTOME_G_ALPHA_S_SIGNALLING_EVENTS,133,0.459972881,1.995107255,2.27E-07,1.26E-05,9.45E-06,3958,"tags=46%, list=22%, signal=36%",ITGA5/SHC1/GNG2/PDE2A/GPR20/ADCY7/RLN2/PRKACA/SCTR/CRHR2/ADCY6/PTGER4/ADRB2/ADCYAP1R1/GPR39/ADM2/GPR150/PTGER2/INSL3/CALCB/AVPR2/GPER1/PDE1B/GLP1R/PDE3B/PTGIR/GPR25/PDE4A/ADCY4/RAMP2/CALCRL/GNG4/ADRB3/ADORA2B/DRD5/GRK5/HTR6/VIPR1/GPR27/GNG8/ADRB1/PTGDR/GNGT2/ADCYAP1/RAMP3/ADCY3/CALCA/GPR84/PTH2/SRC/PDE11A/HTR7/ADM/GRK3/GPR83/PRKACB/PTHLH/AVP/ADCY9/ITGB1/PDE4D
REACTOME_SARS_COV_2_HOST_INTERACTIONS,REACTOME_SARS_COV_2_HOST_INTERACTIONS,185,-0.425892868,-1.930919269,2.32E-07,1.26E-05,9.45E-06,5263,"tags=49%, list=29%, signal=35%",TAB3/IL17RA/CNBP/NDC1/RPS26/VPS33B/RPS20/YWHAQ/VPS33A/RPS14/RPS8/PIK3R4/RPS10/SNRPB/BECN1/AAAS/SEC24B/TBK1/TLR7/RPS25/RPS18/NUP153/YWHAZ/NUP160/RPS23/IKBKB/B2M/PATJ/G3BP1/GEMIN2/GJA1/CREBBP/VPS11/RPS27A/GEMIN8/SIKE1/RPS24/TUFM/ATG14/IKBKG/RPS13/RPS11/TRAF3/RPS12/SNRPD1/RPS17/UBE2N/SNRPD3/RPS21/SEC24C/RPS16/NUP85/SFN/POM121C/RPS15/RPS6/RPS15A/GEMIN4/RPSA/DDX20/RANBP2/YWHAG/HSP90AB1/NUP98/NUP107/NUP42/HLA-B/UBA52/NUP58/NUP43/JAK1/NUP37/NUP50/GEMIN7/PIK3C3/RPS3/NUP88/G3BP2/NUP54/PDPK1/CHUK/MAP1LC3B/TOMM70/HLA-F/NLRP12/HSP90AA1/AKT1/HLA-G/HLA-A/RIGI/TRIM25
REACTOME_S_PHASE,REACTOME_S_PHASE,150,-0.438043264,-1.949246709,4.74E-07,2.48E-05,1.86E-05,3802,"tags=38%, list=21%, signal=30%",RPS27A/GINS4/PDS5B/POLA1/CDC27/ANAPC7/PSMA5/UBE2E1/UBE2D1/GINS1/POLE/CDC16/RFC2/WAPL/ORC1/ANAPC15/RB1/CDKN1B/CDC6/PSMA6/CCNA2/PSMC2/RFC3/CCNH/CDC25A/GINS2/CDC45/POLE2/SMC3/RFC1/PSMD12/MCM6/PSMC6/PSMD6/CDT1/LIN54/UBA52/CCNA1/STAG2/ANAPC5/ANAPC2/PDS5A/DNA2/GMNN/MNAT1/CUL1/FEN1/MCM2/MCM7/CDK7/STAG1/E2F1/MCM4/PCNA/ESCO2/AKT1/CCND1
REACTOME_SIGNALING_BY_ROBO_RECEPTORS,REACTOME_SIGNALING_BY_ROBO_RECEPTORS,200,-0.388079126,-1.768846313,1.39E-06,6.97E-05,5.23E-05,5528,"tags=51%, list=31%, signal=36%",PFN2/RPS3A/EIF4A3/RPS7/COL4A5/RPL12/PSMD3/SRGAP3/PSMB1/NELL2/RPL39/RPS26/RPS20/PSMD13/RPL6/RPL26L1/RPL3/PSMC5/PSMA4/PSMA3/RPL9/PSMB6/RPS14/CLASP1/NCK2/RPS8/RPL36A/RPL5/RPS10/PSMD7/RPS25/RPS18/RPS23/RNPS1/RPL24/RPL37/ETF1/RPS27A/RPL37A/MAGOH/LHX3/RPS24/SLIT1/RPS13/GSPT1/RPS11/RPL8/PSMA5/RPS12/CUL2/RPS17/RPL32/MSI1/RPL29/RPS21/RPLP2/RPS16/SOS2/RPL10A/RPS15/ROBO2/RPL36/EVL/RPS6/UPF3A/RPS15A/RPL7/PSMA6/RPSA/PRKAR2A/PSMC2/RPL31/USP33/RPL23/RPL13A/RPL27/NTN1/RPL17/NCBP1/RPL36AL/RPL26/RPL10L/PSMD12/PSMC6/PSMD6/UBA52/RPL34/RPL38/RPL14/ROBO1/SOS1/RPL35A/RPL11/PPP3CB/RPL27A/NCBP2/RPS3/ARHGAP39/PAK2/CXCL12/LHX4/PRKCA
REACTOME_CELLULAR_RESPONSE_TO_STARVATION,REACTOME_CELLULAR_RESPONSE_TO_STARVATION,153,-0.431301181,-1.91881878,1.53E-06,7.18E-05,5.39E-05,5518,"tags=50%, list=31%, signal=35%",RPS3A/ATP6V0B/RPS7/RPL12/RPL39/RPS26/RPS20/RPL6/RPL26L1/RPL3/KICS2/RPL9/RPS14/ATP6V1A/RPS8/RPL36A/RPL5/RPS10/RHEB/RPS25/RPS18/ATP6V1B2/RPS23/RPL24/RPL37/RPS27A/RPL37A/RPS24/RPS13/RPS11/RPL8/RRAGC/RPS12/RPS17/RPL32/RPL29/RPS21/RPLP2/RPS16/RPL10A/EIF2AK4/RPS15/RPL36/RPS6/RPS15A/RPL7/RPSA/CASTOR2/ATP6V1E1/RPL31/FLCN/EIF2S3/DEPDC5/RPL23/RPL13A/RPL27/RPL17/RPL36AL/RPL26/RPL10L/LAMTOR3/UBA52/NPRL3/RPL34/RPL38/RPL14/RPL35A/EIF2S1/RPL11/ATP6V1C1/RPL27A/RPS3/ATP6V1D/RRAGA/ATP6V1G1/ATP6V1H/RRAGD
REACTOME_HIV_INFECTION,REACTOME_HIV_INFECTION,214,-0.393358142,-1.81966867,1.53E-06,7.18E-05,5.39E-05,5349,"tags=46%, list=30%, signal=33%",PSMD3/PSMB1/GTF2B/POLR2J/NDC1/VPS28/CHMP4B/TAF5/PSMD13/PSMC5/PSMA4/PSMA3/PSMB6/ELL/TAF4/RANBP1/AAAS/PSMD7/CHMP6/NUP153/NUP160/CCNT1/B2M/TAF12/TAF2/POLR2C/NPM1/RPS27A/SLC25A5/TAF1/POLR2D/VPS37C/POLR2H/POLR2K/CTDP1/POLR2B/AP1S2/PSMA5/AP1B1/TBP/ELOA/NUP85/POM121C/CCNT2/NELFA/PSMA6/VTA1/PSMC2/CCNH/AP1G1/RANBP2/NELFCD/NUP98/GTF2A1/CHMP4C/NCBP1/TAF4B/NUP107/PSIP1/RAN/TAF9/PSMD12/PSMC6/PSMD6/NUP42/TAF11/KPNA1/GTF2H3/UBA52/NUP58/NUP43/XRCC5/SLC25A6/XRCC4/NUP37/VPS4B/MNAT1/FEN1/TSG101/NUP50/PDCD6IP/NCBP2/NUP88/CDK7/RNMT/NUP54/SLC25A4/GTF2F2/VPS37B/GTF2H1/AP1S3/PAK2/GTF2E1/TCEA1/RCC1/AP2A2/ATP6V1H/HLA-A
REACTOME_PROTEIN_UBIQUITINATION,REACTOME_PROTEIN_UBIQUITINATION,76,-0.529105777,-2.125179605,1.77E-06,7.78E-05,5.84E-05,5264,"tags=58%, list=29%, signal=41%",UBA1/H2BC14/USP9X/UBE2V2/RTF1/SHPRH/UBE2R2/RNF181/LEO1/WAC/UBE2W/H2BC4/UBE2K/PEX12/UBE2J2/RPS27A/HLTF/SKIC8/UBE2E1/UBE2D1/UBE2L3/UBE2T/UBE2N/CDC73/UCHL3/H2BC17/RAD18/PRKDC/CTR9/BCL10/UBA52/PEX10/H2BC15/UBE2B/PAF1/UBA6/UBE2G2/UBE2Q2/RNF40/RRAGA/USP7/PCNA/UBE2G1/HLA-A
REACTOME_HIV_LIFE_CYCLE,REACTOME_HIV_LIFE_CYCLE,146,-0.434914331,-1.926162634,1.73E-06,7.78E-05,5.84E-05,4733,"tags=45%, list=26%, signal=33%",ELL/TAF4/RANBP1/AAAS/CHMP6/NUP153/NUP160/CCNT1/TAF12/TAF2/POLR2C/RPS27A/TAF1/POLR2D/VPS37C/POLR2H/POLR2K/CTDP1/POLR2B/TBP/ELOA/NUP85/POM121C/CCNT2/NELFA/VTA1/CCNH/RANBP2/NELFCD/NUP98/GTF2A1/CHMP4C/NCBP1/TAF4B/NUP107/PSIP1/RAN/TAF9/NUP42/TAF11/KPNA1/GTF2H3/UBA52/NUP58/NUP43/XRCC5/XRCC4/NUP37/VPS4B/MNAT1/FEN1/TSG101/NUP50/PDCD6IP/NCBP2/NUP88/CDK7/RNMT/NUP54/GTF2F2/VPS37B/GTF2H1/GTF2E1/TCEA1/RCC1
REACTOME_PEPTIDE_LIGAND_BINDING_RECEPTORS,REACTOME_PEPTIDE_LIGAND_BINDING_RECEPTORS,138,0.446689718,1.943859556,1.88E-06,7.96E-05,5.98E-05,4123,"tags=43%, list=23%, signal=34%",TAC3/TACR3/PROK2/NTSR1/CX3CL1/RLN2/EDNRA/QRFPR/BDKRB2/CXCL6/APLN/GALR3/C5AR2/PROKR2/PSAP/CXCR2/SSTR3/OPRD1/ACKR1/CCK/CCKBR/INSL3/GPR37L1/AVPR2/CXCR4/GPER1/NTS/AVPR1B/ACKR3/AGT/F2RL2/NMUR2/TAC1/PDYN/GHRL/MLNR/PRLHR/CCL22/OXT/APLNR/XCL1/MCHR1/AVPR1A/EDN2/CCL25/NMUR1/PENK/CCR1/BDKRB1/KISS1/APP/C5/CCR8/CXCL3/SST/AVP/NPY5R/C5AR1/CCL2/CCR9
REACTOME_REGULATION_OF_TP53_ACTIVITY,REACTOME_REGULATION_OF_TP53_ACTIVITY,156,-0.419543239,-1.866848045,2.39E-06,9.83E-05,7.38E-05,4216,"tags=40%, list=23%, signal=31%",RFC5/BLM/TAF12/MAPKAPK5/MEAF6/TAF2/TTC5/RPS27A/KAT5/TAF1/TP53BP2/HDAC2/TOP3A/PIP4P1/BARD1/PPP2CA/EP300/TBP/PRKAA1/TP53RK/PPP2R1A/RFC2/AURKA/CHEK1/CCNA2/RFC3/BRIP1/KAT6A/MBD3/TAF4B/PRKAG2/PRKAG1/SMYD2/TAF9/CHD3/MRE11/TAF11/UBA52/NBN/MAPK11/CCNA1/JMY/NOC2L/BRCA1/EHMT1/HUS1/DNA2/CHEK2/TOPBP1/EXO1/RMI1/PDPK1/MDM2/CDK5/HIPK1/HIPK2/USP7/MAPKAP1/PIP4K2A/PPP2R1B/SGK1/AKT1
REACTOME_SELENOAMINO_ACID_METABOLISM,REACTOME_SELENOAMINO_ACID_METABOLISM,115,-0.464090678,-1.98417863,2.62E-06,0.000104548,7.85E-05,5518,"tags=57%, list=31%, signal=39%",RPS3A/RPS7/RPL12/RPL39/RPS26/RPS20/RPL6/RPL26L1/RPL3/RPL9/RPS14/RPS8/RPL36A/RPL5/RPS10/RPS25/RPS18/RPS23/RPL24/EEF1E1/RPL37/GNMT/RPS27A/RPL37A/RPS24/RPS13/RPS11/RPL8/RPS12/RPS17/RPL32/RPL29/CBS/RPS21/RPLP2/GSR/RPS16/RPL10A/RPS15/RPL36/RPS6/RPS15A/RPL7/RPSA/RPL31/RPL23/RPL13A/RPL27/RPL17/RPL36AL/RPL26/RPL10L/SECISBP2/UBA52/RPL34/RPL38/RPL14/RARS1/QARS1/RPL35A/DARS1/RPL11/RPL27A/RPS3/PAPSS2
REACTOME_NEURONAL_SYSTEM,REACTOME_NEURONAL_SYSTEM,381,0.335080409,1.619721539,2.69E-06,0.000104575,7.85E-05,3173,"tags=29%, list=18%, signal=25%",PPFIBP1/GRIK5/GRIN2B/PPFIA3/NLGN3/NRXN2/STXBP1/GRIA3/SYN1/PRKCB/GNG2/CACNB3/SYN3/SYT9/KCNF1/RIMS1/KCNK3/ADCY7/KCNN3/KCNK10/KCNMB1/CAMK2D/CHRNB2/LRFN2/PRKACA/KCNJ6/KIF17/SYT10/SLC6A11/GRIK2/DLG2/NCALD/ADCY6/HCN4/SLC1A2/CHRNA9/TUBB4A/KCNJ11/HTR3A/SLC32A1/CHRNA7/CAMK1/GRIA1/CACNA1E/GABRA3/DLG4/KCNK17/TUBA4A/TSPOAP1/KCNAB2/KCND2/MAOA/PPFIBP2/GABRA4/ALDH2/GABRA2/LRRC7/EPB41L1/GRIN2D/TSPAN7/PLCB2/HOMER3/KCNMA1/KCNK6/ERBB4/ACTN2/LIN7A/KCNA1/NRXN1/CACNG3/GRM5/ADCY4/SYT2/NLGN1/CHRND/KCNA3/PPFIA2/ABCC8/NRG1/ARHGEF9/CHRNA2/NRXN3/KCNA7/SLC18A2/GNG4/KCNJ3/LRFN1/BEGAIN/GJC1/KCNH6/GLS2/SNAP25/KCNJ10/HTR3C/RASGRF2/KCNJ8/BCHE/GNG8/DLGAP2/GRM1/KCNA5/KCNS1/NLGN4Y/ALDH5A1/GJA10/GNGT2/LRFN4/DLGAP3/GRIK4/TUBA4B/ADCY3/KCNQ5
REACTOME_DNA_DOUBLE_STRAND_BREAK_REPAIR,REACTOME_DNA_DOUBLE_STRAND_BREAK_REPAIR,162,-0.422917983,-1.892492119,2.90E-06,0.000109545,8.22E-05,4216,"tags=38%, list=23%, signal=29%",RFC5/BLM/POLK/H2BC4/PPP5C/RPS27A/KAT5/H4C14/TOP3A/BARD1/UIMC1/PPP4C/H2AX/UBE2N/POLE/RNF168/GEN1/RFC2/SPIDR/PALB2/H2BC17/ERCC4/CHEK1/CCNA2/RFC3/BRIP1/MAPK8/TIPIN/POLE2/XRCC3/RFC1/PRKDC/MRE11/SLX4/SMARCA5/UBA52/NBN/PAXIP1/CCNA1/RNF4/BRCA1/HUS1/DNA2/CHEK2/TOPBP1/RAD51/XRCC5/H2BC15/EXO1/XRCC4/KDM4B/BAZ1B/FEN1/RAD51AP1/HERC2/PPP4R2/RMI1/EYA1/PCNA/XRCC2/RIF1
REACTOME_DNA_REPLICATION,REACTOME_DNA_REPLICATION,171,-0.406110521,-1.827956087,3.55E-06,0.000130328,9.78E-05,5157,"tags=42%, list=29%, signal=30%",H2BC14/PSMD13/ORC6/PSMC5/PSMA4/PSMA3/PSMB6/CCNE1/H3C8/RNASEH1/PSMD7/ANAPC4/ORC2/H4C8/RFC5/H2BC4/RPS27A/GINS4/POLA1/H3C1/CDC27/H4C14/TOP3A/MGME1/ANAPC7/PSMA5/UBE2E1/H2AX/UBE2D1/TWNK/GINS1/POLE/CDC16/RFC2/ORC1/ANAPC15/H2BC17/CDC6/PSMA6/CCNA2/H3-3B/PSMC2/RFC3/SSBP1/GINS2/CDC45/POLE2/RFC1/PSMD12/MCM6/PSMC6/PSMD6/KPNA1/CDT1/UBA52/H3C6/MCM10/CCNA1/ANAPC5/ANAPC2/DNA2/GMNN/H2BC15/CUL1/H2AJ/FEN1/MCM2/MCM7/CDC7/MCM4/PCNA
REACTOME_CHROMATIN_ORGANIZATION,REACTOME_CHROMATIN_ORGANIZATION,271,-0.360680694,-1.694650224,3.93E-06,0.000140682,0.000105589,4064,"tags=29%, list=23%, signal=23%",JAK2/H2BC4/TAF12/MEAF6/BCL11A/KANSL3/CREBBP/KAT5/MRGBP/H3C1/H4C14/HDAC2/ELP6/WDR77/SMARCE1/ARID1B/TBL1XR1/HAT1/H2AX/YEATS2/USP22/EP300/SETD2/KDM7A/NSD1/MSL1/BRMS1/WDR5/H2BC17/SMARCA2/PHF2/ARID2/SAP18/SMARCC1/PBRM1/RUVBL1/KAT6A/SUDS3/MBD3/SETD3/SMYD2/TAF9/CHD3/KMT5B/DR1/ENY2/NCOA2/H3C6/SAP30L/AEBP2/SMARCD2/EZH2/TAF6L/SETD6/EHMT1/H2BC15/ING3/KDM4B/H2AJ/KMT2C/PRMT6/PRDM16/TBL1X/ASH2L/REST/SUZ12/KDM4C/SAP30/NCOA1/PRDM9/PRMT3/KAT7/YEATS4/MTA3/DOT1L/PHF10/BCL11B/MECOM/CCND1
REACTOME_MUSCLE_CONTRACTION,REACTOME_MUSCLE_CONTRACTION,191,0.403291747,1.832229898,4.09E-06,0.000142437,0.000106907,4957,"tags=47%, list=27%, signal=35%",RYR1/TNNT1/ATP2B2/MYL11/DMPK/MYH11/KCNK3/KCNK10/CAMK2D/SCN4A/PRKACA/TNNC1/ATP1A2/TNNI1/TNNT2/STIM1/KCNJ11/LMOD1/TTN/ITPR1/KCNK15/KCNK17/KCND2/MYH6/TLN1/MYL7/GUCY1A2/TPM2/ALDH2/ORAI2/NPR2/MYL12A/ACTN3/KCNK6/ACTN2/ACTA2/FXYD6/GUCY1A1/KCNIP4/MYL6/FGF13/KCNIP1/MME/MYL9/SLC8A2/MYL3/CES1/MYBPC2/MYL6B/ATP2A2/SCN2A/ACTG2/ITPR3/KCNA5/WWTR1/VCL/CACNA1I/NEB/DYSF/SCN1A/SCN11A/MYL10/SCN7A/ATP1B1/PXN/ACTC1/CACNG7/TPM1/KCNE5/FKBP1B/CACNA1C/SLC8A3/ORAI1/ATP2A1/KCNIP3/KCNK7/CACNG8/KCND3/KCNJ2/KCNK5/MYLK/TNNC2/MYL4/KCNJ12/KCNE2/CACNG6/CACNA2D2/CALD1/ATP1A3/ATP2B3
REACTOME_MITOTIC_METAPHASE_AND_ANAPHASE,REACTOME_MITOTIC_METAPHASE_AND_ANAPHASE,220,-0.378504247,-1.753545368,5.08E-06,0.000172718,0.000129634,5376,"tags=45%, list=30%, signal=32%",TUBA1C/PSMD3/PSMB1/SMC1A/LBR/NDC1/CHMP4B/CENPM/PSMD13/CENPS/BUB1B/TUBB2B/TNPO1/PSMC5/MAD2L1/PSMA4/PSMA3/ZWINT/PSMB6/TUBAL3/CLASP1/PAFAH1B1/PPP2R5B/PSMD7/ANAPC4/CHMP6/KNL1/NUP160/PLK1/SGO2/PMF1/RPS27A/PDS5B/CDC27/TUBB3/TAOK1/LMNB1/SPAST/PPP2CA/ANAPC7/PSMA5/UBE2E1/UBE2D1/CENPH/ZWILCH/RCC2/CENPK/PPP2R1A/CDC16/VRK1/NUP85/WAPL/ANAPC15/DYNLL1/PSMA6/NUF2/MAPRE1/PSMC2/TUBA3D/DYNC1LI2/RANBP2/TUBA8/NSL1/VRK2/SPDL1/NUP98/KNTC1/CHMP4C/CENPU/NUP107/CENPP/ESPL1/RAN/SMC3/PSMD12/PSMC6/PSMD6/PPP1CC/DSN1/UBA52/DYNC1LI1/NUP58/CCNB1/CLIP1/NUP43/MIS12/STAG2/ANAPC5/TMPO/ANAPC2/PDS5A/NUP37/NUP54/TUBB4B/TUBB6/CENPQ/STAG1/RCC1/PPP2R1B
REACTOME_G2_M_CHECKPOINTS,REACTOME_G2_M_CHECKPOINTS,148,-0.420805389,-1.869109765,6.35E-06,0.000210521,0.000158007,5161,"tags=43%, list=29%, signal=31%",YWHAQ/H2BC14/PSMD13/ORC6/PSMC5/UBE2V2/PSMA4/PSMA3/PSMB6/PSMD7/ORC2/H4C8/YWHAZ/RFC5/BLM/H2BC4/RPS27A/KAT5/H4C14/TOP3A/BARD1/UIMC1/PSMA5/H2AX/UBE2N/RNF168/RFC2/ORC1/SFN/H2BC17/CDC6/PSMA6/CHEK1/CCNA2/PSMC2/RFC3/BRIP1/CDC25A/YWHAG/CDC45/PSMD12/MCM6/PSMC6/PSMD6/MRE11/UBA52/NBN/CCNB1/MCM10/CCNA1/BRCA1/HUS1/DNA2/PKMYT1/CHEK2/TOPBP1/H2BC15/EXO1/MCM2/MCM7/HERC2/RMI1/CDC7/MCM4
REACTOME_MITOCHONDRIAL_BIOGENESIS,REACTOME_MITOCHONDRIAL_BIOGENESIS,93,-0.486611575,-2.010586185,7.14E-06,0.000231011,0.000173386,4420,"tags=52%, list=25%, signal=39%",CRTC3/CRTC1/SAMM50/TFB2M/ATP5ME/APOO/MTERF1/ATP5F1A/CREBBP/GABPB1/PPRC1/TBL1XR1/PPARGC1A/CALM1/TWNK/ATP5MG/ATP5PD/MED1/ATP5MK/MICOS10/APOOL/USP46/ATP5F1C/SSBP1/ATP5PF/TFB1M/ATP5MC3/PRKAG2/PRKAG1/NCOA2/HSPA9/MAPK11/DMAC2L/GABPA/ATP5F1B/MT-ATP8/ATP5MC1/TFAM/TGS1/TBL1X/MT-ATP6/MEF2C/ATP5PB/ESRRA/PPARGC1B/CYCS/NCOA1/DNAJC11
REACTOME_SRP_DEPENDENT_COTRANSLATIONAL_PROTEIN_TARGETING_TO_MEMBRANE,REACTOME_SRP_DEPENDENT_COTRANSLATIONAL_PROTEIN_TARGETING_TO_MEMBRANE,111,-0.449191577,-1.910493508,7.63E-06,0.000241244,0.000181066,6102,"tags=60%, list=34%, signal=40%",RPL22L1/RPL28/RPS27L/SRPRA/RPL15/RPL4/SRP72/RPL22/RPS3A/RPS7/RPL12/RPL39/RPS26/RPS20/RPL6/RPL26L1/RPL3/SPCS1/RPL9/RPS14/RPS8/RPL36A/RPL5/RPS10/RPS25/RPS18/RPS23/RPL24/RPL37/RPS27A/RPL37A/RPS24/RPS13/RPS11/RPL8/RPS12/RPS17/RPL32/RPL29/RPS21/RPLP2/RPS16/SRP54/RPL10A/RPS15/RPL36/RPS6/RPS15A/RPL7/RPSA/SEC61G/RPL31/RPL23/RPL13A/RPL27/RPL17/RPL36AL/RPL26/RPL10L/UBA52/RPL34/RPL38/RPL14/RPL35A/RPL11/RPL27A/RPS3
REACTOME_ACTIVATION_OF_THE_MRNA_UPON_BINDING_OF_THE_CAP_BINDING_COMPLEX_AND_EIFS_AND_SUBSEQUENT_BINDING_TO_43S,REACTOME_ACTIVATION_OF_THE_MRNA_UPON_BINDING_OF_THE_CAP_BINDING_COMPLEX_AND_EIFS_AND_SUBSEQUENT_BINDING_TO_43S,59,-0.552985223,-2.116821648,8.44E-06,0.000260695,0.000195665,5654,"tags=64%, list=31%, signal=44%",EIF4H/RPS3A/EIF1AX/EIF3J/RPS7/RPS26/RPS20/RPS14/RPS8/RPS10/EIF3L/EIF4E/RPS25/RPS18/RPS23/EIF4A1/RPS27A/EIF3E/RPS24/EIF3D/RPS13/RPS11/RPS12/RPS17/RPS21/RPS16/EIF4B/RPS15/EIF3H/RPS6/RPS15A/RPSA/EIF2S3/EIF2S1/EIF3K/EIF3A/RPS3/EIF3B
REACTOME_RNA_POLYMERASE_II_PRE_TRANSCRIPTION_EVENTS,REACTOME_RNA_POLYMERASE_II_PRE_TRANSCRIPTION_EVENTS,79,-0.49251172,-1.9911464,9.44E-06,0.000285158,0.000214026,5508,"tags=57%, list=31%, signal=40%",POLR2F/CDK9/GTF2B/POLR2J/TAF5/RTF1/ELL/TAF4/LEO1/MLLT1/CCNT1/TAF12/TAF2/POLR2C/TAF1/POLR2D/SKIC8/POLR2H/POLR2K/CTDP1/POLR2B/TBP/ELOA/CDC73/CCNT2/NELFA/CCNH/NELFCD/GTF2A1/NCBP1/TAF4B/TAF9/CTR9/TAF11/GTF2H3/EAF1/MNAT1/PAF1/AFF4/NCBP2/CDK7/GTF2F2/GTF2H1/GTF2E1/TCEA1
REACTOME_RESPONSE_TO_METAL_IONS,REACTOME_RESPONSE_TO_METAL_IONS,12,-0.849957827,-2.127573473,1.04E-05,0.000307278,0.000230628,697,"tags=67%, list=4%, signal=64%",MT2A/MT1A/MT1H/MT1F/MT1M/MT1E/MT1X/MT1G
REACTOME_TRANSPORT_OF_MATURE_TRANSCRIPT_TO_CYTOPLASM,REACTOME_TRANSPORT_OF_MATURE_TRANSCRIPT_TO_CYTOPLASM,84,-0.483636649,-1.96919542,1.44E-05,0.000417552,0.000313395,4555,"tags=45%, list=25%, signal=34%",AAAS/EIF4E/NUP153/NUP160/THOC7/RNPS1/SRSF9/DHX38/MAGOH/FYTTD1/CPSF4/SRSF5/CDC40/NUP85/POM121C/SRSF2/RANBP2/NUP98/NCBP1/NUP107/SLU7/NUP42/WDR33/NXF1/NUP58/THOC3/NUP43/SRSF4/GLE1/NUP37/SRSF1/NUP50/SLBP/NCBP2/NUP88/NUP54/CPSF2/U2AF1
REACTOME_RESPONSE_OF_EIF2AK4_GCN2_TO_AMINO_ACID_DEFICIENCY,REACTOME_RESPONSE_OF_EIF2AK4_GCN2_TO_AMINO_ACID_DEFICIENCY,100,-0.457034232,-1.910896752,1.93E-05,0.000535737,0.000402099,5518,"tags=59%, list=31%, signal=41%",RPS3A/RPS7/RPL12/RPL39/RPS26/RPS20/RPL6/RPL26L1/RPL3/RPL9/RPS14/RPS8/RPL36A/RPL5/RPS10/RPS25/RPS18/RPS23/RPL24/RPL37/RPS27A/RPL37A/RPS24/RPS13/RPS11/RPL8/RPS12/RPS17/RPL32/RPL29/RPS21/RPLP2/RPS16/RPL10A/EIF2AK4/RPS15/RPL36/RPS6/RPS15A/RPL7/RPSA/RPL31/EIF2S3/RPL23/RPL13A/RPL27/RPL17/RPL36AL/RPL26/RPL10L/UBA52/RPL34/RPL38/RPL14/RPL35A/EIF2S1/RPL11/RPL27A/RPS3
REACTOME_RESPONSE_TO_ELEVATED_PLATELET_CYTOSOLIC_CA2,REACTOME_RESPONSE_TO_ELEVATED_PLATELET_CYTOSOLIC_CA2,119,0.4384613,1.8718266,1.92E-05,0.000535737,0.000402099,4922,"tags=53%, list=27%, signal=39%",LGALS3BP/PDGFB/PRKCB/TIMP1/THBS1/PECAM1/PCDH7/AHSG/HRG/MAGED2/PSAP/TTN/SERPING1/ITGB3/TUBA4A/TLN1/CD63/SERPINF2/A1BG/APOA1/F13A1/PCYOX1L/EGF/HABP4/STXBP2/ACTN2/ACTN1/ABCC4/ENDOD1/TGFB1/ORM2/CHID1/PFN1/SPARC/QSOX1/TIMP3/LEFTY2/TOR4A/VCL/HGF/SOD1/VEGFC/MANF/APP/SCCPDH/CALU/CLEC3B/ACTN4/TF/HSPA5/RAB27B/CFL1/SERPINE1/VEGFD/FGB/F5/CD109/SCG3/SERPINA1/SYTL4/FLNA/SRGN/TMX3
REACTOME_REGULATION_OF_INSULIN_LIKE_GROWTH_FACTOR_IGF_TRANSPORT_AND_UPTAKE_BY_INSULIN_LIKE_GROWTH_FACTOR_BINDING_PROTEINS_IGFBPS,REACTOME_REGULATION_OF_INSULIN_LIKE_GROWTH_FACTOR_IGF_TRANSPORT_AND_UPTAKE_BY_INSULIN_LIKE_GROWTH_FACTOR_BINDING_PROTEINS_IGFBPS,104,0.459092345,1.926696947,1.98E-05,0.000539498,0.000404921,5295,"tags=53%, list=29%, signal=38%",GPC3/FBN1/MFGE8/IGFBP6/TIMP1/CHGB/VGF/HRC/FGF23/APOE/AHSG/MMP2/CCN1/PAPPA/LAMB2/APOA1/IGFBP5/IGFBP3/MIA3/MATN3/PDIA6/WFS1/DMP1/CST3/TNC/SHISA5/SPARCL1/QSOX1/STC2/PENK/PNPLA2/CDH2/PRSS23/APP/RCN1/CALU/TF/CHRDL1/ANO8/MSLN/IGFBP7/FUCA2/F5/SCG3/SERPINC1/SERPINA1/CKAP4/MGAT4A/APOA2/MBTPS1/BMP4/LGALS1/IGFBP4/AFP/SDC2
REACTOME_PROTEIN_PROTEIN_INTERACTIONS_AT_SYNAPSES,REACTOME_PROTEIN_PROTEIN_INTERACTIONS_AT_SYNAPSES,86,0.473508294,1.931597199,2.19E-05,0.000583827,0.000438192,3098,"tags=36%, list=17%, signal=30%",PPFIBP1/GRIN2B/PPFIA3/NLGN3/NRXN2/STXBP1/GRIA3/SYT9/LRFN2/SYT10/DLG2/GRIA1/DLG4/PPFIBP2/EPB41L1/GRIN2D/HOMER3/LIN7A/NRXN1/GRM5/SYT2/NLGN1/PPFIA2/NRXN3/LRFN1/BEGAIN/DLGAP2/GRM1/NLGN4Y/LRFN4/DLGAP3
REACTOME_MITOTIC_PROPHASE,REACTOME_MITOTIC_PROPHASE,128,-0.429844298,-1.861423476,2.27E-05,0.000592466,0.000444677,4641,"tags=37%, list=26%, signal=27%",H3C8/AAAS/H4C8/NEK9/NUP153/NUP160/PLK1/H2BC4/SET/H3C1/H4C14/LMNB1/MAPK1/PPP2CA/H2AX/PPP2R1A/VRK1/NUP85/POM121C/RB1/ARPP19/H2BC17/H3-3B/RANBP2/VRK2/NUP98/NUP107/NUP42/NUP58/CCNB1/H3C6/NUP43/TMPO/NCAPD3/MCPH1/H2BC15/NUP37/H2AJ/ENSA/NUP50/NUP88/NUP54/PPP2R2D/USO1/SMC2/PPP2R1B/PRKCA
REACTOME_CELL_SURFACE_INTERACTIONS_AT_THE_VASCULAR_WALL,REACTOME_CELL_SURFACE_INTERACTIONS_AT_THE_VASCULAR_WALL,110,0.439292485,1.862535017,2.82E-05,0.000723792,0.000543244,4601,"tags=45%, list=26%, signal=34%",ANGPT4/JAM2/ITGA5/CD74/ITGA6/FYN/SHC1/ITGA4/PECAM1/L1CAM/SLC7A6/ITGB3/GRB14/TSPAN7/SLC16A8/MAG/SDC3/ITGA3/TGFB1/CD44/SPN/SELL/TEK/TNFRSF10D/EPCAM/ITGAX/COL1A1/VPREB3/ITGB2/GPC1/TNFRSF10A/SLC3A2/FCER1G/F11R/GRB7/SLC7A7/SRC/ATP1B1/COL1A2/ITGB1/TNFRSF10B/ITGAL/PICK1/CEACAM1/SLC7A9/DOK2/ITGAM/SELPLG/CD58/IGHM
REACTOME_TRNA_PROCESSING_IN_THE_NUCLEUS,REACTOME_TRNA_PROCESSING_IN_THE_NUCLEUS,57,-0.530840423,-2.023502734,3.90E-05,0.000971513,0.000729171,5241,"tags=60%, list=29%, signal=42%",ZBTB8OS/NDC1/TSEN34/ELAC2/C2orf49/AAAS/NUP153/CLP1/NUP160/RPP14/RPP38/CPSF4/TSEN2/DDX1/NUP85/POM121C/POP1/FAM98B/CSTF2/POP7/RANBP2/NUP98/POP4/NUP107/RAN/NUP42/NUP58/NUP43/NUP37/NUP50/NUP88/POP5/NUP54/RPP25
REACTOME_SARS_COV_2_MODULATES_HOST_TRANSLATION_MACHINERY,REACTOME_SARS_COV_2_MODULATES_HOST_TRANSLATION_MACHINERY,50,-0.545082903,-2.010281191,3.93E-05,0.000971513,0.000729171,6063,"tags=68%, list=34%, signal=45%",GEMIN5/RPS27L/SMN1/RPS3A/RPS7/RPS26/RPS20/RPS14/RPS8/RPS10/SNRPB/RPS25/RPS18/RPS23/GEMIN2/RPS27A/GEMIN8/RPS24/RPS13/RPS11/RPS12/SNRPD1/RPS17/SNRPD3/RPS21/RPS16/RPS15/RPS6/RPS15A/GEMIN4/RPSA/DDX20/GEMIN7/RPS3
REACTOME_SNRNP_ASSEMBLY,REACTOME_SNRNP_ASSEMBLY,54,-0.54207635,-2.041778674,4.52E-05,0.001096132,0.000822704,4625,"tags=52%, list=26%, signal=39%",SNRPB/AAAS/NUP153/NUP160/GEMIN2/GEMIN8/WDR77/SNRPD1/SNRPD3/NUP85/POM121C/GEMIN4/PHAX/DDX20/RANBP2/NUP98/NCBP1/NUP107/NUP42/NUP58/NUP43/NUP37/NUP50/GEMIN7/TGS1/NCBP2/NUP88/NUP54
REACTOME_E3_UBIQUITIN_LIGASES_UBIQUITINATE_TARGET_PROTEINS,REACTOME_E3_UBIQUITIN_LIGASES_UBIQUITINATE_TARGET_PROTEINS,56,-0.524908205,-1.992646641,5.20E-05,0.001217485,0.000913786,4955,"tags=57%, list=27%, signal=42%",H2BC14/UBE2V2/RTF1/SHPRH/RNF181/LEO1/WAC/H2BC4/PEX12/UBE2J2/RPS27A/HLTF/SKIC8/UBE2E1/UBE2D1/UBE2L3/UBE2N/CDC73/H2BC17/RAD18/PRKDC/CTR9/BCL10/UBA52/PEX10/H2BC15/UBE2B/PAF1/RNF40/RRAGA/PCNA/HLA-A
REACTOME_SEPARATION_OF_SISTER_CHROMATIDS,REACTOME_SEPARATION_OF_SISTER_CHROMATIDS,175,-0.379395967,-1.713776724,5.16E-05,0.001217485,0.000913786,5376,"tags=47%, list=30%, signal=34%",TUBA1C/PSMD3/PSMB1/SMC1A/CENPM/PSMD13/CENPS/BUB1B/TUBB2B/PSMC5/MAD2L1/PSMA4/PSMA3/ZWINT/PSMB6/TUBAL3/CLASP1/PAFAH1B1/PPP2R5B/PSMD7/ANAPC4/KNL1/NUP160/PLK1/SGO2/PMF1/RPS27A/PDS5B/CDC27/TUBB3/TAOK1/PPP2CA/ANAPC7/PSMA5/UBE2E1/UBE2D1/CENPH/ZWILCH/RCC2/CENPK/PPP2R1A/CDC16/NUP85/WAPL/ANAPC15/DYNLL1/PSMA6/NUF2/MAPRE1/PSMC2/TUBA3D/DYNC1LI2/RANBP2/TUBA8/NSL1/SPDL1/NUP98/KNTC1/CENPU/NUP107/CENPP/ESPL1/SMC3/PSMD12/PSMC6/PSMD6/PPP1CC/DSN1/UBA52/DYNC1LI1/CLIP1/NUP43/MIS12/STAG2/ANAPC5/ANAPC2/PDS5A/NUP37/TUBB4B/TUBB6/CENPQ/STAG1/PPP2R1B
REACTOME_RNA_POLYMERASE_II_TRANSCRIPTION_TERMINATION,REACTOME_RNA_POLYMERASE_II_TRANSCRIPTION_TERMINATION,67,-0.5024563,-1.952349325,5.30E-05,0.001220444,0.000916007,4729,"tags=51%, list=26%, signal=38%",U2AF2/LUZP4/SNRPB/CSTF2T/CLP1/THOC7/RNPS1/SRSF9/DHX38/PCF11/CSTF1/MAGOH/FYTTD1/CPSF4/SRSF5/CSTF3/CDC40/SNRPD3/SRSF2/CSTF2/NCBP1/SLU7/NUDT21/WDR33/THOC3/CPSF6/SRSF4/PAPOLA/PABPN1/SRSF1/SLBP/NCBP2/CPSF2/U2AF1
REACTOME_DEUBIQUITINATION,REACTOME_DEUBIQUITINATION,254,-0.34186757,-1.606603078,5.53E-05,0.001252286,0.000939905,5527,"tags=41%, list=31%, signal=29%",BRCC3/MYC/PTRH2/APC/DDB2/USP14/PSMD3/USP49/PSMB1/ACTL6A/H2BC14/PSMD13/USP18/TGFBR1/USP9X/PSMC5/PSMA4/PSMA3/INO80E/TOMM20/PSMB6/USP10/TADA2B/BECN1/YY1/USP3/PSMD7/RHOT1/ASXL1/TGFBR2/RAD23B/SMAD3/JOSD1/H2BC4/RPS27A/TNKS2/PTEN/SENP8/AXIN1/BARD1/UIMC1/USP37/IKBKG/TRAF3/STAM2/PSMA5/UBE2D1/INO80B/MBD6/USP22/EP300/VDAC2/USP47/UCHL5/UCHL3/H2BC17/PSMA6/CCNA2/NFKBIA/PSMC2/WDR20/CDC25A/INO80D/USP33/CCP110/RUVBL1/USP48/ABRAXAS2/SUDS3/MAT2B/PSMD12/PSMC6/PSMD6/UBA52/USP24/VCPIP1/USP28/TNFAIP3/CCNA1/BRCA1/SMAD4/VDAC1/H2BC15/AR/OTUB1/FOXK1/SNX3/FOXO4/USP8/USP13/INO80/SMAD7/IDE/MYSM1/ESR1/VDAC3/MDM2/TOMM70/ARRB1/USP7/ASXL2/USP16/AXIN2/RIGI/TRIM25
REACTOME_METABOLISM_OF_FAT_SOLUBLE_VITAMINS,REACTOME_METABOLISM_OF_FAT_SOLUBLE_VITAMINS,38,0.579932294,1.994177492,7.55E-05,0.001655875,0.00124282,4295,"tags=61%, list=24%, signal=46%",HSPG2/GPC3/LPL/TTPA/LRP1/LRP10/APOE/AKR1C3/AGRN/PLB1/APOA1/SDC3/VKORC1L1/RDH11/LRP8/GPC5/GPC1/LRP2/AKR1B10/AKR1C1/GPC2/BCO1/LDLR
REACTOME_HOMOLOGY_DIRECTED_REPAIR,REACTOME_HOMOLOGY_DIRECTED_REPAIR,132,-0.403427525,-1.75879623,7.52E-05,0.001655875,0.00124282,4216,"tags=37%, list=23%, signal=29%",RFC5/BLM/POLK/H2BC4/RPS27A/KAT5/H4C14/TOP3A/BARD1/UIMC1/PPP4C/H2AX/UBE2N/POLE/RNF168/GEN1/RFC2/SPIDR/PALB2/H2BC17/ERCC4/CHEK1/CCNA2/RFC3/BRIP1/TIPIN/POLE2/XRCC3/RFC1/MRE11/SLX4/UBA52/NBN/CCNA1/RNF4/BRCA1/HUS1/DNA2/TOPBP1/RAD51/H2BC15/EXO1/FEN1/RAD51AP1/HERC2/PPP4R2/RMI1/PCNA/XRCC2
REACTOME_PLATELET_ACTIVATION_SIGNALING_AND_AGGREGATION,REACTOME_PLATELET_ACTIVATION_SIGNALING_AND_AGGREGATION,238,0.342735058,1.600182348,9.14E-05,0.001972074,0.001480144,4091,"tags=37%, list=23%, signal=29%",LGALS3BP/PDGFB/FYN/SHC1/DAGLA/PRKCB/GNG2/TIMP1/ADRA2B/DGKK/THBS1/PECAM1/PCDH7/AHSG/HRG/MAGED2/RAPGEF3/PSAP/TTN/ITPR1/SERPING1/ITGB3/TUBA4A/TLN1/CD63/SERPINF2/A1BG/APOA1/F13A1/PCYOX1L/EGF/HABP4/PIK3R5/STXBP2/ACTN2/PLA2G4A/F2RL2/RAC2/ACTN1/DGKG/ABCC4/TRPC3/ENDOD1/TGFB1/RAPGEF4/ORM2/GNG4/APBB1IP/PIK3R6/CHID1/PFN1/RASGRP2/COL1A1/SPARC/ITPR3/QSOX1/GNG8/PTK2/TIMP3/LEFTY2/TOR4A/PLCG2/GNGT2/VCL/TBXA2R/RHOB/HGF/FCER1G/SOD1/MAPK14/VEGFC/SRC/MANF/APP/DGKI/AAMP/ADRA2C/SCCPDH/COL1A2/CALU/CLEC3B/DGKB/ACTN4/TF/HSPA5/RAB27B/CFL1/SERPINE1
REACTOME_INTEGRIN_CELL_SURFACE_INTERACTIONS,REACTOME_INTEGRIN_CELL_SURFACE_INTERACTIONS,79,0.462852858,1.850463271,9.49E-05,0.002016157,0.001513231,4651,"tags=57%, list=26%, signal=42%",HSPG2/FBN1/JAM2/ITGA5/ITGA6/COL9A1/THBS1/ITGA4/PECAM1/ITGA7/COL2A1/AGRN/COL16A1/ITGB7/ITGB3/ICAM5/VTN/COL8A2/ITGA3/VCAM1/COL6A3/COL23A1/CD44/ICAM2/TNC/ITGAX/COL1A1/ITGB2/COL4A3/ITGA10/ITGB8/F11R/COL6A5/COL3A1/COL18A1/COL1A2/COL5A3/ITGB1/ITGAL/COL4A4/FGB/ITGAM/ICAM1/ITGA11/ITGAE
REACTOME_NON_INTEGRIN_MEMBRANE_ECM_INTERACTIONS,REACTOME_NON_INTEGRIN_MEMBRANE_ECM_INTERACTIONS,79,0.462249593,1.848051447,9.83E-05,0.002055617,0.001542847,4243,"tags=49%, list=24%, signal=38%",HSPG2/PDGFB/ITGA6/SNTA1/THBS1/SGCA/DRP2/COL2A1/AGRN/LAMB2/ITGB3/SSPN/VTN/SDC3/ACTA2/NRXN1/ACTN1/TGFB1/DAG1/LAMA5/ACTB/DDR2/TNC/ACTG2/LAMB3/COL1A1/COL4A3/SGCB/ITGB4/COL3A1/COL1A2/COL5A3/DTNA/ITGB1/ACTC1/COL11A1/COL11A2/COL4A4/LAMA4
REACTOME_TRANSPORT_OF_MATURE_MRNAS_DERIVED_FROM_INTRONLESS_TRANSCRIPTS,REACTOME_TRANSPORT_OF_MATURE_MRNAS_DERIVED_FROM_INTRONLESS_TRANSCRIPTS,43,-0.553957754,-1.969705184,0.000113595,0.002304117,0.001729359,2899,"tags=53%, list=16%, signal=45%",AAAS/EIF4E/NUP153/NUP160/CPSF4/NUP85/POM121C/RANBP2/NUP98/NCBP1/NUP107/NUP42/WDR33/NXF1/NUP58/NUP43/NUP37/NUP50/SLBP/NCBP2/NUP88/NUP54/CPSF2
REACTOME_TRNA_MODIFICATION_IN_THE_NUCLEUS_AND_CYTOSOL,REACTOME_TRNA_MODIFICATION_IN_THE_NUCLEUS_AND_CYTOSOL,44,-0.544116142,-1.939980524,0.000112026,0.002304117,0.001729359,5209,"tags=52%, list=29%, signal=37%",LAGE3/TRMT44/QTRT1/CTU1/QTRT2/TYW5/WDR4/TRMT61A/DUS2/TPRKB/TP53RK/OSGEP/PUS1/ADAT2/LCMT2/URM1/NSUN2/THG1L/TRMT13/TRMT6/PUS7/TRDMT1/ADAT3
REACTOME_ESTROGEN_DEPENDENT_GENE_EXPRESSION,REACTOME_ESTROGEN_DEPENDENT_GENE_EXPRESSION,135,-0.392765263,-1.724787881,0.000124594,0.002490041,0.001868905,4641,"tags=39%, list=26%, signal=29%",H3C8/FOXA1/YY1/CBFB/H4C8/CCNT1/H2BC4/POLR2C/CREBBP/KAT5/H3C1/H4C14/POLR2D/AXIN1/DDX5/SP1/POLR2H/POLR2K/POLR2B/H2AX/EP300/TBP/MED1/GPAM/RUNX1/H2BC17/H3-3B/NCOA3/FKBP4/HSP90AB1/GTF2A1/MYB/SMC3/CHD1/AGO1/NCOA2/H3C6/TLE3/MOV10/STAG2/H2BC15/AGO2/KDM4B/H2AJ/ESR1/GTF2F2/STAG1/NCOA1/TNRC6A/CXCL12/HSP90AA1/NR5A2/CCND1
REACTOME_SYNTHESIS_OF_DNA,REACTOME_SYNTHESIS_OF_DNA,108,-0.429065346,-1.829058545,0.000130642,0.002500593,0.001876825,5349,"tags=49%, list=30%, signal=35%",PSMD3/PSMB1/PSMD13/ORC6/PSMC5/PSMA4/PSMA3/PSMB6/CCNE1/PSMD7/ANAPC4/ORC2/RFC5/RPS27A/GINS4/POLA1/CDC27/ANAPC7/PSMA5/UBE2E1/UBE2D1/GINS1/POLE/CDC16/RFC2/ORC1/ANAPC15/CDC6/PSMA6/CCNA2/PSMC2/RFC3/GINS2/CDC45/POLE2/RFC1/PSMD12/MCM6/PSMC6/PSMD6/CDT1/UBA52/CCNA1/ANAPC5/ANAPC2/DNA2/GMNN/CUL1/FEN1/MCM2/MCM7/MCM4/PCNA
REACTOME_CHROMOSOME_MAINTENANCE,REACTOME_CHROMOSOME_MAINTENANCE,127,-0.398903342,-1.724972707,0.000127091,0.002500593,0.001876825,4432,"tags=39%, list=25%, signal=29%",CHTF18/H4C8/KNL1/RFC5/BLM/H2BC4/POLR2C/NHP2/NPM1/POLA1/H4C14/POLR2D/GAR1/POLR2H/POLR2K/POLR2B/H2AX/DKC1/CENPX/CENPH/CENPK/RFC2/CENPW/H2BC17/CCNA2/H3-3B/RFC3/TINF2/OIP5/MIS18BP1/RUVBL1/CENPU/CENPP/RFC1/ANKRD28/SMARCA5/CCNA1/DNA2/H2BC15/PIF1/H2AJ/FEN1/CHTF8/PPP6C/DSCC1/TERF1/CENPQ/PCNA/PPP6R3
REACTOME_UB_SPECIFIC_PROCESSING_PROTEASES,REACTOME_UB_SPECIFIC_PROCESSING_PROTEASES,177,-0.369659247,-1.673127732,0.000128952,0.002500593,0.001876825,5517,"tags=42%, list=31%, signal=30%",MYC/PTRH2/DDB2/USP14/PSMD3/USP49/PSMB1/H2BC14/PSMD13/USP18/TGFBR1/USP9X/PSMC5/PSMA4/PSMA3/TOMM20/PSMB6/USP10/TADA2B/BECN1/USP3/PSMD7/RHOT1/SMAD3/H2BC4/RPS27A/TNKS2/PTEN/AXIN1/USP37/IKBKG/STAM2/PSMA5/USP22/VDAC2/USP47/H2BC17/PSMA6/CCNA2/NFKBIA/PSMC2/WDR20/CDC25A/USP33/CCP110/RUVBL1/USP48/SUDS3/MAT2B/PSMD12/PSMC6/PSMD6/UBA52/USP24/USP28/CCNA1/SMAD4/VDAC1/H2BC15/AR/OTUB1/SNX3/FOXO4/USP8/USP13/SMAD7/IDE/VDAC3/MDM2/TOMM70/ARRB1/USP7/USP16/AXIN2/RIGI
REACTOME_TP53_REGULATES_METABOLIC_GENES,REACTOME_TP53_REGULATES_METABOLIC_GENES,81,-0.457081272,-1.855300581,0.000138338,0.002611128,0.001959787,3663,"tags=41%, list=20%, signal=33%",PRDX1/COX4I1/PTEN/NDUFA4/RRAGC/COX7A2/PRKAA1/GSR/SCO2/SFN/COX7B/COX5B/YWHAG/COX6A1/PRKAG2/PRKAG1/COX8A/AGO1/COX5A/LAMTOR3/COX6C/MT-CO2/MOV10/AGO2/GPI/RRAGA/CYCS/COX7A1/MT-CO3/TNRC6A/GLS/AKT1/RRAGD
REACTOME_COMPLEX_IV_ASSEMBLY,REACTOME_COMPLEX_IV_ASSEMBLY,46,-0.53640721,-1.941373463,0.000145086,0.002700984,0.002027229,5407,"tags=63%, list=30%, signal=44%",MT-CO1/COX6B1/COX14/COX18/COX19/TMEM223/COQ10B/TACO1/COX20/PET117/HIGD1A/COX4I1/COX15/NDUFA4/COX7A2/SCO2/HIGD2A/COX7B/COX5B/TIMM21/COX6A1/COX8A/COX5A/COX17/COX6C/MT-CO2/COX11/COX7A1/MT-CO3
REACTOME_TRANSPORT_OF_THE_SLBP_DEPENDANT_MATURE_MRNA,REACTOME_TRANSPORT_OF_THE_SLBP_DEPENDANT_MATURE_MRNA,36,-0.584226975,-1.972160852,0.000159216,0.002923988,0.002194604,2899,"tags=56%, list=16%, signal=47%",AAAS/EIF4E/NUP153/NUP160/NUP85/POM121C/RANBP2/NUP98/NCBP1/NUP107/NUP42/NXF1/NUP58/NUP43/NUP37/NUP50/SLBP/NCBP2/NUP88/NUP54
REACTOME_MATERNAL_TO_ZYGOTIC_TRANSITION_MZT,REACTOME_MATERNAL_TO_ZYGOTIC_TRANSITION_MZT,105,-0.417011269,-1.767149195,0.000167416,0.003033583,0.002276861,4641,"tags=38%, list=26%, signal=28%",H3C8/UHRF1/EIF4E/KDM5B/H4C8/TET3/EIF4A1/KDM4E/H2BC4/CREBBP/SRPK1/UNG/H3C1/H4C14/POLR2D/PAIP2/PAIP1/H2AX/EP300/YAP1/CNOT7/EIF4B/H2BC17/H3-3B/METTL23/CNOT2/DICER1/H3C6/H2BC15/PABPN1/AGO2/H2AJ/DPPA4/ZSCAN4/NPM2/FGF8/TUT4/DPPA3/ZFP36L2/DPPA2
REACTOME_MITOTIC_G1_PHASE_AND_G1_S_TRANSITION,REACTOME_MITOTIC_G1_PHASE_AND_G1_S_TRANSITION,139,-0.389815158,-1.717248351,0.000180625,0.003229866,0.002424182,5171,"tags=45%, list=29%, signal=32%",LIN9/PSMD13/ORC6/PSMC5/PSMA4/PSMA3/PSMB6/CCNE1/TK1/E2F3/PSMD7/CABLES1/ORC2/JAK2/E2F4/RPS27A/POLA1/RBL1/PPP2CA/PSMA5/POLE/TYMS/PPP2R1A/ORC1/RB1/CDKN1B/CDC6/PSMA6/CCNA2/PSMC2/CCNH/CDC25A/CDC45/CDK6/CCND3/POLE2/PSMD12/MCM6/PSMC6/PSMD6/RRM2/CDT1/LIN54/UBA52/CCNB1/MCM10/CCNA1/CCND2/GMNN/MNAT1/CUL1/CDKN1C/MCM2/MCM7/CDK7/CDC7/E2F1/MCM4/PCNA/PPP2R1B/AKT1/CCND1
REACTOME_FORMATION_OF_RNA_POL_II_ELONGATION_COMPLEX,REACTOME_FORMATION_OF_RNA_POL_II_ELONGATION_COMPLEX,57,-0.500212032,-1.906750824,0.000192601,0.003399279,0.002551335,4733,"tags=58%, list=26%, signal=43%",POLR2F/CDK9/POLR2J/RTF1/ELL/LEO1/MLLT1/CCNT1/POLR2C/POLR2D/SKIC8/POLR2H/POLR2K/CTDP1/POLR2B/ELOA/CDC73/CCNT2/NELFA/CCNH/NELFCD/NCBP1/CTR9/GTF2H3/EAF1/MNAT1/PAF1/AFF4/NCBP2/CDK7/GTF2F2/GTF2H1/TCEA1
REACTOME_DNA_REPLICATION_PRE_INITIATION,REACTOME_DNA_REPLICATION_PRE_INITIATION,136,-0.386544672,-1.69601545,0.000202125,0.003521642,0.002643175,5349,"tags=40%, list=30%, signal=28%",PSMD3/PSMB1/H2BC14/PSMD13/ORC6/PSMC5/PSMA4/PSMA3/PSMB6/H3C8/PSMD7/ANAPC4/ORC2/H4C8/H2BC4/RPS27A/POLA1/H3C1/CDC27/H4C14/ANAPC7/PSMA5/UBE2E1/H2AX/UBE2D1/POLE/CDC16/ORC1/ANAPC15/H2BC17/CDC6/PSMA6/H3-3B/PSMC2/CDC45/POLE2/PSMD12/MCM6/PSMC6/PSMD6/KPNA1/CDT1/UBA52/H3C6/MCM10/ANAPC5/ANAPC2/GMNN/H2BC15/H2AJ/MCM2/MCM7/CDC7/MCM4
REACTOME_A_TETRASACCHARIDE_LINKER_SEQUENCE_IS_REQUIRED_FOR_GAG_SYNTHESIS,REACTOME_A_TETRASACCHARIDE_LINKER_SEQUENCE_IS_REQUIRED_FOR_GAG_SYNTHESIS,26,0.629257282,1.967091857,0.000214157,0.00364899,0.002738756,1761,"tags=35%, list=10%, signal=31%",HSPG2/GPC3/BGN/XYLT1/B3GAT2/AGRN/CSPG4/SDC3/XYLT2
REACTOME_MITOTIC_PROMETAPHASE,REACTOME_MITOTIC_PROMETAPHASE,199,-0.356577516,-1.622351062,0.000214804,0.00364899,0.002738756,5224,"tags=44%, list=29%, signal=31%",SMC1A/MZT2A/HAUS2/CENPM/CENPS/BUB1B/TUBB2B/HAUS1/MAD2L1/ZWINT/TUBAL3/CLASP1/EML4/PAFAH1B1/PPP2R5B/CSNK2A2/CEP70/CEP41/NEK9/KNL1/NUP160/PLK1/SGO2/PMF1/CEP78/OFD1/PDS5B/TUBB3/TAOK1/TUBGCP4/PPP2CA/CSNK1D/CENPH/ZWILCH/RCC2/TUBB/CENPK/NEDD1/SFI1/PPP2R1A/CEP43/NUP85/WAPL/DYNLL1/NCAPH/NUF2/MAPRE1/TUBA3D/HAUS8/CEP192/CCP110/DYNC1LI2/RANBP2/YWHAG/TUBA8/NSL1/SPDL1/NUP98/KNTC1/CENPU/NUP107/CENPP/SMC3/HAUS6/PPP1CC/DSN1/DYNC1LI1/CCNB1/SSNA1/CLIP1/NUP43/MIS12/SDCCAG8/STAG2/PDS5A/PLK4/NUP37/CEP76/NCAPG/TUBB4B/TUBB6/PRKAR2B/CENPQ/STAG1/SMC2/PPP2R1B/HSP90AA1
REACTOME_RESOLUTION_OF_D_LOOP_STRUCTURES,REACTOME_RESOLUTION_OF_D_LOOP_STRUCTURES,37,-0.560829038,-1.910673924,0.00021837,0.00366377,0.002749849,4185,"tags=51%, list=23%, signal=40%",BLM/KAT5/TOP3A/BARD1/GEN1/SPIDR/PALB2/BRIP1/XRCC3/MRE11/SLX4/NBN/BRCA1/DNA2/RAD51/EXO1/RAD51AP1/RMI1/XRCC2
REACTOME_SUMOYLATION_OF_UBIQUITINYLATION_PROTEINS,REACTOME_SUMOYLATION_OF_UBIQUITINYLATION_PROTEINS,39,-0.559019291,-1.937242633,0.000225613,0.00373913,0.002806411,2899,"tags=41%, list=16%, signal=35%",NUP85/POM121C/PIAS1/RANBP2/NUP98/NUP107/NUP42/NUP58/NUP43/NUP37/PIAS2/NUP50/NUP88/NUP54/MDM2/TRIM27
REACTOME_INTERACTIONS_OF_VPR_WITH_HOST_CELLULAR_PROTEINS,REACTOME_INTERACTIONS_OF_VPR_WITH_HOST_CELLULAR_PROTEINS,37,-0.558906409,-1.904123769,0.000234233,0.003809678,0.002859361,2899,"tags=54%, list=16%, signal=45%",AAAS/NUP153/NUP160/SLC25A5/NUP85/POM121C/RANBP2/NUP98/NUP107/PSIP1/NUP42/KPNA1/NUP58/NUP43/SLC25A6/NUP37/NUP50/NUP88/NUP54/SLC25A4
REACTOME_COMPLEX_I_BIOGENESIS,REACTOME_COMPLEX_I_BIOGENESIS,68,-0.472304757,-1.843057879,0.000236315,0.003809678,0.002859361,5687,"tags=54%, list=32%, signal=37%",NDUFC2/TMEM186/NDUFS3/NDUFB9/MT-ND4/NDUFS7/LYRM2/NDUFA2/NDUFA7/NDUFB4/NDUFA6/MT-ND2/NDUFS1/NDUFA11/TMEM126A/SFXN4/NDUFA1/HSCB/MT-ND3/NDUFC1/NDUFB7/FOXRED1/NDUFA10/NDUFS5/NDUFAF4/NDUFV2/NDUFB3/NDUFAF8/NDUFA9/HSPA9/NDUFB10/NDUFA8/NDUFB5/NDUFAF7/NDUFAB1/NDUFV1/NDUFA5
REACTOME_REGULATION_OF_TP53_ACTIVITY_THROUGH_PHOSPHORYLATION,REACTOME_REGULATION_OF_TP53_ACTIVITY_THROUGH_PHOSPHORYLATION,89,-0.443440744,-1.821348686,0.00023828,0.003809678,0.002859361,4216,"tags=46%, list=23%, signal=35%",RFC5/BLM/TAF12/MAPKAPK5/TAF2/RPS27A/KAT5/TAF1/TOP3A/BARD1/TBP/PRKAA1/TP53RK/RFC2/AURKA/CHEK1/CCNA2/RFC3/BRIP1/TAF4B/PRKAG2/PRKAG1/TAF9/MRE11/TAF11/UBA52/NBN/MAPK11/CCNA1/NOC2L/BRCA1/HUS1/DNA2/CHEK2/TOPBP1/EXO1/RMI1/MDM2/CDK5/HIPK1/HIPK2
REACTOME_TRANSCRIPTIONAL_REGULATION_BY_SMALL_RNAS,REACTOME_TRANSCRIPTIONAL_REGULATION_BY_SMALL_RNAS,93,-0.439627052,-1.8164551,0.000260401,0.004114948,0.003088482,4641,"tags=38%, list=26%, signal=28%",H3C8/AAAS/H4C8/NUP153/NUP160/H2BC4/POLR2C/H3C1/H4C14/POLR2D/POLR2H/POLR2K/POLR2B/H2AX/NUP85/POM121C/H2BC17/H3-3B/RANBP2/NUP98/NUP107/RAN/AGO1/NUP42/NUP58/H3C6/NUP43/H2BC15/AGO2/NUP37/H2AJ/NUP50/NUP88/NUP54/TNRC6A
REACTOME_CHOLESTEROL_BIOSYNTHESIS,REACTOME_CHOLESTEROL_BIOSYNTHESIS,26,0.625726609,1.956054784,0.000264704,0.004134862,0.003103428,3525,"tags=54%, list=20%, signal=43%",MSMO1/EBP/FDPS/MVD/DHCR7/FDFT1/HMGCR/HSD17B7/SQLE/CYP51A1/HMGCS1/NSDHL/ACAT2/PLPP6
REACTOME_ARACHIDONATE_METABOLISM,REACTOME_ARACHIDONATE_METABOLISM,50,0.517741439,1.899048681,0.000279837,0.004321576,0.003243567,2874,"tags=30%, list=16%, signal=25%",PTGIS/CYP2U1/EPHX2/PON1/SLC27A1/PTGES/DPEP1/AKR1C3/CYP2J2/CYP1B1/PLA2G4A/PTGS1/ABCC1/PON2/MAPKAPK2
REACTOME_IRE1ALPHA_ACTIVATES_CHAPERONES,REACTOME_IRE1ALPHA_ACTIVATES_CHAPERONES,50,0.512990369,1.881622004,0.00035916,0.005484246,0.004116211,4425,"tags=46%, list=25%, signal=35%",SHC1/KDELR3/TLN1/CTDSP2/ERN1/PDIA6/YIF1A/EXTL2/WFS1/GFPT1/TSPYL2/WIPI1/DCTN1/DNAJB9/SSR1/HYOU1/DDX11/DNAJB11/CUL7/HSPA5/SULT1A3/HDGF/EXTL3
REACTOME_INTERACTIONS_OF_REV_WITH_HOST_CELLULAR_PROTEINS,REACTOME_INTERACTIONS_OF_REV_WITH_HOST_CELLULAR_PROTEINS,37,-0.549821901,-1.873173993,0.000375224,0.00566588,0.004252537,4645,"tags=51%, list=26%, signal=38%",RANBP1/AAAS/NUP153/NUP160/NPM1/NUP85/POM121C/RANBP2/NUP98/NUP107/RAN/NUP42/NUP58/NUP43/NUP37/NUP50/NUP88/NUP54/RCC1
REACTOME_NUCLEAR_IMPORT_OF_REV_PROTEIN,REACTOME_NUCLEAR_IMPORT_OF_REV_PROTEIN,34,-0.566962469,-1.896376272,0.000433274,0.006470548,0.004856482,4555,"tags=53%, list=25%, signal=40%",AAAS/NUP153/NUP160/NPM1/NUP85/POM121C/RANBP2/NUP98/NUP107/RAN/NUP42/NUP58/NUP43/NUP37/NUP50/NUP88/NUP54/RCC1
REACTOME_PROCESSING_OF_CAPPED_INTRONLESS_PRE_MRNA,REACTOME_PROCESSING_OF_CAPPED_INTRONLESS_PRE_MRNA,29,-0.596695208,-1.935360171,0.000448052,0.006528501,0.004899979,4625,"tags=62%, list=26%, signal=46%",SNRPB/CSTF2T/CLP1/PCF11/CSTF1/CPSF4/CSTF3/SNRPD3/CSTF2/NCBP1/NUDT21/WDR33/CPSF6/PAPOLA/PABPN1/SLBP/NCBP2/CPSF2
REACTOME_CRISTAE_FORMATION,REACTOME_CRISTAE_FORMATION,33,-0.563393655,-1.870558324,0.000442444,0.006528501,0.004899979,4286,"tags=61%, list=24%, signal=46%",SAMM50/ATP5ME/APOO/ATP5F1A/ATP5MG/ATP5PD/ATP5MK/MICOS10/APOOL/ATP5F1C/ATP5PF/ATP5MC3/HSPA9/DMAC2L/ATP5F1B/MT-ATP8/ATP5MC1/MT-ATP6/ATP5PB/DNAJC11
REACTOME_TRANSCRIPTION_OF_THE_HIV_GENOME,REACTOME_TRANSCRIPTION_OF_THE_HIV_GENOME,68,-0.460606354,-1.797407621,0.000451567,0.006528501,0.004899979,4034,"tags=54%, list=22%, signal=42%",POLR2F/CDK9/GTF2B/POLR2J/TAF5/ELL/TAF4/CCNT1/TAF12/TAF2/POLR2C/TAF1/POLR2D/POLR2H/POLR2K/CTDP1/POLR2B/TBP/ELOA/CCNT2/NELFA/CCNH/NELFCD/GTF2A1/NCBP1/TAF4B/TAF9/TAF11/GTF2H3/MNAT1/NCBP2/CDK7/RNMT/GTF2F2/GTF2H1/GTF2E1/TCEA1
REACTOME_SARS_COV_1_MODULATES_HOST_TRANSLATION_MACHINERY,REACTOME_SARS_COV_1_MODULATES_HOST_TRANSLATION_MACHINERY,36,-0.559347788,-1.888176782,0.000460715,0.006590647,0.004946622,5518,"tags=67%, list=31%, signal=46%",RPS3A/RPS7/RPS26/RPS20/RPS14/RPS8/RPS10/RPS25/RPS18/HNRNPA1/RPS23/RPS27A/RPS24/RPS13/RPS11/RPS12/RPS17/RPS21/RPS16/RPS15/RPS6/RPS15A/RPSA/RPS3
REACTOME_TRANSLOCATION_OF_SLC2A4_GLUT4_TO_THE_PLASMA_MEMBRANE,REACTOME_TRANSLOCATION_OF_SLC2A4_GLUT4_TO_THE_PLASMA_MEMBRANE,69,-0.45248622,-1.760122767,0.00047693,0.006751547,0.005067386,3799,"tags=46%, list=21%, signal=37%",YWHAZ/RALGAPB/ASPSCR1/KIF3A/TUBB3/RHOQ/CALM1/TBC1D1/EXOC8/SFN/RALGAPA2/EXOC1/TUBA3D/RAB14/EXOC7/LNPEP/KIF3B/YWHAG/TUBA8/RAB8A/PRKAG2/PRKAG1/EXOC3/EXOC6/TUBB4B/EXOC2/TUBB6/SNAP23/EXOC5/C2CD5/AKT1/MYO5A
REACTOME_G2_M_DNA_DAMAGE_CHECKPOINT,REACTOME_G2_M_DNA_DAMAGE_CHECKPOINT,88,-0.422802263,-1.736088515,0.000492758,0.006899561,0.005178478,4395,"tags=39%, list=24%, signal=29%",H4C8/YWHAZ/RFC5/BLM/H2BC4/KAT5/H4C14/TOP3A/BARD1/UIMC1/H2AX/UBE2N/RNF168/RFC2/SFN/H2BC17/CHEK1/CCNA2/RFC3/BRIP1/YWHAG/MRE11/NBN/CCNB1/CCNA1/BRCA1/HUS1/DNA2/CHEK2/TOPBP1/H2BC15/EXO1/HERC2/RMI1
REACTOME_G_ALPHA_Q_SIGNALLING_EVENTS,REACTOME_G_ALPHA_Q_SIGNALLING_EVENTS,179,0.353950821,1.593187514,0.00049754,0.006899561,0.005178478,3839,"tags=35%, list=21%, signal=28%",RGS3/TAC3/DAGLA/PTGFR/GNG2/TACR3/PROK2/NTSR1/DGKK/EDNRA/QRFPR/BDKRB2/PROKR2/GPR39/ITPR1/RGS2/LPAR6/CCK/CCKBR/NTS/AVPR1B/PLCB2/GPR143/P2RY2/AGT/F2RL2/NMUR2/TAC1/DGKG/GRM5/GPR17/TRPC3/GHRL/FFAR3/GPR68/P2RY6/GNG4/MLNR/GRK5/OXT/XCL1/MCHR1/RASGRP2/AVPR1A/EDN2/ITPR3/GNG8/NMUR1/GRM1/CASR/RGS5/EGFR/GNGT2/BDKRB1/TBXA2R/LPAR2/KISS1/APP/DGKI/LPAR5/LPAR4/DGKB/AVP
REACTOME_SWITCHING_OF_ORIGINS_TO_A_POST_REPLICATIVE_STATE,REACTOME_SWITCHING_OF_ORIGINS_TO_A_POST_REPLICATIVE_STATE,79,-0.435898232,-1.762267089,0.000540657,0.007379881,0.005538983,5349,"tags=49%, list=30%, signal=35%",PSMD3/PSMB1/PSMD13/ORC6/PSMC5/PSMA4/PSMA3/PSMB6/CCNE1/PSMD7/ANAPC4/ORC2/RPS27A/CDC27/ANAPC7/PSMA5/UBE2E1/UBE2D1/CDC16/ORC1/ANAPC15/CDC6/PSMA6/CCNA2/PSMC2/PSMD12/MCM6/PSMC6/PSMD6/CDT1/UBA52/CCNA1/ANAPC5/ANAPC2/GMNN/CUL1/MCM2/MCM7/MCM4
REACTOME_ORGANELLE_BIOGENESIS_AND_MAINTENANCE,REACTOME_ORGANELLE_BIOGENESIS_AND_MAINTENANCE,288,-0.313357958,-1.485079638,0.000543038,0.007379881,0.005538983,4420,"tags=38%, list=25%, signal=29%",CRTC3/CEP41/TRIP11/BBS4/CRTC1/SAMM50/PLK1/TFB2M/ARL13B/IFT80/ATP5ME/APOO/TTC21B/MTERF1/ATP5F1A/CREBBP/GABPB1/CYS1/CEP78/KIF3A/OFD1/TUBB3/PPRC1/TBL1XR1/PPARGC1A/RAB11FIP3/CALM1/CSNK1D/CCT8/TWNK/ATP5MG/ATP5PD/MED1/ATP5MK/TUBB/NEDD1/EXOC8/SFI1/PPP2R1A/CEP43/SCLT1/MICOS10/BBS12/APOOL/DYNLL1/USP46/EXOC1/MAPRE1/IFT70B/TUBA3D/HAUS8/ATP5F1C/EXOC7/CEP192/KIF3B/CCP110/RP2/SSBP1/YWHAG/TUBA8/ATP5PF/CCT3/RAB8A/DYNC2I2/TFB1M/CCT2/ATP5MC3/PRKAG2/PRKAG1/EXOC3/HAUS6/KIF24/UNC119B/NCOA2/HSPA9/SSNA1/MAPK11/SDCCAG8/DMAC2L/GABPA/ATP5F1B/CCT5/MT-ATP8/ATP5MC1/TFAM/PLK4/DYNC2H1/IFT172/CEP76/TGS1/EXOC6/TBL1X/RAB3IP/MT-ATP6/MEF2C/TUBB4B/ATP5PB/EXOC2/TUBB6/ESRRA/PPARGC1B/CYCS/PRKAR2B/NCOA1/IFT56/EXOC5/DNAJC11/HSP90AA1/TCP1
REACTOME_RRNA_MODIFICATION_IN_THE_NUCLEUS_AND_CYTOSOL,REACTOME_RRNA_MODIFICATION_IN_THE_NUCLEUS_AND_CYTOSOL,60,-0.485015372,-1.863293013,0.000572516,0.007703456,0.005781843,6209,"tags=65%, list=34%, signal=43%",DDX49/NOL6/RRP9/NOP14/UTP14A/KRR1/NAT10/RPS7/WDR75/WDR3/DHX37/RRP36/RPS14/NOP10/DIMT1/DDX52/RRP7A/UTP25/NHP2/UTP4/PNO1/BMS1/GAR1/DKC1/MPHOSPH10/UTP3/THUMPD1/NOC4L/RPS6/UTP11/UTP6/FCF1/UTP18/UTP15/IMP3/EMG1/NOL11/WDR43/NOP58
REACTOME_SUMOYLATION_OF_CHROMATIN_ORGANIZATION_PROTEINS,REACTOME_SUMOYLATION_OF_CHROMATIN_ORGANIZATION_PROTEINS,66,-0.463944699,-1.798988665,0.000595581,0.007935241,0.00595581,4555,"tags=44%, list=25%, signal=33%",AAAS/H4C8/NUP153/NUP160/PHC3/H4C14/HDAC2/CBX8/PHC2/NUP85/POM121C/PIAS1/RANBP2/NUP98/NUP107/CHD3/NUP42/RING1/NUP58/NUP43/CBX2/NUP37/PIAS2/NUP50/NUP88/NUP54/SUZ12/ZBED1/SATB2
REACTOME_CARDIAC_CONDUCTION,REACTOME_CARDIAC_CONDUCTION,123,0.383262848,1.645708759,0.000633042,0.008352471,0.006268963,4957,"tags=43%, list=27%, signal=31%",RYR1/ATP2B2/DMPK/KCNK3/KCNK10/CAMK2D/SCN4A/PRKACA/ATP1A2/STIM1/KCNJ11/ITPR1/KCNK15/KCNK17/KCND2/ORAI2/NPR2/KCNK6/FXYD6/KCNIP4/FGF13/KCNIP1/MME/SLC8A2/CES1/ATP2A2/SCN2A/ITPR3/KCNA5/WWTR1/SCN1A/SCN11A/SCN7A/ATP1B1/CACNG7/KCNE5/FKBP1B/CACNA1C/SLC8A3/ORAI1/ATP2A1/KCNIP3/KCNK7/CACNG8/KCND3/KCNJ2/KCNK5/KCNJ12/KCNE2/CACNG6/CACNA2D2/ATP1A3/ATP2B3
REACTOME_ADIPOGENESIS,REACTOME_ADIPOGENESIS,105,-0.395478964,-1.675902753,0.000657639,0.008593572,0.006449922,3983,"tags=39%, list=22%, signal=31%",MED9/THRAP3/CREBBP/HDAC2/TBL1XR1/PPARGC1A/ZNF638/LEP/EP300/MED31/MED1/MED17/USP46/NCOA3/SREBF1/HNRNPU/CCND3/MBD3/MED19/MED14/CHD3/CCNC/WNT10B/NCOA2/EBF2/MED13L/MED24/SMAD4/MED6/MED11/KLF4/PRDM16/TGS1/TBL1X/MED29/PPARGC1B/CEBPA/NCOA1/COX7A1/MTA3/BMP7
REACTOME_MITOTIC_SPINDLE_CHECKPOINT,REACTOME_MITOTIC_SPINDLE_CHECKPOINT,110,-0.392313882,-1.669777608,0.000681443,0.008819814,0.006619728,5160,"tags=46%, list=29%, signal=33%",CENPM/CENPS/BUB1B/MAD2L1/ZWINT/CLASP1/PAFAH1B1/PPP2R5B/ANAPC4/KNL1/NUP160/PLK1/SGO2/PMF1/CDC27/TAOK1/PPP2CA/ANAPC7/UBE2E1/UBE2D1/CENPH/ZWILCH/RCC2/CENPK/PPP2R1A/CDC16/NUP85/ANAPC15/DYNLL1/NUF2/MAPRE1/DYNC1LI2/RANBP2/NSL1/SPDL1/NUP98/KNTC1/CENPU/NUP107/CENPP/PPP1CC/DSN1/DYNC1LI1/CLIP1/NUP43/MIS12/ANAPC5/ANAPC2/NUP37/CENPQ/PPP2R1B
REACTOME_RESOLUTION_OF_SISTER_CHROMATID_COHESION,REACTOME_RESOLUTION_OF_SISTER_CHROMATID_COHESION,124,-0.376446347,-1.628561408,0.000690166,0.008848443,0.006641216,5590,"tags=49%, list=31%, signal=34%",TUBB2A/SKA2/ZW10/TUBA1C/SMC1A/CENPM/CENPS/BUB1B/TUBB2B/MAD2L1/ZWINT/TUBAL3/CLASP1/PAFAH1B1/PPP2R5B/KNL1/NUP160/PLK1/SGO2/PMF1/PDS5B/TUBB3/TAOK1/PPP2CA/CENPH/ZWILCH/RCC2/CENPK/PPP2R1A/NUP85/WAPL/DYNLL1/NUF2/MAPRE1/TUBA3D/DYNC1LI2/RANBP2/TUBA8/NSL1/SPDL1/NUP98/KNTC1/CENPU/NUP107/CENPP/SMC3/PPP1CC/DSN1/DYNC1LI1/CCNB1/CLIP1/NUP43/MIS12/STAG2/PDS5A/NUP37/TUBB4B/TUBB6/CENPQ/STAG1/PPP2R1B
REACTOME_RESOLUTION_OF_D_LOOP_STRUCTURES_THROUGH_SYNTHESIS_DEPENDENT_STRAND_ANNEALING_SDSA,REACTOME_RESOLUTION_OF_D_LOOP_STRUCTURES_THROUGH_SYNTHESIS_DEPENDENT_STRAND_ANNEALING_SDSA,27,-0.602347902,-1.919868987,0.000796235,0.01011293,0.007590279,4185,"tags=59%, list=23%, signal=46%",BLM/KAT5/TOP3A/BARD1/PALB2/BRIP1/XRCC3/MRE11/NBN/BRCA1/DNA2/RAD51/EXO1/RAD51AP1/RMI1/XRCC2
REACTOME_GERM_LAYER_FORMATION_AT_GASTRULATION,REACTOME_GERM_LAYER_FORMATION_AT_GASTRULATION,17,-0.702157367,-1.956443749,0.000822017,0.010248822,0.007692273,4240,"tags=71%, list=24%, signal=54%",POU5F1/SMAD3/SOX2/TBXT/TBPL2/SMAD4/TCF7/TRIM33/GSC/MIXL1/NANOG/FOXH1
REACTOME_SARS_COV_2_ACTIVATES_MODULATES_INNATE_AND_ADAPTIVE_IMMUNE_RESPONSES,REACTOME_SARS_COV_2_ACTIVATES_MODULATES_INNATE_AND_ADAPTIVE_IMMUNE_RESPONSES,108,-0.401313607,-1.710755919,0.000821434,0.010248822,0.007692273,4685,"tags=43%, list=26%, signal=32%",PIK3R4/BECN1/AAAS/SEC24B/TBK1/TLR7/NUP153/NUP160/IKBKB/B2M/G3BP1/CREBBP/RPS27A/SIKE1/ATG14/IKBKG/TRAF3/UBE2N/SEC24C/NUP85/POM121C/RANBP2/HSP90AB1/NUP98/NUP107/NUP42/HLA-B/UBA52/NUP58/NUP43/JAK1/NUP37/NUP50/PIK3C3/NUP88/G3BP2/NUP54/CHUK/TOMM70/HLA-F/NLRP12/HSP90AA1/HLA-G/HLA-A/RIGI/TRIM25
REACTOME_MITOCHONDRIAL_PROTEIN_DEGRADATION,REACTOME_MITOCHONDRIAL_PROTEIN_DEGRADATION,97,-0.40312465,-1.669998159,0.000838508,0.010359384,0.007775255,4079,"tags=42%, list=23%, signal=33%",NDUFS1/BDH1/ATP5F1A/SLC25A5/COX4I1/TIMM9/PDHB/MRPL32/TWNK/ATP5MG/TIMM10/ATP5PD/LDHD/TRIAP1/UQCRC2/PMPCA/LONP1/COX5B/ATP5F1C/STARD7/SSBP1/ATP5PF/OMA1/COX5A/HSPA9/CLPX/MT-CO2/ACO2/ATP5F1B/TIMM17A/TFAM/SLC25A6/IDH3A/HSPD1/CS/MT-ATP6/MICU2/NDUFV1/MRPL12/PDHA1/AFG3L2
REACTOME_HDR_THROUGH_HOMOLOGOUS_RECOMBINATION_HRR,REACTOME_HDR_THROUGH_HOMOLOGOUS_RECOMBINATION_HRR,70,-0.443682363,-1.735688964,0.000864131,0.01048531,0.007869769,4216,"tags=46%, list=23%, signal=35%",RFC5/BLM/POLK/RPS27A/KAT5/TOP3A/BARD1/POLE/GEN1/RFC2/SPIDR/PALB2/CHEK1/RFC3/BRIP1/POLE2/XRCC3/RFC1/MRE11/SLX4/UBA52/NBN/BRCA1/HUS1/DNA2/TOPBP1/RAD51/EXO1/RAD51AP1/RMI1/PCNA/XRCC2
REACTOME_PROTEIN_LOCALIZATION,REACTOME_PROTEIN_LOCALIZATION,160,-0.352514189,-1.575124862,0.000858797,0.01048531,0.007869769,4286,"tags=39%, list=24%, signal=30%",SAMM50/SLC25A12/UBL4A/VAPA/PEX12/UBE2J2/ATP5F1A/TOMM40/RPS27A/TIMM9/PAM16/UBE2D1/HSCB/ZFAND6/TIMM8B/TIMM10/PECR/ABCD3/PMPCB/LDHD/ECI2/ACAA1/PMPCA/SEC61G/SGTA/ACOT8/TOMM22/TIMM23/DECR2/CHCHD10/COA6/PEX19/TIMM21/PEX26/COX17/PXMP2/TOMM6/CHCHD4/UBA52/HSPA9/ACBD5/TIMM8A/ABCD1/ACO2/ATP5F1B/TIMM17A/VDAC1/PEX10/ATP5MC1/SLC25A6/CHCHD7/HSPD1/ALDH3A2/CS/PEX1/IDE/SLC25A4/TIMM13/TOMM7/GRPEL1/TOMM70/PEX3/ACOX1
REACTOME_CELLULAR_SENESCENCE,REACTOME_CELLULAR_SENESCENCE,179,-0.343265309,-1.552699034,0.000881195,0.010597734,0.007954149,4038,"tags=34%, list=22%, signal=26%",PHC3/H2BC4/MAPKAPK5/HMGA2/RPS27A/KAT5/H3C1/CDC27/H4C14/RPS6KA2/LMNB1/SP1/MAPK1/ANAPC7/CBX8/UBE2E1/H2AX/UBE2D1/PHC2/MAP2K4/CDC16/ANAPC15/RB1/CDKN1B/H2BC17/CCNA2/H3-3B/TINF2/MAPK8/IL1A/CDK6/ID1/STAT3/AGO1/H1-1/MRE11/RING1/UBA52/NBN/H3C6/UBN1/MAPK11/CCNA1/MOV10/ANAPC5/ANAPC2/EZH2/EHMT1/MAPK9/H2BC15/CBX2/H2AJ/ETS2/SUZ12/TERF1/MDM2/E2F1/CABIN1/TNRC6A/VENTX
REACTOME_EXPORT_OF_VIRAL_RIBONUCLEOPROTEINS_FROM_NUCLEUS,REACTOME_EXPORT_OF_VIRAL_RIBONUCLEOPROTEINS_FROM_NUCLEUS,33,-0.546669373,-1.815030993,0.000889258,0.010600891,0.007956519,2899,"tags=39%, list=16%, signal=33%",NUP85/POM121C/RANBP2/NUP98/NUP107/RAN/NUP42/NUP58/NUP43/NUP37/NUP50/NUP88/NUP54
REACTOME_EPHA_MEDIATED_GROWTH_CONE_COLLAPSE,REACTOME_EPHA_MEDIATED_GROWTH_CONE_COLLAPSE,29,0.591221858,1.895332521,0.000966517,0.011401554,0.008557458,3827,"tags=59%, list=21%, signal=46%",FYN/MYH11/EPHA2/EPHA4/EPHA8/EPHA6/EFNA5/EPHA1/EPHA5/MYH10/MYL6/MYL9/EFNA1/EPHA10/SRC/MYH9/EPHA7
REACTOME_NEUREXINS_AND_NEUROLIGINS,REACTOME_NEUREXINS_AND_NEUROLIGINS,55,0.474942596,1.769230951,0.000973201,0.011401554,0.008557458,3098,"tags=40%, list=17%, signal=33%",GRIN2B/NLGN3/NRXN2/STXBP1/SYT9/SYT10/DLG2/DLG4/EPB41L1/GRIN2D/HOMER3/LIN7A/NRXN1/GRM5/SYT2/NLGN1/NRXN3/BEGAIN/DLGAP2/GRM1/NLGN4Y/DLGAP3
REACTOME_NUCLEAR_PORE_COMPLEX_NPC_DISASSEMBLY,REACTOME_NUCLEAR_PORE_COMPLEX_NPC_DISASSEMBLY,36,-0.533702998,-1.801608287,0.001035994,0.012033466,0.00903174,4555,"tags=47%, list=25%, signal=35%",AAAS/NEK9/NUP153/NUP160/NUP85/POM121C/RANBP2/NUP98/NUP107/NUP42/NUP58/CCNB1/NUP43/NUP37/NUP50/NUP88/NUP54
REACTOME_NEGATIVE_EPIGENETIC_REGULATION_OF_RRNA_EXPRESSION,REACTOME_NEGATIVE_EPIGENETIC_REGULATION_OF_RRNA_EXPRESSION,95,-0.413389563,-1.711847287,0.001045316,0.012038855,0.009035785,4641,"tags=38%, list=26%, signal=28%",H3C8/TAF1C/H4C8/SIN3A/SIN3B/H2BC4/POLR1B/H3C1/H4C14/HDAC2/POLR2H/POLR2K/POLR1F/H2AX/UBTF/TBP/TAF1B/H2BC17/SIRT1/H3-3B/CCNH/SAP18/TTF1/SUDS3/GTF2H3/SMARCA5/H3C6/SAP30L/H2BC15/DNMT3B/MBD2/MNAT1/H2AJ/CDK7/GTF2H1/SAP30
REACTOME_VIRAL_MESSENGER_RNA_SYNTHESIS,REACTOME_VIRAL_MESSENGER_RNA_SYNTHESIS,44,-0.501315778,-1.787380986,0.001056442,0.012064749,0.00905522,4555,"tags=57%, list=25%, signal=43%",NUP155/POLR2F/POLR2J/NDC1/AAAS/NUP153/NUP160/POLR2C/POLR2D/POLR2H/POLR2K/POLR2B/NUP85/POM121C/RANBP2/NUP98/NUP107/NUP42/NUP58/NUP43/NUP37/NUP50/NUP88/NUP54/GTF2F2
REACTOME_GASTRULATION,REACTOME_GASTRULATION,113,-0.381956157,-1.62629227,0.001080256,0.012233894,0.009182172,3510,"tags=31%, list=19%, signal=25%",SOX1/GATA4/TBXT/PAX6/PSMA5/EP300/YAP1/ZIC2/PSMA6/PSMC2/MYB/TBPL2/PSMD12/PSMC6/PSMD6/HES7/SMAD4/TFAP2A/DLL1/TCF7/TRIM33/GBX2/FGF8/FOXC1/MAML2/RBPJ/GSC/MIXL1/ZIC1/NANOG/TFAP2C/CDH1/FOXH1/PAX7/FGF4
REACTOME_DISEASES_OF_METABOLISM,REACTOME_DISEASES_OF_METABOLISM,232,0.321547279,1.49863135,0.001104917,0.012409769,0.009314176,4308,"tags=34%, list=24%, signal=26%",HSPG2/GPC3/MAT1A/ADAMTSL2/CYP2U1/IDS/BGN/G6PC3/MUC4/ADAMTS10/GNE/ST3GAL3/ADAMTS12/THBS1/UBC/MUC16/CFP/AGRN/PAH/CYP2R1/THSD1/PRELP/B4GALT1/CYP1B1/MAOA/OPLAH/CSF2RB/CYP27B1/CSPG4/HLCS/ADAMTS15/CYP26B1/LFNG/ADAMTS4/GLB1/SLC34A2/SDC3/LMBRD1/PPP1R3C/MUC12/POMT2/MUC5B/SEMA5B/CHST3/CHST14/DAG1/GFPT1/NOTCH1/ADAMTSL3/THSD7A/HPRT1/FDXR/ADA/THSD4/SRD5A3/GPC5/GPC1/ADAMTSL1/DBT/RFT1/ECHS1/GALK1/EXT2/UBB/SSPOP/FMOD/GAA/ALG1/GPC2/HEXB/GGT1/MUC20/SLC26A2/SFTPD/GNS/IDUA/ADAMTS5/ADAMTS17/ALG6
REACTOME_SEMA3A_PLEXIN_REPULSION_SIGNALING_BY_INHIBITING_INTEGRIN_ADHESION,REACTOME_SEMA3A_PLEXIN_REPULSION_SIGNALING_BY_INHIBITING_INTEGRIN_ADHESION,14,0.727120059,1.913402454,0.001152816,0.01284161,0.009638295,3571,"tags=71%, list=20%, signal=57%",FYN/RRAS/PLXNA2/RND1/TLN1/PLXNA4/FES/NRP1/PLXNA1/SEMA3A
REACTOME_PKMTS_METHYLATE_HISTONE_LYSINES,REACTOME_PKMTS_METHYLATE_HISTONE_LYSINES,64,-0.454532152,-1.750971873,0.001188106,0.013127121,0.009852586,3085,"tags=31%, list=17%, signal=26%",H3C1/H4C14/SETD2/NSD1/WDR5/SETD3/SMYD2/KMT5B/H3C6/AEBP2/EZH2/SETD6/EHMT1/KMT2C/PRDM16/ASH2L/SUZ12/PRDM9/DOT1L/MECOM
REACTOME_ACTIVATION_OF_THE_PRE_REPLICATIVE_COMPLEX,REACTOME_ACTIVATION_OF_THE_PRE_REPLICATIVE_COMPLEX,33,-0.53856642,-1.788127875,0.001213147,0.013295697,0.00997911,3188,"tags=42%, list=18%, signal=35%",POLA1/POLE/ORC1/CDC6/CDC45/POLE2/MCM6/CDT1/MCM10/GMNN/MCM2/MCM7/CDC7/MCM4
REACTOME_CO_INHIBITION_BY_PD_1,REACTOME_CO_INHIBITION_BY_PD_1,16,0.697740282,1.912481306,0.001238681,0.01346694,0.010107637,2269,"tags=38%, list=13%, signal=33%",CD4/HLA-DRB5/CD3D/CD274/HLA-DPB1/PDCD1
REACTOME_HOMOLOGOUS_DNA_PAIRING_AND_STRAND_EXCHANGE,REACTOME_HOMOLOGOUS_DNA_PAIRING_AND_STRAND_EXCHANGE,43,-0.507015094,-1.802791372,0.001251019,0.013493128,0.010127293,4216,"tags=51%, list=23%, signal=39%",RFC5/BLM/KAT5/TOP3A/BARD1/RFC2/PALB2/CHEK1/RFC3/BRIP1/XRCC3/MRE11/NBN/BRCA1/HUS1/DNA2/TOPBP1/RAD51/EXO1/RAD51AP1/RMI1/XRCC2
REACTOME_PROCESSING_OF_INTRONLESS_PRE_MRNAS,REACTOME_PROCESSING_OF_INTRONLESS_PRE_MRNAS,20,-0.653513375,-1.917109853,0.00127334,0.013519293,0.010146931,4504,"tags=75%, list=25%, signal=56%",CSTF2T/CLP1/PCF11/CSTF1/CPSF4/CSTF3/CSTF2/NCBP1/NUDT21/WDR33/CPSF6/PAPOLA/PABPN1/NCBP2/CPSF2
REACTOME_DEADENYLATION_DEPENDENT_MRNA_DECAY,REACTOME_DEADENYLATION_DEPENDENT_MRNA_DECAY,56,-0.468269235,-1.777634852,0.001266758,0.013519293,0.010146931,4177,"tags=48%, list=23%, signal=37%",DCP1A/LSM7/EIF4E/EIF4A1/LSM4/EXOSC8/LSM6/LSM2/LSM1/SKIC8/PAIP1/XRN1/CNOT7/EXOSC2/EIF4B/EXOSC3/EXOSC6/CNOT2/PARN/DCP2/DIS3/EXOSC4/LSM5/DDX6/EXOSC9/SKIC3/TUT4
REACTOME_BIOLOGICAL_OXIDATIONS,REACTOME_BIOLOGICAL_OXIDATIONS,172,0.343994144,1.545404551,0.001303386,0.013731024,0.010305846,4590,"tags=38%, list=25%, signal=29%",MAT1A/PTGIS/CYP2U1/DPEP1/GLYATL1/SULT2B1/PODXL2/GSTM3/AOC1/GGT7/CYP2A13/GSTT2/SULT1A2/CYP2R1/MTARC1/CYP2J2/CYP1B1/UGT3A1/MAOA/OPLAH/CYP27B1/PAPSS1/ALDH2/CYP26B1/GSTM2/ACSS2/CHAC1/AIP/PTGS1/SULT4A1/ALDH1B1/CYP2A7/CES1/GLYATL2/UGT3A2/MAOB/SULT1A1/PAOX/GSTK1/UGT1A7/CYP2S1/ALDH1A1/CYP51A1/FDXR/TPST2/ESD/CYP2A6/ACSM1/GSTM1/MGST1/CYP46A1/COMT/CES3/GGT1/GGT6/SULT1A3/ARNT2/SLC26A2/SMOX/CYP39A1/FMO1/AKR1A1/SLC35D1/NAT1/ADH6/CMBL
REACTOME_SIGNALING_BY_FGFR_IN_DISEASE,REACTOME_SIGNALING_BY_FGFR_IN_DISEASE,61,-0.446340068,-1.713293393,0.001490962,0.015586285,0.011698315,3629,"tags=41%, list=20%, signal=33%",POLR2D/ZMYM2/POLR2H/POLR2K/POLR2B/GRB2/CEP43/BCR/FGF20/NCBP1/STAT3/BAG4/LRRFIP1/ERLIN2/CPSF6/GAB1/SOS1/FGFR3/FGFR2/FGF17/NCBP2/GTF2F2/FGF8/KRAS/FGF4
REACTOME_SUMOYLATION_OF_RNA_BINDING_PROTEINS,REACTOME_SUMOYLATION_OF_RNA_BINDING_PROTEINS,46,-0.491880698,-1.780222406,0.001598011,0.016577838,0.012442527,4555,"tags=48%, list=25%, signal=36%",AAAS/NUP153/NUP160/PHC3/CBX8/PHC2/NUP85/POM121C/RANBP2/NUP98/NUP107/NUP42/RING1/NUP58/NUP43/HNRNPK/CBX2/NUP37/NUP50/NUP88/NUP54/NOP58
REACTOME_DEGRADATION_OF_BETA_CATENIN_BY_THE_DESTRUCTION_COMPLEX,REACTOME_DEGRADATION_OF_BETA_CATENIN_BY_THE_DESTRUCTION_COMPLEX,72,-0.429787562,-1.698284798,0.001629256,0.016773929,0.012589704,5517,"tags=47%, list=31%, signal=33%",MYC/APC/PSMD3/PSMB1/PSMD13/PSMC5/PSMA4/PSMA3/PSMB6/PPP2R5B/PSMD7/AMER1/RPS27A/AXIN1/PPP2CA/PSMA5/FRAT2/PPP2R1A/PSMA6/CTBP2/PSMC2/PSMD12/PSMC6/PSMD6/UBA52/TLE3/TLE2/TCF7/CUL1/TLE5/TLE1/FRAT1/PPP2R1B/AXIN2
REACTOME_TRIGLYCERIDE_CATABOLISM,REACTOME_TRIGLYCERIDE_CATABOLISM,18,0.655254722,1.872815535,0.001743337,0.017813497,0.013369953,2316,"tags=50%, list=13%, signal=44%",FABP7/LIPE/PRKACA/FABP3/GPD2/PLIN3/PPP1CA/PNPLA5/FABP6
REACTOME_FORMATION_OF_ATP_BY_CHEMIOSMOTIC_COUPLING,REACTOME_FORMATION_OF_ATP_BY_CHEMIOSMOTIC_COUPLING,20,-0.643284722,-1.887103654,0.001801533,0.018270767,0.013713158,4047,"tags=70%, list=22%, signal=54%",ATP5ME/ATP5F1A/ATP5MG/ATP5PD/ATP5MK/ATP5F1C/ATP5PF/ATP5MC3/DMAC2L/ATP5F1B/MT-ATP8/ATP5MC1/MT-ATP6/ATP5PB
REACTOME_DISEASES_ASSOCIATED_WITH_GLYCOSAMINOGLYCAN_METABOLISM,REACTOME_DISEASES_ASSOCIATED_WITH_GLYCOSAMINOGLYCAN_METABOLISM,36,0.521998208,1.769635802,0.00185369,0.018660479,0.014005658,4176,"tags=50%, list=23%, signal=38%",HSPG2/GPC3/BGN/ST3GAL3/AGRN/PRELP/B4GALT1/CSPG4/SDC3/CHST3/CHST14/GPC5/GPC1/EXT2/FMOD/GPC2/HEXB/SLC26A2
REACTOME_FATTY_ACID_METABOLISM,REACTOME_FATTY_ACID_METABOLISM,161,0.345043322,1.532533025,0.001889462,0.018880731,0.014170968,3342,"tags=26%, list=19%, signal=21%",PTGIS/CYP2U1/HADH/EPHX2/PON1/SLC27A1/TECR/PTGES/DPEP1/MORC2/ACOT1/HADHA/HSD17B12/ELOVL3/AKR1C3/ACBD7/ACSF2/EHHADH/NUDT19/NUDT7/CYP2J2/CYP1B1/ACOXL/PPT1/FADS2/AMACR/PLA2G4A/ELOVL5/PTGS1/HACD3/ACSL1/SLC22A5/FADS1/ABCC1/CPT1B/PON2/MAPKAPK2/ACADL/ACSL6/DBI/ACLY/ECHS1
REACTOME_SUMOYLATION_OF_DNA_DAMAGE_RESPONSE_AND_REPAIR_PROTEINS,REACTOME_SUMOYLATION_OF_DNA_DAMAGE_RESPONSE_AND_REPAIR_PROTEINS,76,-0.420905699,-1.690588622,0.001980783,0.019648793,0.014747438,4373,"tags=43%, list=24%, signal=33%",NUP153/NUP160/SMC6/BLM/PHC3/NSMCE2/CBX8/PHC2/RNF168/NUP85/POM121C/PIAS1/RANBP2/NUP98/NUP107/SMC3/NUP42/RING1/NUP58/NUP43/STAG2/BRCA1/CBX2/XRCC4/NUP37/PIAS2/EID3/NUP50/HERC2/NUP88/NUP54/STAG1/TDG
REACTOME_CELL_CELL_COMMUNICATION,REACTOME_CELL_CELL_COMMUNICATION,138,0.360949096,1.570742109,0.002089814,0.020580128,0.015446454,4406,"tags=43%, list=24%, signal=33%",CLDN19/AMOT/ITGA6/FYN/CADM2/HEYL/CDH5/TNRC6B/CADM3/PARVB/NECTIN2/KIRREL2/PTK2B/CLDN5/CLDN10/NPHS1/CDH11/CLDN3/CDH15/CADM1/CLDN12/VASP/ACTN3/CDH4/ACTN2/ACTN1/CLDN4/LIMS2/SDK1/ADAM33/ACTB/KIRREL1/ILK/LAMB3/CDH17/NECTIN1/ZC3H12A/PTK2/ZEB2/ANGPTL4/ITGB4/SIRPB1/F11R/CDH2/CDH13/SRC/COL17A1/CLDN11/PXN/ACTN4/ITGB1/CDH3/CDH18/RSU1/FLNC/CDH8/SFTPD/AGO3/CDH10/KIRREL3
REACTOME_NS1_MEDIATED_EFFECTS_ON_HOST_PATHWAYS,REACTOME_NS1_MEDIATED_EFFECTS_ON_HOST_PATHWAYS,41,-0.515323471,-1.801746137,0.002214926,0.021655284,0.016253414,4555,"tags=51%, list=25%, signal=38%",AAAS/NUP153/NUP160/KPNA3/CPSF4/KPNA5/EIF2AK2/NUP85/POM121C/RANBP2/NUP98/NUP107/NUP42/KPNA1/NUP58/NUP43/PABPN1/NUP37/NUP50/NUP88/NUP54
REACTOME_SUMOYLATION_OF_SUMOYLATION_PROTEINS,REACTOME_SUMOYLATION_OF_SUMOYLATION_PROTEINS,35,-0.524370715,-1.759084766,0.00225671,0.021906205,0.016441743,2899,"tags=37%, list=16%, signal=31%",NUP85/POM121C/RANBP2/NUP98/NUP107/NUP42/NUP58/NUP43/NUP37/TOPORS/NUP50/NUP88/NUP54
REACTOME_TELOMERE_MAINTENANCE,REACTOME_TELOMERE_MAINTENANCE,100,-0.386588598,-1.616357911,0.002445514,0.023570592,0.017690952,4432,"tags=37%, list=25%, signal=28%",CHTF18/H4C8/RFC5/BLM/H2BC4/POLR2C/NHP2/POLA1/H4C14/POLR2D/GAR1/POLR2H/POLR2K/POLR2B/H2AX/DKC1/RFC2/H2BC17/CCNA2/H3-3B/RFC3/TINF2/RUVBL1/RFC1/ANKRD28/CCNA1/DNA2/H2BC15/PIF1/H2AJ/FEN1/CHTF8/PPP6C/DSCC1/TERF1/PCNA/PPP6R3
REACTOME_CELL_JUNCTION_ORGANIZATION,REACTOME_CELL_JUNCTION_ORGANIZATION,105,0.377516367,1.58772933,0.002532315,0.024235325,0.018189869,4701,"tags=48%, list=26%, signal=35%",CLDN19/AMOT/ITGA6/CADM2/HEYL/CDH5/TNRC6B/CADM3/PARVB/NECTIN2/CLDN5/CLDN10/CDH11/CLDN3/CDH15/CADM1/CLDN12/VASP/CDH4/ACTN1/CLDN4/LIMS2/SDK1/ADAM33/ACTB/ILK/LAMB3/CDH17/NECTIN1/ZC3H12A/ZEB2/ANGPTL4/ITGB4/F11R/CDH2/CDH13/COL17A1/CLDN11/PXN/ITGB1/CDH3/CDH18/RSU1/FLNC/CDH8/AGO3/CDH10/CDH7/LAMA3/TNRC6C
REACTOME_POSTMITOTIC_NUCLEAR_PORE_COMPLEX_NPC_REFORMATION,REACTOME_POSTMITOTIC_NUCLEAR_PORE_COMPLEX_NPC_REFORMATION,27,-0.567863781,-1.809957432,0.002562283,0.024311417,0.01824698,2899,"tags=52%, list=16%, signal=44%",UBE2I/NUP155/NDC1/TNPO1/NUP160/NUP85/NUP98/NUP107/RAN/NUP58/NUP43/NUP37/NUP54/RCC1
REACTOME_EXPRESSION_OF_BMAL_ARNTL_CLOCK_AND_NPAS2,REACTOME_EXPRESSION_OF_BMAL_ARNTL_CLOCK_AND_NPAS2,36,-0.513637657,-1.733874199,0.002598155,0.024311417,0.01824698,4420,"tags=47%, list=25%, signal=36%",CRTC3/CRTC1/CREBBP/TBL1XR1/PPARGC1A/EP300/MED1/SIRT1/USP46/RORA/NCOA2/RORB/TGS1/TBL1X/MEF2C/NCOA1/RAI1
REACTOME_COLLAGEN_FORMATION,REACTOME_COLLAGEN_FORMATION,86,0.397403684,1.62114128,0.002614345,0.024311417,0.01824698,3768,"tags=45%, list=21%, signal=36%",ITGA6/COL9A1/P3H1/LOXL2/P3H3/TLL1/COLGALT2/PCOLCE/LOXL1/COL2A1/COLGALT1/MMP9/COL16A1/PLOD1/LOXL4/PPIB/COL8A2/P4HA3/COL6A3/COL23A1/COL15A1/PLOD3/LAMB3/COL1A1/COL24A1/COL4A3/COL14A1/LOX/COL19A1/ITGB4/COL26A1/COL25A1/COL6A5/COL3A1/COL18A1/CTSL/COL17A1/COL1A2/COL5A3
REACTOME_VISUAL_PHOTOTRANSDUCTION,REACTOME_VISUAL_PHOTOTRANSDUCTION,76,0.406040624,1.611453364,0.002624399,0.024311417,0.01824698,5055,"tags=46%, list=28%, signal=33%",HSPG2/GPC3/LPL/RGS9/MYO7A/LRP1/LRP10/APOE/AKR1C3/AGRN/PLB1/APOA1/CNGA1/RDH8/SDC3/RDH11/LRP8/GPC5/GPC1/LRP2/AKR1B10/AKR1C1/GPC2/CAMKMT/BCO1/RDH16/RDH12/LDLR/GUCA1B/GNB1/GNAT1/LRP12/APOA2/CNGB1/RGS9BP
REACTOME_GENE_SILENCING_BY_RNA,REACTOME_GENE_SILENCING_BY_RNA,123,-0.366028961,-1.581015856,0.002629712,0.024311417,0.01824698,4736,"tags=37%, list=26%, signal=28%",ELAC2/H3C8/AAAS/H4C8/NUP153/ANG/NUP160/H2BC4/POLR2C/MOV10L1/H3C1/H4C14/POLR2D/POLR2H/POLR2K/POLR2B/H2AX/XPO5/NUP85/POM121C/PIWIL2/H2BC17/H3-3B/RANBP2/TSNAX/NUP98/NUP107/RAN/AGO1/DICER1/NUP42/NUP58/H3C6/NUP43/H2BC15/MAEL/AGO2/NUP37/H2AJ/NUP50/DGCR8/NUP88/NUP54/TNRC6A/HSP90AA1/TDRD1
REACTOME_MRNA_SPLICING_MINOR_PATHWAY,REACTOME_MRNA_SPLICING_MINOR_PATHWAY,50,-0.469966835,-1.733251003,0.002667511,0.024494235,0.018384194,5820,"tags=50%, list=32%, signal=34%",TXNL4A/EFTUD2/SF3B6/POLR2F/POLR2J/SNRPB/SNRNP35/SF3B4/SF3B2/DDX42/ZCRB1/POLR2C/POLR2D/POLR2H/POLR2K/PRPF6/POLR2B/SNRPD1/SNRPD3/SRSF2/NCBP1/SRSF1/NCBP2/GTF2F2/PRPF8
REACTOME_EICOSANOID_LIGAND_BINDING_RECEPTORS,REACTOME_EICOSANOID_LIGAND_BINDING_RECEPTORS,13,0.717933503,1.857798412,0.002751565,0.025089088,0.018830662,3128,"tags=62%, list=17%, signal=51%",PTGFR/PTGER4/PTGER3/PTGER2/PTGIR/GPR17/PTGDR/TBXA2R
REACTOME_EPH_EPHRIN_SIGNALING,REACTOME_EPH_EPHRIN_SIGNALING,92,0.392983155,1.63139576,0.002769215,0.025089088,0.018830662,2976,"tags=32%, list=17%, signal=26%",GRIN2B/FYN/EPHB1/PSEN1/MYH11/EPHA2/EPHA4/PSEN2/MMP9/MMP2/EPHA8/EPHA6/EFNA5/ARPC1B/LIMK1/ARPC5/EPHA1/EPHA5/MYL12A/NCSTN/ACTR3/MYH10/MYL6/MYL9/EFNA1/ACTB/ARHGEF28/EPHA10/PTK2
REACTOME_METABOLISM_OF_STEROIDS,REACTOME_METABOLISM_OF_STEROIDS,136,0.348452747,1.515584523,0.002881451,0.025933058,0.019464106,5502,"tags=46%, list=31%, signal=32%",MSMO1/EBP/INSIG1/FDPS/HSD17B12/AKR1C3/AKR1B1/CYP2R1/MVD/SLC51A/TSPOAP1/OSBPL6/TSPO/STARD4/CYP27B1/DHCR7/FDFT1/AMACR/SEC24D/OSBPL9/HMGCR/STARD5/HSD17B7/ABCC3/FABP6/SQLE/CYP51A1/HMGCS1/FDXR/AKR1B15/SLC27A5/SAR1B/NSDHL/ACAT2/SRD5A3/LRP2/BAAT/LGMN/CHD9/PLPP6/SLC10A1/SCD/CYP46A1/HELZ2/AKR1C1/SRD5A2/CYP39A1/HSD17B14/LSS/AKR1C2/SLC27A2/LHB/CH25H/MBTPS1/ACOX2/MVK/STARD3NL/SC5D/ABCB11/ACACB/CYP19A1/TM7SF2
REACTOME_MITOCHONDRIAL_RNA_DEGRADATION,REACTOME_MITOCHONDRIAL_RNA_DEGRADATION,10,-0.751951417,-1.773943069,0.002922199,0.026126763,0.019609491,2504,"tags=70%, list=14%, signal=60%",SUPV3L1/GRSF1/PNPT1/LRPPRC/FASTKD5/TBRG4/SLIRP
REACTOME_NUCLEAR_RNA_DECAY,REACTOME_NUCLEAR_RNA_DECAY,34,-0.518988219,-1.735911985,0.003033874,0.02677295,0.020094488,4539,"tags=59%, list=25%, signal=44%",MTREX/TENT4A/ZCCHC8/EXOSC8/ZC3H4/EXOSC2/MPHOSPH6/EXOSC3/EXOSC6/NCBP1/DIS3/TENT4B/EXOSC4/WDR82/XRN2/PABPN1/EXOSC9/EXOSC10/NCBP2/C1D
REACTOME_SIGNALING_BY_FGFR,REACTOME_SIGNALING_BY_FGFR,87,-0.397172943,-1.625874298,0.003033417,0.02677295,0.020094488,3802,"tags=39%, list=21%, signal=31%",RPS27A/POLR2D/MAPK1/POLR2H/POLR2K/POLR2B/PPP2CA/PTBP1/HNRNPH1/GRB2/PPP2R1A/MKNK1/FGF20/ESRP2/NCBP1/GALNT3/UBA52/HNRNPM/HNRNPF/GAB1/SOS1/FGFR3/FGFR2/ESRP1/SPRED2/FGF17/NCBP2/GTF2F2/FLRT1/FGF8/FGF19/KRAS/SPRY2/FGF4
REACTOME_DNA_STRAND_ELONGATION,REACTOME_DNA_STRAND_ELONGATION,32,-0.523890675,-1.732480962,0.003218215,0.028035603,0.021042174,3784,"tags=50%, list=21%, signal=40%",RFC5/GINS4/POLA1/GINS1/RFC2/RFC3/GINS2/CDC45/RFC1/MCM6/DNA2/FEN1/MCM2/MCM7/MCM4/PCNA
REACTOME_DISEASES_OF_GLYCOSYLATION,REACTOME_DISEASES_OF_GLYCOSYLATION,131,0.351871327,1.521426451,0.003207041,0.028035603,0.021042174,4308,"tags=39%, list=24%, signal=30%",HSPG2/GPC3/ADAMTSL2/BGN/MUC4/ADAMTS10/GNE/ST3GAL3/ADAMTS12/THBS1/MUC16/CFP/AGRN/THSD1/PRELP/B4GALT1/CSPG4/ADAMTS15/LFNG/ADAMTS4/GLB1/SDC3/MUC12/POMT2/MUC5B/SEMA5B/CHST3/CHST14/DAG1/GFPT1/NOTCH1/ADAMTSL3/THSD7A/THSD4/SRD5A3/GPC5/GPC1/ADAMTSL1/RFT1/GALK1/EXT2/SSPOP/FMOD/ALG1/GPC2/HEXB/MUC20/SLC26A2/ADAMTS5/ADAMTS17/ALG6
REACTOME_KSRP_KHSRP_BINDS_AND_DESTABILIZES_MRNA,REACTOME_KSRP_KHSRP_BINDS_AND_DESTABILIZES_MRNA,17,-0.666427638,-1.85688885,0.003243847,0.028078905,0.021074674,2925,"tags=76%, list=16%, signal=64%",YWHAZ/EXOSC8/EXOSC2/EXOSC3/EXOSC6/PARN/DCP2/DIS3/EXOSC4/MAPK11/KHSRP/EXOSC9/AKT1
REACTOME_TRANSMISSION_ACROSS_CHEMICAL_SYNAPSES,REACTOME_TRANSMISSION_ACROSS_CHEMICAL_SYNAPSES,250,0.305627768,1.430052242,0.003318959,0.028547249,0.021426191,3161,"tags=28%, list=18%, signal=23%",GRIK5/GRIN2B/PPFIA3/STXBP1/GRIA3/SYN1/PRKCB/GNG2/CACNB3/SYN3/RIMS1/ADCY7/CAMK2D/CHRNB2/PRKACA/KCNJ6/KIF17/SLC6A11/GRIK2/DLG2/NCALD/ADCY6/SLC1A2/CHRNA9/TUBB4A/HTR3A/SLC32A1/CHRNA7/CAMK1/GRIA1/CACNA1E/GABRA3/DLG4/TUBA4A/TSPOAP1/MAOA/GABRA4/ALDH2/GABRA2/LRRC7/EPB41L1/GRIN2D/TSPAN7/PLCB2/ERBB4/ACTN2/LIN7A/CACNG3/ADCY4/CHRND/PPFIA2/NRG1/ARHGEF9/CHRNA2/SLC18A2/GNG4/KCNJ3/GLS2/SNAP25/KCNJ10/HTR3C/RASGRF2/BCHE/GNG8/ALDH5A1/GNGT2/GRIK4/TUBA4B/ADCY3
REACTOME_CYTOPROTECTION_BY_HMOX1,REACTOME_CYTOPROTECTION_BY_HMOX1,56,-0.445022584,-1.689386352,0.003351951,0.028649692,0.02150308,4230,"tags=46%, list=23%, signal=36%",SIN3A/STAP2/SIN3B/HBA2/CREBBP/COX4I1/NDUFA4/TBL1XR1/COX7A2/MED1/COX7B/COX5B/COX6A1/STAT3/COX8A/COX5A/COX6C/NCOA2/MT-CO2/HMOX2/TGS1/TBL1X/CYCS/NCOA1/COX7A1/MT-CO3
REACTOME_ACTIVATION_OF_ATR_IN_RESPONSE_TO_REPLICATION_STRESS,REACTOME_ACTIVATION_OF_ATR_IN_RESPONSE_TO_REPLICATION_STRESS,37,-0.49516072,-1.686950233,0.003415747,0.028832296,0.021640134,2966,"tags=38%, list=16%, signal=32%",RFC2/ORC1/CDC6/CHEK1/RFC3/CDC25A/CDC45/MCM6/MCM10/HUS1/MCM2/MCM7/CDC7/MCM4
REACTOME_HDR_THROUGH_SINGLE_STRAND_ANNEALING_SSA,REACTOME_HDR_THROUGH_SINGLE_STRAND_ANNEALING_SSA,37,-0.495052427,-1.686581292,0.003415747,0.028832296,0.021640134,4216,"tags=49%, list=23%, signal=37%",RFC5/BLM/KAT5/TOP3A/BARD1/RFC2/ERCC4/RFC3/BRIP1/MRE11/NBN/BRCA1/HUS1/DNA2/TOPBP1/RAD51/EXO1/RMI1
REACTOME_RHOBTB_GTPASE_CYCLE,REACTOME_RHOBTB_GTPASE_CYCLE,35,-0.514258834,-1.725162858,0.00356222,0.029883069,0.022428794,3065,"tags=37%, list=17%, signal=31%",ROCK2/MSI2/TWF1/COPS2/HSP90AB1/SPEN/CCT2/TXNL1/PDE5A/MYO6/CCT6A/TMOD3/HSP90AA1
REACTOME_TRANSCRIPTIONAL_ACTIVATION_OF_MITOCHONDRIAL_BIOGENESIS,REACTOME_TRANSCRIPTIONAL_ACTIVATION_OF_MITOCHONDRIAL_BIOGENESIS,53,-0.463348609,-1.744247524,0.003592249,0.029950099,0.022479103,4420,"tags=49%, list=25%, signal=37%",CRTC3/CRTC1/TFB2M/MTERF1/CREBBP/GABPB1/PPRC1/TBL1XR1/PPARGC1A/CALM1/TWNK/MED1/USP46/SSBP1/TFB1M/NCOA2/GABPA/ATP5F1B/TFAM/TGS1/TBL1X/MEF2C/ESRRA/PPARGC1B/CYCS/NCOA1
REACTOME_TRANSCRIPTIONAL_REGULATION_BY_RUNX1,REACTOME_TRANSCRIPTIONAL_REGULATION_BY_RUNX1,199,-0.323449709,-1.471626662,0.003735113,0.030763752,0.023089792,4641,"tags=37%, list=26%, signal=28%",H3C8/CSNK2A2/PSMD7/NFE2/CBFB/SETD1B/H4C8/SIN3A/RYBP/SIN3B/PHC3/H2BC4/CREBBP/SOCS4/RPS27A/H3C1/H4C14/AXIN1/SMARCE1/ARID1B/PSMA5/PRKCQ/CBX8/H2AX/EP300/YAP1/PHC2/GATA2/GPAM/RUNX1/WDR5/H2BC17/CTSK/PSMA6/CTSV/SMARCA2/H3-3B/PSMC2/CCNH/ARID2/PF4/SMARCC1/PBRM1/ELF2/CDK6/CCND3/MYB/ELF1/AGO1/PSMD12/PSMC6/PSMD6/RING1/UBA52/H3C6/CCND2/MOV10/TAL1/SMARCD2/H2BC15/AGO2/CBX2/MNAT1/H2AJ/KMT2C/PRMT6/NR4A3/ESR1/CDK7/ASH2L/HIPK2/TNRC6A/CCND1/PAX5
REACTOME_INTRACELLULAR_SIGNALING_BY_SECOND_MESSENGERS,REACTOME_INTRACELLULAR_SIGNALING_BY_SECOND_MESSENGERS,288,-0.293441743,-1.390691848,0.003719647,0.030763752,0.023089792,3802,"tags=28%, list=21%, signal=23%",RPS27A/TNKS2/AHCYL1/HDAC2/PTEN/PIK3AP1/MAPK1/PPP2CA/CALM1/PSMA5/FRK/CBX8/RRAGC/PRKCE/PHC2/CASP9/GRB2/PPP2R1A/ADCY5/CDKN1B/STRN/NTRK3/PSMA6/PRKAR2A/PSMC2/FGF20/PIK3CB/NRG3/MBD3/PIP5K1B/AGO1/CHD3/PSMD12/PSMC6/PSMD6/RING1/LAMTOR3/UBA52/MOV10/KIT/GAB1/EZH2/PRKX/FOXO1/AGO2/CBX2/PDGFA/FGFR3/FGFR2/FOXO4/USP13/FGF17/CAMKK2/ESR1/PDGFRA/REST/PDPK1/CHUK/SUZ12/ERBB3/MDM2/FGF8/MKRN1/RRAGA/PRKAR2B/FGF19/USP7/MAPKAP1/KITLG/PIP4K2A/TNRC6A/PHLPP2/MTA3/PPP2R1B/SGK1/TRIM27/AKT1/FGF4/MECOM/PRKCA/RRAGD
REACTOME_NONHOMOLOGOUS_END_JOINING_NHEJ,REACTOME_NONHOMOLOGOUS_END_JOINING_NHEJ,60,-0.440972764,-1.694093668,0.003816929,0.031248231,0.023453418,4035,"tags=45%, list=22%, signal=35%",H4C2/POLL/DCLRE1C/ABRAXAS1/BRCC3/H2BC14/UBE2V2/H4C8/H2BC4/KAT5/H4C14/BARD1/UIMC1/H2AX/UBE2N/RNF168/H2BC17/PRKDC/MRE11/NBN/PAXIP1/BRCA1/XRCC5/H2BC15/XRCC4/HERC2/RIF1
REACTOME_HEPARAN_SULFATE_HEPARIN_HS_GAG_METABOLISM,REACTOME_HEPARAN_SULFATE_HEPARIN_HS_GAG_METABOLISM,56,0.445818904,1.664060778,0.003970738,0.032312772,0.024252412,2036,"tags=29%, list=11%, signal=25%",HSPG2/GPC3/IDS/BGN/XYLT1/HPSE/GLB1L2/B3GAT2/AGRN/HS3ST1/CSPG4/GLB1/SDC3/NDST3/XYLT2/HS6ST2
REACTOME_NUCLEAR_ENVELOPE_BREAKDOWN,REACTOME_NUCLEAR_ENVELOPE_BREAKDOWN,53,-0.459020834,-1.727955878,0.004077642,0.032985209,0.024757111,4555,"tags=43%, list=25%, signal=33%",AAAS/NEK9/NUP153/NUP160/PLK1/LMNB1/VRK1/NUP85/POM121C/RANBP2/VRK2/NUP98/NUP107/NUP42/NUP58/CCNB1/NUP43/TMPO/NUP37/NUP50/NUP88/NUP54/PRKCA
REACTOME_EPH_EPHRIN_MEDIATED_REPULSION_OF_CELLS,REACTOME_EPH_EPHRIN_MEDIATED_REPULSION_OF_CELLS,51,0.453584661,1.680025725,0.004111073,0.033058869,0.024812396,3897,"tags=41%, list=22%, signal=32%",FYN/EPHB1/PSEN1/EPHA2/EPHA4/PSEN2/MMP9/MMP2/EPHA8/EPHA6/EFNA5/EPHA1/EPHA5/NCSTN/EFNA1/ACTB/EPHA10/AP2S1/SRC/EPHA7/EPHB4
REACTOME_UNWINDING_OF_DNA,REACTOME_UNWINDING_OF_DNA,12,-0.715916968,-1.792048855,0.004279144,0.034197089,0.025666689,3784,"tags=67%, list=21%, signal=53%",GINS4/GINS1/GINS2/CDC45/MCM6/MCM2/MCM7/MCM4
REACTOME_PLASMA_LIPOPROTEIN_REMODELING,REACTOME_PLASMA_LIPOPROTEIN_REMODELING,24,0.580091555,1.777343563,0.004403599,0.034197089,0.025666689,3386,"tags=46%, list=19%, signal=37%",LPL/LIPG/PLTP/APOE/APOA1/CREB3L3/MTTP/FGF21/LCAT/ANGPTL4/LMF2
REACTOME_RNA_POLYMERASE_III_TRANSCRIPTION_TERMINATION,REACTOME_RNA_POLYMERASE_III_TRANSCRIPTION_TERMINATION,23,-0.581589842,-1.775495755,0.004393411,0.034197089,0.025666689,5508,"tags=70%, list=31%, signal=48%",POLR2F/POLR1D/POLR3H/POLR3C/POLR3D/POLR3A/POLR3E/NFIB/POLR2H/POLR2K/SSB/POLR3B/POLR3F/NFIA/NFIX/POLR3G
REACTOME_EXTENSION_OF_TELOMERES,REACTOME_EXTENSION_OF_TELOMERES,51,-0.454954399,-1.684613124,0.004399868,0.034197089,0.025666689,4432,"tags=47%, list=25%, signal=36%",CHTF18/RFC5/BLM/NHP2/POLA1/GAR1/DKC1/RFC2/CCNA2/RFC3/TINF2/RUVBL1/RFC1/ANKRD28/CCNA1/DNA2/PIF1/FEN1/CHTF8/PPP6C/DSCC1/TERF1/PCNA/PPP6R3
REACTOME_ECM_PROTEOGLYCANS,REACTOME_ECM_PROTEOGLYCANS,68,0.418711436,1.630247277,0.004333926,0.034197089,0.025666689,4296,"tags=49%, list=24%, signal=37%",HSPG2/COL9A1/BGN/ITGA7/COL2A1/AGRN/MATN4/LAMB2/ITGB3/VTN/COL6A3/MATN3/TGFB1/DAG1/LAMA5/DMP1/TNC/ITGAX/COL1A1/SPARC/COL4A3/NCAM1/FMOD/COL6A5/APP/COL3A1/COL1A2/COL5A3/ITGB1/SERPINE1/COL4A4/LAMA4/TNN
REACTOME_SARS_COV_INFECTIONS,REACTOME_SARS_COV_INFECTIONS,398,-0.273547335,-1.342273895,0.004314436,0.034197089,0.025666689,4629,"tags=34%, list=26%, signal=26%",RPS10/SNRPB/BECN1/AAAS/SEC24B/CHMP6/TBK1/TLR7/RPS25/RPS18/NUP153/YWHAZ/HNRNPA1/NUP160/RPS23/IKBKB/FXYD3/ZCRB1/GOLGA7/SMAD3/B2M/JAK2/PATJ/G3BP1/GEMIN2/GJA1/VAV1/CREBBP/SRPK1/VPS11/NPM1/RPS27A/IMPDH1/GEMIN8/SIKE1/HDAC2/VHL/IMPDH2/RPS24/TUFM/ATG14/DDX5/SP1/IKBKG/RPS13/SRPK2/FXYD1/RPS11/TRAF3/RPS12/SNRPD1/RPS17/ST3GAL2/UBE2N/EP300/SNRPD3/ZDHHC2/TUBB/ROCK2/RPS21/GRB2/SEC24C/RPS16/NUP85/MAN1B1/SFN/POM121C/RPS15/BRMS1/RB1/RUNX1/RPS6/RPS15A/GEMIN4/NFKBIA/RPSA/DDX20/FKBP4/SAP18/EDEM2/ANO6/S1PR1/RANBP2/YWHAG/RCAN3/HSP90AB1/NUP98/MGAT4B/CHMP4C/SUDS3/PARP8/MBD3/NUP107/CHD3/PSMC6/NUP42/HLA-B/ZDHHC5/UBA52/NUP58/NUP43/NMI/SAP30L/JAK1/SOS1/SIGMAR1/MGAT2/SDC4/SMAD4/PARP14/NUP37/NR3C1/NUP50/GEMIN7/SYK/PIK3C3/RPS3/NUP88/G3BP2/FXYD7/NUP54/REST/PDPK1/CHUK/MAP1LC3B/TOMM70/SAP30/HLA-F/AP2A2/NLRP12/MTA3/HSP90AA1/AKT1/HLA-G/HLA-A/RIGI/TRIM25
REACTOME_UNBLOCKING_OF_NMDA_RECEPTORS_GLUTAMATE_BINDING_AND_ACTIVATION,REACTOME_UNBLOCKING_OF_NMDA_RECEPTORS_GLUTAMATE_BINDING_AND_ACTIVATION,20,0.606511405,1.783991042,0.004557642,0.035020747,0.026284888,1638,"tags=45%, list=9%, signal=41%",GRIN2B/GRIA3/CAMK2D/DLG2/GRIA1/DLG4/LRRC7/GRIN2D/ACTN2
REACTOME_SARS_COV_1_HOST_INTERACTIONS,REACTOME_SARS_COV_1_HOST_INTERACTIONS,96,-0.380429558,-1.574446782,0.004561201,0.035020747,0.026284888,5518,"tags=50%, list=31%, signal=35%",RPS3A/RPS7/PPIG/RPS26/RPS20/YWHAQ/RPS14/RPS8/RPS10/TBK1/TLR7/RPS25/RPS18/YWHAZ/HNRNPA1/RPS23/SMAD3/NPM1/RPS27A/SIKE1/RPS24/SP1/RPS13/RPS11/TRAF3/RPS12/RPS17/EP300/RPS21/RPS16/SFN/RPS15/RUNX1/RPS6/RPS15A/NFKBIA/RPSA/YWHAG/RCAN3/PSMC6/UBA52/NMI/SMAD4/RPS3/PDPK1/TOMM70/RIGI/TRIM25
REACTOME_SEMA4D_IN_SEMAPHORIN_SIGNALING,REACTOME_SEMA4D_IN_SEMAPHORIN_SIGNALING,24,0.578220019,1.771609361,0.004779966,0.036494233,0.027390815,2000,"tags=38%, list=11%, signal=33%",RRAS/MYH11/RHOC/PLXNB1/RND1/LIMK1/MYH10/MYL6/MYL9
REACTOME_TRIGLYCERIDE_METABOLISM,REACTOME_TRIGLYCERIDE_METABOLISM,29,0.543798812,1.743304243,0.004945476,0.037338341,0.028024362,2316,"tags=41%, list=13%, signal=36%",FABP7/DGAT2/LIPE/PRKACA/MOGAT1/FABP3/LPIN2/GPD2/PLIN3/PPP1CA/PNPLA5/FABP6
REACTOME_FGFR2_ALTERNATIVE_SPLICING,REACTOME_FGFR2_ALTERNATIVE_SPLICING,27,-0.546291282,-1.741199208,0.004930733,0.037338341,0.028024362,4358,"tags=59%, list=24%, signal=45%",HNRNPA1/POLR2C/POLR2D/POLR2H/POLR2K/POLR2B/PTBP1/HNRNPH1/ESRP2/NCBP1/HNRNPM/HNRNPF/FGFR2/ESRP1/NCBP2/GTF2F2
REACTOME_CONSTITUTIVE_SIGNALING_BY_AKT1_E17K_IN_CANCER,REACTOME_CONSTITUTIVE_SIGNALING_BY_AKT1_E17K_IN_CANCER,26,-0.547679293,-1.738287284,0.005056878,0.03796849,0.028497321,1373,"tags=35%, list=8%, signal=32%",CASP9/CDKN1B/FOXO1/FOXO4/PDPK1/CHUK/MDM2/MAPKAP1/AKT1
REACTOME_HIV_TRANSCRIPTION_ELONGATION,REACTOME_HIV_TRANSCRIPTION_ELONGATION,42,-0.461912426,-1.633360174,0.005180526,0.038471778,0.028875066,4306,"tags=45%, list=24%, signal=35%",CCNT1/POLR2C/POLR2D/POLR2H/POLR2K/CTDP1/POLR2B/ELOA/NELFA/CCNH/NELFCD/NCBP1/GTF2H3/MNAT1/NCBP2/CDK7/GTF2F2/GTF2H1/TCEA1
REACTOME_O_LINKED_GLYCOSYLATION,REACTOME_O_LINKED_GLYCOSYLATION,105,0.361406266,1.519974704,0.005161832,0.038471778,0.028875066,3449,"tags=34%, list=19%, signal=28%",ADAMTSL2/MUC4/GALNT14/ADAMTS10/POFUT2/ST3GAL3/ADAMTS12/GALNT2/THBS1/MUC16/CFP/ST3GAL1/GALNT9/THSD1/ST6GALNAC3/ADAMTS15/ADAMTS4/MUC12/POMT2/GALNT18/MUC5B/SEMA5B/GALNT11/DAG1/ADAMTSL3/THSD7A/B3GNT9/ST6GALNAC4/GALNTL6/GALNTL5/THSD4/ST3GAL4/ADAMTSL1/POMGNT2/GALNT16/SSPOP
REACTOME_MASTL_FACILITATES_MITOTIC_PROGRESSION,REACTOME_MASTL_FACILITATES_MITOTIC_PROGRESSION,10,-0.733200035,-1.729706323,0.005349535,0.03951097,0.029655033,3441,"tags=70%, list=19%, signal=57%",PPP2CA/PPP2R1A/ARPP19/CCNB1/ENSA/PPP2R2D/PPP2R1B
REACTOME_ACTIVATION_OF_ANTERIOR_HOX_GENES_IN_HINDBRAIN_DEVELOPMENT_DURING_EARLY_EMBRYOGENESIS,REACTOME_ACTIVATION_OF_ANTERIOR_HOX_GENES_IN_HINDBRAIN_DEVELOPMENT_DURING_EARLY_EMBRYOGENESIS,100,-0.368737217,-1.541719857,0.005448601,0.040025127,0.030040934,5508,"tags=41%, list=31%, signal=29%",POLR2F/MEIS1/RBBP7/HOXD1/POLR2J/MAFB/H2BC14/ZNF335/H3C8/YY1/H4C8/H2BC4/CTCF/POLR2C/CREBBP/H3C1/H4C14/POLR2D/POLR2H/POLR2K/PAX6/POLR2B/H2AX/HOXB3/EP300/WDR5/H2BC17/HOXB2/H3-3B/NCOA3/H3C6/PAXIP1/EZH2/H2BC15/PIAS2/HOXB1/H2AJ/KMT2C/PAGR1/ASH2L/SUZ12
REACTOME_POTASSIUM_CHANNELS,REACTOME_POTASSIUM_CHANNELS,93,0.386684961,1.604332116,0.005516627,0.040306971,0.030252473,4737,"tags=46%, list=26%, signal=34%",GNG2/KCNF1/KCNK3/KCNN3/KCNK10/KCNMB1/KCNJ6/HCN4/KCNJ11/KCNK17/KCNAB2/KCND2/KCNMA1/KCNK6/KCNA1/KCNA3/ABCC8/KCNA7/GNG4/KCNJ3/KCNH6/KCNJ10/KCNJ8/GNG8/KCNA5/KCNS1/GNGT2/KCNQ5/KCNH4/KCNN4/KCNQ4/KCNJ15/HCN3/KCNC2/KCNV1/GNB3/KCNK7/KCND3/KCNJ2/GNB1/GNG13/KCNJ12/KCNC4
REACTOME_RNA_POLYMERASE_III_TRANSCRIPTION_INITIATION_FROM_TYPE_1_PROMOTER,REACTOME_RNA_POLYMERASE_III_TRANSCRIPTION_INITIATION_FROM_TYPE_1_PROMOTER,28,-0.547953414,-1.755605291,0.005643811,0.040368103,0.030298355,5508,"tags=64%, list=31%, signal=45%",POLR2F/POLR1D/POLR3H/GTF3C5/POLR3C/POLR3D/POLR3A/POLR3E/BDP1/POLR2H/POLR2K/GTF3A/TBP/GTF3C2/POLR3B/POLR3F/GTF3C4/POLR3G
REACTOME_DISEASES_OF_DNA_REPAIR,REACTOME_DISEASES_OF_DNA_REPAIR,51,-0.450170434,-1.666898975,0.005624151,0.040368103,0.030298355,4216,"tags=45%, list=23%, signal=35%",RFC5/BLM/PMS2/KAT5/TOP3A/BARD1/RFC2/PALB2/RFC3/BRIP1/MSH6/MRE11/NBN/BRCA1/HUS1/DNA2/TOPBP1/RAD51/EXO1/RAD51AP1/RMI1/MSH2/XRCC2
REACTOME_SIGNALING_BY_FGFR1_IN_DISEASE,REACTOME_SIGNALING_BY_FGFR1_IN_DISEASE,36,-0.488961188,-1.650574442,0.005592317,0.040368103,0.030298355,3052,"tags=42%, list=17%, signal=35%",GRB2/CEP43/BCR/FGF20/STAT3/BAG4/LRRFIP1/ERLIN2/CPSF6/GAB1/SOS1/FGF17/FGF8/KRAS/FGF4
REACTOME_PROCESSING_OF_DNA_DOUBLE_STRAND_BREAK_ENDS,REACTOME_PROCESSING_OF_DNA_DOUBLE_STRAND_BREAK_ENDS,89,-0.392354411,-1.611521273,0.005582234,0.040368103,0.030298355,4395,"tags=39%, list=24%, signal=30%",H4C8/RFC5/BLM/H2BC4/RPS27A/KAT5/H4C14/TOP3A/BARD1/UIMC1/PPP4C/H2AX/UBE2N/RNF168/RFC2/H2BC17/CHEK1/CCNA2/RFC3/BRIP1/TIPIN/MRE11/UBA52/NBN/CCNA1/RNF4/BRCA1/HUS1/DNA2/TOPBP1/H2BC15/EXO1/HERC2/PPP4R2/RMI1
REACTOME_CELLULAR_HEXOSE_TRANSPORT,REACTOME_CELLULAR_HEXOSE_TRANSPORT,19,0.614519661,1.780104782,0.005728205,0.040544951,0.030431089,4355,"tags=53%, list=24%, signal=40%",SLC2A12/SLC50A1/SLC2A10/SLC2A1/SLC5A4/FGF21/SLC5A1/SLC2A6/SLC45A3/SLC5A2
REACTOME_RNA_POLYMERASE_III_TRANSCRIPTION,REACTOME_RNA_POLYMERASE_III_TRANSCRIPTION,41,-0.48783066,-1.70562192,0.005723623,0.040544951,0.030431089,5508,"tags=61%, list=31%, signal=42%",POLR2F/POLR1D/SNAPC4/POLR3H/POU2F1/GTF3C5/POLR3C/POLR3D/POLR3A/POLR3E/NFIB/BDP1/POLR2H/POLR2K/SSB/GTF3A/TBP/GTF3C2/POLR3B/SNAPC3/POLR3F/NFIA/GTF3C4/NFIX/POLR3G
REACTOME_SIGNALING_BY_FGFR2_IN_DISEASE,REACTOME_SIGNALING_BY_FGFR2_IN_DISEASE,41,-0.486533487,-1.701086561,0.006022893,0.042191297,0.031666757,3980,"tags=41%, list=22%, signal=32%",POLR2C/POLR2D/POLR2H/POLR2K/POLR2B/GRB2/FGF20/NCBP1/GAB1/SOS1/FGFR2/FGF17/NCBP2/GTF2F2/FGF8/KRAS/FGF4
REACTOME_FORMATION_OF_THE_EARLY_ELONGATION_COMPLEX,REACTOME_FORMATION_OF_THE_EARLY_ELONGATION_COMPLEX,33,-0.492265522,-1.634401384,0.006022893,0.042191297,0.031666757,3980,"tags=48%, list=22%, signal=38%",POLR2C/POLR2D/POLR2H/POLR2K/CTDP1/POLR2B/NELFA/CCNH/NELFCD/NCBP1/GTF2H3/MNAT1/NCBP2/CDK7/GTF2F2/GTF2H1
REACTOME_ATTACHMENT_AND_ENTRY,REACTOME_ATTACHMENT_AND_ENTRY,18,0.606841741,1.734444028,0.006112945,0.042602526,0.031975406,4024,"tags=56%, list=22%, signal=43%",HSPG2/GPC3/TMPRSS2/AGRN/SDC3/NRP1/GPC5/GPC1/CTSL/GPC2
REACTOME_SUMOYLATION_OF_TRANSCRIPTION_COFACTORS,REACTOME_SUMOYLATION_OF_TRANSCRIPTION_COFACTORS,43,-0.462663579,-1.645090881,0.006234006,0.043005147,0.032277593,5035,"tags=53%, list=28%, signal=39%",ING2/SUMO2/DDX17/SIN3A/PHC3/CREBBP/NPM1/DDX5/PPARGC1A/CBX8/EP300/PHC2/ZNF131/PIAS1/RING1/ZNF350/NCOA2/SAFB/CBX2/PIAS2/TOPORS/HIPK2/NCOA1
REACTOME_HOST_INTERACTIONS_OF_HIV_FACTORS,REACTOME_HOST_INTERACTIONS_OF_HIV_FACTORS,117,-0.349972081,-1.501000069,0.006221612,0.043005147,0.032277593,5349,"tags=44%, list=30%, signal=31%",PSMD3/PSMB1/NDC1/PSMD13/PSMC5/PSMA4/PSMA3/PSMB6/RANBP1/AAAS/PSMD7/NUP153/NUP160/CCNT1/B2M/NPM1/RPS27A/SLC25A5/AP1S2/PSMA5/AP1B1/NUP85/POM121C/PSMA6/PSMC2/AP1G1/RANBP2/NUP98/NUP107/PSIP1/RAN/PSMD12/PSMC6/PSMD6/NUP42/KPNA1/UBA52/NUP58/NUP43/SLC25A6/NUP37/NUP50/NUP88/NUP54/SLC25A4/AP1S3/PAK2/RCC1/AP2A2/ATP6V1H/HLA-A
REACTOME_REGULATION_OF_TP53_EXPRESSION_AND_DEGRADATION,REACTOME_REGULATION_OF_TP53_EXPRESSION_AND_DEGRADATION,37,-0.476333286,-1.622807534,0.006271485,0.043045191,0.032307649,1787,"tags=38%, list=10%, signal=34%",RPS27A/PPP2CA/PPP2R1A/CCNA2/UBA52/CCNA1/CHEK2/PDPK1/MDM2/USP7/MAPKAP1/PPP2R1B/SGK1/AKT1
REACTOME_TERMINATION_OF_O_GLYCAN_BIOSYNTHESIS,REACTOME_TERMINATION_OF_O_GLYCAN_BIOSYNTHESIS,16,0.6539301,1.792399152,0.00631862,0.043150777,0.032386897,4891,"tags=75%, list=27%, signal=55%",MUC4/ST3GAL3/MUC16/ST3GAL1/ST6GALNAC3/MUC12/MUC5B/ST6GALNAC4/ST3GAL4/MUC20/ST6GAL1/MUC1
REACTOME_MITOCHONDRIAL_CALCIUM_ION_TRANSPORT,REACTOME_MITOCHONDRIAL_CALCIUM_ION_TRANSPORT,23,-0.564481807,-1.723267809,0.006499303,0.044162765,0.033146446,3153,"tags=43%, list=17%, signal=36%",VDAC2/PMPCB/MAIP1/PMPCA/PHB2/VDAC1/VDAC3/MICU2/AFG3L2/AKAP1
REACTOME_TRANSCRIPTIONAL_REGULATION_OF_PLURIPOTENT_STEM_CELLS,REACTOME_TRANSCRIPTIONAL_REGULATION_OF_PLURIPOTENT_STEM_CELLS,31,-0.504366229,-1.665720295,0.006770255,0.045548397,0.034186435,2563,"tags=39%, list=14%, signal=33%",LIN28A/SALL1/STAT3/SMAD4/DPPA4/KLF4/GSC/NANOG/FOXD3/PRDM14/HHEX/ZIC3
REACTOME_HIV_TRANSCRIPTION_INITIATION,REACTOME_HIV_TRANSCRIPTION_INITIATION,46,-0.450137191,-1.629143644,0.006750427,0.045548397,0.034186435,4034,"tags=43%, list=22%, signal=34%",TAF12/TAF2/POLR2C/TAF1/POLR2D/POLR2H/POLR2K/POLR2B/TBP/CCNH/GTF2A1/TAF4B/TAF9/TAF11/GTF2H3/MNAT1/CDK7/GTF2F2/GTF2H1/GTF2E1
REACTOME_TRANSCRIPTION_COUPLED_NUCLEOTIDE_EXCISION_REPAIR_TC_NER,REACTOME_TRANSCRIPTION_COUPLED_NUCLEOTIDE_EXCISION_REPAIR_TC_NER,76,-0.394406057,-1.584151496,0.006829948,0.045723642,0.034317965,4388,"tags=42%, list=24%, signal=32%",UVSSA/COPS4/RFC5/POLK/POLR2C/RPS27A/POLR2D/POLR2H/POLR2K/POLR2B/POLE/COPS5/RFC2/COPS7A/ERCC4/RFC3/CCNH/COPS2/PRPF19/POLE2/XPA/RFC1/GTF2H3/UBA52/MNAT1/ERCC5/CDK7/AQR/GTF2H1/USP7/PCNA/TCEA1
REACTOME_SIGNALING_BY_FGFR2,REACTOME_SIGNALING_BY_FGFR2,71,-0.408205157,-1.610845296,0.006865228,0.045734535,0.034326141,3980,"tags=42%, list=22%, signal=33%",POLR2C/RPS27A/POLR2D/MAPK1/POLR2H/POLR2K/POLR2B/PPP2CA/PTBP1/HNRNPH1/GRB2/PPP2R1A/MKNK1/FGF20/ESRP2/NCBP1/UBA52/HNRNPM/HNRNPF/GAB1/SOS1/FGFR2/ESRP1/FGF17/NCBP2/GTF2F2/FGF8/KRAS/SPRY2/FGF4
REACTOME_ESTABLISHMENT_OF_SISTER_CHROMATID_COHESION,REACTOME_ESTABLISHMENT_OF_SISTER_CHROMATID_COHESION,11,-0.71246629,-1.720783023,0.007107363,0.047078207,0.035334637,3743,"tags=64%, list=21%, signal=50%",PDS5B/WAPL/SMC3/STAG2/PDS5A/STAG1/ESCO2
REACTOME_ORC1_REMOVAL_FROM_CHROMATIN,REACTOME_ORC1_REMOVAL_FROM_CHROMATIN,58,-0.438835986,-1.678299453,0.007136211,0.047078207,0.035334637,5349,"tags=48%, list=30%, signal=34%",PSMD3/PSMB1/PSMD13/ORC6/PSMC5/PSMA4/PSMA3/PSMB6/PSMD7/ORC2/RPS27A/PSMA5/ORC1/CDC6/PSMA6/CCNA2/PSMC2/PSMD12/MCM6/PSMC6/PSMD6/CDT1/UBA52/CCNA1/CUL1/MCM2/MCM7/MCM4
REACTOME_CLASS_I_MHC_MEDIATED_ANTIGEN_PROCESSING_PRESENTATION,REACTOME_CLASS_I_MHC_MEDIATED_ANTIGEN_PROCESSING_PRESENTATION,356,-0.275807074,-1.337052713,0.007508168,0.049292755,0.03699677,5024,"tags=37%, list=28%, signal=27%",NEDD4L/ARIH2/PSMD3/PSMB1/KCTD6/UBA1/LRR1/UBE2F/TRAF7/PSMD13/HECTD2/CTSS/PSMC5/RBBP6/UBE2V2/ZNRF1/PSMA4/PSMA3/CANX/RNF19B/FBXO6/PSMB6/UBE2R2/RNF34/LNX1/TAP2/RNF111/PIK3R4/BECN1/FBXO44/FBXL14/FBXL18/PSMD7/ANAPC4/SEC24B/UBAC1/RNF126/UBE3A/HERC6/RNF114/IKBKB/UBE2W/B2M/UBE2K/PSMB10/UBE2J2/TRIM21/RPS27A/CDC27/SIAH1/CYBB/VHL/ATG14/IKBKG/ANAPC7/PSMA5/CUL2/UBE2E1/UBE2D1/UBE2L3/RNF213/UBE2N/FBXW5/DET1/TRIM71/WSB1/CDC16/SEC24C/HECTD3/KLHL22/RNF217/TRIP12/PSMA6/CTSV/TIRAP/RNF220/PSMC2/FBXO22/SEC61G/LNPEP/UBE3D/UBR1/HACE1/RLIM/HMGB1/UBA5/RNF130/SPSB1/PSMD12/TRIM36/PSMC6/PSMD6/FBXO32/UBE4A/HLA-B/ZNRF2/UBA52/ASB8/FBXL16/KBTBD7/SPSB2/ANAPC5/FBXL3/ANAPC2/RNF4/FBXO9/FBXL15/SPSB4/TRIM37/SEC22B/UBE2O/UBE2B/VAMP8/CUL1/LTN1/UBA6/UBE2G2/UBE2Q2/PIK3C3/HERC2/CHUK/LRSAM1/MKRN1/RNF138/SNAP23/HLA-F/NPEPPS/PJA1/UBE2G1/MYLIP/UBE3C/HLA-G/HLA-A
REACTOME_REGULATION_OF_ENDOGENOUS_RETROELEMENTS,REACTOME_REGULATION_OF_ENDOGENOUS_RETROELEMENTS,129,-0.337209464,-1.461830508,0.007636447,0.049893901,0.037447961,4790,"tags=33%, list=27%, signal=25%",GATAD2A/SS18L1/H3C8/DPF3/MTREX/ZNF708/ZCCHC8/H4C8/BCL7B/ZNF610/ZNF273/H2BC4/ZNF30/ZNF816/H3C1/H4C14/HDAC2/ZNF454/SMARCE1/ARID1B/H2AX/ZNF418/H2BC17/ZNF224/SMARCA2/H3-3B/SMARCC1/ZNF765/MBD3/ZNF534/CHD3/H3C6/ZNF28/MPHOSPH8/SMARCD2/EHMT1/H2BC15/H2AJ/ZNF680/PPHLN1/ZNF257/ZNF649/MTA3
REACTOME_TRANSCRIPTIONAL_REGULATION_OF_BROWN_AND_BEIGE_ADIPOCYTE_DIFFERENTIATION,REACTOME_TRANSCRIPTIONAL_REGULATION_OF_BROWN_AND_BEIGE_ADIPOCYTE_DIFFERENTIATION,31,-0.498846624,-1.647491243,0.007870287,0.050690618,0.038045939,2650,"tags=45%, list=15%, signal=39%",HDAC2/PPARGC1A/USP46/HNRNPU/MBD3/CHD3/EBF2/SMAD4/PRDM16/PPARGC1B/NCOA1/COX7A1/MTA3/BMP7
REACTOME_DISEASES_ASSOCIATED_WITH_O_GLYCOSYLATION_OF_PROTEINS,REACTOME_DISEASES_ASSOCIATED_WITH_O_GLYCOSYLATION_OF_PROTEINS,61,0.41087986,1.558413885,0.007854764,0.050690618,0.038045939,2372,"tags=31%, list=13%, signal=27%",ADAMTSL2/MUC4/ADAMTS10/ADAMTS12/THBS1/MUC16/CFP/THSD1/ADAMTS15/LFNG/ADAMTS4/MUC12/POMT2/MUC5B/SEMA5B/DAG1/NOTCH1/ADAMTSL3/THSD7A
REACTOME_HCMV_LATE_EVENTS,REACTOME_HCMV_LATE_EVENTS,103,-0.357859665,-1.512591582,0.007807528,0.050690618,0.038045939,5215,"tags=33%, list=29%, signal=24%",NDC1/VPS28/CHMP4B/H2BC14/H3C8/AAAS/CHMP6/H4C8/NUP153/NUP160/H2BC4/VPS36/H3C1/H4C14/VPS37C/NUP85/POM121C/H2BC17/RANBP2/NUP98/CHMP4C/NUP107/NUP42/NUP58/H3C6/NUP43/HNRNPK/H2BC15/NUP37/TSG101/NUP50/NUP88/NUP54/VPS37B
REACTOME_MRNA_DECAY_BY_5_TO_3_EXORIBONUCLEASE,REACTOME_MRNA_DECAY_BY_5_TO_3_EXORIBONUCLEASE,15,-0.639981698,-1.73733808,0.008012808,0.050899359,0.03820261,4975,"tags=67%, list=28%, signal=48%",DCP1A/LSM7/LSM4/LSM6/LSM2/LSM1/XRN1/DCP2/LSM5/DDX6
REACTOME_REGULATION_OF_ENDOGENOUS_RETROELEMENTS_BY_KRAB_ZFP_PROTEINS,REACTOME_REGULATION_OF_ENDOGENOUS_RETROELEMENTS_BY_KRAB_ZFP_PROTEINS,94,-0.370797234,-1.528525559,0.008015057,0.050899359,0.03820261,4790,"tags=32%, list=27%, signal=24%",GATAD2A/H3C8/ZNF708/H4C8/ZNF610/ZNF273/H2BC4/ZNF30/ZNF816/H3C1/H4C14/HDAC2/ZNF454/H2AX/ZNF418/H2BC17/ZNF224/H3-3B/ZNF765/MBD3/ZNF534/CHD3/H3C6/ZNF28/H2BC15/H2AJ/ZNF680/ZNF257/ZNF649/MTA3
REACTOME_ANTIGEN_PROCESSING_UBIQUITINATION_PROTEASOME_DEGRADATION,REACTOME_ANTIGEN_PROCESSING_UBIQUITINATION_PROTEASOME_DEGRADATION,284,-0.285552578,-1.351597425,0.007969847,0.050899359,0.03820261,5400,"tags=38%, list=30%, signal=27%",NEDD4L/ARIH2/PSMD3/PSMB1/KCTD6/UBA1/LRR1/UBE2F/TRAF7/PSMD13/HECTD2/PSMC5/RBBP6/UBE2V2/ZNRF1/PSMA4/PSMA3/RNF19B/FBXO6/PSMB6/UBE2R2/RNF34/LNX1/RNF111/FBXO44/FBXL14/FBXL18/PSMD7/ANAPC4/UBAC1/RNF126/UBE3A/HERC6/RNF114/UBE2W/UBE2K/UBE2J2/TRIM21/RPS27A/CDC27/SIAH1/VHL/ANAPC7/PSMA5/CUL2/UBE2E1/UBE2D1/UBE2L3/RNF213/UBE2N/FBXW5/DET1/TRIM71/WSB1/CDC16/HECTD3/KLHL22/RNF217/TRIP12/PSMA6/RNF220/PSMC2/FBXO22/LNPEP/UBE3D/UBR1/HACE1/RLIM/UBA5/RNF130/SPSB1/PSMD12/TRIM36/PSMC6/PSMD6/FBXO32/UBE4A/ZNRF2/UBA52/ASB8/FBXL16/KBTBD7/SPSB2/ANAPC5/FBXL3/ANAPC2/RNF4/FBXO9/FBXL15/SPSB4/TRIM37/UBE2O/UBE2B/CUL1/LTN1/UBA6/UBE2G2/UBE2Q2/HERC2/LRSAM1/MKRN1/RNF138/NPEPPS/PJA1/UBE2G1/MYLIP/UBE3C
REACTOME_TELOMERE_EXTENSION_BY_TELOMERASE,REACTOME_TELOMERE_EXTENSION_BY_TELOMERASE,23,-0.5581467,-1.703927796,0.00810046,0.050914651,0.038214087,3851,"tags=52%, list=21%, signal=41%",NHP2/GAR1/DKC1/CCNA2/TINF2/RUVBL1/ANKRD28/CCNA1/PIF1/PPP6C/TERF1/PPP6R3
REACTOME_SUMOYLATION_OF_DNA_REPLICATION_PROTEINS,REACTOME_SUMOYLATION_OF_DNA_REPLICATION_PROTEINS,46,-0.444312867,-1.608064157,0.008081275,0.050914651,0.038214087,2899,"tags=30%, list=16%, signal=26%",NUP85/POM121C/AURKA/RANBP2/NUP98/NUP107/NUP42/NUP58/NUP43/NUP37/NUP50/NUP88/NUP54/PCNA
REACTOME_PTEN_REGULATION,REACTOME_PTEN_REGULATION,124,-0.337151278,-1.458565248,0.00812986,0.050914651,0.038214087,3802,"tags=30%, list=21%, signal=24%",RPS27A/TNKS2/HDAC2/PTEN/MAPK1/PSMA5/FRK/CBX8/RRAGC/PHC2/PSMA6/PSMC2/MBD3/AGO1/CHD3/PSMD12/PSMC6/PSMD6/RING1/LAMTOR3/UBA52/MOV10/EZH2/AGO2/CBX2/USP13/REST/SUZ12/MKRN1/RRAGA/USP7/TNRC6A/MTA3/TRIM27/AKT1/MECOM/RRAGD
REACTOME_SUMOYLATION_OF_INTRACELLULAR_RECEPTORS,REACTOME_SUMOYLATION_OF_INTRACELLULAR_RECEPTORS,29,-0.518368986,-1.681311791,0.008344582,0.051776777,0.038861157,2720,"tags=38%, list=15%, signal=32%",NR1H2/PIAS1/THRA/RORA/NR2C1/AR/PIAS2/NR3C1/ESR1/THRB/NR5A2
REACTOME_AMINO_ACIDS_REGULATE_MTORC1,REACTOME_AMINO_ACIDS_REGULATE_MTORC1,53,-0.440530926,-1.658351752,0.008345928,0.051776777,0.038861157,2568,"tags=23%, list=14%, signal=19%",CASTOR2/ATP6V1E1/FLCN/DEPDC5/LAMTOR3/NPRL3/ATP6V1C1/ATP6V1D/RRAGA/ATP6V1G1/ATP6V1H/RRAGD
REACTOME_MITF_M_REGULATED_MELANOCYTE_DEVELOPMENT,REACTOME_MITF_M_REGULATED_MELANOCYTE_DEVELOPMENT,154,-0.321750795,-1.431073599,0.008381818,0.051776777,0.038861157,4393,"tags=34%, list=24%, signal=26%",BCL7B/ATP6AP2/YWHAZ/ATP6V1B2/PLK1/SIN3A/DIAPH1/POMC/EEF1E1/CREBBP/SOX2/SMARCE1/MAPK1/TBX3/ARID1B/PPARGC1A/ITGA2/TNFSF11/EP300/SIRT1/USP46/SMARCA2/ATP6V1E1/TRPM1/SMARCC1/YWHAG/ID1/AGO1/DICER1/CCNB1/MOV10/RARS1/QARS1/KIT/SMARCD2/BRCA1/DARS1/TFAP2A/AGO2/TCF7/ATP6V1C1/MCM2/ATP6V1D/EDIL3/ATP6V1G1/KITLG/ZIC1/TNRC6A/FOXD3/CDH1/ATP6V1H/MYO5A/CCND1
REACTOME_NUCLEAR_SIGNALING_BY_ERBB4,REACTOME_NUCLEAR_SIGNALING_BY_ERBB4,31,0.504098673,1.63753596,0.008779312,0.053704529,0.040308035,3545,"tags=52%, list=20%, signal=42%",PSEN1/MXD4/WWOX/PSEN2/APOE/ADAM17/NCSTN/ERBB4/PGR/NRG1/SPARC/STAT5A/ADAP1/S100B/NRG2/SRC
REACTOME_CHONDROITIN_SULFATE_DERMATAN_SULFATE_METABOLISM,REACTOME_CHONDROITIN_SULFATE_DERMATAN_SULFATE_METABOLISM,50,0.440302895,1.615008127,0.008889016,0.053704529,0.040308035,3165,"tags=34%, list=18%, signal=28%",HSPG2/GPC3/IDS/BGN/XYLT1/CHSY3/B3GAT2/CHST13/AGRN/CSPG4/SDC3/XYLT2/CHST3/CHST14/CSGALNACT1/GPC5/GPC1
REACTOME_DUAL_INCISION_IN_TC_NER,REACTOME_DUAL_INCISION_IN_TC_NER,63,-0.408314925,-1.572776081,0.008734906,0.053704529,0.040308035,4388,"tags=44%, list=24%, signal=34%",UVSSA/RFC5/POLK/POLR2C/RPS27A/POLR2D/POLR2H/POLR2K/POLR2B/POLE/RFC2/ERCC4/RFC3/CCNH/PRPF19/POLE2/XPA/RFC1/GTF2H3/UBA52/MNAT1/ERCC5/CDK7/AQR/GTF2H1/USP7/PCNA/TCEA1
REACTOME_POSITIVE_EPIGENETIC_REGULATION_OF_RRNA_EXPRESSION,REACTOME_POSITIVE_EPIGENETIC_REGULATION_OF_RRNA_EXPRESSION,92,-0.372312607,-1.533626034,0.008891478,0.053704529,0.040308035,5700,"tags=40%, list=32%, signal=28%",TAF1D/POLR1A/POLR2F/POLR1D/RBBP7/H2BC14/GATAD2A/H3C8/MYBBP1A/TAF1C/H4C8/H2BC4/POLR1B/H3C1/H4C14/HDAC2/POLR2H/POLR2K/POLR1F/H2AX/EP300/TBP/TAF1B/H2BC17/H3-3B/TTF1/MBD3/CHD3/DEK/SMARCA5/CBX3/H3C6/H2BC15/BAZ1B/H2AJ/DDX21/MTA3
REACTOME_PHASE_I_FUNCTIONALIZATION_OF_COMPOUNDS,REACTOME_PHASE_I_FUNCTIONALIZATION_OF_COMPOUNDS,86,0.371492606,1.51544141,0.008812932,0.053704529,0.040308035,2660,"tags=28%, list=15%, signal=24%",PTGIS/CYP2U1/AOC1/CYP2A13/CYP2R1/MTARC1/CYP2J2/CYP1B1/MAOA/CYP27B1/ALDH2/CYP26B1/ACSS2/AIP/PTGS1/ALDH1B1/CYP2A7/CES1/MAOB/PAOX/CYP2S1/ALDH1A1/CYP51A1/FDXR
REACTOME_PECAM1_INTERACTIONS,REACTOME_PECAM1_INTERACTIONS,12,0.671711118,1.690984931,0.009068768,0.054532989,0.040929837,1061,"tags=25%, list=6%, signal=24%",FYN/PECAM1/ITGB3
REACTOME_MITOCHONDRIAL_UNFOLDED_PROTEIN_RESPONSE_UPRMT,REACTOME_MITOCHONDRIAL_UNFOLDED_PROTEIN_RESPONSE_UPRMT,16,-0.613726567,-1.696787453,0.009248168,0.054868052,0.04118132,2523,"tags=44%, list=14%, signal=38%",HSPA1B/LONP1/HSPE1/HSPA9/HSPD1/ESR1/AKT1
REACTOME_PINK1_PRKN_MEDIATED_MITOPHAGY,REACTOME_PINK1_PRKN_MEDIATED_MITOPHAGY,32,-0.494127311,-1.634054967,0.009285984,0.054868052,0.04118132,3859,"tags=50%, list=21%, signal=39%",TOMM40/RPS27A/UBE2L3/UBE2N/VDAC2/MTERF3/TOMM22/TOMM6/UBA52/VDAC1/MFN1/VDAC3/TOMM7/PINK1/MAP1LC3B/TOMM70
REACTOME_FORMATION_OF_THE_DYSTROPHIN_GLYCOPROTEIN_COMPLEX_DGC,REACTOME_FORMATION_OF_THE_DYSTROPHIN_GLYCOPROTEIN_COMPLEX_DGC,36,0.477329088,1.618202191,0.009267486,0.054868052,0.04118132,2940,"tags=39%, list=16%, signal=33%",HSPG2/SNTA1/SGCA/DRP2/AGRN/LAMB2/SSPN/ACTA2/DAG1/LAMA5/ACTB/ACTG2/LAMB3/SGCB
REACTOME_AUTOPHAGY,REACTOME_AUTOPHAGY,153,-0.328084238,-1.459616217,0.009209424,0.054868052,0.04118132,5222,"tags=41%, list=29%, signal=29%",IFT88/VPS28/CHMP4B/LAMP2/TUBB2B/GABARAPL1/TOMM20/ATG4B/TUBAL3/PIK3R4/RHEB/BECN1/CSNK2A2/GABARAP/CHMP6/TBK1/ARL13B/TOMM40/RPS27A/RB1CC1/TUBB3/ATG4D/ATG14/VPS37C/FUNDC1/RRAGC/UBE2L3/UBE2N/VDAC2/PRKAA1/DYNLL1/MTERF3/WDR45B/TUBA3D/ATG3/TOMM22/DYNC1LI2/TUBA8/HSP90AB1/CHMP4C/PRKAG2/PRKAG1/LAMTOR3/PLIN2/TOMM6/UBA52/DYNC1LI1/VDAC1/MFN1/TSG101/PIK3C3/VDAC3/TUBB4B/TUBB6/VPS37B/TOMM7/PINK1/MAP1LC3B/RRAGA/TOMM70/HSP90AA1/RRAGD
REACTOME_RORA_B_C_AND_NR1D1_REV_ERBA_REGULATE_GENE_EXPRESSION,REACTOME_RORA_B_C_AND_NR1D1_REV_ERBA_REGULATE_GENE_EXPRESSION,26,-0.524808623,-1.665697731,0.00943251,0.05549256,0.041650045,3856,"tags=50%, list=21%, signal=39%",CREBBP/TBL1XR1/PPARGC1A/EP300/MED1/USP46/SREBF1/RORA/NCOA2/TGS1/TBL1X/NCOA1/CPT1A
REACTOME_RHOBTB2_GTPASE_CYCLE,REACTOME_RHOBTB2_GTPASE_CYCLE,23,-0.552172189,-1.685688619,0.009559966,0.055948371,0.041992155,2657,"tags=39%, list=15%, signal=33%",MSI2/TWF1/HSP90AB1/CCT2/TXNL1/MYO6/CCT6A/TMOD3/HSP90AA1
REACTOME_CIRCADIAN_CLOCK,REACTOME_CIRCADIAN_CLOCK,111,-0.344455335,-1.465031214,0.009592326,0.055948371,0.041992155,3863,"tags=32%, list=21%, signal=26%",BMAL2/CREBBP/RPS27A/TBL1XR1/PPARGC1A/PSMA5/CSNK1D/UBE2D1/EP300/MED1/CIPC/SIRT1/USP46/PPP1CB/PSMA6/NAMPT/PSMC2/SREBF1/PSMD12/PSMC6/PSMD6/PPP1CC/RORA/NCOA2/UBA52/RBM4/FBXL3/CUL1/RORB/TGS1/TBL1X/MEF2C/CDK5/NCOA1/RAI1/CPT1A
REACTOME_DEFECTIVE_B4GALT7_CAUSES_EDS_PROGEROID_TYPE,REACTOME_DEFECTIVE_B4GALT7_CAUSES_EDS_PROGEROID_TYPE,19,0.595937213,1.726276227,0.009775199,0.05652977,0.042428525,3165,"tags=42%, list=18%, signal=35%",HSPG2/GPC3/BGN/AGRN/CSPG4/SDC3/GPC5/GPC1
REACTOME_REGULATION_OF_MRNA_STABILITY_BY_PROTEINS_THAT_BIND_AU_RICH_ELEMENTS,REACTOME_REGULATION_OF_MRNA_STABILITY_BY_PROTEINS_THAT_BIND_AU_RICH_ELEMENTS,74,-0.389067155,-1.554920216,0.009775199,0.05652977,0.042428525,5349,"tags=50%, list=30%, signal=35%",PSMD3/PSMB1/PSMD13/TNPO1/PSMC5/DCP1A/PSMA4/PSMA3/PSMB6/PSMD7/TNFSF13/YWHAZ/PRKCD/EXOSC8/SET/RPS27A/PSMA5/XRN1/EXOSC2/HNRNPD/EXOSC3/PSMA6/PSMC2/EXOSC6/PARN/DCP2/DIS3/PSMD12/PSMC6/PSMD6/EXOSC4/UBA52/MAPK11/KHSRP/EXOSC9/AKT1/PRKCA
REACTOME_COLLAGEN_DEGRADATION,REACTOME_COLLAGEN_DEGRADATION,55,0.420918036,1.567981529,0.009821463,0.056556647,0.042448698,5002,"tags=62%, list=28%, signal=45%",COL9A1/COL2A1/MMP9/MMP2/COL16A1/ADAM17/COL8A2/ADAM9/COL6A3/COL23A1/COL15A1/TMPRSS6/COL1A1/COL4A3/COL14A1/COL19A1/COL26A1/COL25A1/COL6A5/MMP19/COL3A1/COL18A1/CTSL/COL17A1/COL1A2/COL5A3/MMP15/COL11A1/COL11A2/COL4A4/CTSD/COL12A1/MMP10/COL6A6
REACTOME_APOPTOTIC_EXECUTION_PHASE,REACTOME_APOPTOTIC_EXECUTION_PHASE,51,-0.43481655,-1.610046344,0.009919727,0.05688147,0.042692494,3577,"tags=27%, list=20%, signal=22%",LMNB1/PRKCQ/DBNL/CASP3/CASP7/TJP2/HMGB1/H1-1/KPNA1/ADD1/PAK2/CASP6/CDH1/DSP
REACTOME_SIALIC_ACID_METABOLISM,REACTOME_SIALIC_ACID_METABOLISM,30,0.505732499,1.629585308,0.010020278,0.057216632,0.04294405,3838,"tags=47%, list=21%, signal=37%",ST8SIA1/GNE/ST3GAL3/NPL/ST3GAL1/ST6GALNAC3/NEU3/GLB1/ST6GALNAC5/ST6GALNAC4/ST3GAL4/NANS/ST8SIA2/NEU4
REACTOME_LAMININ_INTERACTIONS,REACTOME_LAMININ_INTERACTIONS,30,0.503773257,1.623272184,0.010321635,0.058446256,0.043866947,4598,"tags=50%, list=26%, signal=37%",HSPG2/ITGA6/NID2/ITGA7/LAMB2/ITGA3/LAMA5/LAMB3/COL4A3/ITGB4/COL18A1/ITGB1/COL4A4/LAMA4/LAMA3
REACTOME_NEDDYLATION,REACTOME_NEDDYLATION,223,-0.291170234,-1.348939528,0.010317151,0.058446256,0.043866947,5455,"tags=35%, list=30%, signal=24%",DDB2/RBBP7/PSMD3/PSMB1/KCTD6/LRR1/CCDC22/UBE2F/FEM1B/PSMD13/COPS8/PSMC5/COMMD9/PSMA4/PSMA3/DTL/WDTC1/FBXO6/PSMB6/COMMD5/FBXO44/FBXL14/FBXL18/PSMD7/COPS4/NPLOC4/FEM1A/AMER1/RPS27A/VHL/SOCS5/SENP8/PSMA5/NAE1/CUL2/UBE2D1/FBXW5/COPS5/WSB1/UCHL3/COPS7A/PALB2/KLHL22/WDR5/PSMA6/PSMC2/FBXO22/COPS2/DCUN1D5/SPSB1/PSMD12/PSMC6/PSMD6/FBXO32/SOCS6/DDA1/DCUN1D1/UBA52/ASB8/FBXL16/KBTBD7/SPSB2/PUM2/FBXL3/FBXO9/BRCA1/FBXL15/SPSB4/DCAF5/CUL1/DCUN1D2/TULP4/COMMD7/WSB2/DCAF4/CCDC8/SOCS2
REACTOME_CHK1_CHK2_CDS1_MEDIATED_INACTIVATION_OF_CYCLIN_B_CDK1_COMPLEX,REACTOME_CHK1_CHK2_CDS1_MEDIATED_INACTIVATION_OF_CYCLIN_B_CDK1_COMPLEX,15,-0.630867426,-1.712595855,0.0104091,0.058454406,0.043873064,2869,"tags=60%, list=16%, signal=50%",YWHAQ/YWHAZ/SFN/CHEK1/CCNA2/YWHAG/CCNB1/CCNA1/CHEK2
REACTOME_REPRESSION_OF_WNT_TARGET_GENES,REACTOME_REPRESSION_OF_WNT_TARGET_GENES,14,-0.64052432,-1.706027968,0.0104091,0.058454406,0.043873064,2604,"tags=50%, list=14%, signal=43%",CTBP2/TLE3/TLE2/TCF7/TLE5/TLE1/AXIN2
REACTOME_LEISHMANIA_INFECTION,REACTOME_LEISHMANIA_INFECTION,151,0.322014079,1.415160482,0.0104537,0.058463286,0.043879729,3840,"tags=31%, list=21%, signal=25%",FYN/FCGR2A/ENTPD1/WASF1/GNG2/DPEP1/ADCY7/GSDMD/MYH2/NT5E/PRKACA/ADCY6/ITPR1/CYBA/ARPC1B/HMOX1/ARPC5/ADAM17/WIPF1/ABI2/ACTR3/ADCY4/JUN/IL18/P2RX7/GNG4/ACTB/ADORA2B/NFKB2/FZD7/ITPR3/GNG8/PTK2/PLCG2/GNGT2/FGR/ADCY3/BRK1/WASF2/ELMO2/MAPK14/SRC/APP/MYH9/PRKACB/RHBDF2/ADCY9
REACTOME_GLYCOSAMINOGLYCAN_METABOLISM,REACTOME_GLYCOSAMINOGLYCAN_METABOLISM,121,0.345007721,1.476316312,0.010497421,0.058467194,0.043882662,3514,"tags=31%, list=19%, signal=25%",HSPG2/GPC3/CHST1/IDS/BGN/XYLT1/ST3GAL3/HPSE/CHSY3/GLB1L2/B3GAT2/CHST13/AGRN/HS3ST1/ST3GAL1/PRELP/B4GALT1/CSPG4/PAPSS1/GLB1/SDC3/NDST3/XYLT2/CEMIP/HS6ST2/CHST3/CD44/CHST14/B4GALT2/CSGALNACT1/HYAL2/GPC5/ST3GAL4/HS3ST5/GPC1/EXT2/FMOD/GLCE
REACTOME_NCAM1_INTERACTIONS,REACTOME_NCAM1_INTERACTIONS,41,0.472857681,1.660145501,0.010791051,0.059857297,0.044926007,4239,"tags=49%, list=24%, signal=37%",COL9A1/CACNB3/GFRA1/CNTN2/COL2A1/AGRN/CACNA1S/COL6A3/ARTN/COL4A3/CACNA1D/CACNA1I/NCAM1/COL6A5/COL3A1/ST8SIA2/GFRA2/COL5A3/CACNA1C/COL4A4
REACTOME_CA2_PATHWAY,REACTOME_CA2_PATHWAY,61,-0.397479973,-1.525742051,0.010902278,0.059984598,0.045021553,3009,"tags=34%, list=17%, signal=29%",WNT5A/PPP3R1/GNG11/PRKG2/GNB2/FZD5/AGO1/FZD6/PDE6G/MOV10/PPP3CA/AGO2/TCF7/PPP3CB/GNB4/FZD3/KRAS/TNRC6A/AXIN2/NFATC1/PRKCA
REACTOME_G_ALPHA_I_SIGNALLING_EVENTS,REACTOME_G_ALPHA_I_SIGNALLING_EVENTS,235,0.288595395,1.346168545,0.010876864,0.059984598,0.045021553,4000,"tags=32%, list=22%, signal=25%",RGS3/GRM8/RGS9/GNG2/ADRA2B/ADCY7/CX3CL1/CAMK2D/PRKACA/HTR1B/BDKRB2/ADCY6/CXCL6/APLN/GALR3/PTGER3/PSAP/CXCR2/ITPR1/SSTR3/OPRD1/S1PR2/PDE4B/GPR37L1/GPSM1/CXCR4/GPER1/PDE1B/PLCB2/ACKR3/PLA2G4A/AGT/NMUR2/RGS6/PPP1CA/PDE4A/OXGR1/GRM3/GPR17/ADCY4/PDYN/GNG4/APLNR/MCHR1/HTR1E/DRD3/ITPR3/CCL25/RGS8/GNG8/NMUR1/CASR/RGS5/ADORA1/PENK/CCR1/GNGT2/BDKRB1/ADCY3/LPAR2/GRM7/SRC/APP/C5/ADRA2C/CCR8/LPAR5/CXCL3/PRKACB/SST/S1PR3/ADCY9/PDE4D/NPY5R/C5AR1
REACTOME_SEROTONIN_NEUROTRANSMITTER_RELEASE_CYCLE,REACTOME_SEROTONIN_NEUROTRANSMITTER_RELEASE_CYCLE,18,0.588232988,1.681257441,0.010992988,0.059997876,0.045031519,2670,"tags=50%, list=15%, signal=43%",PPFIA3/STXBP1/SYN1/SYN3/RIMS1/TSPOAP1/PPFIA2/SLC18A2/SNAP25
REACTOME_LONG_TERM_POTENTIATION,REACTOME_LONG_TERM_POTENTIATION,22,0.560099467,1.680095677,0.010959482,0.059997876,0.045031519,2212,"tags=45%, list=12%, signal=40%",GRIN2B/CAMK2D/DLG2/GRIA1/DLG4/LRRC7/GRIN2D/ERBB4/ACTN2/NRG1
REACTOME_TANDEM_PORE_DOMAIN_POTASSIUM_CHANNELS,REACTOME_TANDEM_PORE_DOMAIN_POTASSIUM_CHANNELS,10,0.700985674,1.702216628,0.011818755,0.063736855,0.047837816,1594,"tags=40%, list=9%, signal=36%",KCNK3/KCNK10/KCNK17/KCNK6
REACTOME_TRANSCRIPTIONAL_REGULATION_BY_E2F6,REACTOME_TRANSCRIPTIONAL_REGULATION_BY_E2F6,33,-0.467008084,-1.550542593,0.011804522,0.063736855,0.047837816,1900,"tags=36%, list=11%, signal=33%",CHEK1/RING1/RRM2/CBX3/BRCA1/EZH2/EHMT1/RAD51/SUZ12/CDC7/E2F1/PCGF6
REACTOME_PLASMA_LIPOPROTEIN_ASSEMBLY_REMODELING_AND_CLEARANCE,REACTOME_PLASMA_LIPOPROTEIN_ASSEMBLY_REMODELING_AND_CLEARANCE,62,0.396085841,1.50732849,0.01172624,0.063736855,0.047837816,4295,"tags=42%, list=24%, signal=32%",LPL/LIPA/LIPG/PLTP/PRKACA/APOC1/UBC/APOE/VLDLR/NPC1/APOA1/CREB3L3/MTTP/NR1H3/FGF21/SAR1B/LCAT/ANGPTL4/AP2S1/LMF2/UBB/SCARB1/PRKACB/CES3/AP2A1/LDLR
REACTOME_NUCLEAR_ENVELOPE_NE_REASSEMBLY,REACTOME_NUCLEAR_ENVELOPE_NE_REASSEMBLY,74,-0.384497187,-1.53665618,0.012237061,0.065455611,0.049127832,5590,"tags=46%, list=31%, signal=32%",TUBB2A/NUP155/TUBA1C/LBR/NDC1/CHMP4B/TUBB2B/TNPO1/TUBAL3/CHMP6/NUP160/TUBB3/LMNB1/SPAST/PPP2CA/PPP2R1A/VRK1/NUP85/TUBA3D/TUBA8/VRK2/NUP98/CHMP4C/NUP107/RAN/NUP58/CCNB1/NUP43/TMPO/NUP37/NUP54/TUBB4B/TUBB6/RCC1
REACTOME_EPIGENETIC_REGULATION_OF_GENE_EXPRESSION_BY_MLL3_AND_MLL4_COMPLEXES,REACTOME_EPIGENETIC_REGULATION_OF_GENE_EXPRESSION_BY_MLL3_AND_MLL4_COMPLEXES,118,-0.3452305,-1.483998252,0.012281958,0.065455611,0.049127832,3705,"tags=32%, list=21%, signal=26%",CREBBP/H3C1/H4C14/TBL1XR1/PPARGC1A/H2AX/EP300/MED31/MED1/AGPAT2/GPAM/MED17/RB1/WDR5/H2BC17/SIRT1/H3-3B/NCOA3/MED14/PLIN2/CCNC/NCOA2/H3C6/PAXIP1/MED24/MED6/H2BC15/H2AJ/KMT2C/PAGR1/TBL1X/ASH2L/CDK5/PPARGC1B/CEBPA/NCOA1/SCD5/NCOA4
REACTOME_EPIGENETIC_REGULATION_BY_WDR5_CONTAINING_HISTONE_MODIFYING_COMPLEXES,REACTOME_EPIGENETIC_REGULATION_BY_WDR5_CONTAINING_HISTONE_MODIFYING_COMPLEXES,150,-0.314294526,-1.398577768,0.012206325,0.065455611,0.049127832,4497,"tags=33%, list=25%, signal=25%",MED4/SETD1B/H4C8/HCFC2/BOD1L1/H2BC4/KANSL3/CREBBP/H3C1/H4C14/TBL1XR1/PPARGC1A/H2AX/YEATS2/EP300/MED31/MED1/AGPAT2/GPAM/MED17/RB1/WDR5/H2BC17/SIRT1/H3-3B/NCOA3/PSIP1/MED14/PLIN2/CCNC/DR1/NCOA2/WDR82/H3C6/PAXIP1/MED24/MED6/H2BC15/H2AJ/KMT2C/PAGR1/PHF20L1/TBL1X/ASH2L/CDK5/PPARGC1B/CEBPA/NCOA1/SCD5/NCOA4
REACTOME_REGULATION_OF_BETA_CELL_DEVELOPMENT,REACTOME_REGULATION_OF_BETA_CELL_DEVELOPMENT,36,-0.461650363,-1.558381951,0.012430828,0.065990217,0.049529081,693,"tags=25%, list=4%, signal=24%",FOXO1/NEUROG3/MAML2/RBPJ/ONECUT1/AKT1/MAFA/NR5A2/INSM1
REACTOME_STRIATED_MUSCLE_CONTRACTION,REACTOME_STRIATED_MUSCLE_CONTRACTION,32,0.479510128,1.579572442,0.01255459,0.06613057,0.049634424,6520,"tags=81%, list=36%, signal=52%",TNNT1/TNNC1/TNNI1/TNNT2/TTN/MYH6/TPM2/ACTN3/ACTN2/MYL3/MYBPC2/NEB/ACTC1/TPM1/TNNC2/MYL4/TMOD1/MYL2/TNNI3/VIM/MYH3/DES/TPM4/ACTA1/TMOD4/TNNI2
REACTOME_SARS_COV_2_INFECTION,REACTOME_SARS_COV_2_INFECTION,283,-0.282868308,-1.341960074,0.012534181,0.06613057,0.049634424,5263,"tags=41%, list=29%, signal=29%",TAB3/IL17RA/CNBP/NDC1/CHMP4B/RPS26/VPS33B/RPS20/YWHAQ/MOGS/VPS33A/GALNT1/CANX/RPS14/RPS8/PIK3R4/RPS10/SNRPB/BECN1/AAAS/SEC24B/CHMP6/TBK1/TLR7/RPS25/RPS18/NUP153/YWHAZ/NUP160/RPS23/IKBKB/ZCRB1/GOLGA7/B2M/PATJ/G3BP1/GEMIN2/GJA1/CREBBP/SRPK1/VPS11/RPS27A/GEMIN8/SIKE1/VHL/RPS24/TUFM/ATG14/DDX5/IKBKG/RPS13/SRPK2/RPS11/TRAF3/RPS12/SNRPD1/RPS17/ST3GAL2/UBE2N/SNRPD3/ZDHHC2/RPS21/SEC24C/RPS16/NUP85/MAN1B1/SFN/POM121C/RPS15/RB1/RPS6/RPS15A/GEMIN4/RPSA/DDX20/EDEM2/ANO6/RANBP2/YWHAG/HSP90AB1/NUP98/MGAT4B/CHMP4C/PARP8/NUP107/NUP42/HLA-B/ZDHHC5/UBA52/NUP58/NUP43/JAK1/MGAT2/SDC4/PARP14/NUP37/NUP50/GEMIN7/PIK3C3/RPS3/NUP88/G3BP2/NUP54/PDPK1/CHUK/MAP1LC3B/TOMM70/HLA-F/NLRP12/HSP90AA1/AKT1/HLA-G/HLA-A/RIGI/TRIM25
REACTOME_SEMA4D_INDUCED_CELL_MIGRATION_AND_GROWTH_CONE_COLLAPSE,REACTOME_SEMA4D_INDUCED_CELL_MIGRATION_AND_GROWTH_CONE_COLLAPSE,20,0.560181478,1.647716318,0.012622394,0.066231015,0.049709812,4129,"tags=55%, list=23%, signal=42%",MYH11/RHOC/PLXNB1/RND1/LIMK1/MYH10/MYL6/MYL9/RHOB/MYH9/ARHGEF11
REACTOME_AMYLOID_FIBER_FORMATION,REACTOME_AMYLOID_FIBER_FORMATION,87,0.376138322,1.539259369,0.012696209,0.066362106,0.049808203,3618,"tags=28%, list=20%, signal=22%",HSPG2/TGFBI/SNCA/MFGE8/TSPAN15/BACE1/UBE2L6/UBC/APOE/LTF/APOA1/NCSTN/GSN/TSPAN5/SIAH2/H2BC21/H3-3A/CST3/TSPAN33/CALCA/H2AC20/UBB/H4C4/APP
REACTOME_COHESIN_LOADING_ONTO_CHROMATIN,REACTOME_COHESIN_LOADING_ONTO_CHROMATIN,10,-0.700360982,-1.652235079,0.013007515,0.067728784,0.050833966,5283,"tags=90%, list=29%, signal=64%",SMC1A/NIPBL/PDS5B/WAPL/MAU2/SMC3/STAG2/PDS5A/STAG1
REACTOME_CALCITONIN_LIKE_LIGAND_RECEPTORS,REACTOME_CALCITONIN_LIKE_LIGAND_RECEPTORS,10,0.693851394,1.684892323,0.01372735,0.070846487,0.053173963,3741,"tags=70%, list=21%, signal=56%",ADM2/CALCB/RAMP2/CALCRL/RAMP3/CALCA/ADM
REACTOME_CELL_EXTRACELLULAR_MATRIX_INTERACTIONS,REACTOME_CELL_EXTRACELLULAR_MATRIX_INTERACTIONS,18,0.58130451,1.66145482,0.013866936,0.070846487,0.053173963,5683,"tags=72%, list=32%, signal=50%",PARVB/VASP/ACTN1/LIMS2/ACTB/ILK/PXN/ITGB1/RSU1/FLNC/FLNA/PARVA/FERMT2
REACTOME_METABOLIC_DISORDERS_OF_BIOLOGICAL_OXIDATION_ENZYMES,REACTOME_METABOLIC_DISORDERS_OF_BIOLOGICAL_OXIDATION_ENZYMES,28,0.520340922,1.653868606,0.013770663,0.070846487,0.053173963,1409,"tags=29%, list=8%, signal=26%",MAT1A/CYP2U1/CYP2R1/CYP1B1/MAOA/OPLAH/CYP27B1/CYP26B1
REACTOME_DISEASES_OF_MITOTIC_CELL_CYCLE,REACTOME_DISEASES_OF_MITOTIC_CELL_CYCLE,38,-0.454926424,-1.563897749,0.013770663,0.070846487,0.053173963,3701,"tags=50%, list=21%, signal=40%",CCNE1/E2F3/ANAPC4/CDC27/ANAPC7/UBE2E1/UBE2D1/CDC16/ANAPC15/RB1/CDKN1B/CDK6/CCND3/CCND2/ANAPC5/ANAPC2/CDKN1C/E2F1/CCND1
REACTOME_SENSORY_PERCEPTION,REACTOME_SENSORY_PERCEPTION,221,0.298847791,1.384705517,0.013830034,0.070846487,0.053173963,4951,"tags=38%, list=27%, signal=28%",HSPG2/GPC3/MSN/LPL/RGS9/ESPNL/OR4D1/SYN1/ATP2B2/CALHM1/OTOF/KCNMB1/USH1C/SYP/CAPZB/MYO7A/LRP1/LRP10/APOE/AKR1C3/CHRNA9/AGRN/PLB1/LHX2/APOA1/USH1G/CNGA1/EPB41L1/RDH8/PLCB2/OR5A1/KCNMA1/GSN/SDC3/TRIOBP/OTOG/OR7D2/ACTB/SCN2A/SNAP25/RDH11/CIB2/ITPR3/LRP8/GRM1/CALHM3/CACNA1D/GPC5/ADCY3/GPC1/LRP2/TMC2/TMC1/AKR1B10/OR2T8/MYH9/KCNQ4/AKR1C1/GPC2/CAMKMT/BCO1/RDH16/RDH12/LDLR/ANO2/GNB3/CNGA4/TWF2/BSN/OR10A6/GUCA1B/KCNJ2/GNB1/GNAT1/OR2T33/GNG13/EBF1/STX1A/OR2W3/CACNA2D2/LRP12/APOA2/CNGB1
REACTOME_SIGNALING_BY_PDGFR_IN_DISEASE,REACTOME_SIGNALING_BY_PDGFR_IN_DISEASE,20,-0.562683449,-1.650656323,0.01401419,0.07133065,0.053537353,3052,"tags=40%, list=17%, signal=33%",GRB2/STRN/PIK3CB/STAT3/SOS1/PDGFRA/GOLGA4/KRAS
REACTOME_SYNTHESIS_OF_ACTIVE_UBIQUITIN_ROLES_OF_E1_AND_E2_ENZYMES,REACTOME_SYNTHESIS_OF_ACTIVE_UBIQUITIN_ROLES_OF_E1_AND_E2_ENZYMES,30,-0.491519413,-1.608240971,0.014286433,0.072445009,0.054373737,4224,"tags=60%, list=23%, signal=46%",UBA1/USP9X/UBE2R2/UBE2W/UBE2K/RPS27A/UBE2E1/UBE2D1/UBE2L3/UBE2T/UCHL3/UBA52/UBE2B/UBA6/UBE2G2/UBE2Q2/USP7/UBE2G1
REACTOME_SYNTHESIS_OF_SUBSTRATES_IN_N_GLYCAN_BIOSYTHESIS,REACTOME_SYNTHESIS_OF_SUBSTRATES_IN_N_GLYCAN_BIOSYTHESIS,62,0.391477619,1.489791625,0.014348226,0.072487876,0.054405911,3838,"tags=35%, list=21%, signal=28%",GFUS/ST8SIA1/GNE/ST3GAL3/NPL/SLC35C1/ST3GAL1/MVD/ST6GALNAC3/NEU3/GLB1/GMDS/UAP1/ST6GALNAC5/GFPT1/ST6GALNAC4/DHRSX/SRD5A3/ST3GAL4/NANS/ST8SIA2/NEU4
REACTOME_PROTEIN_HYDROXYLATION,REACTOME_PROTEIN_HYDROXYLATION,19,-0.563152103,-1.621213359,0.01456688,0.072973627,0.054770493,5235,"tags=68%, list=29%, signal=49%",JMJD6/U2AF2/RPS23/DRG1/ETF1/RWDD1/RPL8/ZC3H15/JMJD4/RPS6/ASPH/DRG2/RPL27A
REACTOME_DEPOSITION_OF_NEW_CENPA_CONTAINING_NUCLEOSOMES_AT_THE_CENTROMERE,REACTOME_DEPOSITION_OF_NEW_CENPA_CONTAINING_NUCLEOSOMES_AT_THE_CENTROMERE,61,-0.386075678,-1.481966232,0.014511258,0.072973627,0.054770493,5997,"tags=46%, list=33%, signal=31%",H4C2/ITGB3BP/CENPL/MIS18A/RBBP7/CENPM/H2BC14/CENPS/H4C8/KNL1/H2BC4/NPM1/H4C14/H2AX/CENPX/CENPH/CENPK/CENPW/H2BC17/OIP5/MIS18BP1/RUVBL1/CENPU/CENPP/SMARCA5/H2BC15/H2AJ/CENPQ
REACTOME_TRANSCRIPTIONAL_REGULATION_OF_WHITE_ADIPOCYTE_DIFFERENTIATION,REACTOME_TRANSCRIPTIONAL_REGULATION_OF_WHITE_ADIPOCYTE_DIFFERENTIATION,79,-0.363879798,-1.471108036,0.014605465,0.072973627,0.054770493,3983,"tags=37%, list=22%, signal=29%",MED9/THRAP3/CREBBP/TBL1XR1/PPARGC1A/ZNF638/LEP/EP300/MED31/MED1/MED17/NCOA3/SREBF1/CCND3/MED19/MED14/CCNC/WNT10B/NCOA2/MED13L/MED24/MED6/MED11/KLF4/TGS1/TBL1X/MED29/CEBPA/NCOA1
REACTOME_SIGNALING_BY_WNT,REACTOME_SIGNALING_BY_WNT,296,-0.269050278,-1.280259524,0.015180007,0.075566407,0.056716509,3856,"tags=27%, list=21%, signal=22%",CREBBP/AMER1/RPS27A/KAT5/SOX2/TNKS2/RAC3/H3C1/H4C14/TCF4/TMED5/AXIN1/PPP2CA/KREMEN1/CALM1/PSMA5/SRY/H2AX/FRAT2/EP300/WNT5A/PPP2R1A/CDC73/PPP3R1/GNG11/PRKG2/H2BC17/GNB2/PSMA6/H3-3B/CTBP2/PSMC2/VPS35/WNT3/RUVBL1/FZD5/CCDC88C/PIP5K1B/AGO1/VPS26A/PSMD12/PSMC6/PSMD6/WNT10B/UBA52/H3C6/TLE3/FZD6/PDE6G/MOV10/PPP3CA/TLE2/H2BC15/VPS29/FZD8/AGO2/WNT7B/SNX3/TCF7/CUL1/TLE5/H2AJ/USP8/PPP3CB/GNB4/ASH2L/ROR2/FZD3/SOX13/TLE1/KRAS/FRAT1/AP2A2/TNRC6A/LGR4/PPP2R1B/AKT1/AXIN2/NFATC1/PRKCA
REACTOME_REGULATION_OF_GLUCOKINASE_BY_GLUCOKINASE_REGULATORY_PROTEIN,REACTOME_REGULATION_OF_GLUCOKINASE_BY_GLUCOKINASE_REGULATORY_PROTEIN,32,-0.476416819,-1.575487233,0.015378949,0.076277341,0.057250101,2899,"tags=38%, list=16%, signal=32%",NUP85/POM121C/RANBP2/NUP98/NUP107/NUP42/NUP58/NUP43/NUP37/NUP50/NUP88/NUP54
REACTOME_RNA_POLYMERASE_I_PROMOTER_ESCAPE,REACTOME_RNA_POLYMERASE_I_PROMOTER_ESCAPE,76,-0.369545577,-1.484298144,0.015492027,0.076558779,0.057461335,4641,"tags=33%, list=26%, signal=25%",H3C8/TAF1C/H4C8/H2BC4/POLR1B/H3C1/H4C14/POLR2H/POLR2K/POLR1F/H2AX/UBTF/TBP/TAF1B/H2BC17/H3-3B/CCNH/GTF2H3/CBX3/H3C6/H2BC15/MNAT1/H2AJ/CDK7/GTF2H1
REACTOME_ACTIVATION_OF_APC_C_AND_APC_C_CDC20_MEDIATED_DEGRADATION_OF_MITOTIC_PROTEINS,REACTOME_ACTIVATION_OF_APC_C_AND_APC_C_CDC20_MEDIATED_DEGRADATION_OF_MITOTIC_PROTEINS,64,-0.39277786,-1.513078849,0.015724191,0.077424547,0.058111139,5349,"tags=48%, list=30%, signal=34%",PSMD3/PSMB1/PSMD13/BUB1B/PSMC5/MAD2L1/PSMA4/PSMA3/PSMB6/PSMD7/ANAPC4/PLK1/RPS27A/CDC27/ANAPC7/PSMA5/UBE2E1/UBE2D1/CDC16/ANAPC15/PSMA6/CCNA2/PSMC2/PSMD12/PSMC6/PSMD6/UBA52/CCNB1/CCNA1/ANAPC5/ANAPC2
REACTOME_DOPAMINE_NEUROTRANSMITTER_RELEASE_CYCLE,REACTOME_DOPAMINE_NEUROTRANSMITTER_RELEASE_CYCLE,23,0.549279284,1.662535601,0.016268418,0.079815091,0.059905367,2670,"tags=43%, list=15%, signal=37%",PPFIA3/STXBP1/SYN1/SYN3/RIMS1/TSPOAP1/LIN7A/PPFIA2/SLC18A2/SNAP25
REACTOME_B_WICH_COMPLEX_POSITIVELY_REGULATES_RRNA_EXPRESSION,REACTOME_B_WICH_COMPLEX_POSITIVELY_REGULATES_RRNA_EXPRESSION,77,-0.367843744,-1.477380252,0.016474743,0.080536603,0.060446899,4641,"tags=38%, list=26%, signal=28%",TAF1D/POLR1A/POLR2F/POLR1D/H2BC14/H3C8/MYBBP1A/TAF1C/H4C8/H2BC4/POLR1B/H3C1/H4C14/POLR2H/POLR2K/POLR1F/H2AX/EP300/TBP/TAF1B/H2BC17/H3-3B/DEK/SMARCA5/H3C6/H2BC15/BAZ1B/H2AJ/DDX21
REACTOME_NF_KB_ACTIVATION_THROUGH_FADD_RIP_1_PATHWAY_MEDIATED_BY_CASPASE_8_AND_10,REACTOME_NF_KB_ACTIVATION_THROUGH_FADD_RIP_1_PATHWAY_MEDIATED_BY_CASPASE_8_AND_10,13,-0.64744098,-1.669512449,0.016881296,0.080780569,0.060630007,678,"tags=38%, list=4%, signal=37%",IKBKB/IKBKG/CHUK/RIGI/TRIM25
REACTOME_SARS_COV_1_TARGETS_HOST_INTRACELLULAR_SIGNALLING_AND_REGULATORY_PATHWAYS,REACTOME_SARS_COV_1_TARGETS_HOST_INTRACELLULAR_SIGNALLING_AND_REGULATORY_PATHWAYS,16,-0.587633063,-1.624645993,0.016774284,0.080780569,0.060630007,4369,"tags=62%, list=24%, signal=47%",YWHAQ/YWHAZ/SMAD3/SP1/EP300/SFN/YWHAG/PSMC6/SMAD4/PDPK1
REACTOME_G1_S_SPECIFIC_TRANSCRIPTION,REACTOME_G1_S_SPECIFIC_TRANSCRIPTION,29,-0.491918612,-1.595520924,0.016771577,0.080780569,0.060630007,4749,"tags=62%, list=26%, signal=46%",LIN37/LIN9/CCNE1/TK1/E2F4/POLA1/RBL1/TYMS/ORC1/CDC6/CDC25A/CDC45/RRM2/CDT1/LIN54/CCNA1/E2F1/PCNA
REACTOME_DNA_DAMAGE_TELOMERE_STRESS_INDUCED_SENESCENCE,REACTOME_DNA_DAMAGE_TELOMERE_STRESS_INDUCED_SENESCENCE,67,-0.383988214,-1.492028521,0.016708332,0.080780569,0.060630007,4806,"tags=36%, list=27%, signal=26%",H1-3/CCNE1/EP400/H4C8/H2BC4/HMGA2/KAT5/H4C14/LMNB1/H2AX/RB1/CDKN1B/H2BC17/CCNA2/TINF2/H1-1/MRE11/NBN/UBN1/CCNA1/H2BC15/H2AJ/TERF1/CABIN1
REACTOME_NCAM_SIGNALING_FOR_NEURITE_OUT_GROWTH,REACTOME_NCAM_SIGNALING_FOR_NEURITE_OUT_GROWTH,61,0.391105862,1.483413681,0.016672337,0.080780569,0.060630007,3768,"tags=38%, list=21%, signal=30%",FYN/COL9A1/CACNB3/GFRA1/CNTN2/COL2A1/AGRN/SPTBN5/CACNA1S/SPTBN4/COL6A3/ARTN/COL4A3/PTK2/CACNA1D/CACNA1I/NCAM1/COL6A5/SRC/COL3A1/ST8SIA2/GFRA2/COL5A3
REACTOME_RNA_POLYMERASE_I_TRANSCRIPTION,REACTOME_RNA_POLYMERASE_I_TRANSCRIPTION,96,-0.350997388,-1.452638722,0.016850656,0.080780569,0.060630007,4035,"tags=33%, list=22%, signal=26%",GATAD2A/H3C8/TAF1C/H4C8/H2BC4/POLR1B/H3C1/H4C14/HDAC2/POLR2H/POLR2K/POLR1F/H2AX/UBTF/TBP/TAF1B/H2BC17/H3-3B/CCNH/TTF1/MBD3/CHD3/GTF2H3/CBX3/H3C6/H2BC15/MBD2/MNAT1/H2AJ/CDK7/GTF2H1/MTA3
REACTOME_ZYGOTIC_GENOME_ACTIVATION_ZGA,REACTOME_ZYGOTIC_GENOME_ACTIVATION_ZGA,12,-0.665927215,-1.666916914,0.016980103,0.080968281,0.060770896,4110,"tags=67%, list=23%, signal=52%",KDM4E/CREBBP/EP300/YAP1/DPPA4/ZSCAN4/TUT4/DPPA2
REACTOME_ENDOSOMAL_VACUOLAR_PATHWAY,REACTOME_ENDOSOMAL_VACUOLAR_PATHWAY,11,-0.665780453,-1.608025134,0.017226702,0.081688376,0.061311364,2621,"tags=55%, list=15%, signal=47%",CTSV/LNPEP/HLA-B/HLA-F/HLA-G/HLA-A
REACTOME_IMMUNOREGULATORY_INTERACTIONS_BETWEEN_A_LYMPHOID_AND_A_NON_LYMPHOID_CELL,REACTOME_IMMUNOREGULATORY_INTERACTIONS_BETWEEN_A_LYMPHOID_AND_A_NON_LYMPHOID_CELL,88,0.359825243,1.476212177,0.017251335,0.081688376,0.061311364,4486,"tags=48%, list=25%, signal=36%",ULBP1/CD34/PIANP/CD22/ITGA4/NECTIN2/NCR3LG1/COL2A1/COLEC12/ITGB7/ICAM5/ULBP3/CD3D/CD1C/CD40/VCAM1/CD8B/OSCAR/SELL/ICAM2/TREML2/SH2D1A/COL1A1/ITGB2/CD8A/FCGR2B/CD300LG/NPDC1/TREM2/NCR1/COL3A1/COL17A1/COL1A2/ITGB1/KLRG1/ITGAL/KLRD1/PILRB/SFTPD/CD81/SIGLEC1/ICAM1
REACTOME_ION_HOMEOSTASIS,REACTOME_ION_HOMEOSTASIS,51,0.410168145,1.519215913,0.017473539,0.082167959,0.061671316,2396,"tags=25%, list=13%, signal=22%",RYR1/ATP2B2/DMPK/CAMK2D/PRKACA/ATP1A2/STIM1/KCNJ11/ITPR1/ORAI2/FXYD6/SLC8A2/ATP2A2
REACTOME_DOWNSTREAM_SIGNALING_EVENTS_OF_B_CELL_RECEPTOR_BCR,REACTOME_DOWNSTREAM_SIGNALING_EVENTS_OF_B_CELL_RECEPTOR_BCR,68,-0.375824241,-1.466565428,0.017428608,0.082167959,0.061671316,5349,"tags=44%, list=30%, signal=31%",PSMD3/PSMB1/PSMD13/PSMC5/PSMA4/PSMA3/PSMB6/PSMD7/IKBKB/RPS27A/NFKBIB/IKBKG/CALM1/PSMA5/MALT1/PPP3R1/PSMA6/NFKBIA/PSMC2/PSMD12/PSMC6/PSMD6/BCL10/UBA52/PPP3CA/CUL1/PPP3CB/CHUK/KRAS/NFATC1
REACTOME_ABORTIVE_ELONGATION_OF_HIV_1_TRANSCRIPT_IN_THE_ABSENCE_OF_TAT,REACTOME_ABORTIVE_ELONGATION_OF_HIV_1_TRANSCRIPT_IN_THE_ABSENCE_OF_TAT,23,-0.518703729,-1.583515053,0.018921006,0.088667747,0.066549744,3980,"tags=48%, list=22%, signal=37%",POLR2C/POLR2D/POLR2H/POLR2K/CTDP1/POLR2B/NELFA/NELFCD/NCBP1/NCBP2/GTF2F2
REACTOME_MRNA_CAPPING,REACTOME_MRNA_CAPPING,29,-0.48587458,-1.575917314,0.019146256,0.089108772,0.066880756,3980,"tags=48%, list=22%, signal=38%",POLR2C/POLR2D/POLR2H/POLR2K/POLR2B/CCNH/NCBP1/GTF2H3/MNAT1/NCBP2/CDK7/RNMT/GTF2F2/GTF2H1
REACTOME_SIGNALING_BY_INSULIN_RECEPTOR,REACTOME_SIGNALING_BY_INSULIN_RECEPTOR,77,-0.363048487,-1.458120938,0.019146256,0.089108772,0.066880756,2560,"tags=26%, list=14%, signal=22%",ATP6V1E1/FGF20/GRB10/PIK3CB/GAB1/SOS1/FGFR3/FGFR2/ATP6V1C1/FGF17/IDE/PIK3C3/PDPK1/ATP6V1D/FGF8/FGF19/ATP6V1G1/KRAS/ATP6V1H/FGF4
REACTOME_MITOPHAGY,REACTOME_MITOPHAGY,38,-0.443416387,-1.524329766,0.019598636,0.090902887,0.068227332,3859,"tags=45%, list=21%, signal=35%",TOMM40/RPS27A/FUNDC1/UBE2L3/UBE2N/VDAC2/MTERF3/TOMM22/TOMM6/UBA52/VDAC1/MFN1/VDAC3/TOMM7/PINK1/MAP1LC3B/TOMM70
REACTOME_VITAMIN_B5_PANTOTHENATE_METABOLISM,REACTOME_VITAMIN_B5_PANTOTHENATE_METABOLISM,18,-0.564986561,-1.598422412,0.019937423,0.091849982,0.068938176,3400,"tags=39%, list=19%, signal=32%",AASDHPPT/PANK3/PPCDC/PANK2/NUDT8/SLC25A16/ENPP2
REACTOME_COLLAGEN_BIOSYNTHESIS_AND_MODIFYING_ENZYMES,REACTOME_COLLAGEN_BIOSYNTHESIS_AND_MODIFYING_ENZYMES,67,0.377194074,1.458796258,0.019938002,0.091849982,0.068938176,4239,"tags=49%, list=24%, signal=38%",COL9A1/P3H1/P3H3/TLL1/COLGALT2/PCOLCE/COL2A1/COLGALT1/COL16A1/PLOD1/PPIB/COL8A2/P4HA3/COL6A3/COL23A1/COL15A1/PLOD3/COL1A1/COL24A1/COL4A3/COL14A1/COL19A1/COL26A1/COL25A1/COL6A5/COL3A1/COL18A1/COL17A1/COL1A2/COL5A3/COL11A1/COL11A2/COL4A4
REACTOME_NUCLEOTIDE_EXCISION_REPAIR,REACTOME_NUCLEOTIDE_EXCISION_REPAIR,108,-0.340613571,-1.451998323,0.02031897,0.093288783,0.070018071,5023,"tags=43%, list=28%, signal=31%",COPS8/SUMO2/UBE2V2/INO80E/ELL/RNF111/YY1/UVSSA/COPS4/RFC5/RAD23B/POLK/POLR2C/RPS27A/POLR2D/POLR2H/POLR2K/POLR2B/INO80B/UBE2N/POLE/COPS5/RFC2/COPS7A/ERCC4/RFC3/CCNH/COPS2/INO80D/PIAS1/RUVBL1/PRPF19/POLE2/XPA/RFC1/GTF2H3/UBA52/MNAT1/INO80/ERCC5/CDK7/AQR/GTF2H1/USP7/PCNA/TCEA1
REACTOME_MRNA_DECAY_BY_3_TO_5_EXORIBONUCLEASE,REACTOME_MRNA_DECAY_BY_3_TO_5_EXORIBONUCLEASE,16,-0.581022812,-1.606370444,0.020401067,0.093350335,0.070064269,3990,"tags=56%, list=22%, signal=44%",EXOSC8/SKIC8/EXOSC2/EXOSC3/EXOSC6/DIS3/EXOSC4/EXOSC9/SKIC3
REACTOME_SPECIFICATION_OF_THE_NEURAL_PLATE_BORDER,REACTOME_SPECIFICATION_OF_THE_NEURAL_PLATE_BORDER,15,-0.597649359,-1.622419817,0.020921002,0.095178218,0.07143619,2119,"tags=47%, list=12%, signal=41%",MYB/TFAP2A/GBX2/ZIC1/TFAP2C/PAX7/FGF4
REACTOME_BINDING_AND_UPTAKE_OF_LIGANDS_BY_SCAVENGER_RECEPTORS,REACTOME_BINDING_AND_UPTAKE_OF_LIGANDS_BY_SCAVENGER_RECEPTORS,38,0.436958767,1.502543223,0.021010644,0.095178218,0.07143619,3755,"tags=45%, list=21%, signal=35%",FTH1/STAB1/COLEC11/LRP1/APOE/COLEC12/APOA1/AMBP/FTL/SCARA5/COL1A1/SPARC/HYOU1/MSR1/COL3A1/SCARB1/COL1A2
REACTOME_PI_METABOLISM,REACTOME_PI_METABOLISM,79,-0.354233875,-1.432111105,0.021010644,0.095178218,0.07143619,2553,"tags=25%, list=14%, signal=22%",INPP5F/RAB14/PI4K2B/SACM1L/PLEKHA5/PIK3CB/PIP5K1B/MTM1/PIKFYVE/SYNJ1/PLEKHA1/TNFAIP8/MTMR9/PITPNB/MTMR10/PIK3C3/PLEKHA8/MTMR6/INPP5K/PIP4K2A
REACTOME_DEGRADATION_OF_THE_EXTRACELLULAR_MATRIX,REACTOME_DEGRADATION_OF_THE_EXTRACELLULAR_MATRIX,122,0.328831524,1.408626489,0.021098518,0.095258757,0.071496639,4245,"tags=44%, list=24%, signal=34%",HSPG2/FBN1/ELN/COL9A1/PSEN1/TIMP1/CAPN13/TLL1/MMP16/COL2A1/MMP9/MMP2/CAPN11/COL16A1/CAPN8/CAPN2/ADAM17/ADAMTS4/CAPN7/NCSTN/SCUBE1/OPTC/COL8A2/ADAM9/COL6A3/COL23A1/COL15A1/CD44/LAMA5/TMPRSS6/LAMB3/COL1A1/CAPN9/COL4A3/COL14A1/CAST/COL19A1/COL26A1/SPOCK3/COL25A1/COL6A5/MMP19/COL3A1/COL18A1/CTSL/COL17A1/COL1A2/COL5A3/MMP15/CAPN12/COL11A1/COL11A2/COL4A4/ADAMTS5
REACTOME_APC_C_MEDIATED_DEGRADATION_OF_CELL_CYCLE_PROTEINS,REACTOME_APC_C_MEDIATED_DEGRADATION_OF_CELL_CYCLE_PROTEINS,75,-0.37255315,-1.492925362,0.021561096,0.097024933,0.072822246,5349,"tags=45%, list=30%, signal=32%",PSMD3/PSMB1/PSMD13/BUB1B/PSMC5/MAD2L1/PSMA4/PSMA3/PSMB6/PSMD7/ANAPC4/PLK1/RPS27A/CDC27/ANAPC7/PSMA5/UBE2E1/UBE2D1/CDC16/ANAPC15/RB1/AURKA/PSMA6/CCNA2/PSMC2/PSMD12/PSMC6/PSMD6/UBA52/CCNB1/CCNA1/ANAPC5/ANAPC2/CUL1
REACTOME_ESR_MEDIATED_SIGNALING,REACTOME_ESR_MEDIATED_SIGNALING,202,-0.289709301,-1.320298003,0.022192839,0.09953818,0.074708568,3856,"tags=30%, list=21%, signal=24%",PPID/IGF1R/H2BC4/POLR2C/CREBBP/PPP5C/KAT5/GNAI1/H3C1/H4C14/POLR2D/AXIN1/DDX5/SP1/MAPK1/POLR2H/POLR2K/POLR2B/CALM1/H2AX/EP300/TBP/MED1/GPAM/RUNX1/CDKN1B/STRN/GNG11/H2BC17/GNB2/H3-3B/NCOA3/FKBP4/HSP90AB1/GTF2A1/MYB/SMC3/CHD1/AGO1/NCOA2/H3C6/TLE3/MOV10/STAG2/H2BC15/AGO2/KDM4B/H2AJ/ESR1/GNB4/PDPK1/GTF2F2/STAG1/NCOA1/KRAS/TNRC6A/CXCL12/HSP90AA1/AKT1/NR5A2/CCND1
