SHISA2	5.83288157123164
RGS3	5.36928909322345
RYR1	5.17207993353361
SV2B	4.93777619235206
HSPG2	4.84957526304033
SLIT2	4.79593056286418
LGALS3BP	4.76825237304444
GPC3	4.75006007326075
CPZ	4.67005211476848
PHLDA1	4.65839468959239
SYT13	4.5757404815141
TMEM151B	4.56943508367825
ATP10B	4.54638489287944
SLC22A17	4.52970470311307
RASD2	4.48852266886615
GATM	4.43162977222072
UCMA	4.43052958815846
TTC38	4.40815675904577
NFASC	4.38645488567212
GFUS	4.37114033240014
CYTL1	4.3539096929653
PCDHB10	4.34195203607816
PLD6	4.31427709296681
ZFP36L1	4.30119835983953
HEPH	4.28583589098673
TMEM163	4.28033956269676
SUSD4	4.27655076332444
PDGFB	4.26915684537172
MSX2P1	4.25251838664147
RASA4B	4.20990067977891
RHBDD2	4.20209975482667
TMEM130	4.19927218015279
EFHC1	4.19415452175592
SEZ6L2	4.18350464004096
CGB2	4.16937931232383
EMX1	4.16513420242787
PPFIBP1	4.14575535091789
TCEAL2	4.12740601427331
ID3	4.12676554958781
PNPO	4.1044227126208
TBC1D3	4.10211304200163
BCAM	4.10164135703495
RASA4	4.09662932826615
TGFBI	4.08623181191777
FBN1	4.07761318470359
ADGRD1	4.07707599829344
GDF6	4.06119502940628
ANGPT4	4.05811569550369
JAM2	4.05607602811016
BTBD17	4.03391839694481
LYNX1	4.03254817695724
RIN1	4.02655437045313
MSN	4.0247629083095
LRRN2	4.00275521576934
PHF24	3.99448428779871
NAIPP2	3.99145583773363
MAT1A	3.98393250817519
CLDN19	3.97245175170823
SNCA	3.97175982973013
GRM8	3.96310286270103
PDGFRB	3.95499846854311
LANCL1	3.94735314179241
ITGA5	3.9408390413813
GRIK5	3.92787489702112
AMOT	3.92366289546479
BICDL1	3.92323449245683
ULBP1	3.92008636287754
TLN2	3.91222531958526
CD74	3.90796731933808
KLF9	3.90613401434417
FBXO43	3.90397385085371
SHE	3.90122394637908
FCGR2C	3.90119638869803
PGA5	3.89705745322434
SERPINF1	3.89509807356144
CLGN	3.89354458501612
LPL	3.89036447660419
DAB1	3.88813684751395
COG5	3.88442210857231
GRIN2B	3.88094322659075
TCEAL6	3.88052040938113
PNMA5	3.87879865901558
DNAJB4	3.86632484955397
C10orf105	3.85942978715731
ITGA6	3.85802077167849
ANKRD1	3.85753364313301
BMP6	3.84630684889086
CCDC74A	3.84155701294454
PPFIA3	3.83961315331983
TAC3	3.83683414498574
FYN	3.83517418066728
RRAS	3.83404168196191
EPHB1	3.82496946324443
FABP7	3.8189480973774
ADAMTSL2	3.81680872099963
PTGIS	3.80859932008411
INSC	3.80440649624946
DHRS2	3.80414192171601
TNNT1	3.80162178160009
NLGN3	3.80130766419962
NME1-NME2	3.79737402538976
CHST1	3.79165300028388
FCGR2A	3.7899716561485
CADM2	3.78514450046216
FSD1	3.77749695161848
CD4	3.76525323622466
DDX25	3.75251807306909
RTN1	3.7497481583315
MFGE8	3.74949644782878
RGS9	3.73769377770625
HSPA12B	3.72591701721226
CYP2U1	3.72555771561026
ESPNL	3.72456822305577
NRXN2	3.72442174207481
SHC1	3.72263008764289
AKNA	3.71735297576785
ST8SIA1	3.7151379424489
LYPD1	3.71412902386301
S100A14	3.71353018735543
STXBP1	3.70692456932072
PTX3	3.70256355890959
MLF1	3.70196802793821
DISP1	3.69745788998305
SPTSSB	3.69653410689353
OPCML	3.69035513723043
CSMD2	3.68567455619613
RPH3A	3.68255986267307
NOL4	3.68185306845181
SH3PXD2A	3.67447101247933
MEIOC	3.67428310918125
PLEKHG4	3.67354047881218
GRIA3	3.6727773268859
BMP8B	3.66986674587848
DACT3	3.66965072905785
BIN1	3.66964969445338
CCDC74B	3.66861649288776
RASL10B	3.66361087143028
SHISA4	3.66248584056401
MXRA5Y	3.66175339218174
TINAGL1	3.65653003409907
HOOK2	3.65376241649602
TCF15	3.65233574008355
IDS	3.65009588847472
ARHGAP6	3.64779544092488
LCN10	3.64649315449385
SLC26A6	3.64561243521025
PODNL1	3.64236103944343
ANO9	3.62697062864178
HADH	3.62635176502728
LIPA	3.62490364397064
RELL2	3.62476011360804
DAGLA	3.62209260882932
TNFAIP8L1	3.61728662155109
LGALSL	3.60983959680181
EPHX2	3.60811006408711
SLC15A3	3.60552913501897
B4GALNT4	3.60420388282674
IGFBP6	3.60217424646682
LIPG	3.60181324565124
IGSF3P2	3.59795382245857
MARCHF4	3.59651290175588
FNDC7	3.59602353043348
SLC9A5	3.59439914616494
FZD9	3.59026194123421
HLA-DOA	3.58843463032822
ELN	3.58605056941908
MSMO1	3.58255278520598
FLII	3.57403143665302
MS4A15	3.56473999321559
PON1	3.56189413246889
ENTPD1	3.56101238809259
CLIP3	3.56021867613732
TBC1D9	3.55870214473912
PLXNB3	3.54930383162463
OR4D1	3.54782538005576
PCDHB16	3.54755323648905
COL9A1	3.54705781671968
MFSD2A	3.54254279492149
FUT9	3.54165319594798
ARMCX5-GPRASP2	3.5414506557635
ZNG1DP	3.54032321306596
RIMS3	3.53679206002301
WASF1	3.53561474719856
SEMA6B	3.53177090952752
IER2	3.53009576588288
PTGFR	3.5298188205266
CBLN1	3.52909683892851
GDAP1L1	3.52880712835775
RAB11FIP5	3.52501549039624
TTC28	3.51976515713469
FCGBP	3.51647395645852
RCAN2	3.511252464883
SYN1	3.51115070841969
ATP2B2	3.50664382040516
MYL11	3.50511176139131
PLLP	3.50484232703524
CPEB1	3.50286071345551
VAMP3	3.49769889076731
FTH1	3.495792102358
PCDH19	3.49469102181031
JPH4	3.49261909377382
RBFOX3	3.49201376565909
SNAI2	3.49163672779509
PCDHB7	3.4892582147653
IFI30	3.48896474690243
BEX2	3.47931715451743
HTRA3	3.47926359610926
SYNE4	3.47384132900081
S100A16	3.47356961471968
BUB1	3.47124538614149
PRKCB	3.46824797926957
CTNNA2	3.46708568365512
FOLR1	3.46169161408167
BRINP2	3.46059919508368
SORCS3	3.45973024955204
ADGRG1	3.45927585995179
TCTN1	3.4590168021592
DAPK2	3.45516863144918
SLC27A1	3.4521126519159
SNPH	3.45168786184843
ALG1L1P	3.45022125078052
RCSD1	3.44656464844228
TECR	3.44134722162429
NPAS4	3.43886918252959
GCK	3.43589613586292
HEYL	3.4333291431163
GNG2	3.43231034944386
BGN	3.42353177532563
SOD3	3.4208159117148
DGAT2	3.41968190058636
F10	3.41831556521045
PSEN1	3.41475100145548
DYNLT5	3.41310056356431
GPR85	3.41213901047603
NUAK2	3.41097663605291
MAPRE2	3.40823865993258
G6PC3	3.40572858008974
SYNPO	3.40463233754353
CACNB3	3.4043061710246
TACR3	3.40096789496891
APOBEC3G	3.40031617307077
MEX3B	3.40026604312095
APLP1	3.39557020795713
TSPAN15	3.39338144406336
PLPBP	3.39233723471731
XYLT1	3.38897456013838
FHOD3	3.38713393253998
MUC4	3.38709645226337
CNTNAP3B	3.3870672376204
RTN4RL2	3.38599084572084
EMP2	3.38544975817274
ENG	3.38507686085032
LAPTM5	3.37502696333852
PDE2A	3.37471198492837
FOSB	3.3727414020563
RPL23AP97	3.37053548434786
NTM	3.36833679172973
FOXS1	3.36410406203413
CREB3L1	3.36406845507138
GALNT14	3.35933050080129
NOMO2	3.3586980692964
SYN3	3.35617434530001
RNF157	3.35188254641227
TCEAL5	3.35164401396034
CHP2	3.35070647649891
FAM111A	3.34291742038934
MAST1	3.34133412169541
PTGES	3.3395398411465
VSIR	3.33772509401183
HLA-DMB	3.33697339731889
CPNE5	3.33304734759114
MSRB3	3.32894277095713
MPZL1	3.32776299647015
EDA	3.3272518513805
RSPO4	3.3265943075953
SYT9	3.32594311182829
GPR20	3.32540335513183
SIPA1	3.32487651915744
FAT2	3.31863838203213
MXD4	3.31511528253542
C3orf70	3.31206234236919
TNFRSF18	3.31113161963498
CXCR2P1	3.30999531221078
FMNL3	3.30855865098559
DPEP1	3.30737562393813
CALHM1	3.30724015016111
MYRF	3.30190012935399
DMPK	3.30168715624651
ASMTL	3.30161567825839
ZNF702P	3.29835466449912
CRYBA4	3.29732962003223
TGIF1	3.29371033713853
WDR35	3.29286084514972
ADAMTS10	3.29225050382758
NYNRIN	3.29082562703188
SLC5A8	3.29052281494134
CYBRD1	3.28637549378109
EHBP1L1	3.28435639713158
NPTX2	3.27330919622988
P3H1	3.27283205994666
DPY19L2P4	3.26978710138585
KANK2	3.2691366080715
SCG5	3.26644288092408
C1orf94	3.2652628176011
ZNF672	3.26519162391039
GFRA1	3.26497106689129
CD34	3.26487102818394
DLX5	3.25986018124542
TIMP1	3.24935804149955
IGSF1	3.24690597841023
GNE	3.24493700558537
JPH2	3.24185755006425
OAS3	3.23759433514496
NLRP1	3.23699845275185
CLEC14A	3.2357277503839
PDP2	3.23497390029975
DZIP1	3.23402236529075
INTS10	3.22940689445476
STAMBPL1	3.2279751956054
PHF21A	3.22539566379058
TMIGD2	3.22450037843523
HSPA7	3.22441231451842
CHGB	3.22436787115872
SOX4	3.22128334577228
ERCC2	3.22107967396107
LOXL2	3.22046991628964
TUFT1	3.21575374470719
MYH11	3.21428984823178
NUCB2	3.20703887334136
KCNF1	3.20549282092727
DCHS1	3.20540076604886
EBP	3.20321538785667
CPNE9	3.20118150098771
SMOC1	3.19798088118738
ADRA2B	3.19145211946061
BEX1	3.19131106963982
PLAT	3.19000904966912
FGD5	3.18884571644837
C12orf57	3.18857459204291
AGAP7P	3.18729992882914
GAL3ST1	3.18699910401281
RUNX2	3.1854214063397
VGF	3.18330500093501
MEF2B	3.17935194201403
OTOF	3.17511965235055
RIMS1	3.17461137662452
PIR	3.1730605681902
TXNRD3	3.1723270223515
CALHM2	3.16721403348367
PLXNA2	3.16635580493066
PROK2	3.16576147034793
POFUT2	3.16557782428478
WDR62	3.16415153000508
STN1	3.16414660661473
ADGRG3	3.1637722670304
BCAT2	3.16358278005644
SLC2A12	3.16349088675158
KCNK3	3.16204924934852
NTSR1	3.16194695525851
CNOT6LP1	3.16110562445595
CDH5	3.1585160840112
IP6K3	3.15850471588677
NBDY	3.15819079987309
ST3GAL3	3.14864399131938
NALF1	3.14246227385611
TMEM196	3.13490841173729
SEC14L5	3.13404683449501
MOCOS	3.13091133552042
HPCAL4	3.1279545513961
PKLR	3.12624049437799
ADCY7	3.12148983147932
FAM107A	3.12126395856038
ATF3	3.12057832143782
DGKK	3.12025237356838
CHI3L1	3.11853766371752
CORO1B	3.11800199338094
KLHL13	3.11744865063258
CAPN13	3.11410303212313
FCHO1	3.11283452117103
LSP1P4	3.11274488589552
ADAMTS12	3.10962090223638
KRT222	3.10789990567869
KCNN3	3.10781399090175
ANKRD36BP2	3.10765629301524
KCNK10	3.10661554968768
TNRC6B	3.1035425936299
RASIP1	3.10138658128099
PLEKHB1	3.09676122458653
SORCS1	3.09279479311522
CIC	3.0915131509697
PLTP	3.08671426010219
PIK3IP1	3.0861718105226
GLYATL1	3.08495876468022
RD3	3.08484846366774
KCNMB1	3.08449208651365
GALNT2	3.08273917885313
ATP10D	3.08211359766111
ZFAND3	3.08131504936735
SERPINA5	3.07985260727518
CX3CL1	3.07644580725428
LIPE	3.07641840190768
WLS	3.07489060800168
ABHD4	3.07382049759249
PPM1J	3.0703062523288
CAMK2D	3.06988329172551
TRIB3	3.06619887264607
BACE1	3.06515976937716
NOVA2	3.06377597899102
APOBEC3C	3.06338181337124
ABCB4	3.0579090234794
SP110	3.05786939647335
ZBED6	3.05382467286712
ADM5	3.05286651577368
THEM6	3.05256149427377
CLVS2	3.05047074713905
SLC22A31	3.05009078119444
CHRNB2	3.04944629616098
CD248	3.04901475381778
ANKRD18B	3.04773193837262
WWOX	3.04734305309372
CCDC9	3.04619611336891
CCN2	3.04451873243709
BTG2	3.04368349251112
TAGLN3	3.04191086639837
COBL	3.04178675250447
GSDMD	3.04095469505872
FCER2	3.04047906053453
TAFA4	3.03982359372518
HRC	3.0393022219136
PLCXD2	3.03712614735391
SLC16A4	3.03604003489143
TICAM1	3.03594146186709
DDIT3	3.03450311901221
MORC2	3.03441673456974
DYNLT2B	3.0343393024276
TSEN15	3.03323348367661
PRR5L	3.03224287207773
USH1C	3.02917205532459
RLN2	3.02840296045189
UNC45B	3.02634817372451
TFR2	3.02475610965384
PRRG3	3.02336955073185
SCN4A	3.02278249056579
MYH2	3.02194442174758
EPHA2	3.01772166277599
OLFM2	3.01746117805306
PLCD4	3.01743931943534
TNFRSF1A	3.0139014823872
ANKRD24	3.01348943644291
ECH1	3.01308957766809
RNF128	3.01160546929902
SULT2B1	3.0106987566492
SYP	3.0103414941212
MX2	3.00981075664455
SNTA1	3.00890265767719
DPYD	3.00848158807819
PYGO1	3.00844742981134
NUP210	3.00831219104684
CCDC177	3.0077283056345
NPL	3.00764652068997
LRRC4C	3.00661871057352
TEX11	3.00629120253184
CAPZB	3.00496215555524
GPR3	3.00491060793647
SMYD1	3.00447936234677
P3H3	3.00406343324766
JAKMIP2	3.00356616542407
ACOT1	3.00250065026613
PAM	2.99922240945709
RHOC	2.99889683887972
KYAT3	2.9987105891436
LRATD1	2.99536754780256
PELI1	2.99433970602906
PHYHIP	2.99333926832426
ISOC1	2.99290014699361
FAM110C	2.99107111504258
TENM2	2.98897022173081
HNMT	2.98807406219342
RUNDC3A	2.98402327573139
STAB1	2.98357669185063
MAP4K2	2.98169595117649
MYO7A	2.98118402243014
CEP68	2.97853807595757
MAP3K11	2.97424835915424
ILDR2	2.97385577590901
CREG1	2.9713332846414
LCN1	2.96627855316388
LRFN2	2.96579101416924
AMZ2P1	2.96436171768426
TLDC2	2.96368227599595
SUN2	2.96321050240636
COLEC11	2.9628794926357
NT5E	2.96139677056632
C1S	2.95983800053154
NMNAT2	2.95738700781975
EVI5L	2.95491127284606
SMTN	2.95388834381466
AIG1	2.95333206435705
PRKACA	2.95202000689514
HDDC2	2.95190040859123
KCNJ6	2.95035014114736
PCDHB9	2.94617820372993
SCTR	2.94480170253912
CRHR2	2.94305550835059
CADM3	2.94238214764123
TTPA	2.94199796098712
NCCRP1	2.94145339999551
FHOD1	2.93985705074162
KIF17	2.9377553346015
LMO2	2.93514513019172
LRP1	2.9331902281472
PHLDB1	2.93280554827731
PIANP	2.93246581681285
GAL3ST3	2.9319454201388
TNNC1	2.93164000808327
BTN3A1	2.93014972978126
NID2	2.92943589610077
NAP1L4	2.92804456452494
EDNRA	2.92510757554755
PPP1R15A	2.92501880828821
ZFYVE28	2.92477165670256
UNC5D	2.92423291456365
UNC80	2.92422907121262
PLPPR5	2.9202498569578
SYT10	2.91830186932299
PALM2AKAP2	2.91780595558449
INSIG1	2.91537110287063
TNS1	2.91401059074996
ENPEP	2.91173006369893
PHF21B	2.91058630569019
PLAGL1	2.90689379068197
OR8B9P	2.90341483684775
SLC6A11	2.9026055191433
TRIM29	2.90222210941914
APOC1	2.90168018045414
CFAP74	2.90166317300954
IFT81	2.89910273147367
PODXL2	2.89856827918128
FAM163B	2.89474141006697
SEMA3F	2.89217500210976
IRX3	2.89018647464656
TLL1	2.88945672997859
CLCN6	2.88937502471948
LRP10	2.88914503468559
ATP1A2	2.88781987337472
TM9SF4	2.88723048699623
EXOC3L2	2.8854041348099
TMEM185A	2.88516868419205
CADM4	2.88500438623724
GRIK2	2.884810377863
AIF1L	2.88473105211208
AJUBA	2.88170002414312
TMEM161A	2.88108369278022
ARHGEF15	2.88052203647205
RASL12	2.88042198423995
GRHPR	2.87993718947677
MFNG	2.87931967577095
HADHA	2.87885578000958
EPHA4	2.87880904347579
CDC42EP3	2.87740861036579
TMPRSS2	2.87713421114685
TMEM82	2.8756310032965
WHAMMP3	2.8753963468836
PSMG3	2.87450871294308
CD22	2.87370036763942
SLCO3A1	2.87355325270017
AKR1E2	2.87349221139644
SMG1P2	2.87205526238905
LIX1L	2.87085712416495
CD276	2.86929253470446
TNNI1	2.86847761075565
TYRO3	2.86664470308139
UNC79	2.86602320650984
PRICKLE2	2.86552837522409
PLA2G4C	2.86528611546081
SYT17	2.86311711493916
ARHGAP30	2.86266247657928
OSM	2.86219082601884
TNNT2	2.86118014978008
THBS1	2.8609679636173
BEX5	2.86068481722656
COLGALT2	2.85862279487008
ZSWIM9	2.85849945986766
CCDC90B	2.85800552850985
PDZD8	2.85757525289438
SLC35C1	2.85745626651452
SHOX2	2.85734734681225
MOS	2.85647520498446
FAIM2	2.85631631078914
GAL3ST2	2.85623456831798
LEPR	2.85612493005523
BATF2	2.85598739546557
HPSE	2.85353029825729
SLC24A4	2.85317986630971
DNAH5	2.84970893627755
CHMP7	2.84810257590894
LMAN1	2.84579378261336
SGCA	2.84261329241007
PLCE1	2.84240491085453
DRP2	2.84211275243217
ERG28	2.84201872129853
ABCG8	2.84161097661825
SARDH	2.84113863515091
RAB32	2.84052400207276
RPL23AP82	2.83947839086716
ZNF436	2.83893342470826
ITGA4	2.83779942713773
OSMR	2.83526330445163
VEPH1	2.83453875685095
ZBTB7C	2.83420282637095
PARVB	2.83408738959803
ANO3	2.83329467079483
NANOS1	2.83288591001224
DLG2	2.83252957587448
FLT3	2.83038524558637
TM6SF2	2.82832902843967
PECAM1	2.82757260776117
PPP1R2	2.82555287759856
RSPO2	2.8245066619304
DACH1	2.82219054724628
GSTM3	2.81844374237783
MMP16	2.81687658023738
FDPS	2.81554868248727
BEST2	2.81515837144223
SLC16A14	2.81228098969409
NECTIN2	2.81216740287349
NCALD	2.81130799776719
IQSEC3	2.80834601427912
UBE2L6	2.80827238936252
PCOLCE	2.80807317649116
MGMT	2.80796236596411
FCRL5	2.80495366440009
GGT8P	2.80441552507957
PSEN2	2.80394942966033
CNNM1	2.80343147889776
AMPD3	2.80065844732257
DISP2	2.79871150902171
NPC1L1	2.79866732477949
PTP4A3	2.7968192356639
OLFML2A	2.79589074657685
HTR1B	2.79574558430994
ITGA7	2.79370707626022
DUSP23	2.79350563291447
MB	2.79340844025746
QRFPR	2.79271632442951
KIAA1671	2.79255908616788
CHCHD6	2.79200821218143
TTLL10	2.78885609272982
UBC	2.78763248638434
MPZ	2.78397492304603
AOC1	2.78380570091141
EBI3	2.78043683474461
CHSY3	2.78019057786808
SCML2	2.78008662651098
SLC48A1	2.77901717022844
BDKRB2	2.77377762818472
PLCD1	2.77305264060078
TMX4	2.77201897167769
PKD1P1	2.77199302870917
FGF23	2.76895330930825
ADCY6	2.76894004641473
ARHGAP23	2.7687696837793
STIM1	2.76616325385644
CNTN2	2.76463090261399
RPS10P7	2.76316807487531
TOX	2.76060617832734
GGT7	2.76029085139632
ZNF644	2.75960729892736
SYDE1	2.75780050601242
KIRREL2	2.75643907923038
FGFR4	2.75598223579852
ZDHHC19	2.75566900776054
PDZK1	2.75556259450585
CD79B	2.75537979224778
NEURL1B	2.75380129416575
CXCL6	2.75361124784662
HSD17B12	2.75284866366792
APOE	2.75238231460343
ZC3H18	2.75144760489411
DHX34	2.74996072018832
GADD45B	2.74966741349802
PLXNB1	2.74865551203741
ELOVL3	2.74569704730382
AKR1C3	2.74533436740161
ACAP1	2.74472876215305
CHGA	2.74457465952441
GLB1L2	2.7441364396514
ACBD7	2.74408085057328
APLN	2.74367077558426
GPR63	2.742342648484
CLCN4	2.74156305309897
CCDC144A	2.74141314747048
MUC16	2.74064745008595
SH3TC1	2.74056317959988
SMG7	2.73936716536887
CIMIP2C	2.73934193255443
LARP6	2.73820880352588
TGM2	2.73491240345894
POC1A	2.73425739317995
PRSS8	2.73397569297956
MEIS3	2.73376791604281
TCEAL7	2.73174711185287
TRPC4	2.72826418327104
CDH22	2.72762198429925
FKBP9	2.7264978986661
FRMD1	2.72601224771092
IFT122	2.72532091825455
B3GAT2	2.72447714089908
CARS1	2.7239680285888
KLHL32	2.72329432571639
MOXD1	2.72300749041271
NCR3LG1	2.71903931428795
PCDH7	2.71855762901994
NOS2	2.71837891768518
CYP2A13	2.71797285698208
PNMA3	2.71747689825819
ECHDC3	2.71694878208255
CILP2	2.71589086307397
ATXN10	2.71399142109037
GLIPR2	2.71367973751911
ADGRL4	2.71344684059675
HCN4	2.7115054487438
BST2	2.7109578191264
IRF8	2.71030840404994
ACSF2	2.70669454287065
DUSP2	2.70654603985272
CFP	2.70635148515858
STMND1	2.70617164343065
TMEM229B	2.70354150044539
NCKAP5L	2.70274253424584
PRKD2	2.70238439587905
BLOC1S1	2.70101205400556
PTK2B	2.70045682034913
CXXC4	2.69835571961949
ODF2L	2.6978977257469
CRY2	2.69652221561043
FSTL4	2.69590298717755
SLC12A4	2.69529271725336
TDRKH	2.69458649328531
IQCA1	2.69365052036651
MAFF	2.69344638892948
PNMA6B	2.68798614389663
GSTT2	2.68692314489094
CMTM5	2.68632976172446
PKD1	2.68601183891317
GGH	2.68521608675866
STK32B	2.68389721308524
ASGR1	2.68349459840767
NINJ1	2.68223887611756
SEMA3G	2.68138194097363
PTGER4	2.68057367656314
SNAPC1	2.67950969446962
LOXL1	2.67787330663724
SPRED3	2.67733487329653
SLC1A2	2.67729939567584
CHST13	2.67652400277865
CPLX3	2.67576577014154
SULT1A2	2.67492213125479
KLK6	2.67353010725873
STX6	2.67320272742144
WFDC1	2.67130294137825
DTX1	2.6692810206212
SDHAF4	2.66912823823784
BNC1	2.6688465260501
COL2A1	2.66758132346737
PARVG	2.66446353955649
ETV3L	2.6636819678051
RAB39B	2.66362955447728
FOXN4	2.66154000956327
KDELR3	2.66151053769746
FRY	2.66025959218291
LCTL	2.65861831646871
C3orf80	2.65772199618482
RSRC1	2.65547312119663
DPYS	2.64921011853585
GALR3	2.6491480851579
TRIM46	2.64800018515933
SSX2IP	2.64654203727395
NLK	2.64540172970579
ARHGEF17	2.64524646102518
UBA7	2.64522625270082
SLC30A3	2.64442716944786
COLGALT1	2.6435328042353
KIFC3	2.64280216853779
BRINP1	2.64100898102837
ADRB2	2.64055358039983
HOGA1	2.64054112766008
EXOC4	2.64051317135429
MMP9	2.64036405370919
RHOJ	2.63941421589142
PCLAF	2.63935791362265
AHSG	2.63914756577751
MMP2	2.63904236524048
HRG	2.63843061286136
GPR173	2.63495224113062
NBPF26	2.63372824354782
CPQ	2.63358403025686
IL1R1	2.63309729888611
ADCYAP1R1	2.63304070260802
LRRC27	2.63187537055457
CCN1	2.63103779660724
KDM4A	2.63083862995269
TMC6	2.63015515692228
DPY19L1	2.63006515499367
SIPA1L2	2.62975941810231
LRRC8C	2.62862736822455
SKAP1	2.62730714165172
CA12	2.62688053740538
TSPYL5	2.62656142018631
MAGED2	2.62639552691679
LRRC8D	2.62594264062819
TPBG	2.62459527934432
DAAM2	2.62427130992912
HNRNPLP2	2.62299428721108
CHRNA9	2.62230565416099
CABS1	2.62188102132109
KRT86	2.62145970054153
CFAP44	2.62109601789518
EPHA8	2.62107980795935
ERN2	2.62097087535866
STX1B	2.62057119037874
AGRN	2.61825963719876
TMEM205	2.61824084338341
TUBB4A	2.61687945188061
LONRF3	2.61571790039857
TNFSF15	2.61532304545989
PLB1	2.61281489426248
EHHADH	2.61220382300942
ZNF385D	2.6116868512325
ZC3H12D	2.61037717805357
PAH	2.6097093393406
SLC36A4	2.60959800391172
DYRK1A	2.60924942302114
SELENOM	2.60844953860494
ATOH7	2.60642785696823
NIPAL2	2.60627035760042
ERMAP	2.60432867060938
KIF5A	2.60369660707143
NUDT19	2.6032281161274
C5AR2	2.60304166859768
SNX31	2.60095407450648
TIE1	2.60030435307112
PCDHB14	2.60022535350951
MICALL2	2.59946226851509
PLBD2	2.59879311594582
PTGER3	2.59807893114798
AKR1B1	2.5974189801675
STK32C	2.5960868272831
FKBP9P1	2.59567182804831
FKBPL	2.59450391340533
MEGF11	2.59213498855359
HS3ST1	2.59205696994656
MYO1F	2.59022086891349
LGR6	2.58978178550595
RAPGEF3	2.58968593072821
HLA-DRB5	2.58886185360053
ABLIM3	2.58881508914885
MATN4	2.58776723560941
HVCN1	2.58737118761807
NGRN	2.58647670993958
KIF21B	2.58546245490427
VLDLR	2.58533944469809
PRND	2.58461608273107
SLC43A3	2.58459750115715
KCNJ11	2.58406871496923
DUSP6	2.58289229551355
IMPA1	2.58217827658237
CCDC141	2.58118540146259
TSPAN4	2.5809334324875
CLDN5	2.58055974109347
ESRRB	2.57917320397742
PGA4	2.57695613487425
DNAJB5	2.57322026175691
SLC9A7P1	2.57317148547392
USP44	2.57248859472251
LY75-CD302	2.57248336717877
CAPN11	2.57164890913463
TMEM45A	2.57028673244359
CLDN10	2.57006143147844
EIF4E1B	2.56976316911522
AEBP1	2.56971240547481
ARHGAP36	2.56905140989715
IFRD1	2.56873239933621
NUDT7	2.56820164416897
PITPNM1	2.56790363837981
CYP2R1	2.56627498772288
LASP1NB	2.56515961129446
APOBEC3F	2.56355708400641
ELL2	2.56276765195834
LMOD1	2.55991075178565
MTUS2	2.5591883503668
PCDHGB1	2.55916275142055
RND1	2.55838834282132
IL21R	2.55838808600395
KCTD12	2.55802315576033
PEX5L	2.55297961714041
PPM1H	2.55252074275726
PROKR2	2.54936037059659
ST3GAL1	2.54934652258256
HTR3A	2.54804386020618
GALNT9	2.54644747968297
PAQR5	2.54598899178095
MALL	2.54595836506379
RIPPLY2	2.54517208298452
SPTBN5	2.54495192836422
FRMD3	2.54464562509879
MVD	2.5430807304616
PSAP	2.54183306817902
PIP4P2	2.54109402647852
ACVRL1	2.53982108862406
GPR39	2.53927762348407
TBC1D17	2.53834657684496
LRP5	2.5382458258974
COL16A1	2.53789895240954
LYRM4	2.53731861369618
HKDC1	2.53647429483924
LAMP5	2.53617723671158
RIMS2	2.53590925354441
LATS2	2.53585742529684
DPY19L2P2	2.53571141653181
POPDC1	2.53563797106268
GOLGA8H	2.5345193120574
SCYL1	2.53373936728499
USP17L14P	2.53361613370792
CSDC2	2.53356854056982
RHBDL2	2.53227653817911
CXCR2	2.53125487285892
SLC32A1	2.53119471197809
POTEJ	2.53031244760168
TTN	2.52930900877913
TRGV5P	2.52923835976027
DUSP12	2.52902451751041
TNNI3K	2.52898069914168
PRR20G	2.52843106149804
MTARC1	2.52539617658699
CT62	2.52531668309066
LITAF	2.52489665817039
LYNX1-SLURP2	2.5242589943786
PLA2G3	2.52352622279049
TTYH3	2.52317146364885
RIC3	2.52040056430103
PRSS3	2.52034712501979
IKBKE	2.5201501979502
ENTREP3	2.51891790778655
ITPR1	2.5167596121519
ORAI3	2.51664359446409
GFOD2	2.51608099247885
EPHA6	2.51596652462323
GREP1	2.51593179280752
ACTL6B	2.51546925702399
SBK2	2.51480645801499
KCNK15	2.51356729390578
SVOP	2.51351912716208
APMAP	2.51309336503094
IFI6	2.51090285352281
ASB2	2.51036414357814
EFNA5	2.5100879869951
C1GALT1C1L	2.50912440002249
CHRNA7	2.50831361105405
SLC50A1	2.50794656798545
THSD1	2.50618964694167
FUT1	2.50510175860541
ABCC6P2	2.50406976056553
PKP4	2.50291741436129
FMN2	2.50178622275246
ARHGAP29	2.50129467534259
THBS4	2.50120868374421
TLCD3B	2.49936159205219
CYP2J2	2.49910192348914
SNU13	2.49909128861759
SERPING1	2.49864054551097
CAMK1	2.49606086933664
ADM2	2.49505253107704
MRPS6	2.49491159860441
RNFT2	2.49431711642542
GPR150	2.49421614983562
COLEC12	2.49293183679637
EHBP1	2.49260105190432
AKT3	2.49254187774192
GLTP	2.49237968502195
TNFAIP2	2.49217164760786
MAP2	2.49053196611867
SPRR2F	2.48953292706624
GRIA1	2.48879994506968
RGS2	2.48801049841547
IL11	2.48650156662253
PAPPA	2.48571032568805
DOK4	2.48513484621767
ZBED3	2.4842507432092
SPR	2.48423898054539
MLF2	2.48154568042346
CACNA1E	2.47979803344296
DNAI2	2.47944955197059
TMEM117	2.47886401270487
CYBA	2.47690778888889
L1CAM	2.47592847170393
PAK5	2.47566253905784
ZNF890P	2.47519077337718
ENPP6	2.47361202270952
ZSWIM8	2.4727191978683
TIMELESS	2.47168081796284
PLOD1	2.4710127208371
SPINK2	2.4709296227899
ID4	2.47059542468962
CCN3	2.46949801630482
SOST	2.469497235274
TMSB15A	2.46893124421018
GABRA3	2.46661626703221
SLC7A6	2.4665960024938
C11orf71	2.46624367282372
CBX7	2.46596605993119
PMF1-BGLAP	2.46557023514434
LPAR6	2.46536665474042
ITGB7	2.46464253314534
FECH	2.4640088672046
EPDR1	2.46357747512445
JCAD	2.4635462125701
MAB21L4	2.46196462996311
SSTR3	2.46163335162735
ANGPTL2	2.46040207893114
GRAP	2.45654358731968
DRAP1	2.45528417412919
PTGER2	2.45425655320535
NAV2	2.4539967467708
NT5M	2.45213340391455
AFF2	2.4476911438004
NPC1	2.44756909501486
NR6A1	2.44726391816639
TNFRSF11A	2.44625462380863
CCDC181	2.4459617857389
AP3S2	2.44434105259355
ANXA4	2.44307208892179
ARPC1B	2.44259040032409
LAMB2	2.44124847121962
STING1	2.44090990650575
DLG4	2.43976085855938
USP32P1	2.43863338890069
CACNA1S	2.43730188696918
ARC	2.43722608365859
RNF26	2.43716332718618
HMOX1	2.43709275362865
SLC12A5	2.43644921794632
C2orf78	2.43612390015003
ZFPM2	2.43603299725322
CAPN8	2.43417031059409
NPHS1	2.43393099993645
BRSK1	2.43373838195197
DAW1	2.43251612110082
KCNK17	2.43220605030906
CRYBB1	2.42977891991062
DOCK2	2.42960313603254
TMEM9	2.42771490135387
PRELP	2.42575935480273
IGSF9	2.4256042051706
ATN1	2.42472002136495
CITED2	2.42444693835506
THAP10	2.42336088733153
ARG2	2.42222716535257
PRICKLE1	2.42182098334716
RRBP1	2.42165881884275
ITGB3	2.42055085306565
AK5	2.42053876678064
OPRD1	2.41972344575351
SPTBN4	2.41965599535359
IGSF10	2.4187156093128
STRN4	2.4174509668474
TUBA4A	2.41589334672597
SLC51A	2.41571701302326
LIMK1	2.41561846611432
WNT2B	2.41526786739684
RHOBTB2	2.41311189559568
SMIM8	2.41189464163575
LHX2	2.41066726778436
CA11	2.40956318925499
LRRN3	2.40929270639943
SYT11	2.40908151029114
NDRG1	2.40906688980329
PCDHB12	2.40895700820094
TCIM	2.40829946991828
DKK3	2.40693814505942
MEOX1	2.40638278375787
TMEM204	2.40626373273918
CLSTN3	2.4062108894959
PDRG1	2.40571064935414
TSPOAP1	2.40350024485178
CST1	2.4015990987655
IL27RA	2.39984215636189
BAALC	2.39963069628252
S1PR2	2.39942168791654
ANKRD34B	2.39876971989703
OSBPL6	2.39725719150894
KLF3	2.39597476476755
BAZ2A	2.39558500038212
GADD45A	2.39531406581288
KCNAB2	2.39269099984786
IZUMO1	2.39242380097591
SRF	2.39223803325875
C8orf88	2.39192254132478
CLEC18A	2.39113571623088
RTL5	2.39101799154404
KCND2	2.39044071268131
SFRP4	2.38916728573618
CACNA2D4	2.38885663825017
DNER	2.38878957056173
ALOX12P2	2.38811364970195
AK7	2.38795785521426
SH3GL2	2.38782960898636
SMTNL1	2.3877009596807
CBLB	2.38704723780787
PTPN3	2.38681262947636
INKA1	2.38676591715613
ARHGAP33	2.38529432569995
FRG1HP	2.38493630373727
OLFM1	2.38489526329592
TMCO6	2.38451855120991
RHBDD1	2.38400280516343
MYH6	2.38094235199845
UCP2	2.38033910665048
NEO1	2.37939881949752
C2orf74	2.37878207850495
ICAM5	2.37861049820283
GPR156	2.37819135073247
RAB33A	2.37532111380145
SH2D3C	2.37448247600056
PCDHB2	2.37410114369211
OLFML2B	2.37361380839319
FAM184A	2.37330174511108
TLN1	2.37301909466808
TXNRD2	2.37255203563148
DLG5	2.37110372318144
MOGAT1	2.37079578591091
MTSS2	2.36993623818128
PAIP2B	2.36770507061753
MFSD12	2.36678938761895
SMIM24	2.36662412604531
MAP7D2	2.36646147950217
CCS	2.36641938376665
SLC22A16	2.36543268193062
TAF7	2.36528105285333
ITPKB	2.36455195803845
ZFR2	2.36389025962858
ARMCX6	2.36280841487331
DOCK10	2.36238350876523
PLPPR2	2.3621174039599
PRCP	2.36172001019725
GUSBP11	2.36144626910806
SPICE1-CFAP44	2.3611509921682
MYMK	2.36102079647612
B4GALT1	2.36098596323437
PPP1R17	2.36033070357707
MAPK10	2.35887144002532
SGPP2	2.35884597878411
CDH11	2.35824647510437
DKKL1	2.35775564579001
SHISA6	2.35742420955453
CD63	2.35738522999257
ARAP3	2.35661349989255
UBP1	2.35644370955088
TSPO	2.35589055507211
GRB14	2.35505528231484
BMPR1B	2.35488407074082
SV2A	2.3547285002282
UNC5C	2.35405434464916
STARD4	2.35380062449259
SLC38A4	2.35379100001715
SERPINF2	2.35255833097544
VSTM2L	2.35235731132971
ACKR1	2.35234959608648
LHX6	2.3521433277965
DENND1B	2.35169999410803
ABLIM2	2.35165633303834
FADS3	2.35122719753736
CLDN3	2.35116595439944
AGAP14P	2.34984328592024
C2CD4B	2.34923592765295
NCAM2	2.3490272414977
ST6GALNAC3	2.34884672184687
ARPC5	2.34847334341793
KRT81	2.34793400259772
PKD1L2	2.34704891662966
SLC22A20P	2.34670262969179
CORO2A	2.34533747881068
RASGRP4	2.34432729975985
CDH15	2.34397465316713
FBLL1	2.34037214939832
NUDT16	2.34027532642952
A1BG	2.33820757062625
ELAPOR1	2.33703097166323
POU2F2	2.33688205224549
RNF152	2.33569970020119
RAB9B	2.33320374309356
MON1B	2.33082676137605
LTF	2.32927890003764
PIGH	2.32897290367579
LACC1	2.32860557514373
GFY	2.32622564853386
CYP1B1	2.32510736926441
CCK	2.32412867328575
CRYBG2	2.3240432281092
EPHA1	2.32395682226567
CADM1	2.32375211808834
ZDHHC4	2.32306869389042
OCIAD2	2.32239823482924
LSAMP	2.32213361977598
PCSK2	2.32185233223953
UGT3A1	2.32053456797402
FABP3	2.31984841839628
CAPN2	2.31930522189458
CCKBR	2.31827178415954
APOA1	2.3178349524668
PLXNA4	2.3172694860685
MAOA	2.31541388085253
ZMAT4	2.31317603465643
CCN4	2.31260702086154
MYADM	2.31192042286536
GMPR	2.31164645704517
REM2	2.31155068540512
DCHS2	2.31153589493298
MYL7	2.31063571358882
SDCBP2	2.31045902134025
OPLAH	2.31026342514351
SLC35G2	2.30942029868224
TXLNB	2.30932784802969
FBLN7	2.30887364508208
ACVR1	2.30818362751879
IGFBP5	2.30805554318764
TMEM97	2.30804762423064
IL10RA	2.3069094274884
EPHA5	2.30642578965609
LRRC55	2.30569507868904
ICA1	2.30550885510321
SEC14L4	2.30546841192102
SLC7A3	2.30500003885386
USH1G	2.30373177445468
UBE2J1	2.30369461950135
MAST3	2.30253400142086
LDOC1	2.30189336039692
SCML1	2.30072527514862
F13A1	2.29896383284348
PER1	2.29876477793144
ECRG4	2.29745727616729
TRAM2	2.29630621007943
TGFB1I1	2.29454022993151
SMIM30	2.29453196263154
PLD3	2.29357517560488
CTNND2	2.29227865993871
ATP8A2	2.2919427423971
LINC03040	2.28940212612865
PDE4B	2.28871560796483
VSTM1	2.28854356015646
TSC22D1	2.28738471471044
TRPM8	2.28578998871905
DROSHA	2.28566321059177
FILIP1	2.28557183602152
LTBP4	2.28516467294602
PPFIBP2	2.28472623887871
VAT1L	2.28362840825264
PPIL6	2.28319990080495
C16orf89	2.28151260432897
TMEM45B	2.28039643672091
SLC41A1	2.27992686276907
QPCT	2.27976047584527
CSF2RB	2.27868262578263
KCTD17	2.27813870308165
LYRM9	2.2781380957065
SGIP1	2.27667416475091
SLC25A45	2.27466157775688
PFKP	2.27452041729741
DIO1	2.2744138248256
PCDH12	2.27439286443884
MYH7B	2.27349998217001
GUCY1A2	2.27341919571768
NIBAN2	2.27285821487464
CYP27B1	2.27264867951365
TXNDC16	2.27157771791102
STEAP3	2.27094285736014
XPR1	2.27002532145485
MAN2B1	2.26924623375122
VMO1	2.2684864908289
CSPG4	2.26846249243683
TPM2	2.26734110945682
RAB40B	2.26640462232254
PARP6	2.26552224663174
DHDH	2.26392569827046
HIPK4	2.26378139118737
PAPSS1	2.26364571735749
INSL3	2.26350695817755
MAP3K14	2.26308242550134
GABRA4	2.26291067131293
ACTR1B	2.26218048287712
ARFGAP3	2.26120459818656
GPR37L1	2.26093498706979
SLC52A1	2.25931693446009
DDX11L2	2.25895101223734
RNF112	2.25776587353757
SYT4	2.25580549439035
PAQR9	2.25487734592833
SH2B2	2.25419921856532
OCA2	2.25396938342203
SLC1A4	2.25375134842769
CTDSP2	2.25276960999428
CLDN12	2.25267411469282
PCYOX1L	2.25202194496616
ALDH2	2.25147606108585
TPTEP2-CSNK1E	2.25075666163107
RNF135	2.24951211942963
HDAC7	2.24950262117301
RFX7	2.2493279744062
ODF2	2.24929347316488
CFAP46	2.24876954936163
AMBP	2.24723576952702
VARS2	2.24651225074822
KDELR1	2.24481371121186
NOD2	2.24461524036292
SBNO2	2.24414470319909
ADAM17	2.24318247697172
RASSF5	2.24309145996228
CIST1	2.24223072240919
TBKBP1	2.24194184822577
DNPH1	2.24116318954451
GPX8	2.24093456167229
GRN	2.24063169518842
ORAI2	2.24062785138911
UCP1	2.24048669352287
HEPHL1	2.23960239154682
HLCS	2.23818031606446
TET2	2.23771967976981
LOXL4	2.23711235642596
FUT3	2.23623613348494
RAI2	2.23469609675517
DEXI	2.23457028270397
PIP5KL1	2.23422815965092
IGFBP3	2.23383986603857
ATP5F1E	2.23318109542418
ULBP3	2.23166436511609
PGC	2.23110414852452
CD70	2.23062529668759
AMPH	2.22794798119759
TLCD5	2.2275938379191
CALCB	2.22739433940583
MRGPRF	2.2257922278745
IL7	2.2252611605461
SCRN2	2.22484703393181
PABPC1L2A	2.22402329636091
ACOXL	2.22379162159232
PPL	2.22377296679684
AVPR2	2.22347482774034
TRIM44	2.22299497710095
CCDC88B	2.22242525791778
CEP295	2.22226747719183
PPT1	2.22212342452004
DOC2GP	2.21992216856266
WHAMM	2.21921430255696
CHRDL2	2.21914156491335
GABRA2	2.21821598652128
VSTM4	2.21803063524513
TNK1	2.21772617324475
GPSM1	2.21761375286284
PMEL	2.21658293565998
CXCR4	2.2158701356357
EID1	2.21571199514096
BMS1P12	2.21514327972455
ZNF227	2.21397768215712
CETN2	2.21366903041306
NCAPG2	2.21332986527058
C12orf75	2.21266379190789
DPY19L2	2.21254373399033
SLC45A1	2.2117244044972
ANKDD1A	2.21145139253411
ANKEF1	2.21141828609288
FADS2	2.21135044055971
PLPP7	2.21026225465527
IDO1	2.21021792809019
CPE	2.21001713211684
NEU3	2.20999901306675
LHFPL6	2.20939801825837
GUCY2EP	2.20878035987684
VASP	2.20855181326049
CNGA1	2.20675775031872
IGLL5	2.20668466995958
ERN1	2.20637626784039
SSPN	2.20613244489911
BEND6	2.20563823563227
TMEM119	2.20429132577709
TCAM1P	2.20424485839119
HMGCLL1	2.20354961503225
OXCT2	2.2028734983772
SEC11C	2.2028581911396
NFKBIE	2.20273421312747
DHCR7	2.20185403112164
SLC25A33	2.20038308259156
CRIP2	2.20021027949695
SHC4	2.20013097414259
TRIM14	2.19957074592724
MOB3C	2.1984305634199
ERICH2	2.19837119625259
LRRC37A3	2.19776816812016
ADAMTS15	2.19690505178877
NPR2	2.19671835316696
SATL1	2.19627476456916
TMBIM1	2.1958433211463
LPIN2	2.19558097823214
MNS1	2.19469565689438
CERS6	2.19337862140895
NHSL2	2.19274293292191
MFAP2	2.19198878896125
FES	2.19187675301046
ABTB2	2.19186164842511
CYP26B1	2.19106250390511
RNF123	2.19085381391308
SEC61A2	2.19002627963261
S100A4	2.18967978307593
WNT8B	2.18940800528211
SCRT2	2.189016008644
IFT52	2.18875628117437
SRMS	2.18873851776379
SLC29A1	2.18872352479485
LRRC7	2.18789994707116
PRDM6	2.18742239060366
CROCCP2	2.18738733178045
CYP4F59P	2.18281154352142
TFRC	2.1819956074397
SERPINI1	2.18081984710899
EPB41L1	2.18058838533307
CLSTN2	2.177947912106
FDFT1	2.17528420255837
TRANK1	2.17498567730057
TMEM216	2.17492398926375
DHRS4L2	2.17473678579688
GRIN2D	2.17461543731799
AKAP14	2.17460862317277
FBXW11	2.17458947032783
RSPH4A	2.17435335672629
CA3	2.17356420110856
COX6B2	2.1714217802751
LCLAT1	2.17080965165577
RAX	2.17059759274061
ILDR1	2.17036173618077
HM13	2.16905756305497
GPER1	2.16802885654105
ARMCX2	2.16589874326795
TM7SF3	2.16587482089375
LFNG	2.1657889009476
PWWP3B	2.16548390002781
SARM1	2.16470702511676
SBK3	2.16422005722539
WDR86	2.16419273717546
ZNF185	2.16408184157556
KAT14	2.1637689142667
RFPL3	2.16171766537289
ZNF618	2.15909822504307
UCHL1	2.15822064836091
ADAMTS4	2.15817611954529
EGF	2.15803771930872
WBP2	2.15762044824403
IRAG2	2.15731211014324
C6orf118	2.15661573045831
SLC16A9	2.15660738562023
HABP4	2.15649205775732
GPD2	2.15630277978552
CTDSPL	2.15568724654628
CD3D	2.15519724559506
TSPAN7	2.15510204422815
VIL1	2.15477453943703
EEF2K	2.15237935235314
PDE1B	2.15209333813124
S100A6	2.15197916746076
KLF2	2.15188169171951
SH3BGR	2.15165433150238
GSTM2	2.15150372274956
KIF12	2.15083778044713
STARD9	2.14785387724749
NTS	2.1472677440198
SH2D3A	2.14642593182954
CSTA	2.14622347105938
TRO	2.14614843533281
CFAP68	2.1455238219798
RPL7AP19	2.1437663230698
NLRC5	2.14233474638437
RDH8	2.14214445366805
AFF3	2.13931410714269
PADI4	2.13876116137516
PTPRH	2.13872986958509
AKAP17BP	2.13850403416612
MPP2	2.13731198058775
ADSS1	2.1365775554312
AVPR1B	2.13607674117622
CCDC81	2.13599434574679
CPXM2	2.1354224431531
PLCB2	2.13413098298679
CKAP5	2.13401922077942
CEP83	2.13151656628042
TTC39A	2.13144622895096
VSIG10L	2.12883749456638
DCUN1D4	2.12812501416618
GPR143	2.12810691853039
NIBAN1	2.12730583991902
GNPDA1	2.12673807940653
STARD13	2.12594753917804
RPS15AP36	2.12507122536358
VTN	2.12500937926844
EGR1	2.12457417766067
PICALM	2.12074388407048
DMRTA1	2.11993848097104
PHOSPHO1	2.11970591992298
SIM2	2.11951246633644
ASGR2	2.11923720297201
ATF7	2.11883155321436
RGL1	2.11871597442994
GLB1	2.11802992346271
PLSCR3	2.1177873198102
GMDS	2.11763572580285
ABI3	2.11747457531041
EMP3	2.11509859488552
RAB36	2.11506971217741
AMACR	2.11464624876862
GLP1R	2.11364654076198
NPHP3	2.11336786025207
PCBD1	2.11301333471842
MYL12A	2.11294795525536
NR1D2	2.11287656464165
HOMER3	2.1121440166079
GNRHR2	2.1115787894092
OR5A1	2.10982775895999
IKZF1	2.10786573026854
CEBPB	2.10748105562775
TMEM185B	2.10669250012644
GAB2	2.10626076378703
LHFPL4	2.10602403909685
PRUNE2	2.10516653932752
RAD17	2.10436630083107
KCNMA1	2.10389625113281
ALDH6A1	2.10326551610042
AAGAB	2.10311626219363
ANKRD13C-DT	2.10277551018726
PDE3B	2.10247654643338
FZD2	2.10200901519418
RAB3GAP1	2.09942454083151
PIK3R5	2.09940157372105
CHD9NB	2.09936772311101
ASTN1	2.09883080961172
ACTN3	2.09826499220937
PYURF	2.09710807221117
SLC2A10	2.09677160097227
NEXMIF	2.09562091741006
CDH4	2.09489393097801
LPO	2.09486675066094
IGSF5	2.09404061881991
P2RY2	2.09274977835838
JUND	2.09242917107084
GDF1	2.09224833192375
ZFP92	2.0912079834935
ACSS2	2.08917504290625
FAM241A	2.08857565513892
STXBP2	2.08735691374359
SLC13A5	2.08695606478917
SRXN1	2.08583612967715
CYTH2	2.08578407843142
SLC17A9	2.08509020950522
TRIM50	2.08467773594347
CRYBG1	2.08464868174352
RAB33B	2.08427666205259
RAB7B	2.08359948618015
IFI16	2.08201955886688
DUOX1	2.08193382983395
MAP7D3	2.0817183368874
SLC16A8	2.08125267876931
PABPC1L2B	2.07998441305827
SPAG6	2.07858127754808
FOXE3	2.07820833371212
SYTL2	2.07707934259623
PRR33	2.07702619230708
HJURP	2.07653048958696
SDHAF3	2.07599317994871
ESRRG	2.07592089351112
DOK7	2.07465157561171
MEOX2	2.07452664857841
IGFBPL1	2.07436464291583
RCBTB2	2.0737563933461
PTMS	2.07374034214451
PTGIR	2.0735310601622
GPR19	2.0729107422024
CTF1	2.07227329374574
PCP4L1	2.07174064583464
FAM167A	2.07166478424259
DYNAP	2.07139270191656
NXPE3	2.07104637899249
FCHSD1	2.07027378920595
G0S2	2.06872960643048
PPIB	2.06859678633017
ARRDC3	2.06681592765399
SLC2A1	2.06677977483168
KIAA1549L	2.06593529993183
KCNK6	2.06582598586352
CAPN7	2.06490668845384
KLHL30	2.06448909620343
ZNF322	2.06421528160838
SLC34A2	2.06175046249897
ZNF703	2.06160263732828
GPR26	2.06008124296073
CRACDL	2.05920622983054
RPL23AP49	2.0588112534259
CDRT4	2.05838907257516
MAG	2.05814924422184
NCSTN	2.05774259650647
CDHR1	2.0570792916186
IRAK3	2.05632838036298
H2BC20P	2.05492352757969
FAM234B	2.05375818435919
POU3F2	2.05346475991489
CCDC148	2.05302282044238
CHAC1	2.05201661988763
IQCF1	2.05145797145948
SUFU	2.05081685828921
ZNF177	2.05072905692601
STEAP1	2.05004839880801
ERBB4	2.04954004876462
ANKRD13B	2.04918582619109
MAP7D1	2.04885657889178
TNS2	2.04861605618122
CFAP54	2.04859835299175
ACKR3	2.04837861509502
HMX3	2.04717865091182
DNAH17	2.04704217168961
APAF1	2.04671451858846
ZNF768	2.04407971354416
KMT2A	2.04361078153723
PLEKHA4	2.04349680145259
PACS1	2.04319021950916
SEC24D	2.04280862496586
PLIN3	2.04270694166319
OSBPL9	2.0414323850034
CD1C	2.04138585523984
CIART	2.04105661269296
MYZAP	2.04055947476702
WIPF1	2.04043494174297
SCUBE1	2.03940467685628
ACTN2	2.03803748850914
CORO1A	2.03802075636092
PLA2G4A	2.03773616571003
MARVELD1	2.03719569951422
SNCG	2.03717691276373
CTSZ	2.03715019206969
NRIP3	2.03674041086345
AGT	2.03656765373184
ABI2	2.03613270896115
CCNO	2.03477730932444
NR4A2	2.03357450693364
XKR5	2.03332260505892
PDCD6IPP2	2.03300859569621
LGI1	2.03171957553602
GIPC3	2.03127732015077
SND1	2.03060097546155
YIPF3	2.03045370240599
ZCCHC24	2.02980697973659
PKP1	2.02789729036679
TEAD1	2.02788486675237
TDRP	2.02592749037902
SP7	2.02579082662796
TTC7B	2.02485240385893
UAP1	2.02434730291333
GPR25	2.02431770078672
LIN7A	2.02396459649892
MIA2	2.02234275377461
F2RL2	2.02217593057668
RBCK1	2.02101808646301
E2F6	2.02078629739898
ADGRL2	2.02075200745983
PRR16	2.02072695658903
IL17RD	2.02027062420946
CBX6	2.01981983680687
SLC12A8	2.0192249478061
KLK11	2.01853673472803
GJB1	2.01681032000405
SLC7A1	2.01597471911479
PIWIL4	2.01591301372629
FKBP6	2.01591220969099
PID1	2.01423452105705
XPNPEP2	2.01400744171566
SEL1L3	2.01325071534214
MTMR3	2.01257807702656
TRIM68	2.01253179974302
CCBE1	2.01237435670566
GSN	2.01216077213919
HSF2BP	2.01212602258774
BATF3	2.01159364714939
PCK1	2.01151675349142
PLAC1	2.01140459588573
CRB2	2.01072672898455
LCN2	2.00744743487339
FTL	2.00744382582826
TTC7A	2.00442031810796
NISCH	2.00333932943177
NMUR2	2.00220016089228
RGS6	2.00061413163157
NUDT16L2P	2.0005307814885
PPP1CA	2.00038610355641
MAP2K2	1.99986717374151
IL20RA	1.99931406307302
UNC13A	1.99903236039901
PGR	1.99884249158323
SDC3	1.99725536673957
CREB3L3	1.99711851642071
FHL1	1.99698799706611
CFAP90	1.99677848640731
ERAP1	1.99668903055161
PTPRE	1.99620547800427
ACTA2	1.9959017479122
PDZD4	1.9950210216471
ZMYM4	1.99463626076553
CLIC6	1.99447572999373
FXYD6	1.99421420130001
MTTP	1.99374696092896
ANKRD44	1.99321512093618
PNPLA5	1.99299934994521
CSMD1	1.9923183745654
PLGLB1	1.99151393109802
APPL2	1.9914139576248
EGR2	1.99130711652786
RPS6KA4	1.99115272043197
HDGFL2	1.98955064223643
DHRS7	1.98944337238839
TMEM214	1.98936062859326
NXNL2	1.9881438709377
CRISPLD2	1.98792234281948
OPTC	1.98762840801006
BMERB1	1.98697475461987
C1orf116	1.98474990606347
HMGCR	1.98400621866662
TRPV4	1.98388277676944
ANKS1B	1.98362064283163
USB1	1.98331885930653
FLI1	1.98310743684957
RAC2	1.9826001698614
ISG15	1.98246489457037
PLK3	1.98234429733836
PRTG	1.9817273176858
BTG4	1.98106561396279
CD7	1.98097336761092
CFAP69	1.98016610354996
NDST3	1.97852031601614
VSX2	1.97848857066575
HSD17B13	1.97837388504969
FIBIN	1.9782824187521
MAP3K3	1.9777778594843
C1orf21	1.97713960048015
TSPAN5	1.97709297641207
DSC3	1.97700079270578
EHD3	1.97654764028805
KCNA1	1.97572832785425
ZCCHC3	1.97449864927677
DCAF12L2	1.97425166304169
C10orf143	1.97301316322059
ASCL5	1.97285882574521
STARD5	1.9715725305933
P4HTM	1.97155590291735
PRR29	1.97150555541605
BASP1	1.9711789651048
SLFN13	1.97109695682763
DYRK1B	1.97022534459159
XYLT2	1.97008601636183
SERGEF	1.96878088167375
PDE4A	1.96846757250908
VILL	1.96755301344771
PDZRN3	1.96699652523316
SPTLC3	1.96674575815538
RPAP1	1.96617475921244
ACTR3	1.96571378847557
CGB7	1.96567404856463
PYCR2	1.96511722849104
CACNG1	1.96510312791467
OXGR1	1.96440159605662
DENND1C	1.96425625180024
GRM3	1.96337106823067
ROGDI	1.96277031465031
MYH10	1.96207283448488
TAC1	1.96191229702768
SLC46A1	1.96111304891052
C1orf53	1.96029266865656
PCYT2	1.95972671537927
LMBRD1	1.958571940104
WFIKKN1	1.95838330582513
ANKRD20A2P	1.95803780304696
SLC35E2A	1.95763453102952
NDRG4	1.95443690267064
DUXAP10	1.95397988147018
FAM90A13	1.95336989895911
NRXN1	1.95329061328279
GLIS3	1.95263008989365
XKR7	1.95205844708521
ERI3	1.95176216770529
BICC1	1.95172693741194
TGM4	1.95128064660417
RASSF2	1.95107376285142
ELOVL5	1.9507139403458
WIF1	1.95003309751185
ACP5	1.94928462567258
STT3B	1.94856028939018
DNAAF3	1.94806158520503
ACTN1	1.94791089651879
NPIPA5	1.94785375150882
CDC25B	1.94773228419579
GPAT3	1.94762015382082
CCDC107	1.94717669041479
MAP3K13	1.9471377050977
FBLN2	1.94630724595013
TRBV20OR9-2	1.94622766748288
KRT10	1.94579997719148
MFAP4	1.94534621050433
SLFN12	1.94530203145056
CRELD1	1.9448793344438
AOX1	1.94407960192911
SPIRE2	1.94358952455331
ZDHHC14	1.94357473048056
FAM81A	1.9426053878232
HIKESHI	1.94220076006406
INF2	1.94193945878845
FAM43A	1.94176924179774
ZBTB16	1.94133344521455
SP100	1.94111428591628
ZNF785	1.94065496971695
MPZL2	1.94054137886705
MIA3	1.93988519831399
NKAIN2	1.93979243214715
DGKG	1.93952150444218
HSD17B7	1.93946274870913
GUCY1A1	1.9394017565372
CD274	1.93916465585626
KIFC1	1.93914599693855
KCTD7	1.93814561512749
GH1	1.93796391750498
GDPD2	1.93758264885951
COL8A2	1.93658435742689
HIF3A	1.93608106649671
CYTH4	1.93605589645333
ITGA3	1.93600015735525
KRT15	1.93574611262037
DLL4	1.93530857535794
P4HA3	1.93486727643679
PRPH2	1.93470951772308
REEP2	1.93400531599128
SH2B3	1.93393263942611
CACNG3	1.93364545958084
OTULINL	1.9315020987883
NOTO	1.93138080589147
CERS5	1.93066499906665
ABCC4	1.93020529422418
TMEM92	1.9291071881734
GRM5	1.92898577951519
STK40	1.92802027669763
RSPH14	1.92777710667378
OSR2	1.92684364550089
NADK2	1.92594780389116
ASAP2	1.92520618225854
DNAH10	1.92376378513215
MTHFD2L	1.92363961618611
CZIB	1.92325255383563
FOXRED2	1.92198111190772
CPS1	1.92166117866275
TEKT2	1.92097891886236
OR2S1P	1.92069040871686
TPTE2P6	1.91995029943553
LRIG2	1.91943828544174
TVP23A	1.91626126800746
DPF2	1.91565555990606
C10orf55	1.91517559319914
CELF3	1.91480378624275
PPP1R3C	1.91336161732113
AARD	1.91335871569572
KCNIP4	1.91302138557277
TRGV5	1.91287330584865
PRSS22	1.91218307628333
MYL6	1.91142939745615
TEF	1.91137984405497
RHEBP2	1.91049532242452
OR4F2P	1.91047751406022
MTA1	1.90935181490832
ZBTB7B	1.90791737103815
STXBP6	1.9068329729317
SIAH2	1.9066185962662
CLIC3	1.9065940559269
FGF13	1.90631968565353
CRYBB2	1.90585809745714
KATNB1	1.90502456264728
SFRP1	1.90476824857249
CRACR2A	1.9042930607017
CDK4	1.90328457810625
TTC3P1	1.90327173841761
HAPLN3	1.90309995514074
ZP3	1.90301970755779
BLVRB	1.90193075180927
VPS39	1.9016478988757
PHACTR3	1.90158046655108
AKAP6	1.90156836387057
DCLK2	1.90109935699063
CD40	1.89994872035743
RAP1GAP	1.89932217293076
CNPY3	1.89883516587445
ATP13A2	1.89867858999089
ZCCHC12	1.89801126242771
KCNIP1	1.89739315229271
PRR23D2	1.89719889712164
ADAM9	1.89658564091485
RIMS4	1.89628027464893
TWIST1	1.89617381302595
INHBE	1.8949470780519
OCSTAMP	1.89490694846718
RNF7	1.89468892018115
TG	1.89441912464037
MME	1.89421826832068
VCAM1	1.89400588060502
RAD51C	1.8939325330167
LRRC32	1.89392504320535
GPR17	1.89388357606435
ADCY4	1.8936049762539
SYT2	1.89341703761622
MLXIPL	1.89180597266165
FETUB	1.89175083236512
ZNF74	1.8911283050999
MACROH2A1	1.89020291945455
ZEB1	1.89013220672186
FAM163A	1.88998256006501
CFAP206	1.88955901187501
TCF7L2	1.88935967658526
SYCP2	1.88910180784636
PRX	1.88892772895063
BMS1P20	1.88883889652885
SH3GL3	1.88876670251059
CPM	1.88851898776527
JUN	1.88848184079527
KRT8P12	1.88839351876302
NOTCH2NLR	1.88837683937313
FAM217B	1.88820117025068
IL2RB	1.88731235947897
AIP	1.88714315660066
CYP4F30P	1.88614398045341
TRPC3	1.88521589257386
SYNPO2	1.88479382666989
COL6A3	1.88379647893864
PLVAP	1.882808019309
LRRC15	1.88267182456018
ZNG1A	1.88153566645929
ST6GALNAC5	1.8809585546496
GLUD2	1.88024863473162
SLC5A4	1.88021500809594
SVIL-AS1	1.88011004093283
ARFIP2	1.87924003176596
MUC12	1.87912814358187
TP53I11	1.87843804600538
GPR199P	1.87829949348685
CEMIP	1.87826670408181
MYRIP	1.87715702612833
TMEM233	1.87689592703546
TMEM35B	1.87640313056951
RELB	1.87619538499543
WFIKKN2	1.8760828169274
NR1H3	1.87601639727596
SPRR1B	1.87599262357398
GRAMD1B	1.87571252074284
MROH8	1.87538160732266
ZHX1	1.87462085738226
PTGS1	1.87435803300298
ATP6AP1	1.87402948943587
ARAP2	1.87363076362431
FRMPD1	1.87341173819459
KLK5	1.8730493785618
TSPAN2	1.87266322276167
GPX3	1.87240484455315
ABCB1	1.87175277323427
LRRC75B	1.87027664420836
IRAK1	1.87005314367571
RFTN1	1.86913023301399
TRIM32	1.86832514326194
NPR3	1.8682436456777
PNLIPRP2	1.86809389906371
METTL26	1.86726380336194
POMT2	1.86723168502553
PIK3CD	1.86610050214565
STPG4	1.86604313398959
HLA-DPB1	1.86442149259038
CA10	1.86362257046487
VKORC1L1	1.86267565020344
C4B	1.86042773009264
SNX10	1.86037539077125
SLC35F6	1.85971260191679
MATN3	1.85918422473047
NKX2-4	1.85906935405415
CLDN4	1.85883229309495
ANAPC1P4	1.85879917982912
SEPTIN9	1.8584750734797
GALNT18	1.85804809478122
KBTBD12	1.8575934125551
IL18	1.85649417249257
CGB3	1.85624867608982
PNMA6F	1.85547171053729
HACD3	1.85541181023132
DEDD	1.85540080918047
CFAP91	1.85476838751357
GPAA1P2	1.8543361725875
MYL9	1.85400673674326
P2RX5	1.85344675464613
R3HDM1	1.85284829381177
C2orf80	1.8505529293468
DBH	1.85016523574236
ETNPPL	1.84999170473637
REP15	1.84988503020706
PROX2	1.84968224040236
GOLT1B	1.84957543136678
TCHP	1.84955648001887
MMP23B	1.84930415938522
ENDOD1	1.8491430173669
SPI1	1.84881865554426
IRF6	1.84881040518575
NPIPB3	1.84818591840936
HSD17B10	1.84809382609532
ABTB3	1.84804843298514
TGFB1	1.84780719344992
FGF18	1.8446770262045
ITPRID2	1.8438169103279
ZC4H2	1.84232524589648
RABAC1	1.84182906563166
CAMK1G	1.84172476329561
UBE2H	1.84006311890895
TTC12	1.84005353998746
COL23A1	1.83959660989731
DNAJC1	1.83951752063016
CHD2	1.83911685471994
LGALS14	1.83910082450215
SIMC1P1	1.8379533154743
ANKRD54	1.8372037772877
SULT4A1	1.83712029160808
PDLIM3	1.83702457006871
COL15A1	1.83683752738866
TOGARAM2	1.83613799772888
NXPH1	1.83580503273101
HS6ST2	1.83476892883216
RAMP2	1.83466385639839
NRCAM	1.83446053252988
IL12RB2	1.83412118151811
NLGN1	1.83365483220374
ARSJ	1.83344528801568
PDIA6	1.83304559836881
LRRC8E	1.83258485035744
BCAP31	1.83240677866299
FAM184B	1.83240110859969
TRIM45	1.83117242468405
YBX1	1.82862390145502
PRDX5	1.82829841872764
CARD8	1.82780635936466
YIF1A	1.82761076367086
IFFO2	1.82755006379827
GLYR1	1.82752777457805
SLC35F4	1.82655997257086
HYDIN	1.82647828097791
MAP1A	1.82629359675563
PPP2R3B	1.82627335166422
SH3GLB1	1.82546691403639
MUC5B	1.82529675559786
MARS1	1.82489270651954
SIRPB2	1.82487783581492
ADGRF2P	1.82486980682092
PCDHB4	1.82459698379244
SLC8A2	1.82330972663575
RP1L1	1.82324248747898
TRIOBP	1.82151971225117
LMCD1	1.82114818594502
SPOP	1.82107538374715
ACSL1	1.82077548212621
CATSPERG	1.82070197207094
ALK	1.81943751681315
TMEM74B	1.81930848350867
CHRND	1.81863847582509
PDGFD	1.81837837015761
TMEM44	1.81828724379199
C1orf226	1.81725157462292
MBOAT7	1.8149571228683
MKRN6P	1.81492702510462
BTBD3	1.81472984253332
SLFN11	1.81433434905681
EXTL2	1.81391301001467
IGSF21	1.81379291443951
DDTL	1.81320749822998
EGR4	1.81269800128545
ZNF316	1.81148379101878
CLXN	1.81146072502678
GJB3	1.81089740146313
SLC9B2	1.81068247149111
TMEM14A	1.80767153353041
SLC4A10	1.8072722978005
SEMA5B	1.8071063928951
NPY4R2	1.80616847517503
PDZK1P1	1.80508197869461
POLD1	1.80477792770015
SLC7A14	1.80451940951914
ME3	1.80444231061064
MEDAG	1.80398076905944
SRL	1.8035134656138
KLF6	1.80304494334101
CHST3	1.80284060127384
N4BP2L1	1.80226249857862
CD8B	1.8022540762607
SPX	1.80213405614641
CA7	1.8015852088016
ABCG5	1.80140070575333
SYTL5	1.80138527241024
TRAC	1.80111680945363
RAPGEF4	1.80105667467496
ERMN	1.80059448899876
ARL11	1.80027782941604
UCK2	1.80021256685206
SHTN1	1.8000962582078
NR2F2	1.79937215779967
BAIAP2L1	1.79879019035578
PAK4	1.79840579189453
TONSL	1.79821056457795
OTOG	1.79783122621137
SPATA31A5	1.79775887352246
FBL	1.79715531262614
CD44	1.79683396937985
CELSR2	1.79668461591035
TBX18	1.79657343058981
ANPEP	1.79406877980006
FMNL1	1.79303826333228
PRPF3	1.79236984501167
SPN	1.79187570474902
NBPF19	1.79094661134703
PFKM	1.79026140724923
STYXL2	1.790035278189
CCDC34	1.78935632801069
RAET1L	1.78678656701118
RPL29P19	1.78627303237308
FSCN1P1	1.78563516708626
SPC25	1.7855203069518
GAS2L3	1.78467129551351
CHST14	1.78423480566786
SUCLG2	1.78423179565434
HERPUD1	1.78377449797343
MED12	1.7829593986195
CLASRP	1.78252574264643
OSCAR	1.78217658308773
WFS1	1.78198173667548
NECAP2	1.78134426642137
KCNA3	1.78049106998965
PLXND1	1.77995388818691
MYL3	1.77969631680466
TIFA	1.77937877746002
SELL	1.77892605104961
C19orf38	1.77884616392398
LIMS2	1.7782258570547
PDYN	1.77810036497791
CFAP263	1.77752614719174
ULBP2	1.77723251688451
ADGRF5	1.77712672411749
PLA2G7	1.77704720814605
GALNT11	1.77701237730133
PADI1	1.77674921808147
CD6	1.77665713804222
NPIPB5	1.77641086750936
ALDH1B1	1.77542249152013
YIPF2	1.77521226725792
ANTKMT	1.77316709081252
CYP2A7	1.77308729544407
LRRC28	1.77268862146213
PAGE4	1.77243117418972
GHRL	1.77185584382692
POTEI	1.77173486250882
TTLL5	1.76871943071277
CNRIP1	1.76836778620203
DAG1	1.76805792822323
PTPRO	1.76700346141062
P2RX7	1.76684657803665
CKS1B	1.76683828227258
ANKRD33BP7	1.76671925746859
SEPTIN2	1.76638093992881
PCDHB8	1.76626022623227
IGSF22	1.765637321519
FAM131B	1.76538741217653
CHIT1	1.7653309330389
TEK	1.76445768979484
ROPN1B	1.76435046884298
EPRS1	1.76348016417745
ADAM22	1.76312658814889
PKM	1.76292490191921
ARTN	1.76291746891416
FBXO34	1.76285695125322
OR7D2	1.76283541866726
PLEKHA3P1	1.76251123077328
RSPO3	1.7625078274897
LAMA5	1.76242062994091
LRIT3	1.76221475466891
SUPT3H	1.76064586720052
LYPD3	1.75990379743204
ABCC6P1	1.7593990351088
PGF	1.75768900320805
PPFIA2	1.75741119130545
C16orf95	1.75711870877937
PLAAT1	1.75663784325533
PTPN21	1.75592832223613
C12orf76	1.75563737955372
PLAU	1.75563043783938
UROS	1.75503412345191
ABCC8	1.75406471156323
ICAM2	1.75403152464808
GFPT1	1.75391033732875
CCDC110	1.75242634659119
PSMD10P2	1.75235537912165
STT3A	1.75216480736953
FFAR3	1.75138109789231
GPR68	1.7511816907214
NRP1	1.75111403243388
VSNL1	1.7503375952944
NRG1	1.75010460505479
RBFOX2	1.7495215020609
TMEM31	1.7494172921132
ARHGEF9	1.74894633133493
TMBIM6	1.74876148578678
PHGDH	1.74847215655603
PCDHGA4	1.74747389666932
SLC25A15	1.74721414137526
PLEK2	1.74690883608591
PLCL2	1.7465824312713
PRDM13	1.74650644311588
IKBIP	1.74420282789844
CES1	1.74394666172055
CELSR3	1.74254610233442
ARHGAP11B	1.74221297476624
WDR49	1.74142522591638
MAST4	1.7412500457387
TCF24	1.7400506877183
CD79A	1.73974742727368
NPIPA6	1.73906500078543
ENDOU	1.73852053104551
ATP1B3P1	1.73716448327876
MPZL3	1.73681928494473
STEAP1B	1.73671689628372
ABCC3	1.73576952871936
PTGES3L-AARSD1	1.73539804309374
ITM2C	1.73517200179352
GEMIN6	1.73374058919271
GNPAT	1.7330885753901
CHRNA2	1.73259516726912
NOTCH1	1.7320111720195
SDK1	1.73191695665909
SERINC1	1.73169467508943
TMEM263	1.73074467263015
MBNL2	1.7302474200213
P2RY6	1.72942348876391
CENPVL3	1.72878355012912
MARCHF10	1.72693741339965
FKBP5	1.72676451447659
SLC27A6	1.72617331673526
CFAP300	1.72565276658821
UBALD1	1.72553847880212
NRXN3	1.72534315843267
RIOX2	1.72520605169016
PSMB8	1.72506405009363
AXL	1.72438179601125
ADAMTSL3	1.72418276340114
GLYATL2	1.72416007865797
GPRC5C	1.72396880515769
TSPYL2	1.72395608863538
IFT57	1.72262635765081
EFNA1	1.72251551784292
KCNA7	1.7214981129672
TMEM106B	1.72146949222613
NEXN	1.72129665604192
ISL2	1.72122585141756
CFAP210	1.72116429366681
PDCD1	1.72094317144141
SALL2	1.72093021947275
LORICRIN	1.72002603681127
SLC18A2	1.71981559336375
SLC22A5	1.71853776538774
REELD1	1.7183355024116
H2BC21	1.71707254455229
PACRG	1.71587281502976
MYBPC2	1.71569330964942
ATAD3C	1.71473609362404
APLF	1.71408620723862
SLC46A3	1.71370143946818
NAP1L2	1.71319438494209
TNFRSF1B	1.71318004007644
ZNF740	1.71315212998607
KLK10	1.71262465248846
TGFBR3L	1.71226297449046
SMIM10	1.71139765535049
OPALIN	1.71122311906929
JDP2	1.71108477144651
LGALS8	1.71072939058509
FAM78B	1.7103413380674
ORM2	1.70973200434367
RNF215	1.70970991906985
POU3F1	1.70968282296482
ADAM33	1.70902121234791
POLR3GL	1.70891716208811
SLC16A7	1.70865444918718
KIF23	1.70821550832733
NBEAP2	1.70743079578761
PLOD3	1.70710922494505
NOS3	1.70673518699675
RUSC2	1.70574337915984
CARMIL2	1.70512548380617
MTHFD2	1.70480641730172
DMP1	1.70457741635834
BEX4	1.7042064567385
BCL9	1.70301127806697
TMEM8B	1.70297920008516
PBX4	1.70259775553366
HHIPL2	1.70243305320661
LSMEM1	1.70239919265254
WNT16	1.70110450785662
SERINC2	1.7005795377598
CNTN3	1.70046391497586
HNF4A	1.69992809017493
PTPN14	1.69923114348546
FABP6	1.6989798847042
CNTNAP5	1.6987690900037
UPK3B	1.69858243718223
CALCRL	1.6984245773358
USP32P2	1.69793316453858
ADAM23	1.69771000508787
PDZD2	1.69727286771616
RNASEH2A	1.69722893093535
SYBU	1.6971108583721
CALN1	1.69698013721318
INAFM1	1.69654083589844
SLC35F3	1.69648348023233
FHL2	1.69635780088416
GGNBP1	1.69569915071009
SLC9A6	1.6943722858534
PCID2	1.69370193389725
FAXDC2	1.69357621721196
DRC7	1.69232876311962
DNM1P46	1.69138032043045
NOS1AP	1.69118446918033
BTBD10	1.68976838637551
INCENP	1.68971512042134
ZNF287	1.68967891832793
SLC66A1LP	1.68923004739527
GNG4	1.68825088537903
L3MBTL4	1.68796241868561
CCDC185	1.68795704008013
RFX8	1.68790711077301
FATE1	1.68763110185633
MYL6B	1.68706503401655
TBC1D10C	1.68613378146892
CNTNAP4	1.68556701141432
HCLS1	1.68404233550845
TFDP2	1.68334958020034
MEIOB	1.68209213071871
DRICH1	1.68204089724619
RNASEL	1.68187782547976
UBE2Q1	1.68167756647374
TMEM243	1.67998809881364
ZYX	1.67955226482288
DMRT2	1.67953680233856
FAM90A2P	1.67922403877516
C16orf46	1.67867106511621
LRRC25	1.67680333802986
BRAT1	1.67677907871945
TTC24	1.67677023429989
TMEM39B	1.67663563571301
PRMT1	1.67643214019094
CDK8	1.67604598519037
TMEM134	1.67546421708359
FAF1	1.67534466573785
RBMS2	1.67516152228661
SUMO4	1.67459047567952
NOX4	1.67444868190333
CEP126	1.67420250633734
SPATA31A6	1.67408010460133
THSD7A	1.67313073086185
L3MBTL3	1.67284978489302
DHRS4	1.67274760767278
FAS	1.67264775121252
ACTB	1.67207368993331
CMPK2	1.67139536621497
TMEM116	1.67111205993354
ADRB3	1.67094151645493
SPATS1	1.67071092843204
TBCEL-TECTA	1.67042984684775
GUSBP5	1.66997853808433
FBXO39	1.6672732017201
GJB4	1.66690923498777
OBSCN	1.66575034525778
DUSP4	1.66551763969487
IFT74	1.66502389755285
SPATC1L	1.66477994250314
ZNF579	1.66467792044188
DMKN	1.66467291779773
ADORA2B	1.66454506697652
APBB1IP	1.66322324070865
PABPC3	1.66219687867102
HSPA12A	1.6611625167214
CERS1	1.66080968086029
ATP2A2	1.66072591937823
KCTD16	1.66055481571297
UGT3A2	1.66052298612076
KCNJ3	1.65953634447122
THNSL1	1.65943766073051
VN1R108P	1.65933344362961
APOL3	1.65931419950971
ALKBH2	1.65922768085497
TMEM53	1.65912733215237
PGM5	1.65858002891245
PLCXD3	1.65822296755629
GLIS1	1.65785813156105
ALX1	1.65658784345125
GGN	1.65643030426356
CTSH	1.65595624804599
NUMB	1.65538677836741
RHPN1	1.6553643897165
MAOB	1.65534831754579
PSAPL1	1.65523558143959
MLNR	1.65517392268256
HPRT1	1.65517037608516
SERPINI2	1.65462781695942
FAM90A25P	1.65439954694578
TMEM184A	1.65406201178964
TSPYL4	1.65405915166362
PIK3R6	1.65404126722411
CTAG1B	1.65323092622667
B3GNT9	1.65318988757166
SQLE	1.65255142260569
OLIG2	1.6519612849461
GJA5	1.65137050133111
FCHSD2	1.65093234410685
C1orf210	1.65037798998882
TMEM221	1.6502865896243
NKAIN1	1.64959810337398
SCARB2	1.6489375630916
NUDT3	1.64888759075744
IL17C	1.6485354778659
ETV1	1.64800229044973
EIF5A2	1.64759998056985
FRMD4A	1.64699374128841
PRDM11	1.64695985687312
LRFN1	1.64634667664951
NTMT2	1.64506881627735
SCN2A	1.64437428571586
TYK2	1.64419978235491
PRLHR	1.64414159113412
WIPI1	1.64319844301693
CKLF	1.64290132126738
WDR48	1.64279348296782
FAM151A	1.64273096945882
SULT1A1	1.64189265735287
RANBP6	1.64075832348736
DYNC1H1	1.64040102724746
ZMYM3	1.63953103458988
OTUD7B	1.63855746185069
NBPF9	1.63845981242859
DCAF15	1.63815152529755
SLC25A30	1.63788681234408
NFKB2	1.63653019398472
MCF2	1.63600955900727
XXYLT1	1.6357946823796
ADGRB1	1.63479304022221
MARCHF2	1.63471725195691
CCNP	1.63463307038095
SPAG1	1.63425500579313
DMRTC1	1.63354617657703
PIGU	1.63351980978517
KLHL5	1.63280249648226
CR2	1.63251954348677
TGFA	1.6324489119224
AQP5	1.63238288276351
ST6GALNAC4	1.63225978047022
MAGEA9B	1.63222505134206
ZNF783	1.63138290373154
RNF31	1.63137667144561
SMARCAL1	1.63115551875957
SPAAR	1.63108777793322
CFTR	1.62974977779413
IL6ST	1.6293873087333
CIAO2B	1.62886014455932
RBM4B	1.62850126871129
RNLS	1.62779117466514
MACROD2	1.62745772457461
C8orf90	1.62715327652458
RIMBP2	1.62702382840224
FUT5	1.62674965673913
FLRT2	1.62644779605371
DRD5	1.62592635156478
C14orf132	1.62578279385851
KRT3	1.62567508699142
MVP	1.62482907141853
H3-3A	1.62457197287922
LRRC56	1.62438242660345
GRK5	1.62432928252723
DCAKD	1.62423487434271
HTR6	1.62362866561281
POLN	1.62335967258982
BMP8A	1.62327015137302
EFCC1	1.62265165160898
SMKR1	1.62261093526969
PLEKHM2	1.62228233785668
RAB40C	1.62209892760946
FBXO15	1.6218199131852
SLC19A4P	1.62181500468692
EEFSEC	1.62144474727636
VGLL2	1.62133034191737
KIRREL1	1.62108973539458
SYTL1	1.62099578350285
CNN1	1.61993165206783
ANKRD30B	1.61985658202725
XRRA1	1.61982847075607
NOPCHAP1	1.61973729312588
FAM178B	1.61792703900689
PAOX	1.61706888647679
KIF18B	1.61694816318263
DENND2C	1.61663251485414
VAC14	1.61598434456026
ATCAY	1.61536817130917
SIRT3	1.61506934807385
KDELR2	1.61484163389717
GSTK1	1.61473009638354
LRRC75A	1.61450610685081
SLC19A3	1.6142653760271
FANCC	1.61423369045451
DDR2	1.61386467432319
TNFRSF10D	1.61357215576003
SMYD5	1.61270926996881
XAB2	1.61265300072178
DUTP6	1.6122507709818
TPBGL	1.61214984570454
TMEM87B	1.61197437600317
FAM218A	1.61144707292872
SPATA31B2P	1.61071444061454
EGR3	1.60982360208802
CCL22	1.60962582620998
BEGAIN	1.6093451962534
NIPAL4	1.60932118755486
GOLT1A	1.608440338356
WNT7A	1.60724055827409
LMAN2L	1.60715768355027
FOXO6	1.6066130668688
UGT1A7	1.60657599972694
RTL9	1.60615340938483
FKBP7	1.60605749723219
PVALB	1.60527984000839
GJC1	1.60474372217317
DKK2	1.60463905135353
LMOD2	1.60421589449221
BTBD2	1.60382131083868
RPN2	1.60379915494001
FADS1	1.60345278168795
ARHGEF1	1.60327690114772
GALNTL6	1.60257893595791
EID2B	1.60245078317603
TTBK1	1.60193982005161
DENND2D	1.60144366006446
MEGF9	1.60142139872364
FAR2P1	1.600918140553
RUFY4	1.60065719384938
RGMB	1.60049360125286
CYP2S1	1.59940048300815
NCKAP5	1.59851801026722
GARRE1	1.59838392857783
SDAD1P1	1.59801773435111
IGLL3P	1.59799549103031
HARS2	1.59791056661235
GPRIN3	1.59784067750884
ACTL8	1.59781495604843
CTAGE3P	1.59687617893835
INPP1	1.59629590053637
OXT	1.59552579367612
DDX11L9	1.59416729847065
MSX2	1.59382039244603
SNX24	1.59363090899215
KLHL6	1.59318203200726
TMPRSS6	1.59281440544775
CST3	1.59274172571393
DCTN1	1.59247663355556
APLNR	1.59245784985216
SLC5A12	1.59227205901242
EFHB	1.59118657665995
RAPGEF5	1.59047935719177
SCARA5	1.59034862401608
SIX5	1.58900509310002
XCL1	1.58872599360602
VMP1	1.58870040325062
RASAL1	1.58831420116591
TREML2	1.58719176726038
OTOA	1.58680101875483
RP9P	1.58662742162564
MRPL52	1.58637610642204
GALNTL5	1.58628878999938
TNC	1.58603600936132
GPR162	1.58588908761133
ATP6V0A1	1.5857338875469
TAGLN	1.58549349573967
KCNH6	1.58532534966936
GPR135	1.58506466565605
ALDH1A1	1.58493247751743
EVA1CP2	1.58474118872822
CDKN2B	1.5841535297494
LRRC36	1.58388993163107
VIPR1	1.58361490642344
SPATA31H1	1.58351557187384
CYP51A1	1.5831288630504
FYB2	1.58146569874426
SMIM10L1	1.58143178167504
ZNF445	1.581288163357
OTX1	1.5805309319045
RGCC	1.58047967414755
KLRG2	1.58019070561131
ANKRD27	1.58010954724848
MCHR1	1.57949053876373
NR1D1	1.57822504580636
SNX7	1.5777751080222
ENPP4	1.57744174127888
PLD1	1.57666841626511
TDRD10	1.57634305113687
CARD14	1.57497156707326
C22orf46P	1.5746316916596
GGCTP1	1.57456485735996
EXOC1L	1.57433134733325
MAGED4B	1.5732000815176
DIP2C-AS1	1.57246404014418
FRS3	1.57184990314845
GLS2	1.57168001901438
EPCAM	1.57160593548123
WNT3A	1.57071292996272
CBX4	1.57060769609968
MAMDC2	1.57028636482199
FBXW10	1.57025877388316
FAM114A1	1.56930289782281
DKK1	1.56903991067998
LCP1	1.56816093879495
SORD	1.56798837912989
SLC1A5	1.56721171301013
WNT2	1.56643002801822
DNAH8	1.56578829347634
EEF1A1P5	1.56562165199984
TOGARAM1	1.56542428682443
SEC11A	1.56535978346293
BEAN1	1.56477606045223
B4GALT2	1.56464035036481
HSD17B7P2	1.56446145247028
STAG3L3	1.56440823259911
IFT46	1.56419754138444
P2RY8	1.56418791389285
CD164	1.56235838094081
CHID1	1.56157851562757
TSPAN33	1.56051708271515
GYG2P1	1.56016445547494
SH2D1A	1.55981567372402
FAM185A	1.55966019249892
ABCC1	1.55951962810926
TCAF1	1.5587166474579
HMGCS1	1.5586211388461
MRFAP1L2	1.55858896915195
SIMC1	1.55844604636175
TCAF1P1	1.55778601349366
EMP1	1.55766426578514
COQ2	1.55696184895561
DEUP1	1.55686210744312
PM20D2	1.55684678454139
FDXR	1.55647216059484
ATP13A1	1.55611235136917
DHRSX	1.55609371159597
TSPAN17	1.55562186867774
NFE2L1	1.55328256332279
SYNGR2	1.55307166353386
ENPP5	1.55304527851307
GPR61	1.55249095360243
CREBZF	1.55221112311231
FAR2P2	1.55130600940666
SNAP25	1.55121559091748
IL17RC	1.55081717644701
C2orf81	1.55017179562546
MTFR1	1.54970273829773
PCDHGA3	1.54932348430223
SGK2	1.54905383918544
ME1	1.54900865175299
KIAA1210	1.54890681929132
KCNJ10	1.54718841744166
PDLIM7	1.54681495660177
HTR3C	1.54560829182598
FGF21	1.54487050204904
UBE2Q2P16	1.54414295668854
ILK	1.54380741872925
PFN1	1.54372863460411
DAB2	1.54180996848375
SFRP5	1.54156570610564
HPD	1.54151042166388
CHD6	1.54124644832346
SEPTIN4	1.54068630081911
RASGRF2	1.54026338993792
MAML3	1.53793119716638
TMEM187	1.5376967264933
MKRN2OS	1.53740952779994
RHPN2	1.53685624848166
ATF6	1.53677580869258
SIL1	1.53651557437728
CRELD2	1.53644576863596
HMX2	1.53626974150687
CRLF3	1.53623958179051
TMEM39A	1.53523662918326
CAB39L	1.53476915195897
SAMD3	1.5345785643625
CIMAP2	1.5339474469167
TMEM50A	1.53380833618908
RCN1P2	1.53374105399182
APOL6	1.53307802679382
GSDME	1.53300271635832
RNF150	1.53262031420239
TMEM256-PLSCR3	1.53222249444355
TIMM17B	1.53219055454576
ACTG2	1.53164780858517
CFAP20DC	1.53085430211943
RDH11	1.53076228804395
GAB3	1.53069494864981
CYP4F62P	1.53054146480721
OR2I1	1.52981870113838
PLIN4	1.52969297215684
THY1	1.52917676683863
CLCN3P1	1.52889751120423
SMYD3	1.52877052981618
LAMB3	1.5282182931843
SEMA4F	1.52796946464674
FIBP	1.52729554662125
ADAM12	1.5265966409091
FADS6	1.52618293072087
LMLN	1.52587873915783
NLRX1	1.52536956985161
CDH17	1.52484976298934
HNF1B	1.52398836479969
CMTR2	1.52376204439
RASGRP2	1.52347758663152
TEAD3	1.52243728481972
CCDC168	1.52221111935037
KRT72	1.52194335649673
CDKL2	1.5219228128468
SPATA12	1.52172903590781
SHISA5	1.52136914947624
ITGAX	1.52061942216414
GPCPD1	1.51976617878792
CLMP	1.51944838050112
COPG2	1.5183651038987
ADARB2	1.51755496989126
CCNI2	1.51752796814433
ADGRF3	1.51743641910633
CIB2	1.51728276389952
MYEOV	1.51656250269141
CPT1B	1.51636206556307
COTL1	1.51628919882837
COL1A1	1.51620294035856
PCIF1	1.51604575402808
COL24A1	1.51598485001459
CAPN9	1.51495392550784
SPARC	1.51461205947478
GCOM1	1.51269558708231
GPR27	1.51253515349276
PON2	1.51194236733591
SELENBP1	1.51120456714407
AHDC1	1.5111031096599
DRD5P1	1.51106831471267
COMMD3	1.51096160034216
WDR90	1.50936078513468
ERAP2	1.50933549853893
PTPN7	1.507797508741
AP1S1	1.50716084120775
CTTNBP2NL	1.50503248090793
CER1	1.50469880154388
AKR1B15	1.5044681375459
MYOM3	1.50417004045888
SPNS3	1.50397713402075
EMC3-AS1	1.50389892413727
DLX6	1.50370752932194
AVPR1A	1.50288775246141
TSPAN9	1.50272820042357
HTR1E	1.50257648079884
EDN2	1.50249936550243
ARAP1	1.50236456787845
KLF2P3	1.50220322455123
CDK20	1.50188248119857
KCNJ8	1.50170077941271
DRD3	1.50133756506747
NECTIN1	1.50119943479313
CNKSR1	1.50097666628954
FAM47E-STBD1	1.50069124513205
TMEM232	1.50029587236432
SLC44A4	1.50006951027686
TMEM104	1.49993630602954
ALDH9A1	1.49982389558899
PPP1R3F	1.49912764670166
RNF41	1.49912649250136
THSD8	1.49826557214449
PER3	1.4967033887912
SHD	1.4957809491515
PPP1R16B	1.49576303951148
CSGALNACT1	1.49552777342523
MILR1	1.4955118788889
SPARCL1	1.49523419293696
SPNS2	1.49434253552886
AUTS2	1.49421778030231
SSX1	1.49391252978322
TTL	1.49260467563352
LTBP2	1.49233157857751
VPREB3	1.49212905925941
SLC27A5	1.49204109390136
FZD7	1.49100199907065
NDFIP1	1.49048137619239
CBARP	1.49019060607926
TRPC5	1.48983644185171
PDGFRL	1.48965265577001
MAPK8IP3	1.48964031191532
ITPR3	1.48927986458522
TAOK2	1.48911956454421
TFF3	1.48867695404721
TAFA2	1.48789182530203
RTN4R	1.48768110315044
CDYL2	1.48739590932651
BEST4	1.48720196822141
PCDHB17P	1.48715765779474
PHTF1	1.4870690141505
ADA	1.48688898207957
COL6A4P1	1.48563372628406
ITGB2	1.48563130684252
RRAD	1.48542199400058
R3HDML	1.48404382600032
TNS4	1.48254916517336
MAP3K5	1.48221408734857
SLC44A5	1.48125700297061
USHBP1	1.48090320988882
ZNF580	1.48035616457223
NEIL3	1.48003524661544
RNF126P1	1.4794278843358
CCDC144BP	1.47927409773519
CTBP2P7	1.47887750071578
RETREG3	1.47877433121516
KRT17P2	1.47770956240705
GOLGA8K	1.47707088307901
HAPLN4	1.47698687050948
QSOX1	1.47657372326778
STC2	1.4751219546119
PPIC	1.47503711930496
TPST2	1.47501968645558
SESN2	1.47482493747107
NHERF1	1.47476392535428
DNAJB9	1.47466749976168
ZC3H12A	1.47456567753521
NPIPP1	1.47382950156959
CCL25	1.47370854415938
MR1	1.47250281980696
LAMTOR2	1.47216014334175
SAR1B	1.47202495889774
EIF5AP3	1.47134964309782
NME4	1.47065067125498
MYADML2	1.4703926804826
NFRKB	1.46966009651848
ARHGEF28	1.46851106600347
VAX1	1.46740770438117
RGS8	1.46732594248582
B3GALNT1	1.46709873848151
MORN4	1.46709787827269
TAFA3	1.46686846382403
NSDHL	1.46685882055249
PPM1A	1.46659264732423
GET1	1.4657833123694
NAB2	1.46509168534253
JAKMIP1	1.46501870002746
PXMP4	1.46488008587639
WDR44	1.46477882987103
RORC	1.46444157334492
TEKT4P2	1.46424930477194
NFAT5	1.46421041835807
CNIH3	1.46408161465169
OTUD7A	1.46381779580608
MTHFR	1.46380543384051
CDO1	1.46358859715248
MAPKAPK2	1.46343964660607
SPATA31A1	1.46269978275782
CLEC2L	1.46242897593498
UBE2QL1	1.46214187676644
CDKN2A	1.46160977076345
FRMD8	1.46058944039084
IFI27L2	1.46036191699596
CYP4X1	1.460056513514
ZNF318	1.45941791199341
FHIP1B	1.45935187005549
SH3D19	1.45875574756021
BCHE	1.45796870354634
PLXNA1	1.45774311971374
SRPX	1.45763377615328
ANKRD18A	1.45752590530074
KRT19	1.45674545192647
DYDC1	1.45670902023131
MBOAT2	1.45621879300476
LY75	1.45618331293567
GPR89B	1.45564496650122
FBXL9P	1.4550356104311
GNG8	1.45472742271273
DLGAP2	1.45465786562967
MDFIC	1.45445149222892
KIF7	1.45378669374668
NENF	1.45282853101344
NMUR1	1.45224746249628
NAALADL1	1.45204970957262
CCDC184	1.45191476731347
KLC2	1.45134750213123
STRIP1	1.45046220329809
TRIM11	1.45046154323013
SSR1	1.45006531294062
PREX1	1.44937340396173
LRP8	1.44913108135536
IRS1	1.4484103578199
SPIN3	1.44811510724002
MYO7B	1.44805718205701
PCDHGA9	1.44799752979107
COL4A3	1.44787994370987
GRM1	1.44706536835493
HYAL2	1.44656430895871
GTF2IP8	1.44592027035338
TAPT1	1.44548529937217
RMDN2	1.44529320799421
TMEM176A	1.44527793027706
ERGIC3	1.44477226173644
KCNA5	1.44448475409816
CASR	1.44444739502186
CCDC152	1.44374538063383
LRRC2	1.44322510973854
ESD	1.44299324755574
SLC29A2	1.44155306315938
OTOAP1	1.44145155851697
CALHM3	1.44115363049665
EI24	1.44104597707632
CYTIP	1.44098569353875
DEPDC7	1.44032899047938
TEX15	1.43852809381218
CKMT1A	1.4375982776091
DAD1	1.43718096028193
ZNF876P	1.43686150658321
PDLIM4	1.43659049140414
NDE1	1.43651629367249
RGS5	1.43650046707974
TMEM139	1.4361733047839
SGCB	1.43583467288383
GLT8D2	1.43569273165275
APBB3	1.43548805252578
IRAG1	1.43481128407888
ADORA1	1.43476704771268
COPE	1.43453992245843
GPR107	1.43413070696223
RFXANK	1.43374077637768
GOLGA8N	1.43315239267783
RPL32P27	1.43269309938708
IL18R1	1.43256803164149
ACAT2	1.43243180353702
AK1	1.43236559411036
RIDA	1.43212168709324
SMARCB1	1.43189831947196
CEP120	1.43143637092595
PTPRC	1.42961935946534
PLD5P1	1.42880223707388
MZB1	1.42706355425911
TAT	1.42696492805718
CFAP99	1.4263076702206
KRI1	1.42602959111278
CARD19	1.42575738358432
ADRB1	1.42519562609062
TBL1Y	1.42475174065127
CCDC39	1.42440690823695
MTMR7	1.42415489276388
EGFR	1.42377008088462
EPHA10	1.42373895654549
PENK	1.42270707276912
NPTXR	1.42233361176636
IVNS1ABP	1.42190815342357
FGGY	1.42174401241369
CD82	1.42157172783658
KCNS1	1.42130859320209
ZBTB22	1.4212678309145
PTK2	1.42110163208155
DNAAF11	1.42109423992804
SPMIP8	1.42061548279146
TIMP3	1.42044217418933
KIAA0930	1.4198964677509
MEA1	1.41966865502525
NLGN4Y	1.41898321236032
FSIP2LP	1.41874786615136
TRIM16L	1.41870662865693
COL14A1	1.41855537887863
ZAP70	1.41835902853595
GNB1L	1.41771471352545
HECA	1.41687716127458
DNASE2	1.4162797131747
ATR	1.41613675672823
TRAP1	1.41610233581964
CD8A	1.41598569639848
ZNF438	1.41506201664397
THSD4	1.41445099870941
CTNNBL1	1.41444202543203
WDR70	1.41435766117089
PGAP4	1.4142577342751
SLC9A2	1.41414678757671
CCDC154	1.41411768382026
ACD	1.41365835967273
TP53INP2	1.4136275047508
DRC1	1.41327886839778
PPME1	1.41304532572755
ALDH5A1	1.41274045405047
FEZF2	1.412659151946
DENND1A	1.41235124407935
ARF5	1.41138760458621
LEFTY2	1.41135985851071
H2AC13	1.41085885288726
NOX3	1.41055130107207
SEPTIN14P12	1.41007448046493
POU4F2	1.4097758392821
CTXN1	1.4089542191343
ACADL	1.40803503208695
CREBL2	1.40781632080511
GCDH	1.40758829872236
ASAP3	1.40726925754179
FIG4	1.4066177007111
MACF1	1.40633876203285
GJA10	1.4060973670101
RHOXF1P1	1.40545777456898
SLC12A3	1.40543502496534
KIF27	1.40492711731536
NME7	1.40488026020633
CCDC194	1.40403285660333
KRT42P	1.40400574112016
IL1RL2	1.40396455941417
NCBP3	1.40389680701385
WWTR1	1.40373901587014
TBC1D7	1.40354144023574
KIAA0408	1.40278002538131
PGAM2	1.40252811390649
REV3L	1.40142763382931
NIBAN3	1.40117973469071
TOR4A	1.40048195633246
FAM162B	1.40031622676344
SRD5A3	1.39933696814
SLC36A2	1.39908665231745
BTN1A1	1.39871630051762
DAO	1.39860800112859
ACTR3B	1.39756166050382
PLCG2	1.39641532996014
GCNA	1.39639959209581
NCOR2	1.39635205398621
LMTK3	1.39625795478839
RAD21L1	1.3961560826632
ANP32A	1.39522785099623
CACNA1D	1.39464361974879
CYP21A1P	1.39421206595142
ZEB2	1.39412611260827
PRSS46P	1.39398018569756
GLIPR1L2	1.39384518636209
NDUFAF1	1.39375098753531
PIGC	1.39366832356628
DYNLRB1	1.3934713329165
G6PD	1.39345164107849
CNTN4	1.39332158096354
NLRP14	1.39308719144154
MEIOSIN	1.39304595670301
LBP	1.39252386041636
PTGDR	1.3917817491785
PKDCC	1.39161629015728
SENP1	1.39155837828736
RABL2A	1.39109147727509
ACSL6	1.39095209071835
ARVCF	1.390837886845
C1orf74	1.39024243607536
CCR1	1.39000315888996
IQCH	1.38994580784795
YPEL1	1.38972512473432
GPC5	1.38877094782282
SEC14L2	1.38864204144188
NDUFAF2	1.38854960067614
SNX17	1.38833291850515
LOX	1.38821346653158
C22orf15	1.38811639038197
TMEM265	1.38788352776214
TNFRSF10C	1.38703168855021
NDEL1	1.3868390783198
GNGT2	1.38663340049286
SPMAP2L	1.38662607736079
CGREF1	1.38636433090867
MAP10	1.38629181750721
DOK5	1.38545348601529
TOMM5	1.38527553176712
ATP6V1G2	1.38511728688913
TOR2A	1.38485918590803
FAUP4	1.38477346984284
CCDC158	1.38463097543348
NBPF12	1.38460295018624
MEIS3P2	1.38428018982526
TTC23	1.38348930933927
CARMIL3	1.38323168510357
AGTRAP	1.38320487029262
UQCRHL	1.38304531482729
LRFN4	1.38269006194959
URI1	1.38268681847711
DLGAP3	1.38206636030329
DPY19L1P1	1.38170446738891
FIZ1	1.3814313651561
EEF1DP2	1.38014667610308
BDKRB1	1.37971585728039
PCDH20	1.37954000340532
UBE2D4	1.37953889383411
TMC7	1.3793342295177
TMCC3	1.37933314548649
ZNF184	1.37823567148705
LPAL2	1.37814787805122
ASTL	1.37773205673408
FAM86DP	1.37767115930295
ADCYAP1	1.37760516622311
ST3GAL4	1.37693849839553
RAMP3	1.37677359498536
NUS1P1	1.37644160676255
CCDC3	1.37449417872472
GSG1	1.37421244011908
CRTC2	1.37420957647502
RPN1	1.37386877110969
INAVA	1.37375991234275
ATG2A	1.37345499912924
SPPL3	1.37327320493656
VCL	1.37236583628791
INSYN2A	1.37229654845299
STAT5A	1.37139095542103
ITPRIP	1.37133439516808
ZNF469	1.37063155265449
TXNDC5	1.37033743211241
TBXA2R	1.37007985895574
PPP1R13B	1.36959128908373
STMN4	1.36944031614078
DBI	1.36942548608669
AQP7	1.36924060652841
ACTG1P20	1.36902008766909
DACT1	1.36816034518087
PBXIP1	1.36775631827746
GRIK4	1.36771218954324
FGR	1.36765385079522
HS3ST5	1.36579808235175
EYA2	1.36464718630908
DYRK3	1.3645255524256
TUBA4B	1.36438798642818
CAST	1.36399268378805
TNFRSF4	1.36385869168264
PHC1P1	1.3634383868094
DNAH2	1.36335372739581
TLR4	1.36305993161582
BACE2	1.36232881849272
DCX	1.36218722159932
MBIP	1.36205397662575
C17orf113	1.36199809585778
TMEM26	1.36181075234595
ZDHHC15	1.36168302562993
CLEC18C	1.36100456793165
CREB3	1.36083561656087
PAPOLG	1.36069167452021
CAMTA1	1.36048055242782
MAK	1.3597692923442
NUPR1	1.35952168746998
C19orf73	1.35920791458424
FCGR2B	1.35870424172411
ADCY3	1.35854705152966
SLC43A2	1.35852939994815
SAA2	1.35815451664358
CDC26	1.35810491919369
GPC1	1.3580846303101
CRIPTOP7	1.3578975510167
REC114	1.35705324880229
UBOX5	1.35704327266753
MSTO2P	1.35683199227599
STX7	1.35682880627405
VANGL2	1.35643648306202
ECSCR	1.35616177227181
KCNQ5	1.3557767874846
GPR89A	1.35574042919681
TPSB2	1.35510624440254
TIGD1	1.35494394034557
DPP10	1.35475835579194
IGFL4	1.3542139309096
TNFRSF10A	1.35399768381235
TRRAP	1.35325879576468
ZNF33B	1.35209991363757
ERO1B	1.3518319856539
SBF1	1.35163086151483
FBXO4	1.35157578044905
NXPH2	1.35149063149963
FOLH1	1.35083569633802
HYOU1	1.35067665402904
HTR1A	1.34983868852355
RPL23AP7	1.34965419902569
RHOD	1.3491218258097
HSPA13	1.34890746108187
ARB2BP	1.34872428311258
MYOF	1.34851189103454
ADAP1	1.34849704437874
LCAT	1.34811248383317
PDE6D	1.34792267122775
B4GALNT1	1.34723911063677
FGD2	1.34709969869545
TSLP	1.34656906181874
AMPD2	1.34605309576702
CSRP1	1.34576193413717
NPIPB12	1.34573907770734
NT5DC1	1.34572292924059
NRIP2	1.34566781626625
PTPMT1	1.3455582878717
TOM1	1.34546242557858
CLEC4A	1.34514825406004
TUBE1	1.34436889207472
ROPN1	1.34397547348208
CACNA1I	1.34316656597177
ACP7	1.34285776031386
ITGA10	1.34273135540572
BMS1P8	1.34272767556927
PARP10	1.34267611213323
TMEM125	1.34250863395052
NCF1C	1.34242772816308
RAP2A	1.34237227754283
CFAP57	1.34235826877125
S100A3	1.34169363156484
CALCA	1.3414043435506
HSD11B1L	1.34095660251292
ARHGAP22	1.34087217105795
CD300LG	1.34079172829264
AMHR2	1.3403742609504
DYNLL2	1.33946040909599
GPR84	1.33923656822656
TRAPPC1	1.33867084244694
GTF2A1L	1.33837711870088
PTH2	1.33810818545215
GUSBP2	1.33794087687194
RLN1	1.33709643746734
FBXL2	1.33662777536612
ABCC6	1.336410457018
NPDC1	1.33598357299704
PLAC9P1	1.33553171860842
TUBA3E	1.33539866466157
HSF2	1.33426339969849
TMEM71	1.33406986153899
THOC2	1.33396961985556
EOGT	1.33384621306982
AZGP1	1.33349260891487
BRK1	1.33341429921557
TMEM144	1.33328222018233
ANGPTL4	1.33281918713226
ADGRB2	1.33272884778108
S100A11	1.3326731172553
DDX11L10	1.33220096396766
SLC30A10	1.33206462086664
C1orf202	1.33127655318058
CBX5	1.33091089422699
FCN3	1.33050164338833
MAP2K5	1.33003860400745
ANAPC1P1	1.32951227515762
SPINT2	1.3294394609513
NEB	1.32906972912657
TNFRSF19	1.32904803898382
PRAF2	1.32895246684412
TMEM215	1.32886561681372
ALKAL2	1.32869558642093
ITGB8	1.32808590283529
WASF2	1.32769125178164
SNAI3	1.32749638901821
LPAR2	1.32720083872717
S100B	1.3267996827055
NAT16	1.3266090322717
TSPAN19	1.32637276654999
CCSER2	1.32600045139917
CYP2A6	1.32508159527407
SLC39A3	1.32469210804136
ARMC10	1.32377638536156
C11orf21	1.32373889525761
AFAP1L2	1.32349205002708
CDAN1	1.32319742150297
RHOB	1.32303190236311
MED12L	1.32288025787756
PTPRT	1.3226818635369
RAB43	1.32266263663633
TMED9	1.32252010598351
TMEM200C	1.32222769331063
HP1BP3	1.32208901886358
KARS1P2	1.32184923084744
DNAJA4	1.32092252442835
TM4SF18	1.32046932203796
PIGR	1.32044431177092
HGF	1.32008666427424
ULK4P2	1.31998425489269
PRF1	1.31966890417159
TAF1A	1.31935948020659
MTCH1	1.31932248897622
ADAMTSL1	1.31860164472971
C3P1	1.31745294649411
MIER2	1.31699425541162
PNPLA2	1.31696946408305
MRPL45	1.31680105467228
ALDH1L1	1.31658057508895
CFAP53	1.31643631098406
CDYL	1.31602979270577
TKT	1.31598459587461
ANAPC16	1.3157578068488
CSNK1E	1.31490898781752
ZNF473	1.31475688740976
APOBEC3D	1.314544255501
DBT	1.31432570931482
ZNF385C	1.31428220712423
ACLY	1.31427745089563
ZNF804A	1.31340240019646
TLNRD1	1.3133675291383
PORCN	1.31280826819204
COL19A1	1.31206781807262
PLXDC2	1.31194008721092
DNAI3	1.31173696611025
CCDC125	1.31155452181445
FAM193A	1.31124465143392
PCED1A	1.31058217864161
SLC3A2	1.31043471137008
SLC5A1	1.30859088930744
ZNF629	1.30837671187122
POLD2	1.30738770877691
FCER1G	1.3072991471813
ITGB4	1.30720829006532
AP2S1	1.30672529038299
H2AC20	1.3067180738659
ACSM1	1.30648824495209
SEC16B	1.30647006049893
RUBCNL	1.30626064518577
GSTM1	1.30622056513846
TBCE	1.30604426517513
DAPK3	1.30563154840056
NBPF8	1.30560133178879
TH	1.30533040813146
ERVMER34-1	1.30450771774349
SIRPB1	1.30387322839125
PRXL2A	1.30368224363566
RFT1	1.3036687448668
POMGNT2	1.30349822941454
PDCD4	1.3029602918478
RASA3	1.30290907266428
STRIT1	1.30270296833053
LRP2	1.30242489649291
PPP1R26	1.30238855607775
NRG2	1.30226558268764
ECHS1	1.30197163942348
ZNF215	1.30112347267799
MX1	1.30053159260755
BHLHA15	1.30032112275266
SH3RF3	1.30008870659677
GPAT4	1.29991667956217
PRSS33	1.29936701755608
CEL	1.29921675134674
PCK2	1.29838397515185
CPNE2	1.29765211953013
PHYHIPL	1.29757863518676
TBL2	1.29754622671729
IFIT1	1.29671003754344
GALNT16	1.29549902904717
ADGRE5	1.2951836468783
CCSER1	1.29458637834578
COL26A1	1.29444162761449
CCDC160	1.29371741533122
KLHL42	1.29287008391195
ZNF25	1.29250472579046
PLIN5	1.29203561148642
GOLGA6B	1.29194970119025
VCX3A	1.29136418326108
FOXG1	1.29129790270075
MGST1	1.29124193070175
TMEM41B	1.2912148520819
SLC9B1	1.29039296509316
INTS4P1	1.28917632292012
DDX39A	1.28894126161806
GALK1	1.28884232708106
CCR12P	1.2886227849318
CARD10	1.28823987973995
PTENP1	1.28801103118233
ESX1	1.28732122665746
POLRMT	1.2871863482718
PASD1	1.28691842657611
TBC1D5	1.28691451641292
PLEKHO1	1.28615831731352
RAB29	1.28609127866103
CELF5	1.28606862876952
DNAJC18	1.28563345644207
DISP3	1.28435723034916
TREM2	1.2840667389571
ALDH18A1	1.28365876791431
LMF2	1.28354270558511
BAIAP2L2	1.28306440348809
PDE4DIPP2	1.28261357685134
ELMO2	1.28210821796702
EFCAB11	1.28123716092566
BMI1	1.27978536176386
HSFX1	1.27969621199834
GRM7	1.27908105578138
FAM168A	1.27900658993126
NTF3	1.27896673766066
BID	1.27886117960124
ANKRD45	1.27878190889475
MAGED4	1.27861977539968
PLCH1	1.27693589481955
SGMS2	1.27649651880192
CAND2	1.27647090904486
POC1B	1.27626421944857
CHKB-CPT1B	1.27552787556684
MRPL11	1.27532910334729
EYA4	1.27514616357297
DCLK3	1.27495278434363
OR52N3P	1.27462918700729
NCR1	1.27419918358489
CFAP92	1.27281050348953
SERPINB4	1.27238354454615
GPD1L	1.27204830167517
CDK19	1.27119564846066
CIBAR2	1.27115493128575
SPOCK3	1.27088487894409
F11R	1.27074031674827
AFAP1L1	1.27058138506233
RAET1K	1.27056987910083
ZDHHC12	1.27009645770664
HLA-J	1.2699065720742
DRD2	1.26963543202184
EXT2	1.26945484181405
KLHL29	1.26942834976147
SEMA4C	1.26927506123818
MROH5	1.26918235707844
CDC20P1	1.26863893893186
UBB	1.26856620026721
STX10	1.26812837191576
NCAPD2	1.26808540397482
TSPAN10	1.26786909524785
TMEM143	1.26776596259109
MSR1	1.26764377671526
PRR36	1.26764083097151
PLEKHH2	1.26751224138878
MAP3K21	1.26738601958512
GRB7	1.26727188881243
SH3YL1	1.26673540367339
TSPAN11	1.26669522670872
H4C4	1.26625804117343
BAAT	1.26619962903657
LIX1	1.26598009931373
PURB	1.26563346571211
SMCO4	1.26552207953086
ZNF165	1.2654828903866
KIAA1614	1.26492900812334
CDH2	1.26490273793872
DCT	1.26389024829791
UBL7	1.26380362482823
LGMN	1.26380069861163
SSPOP	1.26369005881809
NANS	1.2635816556233
NAV3	1.26329930756949
FRMD6	1.26325852004741
DMWD	1.26316026048515
POGK	1.26300645892612
LRIG3	1.26271188001717
TMEM120A	1.26228743421667
ZPR1	1.26201077794268
COPG1	1.26199802115626
SLC17A7	1.26144899455331
TMEM231	1.26127393016047
PKD1L1	1.26106186386844
TMC2	1.26038647187044
PLEKHG3	1.25985609211177
ASPG	1.25938142954714
RUNDC3B	1.25907445541054
NCAM1	1.25893273816589
CCDC30	1.25888825892465
ENKUR	1.25878735217263
PAX4	1.25862570595362
SHROOM1	1.25857935165225
TPGS2	1.25839872800405
PVRIG2P	1.25815713513092
MAP1LC3C	1.25771276442119
SUSD5	1.25757006154118
DYSF	1.25713770635351
RAB6C-AS1	1.25608877507019
CNIH2	1.25588658941471
TPX2	1.25576768933085
ZNF704	1.25567418027574
IL13RA1	1.25561066714035
RAB3IL1	1.25530154329765
CNTNAP3P5	1.25464351306809
SEZ6	1.25415827185129
ATF4	1.25385613944925
HNRNPA1P16	1.25334061755528
SLC18A3	1.25130678838735
SOD1	1.2511730510108
ENTPD4	1.2511605233001
MYT1L	1.2506669281732
GJD3	1.25015178167726
CDH13	1.24947659924674
LMBRD2	1.24942195362285
STAC2	1.24916137798187
TMEM245	1.24908441325212
UBQLN4P1	1.24906949360731
NBPF3	1.24887146725342
BCAS4	1.24870165852603
SNAP91	1.24858617503475
FMOD	1.24855960863514
SLC7A7	1.24821817926908
ALAS2	1.24747612817196
LRP11	1.24713050024128
FAM174B	1.24712048452686
CHD9	1.24708628949099
COX8C	1.24708383805505
ACOT7	1.24682831907316
FAM53C	1.24629528829947
SCN1A	1.24619713719444
PRDM7	1.24452052242481
MAMLD1	1.24410556227675
ARPIN-AP3S2	1.24325194157868
MAST2	1.24307808566662
HPF1	1.24294167604921
GLCE	1.24288235405123
RAI14	1.24254891852265
MAPK14	1.24238243538274
ADCK1	1.24216167813789
COL25A1	1.24078652904083
FAM117B	1.24070857135862
AKAP8L	1.24054692201331
NYAP1	1.24019522827949
BBS5	1.24003710468135
ARHGAP15	1.23893521876029
RASA4DP	1.23879043093423
PLPP6	1.23845096201255
KISS1	1.23817092352031
OPTN	1.23793287283191
INMT-MINDY4	1.23791880013728
SPHK1	1.23771096535907
GJD2	1.23747381411045
FCRLB	1.23735617412143
GBA1LP	1.23730439946924
DAP	1.23721331432587
ZG16B	1.23719926757805
FOS	1.23669187965113
SCN11A	1.2362244018346
VEGFC	1.23582390476581
RBPMS	1.23554033458333
TMEM241	1.23509733408418
ZNF365	1.23420213924928
FOXL1	1.23355785457873
COL6A5	1.23350680319051
CHL1	1.23319822537121
DIABLO	1.23316402452706
SRC	1.23287389945185
KRBA2	1.2327119120929
DMRT1	1.23224253439844
MRI1	1.23216806409026
AP1M2	1.23190199324
TMEM42	1.23184230484196
MATN2	1.23147250239
ZNF689	1.23145612051706
MANF	1.23140888773935
ALS2	1.23136294937423
LAYN	1.23130171255205
TBX21	1.23114128859842
AGPAT4	1.23091847546185
KRT80	1.23058797100089
TMEM147	1.23043846600783
ZNF843	1.23025850584569
DCDC2C	1.23023234946941
DDX11	1.22970796152244
CAD	1.22946088747942
PHACTR1	1.22926891437897
CTPS1	1.22913018171767
KRTDAP	1.22826547819474
TFG	1.22761636207309
NPPB	1.22758808303544
SDR42E1	1.22731836605222
SLC26A9	1.22608141254972
SEMA3A	1.22552345901351
ERGIC1	1.2251606958694
KCNH4	1.22514804310089
PGRMC1	1.22397039027296
TRAV18	1.22366524762441
PABPC1	1.22330450588891
ALG1L2	1.22314004826504
LSP1	1.22284721279018
SRRT	1.22275415567346
DCDC1	1.22262367456733
TMEM198	1.2224718578507
CLPTM1	1.22224936998558
PRSS23	1.22219989461739
PRELID2	1.22219985896533
KANSL1L	1.22185838751605
AQP6	1.22185325038477
RTL8A	1.21905097743013
METTL9	1.21761744506861
SLC38A3	1.21669945673337
PCDH18	1.21668683341537
WDR97	1.21630761825073
KIF1A	1.21611529902294
TMEM151A	1.21539353048293
KCNN4	1.21531576244599
AARS2	1.21525402617656
SLC10A1	1.21500118474288
PAFAH1B3	1.21492936392038
SCAMP4	1.21443488286821
DOCK6	1.21428819412205
TRAM1L1	1.21379172549223
DHRS1	1.21363411636474
SPATA2L	1.21354558860328
LRPAP1	1.21343501683431
SYMPK	1.21310768267526
TMC1	1.21258227553675
SPATA20	1.21234235065971
ZPLD1	1.21197058347512
NTHL1	1.21170715372584
STAC	1.21131112867155
EXOC6B	1.21082520909586
UNC93B3	1.21079161135851
MMP19	1.21049570614783
PRM1	1.21015749178988
SYCP1	1.21013059100964
DTX4	1.20955793075213
FZD1	1.2095456682113
MYL10	1.20929485751482
APP	1.20848150546724
CCDC163	1.20818812651238
MROH7	1.20805187146279
TOB2P1	1.20741288019711
PSMB9	1.20741254749996
DORIP1	1.20700684361041
ITGB1P1	1.2067351268499
ELAVL3	1.20647538298355
COL3A1	1.20617501448099
COL18A1	1.20592815225058
GPR78	1.20501397636049
PDE11A	1.20453171472972
LHX8	1.20374281902475
STAT1	1.20349129561766
DGKI	1.20341601168055
TULP2	1.20316035696521
CTSL	1.20180277744341
RIC1	1.20109563223063
C11orf86	1.20098016163072
ALDH3B1	1.20091510601803
PKN1	1.20061805778948
PCDHGA2	1.20038680297916
MISP	1.2003707273357
AKR1B10	1.19905145019745
TBC1D30	1.19884233348423
SDHC	1.19881967208999
OR2T8	1.19878098234861
CMKLR1	1.19832019390199
ANKRD36C	1.19779923959364
COL17A1	1.19734023842963
PNMA1	1.19699029902661
CARNS1	1.19641158698636
MYH9	1.19506181007033
AAMP	1.19496195785317
STON1	1.19490548763288
SLC25A27	1.19472631270743
TPH2	1.19472157496042
SOX30	1.19396931411165
ST8SIA2	1.19367733380136
EEF1A1	1.19282064108592
ZDHHC24	1.1924904094885
SCD	1.19235841542806
TMTC2	1.19225376806438
IRS3P	1.19219406598337
C5	1.19169721058604
ZBTB20	1.19133623072191
PIEZO1	1.19114982633213
CREB5	1.1907801493961
TRIM10	1.1903985434954
DEGS2	1.19022944784492
GCC1	1.18998623613703
HLF	1.18914157454538
CUEDC2	1.18853680592309
FLOT2	1.18802516352096
ADRA2C	1.18792433640719
GABRG1	1.18768330831857
KCTD14	1.18764089022978
TKTL1	1.18684450920391
STON1-GTF2A1L	1.18659781407712
SCN7A	1.18636370786496
GAA	1.18554932966634
PPDPF	1.18537021286104
CCR8	1.18496684830894
ACAD9	1.18468346407366
DENND4B	1.18441492249871
KIF26A	1.18407437559263
HDC	1.18389847043007
SUMO3	1.18351708124361
SCCPDH	1.18292214032138
DLC1	1.18283271283516
IFITM2	1.18263710687768
NMRAL2P	1.18257234122849
INSYN1	1.18182647115156
WWC3	1.18165269593139
INTS6	1.18156543722109
SYS1-DBNDD2	1.18134844168336
XPC	1.1809559093994
GFRA2	1.18089131470389
PLPPR4	1.18084254209206
HTR7	1.18077226794466
SLC6A9	1.17996597321351
CEACAM21	1.17938679997654
YBX3	1.17867677453879
OGFRL1	1.17838557581826
MAPK8IP1	1.17829591223301
GATA6	1.17753993148534
SLC2A6	1.17671682202399
SH3BP1	1.17630420988458
TMEM106C	1.17599739306776
FAM21EP	1.17564076593448
CCDC112	1.17537358335201
TTLL1	1.17499610183223
CCDC60	1.17493343569874
TNKS1BP1	1.17383251225559
SYNDIG1L	1.17356857384521
LPAR5	1.17235221082371
LINC00475	1.17231540487239
RCN1	1.172087862634
SLC25A25	1.1720470242971
DNALI1	1.17181308231539
KCNQ4	1.17177796178174
ATP1B1	1.17165365617123
MTCO3P12	1.1713868534659
THAP3	1.17129594635486
NTPCR	1.17126920876116
DUSP8P1	1.17110056033144
KIF5B	1.17042996887268
MZT2B	1.1703920116434
SLC44A2	1.17021276359825
AURKC	1.17018203127983
TXNDC12	1.16979255928728
ZNF574	1.16955756290479
CSAD	1.16947160166085
PHETA1	1.16857808378888
GOLGA8R	1.1685487968555
CENPI	1.16814713603063
BCL9L	1.16784022529865
AATK	1.16705440938527
ANKRD52	1.16688732993503
GDF5	1.16675362735449
GLRB	1.16568003803958
URAHP	1.16556170838289
CLDN11	1.16523001808959
ADM	1.16519710781452
MINK1	1.1650216080056
DNM1P51	1.164721528401
AFTPH	1.16430274128193
SPATA31C2	1.1635843509096
INSR	1.16315240859602
SCARB1	1.16269571601849
PLA2G15	1.16226486578519
IRF1	1.16214943469877
RBKS	1.16202956592812
PTPN5	1.16189570059877
MUCL3	1.16184520750645
SRR	1.16171890409208
SAMD12	1.16157069123468
COL1A2	1.16155918038494
COP1	1.16132928835381
CALU	1.1608617791743
PAWR	1.16084967974657
FAM156B	1.15982083711016
FAM72A	1.15956869461176
YPEL2	1.15929430165653
PNKP	1.15906088904624
CXCL3	1.15897894093996
DNAJC5G	1.15874521206915
PIK3C2B	1.15846636050432
GRK3	1.15777825133451
MANEA	1.15756469957106
COL5A3	1.15743865966801
LGALS9C	1.15694180538555
DNAJC21	1.15633599297497
REEP6	1.15589009200497
TOP1	1.1558264082633
EEF1E1-BLOC1S5	1.155252273276
KCNT2	1.15458065042117
GPR83	1.15394977751172
TDO2	1.15391643704812
PRKACB	1.15330850746916
CLEC3B	1.15323106002123
YPEL5	1.15298006520452
LRRC42	1.15274695053589
FOXQ1	1.15247415236145
C20orf144	1.15151861890383
ETFA	1.15145928084896
RADX	1.15112046241387
MMP15	1.15087909181783
MRPL10	1.15047807031692
FAM161A	1.15020487838679
MARCKSL1	1.15019494922657
TRPV2	1.14994687657753
LPAR4	1.14979753036707
MSC	1.14971664041129
PYCR1	1.14936883436459
RBBP8	1.14925871437738
GPRIN1	1.14923166001
RPL23AP77	1.14913895266623
SST	1.14894097374385
ZNG1F	1.14892251751146
MED13	1.14815629539186
PXN	1.14783209258261
NUTM2D	1.14712933391873
GNAO1	1.14644165720287
MGAT4EP	1.14615892411105
CD52	1.14612269577517
CTU2	1.14192413710988
H6PD	1.14185416721771
DGKB	1.14167778007451
DNAJB11	1.14165060144528
HDAC6	1.14136380339632
HMSD	1.14116860939426
S1PR3	1.14104346540464
TCEAL9	1.1409184218456
MAP1LC3A	1.14039604958576
TM4SF1	1.14035695904194
ALG10B	1.13975780616155
TCEANC2	1.13884686708224
PTHLH	1.13871262943277
CALM3	1.13811842425302
TMEM63C	1.13772712265129
ACTN4	1.13743724461908
RHBDF2	1.13677690984268
HAX1	1.13675634064394
SPECC1L-ADORA2A	1.1366976048073
ZNF609	1.13665552290415
UBE2F-SCLY	1.13611090524845
CANT1	1.13585837691223
SSU72	1.13543339582145
EPHA7	1.13493297419075
STAG3L4	1.13489923816093
H4C3	1.13443460945749
FKBP8	1.13429721700444
BUB3	1.13403117173776
NME2	1.13403113776705
IMPA1P1	1.1340030606699
WT1	1.13341946108413
DTNA	1.13338389226933
MAGEH1	1.13309954654609
TCTE1	1.13305364464079
NEU4	1.13278364684337
AVP	1.13151923515562
ADCY9	1.13116776994531
FAR2P3	1.13092671457879
PCNX2	1.1307673530138
ADGRE2	1.13073103269485
PGCKA1	1.13024323513723
NRSN2	1.12923427979111
FREM1	1.12910695520272
ATXN7L3B	1.12832563275308
SMPDL3B	1.12808143592282
APOBEC3B	1.12802645855757
WDCP	1.12788443785623
RPL13AP12	1.1276934366367
ITGB1	1.12752891685241
CYP46A1	1.12636214683831
SLC10A4	1.12617788184678
TFDP1P2	1.12552035000308
CAVIN1	1.12529438061009
KLRG1	1.12526822398109
OTX2	1.12482965878907
TF	1.12470468804085
GATAD2B	1.12461166398527
SLC45A3	1.12443525413632
PPP1R12C	1.12395091485127
LIF	1.12372910623272
TNFRSF21	1.12355056522138
ARL6IP5	1.12212954416398
OXCT2P1	1.12193664225232
CELP	1.12179509161339
CRX	1.12178619167533
TMEM176B	1.12172879462498
CHDH	1.12168172978298
PPM1F	1.12124978691195
ARHGAP9	1.1210865666793
GXYLT1P3	1.11955001875155
GOLGA8IP	1.11872358388689
TMEM229A	1.11862390305315
ACTC1	1.11844886686752
RPL7AP45	1.11833447356189
TMEM183A	1.117994730125
TNFRSF10B	1.11763197891634
ZNF865	1.11757491857693
CNTNAP3P2	1.11756978398826
COMT	1.11616248470328
GALNT8	1.11576600834418
FAM110B	1.11572342664768
TMEM182	1.11528081940538
TOP6BL	1.11494222823841
LRRC17	1.11403182488953
ZNF608	1.11401809411469
CHRDL1	1.11371145664806
PHPT1	1.11350821029114
PPP2R2B	1.11346948597218
WDR18	1.11326669184416
CEBPG	1.11316727079902
FBXW7	1.11269322129939
BBC3	1.11256270468875
UPK1B	1.11177132675406
EPHB4	1.11151905491863
PRDM1	1.11126336652913
LDLRAD2	1.11090671993449
KLF5	1.11047862592672
TBX10	1.10970647864662
IER5	1.10961509066232
ZFHX4	1.10958399124744
CDRT15P4	1.10958060268478
VWA5B1	1.10930468534996
EPB41L4A	1.10875992225395
FPGT-TNNI3K	1.10795989728422
AGAP2	1.10782567976647
ETV7	1.10737936161685
KLHL9	1.1072014031031
RPA3	1.10664030738468
CLC	1.1060645301691
MROH7-TTC4	1.10581352077136
DMRTC1B	1.10539984306213
NBAS	1.10486859362455
POLR2A	1.10454174359807
RNF139	1.10438541440983
CES3	1.10387728817867
ARHGEF10L	1.10386137902911
PIAS3	1.10376642284683
NAA25	1.10357093388388
NUDT6	1.10265211262429
ANO8	1.10215798656193
NPHP3-ACAD11	1.10204961146766
CD27	1.1020479217186
CAPN12	1.10173441163756
CUL7	1.10101556287453
TMED3	1.10076492389582
HAUS3	1.10053953154038
ACTBP11	1.10035189332738
VN1R95P	1.09909623964742
SH3BP4	1.09902635140284
FPGS	1.09902330825639
TPTE2P5	1.09895885490069
LRIF1	1.09873755575908
TBX22	1.09838930755205
YAF2	1.09833012939577
USE1	1.09790512058254
ZBBX	1.09726715934488
FAM83E	1.09715448625532
CEP350	1.097009889764
NBPF20	1.09676605739193
FZR1	1.09633037571244
SYNM	1.09594841423292
ANKRD22	1.09588204667084
GPX4	1.09576358096092
C1QTNF2	1.09571000105759
CXCL17	1.09501826814522
LRRC4B	1.09471029758699
SACS	1.09465531887235
FRMD4B	1.09378825257504
ALG1	1.09371518720454
KCNJ15	1.0927028267596
TECTA	1.09211032021015
BBS7	1.09190689101103
CNN2	1.0913072742956
CSNK2A1	1.09117747720585
PDE4D	1.09116653797819
CACNG7	1.09099039032687
ARHGAP45	1.09090779869841
CPA4	1.09089454351135
MESP2	1.09067818904347
DDC	1.09061168863253
HELZ2	1.09039131019431
EEF1A1P10	1.09037752887426
PFDN5	1.09033897712842
POGZ	1.0896945653205
PSTPIP1	1.08918115187906
NXF2	1.089170050111
MRO	1.08895369606689
NPY5R	1.08892522114952
PCDHGA1	1.08877360546997
TMEM132C	1.08859606739113
SAMSN1	1.08844294113805
PNPLA3	1.08841968121603
PPP4R1L	1.08829944894977
PPARD	1.08818530184612
DDAH1	1.08767069133088
TBC1D3P1	1.08637496117913
HMG20B	1.08635661019796
EPS15	1.08628906628246
ATRN	1.0862762198442
SHISAL1	1.08606210787156
RNGTT	1.08593772882922
ZNF484	1.08543237328006
PFN3	1.08530800743789
AKR1C1	1.08510200634305
SLC6A15	1.08507044333981
TRIM3	1.08492658205572
CDH3	1.08439811652861
DYNLT4	1.08426436204545
TTBK2	1.08300249661735
PPP1R13L	1.08274328456938
FRRS1L	1.08249973769946
FKBP3	1.08217767304964
SLX1B	1.08184375405194
ZNF697	1.0813650729301
SMIM10L2A	1.08098718116258
CDKN1A	1.08035482649234
C5AR1	1.07961951770042
ITGAL	1.07916485422228
GCATP1	1.07778846721844
COL11A1	1.07764176632985
PITPNM3	1.07758767395866
NUCKS1	1.07728029159546
TEX26	1.07703550951692
OXCT1	1.07678877699381
MICU1	1.07667247727408
NUB1	1.0766386365762
RGN	1.07638606247584
HSPA5	1.0763574229619
SARNP	1.07582273848099
TPM1	1.07564350295831
SIM1	1.07561400225758
SRD5A2	1.07533375800571
BORA	1.07475876574348
TFAMP1	1.07463300765731
WHAMMP4	1.07373870277722
INTS11	1.07307907491173
LRRIQ1	1.07302314836941
CD101	1.07258499848616
IL1R2	1.07227449083091
KCNE5	1.07059462324355
GPC2	1.07045847066182
PDCD6IPP1	1.07044439027265
CDH18	1.07043738852361
CSPG4P11	1.07043697458539
GAPDHS	1.06996623984819
HMCN1	1.06974133176112
HMGN1	1.06899368018134
ARMC5	1.06889965694268
HERC3	1.06873174718628
RPL5P30	1.0683854093367
B3GAT3P1	1.06788766489697
TMEM178A	1.06784388848354
LIPT2	1.06746206158063
FKBP1B	1.06690912287338
ATP12A	1.06666598486536
CYP4F33P	1.06642843576104
RAB27B	1.06621733552585
ART3	1.06551811054168
KATNAL1	1.06505786590985
GKAP1	1.06497704481111
ALPK2	1.06477732159258
FITM2	1.06465328797745
ABCC10	1.06460051281628
TSC22D3	1.06444090683607
ACP1	1.06432633545354
IGSF8	1.06410972582834
GDPD5	1.06380330398818
PICK1	1.06379858487496
MARK1	1.06290994895713
KLRD1	1.0628824743943
SOWAHA	1.06284009395772
PDE4DIPP6	1.06277260541303
PREPL	1.06272193524348
CD37	1.06250633100997
UQCC2	1.06249149637341
MOB3A	1.06202357478233
ERFL	1.06192291232704
ZNF512	1.06164979464876
HEXB	1.061104066835
CCL2	1.06099682999425
LTBP3	1.06093965901927
GGT1	1.05986069826886
SAA2-SAA4	1.05964735423576
PLPP2	1.05955224227791
PTOV1	1.05907591242452
RANBP1P1	1.05864030303439
DLL3	1.05847718809819
KLHDC1	1.05814710262287
HERC4	1.0576320405548
STOX1	1.05760516566084
CFL1	1.0572880139182
TTC29	1.05684266687232
ZRANB1	1.05643287083929
JADE1	1.056372691634
SLA2	1.05627033302666
GTDC1	1.05611889792238
TMEM248	1.05572694255723
MECP2	1.05547392295852
PMS2CL	1.05498762452247
IGFL3	1.05492252315141
CYP4F27P	1.05492049533022
MSLN	1.05472039143668
CDC20B	1.05393119240161
GCNT2P1	1.05372889059804
HCN3	1.0533948327102
KCNC2	1.05284119318337
PLA2G6	1.05272669479249
SERPINE1	1.05256631895471
CDC42SE2	1.05223574141604
TBC1D10A	1.0512000865143
ELAC1	1.0509775474598
ZNF853	1.05085848483055
BEST1	1.05070929979246
CD24	1.05046588725365
KLHDC8A	1.04992287473055
WIPI2	1.04958517555017
FTH1P2	1.04955393265035
GGT6	1.04923662698826
KLK4	1.04893889628909
PILRB	1.04883651150779
SULT1A3	1.0480888012552
MYOM1	1.04734616136247
OTULIN	1.04693545668599
USP26	1.04678042330331
NAA60	1.04661867901881
TOP3BP1	1.04646619428441
SPATA6	1.04594665031319
CASP2	1.04576459337427
HSPB2-C11orf52	1.04547581337467
GDF15	1.04545224408116
MEF2D	1.04545059636171
C4orf50	1.04490922446863
GINM1	1.04482943967092
ZKSCAN7	1.04387306932342
WDR59	1.04368850816068
RSU1	1.04352452064181
KANK4	1.04285840164906
PPIE	1.04281649638171
CACNA1C	1.04269191555287
CCR9	1.04257005059711
DISC1	1.04183549615056
THYN1	1.0416844580964
PCP4	1.04077445469611
RAB3D	1.040278266845
PARG	1.03980508739386
ARHGEF11	1.03966596474802
ARNT2	1.0395102476627
PRKAB1	1.0394171464834
JPH3	1.03928924177835
MUC20	1.03925059157008
OTUB2	1.03907825800419
FLNC	1.03907659549285
FOXK2	1.03876788561068
TMEM200A	1.03838874032168
COL11A2	1.03821663781786
SMG1P1	1.03812564349799
OR10AB1P	1.03810048982438
FBXO27	1.03806349589632
SLC8A3	1.03704376671631
APELA	1.03686970027677
USP4	1.03623370895149
FAR2	1.03607959351691
GDAP1	1.03592114904539
TBCB	1.03579081433441
ORAI1	1.03550334181282
RHOQP1	1.03538743772521
CDH8	1.03454074020171
STARD8	1.03428912087719
C2CD2	1.03408496856508
PYGB	1.03349186475536
PKHD1L1	1.03309447849297
IL31RA	1.03268605239802
ENOX1	1.03257323948049
CAMKMT	1.03230814457201
RAB13	1.03218293379432
GOLGA7B	1.03189596139547
NFE2L3	1.03144880257094
RIT1	1.03055178587002
HEMK2	1.03007486274173
ZNF182	1.02985115650549
FGFBP1	1.02979062171618
ZNF329	1.0296780111096
DLEC1	1.02900747759186
MCF2L2	1.02815052471305
TMEM167A	1.02812294514626
BCO1	1.0280071206379
STMP1	1.02786723237467
ARMH4	1.02695122560598
IQCJ-SCHIP1	1.02675220884502
HERPUD2	1.02647388078712
DDX12P	1.02598824942573
POLE4	1.02560517901118
SLC26A2	1.02517660009141
IGFBP7	1.02507247535316
SHISA7	1.02431088118279
IFT140	1.02392102373795
FGFBP3	1.02389284395902
RNF225	1.02369353163519
RAET1G	1.02321444205449
NAA80	1.02298992391739
PML	1.0227419871197
JAK3	1.0223364786157
CEACAM1	1.02194025261112
SLC7A9	1.02178489769405
LRG1	1.0215000986047
CDK15	1.0212403383371
ZNF23	1.0210814510502
RDH16	1.02098840717252
BOC	1.02084875844074
BTBD6	1.02070871082145
GLIPR1L1	1.01939251845566
CEP112	1.01926523273511
CD163L1	1.01901163423371
USP41P	1.01833635276027
EEF1A1P6	1.01830822780854
ANKRD20A7P	1.01784539700617
CSNK2A3	1.01760950160095
LAD1	1.01753798921423
MARK4	1.01699216400111
OCRL	1.01683318494468
TEX29	1.01662959250504
ZNRF2P1	1.01652521736806
CD72	1.01631932711401
YBX2	1.01617834329032
HDGF	1.01591388993521
GREB1	1.01545272896507
ZBTB5	1.01470180004619
CMC4	1.014529686281
TK2	1.01445254746941
MYO1E	1.01444501520947
SMOX	1.01423407768414
PGD	1.01397915255452
ZNF692	1.01333860966792
SFTPD	1.01328027864946
FAM131C	1.0128920015194
FAM118A	1.01254879055169
ANKAR	1.01229232958653
CNNM2	1.01218610299865
KCNV1	1.01208868270976
FAM209A	1.01198642840842
ASPHD2	1.01149151314437
ACTG1P25	1.01134366807439
GNS	1.01100367238124
DIXDC1	1.01032197417069
ABCA5	1.00977786333642
RDH12	1.00940971021119
SLC1A1	1.00911499306966
IDUA	1.00856054743247
EIF4EBP1	1.00787243350212
GXYLT1P6	1.00780035864722
HRH1	1.00752439733185
DESI1	1.00747126238665
LRBA	1.00744154212889
GMNC	1.00712735266696
CPNE1	1.0065569077522
COL4A4	1.00655383465214
POU2F3	1.00612247802959
CDIP1	1.0059672178504
FTH1P11	1.00552854066541
LAMA4	1.00500366412829
FAM47E	1.00472760360141
ADAMTS5	1.00470920466322
POPDC3	1.00452741329704
LPP	1.00452081528171
WDFY2	1.00448732083465
GBP2	1.00433857011845
PCGF5	1.00344332798711
PABIR2	1.00335768148957
CIROP	1.00326453812118
TMEM121B	1.00236173220933
CTAGE1	1.00230114507849
RGPD8	1.00152992941245
CDC42BPA	1.00152666499539
EMILIN1	1.00114086715833
NUDCD3	1.00109105137411
RCE1	1.00100577431135
POLG2	1.00095674322896
GAMT	1.00058675805549
GCSH	0.999933784858699
AP2A1	0.999668012393844
CYP39A1	0.999516639846892
SPOCK1	0.999466503487124
FKBP10	0.999337911967444
CFAP47	0.99919819357427
KPTN	0.999040690709719
LIMCH1	0.999001550260615
TULP1	0.998877299163788
FMO1	0.998734245978585
RAD54B	0.99854763398138
CD55	0.998434495433129
TP53	0.997325908059823
CDK16	0.996511363943826
LRATD2	0.99642225457254
TMEM179	0.996265394938395
C1orf216	0.996102702543665
DOK2	0.996059889980349
HDAC1	0.996024286227747
ADAMTS17	0.995649418599958
DIO3	0.995274389703548
TTC3	0.993185220254727
WDR91	0.992625808890103
CSF3R	0.992101361814553
BCL7C	0.991769970883785
ATP2A1	0.991580636395188
ARHGEF38	0.991519447479181
AGO3	0.99115257849042
EMD	0.990442636830325
TMIGD3	0.990255398584357
TEX38	0.990153438114196
VEGFD	0.98995014099081
GOLGA6A	0.989556018519253
LDLR	0.989411453312151
TNN	0.989131729052289
ANXA3	0.988981442800414
ETV2	0.988975118510191
DBP	0.988461384663552
TRAK1	0.988437295532175
FGB	0.988092678270576
ZNF749	0.988031981868458
SRRM4	0.987889569742178
SYNGR4	0.987884894095517
ANO2	0.987345327467415
CDC42BPG	0.987235436240636
ASNS	0.986827347637065
ALG6	0.986459165962702
CEP89	0.986310194283657
PCNX4	0.986248501706827
DNAJB13	0.986116917868457
HNRNPA1P38	0.984952982203689
PRKAA2	0.984836698817646
SPCS3	0.984569477883014
SIRPAP1	0.984447413250938
CBLN2	0.983826336456099
KMT5C	0.983643337455413
GNB3	0.982751432729286
TM6SF1	0.982384305649751
SLC12A2	0.982252863776094
CHRNG	0.982082275099452
ADISSP	0.981997512606437
WWC1	0.981751187099618
BLMH	0.981260605142047
KCTD11	0.981204305014635
ASB16	0.980790793681869
CUZD1	0.980730316187238
ARK2C	0.980605619902739
KCNIP3	0.980544834598066
TESPA1	0.980205076925019
PZP	0.980060459971556
CNGA4	0.979548027605885
HSD17B14	0.979400353800473
TRAPPC12	0.978792321108846
PSMD9	0.978726631778528
RAB37	0.978691272306918
BABAM1	0.978402722507943
ALKBH3	0.977969252579728
ITGAM	0.977612155733175
WASH6P	0.97743597034631
NEDD4	0.977214081785932
ANKS4B	0.977039259473467
HNRNPR	0.976635115452525
HMGB1P5	0.976599215393893
TMX1	0.976496090158817
RAB20	0.97633277039285
SUSD6	0.975994705117439
WHR1	0.975808716836298
ATG16L2	0.975384930116024
RASA4CP	0.975214213861564
FAM185BP	0.975187764878748
ADAM28	0.97502254802787
ZDHHC1	0.975018069266888
RAB5B	0.974803365044948
SLC5A2	0.974789893329065
TWF2	0.974364129832222
ZNF711	0.97411993633539
KIAA0825	0.973784543775746
PHYHD1	0.97353820423785
ZNG1E	0.973480869594092
HTR7P1	0.972998063199079
MTO1	0.972825019758554
TCOF1	0.972468139550279
TRAPPC2L	0.972404894416144
SCAF8	0.972392154214792
BTC	0.97223404625719
BCAS3	0.972191805305231
SEMA6D	0.972054825638334
PARD3B	0.971765620417744
ABCD2	0.971709800802645
CHRM3	0.971575391743465
CD81	0.971307462458546
SNX19	0.971082091422065
SRP9	0.970907588656126
DEDD2	0.970384572626651
WDR41	0.970136081882423
SMG9	0.96979350535849
GNL3LP1	0.969590412930895
ANXA2P2	0.969321425573181
IGKC	0.969241984219413
WDR83OS	0.968947951179666
FUCA2	0.968883183260543
SLA	0.968663320748947
EN1	0.968051260561781
CDH10	0.967170789314076
LDB3	0.967124893565022
BSN	0.966919240544809
HMCN2	0.966628570436853
MYH7	0.966502029325904
CCER2	0.965006995938391
NSMCE1	0.964595116753186
NHSL3	0.964192858358473
PNMA2	0.964090252605058
ZNF814	0.963765878223451
ZBTB38	0.96354624086887
GLRX	0.963478417996533
C14orf119	0.96341047429015
BEX3	0.96290399026938
TMEM65	0.962644811157651
SPHK2	0.962506234647456
LSS	0.961911941261568
SLC19A1	0.9618827496867
LDAH	0.961584916571698
CIT	0.96131611728897
AKR1A1	0.960937150245015
KIRREL3	0.960269885477605
GET1-SH3BGR	0.960204057028797
ZDHHC21	0.960127869963914
WDR54	0.960064648258677
FBXW8	0.959990370167891
GGTA2P	0.959284439073784
LNP1	0.958805143458389
SELPLG	0.958310732164673
STX8	0.958282927106981
SLC2A4RG	0.958091533964582
CCDC77	0.957807868624044
PARLP2	0.957444228977674
ABL2	0.957342067533352
PGA3	0.957261948266321
PCDHGB2	0.956887349737128
DIS3L2	0.956674538036916
BRD8	0.956352102981499
F5	0.955872590579059
SEC14L6	0.955671213903427
EXTL3	0.955559285579468
NBPF4	0.955330904134962
SLC22A4	0.954718309249789
SLC35D1	0.954503989312622
PPARG	0.953794639062862
AMOTL2	0.953759205789496
PYY2	0.953605475960647
TBC1D12	0.95350634545568
XYLB	0.953415437661276
TRIM9	0.953345635679994
HMGA1	0.952808161599227
FAM246C	0.952691383704942
SFXN5	0.952469503814659
RHCG	0.952422894374154
DLGAP5	0.952223109064439
OLFM3	0.951650081837247
PCDHB13	0.951453127233192
CFAP45	0.951188752149258
BPIFB4	0.950674286243253
ZC3H12B	0.950570026870301
NELFB	0.949717654294337
AIDA	0.949299785026745
POTEF	0.949180990935907
KLK7	0.948859690449617
TTLL7	0.948632229412657
FGF1	0.947937403623575
THRSP	0.947897954777276
CNBD2	0.94765292431584
FAM240C	0.947639966960334
SLC6A17	0.947400091447388
TEX101	0.946974243876195
SH3BP2	0.946581263427095
ATP7B	0.946454714396514
TCTN3	0.945921693446959
FAXC	0.945682705957854
ZPLD2P	0.945194455761049
NEBL	0.945122632314735
CRYAA	0.944991923141177
SYCE3	0.944097572646086
TP53TG5	0.943814236018487
ARAF	0.943003282686683
KREMEN2	0.942912922316949
CMTM7	0.942757162004509
SIGLEC1	0.942465283434851
RAB27A	0.942399649840089
TP73	0.94184217102879
THAP2	0.941605329262005
KCNK7	0.941534193155487
PRRT3	0.941499776459973
FLRT3	0.941481892935285
SARAF	0.941130649472777
NCF1	0.940990579049849
IFT25	0.940898017200127
OR10A6	0.940724897792539
CEP152	0.939334051897864
CNOT9	0.939280624254493
SRA1	0.938921211930255
CCDC15	0.93874268507917
PALD1	0.938411239210991
TUT1	0.938374484027811
NGEF	0.938316624468065
ICAM1	0.938172647873654
LTBR	0.938125786649235
ATP8B5P	0.937404536309011
EPC1	0.937267702611135
CDC42EP2	0.937167654877071
GUCA1B	0.936559059206204
FTH1P23	0.936125505085829
C11orf87	0.935629883511736
CHMP1A	0.935504659230191
ZNF286A-TBC1D26	0.934928773046528
MAP2K1	0.934814228535084
ZNF385A	0.934695710997031
MANBA	0.934374699650575
EAPP	0.934051518734828
CACNG8	0.933107505269821
PDE7B	0.932894873727257
CEP164	0.932755490683919
AKR1C2	0.932711881870767
TOM1L2	0.932597628125929
CXCL14	0.932376762577034
BTN3A3	0.932338823075431
XKR6	0.931731633860902
EDEM3	0.931701278233884
CCDC88A	0.931114406806654
CYRIA	0.930905835677492
EVC2	0.930488542421537
CDH7	0.929855686169758
TLCD3A	0.929772664362254
PABPC1P4	0.92954773253162
SNX1	0.92906690790747
NHS	0.929030115825859
CD109	0.928569744114865
PPP1R1A	0.928413014490408
POSTN	0.92816341245151
CCDC66	0.927940914419317
PRKRIP1	0.927208018913597
POLR2G	0.926907221039607
LAPTM4A	0.926774783000823
PARP3	0.9266393674282
IDO2	0.92643693919571
RAB39A	0.926177732697694
MYLK3	0.926000791657102
UMODL1	0.925233932284221
CFAP221	0.924778038106788
RASA1	0.924753728067081
TEX14BP	0.924508788655231
TRIT1	0.924216606024144
SMIM32	0.924207247134082
SOX6	0.923712493789338
HERC5	0.923369777304401
LRP6	0.923175520526436
KCND3	0.923020737281086
ARL2	0.922833618727799
PIPOX	0.922800058409439
SMPD2	0.922713686398871
ATP9A	0.922345427064876
GPR62	0.922244518969165
EFL1P1	0.922095996030192
ADIPOR1	0.92131343216763
SLC7A5P1	0.921068010118738
ZSCAN12P1	0.919886679249278
DCAF17	0.919827416482679
ZER1	0.919343534188251
SEC63	0.919174828098977
SIT1	0.918964330743711
PRSS50	0.918808328870417
TMEM217	0.918707080653235
ZNF623	0.918574984219373
NAT1	0.918431854941685
ADH6	0.918119061359083
EFCAB13	0.917860193836863
KCNJ2	0.917768650815047
ABCB6	0.917705878484498
GNB1	0.917432696826826
PLK2	0.917135337802542
ARHGAP4	0.916953659796369
GNAT1	0.916811628779801
CD58	0.915203493439751
NPIPB9	0.91488264157074
HBA1	0.914088788547378
BPIFB1	0.913750078613308
SLC35F5	0.913732110138306
KCNK5	0.913488772052247
ZNF705D	0.913429487883188
CEP170P1	0.91317450845865
MARCHF11	0.912853071958349
CPSF1	0.912730185418026
SCG3	0.911671305069124
PPP3CC	0.911551229617948
MYLK	0.911497124473087
POTEC	0.910626212731959
TSC22D4	0.910214853540776
GRAMD1C	0.909977777047197
ZBTB41	0.909580531317516
FXYD6-FXYD2	0.908625650469605
HINFP	0.908344082273347
CRIM1	0.908227129985039
HEXIM2	0.908118198726058
SLC22A11	0.90786879967282
THNSL2	0.907628465312558
ZFP36	0.907328991677179
OR2T33	0.907073850448089
MRPL55	0.906713806930728
SETDB2	0.90666662323293
CMBL	0.906533697690746
FBXO41	0.90640882882935
ITGA11	0.906133220157837
NARS2	0.906006532936953
POU3F3	0.90578868316983
SAXO5	0.905518465732636
TMEM17	0.905063745464205
HAUS7	0.904970209839627
LAMA3	0.904784710640643
ZNF321P	0.904373164538754
TAP1	0.904188000416049
IGHM	0.903607345398857
GNG13	0.903337287885731
PTK6	0.903209073275399
AP3B2	0.902975828201483
TAFA5	0.90259262656899
IRAK4	0.902047775646857
PALM3	0.902005946791328
SEMA3E	0.901670100016878
ADAM8	0.901620900596164
EMX2	0.901272011566485
UBE2Q2P13	0.901127747214422
LGALS3	0.900895880332468
LRRN1	0.89967484764833
SH3BP5L	0.899006357362553
ORC3	0.898965755095109
PPP2R5A	0.898623384917394
CROT	0.898259759074259
SERPINC1	0.897457860704378
ALLC	0.896375820699919
PCTP	0.895442321804316
HSPD1P4	0.894960067910676
SERPINB3	0.894873787660293
CDKN2C	0.894805985986313
PSD4	0.894445022617247
SMPDL3A	0.894158796541797
NPY2R	0.893211212795083
GUSBP18	0.892957771156024
ASAH1	0.892655727722996
YBX1P1	0.891862663248711
HSPB8	0.891763153519478
SPINT1	0.891570892489994
HAVCR2	0.891358530710476
CDK11A	0.890873434541863
TBCCD1	0.89082061466308
PCBP3	0.89069658393915
MMRN2	0.89055457330944
GRIPAP1	0.890508752522579
PISD	0.890348537753117
S100PBP	0.890223677081486
PXDNL	0.890137968541813
RXRB	0.890002225901104
AMZ1	0.889869665095493
VARS1	0.889845947863048
ARHGDIB	0.88946338592783
GORAB	0.889330369257701
UNC93B1	0.88868598075125
AASS	0.888645518391268
DUXAP9	0.888555061367294
MTMR14	0.888349307164006
CALM2	0.888019591641398
ITGAE	0.887583694116958
TMEM164	0.887508715990337
SHB	0.887475102186344
FAM200C	0.887275534922334
PEAK1	0.887243375194605
APOBEC3H	0.887186498254056
WFDC13	0.887138744307131
GAS2L2	0.886906833196057
CLCNKB	0.886825518895043
RSPH6A	0.886268077116043
BTAF1	0.885824411978213
PIGF	0.885491896505722
CLEC18B	0.885278064533204
DNM1P47	0.885143839169188
TMEM259	0.88507039901066
KSR2	0.884129478679255
CXCL5	0.882968204296224
BORCS5	0.882911811589251
PIGN	0.882670160626065
TNNC2	0.882451964598925
TUBA1B	0.88160546623881
TTPAL	0.881594228038919
SLITRK6	0.881576062314682
AQP1	0.881475359767049
TMEM191B	0.881384470664162
CNNM3	0.881067770408613
HESX1	0.880873763221285
TNXB	0.88035744011894
GTSF1	0.880342853896654
MPO	0.880286187349382
RASGEF1A	0.880251781706079
TNFAIP1	0.87982154901958
SLC37A2	0.879778598715335
BCORP1	0.879640505296966
HSPA6	0.879534796043047
NPEPL1	0.879053985644573
GNPTG	0.879008410385699
TMEM269	0.878817693517021
MYL4	0.878526617337025
MOAP1	0.878065992762294
FGFR1	0.878000658487512
MAP3K20	0.877595761436803
FAM117A	0.876425423983435
LGALS9	0.87626152269446
NHERF2	0.875828610531113
EXT1	0.875257078978343
OPN3	0.875196958220357
DNAJC10	0.874881235363967
CEP57L1	0.8748128561528
OR2T32P	0.874231054037783
TNRC6C	0.873790485921011
LPCAT4	0.873521205665592
SRARP	0.873215724042753
HPX	0.872506948909737
SMG1P3	0.872347436472128
NPAS1	0.872071800401055
MSTN	0.871723155957749
CLPSL1	0.871319811980893
STRIP2	0.871080997818149
ACER2	0.870696224108907
MSL2	0.8705098919822
ABHD17AP4	0.870123680665754
SNRPN	0.870005700945664
CYB5R2	0.869439370192695
DHRS12	0.869156572756664
AP1M1	0.86896847569402
APOC1P1	0.868898362833721
MYCBPAP	0.868713813273814
SLC27A2	0.868614785863794
GABRB1	0.868337946778032
CLIP2	0.868165394032464
DPF1	0.868126360201924
CLCN7	0.866372367329453
KPNA2P3	0.866193806359552
CASKIN2	0.865941355433884
BLNK	0.865659960741104
NAPRT	0.865226470900083
SERPINA1	0.865225431709793
BOD1	0.864399642513865
KCNJ12	0.863802009518157
TIGD3	0.86377176746268
MATCAP2	0.863195610546544
GPNMB	0.862918068749963
FAM72C	0.862430251544085
ADCY10P1	0.862053122420529
PARK7	0.861582797972014
KCNC4	0.861380809125295
EBF1	0.861122716725758
PTPN11BP	0.86098496166931
USP21	0.860343861084592
STK33	0.86030046576921
BRICD5	0.859334577138466
KCNE2	0.859271477118386
MUC20P1	0.859087877149118
ZNF648	0.858282305548384
PRC1	0.858214918862791
CACNG6	0.85772573166241
HSPA14	0.85771566402718
MOCS1	0.857680596081321
CTSD	0.857335527212445
STK32A	0.856981187628012
MAPK3	0.856863944897512
PACC1	0.856795438773963
COL12A1	0.856600426980285
RAB3C	0.855694800514643
SWI5	0.855693329306575
PTPRN	0.855556001836286
TIGIT	0.85517328266974
METTL16	0.854762147485058
NABP2	0.854479619628007
NPFFR1	0.854041348195372
ZFP41	0.853854985656125
GNPDA2	0.853400926269396
EP400P1	0.853216655000171
CKAP4	0.853044653331458
MACROD1	0.85284621941728
SLC24A3	0.852620639433993
TTC33	0.852549725967762
SUPT20H	0.852428947237949
MGAT4A	0.852066931057389
DZIP1L	0.85206522504874
ROCK1P1	0.851459763969561
IFNLR1	0.851355211613485
SH2D4B	0.851079470200877
HIVEP3	0.850638046203679
GREM1	0.850460904463223
IDH2	0.850257874814946
PSD2	0.84965372065871
PDXP	0.849575022317
KPNA4	0.84946046471393
MC4R	0.849142292490357
SUMO1	0.848991591277836
FYCO1	0.848987018820321
RUVBL2	0.848518523191587
SERP1	0.848083835055216
STX11	0.847931817588628
STX17	0.847926354003108
TRIP10	0.847634362293486
PDE4C	0.847263594435138
CHML	0.846886724789115
NBPF11	0.846766399526751
ST6GAL1	0.846419138836383
L3MBTL2	0.846050101100779
PROKR1	0.845675742801228
DMRT3	0.845109844364102
ACBD6	0.844948871223716
TRIM16	0.844799091850895
LONRF2	0.844660599118027
ILVBL	0.844353529613596
CYB5R3	0.844047992350538
ZNF133	0.843686839586013
ATP13A4	0.843312319530902
PCSK7	0.842928376776678
ZNF384	0.842564770796831
SRPK3	0.842305677761708
DDIT4	0.842238985009131
H2BW3P	0.842216170371833
GOLGB1	0.842045378624861
MYO9A	0.841943670154922
PCDH1	0.841698545275539
KLF18	0.841113332262327
PRRX1	0.840920551829078
SYTL4	0.84066817158096
ABCA2	0.840536522613668
ZNF619	0.840474259090933
ABHD16A	0.840325900330927
HDAC1P2	0.840254117700376
DENND6B	0.839949082278356
GJA3	0.839922634796633
BRD7	0.839818413659208
CXCL1	0.839437003252383
ICAM4	0.839434800330593
LZTS1	0.838858649555325
CCM2L	0.83876553731551
PI16	0.838635320889747
ZKSCAN1	0.838607252101874
IMMP2L	0.838383034267319
RELA	0.838339271262486
EEF1A1P9	0.83791280514325
STX1A	0.837872219028795
BOK	0.837405750637227
MDGA1	0.837049265762231
OR2W3	0.836812472063697
NEUROG2	0.836624815854561
MPPED2	0.836620789847724
INVS	0.836322667326321
ADRA1A	0.83592272682814
GSDMA	0.835513284688679
CRYZL2P	0.835334121090056
SH3RF2	0.835303926098432
MMP10	0.835087928635737
C4orf46P2	0.834732107338992
VCY	0.834314294323232
RWDD2A	0.834039184305896
TRMT12	0.83370367200615
H2AC16	0.833222597683652
BHMT	0.833025523484753
FLNA	0.832691244105222
CACNA2D2	0.832492586310064
BNIP5	0.832227130413411
SP140	0.832131249405709
LRP12	0.831651735010842
ACKR2	0.831612763299515
SRGN	0.83139314321994
OLAH	0.831074135252393
ADAMTS7P4	0.830995582112696
DPY19L4	0.830430002311039
USP35	0.830080295129085
FREY1	0.829995750540038
XRCC1	0.828866573781473
ADI1	0.8286424725231
UPK3A	0.828562281044887
TNFSF9	0.828412273219725
SH2D5	0.82795374378879
ERC2	0.827884159990078
PIGX	0.827600538053273
REPS2	0.827098085676078
CSNK1G1	0.826878166528367
NKX3-2	0.826741605927618
ZFR	0.826625499362145
NIPAL1	0.826399955430111
GJB5	0.826148875418009
CRYGS	0.826083219939013
PPP1R36	0.826003214979342
PROSER2	0.825646583983503
FRZB	0.825564893587001
PPP1R3B	0.824916793141828
LHB	0.824657219007036
KLHL41	0.824653644588691
CMTM1	0.824483258637958
ANKS3	0.824340361079172
EML6	0.824324862268758
OXTR	0.824251834265101
CBX3P2	0.823571123037741
CAVIN2	0.82313142596228
CUTALP	0.82286233577596
XKR9	0.822762332656575
ARHGEF33	0.822756371845631
SOX7	0.82203676944031
DPH3	0.821885241015257
MUC1	0.821812833490165
SERPINB1	0.821720167284682
NEFH	0.821449443905054
SH2D6	0.821152630928319
RPL10P19	0.821098822532667
IL11RA	0.820855753631775
ERP44	0.820839089382427
SLC7A11	0.820343995638508
APOA2	0.820288999755781
SLC25A53	0.820166923261098
ARL14EP	0.819913149328771
ISM2	0.819547132259829
ZNF45	0.819545366034337
ARL2-SNX15	0.819463369933923
CPA6	0.819396125731565
KIAA1755	0.819304108903845
CYP2F2P	0.819214632287733
SCAMP3	0.81918136079583
MASP2	0.818678237248955
PCDH17	0.818659567298561
CPNE6	0.818625780040184
CCDC171	0.818464821151218
LRCH4	0.818290212634847
SMIM20	0.818196015831037
SULT1C2	0.818078505131751
RCL1	0.818039842255884
PINX1	0.816969025294725
POLD3	0.816840489773019
GPT2	0.816745867374956
CPED1	0.816538061472165
ZC3H3	0.816294360113454
TMX3	0.816196981498633
NGB	0.816161401457756
CALML4	0.816019520991617
ERLIN1	0.815807417147033
EDN1	0.815755807498728
GTF2H4	0.815219901489678
HEXIM1	0.815077615929167
MGAT1	0.814756979640036
TRIM61	0.814699402178418
POM121L9P	0.814597583236777
SPATA31G1	0.814388226046533
TCEA2	0.814010487487399
NT5C3B	0.813974880272949
CRTAP	0.813288690279029
EIF2S2P4	0.813203236078988
NR0B1	0.813073934755796
BANF1	0.812906192001293
SNED1	0.812777061630653
CALD1	0.812590312838736
RBM39	0.812256028094272
SLC22A14	0.81203174234621
UROC1	0.811946892011817
PSMB5	0.811112593397628
NANOS2	0.810821662039648
RPS5	0.810813011903618
CTAGE12P	0.810746336449466
RANBP3	0.810171782759073
TRPM3	0.810149723986862
RAB28	0.809566416454042
CNGB1	0.808955618502884
ATP1A3	0.808674430451148
TAFA1	0.808535717052646
VWA2	0.808300535832777
EIF1B	0.808173423159426
TGFBR3	0.807863793294003
ATP2B3	0.807328837751828
FAM193B	0.806207629422235
PTGES3L	0.806133260372539
PSME2	0.805833323638601
MRGPRE	0.805692001079411
TRGV9	0.80524966597836
DNM3	0.804526735438017
CRYAB	0.804224271123229
ATF7-NPFF	0.803953112785566
FXR2	0.803877639028104
HAPLN2	0.80370594521408
KIF1C	0.803624471011476
CSF1R	0.80332829023553
PTPRF	0.802652174187462
DIO2	0.802614513109869
ISL1	0.802583659210234
TMBIM4	0.802384753191209
CH25H	0.802222370007082
CAMK4	0.801892399072207
NGFR	0.801789336974355
GALP	0.801426906375562
PRSS16	0.801173730842188
PCSK1N	0.800959769004845
CNOT6L	0.800695188538283
FCMR	0.800665605242054
CITED4	0.800296111313863
MBTPS1	0.800279673061612
FTH1P7	0.799685107569637
LARGE1	0.799421568336399
WNT4	0.798625354829905
ECMXP	0.798445801889691
FOCAD	0.798390118992905
RAX2	0.798374319805178
SPATA7	0.798156296587311
ENPP1	0.797832384262266
NTRK2	0.797828643883417
NDUFS2	0.797081834034666
TOP1MT	0.796085021715694
RPL39P5	0.795901465322386
JMJD1C	0.795814143098837
FAM78A	0.795421588357084
ACOX2	0.794430616839816
TMEM177	0.794289900450459
RRN3P1	0.794217959021321
CEP192P1	0.793101928759831
COL6A6	0.792805726510786
TMEM37	0.792675021527375
LIG1	0.792581124907471
ACOX3	0.792531258446333
SHFL	0.792495585966981
CBX1	0.792418837109548
GOLGA8S	0.792216296739382
ENTREP1	0.791930256246387
PIEZO2	0.791463374091843
SART1	0.791059073919191
EVC	0.790795478121133
TEX13D	0.790567640598079
FLYWCH1	0.790446799400767
UPK2	0.79019092096949
CDON	0.790045012941373
RASAL2	0.789005045120802
CDKL3	0.788213040180528
IL22RA1	0.787965913883026
BARHL2	0.78760916618934
TRIM28	0.787423873539815
ACSBG1	0.78689129164098
GIPC2	0.786542992373934
NPY4R	0.786394931668167
PROB1	0.786369064585926
TMEM260	0.785787489828925
TMEM272	0.785688935883595
NUMBL	0.785612392455224
CNFN	0.785179324829431
FHAD1	0.784845352460882
TMEM190	0.784547447585412
SEL1L	0.784468049779306
ACAT1	0.783439627746143
SLC66A1	0.783186324143326
ZNF84	0.783145083683186
FTH1P5	0.782545607501447
STX4	0.782467659691353
MIB2	0.782408698936554
NPIPB13	0.782311840987791
CORO7	0.78224457219963
FBXL19	0.782217729936456
GP5	0.781578997742391
KRT10-AS1	0.781142663939933
MAP1B	0.780988753684584
CSPG5	0.780851023628529
BIRC2	0.780568571334432
CLDND1	0.780518003445999
TDRD5	0.78000493810496
OSGIN1	0.779793267870082
TAPBP	0.779528005348583
ATP7A	0.779460970505553
KRBOX1	0.779415844480341
CAPN6	0.779385127854306
POLDIP3	0.77911778627792
RGS9BP	0.778842322973394
PVRIG	0.77870799207471
BCRP2	0.778652842756324
BLTP3A	0.778584215712714
PCDH10	0.778497030927361
ACTG1P1	0.778482842985229
PKP2	0.778361360774492
TMEM242	0.778245492586392
TNFAIP6	0.777748511153562
CCDC120	0.777679673178073
APH1B	0.777570545354108
RIPK2	0.77752036762447
TCL1B	0.777434414846528
RPL34P9	0.77730978957808
PGAP2	0.777216517444757
ZNF385B	0.776849010528269
B3GLCT	0.776696530267976
GAGE10	0.776409205323368
IFT43	0.776183111103021
ZNHIT1	0.776022729844062
FOXB2	0.775996507423879
SOCS7	0.775977751234465
STUB1	0.77594382771445
TRAF1	0.775654909738249
ITPRIPL2	0.775614710050793
NR4A1	0.775312787435752
SHLD2P3	0.775075483190857
NDUFS8	0.775075065129999
TJP3	0.774980795505028
FGF7P6	0.774850112860592
HACD4	0.774605625476187
ACSS3	0.774580150963522
OVCH2	0.774524985387421
GALNT13	0.774137873465006
ITPRID1	0.773545011590956
TAS1R2	0.773379581961021
STIM2	0.773044175932481
EIF3FP3	0.772770909740554
CALR	0.772577905054867
SUCO	0.772568952669366
NRN1	0.772547351960904
VTCN1	0.772300982280908
BMP4	0.771790897715747
WDR81	0.770808865732061
MUS81	0.770262082998581
CSRNP1	0.770123847449299
EVI5	0.769972176375041
UBBP4	0.76960415255547
PPP1R3D	0.769454204982547
HBS1L	0.769448930912888
RAP2CP1	0.768969611593091
WDR19	0.768874731006862
C5orf47	0.768708893932097
NBEA	0.768571301345548
SLC6A1	0.768522478608675
ELP4	0.768385368135399
PSMD8	0.768243826377917
NPY1R	0.768106406071903
TJAP1	0.767746132197069
CNTD1	0.767736552437821
TSPAN3	0.767283998291957
TSPAN31	0.76691699265311
CMTM8	0.766768878925849
TAB1	0.766665890116734
LGALS1	0.766563543986591
NKX2-8	0.766212726678038
CCDC68	0.766019669505591
RBM3	0.765767348930719
UQCRFS1P1	0.765757182670887
FLAD1	0.765133832524712
RPL7P39	0.764920325149569
PCDH8	0.764773351738494
SMIM45	0.764449928565543
MCOLN1	0.764141617151609
TNIP3	0.764062655675571
FAM149B1	0.763905019745834
TRIM15	0.763892733542331
CEP72	0.763825279639525
OAS2	0.763763113475427
SPHKAP	0.763698892403993
INMT	0.763485171966685
BICRAL	0.763187929501003
CGB5	0.763183368898495
TRPV6	0.76301074927366
MVK	0.762806812549344
TRIML1	0.762713456480303
CNTN1	0.762402064044888
ZNF503	0.761897107049999
MEIS3P1	0.761816758011693
PTPRG	0.761257853700378
DPEP3	0.761007076982193
SLC16A13	0.760792529983722
H2AC21	0.760775256199246
SNX29P2	0.760769605500607
MLH3	0.760681442456153
RNASEH1P2	0.760425142312127
SLC4A9	0.760072298485076
NCF1B	0.75999232509084
TUBA1A	0.759861322964983
GOT2P2	0.759777105011669
FUNDC2P1	0.759511543053867
HBG2	0.759388444437184
MED15P9	0.759139026844507
KMT2D	0.758939631583433
MAF	0.75888372779621
GEM	0.758576794760328
SLC41A2	0.758133700594219
PSMC4	0.757918889967176
SIK1	0.757740088946208
TADA3	0.757553560878582
PLA2G4D	0.757448209036629
PLA2G10CP	0.757290354411736
PSMB4	0.757205576858806
HMGN1P37	0.756887876431171
LARGE2	0.756849305484451
BPTFP1	0.756841231381126
ELOB	0.756812294621212
RGPD4	0.75642336275582
MED10	0.756133151331399
GPR146	0.755977357456639
FNDC1	0.755916742548233
NEK2	0.755774342613422
MDC1	0.755752240716483
PRKN	0.755677389539748
B3GNT3	0.755378201773111
STARD3NL	0.754868755344352
UGGT2	0.754864733734743
SAP130	0.754828270647036
C20orf96	0.754145652502965
SPG7	0.754063853260119
NANOGNB	0.753774730964709
TULP3	0.752737003537627
GNAI2	0.752735586349241
CD93	0.752729416443304
LDHB	0.75270448082897
CCDC63	0.752363614666072
APOL4	0.751734762126252
GNAZ	0.751171114739249
PARP1	0.751025311838432
KIF22	0.750732355019909
SC5D	0.75040679435284
KRT77	0.750332488769193
FAM201B	0.750223960273945
PRR19	0.749210261468237
UBR2	0.749192134188766
NEURL4	0.749108108609074
IL12A	0.748860412352755
PROSER1	0.748770757809272
ASTN2	0.748641876332628
PAX8	0.748357300377485
NMNAT1	0.747900200953237
FNDC11	0.747739429437835
FOXJ3	0.747349440868884
RAP1GDS1	0.747292438394535
GUSBP14	0.746751275703919
ABCF2-H2BK1	0.746672817912682
DMRTA2	0.746138702581163
PEBP4	0.746007079077878
CHP1	0.745202428303159
EXOSC7	0.745070105826111
TTC22	0.744897150817507
KCNK2	0.744297914974418
ARHGAP26	0.744272001103714
PARVA	0.743810602829004
COQ8A	0.743384023483702
TRPM2	0.743376111180435
CHCT1	0.742429897570187
EPB41L2	0.742231903139008
RELN	0.742011098901785
UBE3B	0.74181621375492
WSCD2	0.741589862665099
GRAMD2B	0.741433272796459
LSM10	0.741119940489143
NCKAP1L	0.740878491387229
NTN5	0.740633850412978
TTC23L	0.740521337265643
HIP1	0.739049211964422
TPGS1	0.738974042478707
TAS1R3	0.738435668380948
RNF103-CHMP3	0.738315290989523
ALOXE3	0.738188158754559
FITM1	0.738127064801136
FJX1	0.738097220328998
MCCC2	0.738074656797137
HUWE1	0.737876649626114
MAP3K10	0.737777162117452
NWD1	0.737775792789137
MTURN	0.73740725628915
CHPT1	0.737210247946681
TMEM209	0.736799136045832
L3MBTL1	0.736673656474334
NSG2	0.736508816267692
ZMYND10	0.736130922390205
BCL2L12	0.735792192291776
RBM24	0.735680889143557
FTLP12	0.735617186169955
ABHD2	0.735545588227854
F8	0.735060011964076
PARD6B	0.734737019910706
COG1	0.734725895989569
NPIPB2	0.73431705351359
LRRC37B	0.734197789462175
TSNAX-DISC1	0.734144025571238
C1QTNF3-AMACR	0.733771539031161
RPL21P87	0.733654074582801
INTS9	0.733438941589863
IGFBP4	0.733350657258363
VPS52	0.73307979008187
KLK14	0.732623788364144
LCP2	0.732250189072762
TCAF2	0.732089846479565
TRIM58	0.732083611867788
ARL2BP	0.731962944023678
RPA1	0.731539016620749
COPS7B	0.731232872031757
NUDT16L1	0.731222042957184
GTF2IRD1	0.731127389499448
ACTG1P17	0.731038219501759
SPG21	0.730790838894255
ATP8B3	0.729690523078348
SOCS1	0.729082130901091
ANXA8	0.728932513187859
ACAD8	0.728856165963471
GLT1D1	0.728527802945422
MSRB2	0.728101344196148
ZSWIM1	0.727776216607277
ALG3	0.727774149844093
ALCAM	0.727770742001486
CYP1A1	0.727418412553961
SOCS5P4	0.727298122125414
SLC9A7	0.727215879658643
GALNT12	0.727124547785836
FASTK	0.72655917266397
DRC12	0.726118474768479
FBXO46	0.725503358727366
FER1L4	0.725001064601174
ZMYND12	0.724934259752388
AFP	0.724877585292902
PPP1R12A	0.72419626319952
TMEM59L	0.723794721778903
SDC2	0.723671001990694
RBM8A	0.723392445030248
SLIRP-OT1	0.722740305007906
SEC13	0.722635911753675
GTF2H2	0.722418666585648
PLGLB2	0.721944124065641
XPO1	0.721791109494242
WHAMMP1	0.721374985644498
LRRN4	0.720868383173646
ROBO4	0.720329817275905
SH3TC2	0.720222455195585
ETFRF1	0.720030881540643
HEBP1	0.719910902286362
UBQLN4	0.719534104018364
MRFAP1P1	0.719468755563399
PTN	0.719015783176534
RECQL4	0.718885471870091
UBE2V1	0.718819959650427
ALPK3	0.718795643661102
RAB1B	0.718606911147821
FGD3	0.718586568427418
ECM1	0.718480117115406
JAML	0.718226056490239
SLC38A6	0.717441103389737
ABCB11	0.717338500710811
AREG	0.717310971168292
RHCE	0.717296298126537
TP53AIP1	0.716833926883767
PGAM1P5	0.716758434707551
SLC25A23	0.716700726292435
TFPI	0.716494871374115
ANTXR1	0.716435584755297
PKIG	0.715766975802293
KCTD20	0.715549865028838
RPL15P11	0.715158849014788
FAM238B	0.71425166385584
CDH24	0.713076601872305
NID1	0.712297267964543
ABHD6	0.712055712248095
ACP6	0.71195392485361
ADAM11	0.711297542696797
TEKT5	0.711257740028446
FOXA3	0.710799048514679
SCIN	0.710746607890186
METTL17	0.710432122585903
EMC9	0.710390654092311
ALG1L7P	0.709682889282731
EDA2R	0.709074422034215
FBRS	0.709039043608821
GOLGA6L10	0.708742267890929
OTUD6A	0.708643810072887
FGF9	0.708535912690841
LIMA1	0.708193254646752
SDR39U1	0.707975796122656
ZNF800	0.70747369654634
CFAP410	0.707390499972963
GPR35	0.707248443525305
GDF10	0.706943093051446
LAMB2P1	0.706048650851002
ESPN	0.705949634904656
FAM98C	0.705709441532707
CGRRF1	0.705680583062583
ACACB	0.705550907668921
RTN2	0.705227319625066
DENND2B	0.705127703931215
SLC6A8	0.705009580051728
XAF1	0.704732039796297
YTHDC2	0.704463613414329
LINGO2	0.704101016452115
ANKRD40	0.703184304831396
FGFBP2	0.702994128350867
TBX15	0.702481447973349
GRIN2A	0.702411060066692
RIMKLA	0.702396721871916
IMPDH1P8	0.702222591954853
PLCB4	0.702149613441941
PGRMC2	0.702115192584123
SSR2	0.701928092305074
SPIB	0.701901693528974
B3GNT8	0.701838690956897
DLGAP4	0.70160770040221
TMEM132D	0.701158220771957
CCDC24	0.700680260159151
ABCC12	0.700596490406524
ODC1	0.700273379160204
ALG12	0.700237760331101
PIP5K1C	0.700052271194497
MAPK13	0.700037988082862
ALDH16A1	0.699903823980074
PIK3CA	0.69985234715187
CAPSL	0.699751366675491
PTGER1	0.699034124209471
SLC25A41	0.698352314721426
ANO1	0.698199613551745
WDR17	0.69799160815313
HACD1	0.697496569331165
TMEM219	0.697327354893635
TVP23C	0.697166125041213
MAGED1	0.696094169705668
MCIDAS	0.695979591761605
MZF1	0.695501874698921
TNFSF12-TNFSF13	0.695072793629785
SAMD14	0.694126020985612
SAR1A	0.693248071274594
STRC	0.692708619861398
SPAG9	0.692513842263607
STPG1	0.69119584546317
MFSD2B	0.690995825741139
CD300A	0.690711300425496
AREL1	0.690503643271582
CABCOCO1	0.689661388799939
HYCC1	0.689641203321093
DLX2	0.689598166046269
ARRDC4	0.689382002373725
CHRM2	0.688489726234073
PLXNB2	0.688251165857446
RAD9A	0.687797034415325
ARPIN	0.687613285575427
ZC2HC1A	0.687364229251001
PHC1	0.687046064185578
CKAP2	0.686425724249293
VPS13B	0.68634925699213
ANXA6	0.686247480578497
TAF6	0.686203419059894
TANC1	0.686131236471766
KLF7	0.686088544853187
RRH	0.685916872015037
ADPRH	0.685779739799414
TMOD1	0.685673962292999
BIRC7	0.685581936576651
PCDHB6	0.685098072435189
TTC4	0.685077336664163
KDSR	0.685068762385242
ZNF143	0.684345302122755
NKX2-6	0.684252000174495
KCTD19	0.684043065232461
ZC3H8	0.68400684238643
DRD5P2	0.683992271060092
RPL6P30	0.683685302454972
SMTNL2	0.683636377732691
LTB4R2	0.683576619505069
ADGRL3	0.683514146115429
PHLDB3	0.683372367970039
SNORC	0.683057888378021
PMPCAP1	0.682237224522062
CCDC40	0.682047837758067
SMG1P5	0.681949283102848
MDH1B	0.681887179827436
NFATC4	0.681821765904789
PRSS27	0.681660864395031
SSR4	0.681237473445861
E2F5	0.681189665575963
SDF2L1	0.680465416385497
MYBL1	0.680257257069524
AQP4	0.680174909840037
SS18	0.679976452069042
MAP2K3	0.679813049458215
C3orf33	0.679747299493798
LETMD1	0.6797240083828
PCDHA12	0.679639774549648
BMS1P23	0.679512196068346
LRRC37A4P	0.679303976025067
DNAI7	0.679105884384928
CCR6	0.678946024025822
KCTD10	0.678774165021849
ALAS1	0.678747908232056
BSPRY	0.678461361644551
PTPN23	0.678427402373054
HTR4	0.67813257569342
GABRQ	0.676852866771228
FCGRT	0.676757397791998
SERPINH1	0.676718085586723
THADA	0.676570085299154
YES1	0.676252053739323
SKP1P1	0.676230227068851
FOXJ1	0.675966809354362
BCRP3	0.675734442895953
TTC13	0.675086446742228
WNK1	0.674940119946775
CYP19A1	0.674799439909014
EBAG9	0.674179180219206
TMEM191A	0.6741778227051
MITF	0.673886845260128
TCEAL4	0.67383208897255
TMT1B	0.673612467411249
DNAJC12	0.673544654870219
CPEB2	0.673503139755262
SLC6A12	0.673422594119298
GANAB	0.673245117255263
LIN7B	0.672719519201575
DCPS	0.672171740514969
RBM15	0.67190795204167
GARS1	0.671167718563867
FAM20B	0.670623127910513
SPACDR	0.670534316198658
MSMP	0.669759620415576
ZNF546	0.669161020783204
TESC	0.668945136099433
PTDSS1	0.668376843428412
AIM2	0.668226517858939
SPATA33	0.667833606901463
BRD2	0.667649058935924
TMEM35A	0.667620839176291
PILRA	0.666852742785361
TERF2	0.666478068108241
CEP63	0.666420627412766
WFDC21P	0.666182786893086
TM7SF2	0.665994092123628
KRT7	0.665679134413753
CXADRP3	0.665271931929885
NANP	0.665026197713616
ADAD2	0.664872240259922
CFL1P1	0.664546525875948
CDKN2D	0.664265749568173
S100A9	0.663376228704921
METTL8	0.662641465646297
IGLV1-51	0.661924713684634
ZCCHC18	0.661829802202606
PAQR7	0.661789998872936
NXF2B	0.661656388704286
CDC42EP1	0.661526221323338
PPIH	0.661468228243459
ARHGAP32	0.66128264444149
AGMAT	0.661201948049734
MYOG	0.660994723991387
NOP2	0.660985960200051
ARL10	0.660940305037661
DIPK1C	0.660818932813369
MTERF2	0.660738859850258
AZIN2	0.660092094384464
ZNF219	0.660034294328707
ATF4P2	0.65993721130018
PSIP1P1	0.659661387159418
TTC39B	0.659403549178992
FXYD2	0.659007361954106
ADAMTS8	0.658755564553124
LAMP1	0.658741830121211
OR7E7P	0.658692348103476
GRK7	0.657727715995247
TSSK1A	0.657698960969308
VASH1	0.65738419040734
TFB2MP1	0.65729593639083
ADGRD2	0.657274168895405
PGGT1BP1	0.657039775841641
AKAP10	0.656719984530282
SEMG1	0.656368906617655
STK36	0.656148733421041
BACH2	0.655711864474497
WBP1	0.655504882330063
TCP11L1	0.655222246221356
CRYZ	0.655218912201238
GUSBP15	0.654968855949527
C1orf167	0.654825761742189
PDLIM5	0.654710515549502
KLHL40	0.653461109391798
GLCCI1	0.65309806101988
GOLGA8UP	0.653095915925526
PEX2	0.651266010444311
SLC17A8	0.650809653398368
CCNI	0.650791869121154
SLC2A9	0.650773750518484
CEP55	0.650171219412868
AKAP13	0.650000218431179
ABCA7	0.64965477338022
AQP11	0.649652763922168
LCORL	0.648896522049965
ANK1	0.648796499881795
CLN3	0.648598164478943
SKP2	0.648384126434983
POLR2I	0.647305442269694
SERP2	0.647303223118271
PDCD6P1	0.647040854184548
SEC61A1	0.646713163148013
ASB12	0.646616860427946
PRG2	0.645587500355897
CDS2	0.645562450485261
CBLN4	0.645489561894852
SNAI1P1	0.64518300142755
DLD	0.645116871176975
TMEM168	0.644974541632153
GUSBP13	0.644308182215835
SP6	0.643814962738523
MARCKS	0.643607137201418
GUSBP3	0.642931151462339
C2orf88	0.642873397930453
DCBLD2	0.642789274486342
TRIM39-RPP21	0.642671225587131
ZNF22	0.6425863385257
AGAP10P	0.642299625095393
HS6ST1	0.642088159639278
HINT2	0.642081070504772
SMPD3	0.641576412661188
RUSC1	0.641360115238016
KYNU	0.640879922098372
ST13P15	0.640807285419375
RABEPK	0.640608120089928
PITRM1	0.640551940671256
SSBP3P1	0.640397113396904
SMPX	0.640364791397028
GLIPR1	0.640227794618026
ATG4C	0.639976582314325
HSPB7	0.639880933754298
ANAPC1P2	0.639620585122378
VAT1	0.639583751767576
SCN3B	0.639324248161897
DELEC1	0.638982946277458
RAB44	0.638923439189119
SNX32	0.638780613849676
SRRM3	0.638278732726741
PEX11B	0.638195558605325
S100A2	0.638160429206887
XPNPEP1	0.637372730020166
KCNC1	0.637195182495161
ABTB1	0.637166557921653
INPP4B	0.637125485982109
KCNRG	0.636718285749814
ANKLE2	0.636319488942401
KLHL33	0.635962860879368
DYDC2	0.635124660996054
HLA-E	0.635030448531753
FSHR	0.634795828234885
KLHL28	0.634732018001736
ASB9	0.634719258481487
EMID1	0.634609944878079
TMEM43	0.634420536108534
OXSM	0.634278977869934
RSAD2	0.63389449837201
SCHIP1	0.633806807499787
TRIM6-TRIM34	0.633802480768961
DGUOK	0.63360131260032
TBC1D3L	0.63317457900212
SLC15A4	0.63313701725672
GARIN4	0.632735229114873
MICAL2	0.632659025506944
ORMDL2	0.632370453469733
GLIS2	0.63140961116634
GTF3C1	0.631014626845987
TIMM23B	0.631004654187524
HS3ST2	0.630534361650591
PTAFR	0.630325204136782
MEMO1P1	0.629918552674121
YWHAEP7	0.629822756291279
SOWAHB	0.629727326847636
GPR158	0.629613739856867
SLC4A4	0.629519503432271
RNF175	0.629461765123366
ARHGEF37	0.629072447953569
MYL2	0.628954111817882
SGSH	0.628945068804879
RNF8	0.627881369183679
ANKRD33B	0.627849157708055
TMCC1	0.627840993389151
HMGN3	0.627623047592784
TRGC2	0.627489224900094
NDUFC2-KCTD14	0.627353146756655
TNNI3	0.626875749602764
DCAF13P1	0.626865304213853
FAM171A1	0.626516730300704
PSTPIP2	0.62625107287
SLC35A1	0.626214068290193
MTPN	0.625652508603236
ZNF813	0.625344607274629
OVOL3	0.624826306157194
SLC25A26	0.624621976762904
SHLD2P1	0.624613842441875
RFK	0.624564290983087
PDE1C	0.624318804341981
BCAR1	0.624032920377563
GJB2	0.623886104236751
MAPKBP1	0.623819282572496
CKMT2	0.623414008375435
CDRT15P3	0.623367316806754
EPS8L1	0.623303286048023
PPIEL	0.623164036221303
GPR155	0.623160892491445
GOLGA5	0.622891099750579
CNTRL	0.622839881151455
PDE3A	0.622713856428845
PSAT1	0.622684196041293
PDIA3	0.622598102705911
PRR14	0.622420671636808
UFD1	0.62183344193325
LTA4H	0.621830737633225
TCN2	0.621581613135473
CAPS2	0.621482516075333
C6orf52	0.620565527758847
ZNF76	0.620076434437949
KRT17P6	0.619835053588869
FERMT2	0.619728502330221
THUMPD2	0.619642048520526
BOLL	0.6196081146479
CLK1	0.619225126023777
DMGDH	0.619202204204916
SPMIP5	0.619134272072906
EHMT2	0.618383791613399
MAPKAPK3	0.618314429375524
LINC02898	0.618211557212822
IMPACT	0.618168212027241
TMEM79	0.61813878490971
PAPLN	0.617944996066923
TPT1P4	0.617777958905301
ACOT12	0.617736191734725
GMPSP1	0.617594149353768
STAR	0.617571497935808
RPS27P3	0.617552076065078
PCLO	0.616676571881633
LAG3	0.616662076337371
ITGA1	0.616472747955099
AKIRIN2	0.616404577564007
TMED7-TICAM2	0.616319133360016
SLC49A3	0.616259902351582
ZNF449	0.616250886234983
TRIL	0.616187251754261
CCDC136	0.61618107662011
GPC6	0.615746890520602
PKNOX2	0.615551526044541
SLC35G5	0.615348111154873
EFEMP2	0.6148133998447
HHIPL1	0.614584842944784
KRT17	0.614350843719283
TMED10	0.614106948313707
CNTNAP3C	0.613924977309217
C16orf96	0.613424871884712
ANKRD17	0.612951102556627
ACOT9	0.612473071442781
TRIO	0.612427959492121
CCDC102A	0.612390944582009
ELK1	0.611991287928984
H2AC7	0.61198385643246
HDAC9	0.611979311145484
DNAJC13	0.611758144711199
CROCC	0.611753214595516
H1-4	0.611601772876246
BTD	0.6110539246407
GXYLT1P4	0.610507017245423
ROCK1	0.610418696546019
CSTPP1	0.610224865750493
ELOVL4	0.610166841103687
CEP131	0.609911256778652
PBX2P1	0.609614548260553
UFC1	0.609433640608083
CFAP107	0.609264808141572
ZNF559-ZNF177	0.60919059164631
ADAMTS20	0.609156054958759
TMEM222	0.608828985197775
VIM	0.608801247849942
MXD1	0.608510269966081
SLC38A8	0.608307109562301
ATOSB	0.608261717995777
SYNGR3	0.608071773018856
RSPO1	0.607948907650315
SLC8B1	0.60748116741876
TRGV3	0.607196617585159
TBC1D3D	0.607049313025206
SHARPIN	0.606775287492906
AVPI1	0.606774671718155
NDUFB11	0.606760291813609
AHCY	0.606510984464073
ZBTB48	0.606145874692883
NRP2	0.605782773044589
ANKRD61	0.605706980854677
RAB25	0.605476789501341
SNAI1	0.605444884059803
RPS27AP16	0.605314065938775
EIF4EP2	0.605174079873547
GABBR2	0.604577892110478
RSPH1	0.604271519300147
MIIP	0.603971220355135
NUTM2HP	0.603931162439114
SBSN	0.603858054389273
MXRA7	0.603818711995957
UXS1	0.603784378889518
EEF1A1P13	0.603085038397458
IPO13	0.603013752455459
ANKFN1	0.601465251884027
SLC25A43	0.600886587321955
FAM167B	0.600744362528352
SMIM38	0.600533792918486
RGPD1	0.599753597411231
HES4	0.599718866355049
OSTC	0.599363007548839
MADD	0.599290308017602
IMPG1	0.599236071619023
UBQLN2	0.59882061016263
GCH1	0.598802147546624
TCEAL3	0.598731195682976
NHLRC4	0.598468387208813
TMEM170B	0.598373350017659
ATP6AP1L	0.598206502977218
CSF2RA	0.597960006033767
RILPL2	0.597436837467059
SPATA31A3	0.596757164493996
GBF1	0.596748599818944
ANAPC1	0.596370693288577
CCDC144CP	0.596327807487597
PRAP1	0.596279536115335
GNG3	0.595682104524981
IRX5	0.594981158835209
SEMA4B	0.594941672229405
IL17RE	0.594472967388928
ZNF274	0.59426527967702
MASP1	0.594245414416452
REG1A	0.593985380516231
SSH1	0.593823506262291
PIM3	0.593656653649541
CYB5B	0.593508297705715
MRC2	0.593024697163844
MTARC2	0.592877687256348
MEGF8	0.592773738610814
EFNB3	0.592455374881209
ULK3	0.592066839443061
PTPN4	0.591817635572097
FAM90A26	0.591715732815109
C1QTNF4	0.591504718570856
KCNMB2	0.591355083506951
NPIPB4	0.591166257577145
CCNB1IP1	0.590724411086196
DTNBP1	0.589927010883061
VWA3A	0.589544234128341
CYP4F11	0.589495772255698
SLC26A8	0.588694527566657
IGKV1D-43	0.587966937902152
ZNF592	0.58763113964618
YIPF5	0.587177064727376
GYG2	0.586873643311686
FBXO5	0.586537762341011
ANKRD20A19P	0.586281171076754
NKPD1	0.585089951968229
SLC25A28	0.584851160526164
CUL9	0.58475346661298
RPL15P5	0.584314023920803
BIRC5	0.584181103810683
C8orf48	0.584168812254338
STOML2	0.584166925316361
TMEM30A	0.584156038114442
ATM	0.583914523726443
LRCH1	0.583888113969443
TUT7	0.583537779004212
KIF19	0.583230750967651
GYPC	0.583213749538801
DUSP15	0.582774239442591
MFSD4A	0.582685486069646
KRTAP13-4	0.582465143113718
ABCC11	0.582291820607918
GCNT4	0.58228293188615
PTPN1	0.582166606892572
SDR9C7	0.582064694317606
ZFP64	0.581928295139355
MST1P2	0.581888115558439
STBD1	0.581619429987893
DDR1	0.581422262366031
CC2D2B	0.58122985053132
NCAPH2	0.581034252477224
NFE2L3P1	0.580960205265426
FAM43B	0.580653798479462
RER1	0.580551166353376
C8G	0.580074559646117
LYPD6	0.580068066786692
OAS1	0.580049734507692
RPL9P7	0.580025445078277
HLA-DRB1	0.579862530604931
SEMA6C	0.579425653748176
AK8	0.57910689815547
CSH2	0.578727505200013
KDM4D	0.578586136993606
NMRK2	0.577609765238329
GREB1L	0.577313432313967
C1orf56	0.577289822107561
TTC8	0.577151629416329
ADK	0.576670502418413
FAM227B	0.576571420162527
ZIM2	0.576259130251467
MTA2	0.57602166539346
MAD1L1	0.575623501151081
CXorf49	0.575149589054412
IL10RB	0.574985833462707
GJC2	0.574949995810989
HNRNPUL2-BSCL2	0.574661972439652
TRBV26OR9-2	0.574013398906105
GOLGA2P7	0.573881099722498
ENPP7P2	0.573786015635504
SOAT1	0.573327722550964
RAB4A	0.571988408140151
NFS1	0.571777833719966
CD320	0.570346546945034
PFKFB1	0.570127199913683
ZNF56P	0.570032257927618
EIF3CL	0.569877288507159
RHOBTB1	0.569175259367605
MEPCE	0.56910149014694
RPSAP41	0.568860359746419
SOX9	0.568832847847766
ARMC9	0.568659856098768
SLC45A4	0.568478733031066
TMEM100	0.568396112611608
PNCK	0.568325070256707
MBD5	0.568252086274291
FRG2C	0.568073688052905
ARL4AP2	0.567683122773724
SGPL1	0.566648416491549
DHX58	0.566410261892868
NTNG1	0.565844739355158
ATF4P3	0.565592003282336
ATF5	0.564477377212649
ITPKA	0.564405343400603
USP6NL	0.564400637141704
CA14	0.564268810425988
TCF7L1	0.564252446860774
ENPP7P15	0.564094639715391
ACYP2	0.564064050510098
SLC12A7	0.564046268277752
PANK4	0.563752462189809
MPDZ	0.563694310727543
TPP2	0.563393211283109
ARMC3	0.563184148832065
FAM86B3P	0.563173984309677
GFAP	0.562572244316483
ARPC2	0.56206716563022
BTBD19	0.562055613622092
RPS20P14	0.561932559267029
LRRC49	0.561791575339652
PCDHGB6	0.560857227766615
GBP1	0.560853580079109
ATP6V0C	0.560754981109884
RCAN1	0.560550191864201
TRIP4	0.560526670820315
EPM2AIP1	0.559823166078697
EPHB6	0.559443116403185
BCKDHB	0.559260759320333
SPATA31E1	0.559096690572309
C8orf58	0.559045540171456
SETD9	0.558977266521593
H1-5	0.558916324246433
TREH	0.558870978493955
ATP4A	0.558464852993294
SNRPEP4	0.558374163887421
TACSTD2	0.558351305979865
MCFD2	0.558153214643204
SLC31A1	0.55809710133755
F7	0.55724058642249
TRIM59	0.55713551776927
PHF6	0.556977125865974
TSNAXIP1	0.556572324215337
SNX18	0.55635286423222
SCMH1	0.556215972542889
SYT3	0.556049447835662
ATP10A	0.555883961429447
OGG1	0.555516433937643
PTPRS	0.555467684514972
NUTM2E	0.554829643693011
FZD10	0.554654987254662
PF4V1	0.55465397991425
UBE2E2	0.554385898147672
VDR	0.554363104956033
HMGB1P35	0.553754216114941
GUSBP17	0.553670599345677
SERTAD1	0.552604727245235
LINC03042	0.552513877488348
FNDC4	0.551996376028027
MYMX	0.551657824482633
PRUNE1	0.551562802089935
SCAMP1	0.550918908494933
GATAD1	0.550405409298546
PPP1R9B	0.55023859592121
ZNF362	0.550172590956643
ZSCAN30	0.550084403227653
KLHL3	0.549967867812035
CTSLP1	0.549828047197106
TAS2R38	0.549827895373348
NUDT12	0.549737315742699
TAMALIN	0.549644668257573
SNX18P7	0.549249557056409
MED8	0.548829269521169
TERF2IP	0.54868931343458
RPL13AP11	0.548678633430452
ALG1L9P	0.54826692366429
HERC2P5	0.547680572893838
MED21	0.547264583863897
NFKBIZ	0.547066768458367
GNB5	0.546961413049117
KCNH8	0.546650062663898
SH3GL1P2	0.546646190638392
MFSD10	0.546549679147373
NMT1	0.546231584855918
C11orf16	0.545940971012187
C4orf46	0.545916848387042
LRRFIP1P1	0.545767482161668
PWP2	0.545253514606733
BMP2	0.544912606836456
IQCA1L	0.544562725336465
HIBADH	0.544493371677363
LYRM1	0.544432360030683
DMAC1	0.544382116334412
GIPR	0.544150580946208
FAM133A	0.544060271772792
SLC38A7	0.543869300414141
ZNF575	0.543764256115497
SLC7A4	0.543668549404559
HRH4	0.543333470246408
BTN2A3P	0.543082204243638
CAGE1	0.543015874333948
TRARG1	0.542802247467017
HPN	0.542379453471794
TRIM4	0.54231597783635
DENND11	0.542243683478292
KCP	0.542235171838924
HOXC13	0.542214950275032
C11orf68	0.542191160425973
CCDC149	0.542146144530793
CHPF	0.541986697036879
RASGRP3	0.54160809255962
PTPDC1	0.540741813891046
GSDMB	0.540711585017715
H2BC13	0.540670412452408
HS6ST1P1	0.54041514442796
KCND1	0.540183683369071
RAD9B	0.539890508972593
ERF	0.539602675816575
MMEL1	0.539088911029434
CORIN	0.538952167764177
KRT16P3	0.538831485119709
DLX1	0.538686760638669
LHCGR	0.538148313010124
KCNMB3	0.53794084382711
EML2	0.537781653576892
TNPO3	0.537706791957081
PRSS42P	0.537508057629953
TBXAS1	0.537330509202552
PARL	0.537175262529015
CYLD	0.537071199866666
NBEAP1	0.536929021490185
RABGEF1P1	0.536841700047616
OLFML1	0.535838793467662
DPM3	0.535834660736673
SLC25A40	0.5358319825157
ALDH1L2	0.535765440491819
HEATR1	0.535433899749446
CHN2	0.53535364482719
RNASE6	0.535202901141764
CSF1	0.534883978653127
SRSF6P2	0.534792817673033
PFN4	0.534494668458269
HEXD	0.534354617606305
ALYREF	0.534147660605194
E2F2	0.534009822789986
PSMG4	0.533442685474414
PPIAP22	0.53323998880283
TCP11X2	0.53299462527542
ATPSCKMT	0.532985697550829
SLC4A11	0.53271217775992
TARS2	0.532613377223229
DNMT1	0.532540297441993
CDH26	0.532385569886456
B4GALT3	0.532356753962344
ULK4P1	0.531746989683658
MATN1	0.531626914154064
SLC7A5	0.531473341294757
KLK1	0.531357750004273
PDK2	0.530784191048419
RTL8C	0.530768552773654
MAN1A2P1	0.530761653900069
FXR1	0.530486795193866
SEC31B	0.530396771122298
PTPN22	0.530046711084183
ACIN1	0.529503821050045
XKR3	0.529481331571923
KLF2P4	0.529060103258914
KDM6A	0.529042554178394
PLCB3	0.528978810119017
ZNF669	0.528708355502959
COLQ	0.528370290738722
TBC1D20	0.528195752169856
KYAT1	0.527110512751627
ABHD1	0.527082992528273
ABO	0.527017123275558
ROBO3	0.526771335943942
ZNF603P	0.526644667464339
TGFBRAP1	0.526555215947681
MPV17L	0.526527267529112
GNGT1	0.526012926096077
SLC4A1	0.525813123920962
BCDIN3D	0.525407513277849
LYST	0.525211161830902
PHB1P4	0.524947985533646
ZNF419	0.524932192094805
NR2F1	0.524858327635892
TMEM253	0.524818483084726
PEX7	0.524624998173766
USP17L6P	0.523772049836297
UBAC2	0.523563386020439
RGMA	0.52338210036674
OBSL1	0.523320502112527
CLCN5	0.523289378830074
TMEM40	0.523170805717482
CNOT1	0.523003666830598
RNF169	0.522098953417384
SPATA1	0.522087831372656
SYPL1P2	0.521934775564618
C2CD3	0.521931995469062
GGT5	0.521605249826684
NACAD	0.521383865673307
ANGPTL7	0.521141616975084
SMPD4BP	0.5210017165622
TMEFF2	0.520931673266397
PKMP3	0.520733843366763
KMT5AP2	0.520638127377584
MTND4P12	0.520619773745978
B4GAT1	0.520416397699586
TXNDC15	0.519776121074482
H2AB3	0.519323121903796
TCP11	0.519321079851406
RNASE1	0.519204253936499
DDX27	0.518980003939996
TUBA5P	0.518797895998939
HYDIN2	0.518704619514736
SLC6A16	0.518653358071227
TMEM67	0.518468017435972
ANKRD30BL	0.518360601808818
SEC23IP	0.518078185979722
SLC1A6	0.517905070089659
FEZ2	0.517895619037486
NIPSNAP1	0.517874635161336
LMO1	0.517810222193952
DPRXP4	0.517501845253157
TTC34	0.517212164745609
SPATA13	0.517203478995992
TDRD6	0.516960060439607
SLC26A11	0.516876985219112
FAM187A	0.516344171128497
DNMBP	0.516302733157673
PLEC	0.515769762487755
HCAR1	0.515633229317758
USPL1	0.515629479389664
RPAP3	0.515019371144901
ENO4	0.514658155138023
MYH3	0.513962124455512
STAG3L5P	0.513693958841763
ARHGEF3	0.513143304715108
BRAF	0.513122008235393
HECW2	0.513091750751336
KAT2A	0.512620429434685
KPNA7	0.51249291593951
PPP2CB	0.512127419931519
RPSAP47	0.512027315935259
DDIAS	0.511078929133468
FOXD4	0.510783756219603
EEF1A1P16	0.510716382790037
FOXC2	0.510624865390194
RAVER1	0.510487840027749
PCCB	0.510483105921443
IGLC2	0.509880844154601
CCIN	0.509767981382345
SLC39A9	0.50915874042167
ZFP90	0.508604186796368
ZNF221	0.508571227918838
MAGT1	0.507985667508165
MRPL9	0.507881279366368
MKRN2	0.507709950208307
DPP9	0.507198838546685
KRBA1	0.50669446625811
RNF180	0.506635915946025
PCDHGB7	0.506526380917277
VCP	0.506455012777598
P2RY11	0.506407748917744
VPS16	0.506388704756377
ETV3	0.506288997827157
YARS1	0.506248128581326
VKORC1	0.506202666649944
PRPF38B	0.506132988673663
ENKD1	0.506058994051981
MAN1A2	0.506027724188324
BCAN	0.505924786605886
PTPRA	0.505899884193108
CRHBP	0.505814643025319
TIAM2	0.505779543164291
ZFHX2	0.50568056610412
DCAF11	0.505571022030884
KLF11	0.50547753914607
KLHL12	0.505453684577876
DHCR24	0.505443265571803
COLEC10	0.505363512740598
CYRIB	0.504586512937775
PSCA	0.50443148695927
CNN2P1	0.50440076909154
HSPBP1	0.504155265541616
SLC26A5	0.503878756764729
QPCTL	0.503625214756707
PROSER3	0.503459691016622
ZSCAN29	0.503432980968897
RALGPS1	0.503375498017664
GMFB	0.50279518418627
NSD2	0.5027451946042
TMEM14C	0.502311450080504
SLC49A4	0.501445354916579
ANXA1	0.501414984120721
NTSR2	0.501211520624566
MAP2K4P1	0.50078927330232
TOR1A	0.499892100701428
NTAQ1	0.499736532509886
TNFSF10	0.499341634473347
KCNH7	0.499107709392255
DCAF16	0.498954495106931
RHEBL1	0.498894160389916
ARL4A	0.498808128576
CENPVL1	0.498748567328459
WEE1	0.498741151060809
CLRN1	0.498714118987317
KLHDC7A	0.498697467918745
GLUD1P2	0.498688442761082
KLK3	0.498290268180905
RPS7P1	0.498138128441811
PGGHG	0.497957982710855
ATF7IP	0.497894725449333
CENPBD2P	0.497516798475313
ACP2	0.497269353112468
SEPHS2	0.497207631613929
GVQW3	0.496811746159149
RBM18	0.496700700989854
TLR5	0.496553099676202
C1QTNF12	0.496342852167024
PPP5D1P	0.496315355772916
RASSF9	0.496023363507785
SLC10A5	0.496017309454586
MTOR	0.496007885456876
SBSPON	0.495886332024966
DOK1	0.495768106848907
ANKHD1	0.49571918020448
RPL18	0.49556354091315
TMEM72	0.495525316023726
LINC02210-CRHR1	0.495391162561819
TPR	0.494840369287336
RASSF1	0.494826401670213
TCF20	0.494327424243281
DLK2	0.494057882406826
MRPS27	0.493832830957342
FLYWCH2	0.493748506583862
NKAIN3	0.49330954679082
ULK1	0.49317303482215
ZNF630	0.493154435822576
NDUFV3	0.493012364867755
CLK2	0.492967192389242
TCERG1L	0.492849235318529
ARHGEF6	0.49277377938055
LEFTY1	0.492648148913597
JSRP1	0.49256774100869
MFSD11	0.492515900770889
TMEM225B	0.492466471471266
EIF2AK3	0.492216926523797
NAP1L3	0.492170671095862
PTRHD1	0.491934603182298
PGM3	0.491605997248398
DSG3	0.491128789430127
DCTD	0.490850854216696
SHKBP1	0.49072494696059
PRKD1	0.490559814870934
TMEM74	0.489972570512709
PACRGL	0.489914219774099
SSRP1	0.489890034605156
PFDN6	0.489802984690134
TNFSF13B	0.489119315326145
MFAP5	0.488740187613672
FGG	0.488584003721154
NECAB3	0.48851212255599
TRAPPC9	0.488234485854212
RBMXP4	0.488053307336051
ADIPOR2	0.487986529222859
RAB1A	0.487866755685914
PPP1R12BP1	0.487571695491873
CD86	0.487167512086765
HSP90B2P	0.487011377445481
NSMCE3	0.48693599742659
ZNF496	0.486628284682538
STRADA	0.485869519073522
HBEGF	0.485719753408839
TMC4	0.485713106687554
CRYBB3	0.48557952802128
CFAP43	0.485542269870571
ARGLU1	0.485497285039077
KLHL26	0.485364958389126
AOC4P	0.485327984021927
ATG9A	0.485154386621525
CDCP1	0.484759812312661
CWC27	0.484369045771408
MXRA8	0.48434981348094
VAMP5	0.484194082076288
TPTE2P3	0.484142214461279
TASOR	0.484076901386238
DHX8	0.483970832119885
KLHDC8B	0.483558471910264
ATP6V1B1	0.482972597670453
DES	0.482280417442779
PITX3	0.481397222232553
CHST4	0.481394744810785
KIAA0040	0.481281293526676
RPL24P8	0.481033954018144
KLF2P2	0.480982675914614
NPIPB8	0.480960879048983
FAM95B1	0.480813194681334
TPM4	0.480550655331145
MKI67	0.480178379769975
CHRNA4	0.479922389412351
IL6R	0.479762330893875
ERP29	0.479588718554056
DNPEP	0.479174391453907
EPM2A	0.478791506936523
KLF12	0.478635122237373
CEP85L	0.477707230059502
TAS1R1	0.477555814469221
TMEM183BP	0.477248434343232
RPLP0P9	0.477064339731835
MAP3K6	0.476943537709259
PAK3	0.4769247840295
YY1AP1	0.476567873114295
SPDYE21	0.476161775751533
CFAP184	0.476114868318823
DYNLT1	0.476035778122763
SLC29A3	0.475836438847933
RPS3AP5	0.474792291841986
POLG	0.474347385350657
ERMP1	0.474139837722428
MAT2A	0.474063378259621
ACTA1	0.473727950696645
RERG	0.473448567891375
NDUFA3	0.473395038665198
GALNT5	0.4729489884706
UNC119	0.472857816276353
SPANXB1	0.472831343451589
ANO4	0.472586574032971
HAUS5	0.472447535386448
C10orf67	0.472334054432891
KDM5D	0.472215567005094
SLC13A4	0.472084705381946
CNKSR2	0.471933563626791
CXXC1	0.47189529924702
PDE8B	0.471492240928027
PGS1	0.471297142402199
SH3BGRL3	0.471125853236332
DEAF1	0.471044832548987
YWHAB	0.470507154385457
DYNLT2	0.470403391373781
ALG8	0.470352840707049
PYGM	0.470299808687091
CBX3P9	0.469919557659744
GRIA4	0.469514398910664
PDCD7	0.46938615823602
NANOGNBP3	0.469235728171968
NPIPA7	0.469100532380897
NOC3L	0.469042934003192
SLC24A1	0.468968900526886
OVGP1	0.468239720506731
TAB2	0.468219791259532
PIGM	0.467833442798809
C22orf23	0.467719226037841
GORASP1	0.467408961210243
SLCO2B1	0.467291102719129
GNAS	0.467043914234299
LCN15	0.466513640735854
CPNE8	0.466512374477505
DOC2A	0.466214519474777
MAN2B2	0.466085819694536
RARB	0.465962243938888
GVINP1	0.465919371470177
PTGS2	0.465757105784298
GNA15	0.465514239337136
ALKBH6	0.464898337986108
ARHGAP40	0.464798014888623
RPS28	0.46457227591929
TLR2	0.463933853276859
BUD13	0.463848204106607
RNF43	0.463434077566137
CMTM3	0.463213311722445
CAB39	0.462897124214817
CIZ1	0.462728089167573
IQCK	0.462513081040889
ELF4	0.462290358328875
FAF2	0.462153411922881
CHST7	0.461733977277318
SCAF4	0.460784778263538
EEF1AKMT3	0.4607531637504
IFNGR1	0.460608130864082
ARHGAP35	0.460418676435687
SDF4	0.460215676188701
KATNBL1	0.460094710837207
MINDY4	0.459847420802331
ADRA1D	0.459798698206624
SUPT16HP1	0.45934270190705
CRTAC1	0.459300316349979
TCIRG1	0.459283078076149
PTPRCAP	0.45925304789268
SYT12	0.458947373124441
RGS7	0.458909412818833
CNTNAP3P7	0.457877478200145
ACAD11	0.457798557212813
UBL4B	0.457581809187194
KIF3C	0.457405742155371
RNF13	0.457220029457312
MTMR1	0.457121696450848
SLC6A10P	0.456806100230463
DSG2	0.456609188723434
RPRML	0.456464227057682
SMG1P7	0.456355342886265
CDC20	0.456215625791644
PMS2P7	0.456171285947081
NEK11	0.455954805985345
CTNNA3	0.455859939757686
ANGPTL1	0.455439573391431
CFAP161	0.455275323614751
FOXO3	0.455224518882002
DAXX	0.455145907921806
CKS2	0.454563281859772
CCM2	0.454363678097283
ANKRD2	0.454267652730316
ARL9	0.454233817447684
FAM216A	0.453936316538806
LPA	0.453732837644425
RGPD3	0.453715864375927
LCA5L	0.45312683752172
PADI2	0.453016806538997
CAPRIN2	0.453015532288545
PTX4	0.452723638393284
CYFIP2	0.452684473774633
HADHB	0.452564537266145
DUSP1	0.452399602409497
LAMC2	0.45194752068567
JRKL	0.451852507069491
HECW1	0.451655383786082
GLUL	0.451119046265216
NECTIN4	0.450918698596799
SNRPD2	0.450631016013528
FBXL8	0.449960386386053
HSP90AB2P	0.449855066968733
DLEU7	0.449846353606892
BAX	0.449836973477361
TBX19	0.449833004167698
RPL36A-HNRNPH2	0.449611063600018
PPP1R14C	0.449181791968602
PCDHB11	0.449019454928572
COA5	0.448965561704862
ISCA1P6	0.448759216580217
SYT7	0.448756764147921
WDR37	0.448690026749676
NKD1	0.448600097009472
GSK3A	0.448120575959208
RPL12P38	0.447869017482437
SOX12	0.447798508045708
ALOX15P1	0.447441574820136
MST1L	0.446871150562324
CELF4	0.446768322708035
MYO15A	0.44628503747935
FBXW4	0.446284007506943
DMAC2	0.44584886488726
SUPT4H1	0.445834542717135
FBXL13	0.445778395278832
NAIF1	0.445445652361633
TMEM160	0.445056285516021
TRAPPC3	0.444644203923311
ZNF71	0.443765609147823
FTH1P10	0.443564768800037
P4HB	0.443356077849664
OR52A4P	0.443237817748143
MTMR4	0.44306862115189
GALNT10	0.442974235824126
HERC2P10	0.442954060912865
MYOZ1	0.442947492885494
PDLIM2	0.442731293973061
CDH19	0.441740700618037
DHPS	0.441232343156097
PDE1A	0.440982024472918
SLC9A9	0.440583484544173
TTC17	0.440459797547192
VWC2	0.440421620720167
TTLL11	0.440272012917214
PHEX	0.440077289449201
HSPB1P2	0.439949394097991
SYCE1L	0.439742049603852
CIMIP5	0.43967132013544
FOXM1	0.439372514552511
CIROZ	0.439035241947396
ZNHIT6	0.438980604883195
NPIPB10P	0.438898325542469
RPL21P98	0.438686040371131
SPATA45	0.438482233489958
GTF2IRD2B	0.438465886334102
RCHY1	0.438321280584608
FDPSP8	0.437825873193676
AUP1	0.437241077720033
ESYT3	0.436926384500572
MTND1P23	0.436443797207339
RHOA	0.43620050355165
SYN2	0.436129479574518
TRAIP	0.435909695901033
TFCP2L1	0.435735092954201
JRK	0.435691815002357
PHYH	0.435482031920319
GPRC6A	0.435476415985539
COX6A2	0.43534930600016
IGLV5-52	0.435102826470334
FIGNL2	0.434897071140782
CTXN2	0.434698283558168
SLC35B1	0.434049207392886
ADAM10	0.433615845653119
SETP12	0.433520206191996
TMOD4	0.433392393288156
EEF1A1P7	0.433344028652814
GPR161	0.433066079777055
FTH1P20	0.433049741449031
DCTN2	0.432815103948882
HMGB1P10	0.432781251466277
LIMS3	0.432410475968154
TMC8	0.432047809503539
TRMT11	0.431780271501806
PCYOX1	0.431775573025314
LETM1	0.431515351998451
RFFL	0.431370294890035
DENND5B	0.431307342659315
CLUL1	0.431242214377151
RFLNA	0.431139738399973
DGKA	0.430856488062702
WDR1	0.430389761384532
ARL3	0.430203675142418
DHX57	0.430064608821284
GARIN1B	0.430054350559148
BRDT	0.429876081067989
NRSN1	0.429870993878304
GRID1	0.429844862738287
TNNI2	0.429822051267875
GON4L	0.429755609614
SLC38A9	0.429715527191606
RBM11	0.429689082269929
XG	0.429488658357216
TRIM73	0.429202168482834
BCL2L15	0.428918690759008
IPO9	0.428650098989462
CLPB	0.428356733034992
MINPP1	0.428027654836965
ALMS1P1	0.427887820644523
RPL12P25	0.427727656216702
GRINA	0.427704077372461
DCAF7	0.427645173330082
VN1R1	0.427525555766796
KCNJ14	0.42750262563463
HNRNPCP4	0.427397212881055
CCR7	0.427371350104689
HAP1	0.427294754081645
ARMC2	0.427256218031774
ECSIT	0.427094958250139
TNKS	0.427022161120558
CDK18	0.426565935372432
PSME1	0.426455178631156
NR2C2	0.426244344746505
H4C11	0.426198205311726
TPH1	0.425427681860297
CHST2	0.425350792663723
TUNAR	0.425035738761868
ST20-MTHFS	0.424448803922434
PIGAP1	0.423932322985968
KCNK12	0.423865665751676
SPANXA1	0.423484909550358
VPS41	0.423336503389001
YBX1P10	0.422434091906414
EEF1A1P19	0.421291981211867
MSRB1	0.421263094127654
CCDC187	0.420940600385702
MYL12B	0.420765694695018
SV2C	0.420445056758084
RFX5	0.420231536438835
SMIM17	0.419291961797706
ARL4D	0.418893839360021
CYP4B1	0.418780431581724
HLA-DQB1	0.418489078271868
ASTE1	0.418288296716933
PIM1	0.418261149529531
LRRC20	0.418084610253168
ADAM32	0.41803067478468
NXPE2	0.417957262710672
SIAE	0.417921122101629
CFAP157	0.417642082527789
SVIL	0.417506203120575
LIMK2	0.41733838404697
ZMAT5	0.417215771897919
PIP5K1A	0.417192737051221
TEX30	0.41707111506427
FGF3	0.416916094660947
PAG1	0.416823198031494
GALC	0.416508605056114
ATXN2	0.4163897937545
RAMP1	0.416314436456901
CBLL1	0.415802727195594
SAXO3	0.415769496613455
CCDC28A	0.415761751630881
RFTN2	0.415454498454305
NPR1	0.414980935195094
FBXO17	0.41475821300316
LYPD6B	0.414302273243683
PPM1M	0.41427661843082
HSPA2	0.414025153300726
STAT5B	0.413972691043319
CD226	0.413621677199151
FARS2	0.413544101466192
HSPD1P1	0.41317503867505
LRRC70	0.412860687473936
EPHB2	0.412806222829481
SCAMP2	0.412737325855218
PRPF39	0.412705156697853
DUSP16	0.412641671304844
RUSF1	0.412501566838833
CADPS	0.412409922866546
EIF4E3	0.412012675825549
GULP1	0.411914537185562
STAG3L2	0.411831113756775
ELFN2	0.411478919300414
UNKL	0.411469534626352
ZNF816-ZNF321P	0.411418026186757
SYT14	0.411133729060029
CEP164P1	0.410979647799493
PCSK4	0.41079881283199
NOP53	0.410544895458744
KMT2B	0.410273164480252
SNAPC2	0.410132350291552
RHOXF1	0.410100304377628
PCDHGA5	0.409801043999346
INCA1	0.409790044852262
ENPP3	0.409758040926848
GPR137	0.409507791998258
PYCARD	0.409148079042918
RGL4	0.408892421914552
C11orf91	0.408767271333819
METTL6	0.408690837283687
SGCG	0.408568744142644
GBA3	0.408027923558428
GNAL	0.407892447772171
GLT6D1	0.407884680413688
MAGEE1	0.407813159256442
PODXL	0.407480764951538
POMGNT1	0.407286043166902
DDX54	0.406943498636129
EEF1AKMT1	0.406707562581252
FOXP3	0.406477612339126
ABCA4	0.406085551658809
RPLP0P6	0.404224346965907
BLVRA	0.403897233944238
KL	0.40387958693211
SPPL2B	0.403879039601269
RPL7AP30	0.403852347872104
DBF4	0.403699333048587
RGPD2	0.403587700803219
PNMA8A	0.403528838767029
DAND5	0.403385172608693
LDB1	0.402823856483289
MARCHF9	0.402803912289783
CTSLP2	0.402527858468714
OSBP	0.402509003341281
TMPOP2	0.402342615442923
HNRNPCP2	0.402240924063393
NDUFB2	0.401784113547326
CEP19	0.40158082174732
TMEM255A	0.401572921984036
RNF25	0.401255197894864
CDCA2	0.400950096771275
DOCK1	0.400823923452024
COQ8B	0.399993266701537
CENPT	0.399830456184017
SAXO4	0.399783104804442
TMEM231P1	0.399413513240678
SLC39A7	0.39909700397488
MTHFD1L	0.399073658987229
SHANK3	0.398833758750642
PSMD2	0.398518031458547
TELO2	0.398494394991188
REEP1	0.398477503434805
CCDC93	0.398310611619657
TCEA3	0.398171548691986
FAHD1	0.397693534781698
CNOT4	0.39763681008382
FTH1P16	0.397001895446731
AKT1S1	0.396953618332436
PRTN3	0.396944323076973
HMGCL	0.39687469718263
TUBGCP6	0.396745989601887
CHADL	0.396505430215634
GNG7	0.396093679326502
BBS10	0.396030759525959
SOX3	0.395397714914972
PDPR	0.395230744020316
FNBP1P1	0.395050049509851
ATP8B2	0.394891658526969
PTPN18	0.394877404977605
ZDHHC18	0.394601346665665
RASSF8	0.394574246402546
DST	0.394437056592129
DEPDC4	0.394188870009306
SMOC2	0.3941645067879
DGLUCY	0.394009733175584
CAMKK1	0.393819868127314
RPS27P4	0.393448191213576
RAPGEF2	0.393173520724348
RPS3AP26	0.39311777469799
H3P16	0.392885349842095
MANBAL	0.392556671661014
NQO1	0.392411621665685
POM121L2	0.392369109942945
SESN1	0.39234959419803
KRTAP10-6	0.39220471178107
RESP18	0.392014336753829
CNTROB	0.391920122010833
PYROXD2	0.391724808873127
S100A1	0.39128641390125
TMTC4	0.391131398456211
GGT3P	0.391029241819065
GLO1	0.390992541311533
PFN1P1	0.390857689722189
FAM81B	0.39083958324321
LEKR1	0.390598056210393
ZP1	0.390561420200249
FAHD2CP	0.39011511349813
ASL	0.389858056776035
SLCO2A1	0.389599085003589
RFLNB	0.389581760340578
FAAP20	0.389462708939232
FRS2	0.389416386710478
MROH1	0.389321634806107
MRPS24	0.389072084634721
ST8SIA3	0.388838717898025
OR5H5P	0.388477904643781
LEMD1	0.388362540021507
CIMIP2B	0.387360637294541
MIOX	0.387334866767157
OTOP2	0.387304667686443
CDK1	0.387159637472065
QRICH2	0.387132936413342
FHIP1A	0.38711390916453
ZBTB21	0.386937351331857
BCAT1	0.386776094972274
B4GALNT3	0.386592950983916
KIF2C	0.386556368625252
GK	0.38652739887235
ZNF777	0.386405295674524
MAP9	0.385998885557814
MSANTD3	0.38546829260561
ARID4A	0.385437871676144
ALDH4A1	0.385392009426234
C3	0.385003728054071
TRDN	0.384951947657871
ERBB2	0.384947104638839
FUT11	0.384821697110693
USP11	0.384592711195528
CASP4	0.384457834830302
GLT8D1	0.384350495467103
KMT2E	0.384215608245878
C1R	0.384070048103773
DCP1B	0.383903074927375
CXCR5	0.383789575560636
POU6F2	0.383566104949772
PLA2G4E	0.383170735296434
ZSWIM7	0.383023645282844
N4BP2L2	0.382356107479404
PARP2	0.381791436915361
DNAI4	0.381744396723742
RNF24	0.381502725169773
DYNC1I1	0.381496335190148
CPAMD8	0.381398122960219
POC5	0.381034710467657
ACE2	0.380858405781594
CCDC178	0.380788808780848
MIOS	0.380594344591041
ZNRF2P2	0.380466329325762
LAGE3P1	0.38044099409183
CAPN14	0.380434412126301
PPP1R7	0.380093091204264
FAM3B	0.379872609362065
FBXW11P1	0.379786597541584
SRP68	0.379161964600968
SLC9A1	0.379155682164532
RTL10	0.378891350617333
CATSPER3	0.378784988614072
C7orf78	0.378722923524462
MRTFA	0.378307301911021
SLC25A53P1	0.378296586015745
EGFEM1P	0.378148080296071
RLIG1	0.378112553015962
ADAM19	0.37793745102244
HNRNPA3P5	0.377885918845112
LENG9	0.377808537156445
CDIPT	0.377645729480973
EEF1A1P4	0.377384763741403
NRTN	0.377343956469808
NXT1	0.377271107586933
PKP3	0.377258385975401
RECQL5	0.377249841346802
TMEM234	0.376748478200829
KIF18A	0.376405110406798
ITGB5	0.376057606001782
PIK3R1	0.376030707024682
KIDINS220	0.375844797635101
GLRA4	0.375775975520719
CD38	0.375654359565605
USP5	0.375591595369006
RPL10P16	0.375424636165023
MRC1	0.37503960936634
SNURF	0.374958070551625
GCA	0.374764440459408
CKM	0.374637241038439
UBE2A	0.374549778977544
LEMD2	0.37448944169195
CDK5RAP3	0.374198565988917
DERL2	0.373907806666209
KCNB2	0.373786442691765
LEPROTL1	0.373655794692215
CLNS1A	0.373545347721326
TMEM60	0.373442177038441
GALT	0.373421663707187
IL4I1	0.373251591897932
ZNF217	0.373120831102631
ANKRD31	0.372925797884229
HS6ST3	0.37279262177894
DPH7	0.372510542436448
CD14	0.372157493588456
CNIH1	0.372100761538042
PIK3R2	0.371676983237392
SKAP2	0.371618738146175
DNAAF1	0.371403055320317
ZDHHC9	0.370475120357108
INTS4	0.370376815949208
GAPDHP1	0.369846128759261
TTC16	0.369679949334397
MBNL3	0.369643713793967
FAM83D	0.369295571665285
TPP1	0.369155261196646
PWWP2B	0.368357582766876
EEPD1	0.368283133323845
SSC5D	0.367991743921609
TCTN2	0.367816501667264
CCR10	0.367663440932855
LTB4R	0.36752903562529
RHBDD3	0.367235546506959
WWC2	0.366679288823887
OPHN1	0.366515756282688
THOC6	0.366439487681428
NFKBID	0.366309113880369
OR52A5	0.366299338253746
TGM7	0.366257195313498
GPA33	0.365829406410266
TMEM51	0.365825702236775
ZNF213	0.365711155826568
UST	0.365222146709067
DCAF6	0.365156624321821
ZSCAN18	0.365101423845522
RPL7AP43	0.365100981560598
MMRN1	0.365096964062642
SAMD4A	0.364850464900767
TSR3	0.364675819549469
PRMT5	0.364667651967366
HORMAD2	0.364562973991011
FAM72B	0.364453678670394
ARF3	0.364260894798067
TNIK	0.364142615127907
ANKDD1B	0.364021903383571
CBL	0.363997670140018
LIMD2	0.36378364336439
RBM14	0.363735710462014
MMP14	0.362875285916997
MAP3K9	0.3628717499965
SAYSD1	0.362852028247135
C15orf62	0.362699021156455
LARP1	0.362500911969084
PHB1P13	0.362473431685219
DUSP10	0.362391689264611
M1AP	0.362390673474759
DHFR	0.362026710159272
BLOC1S5-TXNDC5	0.362024189957858
GCKR	0.361999834288036
ENO3	0.361794479009326
TRGC1	0.361755425976786
ZDHHC3	0.361453106154437
SNX29	0.361086281441591
SDHAP2	0.360954865660482
TAF9B	0.360820626407069
DGKZ	0.360717840191088
KMO	0.36037563577823
TSEN54	0.360362724332246
HAPSTR2	0.359925478837589
PRSS43P	0.359660998028952
FOXF2	0.359624371451975
DDAH2	0.358968695412083
CDK2AP2	0.35881693710407
HSPE1-MOB4	0.358295236900563
HSD17B11	0.357964653093436
DCC	0.357746869047921
FTLP13	0.357730604445601
KIAA0753	0.357639532448476
TSKU	0.357626974942679
PTK7	0.357333058399057
PPOX	0.357069556258962
GRHL1	0.356787881995955
CHURC1-FNTB	0.356718920404252
DELE1	0.356601590675936
RDM1P5	0.356486745355129
SIPA1L3	0.356416296988457
NPAP1	0.356294248622497
RPL23AP53	0.356037991771217
RNF214	0.355968002130773
NOD1	0.355890894609944
ACSM3	0.355632111144885
NUS1P2	0.355581141519511
NBPF1	0.355470997767029
MXRA7P1	0.355325459192068
CHST5	0.354547235595892
SRPRB	0.354383818911154
DERA	0.354053785066731
GGCT	0.353698141050733
PSMD14	0.353448693534534
C2orf69	0.353106902365906
NUDT17	0.352974216570474
SLC5A11	0.352565213419279
COL7A1	0.352559451106522
GLRX5	0.352399610789288
ERCC1	0.35214515925027
OR7E117P	0.351126609885564
NUTF2	0.35112568378949
RPIA	0.351055611124737
GOLGA2P5	0.350967875218953
WARS1	0.350680023713963
EEF1AKMT4-ECE2	0.350213265552504
HDAC8	0.350066161157358
CUTC	0.35003354963877
ZC3HAV1L	0.349855686498449
INTS4P2	0.349757386158953
PMS2P3	0.349635893270166
CPLANE1	0.349548311609599
NUPR2P1	0.349544444936523
CIMAP3	0.348371390517457
SVBP	0.348242739687399
CATSPER4	0.348104704347058
CDRT15P6	0.348048626535605
ADAMTSL4	0.347449277588653
GLRA3	0.34685512248548
AIFM1	0.346704762661396
XBP1	0.346618974560724
NT5DC3	0.346066365787534
CKS1BP3	0.345846022427081
EEF1A1P24	0.345734951456743
DOLK	0.345666974667222
OAZ3	0.345643845523133
P2RX3	0.345286676012107
RUFY1	0.344938094513816
RPL5P34	0.344830794740954
HIF1A	0.344345616719227
MFSD5	0.344234112747137
TM9SF5P	0.344167066160639
SDR16C5	0.343830900332253
EIF4A2P1	0.343692102661252
SLC8A1	0.343465748187923
FAM204A	0.343293803353316
EFCAB12	0.343134771642441
RPE	0.341984313739744
NLGN2	0.341618329554379
CITED1	0.341524314974054
PFDN1	0.341063568375835
CLIP4	0.340821295068502
WDR13	0.340693953079219
RPL23AP25	0.34063993953136
MTNR1B	0.340501697901214
KRT8P33	0.340413086203046
ACVR2A	0.340398607434261
LEPROT	0.339824770280686
DAAM1	0.339626919998003
RASL10A	0.339293863341958
FAM228A	0.33928739855871
BRF2	0.339190484357833
NHLH1	0.338963604345642
CDK11B	0.338873804824763
VWCE	0.338603168183695
WDR83	0.3385434102119
VRTN	0.338474889843
CEP85	0.338359186343399
STUM	0.338279798746355
H2AZ2P1	0.337824083939526
KLK12	0.337503201810065
LONRF1	0.337416779050055
DHRS4L1	0.337026856196133
RAD51B	0.336980827186984
NDUFS4	0.336841795642034
SSTR5	0.335882762252396
WDR25	0.335783444120352
ATXN2L	0.335483473148358
SNRPA1P2	0.334813986874525
NTF4	0.334743452256607
KLHDC3	0.334481922226834
FAM187B	0.334468616088226
ZMYND8	0.334299771200698
CTBP2P10	0.33408906542549
TSHZ2	0.33374899149489
CALHM5	0.333561993102379
HRH2	0.332951011219416
GH2	0.332805904078208
RTEL1	0.332648723629422
BCL2	0.3325554939307
TIGD6	0.332511896210181
FH	0.332443874172388
CD247	0.332204246691402
ALB	0.332073112913347
SPEF1	0.331815184632615
UBE2CP2	0.331735156065419
PA2G4P1	0.331714896368774
FUNDC2	0.330497682447901
TARS3	0.330430582479241
H3C7	0.330368772445117
COA1	0.330330399737141
IRF4	0.330254116775713
WHRN	0.330075727936945
ZNF330	0.329885973858885
THPO	0.329873238586555
CACHD1	0.329822167968655
HSD17B6	0.329510381871262
PLEKHM1P1	0.329229798268498
CARD11	0.328996169541287
ZNF276	0.328824819911135
BLOC1S2	0.32863019092513
NSUN4	0.328396834341206
EIF1AY	0.328071416667178
CSNK1A1	0.327730780110268
GCLM	0.327212565111325
TRIM34	0.326900008762638
CCL27	0.32669967569054
NCMAP	0.325790874997918
BRD7P2	0.325396453754015
SHANK2	0.325347790591935
GPSM2	0.325163807211844
KDM8	0.325153729851489
FGF22	0.325107905028784
GJC3	0.325069689595909
USP25	0.324980491057193
DGCR2	0.324832133617841
ZC3H11A	0.324388887279151
MEN1	0.324270746907187
NCK1	0.324164163381112
GABRR2	0.323203312440808
ST6GALNAC6	0.323101852485779
GUCY1B2	0.322933755306684
PIGG	0.322812529221418
SRSF12	0.322651144489478
DDX19B	0.322535643877103
NME1	0.322495104276856
RIPOR1	0.322481537225436
USP39	0.322464836760322
PLEKHA6	0.321827790077736
CIITA	0.321809812629352
SBF2	0.321589060494883
TUBB2BP1	0.321452628199484
SLC45A2	0.320893213609353
ASDURF	0.320321866157214
RAB4B-EGLN2	0.320045806092732
ZBTB8B	0.320010448156842
NOX5	0.31989428244839
TMEM129	0.319856328721313
EIF4BP6	0.319797734413896
ITPRIPL1	0.319760052005809
FBXO16	0.319755957230746
SRSF7	0.319639697441547
PCDHGA10	0.319352596089161
H2BW1	0.319293171187141
CDS1	0.318892552828546
PTPRJ	0.318833748472764
ARL4C	0.318578340760634
DOCK3	0.318372162541755
PIGP	0.318071635100234
RPL29P11	0.317832898566727
LRRC39	0.317742291258228
FADD	0.317735168453147
PSMD4	0.317514834244883
GPR45	0.317360067051859
SCAF1	0.316522355628272
GPBAR1	0.31650062541052
ALPK1	0.316335883985221
ETV5	0.316257261377793
CHRNA6	0.316214431963784
PRDM12	0.316187006462663
ST6GALNAC4P1	0.315714367403104
STXBP5L	0.315706406484362
MED27	0.315673141989021
TCEAL8	0.315662311254897
TTC9B	0.315612828013724
COL8A1	0.315104836202559
CAT	0.314959675577779
RABEP1	0.314780164016497
MYCN	0.314320073436597
CNN3	0.314068670039957
GMCL2	0.313753115162409
DNM1	0.31351729092145
NUP210L	0.312626823003635
MTCL3	0.312522909296716
SLC35G1	0.312327772813528
H3C2	0.31228056820466
GPC4	0.312256556405555
MTX1	0.312153844277291
MS4A12	0.312024748427429
SPOUT1	0.311331229673505
ATG101	0.311311279273541
CENPA	0.310853994124978
NADSYN1	0.310849142977993
OSGIN2	0.310842437265061
SEPTIN3	0.31049581254894
PRRT4	0.309986737539674
RGL3	0.309790977731024
B9D2	0.309739071864682
CC2D1A	0.309390620337128
ZNF778	0.308742437679381
TMED1	0.308655239308911
TMEM68	0.308590048214079
GIT1	0.308480885062831
MCAM	0.308394581133087
POU2AF1	0.307705624584283
H3P4	0.307545812846097
MMS19	0.307534122515114
TBC1D32	0.307507363747658
ATP6V0A4	0.307454270924677
ATG10	0.307302338850633
SMARCD1	0.307257662746517
BBOF1	0.307064294714985
ZNF341	0.30700953205287
LASP1	0.306652363403891
CALR4P	0.306375366665179
UBE2C	0.306140794623164
ZNF428	0.305830593220693
LMO7	0.305760807992249
SAMD15	0.305736192409602
NPC2	0.305504928549045
CDR2L	0.305325687591446
ZNF862	0.305007957707601
ATP1A4	0.304645474287756
ITIH5	0.304452197610535
RNASEK-C17orf49	0.304209972513345
TSC22D2	0.303732040786387
SGSM2	0.303548899467613
SLC11A1	0.303301421748664
ADAMTS14	0.303251924312171
IFFO1	0.303158934119282
NUP205	0.302622509658827
SENP3-EIF4A1	0.302319031774515
BTBD1	0.302083656444118
SYNGR1	0.302022998991436
TFEC	0.301951159467953
HCFC1	0.301597516571946
CATSPER2P1	0.301527062163711
CABLES2	0.301403974210145
NMBR	0.30045374805324
PIBF1	0.299725012929913
UNC13C	0.299558293765469
KHDC4	0.299517793249069
WWP1	0.299513542744147
B4GALT5	0.29859977178783
FGD1	0.29802065420657
KANK3	0.297668890796195
MYOCD	0.297668070215408
DDX47	0.297288367495463
LINC02210	0.297286638863422
FANCG	0.297179709959005
PPEF2	0.29714817062561
ATE1OSP	0.296965491287851
FOSL1	0.296915133666595
DENND10P1	0.296758147269553
KRTCAP2	0.296689807186556
RPS20P22	0.296625041996301
TSGA10	0.296548956183739
RPL7AP62	0.296370107438102
FKTN	0.296318786353028
CLEC4D	0.296136203342247
EIF4BP7	0.296032706652383
RSRP1	0.296026235699463
H2BW2	0.295945199487097
SLC25A1	0.295885149783773
B3GAT1	0.295436327830251
ADCY1	0.295193806739589
FAM219B	0.295063936084349
GJA4	0.294931164831432
PKD2	0.294892050811698
CD83	0.294707946251849
HSBP1	0.294681048520023
HUNK	0.294346590129922
ADAMTS7P3	0.294102665996963
WBP1LP2	0.293703050095883
FNIP2	0.293699037146668
RO60	0.293537169817102
PARD6A	0.293461667928399
DPP7	0.293087676971895
PGP	0.292755577754511
DTX3	0.292337445392148
AMD1P3	0.292332806038943
AOAH	0.29224568173532
ZC3HC1	0.292228510646438
SQSTM1	0.292011424339793
PPIF	0.29190538416439
ETV6	0.291848433797321
ERICH6	0.291667604336154
ANKRD20A5P	0.291442635688787
SAMTOR	0.291143649143945
SLC6A7	0.290904706338072
ZNF746	0.290709015601714
CALY	0.290637712755193
ORC5	0.290609438000297
GRK2	0.289713812121467
PEG3	0.28970201954309
PRAME	0.289602718261871
PRTFDC1	0.28953616020583
CTDNEP1	0.289415612989165
RIT2	0.289344633924818
RC3H1	0.289322370437324
TRPA1	0.288702791398316
DMAP1	0.288535465698937
GMEB2	0.288333366185571
MAGI1	0.288084018682347
PEA15	0.288043596279382
RTN4	0.287738965637783
SLIT3	0.287608774371269
LRRC71	0.2875615892254
HHIP	0.287186102128715
ECE2	0.286903603382053
ASAH2	0.286787834032311
SLC34A3	0.286638072656328
RPL24P4	0.286541491561844
DAGLB	0.286289436381028
NAALADL2	0.286261613093102
SLC28A1	0.285988772687906
TMEM268	0.285613102978326
ANKRD6	0.284893526207477
ZSWIM5	0.284806239109099
LSR	0.284587181766628
RPL21P28	0.284565780958791
PLA2G2C	0.28456217630405
EEF1A1P8	0.284428801486971
RPSAP18	0.284115310375525
MFSD13B	0.282917005571594
CREB1	0.282566046421531
BIRC3	0.282479573956357
PCDHGA7	0.282463882166842
APOL2	0.282336222901032
SYNJ2	0.282303691775452
SUMO2P21	0.281964300722257
TUBGCP2	0.281899933163068
NUP93	0.281815965969761
TRAF3IP1	0.281146696936491
DCDC2	0.280960885071533
NOTCH3	0.280799596402807
CD53	0.280712456159957
TAF8	0.280301201446698
POLQ	0.280211230863144
ODAPH	0.280035926106153
TDRD12	0.279946821411223
AGAP6	0.279217791066977
KRBOX5	0.279102752726855
SLC30A4	0.278926873559904
HNRNPC	0.278784829914332
RETREG1	0.278591765359406
TYRP1	0.278498973339823
BBLN	0.27841102812765
CPT2	0.276814885193559
UCN2	0.276814120661848
ACTR5	0.276798968208858
CKMT1B	0.276287019880092
IL32	0.276263943673323
KIFAP3	0.276057550286357
ALKBH5	0.276017972636504
EXTL1	0.275820502293771
MAB21L2	0.27554882137947
GAL	0.275545908391629
TXNIP	0.275518916383789
MAP1S	0.274941837977052
PLD5	0.274825830632302
MLST8	0.274808730450493
WNK4	0.274578211906574
RHBDL1	0.274363455343265
ITGAV	0.274242893793036
RRM1	0.274159323558205
ACTR1A	0.274120794977945
SLC39A5	0.274117794693894
SF3B3	0.274018937590123
IGSF11	0.273883881244102
CNNM4	0.273653384378099
DAP3	0.273299674424396
TECPR1	0.27295894542488
CNTNAP3	0.272903219104059
GPRIN2	0.272684741379019
GABRP	0.272483137830362
HMGA1P8	0.27231927596406
BET1	0.272099554079311
SOCS3	0.272075056894616
RARS2	0.271868453040147
NPTX1	0.271837054756346
FAM171A2	0.271550011977315
ZNF687	0.271410343610174
NOS1	0.271360623528233
STAMBP	0.271165371727494
EFCAB2	0.271043132346602
DCST2	0.27060441981149
TADA2A	0.270575472830117
TGFB3	0.270387281478152
STIMATE	0.270290009323446
ADGRA3P1	0.269955016581973
ZNG1B	0.269733002743679
EHF	0.269141050553571
SEM1	0.269113535238816
ZNF487	0.269052558512977
AHCTF1	0.268912314495678
RPL12P4	0.268728625777207
ADAMTS1	0.268079340920118
CLTCL1	0.267867955651171
ARL8A	0.267688101546703
SAXO2	0.267658686473149
GPR139	0.267595007890206
CLEC19A	0.267543716709231
MAN2C1	0.267283394250752
DRD1	0.266843368351396
SCN4B	0.266663119628279
ALDH1A2	0.266519543240772
ARHGAP1	0.266353912746791
ESYT1	0.266316054498283
SETD1A	0.266229153873632
UBXN6	0.266113596666247
EFCAB6	0.266106511626836
CAMTA2	0.26594725557492
DCBLD1	0.265885640322156
C1orf115	0.265850907765466
RPL31P34	0.265831031318902
FANCL	0.265781069764467
CRAT	0.265692836986612
CD8B2	0.265660120053748
GSTA1	0.265489996380024
ST13P7	0.265475345167045
IMPDH1P5	0.265413076164663
SUGT1P3	0.265353385668856
LIMS4	0.265271247514495
BRF1	0.265138376869945
YDJC	0.264990183098459
EMILIN3	0.264886502148194
JAG1	0.264812744383717
PRR5	0.264718359970161
MARCKSL1P2	0.264638002591255
CCDC174	0.264548514464679
HTATIP2	0.264474923447335
ENOX2	0.264253048738345
GPR37	0.264173717663501
PPP2R5C	0.264024389008396
EED	0.263940516972637
NUCB1	0.263616046236613
EIF2B3	0.26356764566181
EIF1	0.263377199202014
FAHD2B	0.263188707604008
FAH	0.263007500802282
DNAH14	0.262908692255146
MEIG1	0.262658781686168
SLC25A42	0.262650920741797
APBA1	0.262553626899855
ADORA3	0.262513901698981
MGAM	0.26250893517688
SLC25A13	0.262493468866161
ZSWIM4	0.262433765666502
TLR9	0.262258790874017
EPB41	0.262156546386128
ASB7	0.261822509738447
NUSAP1	0.261186370087653
STK4	0.261124757717408
FMC1-LUC7L2	0.260871663484661
HAGH	0.260836141971802
ZFP62	0.260734900124925
HNRNPA1P26	0.260588968090378
KCTD3	0.2605480795609
TRIM5	0.260364173994721
ACADVL	0.260275188953221
PSRC1	0.25993902717264
KCNAB3	0.259719761177141
SYNPR	0.259341059218475
TDRD7	0.259153134670744
HCK	0.258870270393817
OR52N4	0.258558383917286
IDI1	0.258471649347087
HDAC3	0.258359808666108
GRIK1	0.258278531369132
OR7E163P	0.258110842640376
PPP1R27	0.258018490133442
CALCOCO2	0.257514654720335
RBM5	0.257388933890681
AQP3	0.256938568026111
SLC10A6	0.256310656915164
ERCC6	0.256294271990485
ISY1-RAB43	0.256220804425421
PRELID3A	0.256216413569055
SLC35D3	0.255829665464438
RNF103	0.255519892430744
SERPINB7	0.255414944119261
STAB2	0.255345546816302
E4F1	0.255242376715925
RAF1	0.25515816941085
PCYT1A	0.255048212770643
BLTP1	0.255037236740571
CXCL2	0.255003962960502
CFAP61	0.254730807788379
PDZRN4	0.254667706165667
PSTK	0.254344470260789
EHD2	0.254306358394814
GLDN	0.254295681341107
EPC2	0.254263266692
PEX11A	0.254039532854816
GLOD4	0.253848340106566
INPP4A	0.253655074328021
DENND6A	0.253464477299574
SKIC2	0.253390227784468
DRAM2	0.25331848060248
MTHFS	0.253108613657611
DENND3	0.252727757792879
ANKRD20A1	0.252499858532109
CUL4B	0.252168393350689
RPL21P119	0.251991728154034
MLYCD	0.251957533188385
ZNF408	0.251944007877254
EPN1	0.251734507454493
TAMM41	0.251339131903721
CDK5R1	0.25129617073625
PCP2	0.25088014315151
HEATR4	0.250710737675339
CCNJL	0.250491985307299
EBF4	0.250281173601132
SEPTIN7P13	0.250179559916616
HDHD2	0.25016018879259
FBXL12	0.250159421206651
PLCG1	0.250019536682547
HMGB1P1	0.24985405426701
OTUD5	0.249817946225163
SNRNP48	0.249580691756786
EIF5A	0.249425950246582
PYM1	0.249334016800613
ZNF750	0.249285656066617
ISCA2P1	0.248952288502304
TYW3	0.248599778715276
CSNK1G2	0.248230118116764
CRY1	0.248197590610934
SESN3	0.247777126501011
NES	0.247771027341443
CBY2	0.247570832399687
IFIT3	0.247287720959627
RAD1	0.246881536554181
GABRG3	0.246859585099911
ABCA10	0.246820194379568
TPRG1	0.246445940867378
CACNG4	0.246400079623143
MPP1	0.246346912564758
TRIM13	0.24631669917013
C3orf18	0.245886173951523
ASB3	0.245833465048802
PLPP4	0.245667252301715
GHRHR	0.245533468467522
CCNG2	0.24545850634868
ZDHHC20	0.245252464535292
PNN	0.245197519075341
FAM181B	0.24519488523775
AHI1	0.245111823904205
ENTPD7	0.244893050353689
TLCD4	0.244702611261373
CORO1C	0.244390243292304
NFATC2	0.244083236025203
RPL18AP13	0.244016232505515
ST13P4	0.243440218761633
ZMAT1	0.243312945204186
G3BP1P1	0.243177981682725
RBP7	0.242746028494412
PEX6	0.24247791725377
SDR42E2	0.241742903362401
KCNT1	0.241543368756627
KRT18P59	0.241452486610404
RFC4	0.241096990668132
PIK3R3	0.240938790568675
CSRP2	0.240554218001614
MLPH	0.240470875556169
KANSL2	0.24038751954066
GNG12	0.240191542049098
SLC7A8	0.240165488200728
RECK	0.240132679462058
MEIS2	0.239922632512444
GNG10	0.239787938172607
ODAD4	0.239689033375162
GTF2H5	0.239578642405571
TACR2	0.239440977858786
GBX1	0.239316690506324
EYA3	0.239240202797063
TPTE2	0.239186038554211
VCAN	0.239089944999678
KIAA0319L	0.238926906119021
ALOX12	0.238889083470878
VEGFA	0.238640503470525
ALDH7A1	0.238624642272186
CSH1	0.238606063196269
TNFRSF12A	0.238431399710533
SAE1	0.238185883842089
CYP4F35P	0.23782300617459
TAGLN2	0.237640245774484
OSCP1	0.237630731584919
SPICE1	0.237595732546374
MIEF1	0.237372973538522
H2BC12L	0.237151903073461
PSMC1P1	0.236931188562838
RNF212B	0.236869853700425
SLC11A2	0.236850971210215
SEPTIN1	0.236748504247775
ALX3	0.236529577970286
NFATC3	0.23631485452606
KIAA1143P1	0.236269829690585
SELENOOLP	0.236031376949853
LAS1L	0.235361204068224
C1orf50	0.235292381739635
PKHD1	0.235267034179864
BTNL8	0.235254458536049
STAG3L1	0.235047666952447
ATAD5	0.235044600666281
BPIFA1	0.234871777507561
EIF5AL1	0.234664667964801
MANSC1	0.234193597033448
ZNF382	0.234157858472741
PRELID1P6	0.233966218166339
KLHL10	0.233683747794094
CST6	0.233525621610672
GUCY2F	0.233329404999466
MRPS2	0.233256930689338
LCK	0.233033102085162
SLC15A1	0.232883526234166
PSPN	0.232806911729148
FAM136A	0.232108630954413
G2E3	0.231905190568444
PPIL3	0.230946754336514
FOSL2	0.230750598413871
TFE3	0.230380409526696
GIPC1	0.230194075977432
MPPED1	0.230129052644482
MLC1	0.230103919859133
FAM13B	0.230076684448189
PSMD1	0.229871275281996
ATG12	0.229802552329417
PKD1P6	0.229759290337736
SSR3	0.22960040658364
C6orf47	0.229360917199673
ADAM29	0.229182364835311
ITK	0.228855585259201
PAK1	0.228740743935187
PALLD	0.228576226904153
CCDC32	0.22841160086203
SMAD9	0.228290690764077
LY6K	0.228206998919431
NDUFA12	0.227994311836132
BMP5	0.227570709696526
MARK3	0.227409316482119
ZNF282	0.22656940008577
SNHG33	0.226009850380524
CECR7	0.225863325516453
RCN3	0.225739933963655
APC2	0.225731849392749
KLHDC2	0.225713515981909
MEX3C	0.225662097202228
CPD	0.225535601548179
AVIL	0.224894396585797
KIF2A	0.224736070086197
TGOLN2	0.224585572214542
PCDHB19P	0.224543498707814
TYW1B	0.224391011552289
EPG5	0.224289129168071
GOLGA1	0.224248302728069
KARS1	0.224039469769236
IGHA1	0.223862052831232
SHROOM4	0.223851382267266
CD36	0.223845792720114
TRNT1	0.2237525300922
SCO1	0.223644215235276
TEAD4	0.223631761639974
CPVL	0.223243525216835
PRRT1	0.223136498437697
RAD51D	0.223133296910669
ABRACL	0.222964693755433
FAM124B	0.222862378791442
GSTA2	0.222685140077783
ELF3	0.222608564402439
PMS2P6	0.222555573713289
DIDO1	0.222544538844083
GFOD1	0.222452012497662
ATP6V0D1	0.222204150962951
MBD1	0.222156525259011
CHRNB1	0.222099636216973
STOML3	0.221941995312259
LRRC43	0.22153968119854
SEPTIN7P14	0.221124957010004
GOLGA2	0.220980064408021
TRA2A	0.220889676864847
TTC14	0.22023956789511
R3HCC1L	0.220100621558723
ZNF620	0.219952954192199
ANKRD34A	0.219706280635877
P2RX4	0.219647479569161
COPS6	0.219606638995551
BCL2L14	0.219579599201764
SNX8	0.219491627885518
C11orf24	0.219374491148198
DNAH7	0.219280387278628
ST3GAL5	0.219249737004638
UBR4	0.219078578921145
IL6	0.218929809160975
OR14A16	0.218593645790437
IFIH1	0.218557591404767
ANKS6	0.218292013496044
ZNF467	0.218265311125184
ATP5IF1	0.217996086287512
IFRD2	0.217936928015225
SGSM1	0.21785005729241
FBLIM1	0.217813092588761
TMDD1	0.217583339799885
TLE6	0.21754273169347
GTPBP1	0.217541735822401
BCL2L10	0.21730889818371
ITLN2	0.217133574492646
AIPL1	0.217131912987311
PTPRZ1	0.217047985346608
DNAJC25-GNG10	0.217038940841492
ASAP1	0.216420821746281
PRRC2C	0.216223656966492
CHI3L2	0.216137528757732
CMC2	0.215953389770638
SRGAP2	0.215882218090472
EIF4HP1	0.215853769378827
CIDECP1	0.215830382180374
PRR7	0.215604901827708
ADAM21	0.215577453655364
OGDH	0.215432667270248
B3GNTL1	0.21398961878902
OSER1	0.213817549849883
ZNF230	0.213259653530961
FRMPD2	0.212617838284963
ATG16L1	0.212548660930704
KRT18P5	0.212514248207084
ZNF584	0.212398608446394
RNF32	0.212221210390619
CPAP	0.212181800250055
SFT2D3	0.211753701236647
TPTE2P1	0.211573296509951
CENPF	0.21102205853153
ADAT1	0.21077862586482
DNASE2B	0.210656326118879
RPL39L	0.210402137343352
AMZ2	0.210292115767799
PYY	0.209976698198246
TXNDC11	0.209830438838781
JUNB	0.209816641501128
TAFAZZIN	0.209646851469027
H2BC12	0.209621447893524
OR7E29P	0.209378913659569
RRP8	0.209139147786712
GPX1P1	0.209085705571016
GPD1	0.208820927562089
PI4K2A	0.208695680991159
EIF3LP2	0.208245596205452
HIKESHIP2	0.207731359660775
FBXW10B	0.207535361175611
AIF1	0.207350717550219
FOXE1	0.20712307320202
FTO	0.207034743684505
SLC4A7	0.206944096724984
VXN	0.206878253590737
CHMP3	0.206700650170563
TLK1	0.2062482338244
DBF4P1	0.206232286667684
TMEM63A	0.206190771527282
PPP2R2A	0.205971999729805
SLC25A24	0.205931979211632
IRF5	0.205912753559549
ULK2	0.205603848344093
KPNA2	0.205537458442255
MTND4P9	0.205519990974594
LIM2	0.205421525413148
PRDX3	0.205385378189738
SPDYA	0.205348626961627
RASA4EP	0.205178296397562
NUDT14	0.204963027374365
TRIM52	0.204652101014966
PGAP1	0.204578279310943
MAFG	0.204270407340382
ZDHHC13	0.203792006487375
FAM229B	0.203636984281691
FAM120C	0.203587234470644
RSPH3	0.20325140118646
SPNS1	0.202709888935865
CSNK1G3	0.202064409431978
NDFIP2	0.201893161667293
SKOR1	0.20176965173407
KTN1	0.201704533841962
LIPH	0.201410742005
MED23	0.201251767135701
SMIM7	0.201142885196015
DEGS1	0.200853747936435
HK1	0.200615349959724
DGKZP1	0.200545016888081
H2BC6	0.200529711469015
TMEM63B	0.200401312238921
RPL22P1	0.200391015666796
EMBP1	0.200182196573192
FAM50B	0.200170342454887
KLF15	0.20011768459867
ANXA2	0.199949345416279
PMS2P10	0.199591280438027
MAPT	0.199452656497498
GPR75	0.199414908298559
TOP2A	0.198144993977115
CLYBL	0.198089732965027
ANXA7	0.198087660292025
ZBTB12	0.198062385329425
BAG6	0.197830656393028
ZNF736	0.197617675710382
RNF121	0.197406746234877
NWD2	0.197257760449888
DNAJC25	0.197106490569162
GFI1	0.196783452759919
ECE1	0.196766244637213
RSPH9	0.196661837797611
IFNAR2	0.196110236764661
IL7R	0.195809198075375
APBB2	0.19564642561182
TBC1D2B	0.195396375374437
PDE10A	0.195172278131146
SPA17	0.194939019917889
PARGP1	0.194880504048457
BCL2L1	0.194679502683374
H2BP1	0.194346320548499
MVB12B	0.194276411073222
TUBG2	0.193940865964079
NOMO1	0.193730687495085
ACSM6	0.193654002911943
ABCA12	0.19347302352496
MKKS	0.193412046871695
NME3	0.193401948182526
ADAM20	0.193314008526329
RBX1P2	0.193135426093697
RPL18A	0.193063547772723
CDKN2AIPNL	0.192997428018474
TRMT10B	0.192936438298482
VGLL3	0.192831233210728
C2CD4D	0.192531194710197
ULK4P3	0.192393648495456
KRT16P1	0.192340843230585
CHODL	0.192289389312214
FBXW2	0.192269065189176
PCDH9	0.192137097390603
NPRL2	0.191893485516811
PRSS53	0.191748714520119
GALR1	0.191608759259364
ZFP69	0.191561524151519
HNRNPA3P10	0.190915538903602
ZNF670-ZNF695	0.190893520037719
OGT	0.190805237916253
NR5A1	0.19074589961834
VN1R83P	0.190688560264457
MSTO1	0.190659632852391
CYP21A2	0.190329049933243
H3P47	0.189986372678752
ATP8B4	0.189859763332145
LPCAT3	0.189711226780187
ZNF627	0.189553334533202
PRRG4	0.189395276690252
CKLF-CMTM1	0.189361610307807
SUGT1P2	0.189194469294521
KIF20A	0.189090676026426
FNTA	0.189060645463757
HMGB1P19	0.18855692187389
SLC35A4	0.188483957909168
ZNF594	0.188355522080767
CEBPE	0.188327556480221
SMURF1	0.188231880369576
RPL6P19	0.188114612724696
APOB	0.187938153121798
LRP2BP	0.18793247211667
H2AZ1	0.187871000814433
OTUD6B	0.187604026558553
RAD54L	0.187467520991972
SP9	0.187295929571429
R3HDM4	0.187282881867013
DUOX2	0.187272363877578
RNF216P1	0.187120072709356
WAS	0.186918410645141
TMEM145	0.186782930848311
MID1IP1	0.186576017692838
NFXL1	0.186394093457994
NEK7	0.186302323282809
TPPP2	0.186244038569771
GSK3B	0.185816444328248
MGST2	0.18566365582535
PIGCP1	0.185650907449254
FAM90A12	0.185610104390801
HDGFL3	0.185298300065977
NAT2	0.185292482315634
MRPL37	0.18527568416233
CLCNKA	0.185174560704695
ZNF699	0.184696195906681
ANKMY1	0.184560945098479
MYDGF	0.183960769604747
AMIGO1	0.183566841645042
ACTG1	0.183491560767719
COL4A1	0.183367884588109
ATP6V1E2	0.183333329548784
SLC35B2	0.183048880910962
BRCA2	0.183020270634948
COMMD6	0.182956282979938
CYP2B7P	0.182618432564401
RNF10	0.18253012154221
MED15	0.182455477722878
QDPR	0.182146648311992
SLC52A2	0.181874951941333
PTPN6	0.181677053949599
CCDC122	0.181487100540946
IFNGR2	0.181231829889499
SNX33	0.181060281910216
AP2M1	0.180933145787344
TRIM38	0.180854425343393
GTF2IP7	0.180808393987377
RPL21P39	0.180770063988212
ZNF474	0.180577085092357
GDPD3	0.180246673480903
PRR18	0.180217334944596
RALB	0.180066694537775
MPC2	0.179629135656255
KRTCAP3	0.179554086256364
GLUD1	0.17921095995797
GRID2IP	0.179038083216906
FMO2	0.179025256230259
HSP90B1	0.178106330639504
SSX3	0.178067864073675
CORT	0.178066925198258
SPSB3	0.178064979716343
UBFD1	0.178015535734384
ITFG2	0.178013279300736
KIF6	0.177911176423826
CHAF1B	0.177889181360734
PLEKHA3	0.177758325350244
RPS26P31	0.177617048497383
HSPA4	0.177604153474684
ZSCAN32	0.177464795700614
CDK5RAP2	0.177375968022901
SMG1P4	0.177166471525488
TMEM169	0.177091927036554
ZNF214	0.177036810967729
ING4	0.176983552850316
EPAS1	0.176574174993507
ANGEL1	0.1763284187174
RPL3L	0.176172753034387
THBS3	0.176157207847482
FTSJ1	0.175998651232923
NPIPB7	0.175786633434283
AHSP	0.175730507663908
URGCP-MRPS24	0.175701354975211
CNDP2	0.175651688514873
SLC35A2	0.175494591757572
MET	0.175306999786826
RANP4	0.175275327688179
SVIP	0.175177108104882
ARID3BP1	0.174743391005997
NOSIP	0.17465139284459
CPXM1	0.174602050755875
OR2W6P	0.174402263571205
SAMD13	0.174332551044529
DDX50P1	0.174157296353036
ZSCAN9	0.174130520570715
RFESD	0.174096063441575
CALHM4	0.173770174138505
ODR4	0.173645435484348
RBM7	0.173466014540326
TM2D2	0.173413074819704
ARL17A	0.173364622817525
SELENON	0.173037583502722
PRDM15	0.172807892287721
ENPP7P11	0.172756806731428
KLHL15	0.172562864790855
GRHL3	0.172015690629416
STXBP3	0.171766382535943
TLX3	0.171716035500086
EEF1A1P12	0.171672293876022
PSMD11	0.171303486061451
CEPT1	0.170881545795648
CHRM1	0.170606175176596
THAP7	0.170553527800964
TRIM55	0.17053637643048
CHRNA5	0.170306544064934
TPTE2P2	0.169943865314066
OLIG1	0.169876613591466
COMMD10	0.16964654980711
MPL	0.169547976918128
BABAM2	0.168970711621423
SENP5	0.168905416875221
RGS22	0.168890777420249
SPINDOC	0.168524568433676
POLR1HASP	0.168522044814842
TJP1	0.168502160002948
USF2	0.168432961430947
RPL13AP26	0.168427244510971
HNRNPA1P27	0.168061567481569
TRIQK	0.168048769620418
CRHR1	0.167725483683828
FASN	0.167564453004236
SLC25A48	0.167251698870092
OVOL2	0.166931949427126
RPL23AP81	0.166907024022477
RNF20	0.166611913436602
IL17D	0.166601350666103
FHDC1	0.166533147140747
MPST	0.166447580279932
SIX2	0.166198396502218
PKDREJ	0.166170700420859
SUSD3	0.166093357881207
DYNC2LI1	0.165990012520324
H2AC8	0.16541837569385
RNF166	0.16530808950963
FAT3	0.165277186375391
C2orf76	0.164424558766739
XRCC6	0.16429847797231
CNOT3	0.164177650065645
H1-10	0.164093323312117
ZNF706	0.163873607989313
SIRT6	0.163846311369805
PIGK	0.163569490067376
ERVV-1	0.163386105622625
CEACAM19	0.163338665110706
U2AF1L4	0.163318815920596
FSCN3	0.163315350093107
TCP10L	0.163289391796855
TP53I3	0.163070816535183
CHMP1B	0.162929999600296
RNPEPL1	0.162738365452436
MYCL	0.162542642325387
HDAC4	0.162513072658476
IQUB	0.162461352217511
PSMF1	0.162187015795825
IRGM	0.161913545464522
CHD8	0.161733794768386
HBQ1	0.161652935342493
BAG3	0.161244106405356
RPAP2	0.161025291417126
TRAM1	0.160705537589665
GFM2	0.160343277756622
CMIP	0.160199819836323
TGDS	0.160196726561374
SMC3P1	0.160103746564522
RPL23AP47	0.159767903695426
CD160	0.159737156682133
TPM4P2	0.159404412340612
ZNF444	0.159324697598442
UFSP2	0.15925496788421
PRSS36	0.159118363475182
TRIM60P14	0.158567640255876
TMSB15B	0.158435229783519
SUV39H1	0.158275888448136
H2AC14	0.158225872598053
TIPRL	0.157970020825154
CLK3	0.157715083593223
GPX7	0.157688398014124
CYP7B1	0.157623510697317
FRA10AC1	0.15715357147041
FBXO10	0.157127406161918
LRRC41	0.15699623618864
NDUFAF6	0.156908319846479
PPM1N	0.156863817172909
PPP1R15B	0.156574817739091
FAM21FP	0.156565276484961
WASH9P	0.155949955583376
FAM90A16	0.155671344992399
GIP	0.155219335312518
TGM1	0.155193899107007
LCMT1	0.155032208663433
CMTM4	0.155003956734367
NLRP3	0.154937125100299
EDN3	0.15473457041593
IPO5	0.154292085270769
ASB4	0.154279634833703
RPS7P11	0.154128962072672
RTN4IP1	0.153880697645817
BFSP1	0.15385497662027
NCEH1	0.153767180388518
INO80B-WBP1	0.153741667538345
TEAD2	0.153706407828292
FAM200B	0.153358854082181
PIN4	0.153350889025849
PCDH11Y	0.153308655111192
MTF1	0.153068339910667
SULT1A4	0.152527145168928
GPAA1	0.152491287908387
TIMMDC1	0.152096423973071
NR1I2	0.151943499364557
ARHGAP20	0.151724038965555
HNRNPA1P21	0.151660440825432
COASY	0.151473733294927
NKX2-5	0.151357389875078
TYW1	0.151194777761218
SMG1	0.151191325866423
RABGEF1P2	0.151011481490684
GTF2A2	0.150705479798563
STK10	0.150608561503522
POLR1G	0.149790312407194
H2BC7	0.14969733526107
NPHP4	0.149573147899726
RAB3A	0.149259680386489
RPL13P12	0.149078458120208
METTL24	0.14900806347721
AKIP1	0.148988377336278
SLCO6A1	0.148947845365447
ELOVL6	0.148945002562754
RPS18P9	0.148922667336079
ZNF197	0.148803695398183
DPY30	0.148610357476837
RPSAP19	0.148502713135158
PLAC9	0.148405390877934
RASAL3	0.148262882859589
CDC23	0.148238697724622
UTS2	0.147803507375521
NSUN5	0.147666114609236
GPR4	0.147583168030766
ENGASE	0.147581735299769
SDF2	0.147572734707862
COCH	0.147414663298169
DEPDC1B	0.147388824723203
TMEM62	0.147253174130652
ENTPD5	0.147061173091692
MRPS31P2	0.147009110473937
CEP15	0.146947217071706
KIF4A	0.146918296841836
WNT8A	0.146310867397688
EEF1B2	0.145985836278907
ZNF157	0.145693713564899
INPP5D	0.145529778684433
GATB	0.145230074070038
ZFAND2B	0.144950499162078
XKRX	0.144916992702328
ZHX2	0.144874292748337
CLTRN	0.14482053676709
CCDC175	0.14451692792914
RPLP0	0.14421340475427
ZAR1L	0.144166633485068
CARF	0.14400264318289
RPL21P120	0.143807152053688
TRIM80P	0.143638866182758
IRS4	0.143574815520642
AZIN1	0.143496458870259
NALF2	0.143486563733729
BDNF	0.143364719828105
ZNF662	0.143337212618093
UBTD2	0.143191225141089
HMGB2	0.142912429890808
DNAJA1	0.142838042330604
SEPSECS	0.1426606038005
HAUS6P1	0.142541991435997
SEC22C	0.142407611773566
CDYLP1	0.141909566514817
WBP1L	0.14174457880707
FGF12	0.141685056486965
NLE1	0.141531561567716
BPGM	0.141444024802225
CDHR2	0.141236018929701
TRMT5	0.141025346699132
OARD1	0.141004795158771
MYLK2	0.140965136685481
FBXO38	0.140772507679255
TMEM267	0.140626019978856
CLDND2	0.140529806006152
CCDC9B	0.140448318129651
SYNRG	0.140328073160986
ABCD4	0.140274222102841
PPP2R5D	0.139831633282308
CPSF3	0.139562059338397
PDCD2L	0.139313463170854
TRNAU1AP	0.139142040622967
APEX2	0.139053769778023
SLC26A4	0.13896818292804
SLC39A13	0.138776815701773
NR2E3	0.138657565424864
GOLGA6D	0.138162373501723
RPL23AP74	0.138082235043465
RPS3AP38	0.137996409738942
LRRFIP2	0.137899761378155
NFE4	0.137777413723868
HNRNPA1P35	0.137714973278711
PATL1	0.137702808266644
GSG1L	0.13763244712236
PAGE2B	0.137497890727214
PEMT	0.137346969742396
MRPS21	0.137271051859135
ROR1	0.137097887153374
DIP2A	0.136990825951121
PHF12	0.136954529095262
SNX13	0.136751450598512
TICAM2	0.136718742287065
ZNF267	0.136259890112819
EDF1	0.136019405044892
LIPJ	0.135957336129745
MYL12BP1	0.135604201881926
CHTOP	0.135544713564371
CHCHD2P7	0.135330659962238
ATG5	0.134741152471827
FBXL5	0.134620533462877
EFCAB8	0.134572179438471
C1orf54	0.134289492849181
GDE1	0.134132275789888
GTPBP2	0.134043894196294
MLIP	0.133955479454456
KMT5A	0.133932324775343
NAP1L4P1	0.133821983250638
ELP3	0.133702857000142
NRK	0.133339928365505
WASF3	0.133148188554001
CDH23	0.133085067022879
OR7E156P	0.132983811544426
RPL12P7	0.132782896880507
FIS1	0.132755486105964
PER2	0.132614092420597
PRKRA	0.132570956883737
RTL1	0.132537512438276
MLLT3	0.132488667078251
TRPM4	0.132265157153742
SMAD2	0.132179164784885
RAB17	0.132123224038883
MCOLN2	0.13203543874853
SYNE1	0.131880408395009
SAMD10	0.131806754991496
RTP3	0.131605658305291
RSRC2	0.131518100376002
RPUSD3	0.131493087639213
NEMP2	0.131328278822063
NEK5	0.130988560978268
CHAD	0.130794922619732
IFI44L	0.130713523570739
RPL23AP2	0.130712225772128
ABCA13	0.130608628449334
NUDCD2	0.130606602644165
RARG	0.130377416902215
DEPDC1	0.130207393145845
KIF4B	0.130052126477625
UTY	0.129879781831947
NUP133	0.129649256774677
ADGRL1	0.129501580755499
SPATA32	0.129465040574107
ZNF414	0.129462517803594
ASMT	0.129430102825879
GRPR	0.129357818340476
HNRNPUL2	0.12919921811999
SELENOT	0.129192883715384
GOT2	0.12908432621476
DMXL2	0.129041232696212
CALHM6	0.128948844525317
LNX2	0.128946941586284
TPMT	0.128808611301996
UBE2M	0.128648392299877
LYSET	0.128411313304097
SPIN2A	0.128350324639776
JMJD7	0.128168421019281
DNAJC3	0.127752839309121
ABHD11	0.12760973304222
SLC39A11	0.127223403178665
TUSC3	0.126885745730348
KIAA0319	0.126646234174938
ZNF285CP	0.126558091749253
UHRF2	0.126486830766968
TRAPPC13P1	0.126343102833901
ZSWIM6	0.126003431242231
ANKHD1-EIF4EBP3	0.125921490713107
NASPP1	0.125731663563753
RIMBP3B	0.125356633626748
NPEPPSP1	0.12514619282332
HMGXB3	0.12512888473839
NUTM2B	0.12511166051969
IFI27L1	0.124956999214207
POU4F1	0.12484274399288
YJU2B	0.124674982709517
AGAP9	0.124664718229765
CCDC73	0.124574984898927
BCLAF1P2	0.124488399368181
GIN1	0.124216471801587
HCN1	0.12381685172984
BAK1	0.123668115175692
MT-ND5	0.123492046132833
CTH	0.123482894503361
SMG1P6	0.123407381913787
METTL15P1	0.122799721558455
RTL4	0.122707228592664
SCNN1D	0.122363372649315
CNKSR3	0.122299303793725
COMMD1	0.12209868430121
HERC2P8	0.122093267548108
CTC1	0.121967850807723
TEX2	0.121666435747813
CFAP251	0.121463319693299
ZNF101	0.12144589618789
KBTBD3	0.121075570321258
REPIN1	0.121071768668576
GOLM1	0.121053948425706
TEKT3	0.120964215108761
USP17L11	0.120442368823404
RPS3AP20	0.120231776791602
GPHA2	0.120133182138141
PMVK	0.120102808165907
ABHD8	0.119956408796019
BIN2	0.119791455132423
PREX2	0.119752753283161
CEP295NL	0.119720303163832
NCF2	0.119700525884791
RPLP1	0.119655813724397
ACOT4	0.119488920497203
PEX39	0.119395635093254
ATP23	0.119173219250005
VPS37D	0.11909888467603
SLAIN2	0.118960727265669
TMEM150B	0.118550368326418
TTLL6	0.11846993940746
CTDNEP1P1	0.118103943628216
NOG	0.11788122285864
DZIP3	0.117765266786879
CYP2C9	0.117759115990124
SF3B1	0.117381578006887
IMPG2	0.117370605374157
LINC01347	0.117317179980017
RIPK3	0.116969300945318
C20orf202	0.116558611506089
ACOT6	0.116499398438097
NGF	0.116322811831843
SLC25A36	0.116023230879229
SSR4P1	0.115837554270695
BTBD16	0.115736103758979
NIPAL3	0.115510010480996
IQCM	0.11536297760342
RPL9P32	0.115228663324565
EFR3B	0.115153122707632
SLC25A18	0.115124077240672
SLC24A5	0.114731268581221
TPCN1	0.114708869045626
TMEM131	0.114027763404694
FCGR3A	0.11387741138734
TMEM250	0.113619437047449
CDC37	0.113532994300449
STK16	0.113465145564567
RNF14	0.113456486638469
THSD7B	0.113412173506093
CCDC192	0.11330296487161
RELT	0.113024050632761
DEPP1	0.112679331714696
CA9	0.112503978892823
CACYBPP2	0.112484158985954
ARL6	0.112264056371112
CENPB	0.112157039480197
ZNF773	0.112114722038315
BACC1	0.111978457965393
POU4F3	0.111956467769629
NBPF15	0.111893784801318
RPS18P5	0.111801541802556
SNX21	0.111238509978209
DYNC1I2P1	0.111038558350661
PNMA8C	0.11094803493014
NRADDP	0.110881009850518
SLC12A9	0.110844607952331
RPS26P3	0.110823045904716
METTL25B	0.110794674617007
TMCO4	0.110657641715259
SF3B5	0.110366674724219
MTLN	0.110090468643324
GLMP	0.110024182920314
PTGDS	0.109913238932793
ATOH8	0.109830698146905
RPL21P93	0.109715135558136
NPHP1	0.109593928450756
RBM27	0.109232959872674
THEMIS2	0.109104689924547
METRNL	0.109092894426743
NDST2	0.109062752851181
JAG2	0.109036804810593
EXOSC1	0.108774380520439
ATG13	0.108668792142867
P3H2	0.108646454192021
RNF19A	0.108495655158248
KANTR	0.108476123768265
SLX4IP	0.108350959466464
DYNLT3	0.108155203641333
PDCD11	0.10809894910556
PYGO2	0.107697643482296
FER1L6	0.107683228664526
MAF1	0.107371670671599
RPS24P19	0.10731355137855
MFF	0.107255704954034
RALGAPA1P1	0.106510228678922
HYI	0.10616248152478
ZNF337	0.105837531021853
PRR15L	0.105578619234007
MAPK12	0.105558933344464
LRRC14B	0.105412147968566
GET3	0.105389459291595
MID2	0.105219504762121
EFHD1	0.104900801341981
SPAM1	0.104763509540272
SPCS2	0.104727216675658
ANO10	0.104704999811827
DDX12B	0.104559082273209
C19orf84	0.104534363625352
ANKRD35	0.104410388198395
R3HCC1	0.104374193495108
ARFGAP1	0.104339896418649
GAN	0.104039349984243
EFCAB10	0.103991978620232
TPK1	0.1038917624795
PRR11	0.103788982950092
DDX3Y	0.103412626941969
CC2D1B	0.102945990900303
MAGEB16	0.102827619868206
MED30	0.102724251971043
LPGAT1	0.102586949373542
BCL2L2-PABPN1	0.102532179144074
NRAS	0.102169117545603
RAD21	0.102113503760312
CAV2	0.102081008496223
DERPC	0.101865189369599
WSCD1	0.101593147871323
HGS	0.101484593338761
MAPDA	0.101384968352269
HMG20A	0.101313196946613
ITGBL1	0.101283358716065
TRIM69	0.101245219962973
MT1IP	0.100710940256634
MED16	0.1006720102984
ZFP91P1	0.100642560009202
SHANK1	0.100354547048544
RLBP1	0.100203776835927
VTI1B	0.10012495659051
GCM1	0.099908182126571
UBQLNL	0.099868767610894
ZNF460	0.0995541642664301
SELENOP	0.0995199769336678
BAP1	0.0994843714806466
TFPI2	0.0994586687153075
SIGLEC10	0.0994143717831865
BTN2A1	0.0993681288469356
BTK	0.0991865924191178
CCDC28A-AS1	0.0989944943427129
BLTP3B	0.0989866158852886
CRB1	0.0989289678054164
FOXP1	0.0987999036395553
RPS2P32	0.0987448059844377
EPOR	0.0986588765612772
MARCHF7	0.0985944880592418
ZBTB46	0.0981546159408403
DDX23	0.0981379901754003
EGFL6	0.0980287614597474
ARB2A	0.0977648852742503
LURAP1	0.0977006213446811
GPR142	0.0975991047621004
PIH1D1	0.0972775406400284
RPL26P6	0.097056014267677
MPV17L2	0.0969069918564006
RAD51AP2	0.0967298953358022
RGS16	0.0966682970504211
EXOG	0.096575628118195
SPRN	0.0962431138394563
SERTAD2	0.0962230309653108
CHMP5	0.0962145197867123
EZH1	0.0961109265942996
GTF2IP12	0.0959434609668939
IP6K1	0.0958909335117277
MSL3	0.0955326521315957
ZNF888	0.0953342523186496
SNAP47	0.0952869525439991
ZNF569	0.0952646718907424
SLC35E4	0.0950917975859361
FBXL20	0.0950107215492122
MTCO1P12	0.0948911900354052
C19orf81	0.0947468467753044
CCNB2	0.0946580810097565
ZNF33A	0.0946084063205624
UBAP2L	0.0942164252123875
SHMT2	0.0942115924008864
BMAL1	0.0941195513204616
MACO1	0.0939679277578016
SFTPA2	0.093834004202407
ZFYVE1	0.0935268637149393
RAB11B	0.0932914270166971
DYNC1I2	0.0930115757855768
CEP250	0.0929545951946049
PMS2P1	0.0928424592553409
KSR1	0.0927784964863061
VEZTP1	0.092555900011803
ZKSCAN4	0.092491959228007
MST1R	0.0924434850368435
ZNF628	0.0924186915508011
NRROS	0.0923811732977308
CACNB1	0.0921068674920944
SNRNP25	0.0920879768215573
TRAF2	0.0919678355310496
NET1	0.091949882943989
TAS2R10	0.0919262153158912
OR10AG1	0.0919129375795232
CUBN	0.0917816475885238
TMEM236	0.0916473337478558
ABCB8	0.0913639584806041
STS	0.0912202029147507
NUDT9	0.0911815309947808
FBXL22	0.0909380296489276
TOX2	0.090894434754967
PRRT1B	0.0906893257773926
ZNF562	0.0906874874030923
HDHD5	0.0904909716548155
PPBP	0.0902987492721062
CBR4	0.0901434470727322
SLC4A3	0.0900906333941738
POLB	0.0900244805611857
PPP1R14BP2	0.0898344892882234
EML5	0.0894060196972176
LRRTM1	0.089310829687401
SLC39A14	0.0893106506330625
CABYR	0.0892666605850598
ARV1	0.0890823068406601
SLC16A1	0.0890653386078516
ARMC12	0.0890363875549735
TOP2B	0.0890010489892211
MALSU1	0.0888957591616544
CDR2	0.0887655280858424
ATRAID	0.0887194412947521
MYPN	0.0885755179079701
SNRPF	0.0885498045748728
AICDA	0.0884914482771393
TRERF1	0.088474861150152
RTEL1-TNFRSF6B	0.0884160270067577
GAPDHP35	0.0883163212133627
AAMDC	0.0882970318726262
FAM90A27P	0.0882840616677895
TMEM192	0.0880686073877203
METAP1	0.0879189378152969
NALCN	0.0877638912471425
DACH2	0.0876363017734471
RPL7AP70	0.0874832816552205
ZNF415	0.0871324517465176
ZNF788P	0.0870813674353423
RIPK1	0.0870597998427294
DHX30	0.0870342282039941
SMS	0.0870001078937323
ITM2B	0.0869723248470444
CAPN10	0.0864933220772698
THAP3P1	0.0864887284860284
ZNF668	0.0864486923812755
NPM1P6	0.0863077688108746
TRPC5OS	0.086257923652995
APEH	0.0860823612700503
CNTNAP1	0.0856459039752353
RCN1P1	0.0855545310453115
RNF144A	0.0855373514398713
PPP2R5CP	0.0853142656542734
LRRC61	0.0851033088432221
GLUD1P3	0.0848216603794985
FAM91A3P	0.084590429259573
GAS7	0.0845589144388228
SLX1A	0.0840886615570021
YKT6	0.0836274190022396
TOR1AIP2	0.0834013438724912
SMIM27	0.0832629697292934
RGPD5	0.0831642993574697
BNIP3P19	0.0825231986280754
GPN1	0.0824601751480606
PDIA5	0.08233612196051
KIF28P	0.0822078326467486
SLC35E1	0.082121463450043
KCMF1	0.0820096674486523
SPATA2	0.0818555796400091
SLF1	0.0817672010270399
PRKCSH	0.0816498514320658
TP53INP1	0.0813322400857796
RASGRP1	0.0810471893338108
DALRD3	0.0807771178545315
RANGAP1	0.0806824741046352
LSM3	0.0805676519205332
TRIM17	0.0804698385473332
AZGP1P1	0.0804689565440048
SATB1	0.0804491829713551
NDUFA13	0.0804286876501706
PODN	0.0804026596075506
LGALS4	0.0803018665572068
RTCB	0.0802846977426522
RPL23P2	0.0800959786270443
ZNF331	0.0800387754141743
WDR45	0.0800383065899303
ESAM	0.0798423838248474
ZBTB11	0.0795001576658003
MGA	0.0793920767364153
ZNF263	0.0792622507726291
SAC3D1	0.0792103235085882
PDK1	0.0791063193819041
ARHGEF2	0.0790390409989362
ALDH3A1	0.0789429150508228
RWDD2B	0.0787106514151645
ARHGAP19-SLIT1	0.0784708366614965
ITGA2B	0.0784191601052148
RTN3	0.078405014167183
ALOX15B	0.0783812387795214
MORN2	0.0783273242041932
STAT4	0.0780834257740728
LZTFL1	0.0780647275058819
NMT2	0.0775637703639199
ADCY10	0.0772848651110344
TEDC2	0.0772646235633506
NPIPA3	0.0771677192776689
GDI2P2	0.0770863308734015
CASTOR1	0.0761075585508564
KCTD13	0.0759183494047782
DVL1	0.0758797480286628
ISYNA1	0.0758286241072073
OR52A1	0.075826069440218
ADIRF	0.0756762764443679
TM9SF2	0.0756336872365639
ELP2	0.0755940137911888
PSPH	0.0755506548361559
DCAF8	0.0755277756668251
ALAD	0.0753133866463938
ZNRF3	0.0751265750610931
C11orf96	0.0746815417609912
MICALL1	0.0744601474700134
PIP4K2C	0.0743964770173658
OS9	0.0740741481212284
CUTA	0.073993971439455
CAMK2N2	0.073884187893518
CEP44	0.0738782097814293
CYP2C19	0.0737755309721098
FANCF	0.0735904129465793
MARF1	0.073584422774742
GTF2IP13	0.073572493841169
KANK1	0.0729828174668642
SPDEF	0.0729144104299796
ACTG1P24	0.0728622381028262
ZNF222	0.0728413305083019
ABITRAM	0.0728273629530727
SP5	0.0727060851538947
OR13A1	0.0726972650269212
NUP214	0.0726082164056363
LPCAT2	0.0725968360342146
PET100	0.0725449296149846
UBXN7	0.0723158607486685
MYPOP	0.0722435818993631
CDC42EP4	0.0721469824625016
WDR5B	0.0718927321556614
KHK	0.0717240359981807
MEP1A	0.0716635346430663
HSPE1P3	0.0715163553738477
ODAD1	0.0714482208313535
EREG	0.0713165479682133
CRISPLD1	0.0711524255322224
GDI1	0.0711208627255002
HCST	0.0709571224539963
FUOM	0.070817621916874
MDH1	0.0707611208918275
TEX22	0.0707266032387172
ZNF641	0.0705048148367213
FAM177A1	0.0702267745663235
F2	0.0700797580468221
DNAH1	0.0700291709649702
CLPP	0.0700116115712871
GNRH1	0.0699541000264053
SLC41A3	0.0699389626805239
SEPTIN8	0.0699197417031733
COMMD4	0.069889955374668
TMEM98	0.0697675765313752
NPY	0.0695089761824137
TCF3	0.0694790601643637
ANKK1	0.0693932550109019
GDF9	0.0693808215237555
ZNF658	0.0693663742504565
PCDHGB5	0.0692749910745239
ENDOV	0.0692415617784264
ISCU	0.0691540618791997
S100A13	0.0690505649077469
DPP6	0.068824325587236
PRKCZ	0.0687291734823921
CAMKV	0.0685039286932742
REXO1	0.0684947080317396
SLC43A1	0.0681558372184321
DDX41	0.0681251983928476
ZNF397	0.0678140250883678
ADAR	0.0677119873711109
TLCD4-RWDD3	0.0674354044016854
POLRMTP1	0.0666052795615139
GREM2	0.0665338647338056
SH2D4A	0.066463396529464
ABCA11P	0.0664577469039231
RNASEK	0.0664334603601567
GOLGA8O	0.0662338198049267
FSD2	0.0661468839418036
PRPF4	0.0660817076168981
NHERF4	0.0660116167492914
CRB3	0.0659622309165103
BAD	0.0658638801088802
LPXN	0.0658335475563273
PPP1R14BP3	0.0654869186674571
NPIPA1	0.0654025874970366
SEPTIN7P2	0.0652311632234233
ABCG4	0.0652100357695711
PAQR3	0.0652001981949791
PTPRD	0.0650953646328224
SERINC3	0.0650025346871503
C10orf88B	0.0649540734478177
ATXN7L3	0.0648706918951763
SPATA25	0.0647802372534797
SFXN1	0.0647408093650837
CGGBP1	0.0644955474826926
UNC13D	0.0644908114563635
ZNF275	0.0644857871646093
ZNF140	0.0643201618848893
RAB11FIP1	0.0643058912843931
FAM13A	0.0642631982291526
EIF3C	0.0642085649491059
BAIAP3	0.0641678918801029
GPX1	0.0641035131777694
SLC40A1	0.0639130031422916
RLN3	0.0637195458869379
YIPF6	0.0636560778454515
NAPEPLD	0.063587678585873
TTC41P	0.0632955424423617
ETFDH	0.0632634580202088
RAB30	0.0631992435169383
ISM1	0.0629528598812511
ANKZF1	0.0629349173029148
FST	0.0628673258903569
UPF3AP3	0.0628033179704821
MAVS	0.0627301621876388
FRG1BP	0.0627194327282959
TREX1	0.0624182771714319
TOP3B	0.0623658425156426
PRMT7	0.0622958615990465
DIP2B	0.0621055873466214
VMA22	0.0619962700481438
CLVS1	0.0619189345610938
RPL7P23	0.0619099978520443
EMC1	0.0618531514104573
ZCCHC17	0.0617968759168418
H1-2	0.0617927663501086
TP53BP1	0.0614955799187881
HMGB1P31	0.0612995190971001
RILP	0.0610727296786195
CSPG4BP	0.0610433425437941
TMEM86A	0.0606865007087522
ST7L	0.0605819706821878
TBC1D3B	0.0602283834398435
PDPR2P	0.0601698906670295
AKT2	0.0600173462060076
TDP1	0.0599956740349615
TBC1D19	0.0598148141600663
UBE2SP1	0.0597499107855748
IL12B	0.0596451141418574
ZNF132	0.0594510639183115
MRPS31P4	0.0594031329931518
DNAJC19P5	0.0592399055412198
ADGRG5	0.0591859451663006
NGLY1	0.0591100852243191
ACBD4	0.0588733104520616
CASQ1	0.0586811983329576
RPS19	0.0584168694045222
MED25	0.0582257297868025
TXLNGY	0.0581087978186204
CLCN1	0.0580871073210763
JMJD7-PLA2G4B	0.0580835884514554
GABRE	0.0580045762089238
RABGEF1P3	0.0579641213965395
OPA3	0.0574321373214887
ZNF24	0.0573801377859093
SMYD4	0.0571236186775348
SYVN1	0.0570260461390594
CHD4	0.0568266924758682
TRIM62	0.0567512823100889
DNAAF9	0.0565057072056101
PSMA8	0.0563806202066923
PARP4	0.0561617462311332
CHCHD2	0.0559128596933903
RPL7AP11	0.0558226340783256
KCNQ3	0.0556356412461944
MYD88	0.0556094947203844
MFRP	0.0555810131833914
NRGN	0.0552358281093998
CDC34	0.0550250285637616
OST4	0.0550232835926485
RPL10P15	0.0549281622013527
ZNF462	0.0548887642226562
VWA5A	0.0548721500361982
METRN	0.0548340858240417
RIOX1	0.0546363212472331
RPL15P3	0.0545143164110847
MRPS11	0.0544182637414741
NTRK1	0.0544088390724817
CREG2	0.0544068819285809
DOLPP1	0.0543403151116351
MBD4	0.0542776365400481
UBIAD1	0.0536708581805522
RAB11FIP4	0.0534747844970387
EDARADD	0.0534375591984462
MIGA2	0.0534231411541505
NPPC	0.053375628042888
PTGR1	0.0531563885849537
KCTD8	0.053034384765053
OR7E13P	0.0528618093525815
YBX2P2	0.0520150306152507
ZNF280B	0.0518338785200686
PCOLCE2	0.051711612689823
ZBTB26	0.051360073929914
ZC3H11B	0.0513072828861553
H3C14	0.0512834802813302
STK24	0.0511841420567676
CASP10	0.0510512410080321
ZNF652	0.050981672910915
ZNF320	0.0509516579354715
SEPTIN14P19	0.0506135234015004
LAMTOR4	0.0503150940041978
GLYR1P1	0.0500104040159783
CFAP20	0.0498278547843477
ATPAF1	0.0496859365371768
EIF2S2	0.0495615869543484
AIRE	0.0495402598851802
PPP1R26P1	0.0495314571745862
H1-0	0.0494698032689633
ERICH5	0.0492240683882215
SLC10A7	0.0491521359860336
SGPP1	0.0491294711310609
JAKMIP3	0.0491031171452201
DNAJC16	0.0490905472926665
SELENOI	0.0487878909984822
TRUB2	0.0487625078770245
CRISP2	0.0487431035229092
CLDN15	0.0486924472399603
TPI1P2	0.0482950569406397
TUBG1P	0.0482823594038155
OR7E47P	0.0482224567147249
MARCHF6	0.04802667685733
SLC20A1	0.0477728672782954
SPRY3	0.0476238806015699
C1QTNF3	0.0474537520026022
ACTR2	0.0472927038243138
SRSF6	0.0470467846185484
LINC00674	0.0469306288470758
ANGPTL6	0.0468031419932789
CCDC102B	0.0461929298199733
RPL12P42	0.0460647245116939
HNRNPA1P4	0.0459786458865714
NLGN4X	0.0458809476616954
PIERCE1	0.0458606434998639
A2M	0.045603225107862
RPL6P10	0.0452969659028336
WDR24	0.0452950433733284
TATDN2	0.0450259961594448
AVEN	0.0448297251953638
TMEM158	0.0448236864146251
SFRP2	0.0448132647183534
PRNP	0.044695611524888
TTLL3	0.0444535685625136
AARSD1	0.0444481686162351
CBY1	0.0441936420070025
C2orf92	0.043979296520948
PPEF1	0.0438616658471352
CMTR1	0.0438303567347779
IMP4	0.0438184963442019
FAM86EP	0.0436236399639372
LYPLAL1	0.0435855668032549
SPOCK2	0.0432207213402726
HNRNPH3	0.0430753630750248
ZNF815P	0.0430225080659919
TLK2P2	0.0429543672697895
KHDC1	0.0429283437085018
PIDD1	0.0427736624150106
RPSAP9	0.0426995725378016
XKR8	0.042697337917679
KRT8P36	0.0425740144473584
PABPC4	0.0424327259713968
RIBC2	0.0424022988745378
DERL1	0.0422055601132734
KNG1	0.0421878559890484
SNRNP200	0.0418601398087712
RTL6	0.0417874059814783
AP5Z1	0.0417205720476602
NR3C2	0.0416863173675281
SVEP1	0.0413106780212448
GPATCH2	0.0411644460164367
TBCK	0.041152412878065
DUSP3	0.041129331403104
FHIT	0.0409609652554953
SLC26A10P	0.0409418293303333
RIC8A	0.0409252809174994
CXADR	0.0406999837652363
ZNF521	0.0402887863093381
RIOK2	0.0402664275958749
OAZ2	0.0400942209250004
THAP12	0.0400853417476553
SLC2A8	0.0400852521187662
CCDC71L	0.0398659463991758
RPS6KL1	0.0396600747837185
DUS4L	0.0394463414643031
FTCD	0.0394039412390427
GMFG	0.0393286786333756
EXD3	0.039181157558445
OCEL1	0.0389911427407553
MORN5	0.0388762785119777
MORF4	0.0387974905061528
TPST1	0.0387791004424696
GJB6	0.0381424640145896
UGT1A12P	0.0381407585843901
CAPN3	0.0380731726305853
PSMC1	0.0379316349968999
KCNK13	0.0378400115042353
DVL3	0.0378134048369917
TAS2R14	0.0374241715303661
NPIPA8	0.0373796305106638
CRIPTO3	0.0369733055993046
BRD3OS	0.0369349536335264
CRYM	0.0368365107638827
DIPK1A	0.036610619908434
PTP4A2	0.0365248923783743
TRMT1L	0.0362383212803546
P2RX5-TAX1BP3	0.0361643261129406
ETAA1	0.0355880144372454
CC2D2A	0.0354329472611404
CCDC38	0.0353355082644141
TMC5	0.0351443220156792
BIVM-ERCC5	0.0346334356690289
USF1	0.0345597597713778
CPSF7	0.0345271170393438
AFMID	0.0345064272247678
PADI3	0.0342271889606683
ZHX1-C8orf76	0.0341110517366666
IL1RAP	0.0340480350420716
OSBPL11	0.0340237719070551
OFCC1	0.0337660456070931
ARF1	0.0336740682603085
OR7E125P	0.0331136525463516
RBM38	0.0329946827975201
DUSP11	0.0329871256669558
TSGA10IP	0.032878246181314
DLG3	0.0321146023899905
SPTAN1	0.0318820763796647
SDS	0.0318532325462922
TMA16	0.0317239982755583
RPL10	0.0316156634680765
MEGF6	0.0315818765466048
TXNDC2	0.031486928543632
MAP3K12	0.0314300566740082
IL2RG	0.0312344784550918
ELP1	0.0310831303396098
NSD3	0.0310728236186644
RPS27P8	0.0309987585152493
RPL32P32	0.0303639578475113
ARMC7	0.0303432665237543
FAM90A1	0.0302459107427307
FAM83C	0.0301780794661346
SDHDP6	0.0300412694025188
MIA	0.0297346478650022
SULF2	0.0296579005485708
EHD4	0.0292128427674317
METTL22	0.0290669188849835
CMAHP	0.0286186666642902
ARID4B	0.0285846846738158
RPL32P18	0.0281120379799307
RPS4Y1	0.027933138158712
PHKA2	0.0278935971867353
CTBP1	0.0278911481461374
NECTIN3	0.0277993673918662
CRBN	0.0277692707255071
TEX35	0.0276196965086087
KCNQ1	0.0276017365277394
CLCF1	0.0273710746510832
MGLL	0.0273022410649845
CRAMP1	0.0271340698886968
OR5H6	0.0268805995790036
ARHGAP19	0.0264356403146711
OR10G4	0.0263437535939609
ARG1	0.0261931346931246
NEDD8-MDP1	0.0260379807696493
DUSP28	0.0258603486159694
PCNX3	0.0258056395046584
PTTG1	0.0256574231558003
ABCG1	0.0256189892685194
SLC2A3	0.0255028901088802
TMEM198B	0.0254848926955397
NIM1K	0.0247147514220735
FBXO31	0.0245538148504999
PIMREG	0.0245252471735094
KCNH5	0.0244720680461498
MAGI3	0.0243968304332198
KBTBD6	0.0243829768303476
GM2A	0.0242546759648393
SARS1	0.0242413424851261
CASC3	0.0241998112262039
COL5A1	0.0240947077587193
PALS2	0.0240878096375545
CDPF1P1	0.0240747958174821
GNAQP1	0.0234141303440279
FBXO30	0.0233256566327986
TMEM154	0.0233206878254215
PDK4	0.023117151171611
RPL6P27	0.0229384866878075
DUSP8	0.0224702606177036
AGK	0.0223893863456978
ARID3C	0.0220761078340546
IARS1	0.0215335406096569
KHDRBS3	0.0213698305979123
ZNF654	0.0211542234518063
TEKT4	0.0210643775959769
EMC4	0.0210292890977322
YIF1B	0.0208917618852746
RAD1P2	0.0205888061442561
ACY3	0.0205250726502316
SHISAL2A	0.0203280726914196
IMMP1L	0.0202263822243088
CD3E	0.0202259603298907
FLT3LG	0.0201142145264482
RETSAT	0.0200420633652488
HNRNPA1L2	0.0199956828066513
MPP4	0.019894743553115
CSTB	0.0198882739081333
NRL	0.0195247185707125
SHROOM3	0.0194331850204239
VIPAS39	0.0193714467071606
CENPO	0.0193584998935614
NPM1P39	0.0192030602993148
GOLGA6FP	0.0191939428189452
PIGV	0.0191225970258035
H2AC12	0.0191207668756263
EIF2S3B	0.0190597756371456
HSPBAP1	0.0189574802139129
FAM228B	0.0187406612099142
CRTAM	0.0186883373755326
CNEP1R1	0.0186319759910688
GPATCH4	0.0183018758120656
PPAN-P2RY11	0.0182148595193818
FCSK	0.0182031374786483
FAM238C	0.0180914307810867
PRCC	0.0180803130377813
PRDX1P1	0.0180304258460816
RPS3AP6	0.017990104531348
TESK1	0.0177255431106812
IL18BP	0.0177053634471612
TMEM115	0.0176061740516607
SLC9A8	0.0176031986906578
H2BC27P	0.0176000564396931
FSTL1	0.017395045672414
RABEP2	0.0173139114160863
GARIN5B	0.0171864889551206
ACSL4	0.0168088662022797
TRIM47	0.0166167700294717
ZFAND4	0.0165782287614952
GAS6	0.0165300636412031
TMEM101	0.0165163660768216
GPR6	0.016490913500476
PLGRKT	0.0162333619226789
USH2A	0.0161704518614355
PSMA7	0.0159861739242322
DNM1L	0.015860163687448
MBL1P	0.0157613875609527
TNFAIP8L2	0.0157462647811033
RPS26P15	0.0155424963979208
RANBP10	0.0155233537582866
NSFL1C	0.015313640299033
INPP5B	0.0153071235089613
ZNF180	0.0152939656545877
SLC19A2	0.0152232062145714
POPDC2	0.0151747631675055
GRM4	0.0151016827815296
USP17L15	0.015098308688801
KLRA1P	0.015081744528877
PGBD2	0.0150699831721005
CDKAL1	0.0149897085150764
POLE3	0.014947089345743
GUK1	0.0147832862402316
CACNB4	0.0144975439476766
APBB1	0.0143901814704461
AGBL5	0.0143623345626893
EEF1A1P11	0.0143019476272065
H3C11	0.0140809078018341
NXPH3	0.0139918248366556
CLEC11A	0.0139549496001194
CDK2AP1	0.0136725380634068
ATF2	0.0134915315656426
GARIN5A	0.0133644469969704
EEF1B2P3	0.0130639761371568
RALGDS	0.0129846897225855
FAM24B	0.0129330859156937
VN1R51P	0.0127803699464087
SAMD1	0.0125393754060067
BCKDHA	0.0125093951095699
RFX6	0.0123573446666217
TUBGCP3	0.0123324216570783
KRT18P15	0.0119075114043257
CYP51A1P2	0.0112463710578722
FKBP1C	0.0111645122607331
SREBF2	0.0110374482978894
LSM11	0.0109013980908178
PACSIN1	0.0108868994284404
UCN	0.0105310891386753
SCAI	0.0104875196013072
ZNF678	0.0101883740220972
METTL25	0.00980105772760228
MACIR	0.00975790633647279
AKAP9	0.00973967455301982
CDPF1	0.0096071794580535
STRCP1	0.00937284204164491
APBA3	0.00908796749577522
ANKRD9	0.00901624078981243
FUT4	0.00896710982089878
TMEM19	0.00895829617075489
FXYD5	0.00850788076348176
ZNF490	0.0083363142884865
MLKL	0.00822181067754824
DUSP13B	0.00822026524102074
ADAMTS18	0.00818345097415852
ASB13	0.00816444845583835
SUPT16H	0.00799472044687508
RPL7P9	0.00796615717055947
SPATA31A7	0.00796472975305704
PHF20	0.00788083728394345
ELOVL1	0.00783871316503805
RAB6C	0.00781036647710935
HSPA4L	0.00776233734921137
USP54	0.00774314092782569
HPS4	0.00749730621529353
GON7	0.0074813990353815
HDAC10	0.00735112957009211
PSMB7	0.00728514055005608
IQCG	0.00724083667182973
ZNF169	0.00717318932120275
VPS72	0.00704847730757107
TRMT1	0.0070217796933354
IFT27	0.00701355162047744
ZKSCAN8	0.00698963904279294
CATSPERB	0.00675263782585497
DAP3P2	0.00672822656005792
DOCK5	0.00647521507548562
NPIPB11	0.00634315041432394
RBMS1	0.00632806132706524
GIT2	0.00631857379908963
USP53	0.0062585785978098
LRRC8B	0.00621055978816876
SPAG7	0.00616005266421018
MEP1B	0.00582454051053942
CNMD	0.00561080872829829
ELOVL7	0.00545257498054214
LPIN3	0.00536206872876632
MFSD6L	0.00532625648949691
PLSCR2	0.00512230870438897
CD200R1	0.00501423234222907
RNF212	0.00471228019060909
EIF3EP1	0.00468929978886663
TMEM11	0.0042384087057931
CCDC91	0.00422156869709297
TMEM132B	0.00416091035744154
CTNNB1	0.00387377426374683
UCP3	0.00383139239317823
STK17A	0.00382815149164246
SNX30	0.00367798079959839
CCDC69	0.0035716988059842
FANCI	0.0035214739380239
H2BC5	0.00343980356803461
ZNF248	0.00325329711627465
KCNK9	0.00312745763632907
CTNND1	0.0028983312893974
PKIA	0.00282679629204128
ZNF155	0.0025227518824986
SLC2A4	0.00236688727470197
PRDX4	0.00229331841244327
WFDC2	0.00223772675882055
PSKH2	0.00210481200631532
ACADSB	0.00198726794548033
ZRSR2	0.00197664444068113
ETFB	0.00184654448597343
FAAH	0.00175435366534434
SPATS2L	0.00163908842837627
FGF16	0.00150245326259479
RNASE9	0.0014805409949981
RPS2P46	0.00147562981991613
LMNA	0.00146609017232854
PLEKHG1	0.00140529375383279
MED28	0.00139105422356626
AGGF1	0.00129401963235724
TLCD2	0.000801641404266035
RNF144B	0.000788966954825545
NELFE	0.000729964101961057
GAS2	0.000512101855231461
SLC15A2	0.000455295289651481
RPSAP17	0.000437602192432206
LRRC9	0.000323447123845279
CLBA1	0.000229920304352683
ARID1A	0.000153126818889472
ESR2	1.14072257330049e-05
DDN	-0.000225504752994421
KRCC1	-0.000372496919961369
DCAF12L1	-0.000450615311532888
ZNF98	-0.000525212139642031
SMIM19	-0.000543174003608182
ELP5	-0.000647050345975222
TRAF6	-0.000851322044432019
ABHD17AP1	-0.000911177146016674
GAB4	-0.00092146149940306
CORO2B	-0.000954753550669758
TCF25	-0.00102734270498624
AGBL3	-0.00108443585260946
ATG2B	-0.00118245545683291
CCDC92	-0.00119688477309024
GPM6A	-0.00125192056315611
CLTB	-0.00131114108490115
IGFBP2	-0.00151070840742032
FAU	-0.0015134097276917
SPATA31C1	-0.00156270597435673
MGAT5	-0.00186398007965037
COX7C	-0.00214611585974068
SNX15	-0.00237646684521929
LRP1B	-0.00242582185855696
C19orf18	-0.00251444273894076
ZMPSTE24	-0.00273464758353151
CASP8	-0.00275312083736375
GRK4	-0.00278918352088723
ART5	-0.00282462333430307
FBXO24	-0.00285951445229188
PRPF31	-0.00286677399072134
EMB	-0.00291742761243557
SEPTIN10	-0.00303918748996994
H4C5	-0.00332413314089158
IQGAP3	-0.00343791695612143
IQCD	-0.00358655860859942
PRDX2	-0.00359951628198692
HTRA1	-0.00361931294169832
GUCY2D	-0.00374564996572893
YIPF1	-0.00418733577289862
LRIT1	-0.00433992129711989
TAL2	-0.00444766824572508
VCF1	-0.00446817378154821
NEK10	-0.00449731564582563
ADORA2A	-0.0046629256216147
MAP6D1	-0.00484643595591403
TMPRSS11D	-0.00485423475208904
CDCA8	-0.00486634366786911
ATP5MF-PTCD1	-0.00510513021716314
UPB1	-0.00518522809665143
H2BC11	-0.00519241469547212
BMPER	-0.00539538111881489
TMEM25	-0.00540057148494041
GPR141	-0.00551234975259916
CCNYL1	-0.00570656367334443
LMX1A	-0.00583847479758239
ZC3H6	-0.005984725520259
ECHDC1	-0.00609793056713027
PCGF1	-0.00614660043920149
CELSR1	-0.00630598388776543
SMARCA4	-0.00639062983388187
GCSHP5	-0.00643489770799464
SEC16A	-0.00659384741967452
PARP16	-0.00686538579112305
EVPLL	-0.00704950778408102
LSM12P1	-0.0072058712935196
ANKRD23	-0.00745266664106208
USP27X	-0.00817072976596436
APRT	-0.00836364933499365
AMELY	-0.00846627979234456
PLA2G12A	-0.00850977477475263
GXYLT2	-0.00851634872163928
TRAPPC6A	-0.0085213222987245
RBSN	-0.00860809476073891
PELI2	-0.00861752609123113
UPF3AP1	-0.00893338631274814
ATP1B1P1	-0.00895417511541955
CD177	-0.00912496676560348
H2AC6	-0.00919885837828107
DLGAP1	-0.00940151840089576
CISH	-0.00954125389444802
CARD9	-0.00966752726001042
BOLA2-SMG1P6	-0.00991265913290977
PRR5-ARHGAP8	-0.0100101433545265
CNPY4	-0.0100301418145046
IL1RAPL2	-0.0101890251839883
RBM20	-0.0102620319121889
MCRIP2	-0.010407191845984
ATL1	-0.010630627155614
LYSMD4	-0.0107513646856157
RTP4	-0.0108143592598287
TAF3	-0.0108659977130738
ZNF66	-0.0108902374395013
RPS6KC1	-0.0112450418862414
NCOA6	-0.0115813981441866
CBLC	-0.0116186957602776
RICTOR	-0.0116343389837955
FLACC1	-0.0117087517221015
PAIP1P2	-0.01202970725362
ZAN	-0.0120838014849036
PARD6G	-0.0123435753017194
ZNF557	-0.0124252626664832
EIF4A1P10	-0.0124350350981678
YWHAZP3	-0.0124605066133493
SOX10	-0.0124653533265257
MYBPHL	-0.0125241423518937
RPS3AP49	-0.0128456214804864
CDADC1	-0.0130648968176571
LMBR1	-0.0137160188200429
PARS2	-0.0137822920932811
H4C9	-0.0138153949452304
LRRC38	-0.0140019845090853
HYAL1	-0.0140082109422076
SLAIN1	-0.0140870468475409
SCLY	-0.0141015415858299
ANKRD39	-0.0141736072718763
MCU	-0.0144113655631769
GXYLT1	-0.0144572059308209
RPL10AP6	-0.0145463071956956
LDB2	-0.0146703669393213
IGHMBP2	-0.0147077459825261
DSCAML1	-0.0147400021773683
RMND5B	-0.0147655940692683
FBXO40	-0.0148656211385194
ZFP91-CNTF	-0.0149375346845445
MTRR	-0.0149782144940985
IFTAP	-0.0150913663583862
CACNG5	-0.0156878369253184
FOXL2NB	-0.0157523631019258
KLHL2	-0.0158370826177523
BICRA	-0.0159683535298051
STK3	-0.0160981662905604
GNAT2	-0.0163373028707545
TMTC1	-0.0164069062876986
NEIL2	-0.0164672065679582
H3C10	-0.0166162386145283
DSG1	-0.0166791401944791
HOMER2	-0.0167544733694522
HCRTR1	-0.016989147114834
ASF1A	-0.0171332159888157
KIAA1328	-0.0172259341748507
NAT9	-0.0174415372260623
OXNAD1	-0.017558996567436
RPSAP69	-0.0176758079285242
AGBL2	-0.017905445552926
GOLGA6C	-0.0182735988440104
SSC4D	-0.0185771217476873
SERF2	-0.018662995837068
SAXO1	-0.019271935437648
RAE1	-0.0195097273553556
GIGYF1	-0.0195115615885036
PPP4R3A	-0.0195903023945489
EMC7	-0.0196938663769189
RPS6KA5	-0.0197400006728454
SLC16A11	-0.0198093068288444
ZSCAN31	-0.0200076085225145
FGF7	-0.0200569703477018
RAB3GAP2	-0.0202527114070127
CDHR17P	-0.0204239900781438
CHLSN	-0.0204581997005163
TMEM135	-0.0206125286886592
PMS2P9	-0.0206350134158338
AKR7A2	-0.0207773742268589
EVPL	-0.0209346728325706
PFDN2	-0.0210493297160703
ATP1A1	-0.0210974396640784
MAP2K7	-0.0211424092416725
GMPS	-0.0212000655766423
ENAH	-0.0212991068592974
SRD5A1	-0.0214028001830259
HLA-DOB	-0.021407709916096
ADH4	-0.0215191807807585
HPSE2	-0.0217105268309594
PRAM1	-0.0217647646340047
FBXL17	-0.0218520959667708
DNAJC19	-0.0219869064110433
POLR1H	-0.0220765798142153
FAM86C2P	-0.0222638145304761
SMIM11	-0.0223351227489825
RPP40	-0.0223831345236824
USP42	-0.0223858601540901
MT-ND1	-0.0224807589202615
SGMS1	-0.0225879121511603
RAD52	-0.0226511823480154
TANC2	-0.0227658300079214
TBC1D15	-0.0227658791382547
CETN4P	-0.0227891961837277
IRGQ	-0.0228522208033237
RPL3P7	-0.0230813841753882
SLC4A5	-0.0231322983682812
RRAGB	-0.0232833887878082
PABPC1L	-0.0235575458503181
RNASEH2C	-0.0235741442769774
RPRD2	-0.0239685261102312
LYZ	-0.0240707233073439
CYP4F2	-0.0242769154511948
GOLGA8M	-0.0243551081765264
GPR137C	-0.0243718852164074
SNRPA	-0.0248114587172467
KPNB1P1	-0.0250152832670734
GPRC5A	-0.0250182655534288
MDN1	-0.0251486041724307
HS3ST3A1	-0.0252069233404994
CAND1	-0.025283308399288
DEF8	-0.0252873665338366
SUPT6H	-0.0254122900970544
GC	-0.0254357672986098
SELENOV	-0.0255739084356218
CD46	-0.0256537950565849
RPS19P3	-0.0256543146993193
CATIP	-0.0258898923755653
TLX2	-0.0260393742326653
GTF2F1	-0.0260677358967183
SYNGAP1	-0.0262043906165416
SELENOK	-0.026256228502157
MT-ND6	-0.0263436810784287
MYH15	-0.0263863875006386
RPL21P53	-0.0264815816954964
SPATA21	-0.0266318585434118
YWHABP1	-0.0266835479830276
RPSAP12	-0.0267712618327614
SMARCC2	-0.0268798428440352
PNRC2P1	-0.0274118057115321
DUSP8P5	-0.0274650871362277
H3C3	-0.0276310393561976
SYTL3	-0.0277399621472237
GOT1	-0.0281119928538009
RPS2P4	-0.0282409844083239
HYKK	-0.0283711663040888
DZANK1	-0.0284392590015762
ZNF695	-0.0286215861210514
RPS7P10	-0.0287128765038881
YWHAE	-0.0288423549309534
TSN	-0.0289779635678205
PCCA	-0.0289868019417508
ANKRD50	-0.0290225940187203
TNFRSF25	-0.0290961861944391
MARCHF8	-0.0291884461617676
ATP5PO	-0.0292064903129557
NCDN	-0.0295735715215636
PALS1	-0.029599281904554
KDM2A	-0.0296089434365377
CCDC7	-0.02970249263458
PGK1P2	-0.029953272962599
CCT7	-0.0300949431582094
EID2	-0.0302983957658206
RPS2P5	-0.0305160950731921
PSMC3	-0.0306344652393965
RAB5IF	-0.0307004463627098
CPN1	-0.0307008855812895
YWHAH	-0.030747855640004
MAL2	-0.0307964135288644
AGAP11	-0.030981884071975
METTL13	-0.031000705389366
SYT5	-0.0310013074459154
MGRN1	-0.0315471306694165
AGAP4	-0.0316948284174123
NLRP10	-0.0317883143616556
INO80C	-0.0319787237269014
TSPYL1	-0.0321141702122016
MINDY2	-0.0322142132477915
FBXW9	-0.0322785251858601
ZNF833P	-0.0324283913368626
NOCT	-0.0326278342106781
EPHX4	-0.032696476243137
RPS4XP16	-0.0328499923053699
KDM3A	-0.0329704791857914
TBC1D8B	-0.0331685729944521
SLC25A5P5	-0.0333988462443279
RASSF6	-0.0334179982399862
SLC67A1	-0.0336158814348834
SPC24	-0.0336292384325669
H2AC15	-0.0338270848690638
ZFAND2A	-0.0338924004469172
GPR180	-0.0339806278836173
IL16	-0.034026379037519
ARIH2OS	-0.034164970135273
PRKY	-0.0343067862856106
MAPK7	-0.0344444942548725
NBPF14	-0.0345760786815919
RAD23A	-0.0346139813070686
TRIM56	-0.0347613827690113
ACER3	-0.0348618532385839
RTCA	-0.034988618181757
ATXN7L2	-0.0351211901141662
CCDC126	-0.0352600832349616
FRAS1	-0.0352835596092299
OR9K1P	-0.0353249688863471
ZNF564	-0.0353352721220368
DHRS7B	-0.035370613630429
OR7E12P	-0.0354935812989944
POLR1C	-0.0357640553392393
MKS1	-0.035927653574219
ROMO1	-0.0360900293542488
LRRC66	-0.0361867869259328
NKX6-1	-0.0362622849176361
NCAN	-0.0363289986447037
ZBED10P	-0.0363730108614038
BMP3	-0.036466363546173
RPS4XP17	-0.0366027016556951
GSTA4	-0.0366107604129955
ABI3BP	-0.0366184417626895
CEP57	-0.0366961549935684
CRLS1	-0.0368323344485619
DCAF13	-0.0368952874968183
CYB5R1	-0.0370357181715747
SNTG2	-0.0371444648421434
SNRPG	-0.0371551892549347
SCEL	-0.0371969630263256
SPATA17	-0.0372105963317992
RBX1	-0.0372136915522831
CDCA5	-0.0373891150777986
HPS5	-0.0375098216417711
HCRTR2	-0.037532069312191
SNX12	-0.0377930201825026
VWA1	-0.0378069422649507
MIF	-0.0380650307765108
PRKAB2	-0.0382099857900466
GGPS1	-0.0383137034436958
BCS1L	-0.0383686764878185
SDC1	-0.0385249862939933
PUS3	-0.0385808715048757
SPACA9	-0.038639233378041
RPLP0P2	-0.0388335365391891
PAQR8	-0.0389240424963321
CCT6P3	-0.0391497295402384
RAP1A	-0.039323904906217
HRCT1	-0.039357953917368
ZFC3H1	-0.0394029397749271
TAS2R20	-0.0395186740841008
AARS1	-0.0395946303583807
GZF1	-0.0397123868396276
ATAD3B	-0.0397519792731263
COL4A2	-0.0399656824753774
ADAM15	-0.0399930026507635
UVRAG	-0.040413551977264
IZUMO4	-0.040590333604589
HMBS	-0.0407430413460489
TFDP1	-0.0417565366601427
SELENOF	-0.0419836533150032
AGPS	-0.0425336561385595
THUMPD3	-0.0425567517730981
SINHCAFP2	-0.042682984220496
DGAT1	-0.0428004775134638
NPM1P27	-0.0430902175087525
WFDC3	-0.0431630499471484
FAM135B	-0.0434381241680472
SMCO1	-0.0434639933301744
ZNF286A	-0.0434665476300278
ASCC3	-0.0434822975964608
CCDC12	-0.0435238354922262
UBTFL6	-0.0436118107806558
INTS3	-0.0436697683160475
NFE2L2	-0.0436871030106932
DNAAF4	-0.0439437518807912
COX16	-0.0439874543935645
NUMA1	-0.0440958814291
TDRD9	-0.0443815829542731
RTRAF	-0.0444607098710402
CYP24A1	-0.0448621219253773
COPB2	-0.0450230502805946
RNF224	-0.0451746776139695
SMIM43	-0.0452309230747635
FSIP1	-0.0452976099326467
TRAPPC5	-0.0457778176712356
RNF216	-0.0458116680949454
MCM9	-0.0459215870312272
RPS6P25	-0.0461454015426229
FCGR1A	-0.0461554765472278
SPATA16	-0.0461932069684136
SIX1	-0.0463843672767829
FAM86B1	-0.0464448104891013
STKLD1	-0.0464493193943117
SMIM10L3	-0.0464890143257683
KLHDC9	-0.0465083408107087
ATP2C1	-0.0465864571799413
PLEKHO2	-0.0466904561372601
INHA	-0.0466921459854032
PLIN1	-0.0469024868782617
DPP3	-0.0470711194397655
RPS28P7	-0.047076513470422
RWDD3	-0.0472539296936725
IQSEC1	-0.0474337430423205
REN	-0.0475816616949671
PUS7L	-0.0479082370186118
ANXA9	-0.0479688919322801
SEC22B2P	-0.0480226484209756
IRX6	-0.0480860548909468
GMPR2	-0.0483242123141553
ILRUN	-0.0483471623100011
TRAFD1	-0.048704350297181
LIME1	-0.0487300543394458
RPL31P46	-0.0487478033893533
TRIM66	-0.0489447086655889
MTNR1A	-0.0490693989397395
MEAK7	-0.049080446906679
TUBB8P8	-0.0491077806337491
CARM1	-0.0492622888404492
TMEM271	-0.0498010842825073
DMC1	-0.0500487589643826
ELAVL4	-0.0501076396892745
ST6GALNAC2	-0.0501645096240375
TMEM131L	-0.0501685694592373
IAPP	-0.0501729869387259
SMURF2P1	-0.0503523097092029
TRPV1	-0.0503599445360342
USP32P3	-0.0504412250655323
TEX21P	-0.0505829701715341
CBY3	-0.0507973132824983
REX1BD	-0.0508456662643751
NOTCH2NLC	-0.0509867581886195
GTF2IP14	-0.0511442216373191
UBXN11	-0.0511525155276973
TPT1	-0.051445242330944
NT5DC2	-0.0515534038189933
CALM2P2	-0.0516032562969564
NRF1	-0.0516355429872328
CERS2	-0.0516910911088119
IDH3G	-0.0517189929255287
SEMA3B	-0.0518304891457504
RNF2	-0.0519041836864115
SH2D2A	-0.0520542904756045
HMGN1P4	-0.052218198082105
ATP5MC2	-0.0522500078874865
MTATP8P1	-0.0522961373577519
TMEM140	-0.0523544895635135
BANP	-0.0523745971949395
SLC30A5	-0.0524489585105926
TTC36	-0.0525882523529736
GOLPH3L	-0.0527643409204086
ZBTB47	-0.0528096499112937
NKAP	-0.0528786380933116
VCPKMT	-0.0528845674214328
ATOX1	-0.0530776999733706
MYOZ2	-0.0532036024046307
AXDND1	-0.053328745789679
SQOR	-0.0535435313751619
ELMO1	-0.0536120745136382
ZNF324B	-0.0537771296888389
PCDHGB9P	-0.0538046585071194
H4C15	-0.0539457754702621
FN3KRP	-0.053966132868225
RPS6KB2	-0.0542276126456379
FUCA1	-0.0545174757102573
RBM25	-0.0546506502407055
PHETA2	-0.054697027961862
PHF3	-0.0548875099528708
MAP4K1	-0.0549488006532031
CAMSAP3	-0.0550551922855481
IRF2	-0.0551857024680636
BGLAP	-0.0553703038190615
SCX	-0.0555039769243528
AS3MT	-0.055522916776208
ATG9B	-0.0555450245903743
C1orf87	-0.055620952915178
SNTB2	-0.0556362794483699
SH3KBP1	-0.055764413145949
ENPP7P8	-0.0559759505907316
SREK1IP1	-0.0560027599312048
PLEKHG4B	-0.0561506932466521
ERI1	-0.0562478900599468
ANKRD29	-0.0565987965574726
POMP	-0.0566885371850589
NDUFB4P11	-0.0567207496210035
PAPPA2	-0.0567274712965791
OR6B1	-0.0569305534603781
RNF182	-0.0572297269776895
MYO5B	-0.0572346584756186
ZNF284	-0.0575907251052549
RPL5P4	-0.0576896836090038
SLC25A17	-0.0578247957258613
IL20RB	-0.0579757562904265
SLC35B4	-0.0580562157102119
TARBP1	-0.0582420202778305
GPRC5D	-0.0582560429036983
DAZL	-0.0583168704430442
DDHD2	-0.0583668648149994
YOD1	-0.0584072885175846
UPF3B	-0.058494020099421
ITLN1	-0.0585862407525758
S100Z	-0.0588424344767789
DPY19L3	-0.0588803895950094
POU5F1P4	-0.0589832321148437
EMC3	-0.0590714998961101
CTNNBIP1	-0.0591656903806822
ZRANB3	-0.0591881081077315
MYO9B	-0.0595160656015238
TUBGCP5	-0.0596872463779868
ELMOD2	-0.0601936778859283
ACSF3	-0.0603702463848566
MFSD6	-0.0604457126336728
RABGAP1	-0.0605197929646046
RIC8B	-0.0605843562351229
ZNF556	-0.0606517799843677
LINC02203	-0.0609395749270017
RENBP	-0.0609412936192235
NDC80	-0.0611440407458728
NUP62CL	-0.0612092301803721
MESD	-0.0613045755582572
UBE2Z	-0.0613282513558992
FAAP24	-0.0613906946646646
KPNB1	-0.0614617392846626
RPL8P3	-0.0614652980069896
HSPB9	-0.0615727647318039
PLA2G4F	-0.0615768031372737
CCDC157	-0.0616140356920912
CACFD1	-0.06162818072613
MRPS7	-0.0617104056151665
VSIG1	-0.0617105584445056
MEMO1	-0.0617461665201509
SBDSP1	-0.0617607888329898
BMS1P21	-0.0621077842584652
HJV	-0.0623490322322521
RPS2P55	-0.062607780717177
ZFP28	-0.062905078614307
JUP	-0.062989992387549
RASA2	-0.0630570540777617
ZNF226	-0.0631206375767225
CTXND1	-0.0631343731113228
RBBP4P1	-0.0633547595992749
CHRD	-0.0634416032887534
TUBB8P7	-0.0635363215190752
LENG8	-0.0637712836703444
TTC32	-0.0637870465569565
ARRDC2	-0.0638096906751771
NRBF2P3	-0.064072048237856
SEC61B	-0.0640867954626015
GNL3L	-0.0641140056981903
B3GALT6	-0.0643570382511701
SLC3A1	-0.0645242752804784
SMIM12	-0.0647069749301891
ACAD10	-0.0647463556586407
PUF60	-0.0649623741994451
TMED4	-0.0649627685383304
ACACA	-0.064996534567481
NABP1	-0.0650372225102868
FKBP1A	-0.0651524482648941
NDUFAF3	-0.0652503345735292
NKX3-1	-0.0656134150968613
GGA1	-0.065663421864691
STAT2	-0.0656951824292367
RITA1	-0.0659047876800407
SHLD2	-0.0659205341405846
ARNT	-0.0660071905022839
ATAD1	-0.0662092224177291
PCDHGB8P	-0.0662522887568067
KIF26B	-0.0667309883712901
TTC21A	-0.0672690631483797
AIMP1	-0.0673946001144358
COPZ1	-0.067449047721335
ZNF500	-0.0674966122261609
LTC4S	-0.067508444264762
GAL3ST4	-0.0675133565470599
INTU	-0.0675726259162624
FAM86KP	-0.06778023611373
DHFR2	-0.0678853256719277
DSTN	-0.0679002556819418
CEP162	-0.0680613510903117
FGFRL1	-0.0681281031085826
TNFSF12	-0.0681821633694584
SLC16A5	-0.0685828195384233
IDH3B	-0.0686819692725861
TMEM213	-0.0687180173343011
TUBBP1	-0.0687929537955108
PLA2G5	-0.0687968257627718
PLAUR	-0.069441190058211
RBM10	-0.0695762544289207
VDAC1P1	-0.0698594159342997
RARRES1	-0.0699979888185929
HNRNPA1P50	-0.0700398521967402
COL22A1	-0.0704444706512349
ABCB9	-0.0704777888571072
NOVA1	-0.0705378652920037
AKR1C7P	-0.0705833861570419
WASHC1	-0.0707390239672621
SYCE2	-0.071178913363883
HDLBP	-0.0712945451020092
FAM209B	-0.071316905693853
ACBD3	-0.0713201279162102
UHMK1	-0.0714326164302894
RALGAPA1	-0.0715452437217957
KCNH3	-0.0715837790939994
SSTR1	-0.072108141858402
ACOT11	-0.0721636839328926
ABCA3	-0.072228988011875
RGPD6	-0.0724664436500392
NUP62	-0.072820363692591
MED28P1	-0.0728514143128292
TPSD1	-0.0728514208470122
PHRF1	-0.0730215074576615
SCYL3	-0.0731448178877385
MRTFB	-0.0732121195304007
FOXA2	-0.0732293450235185
ZBTB37	-0.0732599114534787
HSPA1A	-0.0733113526339386
SPOCD1	-0.0734904633353047
HECTD4	-0.0735210233282362
TRMT10A	-0.0735769837772384
CABP4	-0.0736011077210786
ARHGEF4	-0.0736968048845725
FAM227A	-0.0737213751944941
PRRC1	-0.0738553463591062
CASQ2	-0.0739505102214766
AHCYL2	-0.0739505816769427
ALOX15	-0.0745635848966517
AMY2B	-0.0746423830973567
COL5A2	-0.07467285520927
NUP188	-0.0747567968915418
UBE2S	-0.0748693341969289
KRT8P30	-0.074888532992089
POMK	-0.0749831785190583
RHOG	-0.0751270709314168
GORASP2	-0.0751643971064554
SMG6	-0.0752489517463265
STAU2	-0.0753275810242804
LETM2	-0.0754691862538539
PHACTR2	-0.0756411066478383
CCR4	-0.0758597420604807
SNRNP40	-0.075991316677462
SMARCA1	-0.0763800993943222
MYO1C	-0.0764309943062303
RPS9P2	-0.0764903895347234
GPN3	-0.0765882011382833
LAIR1	-0.0766394077872336
POLR1E	-0.0766593305464843
TRPM5	-0.0766666137518344
ATF6B	-0.0767319171326344
MKLN1	-0.0770307613194339
STARD6	-0.0774009363631761
C12orf50	-0.0774039162445118
CEP170	-0.0774482824723419
DFFBP1	-0.0775192474170552
GIGYF2	-0.0777093437014968
CHCHD3	-0.0778374087946419
SSH2	-0.07791285075153
TMCO3	-0.0779513895153545
PRIM2	-0.0780302896554588
COG8	-0.0782553475052865
KLK13	-0.0785541060530095
SALL4P7	-0.0786258165262615
RPL36AP43	-0.0787130150978844
CDK3	-0.0789583039307484
RPTOR	-0.0792170867163608
DUSP18	-0.0792643616750126
HEY2	-0.0797622603099557
RPL4P5	-0.0798351484727145
ADAMTS7P1	-0.0798409019562862
STK39	-0.0798855011745532
TTI1	-0.0801932901331271
CHRNA10	-0.08020702625062
CCDC13	-0.0807518207399658
ATP2B4	-0.0808032162108052
HRAS	-0.0808116172283418
S1PR5	-0.0808978258613068
POLH	-0.0809517715504285
HNRNPH1P1	-0.0809832137559673
HENMT1	-0.0810737241339991
C20orf203	-0.0810770261500934
UPK3BL3P	-0.0811580329773497
CLIC1	-0.0812947908591955
ZNF593OS	-0.0814478109572676
CACUL1	-0.081452557957209
ZNF416	-0.0814541606256655
TADA1	-0.0817853321671229
ETNK2	-0.0819106141176348
CYP2C8	-0.0819135944148717
TIGD2	-0.0820500479401767
HNRNPA1L3	-0.0821455272439711
H2BC9	-0.082318772912494
HMBOX1	-0.0823677828303682
TRMT9B	-0.082573914771452
RHOU	-0.0826368016459085
ARID3B	-0.0827338554670651
FBXW12	-0.0827621705591433
ELOCP19	-0.0828343524296062
CDX1	-0.0832731995249853
YJEFN3	-0.0833226857878274
MIA-RAB4B	-0.0835051128865286
GNLY	-0.0835490549140153
TRMT112	-0.0835977945973899
MISFA	-0.0837171415599924
UTS2B	-0.0837187717778512
EOLA1	-0.0837574459771829
ZSCAN5B	-0.0837952332467709
ALG2	-0.0839287859578506
FAM135A	-0.0839733197698613
ANKRD42	-0.0843142988136764
SSX2B	-0.0843740053713943
SH3GL1	-0.0845093361573016
EIF2B2	-0.0845664517839875
TPD52L2	-0.0846680071679195
CENPE	-0.0849705906351907
USP9Y	-0.0852302717778103
EBPL	-0.0852604582787009
SEPTIN7	-0.0852754046367022
ZNF19	-0.0853094433889344
RPL30	-0.0854343849016867
MERTK	-0.0854830632719623
IGSF3	-0.0855595080961245
TMEM208	-0.0857550552682632
PRRG2	-0.0858078599917961
ZBTB9	-0.0858116613301389
POGLUT3	-0.0858432353399549
FAM72D	-0.0858542263670188
GRM5P1	-0.0863850795873371
ARMCX5	-0.0864606737261936
PRSS51	-0.0866483604737214
LCE1E	-0.0866863061739073
ATP1B3	-0.0867230416637996
HECTD1	-0.0870573947825781
PDZD11	-0.0871583288410375
ZNF518B	-0.0872270862894424
NOMO3	-0.0873240410774943
IQCE	-0.0875756220517445
RDH5	-0.0877294561758789
TMEM89	-0.0878060921567968
MIEF2	-0.0879039719824327
TANGO6	-0.0879775398475423
RNASE4	-0.0879981556832273
AKR1D1	-0.0880961745411347
PPARA	-0.0885022645334668
ALOX5	-0.0890584779848468
CFAP97D1	-0.089179307796709
NAGPA	-0.0892061397051131
HDAC5	-0.089500579388276
IFIT1P1	-0.0896046720973523
MAGEA6	-0.0896078370020257
HTRA2	-0.089643107492709
WDR26	-0.0896876326991587
ZGLP1	-0.089816005399406
ERLEC1P1	-0.0899739906067693
PITPNC1	-0.0901423570193885
STAM	-0.0903080884268624
RPL13AP7	-0.0904181493329415
RANBP17	-0.090439552788015
SMIM10L2B	-0.0905565808156815
PRKCG	-0.0905929959192443
TNFSF14	-0.0906037380297871
SRCAP	-0.0907809925377189
EME1	-0.0911736218731878
RAP2B	-0.0912604444099856
ZKSCAN2	-0.0914121987689924
ADRA1B	-0.091439174382944
NDUFAF5	-0.0915896344147236
ZNF235	-0.092246509645544
UPF2	-0.092270906199241
SLC20A2	-0.0922923075845117
GPR87	-0.0923607448288926
FBXO11	-0.0924449395953476
BET1L	-0.0927166245739799
SERBP1P5	-0.0927535079038326
COPS3	-0.0930101990255423
GRK6P1	-0.0932116797464564
POLM	-0.0932525922585246
ARPC4-TTLL3	-0.0936576327864227
NF1	-0.0937319246099069
SEC31A	-0.0937837609224274
PNMA6A	-0.094039158682247
TDP2	-0.0940563733820434
DPYSL4	-0.0942823578863757
RIMBP3C	-0.0943515632907041
HMMR	-0.0943607195143414
KIAA1143	-0.0944462427769132
CNOT8	-0.094631845209804
CBFA2T3	-0.0947580263908406
TMPRSS13	-0.0947617617274031
PRDM10	-0.0951085927058846
TOE1	-0.0955568484714941
ISCA1	-0.0956669383657518
NDUFAF4P3	-0.0956807368228318
LRRC3	-0.0956813469108376
ZAR1	-0.0960949267380545
TMEM81	-0.0962158405419154
CCZ1	-0.0966738485355638
SERTM1	-0.0966748905338924
KHDRBS2	-0.0966907058114939
MUC15	-0.096755738945187
RAB34	-0.0967993942661464
ZCWPW2	-0.0969851264544732
NUDT5	-0.0974935967733677
PRORP	-0.097834484499043
FNDC3A	-0.098129100259079
LRRC24	-0.098185063442595
RINL	-0.0984533853060458
ZNF141	-0.0984795149332792
C9orf40	-0.0985211197196377
AGAP5	-0.098980047421592
IFT20	-0.0990184100718371
STK11	-0.0990802956839241
GNPNAT1	-0.0992796802947708
KLC3	-0.0994091653582424
ABHD14A-ACY1	-0.0997810016826544
SCAPER	-0.0998540868397235
SRRM2	-0.0999101163924101
IPCEF1	-0.10029250855763
HSPE1P2	-0.100348816907554
C5orf22	-0.100378987746343
CWC15	-0.100411232943483
NBPF10	-0.100544830468669
UNC50	-0.100698933698016
CACNA1F	-0.100716845091303
PRR14L	-0.100736379791593
TPRG1L	-0.100783376261554
ZFYVE9	-0.100958798213324
MAPK15	-0.101266612037928
CENPN	-0.101453393828061
PRR13P5	-0.101786932619513
PKD1P5	-0.101884298880364
RBP5	-0.101999355455154
APPBP2	-0.102120556080131
SANBR	-0.102379342241238
NDUFB6	-0.102425807115104
RPL17-C18orf32	-0.102690516100134
MED20	-0.102894679040797
TCF23	-0.10315086330863
WDSUB1	-0.103188185935922
DDX56	-0.10329657295307
L3HYPDH	-0.103327110027851
B3GAT3	-0.103409708531924
KLHL35	-0.103583112151733
ME2	-0.103797730631408
IBTK	-0.103805930099669
SZT2	-0.10387684552794
BRD1	-0.104344718976374
ANGEL2	-0.104352628877144
C1orf43	-0.104441916566724
ADAP2	-0.104486519451005
BHLHE41	-0.104503030501292
RABGGTA	-0.104526532244072
SMC1B	-0.104932810396664
HINT1	-0.104980078190108
BEST3	-0.105133939624118
KCTD18	-0.105172435161095
PABIR3	-0.105188931403421
KPNA4P1	-0.105304857138729
CTDSP1	-0.105493137372269
ABL1	-0.105533090226628
GTF2IP20	-0.105696324465161
COPB1	-0.106020212417863
SHPK	-0.106176155320645
AAR2	-0.106552424214717
ZNF667	-0.107344819215919
ARHGEF25	-0.107451714099344
JADE2	-0.107481686246824
RYK	-0.107576950476548
NUBP2	-0.107624254436066
KLHL11	-0.107705553953551
TMEM52	-0.107989847179941
PLEKHD1	-0.108005433699266
PKNOX1	-0.108251712710387
AMER3	-0.10830718809127
MRPL40P1	-0.108377593463662
PLEKHA7	-0.108457950378811
PKD1P3	-0.10854185673889
PSMD10	-0.108767559974824
SHISAL2B	-0.10887893192538
CNR1	-0.109003478513996
SLC39A1	-0.109691307822421
ZNF707	-0.110022403221027
RPSAP15	-0.110087944141324
MFAP1	-0.110100540044001
RTTN	-0.110161638878903
ZSCAN20	-0.110225263634562
DNAAF10	-0.110321635581107
SYNCRIPP1	-0.110701035526608
CD302	-0.110730964991898
RNF133	-0.11088607951057
IWS1	-0.110939674039375
IQCF3	-0.111014084525828
GFI1B	-0.11105003670534
RPL13P8	-0.11111076108022
ZBTB8A	-0.111406259390834
TOR1AIP1	-0.111454985976826
ZDHHC6	-0.111629963592981
CREB3L2	-0.111783113411379
FRG1CP	-0.112111097408172
SLC35B3	-0.112259957902145
CDK5R2	-0.112347154188727
RAPGEFL1	-0.112450840712349
SH3RF1	-0.112498000612551
OXA1L	-0.112682252709843
RPL3P4	-0.112741287388872
AATF	-0.112765030791977
GCN1	-0.112838901962011
SRSF8	-0.112885013682574
CAV1	-0.113000927627238
TBC1D31	-0.114172305409207
RCOR1	-0.114324113595109
SPRING1	-0.114359476476522
MUL1	-0.114554622096269
SPAG16	-0.114576231447047
CDX2	-0.115050535045071
OTUD4P1	-0.115141277672685
ZNF646	-0.115193734824102
SPP1	-0.115323531714242
EHD1	-0.115485889521466
SSX4	-0.115485968143572
PDE9A	-0.115556779062744
UBE2E3	-0.115678649507065
GPR132	-0.11573858324428
KLHL8	-0.116215786026715
MORN3	-0.116492619432838
NIT1	-0.116505959441856
PUSL1	-0.11659385705816
FARP2	-0.116719466387615
TLK2	-0.116725230585041
CASKIN1	-0.117056931831255
SELENOH	-0.117105767191035
PHKG1	-0.117503898560945
MMAA	-0.117687336540904
MRM2	-0.11770436923959
CACNB2	-0.117801061023519
CIMAP1B	-0.117888887744306
BRPF1	-0.118116526163771
CLEC4OP	-0.118318430906824
GABBR1	-0.118376929209691
TLK2P1	-0.118693601611609
BLOC1S3	-0.118825915404878
PDE6B	-0.119111537606889
SRP19	-0.119148843445061
CMC1	-0.119223044935872
SRGAP1	-0.119233888785812
ASCL1	-0.119526976692176
COL4A6	-0.119644312283611
EPPK1	-0.119672407437604
CD47	-0.119711430125738
MOBP	-0.11971540962704
ACRBP	-0.119733393220948
ARF4	-0.119736956179075
IQCB1	-0.119983031226647
AGPAT5	-0.120104867913336
XKR4	-0.120128548217358
SPPL2A	-0.120199927650531
BBS2	-0.12041400025619
NEK1	-0.120461682039747
ZNF410	-0.120693464717282
MORC3	-0.120748116061299
MRLN	-0.120913287452228
PHF1	-0.121183450396723
GFOD3P	-0.121319648902705
FLVCR1	-0.121394255093717
POLI	-0.121427219853726
NRIP1	-0.122387246807832
WASHC3	-0.122696488210284
RIPPLY3	-0.122795881692064
RBL2	-0.123018466354486
ECI1	-0.123101580557949
CCDC25	-0.123630397500317
ADGRA3	-0.123906765920011
MON1A	-0.124126066285117
NCOR1	-0.124352982342675
OSR1	-0.124373426962697
FAM120B	-0.124583895578144
QSER1	-0.124649405003778
SRP14	-0.124720229402127
TMA7	-0.124864466536928
CLUH	-0.125265179575412
RPS3AP47	-0.125621713281434
LARS1	-0.125755392260161
PHLPP1	-0.125890914795573
RXRA	-0.126721300728927
ANAPC11	-0.1268203452843
PMS2P13	-0.127012768326717
COX10	-0.127040533995298
CLPSL2	-0.127087214231175
NAIPP4	-0.127185583645141
ZNF582	-0.127238830392477
NXN	-0.127264676587745
TPRX1	-0.1276203879017
SCAP	-0.127652297413442
RALA	-0.128209251166836
PCDHGA12	-0.128240646591317
OVCH1	-0.128307088961396
PNKD	-0.128810340407685
HSPA8	-0.128848166676011
DPYSL5	-0.129357435423479
RRAS2P1	-0.12941852713409
PMS2P4	-0.129451144657446
BRD9	-0.12958872144797
TMEM178B	-0.129615962182662
TNFRSF13B	-0.12963041899327
BRD4	-0.129675094929864
BTG3	-0.130154228737119
NAXD	-0.130421734835068
MRPS9	-0.130423804295599
ASNSP3	-0.130484560264682
BAMBI	-0.13050379071886
APOBR	-0.130713201831814
CD99P1	-0.130731518592269
TUBG1	-0.130780731545291
BRCC3P1	-0.130960050375192
DNTT	-0.131015644898077
TNIP2	-0.131091862847158
GINS3	-0.131574869633443
ACTG1P3	-0.131660668140049
CSGALNACT2	-0.131797198314061
CDCP2	-0.131845400135267
CFAP73	-0.131969465572755
LYSMD2	-0.131971026819556
RABGAP1L	-0.132006158792207
BUD23	-0.132148802044157
IPP	-0.132274438347299
PLEKHF1	-0.132584149331825
PRRT2	-0.132816390165377
OR2F1	-0.133108818534087
DNAH9	-0.133295090555862
LAMA1	-0.133417316423967
NME9	-0.133863553526552
PRELID1	-0.133940063558728
MICAL3	-0.134336827180596
TXNDC17	-0.134771693281757
PIAS4	-0.134839720222108
POLR2MP1	-0.135170034508266
EIF3I	-0.135672027601556
RBM43	-0.135686073757257
HSF1	-0.135817690870036
CSDE1	-0.13597598788275
TEP1	-0.136508755231614
JPH1	-0.136790128019907
ABHD16B	-0.137313046110427
ZFYVE27	-0.137350120950703
SYNC	-0.137597778822087
OXR1	-0.137695500820287
NUP35	-0.137921431846923
SEH1L	-0.137951252595505
TMEM18	-0.13809544137292
CCDC191	-0.138174467557329
USP38	-0.138248528620817
DDX50	-0.138958841788894
STAC3	-0.139370634795664
PTCHD4	-0.139428436614413
SLC25A35	-0.139450793546767
CPA2	-0.139574216921915
TAPBPL	-0.139723084451126
TAF7L	-0.139845676282998
RRP12	-0.140009125700331
EXOC3L4	-0.140015834671101
SMIM1	-0.140162630477144
JAKMIP1-DT	-0.140657530254734
VAMP4	-0.140792732103354
TFEB	-0.14115199880721
BCL6	-0.141270420470698
FICD	-0.141319488158239
RAB2A	-0.141497592870325
TPM3P6	-0.14152138013202
CPNE4	-0.141927257473378
PPIAP14	-0.142214723090481
PCDH15	-0.142390158714811
ILKAP	-0.142515509914629
STAT6	-0.143038874193546
RSAD1	-0.143169528902458
ZNF660	-0.143461389114349
RPS2P7	-0.144055858846234
CCNB3	-0.144300563517534
INSRR	-0.144334972181972
RPL7AP6	-0.144596630792368
ZNF532	-0.144714850158964
ELOVL2	-0.144765266824333
VDAC2P5	-0.144965345092236
GTPBP3	-0.145343570646629
COQ6	-0.145560234065249
VRK3	-0.14561123338135
MAP3K7	-0.145732352985317
SULF1	-0.145945018741141
PDF	-0.146181813962601
SSBL4P	-0.146222033272305
ZNF519	-0.146305972345116
TCF12	-0.146315908894963
PTPN11	-0.146357432791237
CES4A	-0.146670960750953
GPR157	-0.146674443259268
CTSLP3	-0.14690474741171
C22orf42	-0.147113581706913
GPLD1	-0.147122465665583
NXF4	-0.147347950894325
BCL6B	-0.14744804807275
ZMYM6	-0.147454505996099
MAGEA12	-0.147817566028405
FAM8A1	-0.148124125522682
NEDD8	-0.148185729561293
ZC3H13	-0.148317773725863
RPL7P1	-0.14861389245165
RPL17P7	-0.148647225794345
MAPK4	-0.148720981541538
MCM8	-0.14909563884949
TXNRD1	-0.149289719966768
SLC28A2	-0.149376310525208
FBXL4	-0.149779569040659
C1QL1	-0.149813937517301
CAMK2A	-0.149913198958213
DTWD1	-0.150703992950427
STK25	-0.150865808289974
KLHL31	-0.150967751912995
KANSL1	-0.151060938144457
RFX4	-0.151174551782745
ANOS2P	-0.151244981606408
RANGRF	-0.151404316485177
CLUAP1	-0.151510428429217
EIF4BP3	-0.151637953503951
ABCF2	-0.151770270869609
CAP1P1	-0.151771681273772
SKA1	-0.151773851539536
SERBP1P6	-0.15185462409542
SPTSSA	-0.151934296425122
DCTN3	-0.152202769051456
KHNYN	-0.152615317770429
MYT1	-0.152989157013605
UPP1	-0.153069530180704
ZDHHC8	-0.153189835114706
DMTF1	-0.153243300441449
NME8	-0.153329617891897
KIAA0232	-0.153589693505528
RETREG2	-0.153624905856941
TNFRSF11B	-0.153642207940269
DNAL4	-0.153779017530107
PLCL1	-0.154153424807439
SORD2P	-0.154213944299436
MMP28	-0.154305286059566
SLC36A1	-0.154421047461866
RPL4P6	-0.154637445131565
RTF2	-0.154669919030686
ISG20	-0.154907877454188
PANK1	-0.154921948214779
USP30	-0.155634000769999
LEMD3	-0.155755683669251
ARIH1	-0.155872779327386
ANP32B	-0.155960731409522
RCC1L	-0.156072662234234
RNF146	-0.156082729975571
AP5S1	-0.156390523022352
SKI	-0.156557368988107
MPHOSPH9	-0.156626487679308
MYO1A	-0.15678713637641
TKFC	-0.157172592064285
POLR2E	-0.157278644127244
ASPHD1	-0.157310123611708
LRP5L	-0.157495182645828
GAPDHP62	-0.157520141307102
LEF1	-0.157811248876087
FAR2P4	-0.158073978635247
H2AC17	-0.158346197422007
RNF115	-0.158827903968575
SMN2	-0.158921637635743
BMS1P13	-0.159047417758631
DNAJB1	-0.159101296489319
XPOT	-0.159352841969056
FURIN	-0.159510337443997
LONP2	-0.159864181506125
FDX2	-0.159900703224095
LSG1	-0.159913325872613
MAGEE2	-0.16026201468954
UBE2D2	-0.160300912551205
EPPIN	-0.160789262459806
CEP97	-0.160840652056139
C11orf65	-0.160878477552057
PTPN13	-0.161048475498625
GPR176	-0.1611278210104
PLS3	-0.161158081329768
GABARAPL2	-0.161459730491273
ADHFE1	-0.161694297075349
SETP14	-0.161764189177071
SRRM1	-0.161829023429237
NPNT	-0.162139725701888
CAMK2N1	-0.162152372236929
ALDH8A1	-0.162243641135485
ZBTB14	-0.162526109848553
NDUFV2P1	-0.162604526494137
TBX20	-0.162683125791468
MAGEA2B	-0.162763140860983
VANGL1	-0.162849679050922
EFS	-0.163301188366527
MROH3P	-0.163313563863403
KCNE3	-0.163313639779009
NTNG2	-0.163652019135098
USP45	-0.163674611292366
HMGB3P22	-0.163748843303367
CYP20A1	-0.163780532898818
GOLGA3	-0.163897777143022
BTBD8	-0.164027342597831
UBAP1	-0.164034123386041
DDX60L	-0.164224206683254
H3P36	-0.164264931833853
C9orf72	-0.164418298608792
JPT2	-0.16444548890928
MST1	-0.164573388558814
SIRT2	-0.164745679115398
TST	-0.164858454953904
EZHIP	-0.165036391501974
PA2G4P5	-0.165306110605779
CHRNA1	-0.165430359997336
MICAL1	-0.165506572358515
RBAK-RBAKDN	-0.165572443244718
TBPL1	-0.165586648615706
HYAL3	-0.165731056579259
TOP1P1	-0.165889401612898
RILPL1	-0.166270798889868
PCBP2	-0.166312554992142
CUX1	-0.166331054596265
NRG4	-0.166342129905455
ZNF268	-0.166480511526226
PPP6R2	-0.166600538535641
HGFAC	-0.167494421951604
ASB1	-0.167545281161075
SNTN	-0.167553104084469
PBK	-0.167652351264208
USP2	-0.167727620237754
SYNJ2BP	-0.168029921698006
C5orf58	-0.168039146317889
CCAR2	-0.168131246806703
ISG20L2P2	-0.168149823543565
MECR	-0.168184494616363
CT55	-0.168541815291172
CFAP418	-0.168877391455142
PGAM4	-0.168892193590554
PLCD3	-0.168918429823683
LRRIQ3	-0.16909722224641
CIDEA	-0.169099748895359
CAPN5	-0.169668106918719
STRADB	-0.170243042922438
RAB8B	-0.170329533105969
MED26	-0.170480256396858
ZNF2	-0.170529190184679
C2	-0.170592348164995
CENPS-CORT	-0.170699091608784
CAMSAP2	-0.17075077623481
ABHD13	-0.170759267218192
ATG7	-0.170801239263208
ZNF20	-0.170965886350754
SLC26A7	-0.171015869522969
RHEBP1	-0.17141538905313
OXER1	-0.171459988806257
XDH	-0.171462413240259
ATP6V1C2	-0.171473752942782
FRG1DP	-0.171832855142862
LY6L	-0.172062719344315
LAT2	-0.172363375016836
RPA2	-0.172645966888787
IFI27	-0.172693257466093
NDNF	-0.172792406844412
SLC25A3	-0.172832171820129
IKZF4	-0.172842089208162
TMBIM7P	-0.173973035559882
ADGRV1	-0.173992516190278
ACTR8	-0.174071193927283
RPSAP52	-0.174089726934376
STK26	-0.174099678954489
ELK3	-0.174199734533538
PPP2R3A	-0.17438793639853
C17orf114	-0.17442031864262
MIER1	-0.174433993050697
FAM169BP	-0.174469846736688
MTRFR	-0.174571907880351
TAF10	-0.174995994971019
CISD2	-0.175073831381121
HSP90AB3P	-0.175081730519848
CLHC1	-0.175149228924427
RBPJL	-0.175164054642307
ERO1A	-0.175212008697005
MRPS31P5	-0.175261456848618
RBBP4	-0.175599850633435
INPP5E	-0.175634205987057
TAX1BP3	-0.176163324968592
C21orf58	-0.176240404729684
GTSE1	-0.176257410306794
WDR46	-0.176327559684971
LCNL1	-0.176464462436788
IST1	-0.17651720862697
CACTIN	-0.176972013874199
KRT18P4	-0.177008857712734
GLA	-0.177013154288678
GRAMD2A	-0.177132887221251
H4C16	-0.177365244542093
C1QTNF6	-0.177379558833932
RPS4X	-0.178142639056569
ZFP37	-0.178699145716257
DSCAM	-0.178709049623552
CCDC80	-0.178718407812111
RRM2B	-0.178729730711637
PRKAR1B	-0.178796450406803
REXO5	-0.178869382056594
MSH5-SAPCD1	-0.178879074004785
C2orf72	-0.178884602158906
POLR2L	-0.178906464424931
HNRNPUL1	-0.178933808526488
FLT1	-0.178934409668898
PRSS21	-0.178945413443161
RPL14P1	-0.179042514414639
KRTAP5-10	-0.179100286188741
SLC14A1	-0.179101165041199
ITFG1	-0.179634566731415
TAF15	-0.18000445432451
FPGT	-0.180147638696172
CTBP2P4	-0.180234295370168
DNAH6	-0.180272161485721
PGAM1P8	-0.180319897023634
PHB1	-0.180474586264898
SLC23A2	-0.180481474199806
STX16	-0.180605571145166
ASIC1	-0.180648634540972
UBE2FP1	-0.181052677132263
SLC2A5	-0.181127317685309
DCLK1	-0.181533308109702
UTP20	-0.18158636292201
GOLGA6L3P	-0.181725015100057
CDK12	-0.181926877863042
FLNB	-0.181949456465766
TPTEP2	-0.182451102449645
CHMP4A	-0.182709285001417
LRRC46	-0.182776772795045
TERT	-0.182834393383964
RUFY3	-0.182882920848692
ENPP7P4	-0.182984449035527
CSPG4P12	-0.18299940576894
SLC29A4	-0.183041143550727
LRTM2	-0.183073640990237
CHMP4BP1	-0.183523943184531
SYT16	-0.183526905058845
UQCC4	-0.183528017826438
FFAR4	-0.183667562249766
TBC1D29P	-0.183797644043281
H3C12	-0.184040500314636
ABCC5	-0.184092357115109
RPS20P33	-0.184476150109587
NEK6	-0.184563007868701
MFSD3	-0.184822420441546
PRRG1	-0.18498317340142
BRD10	-0.185061685533613
ZNF561	-0.185075082858853
BRPF3	-0.185198629760873
ZNF597	-0.185262115059878
HSPD1P11	-0.185267286432016
NSMCE4A	-0.185556673867628
SLC5A6	-0.18556883276634
CENPV	-0.185607091109677
TXNL4B	-0.1856189016647
SGF29	-0.185624977226067
ABCA1	-0.185806124740185
LIN52	-0.185831812699761
ZNF541	-0.185978829428406
PROZ	-0.186425872298433
UBXN1	-0.186500126864051
PPM1B	-0.186877656887968
RASGRF1	-0.186992529532275
TUB	-0.187097198277035
TMEM126B	-0.187106218048336
COIL	-0.187560219134788
SCYL2P1	-0.187826743568297
CHMP2A	-0.187923871180387
AGAP12P	-0.187958334385219
HAUS4	-0.188002975909156
AIFM2	-0.188315103453603
ZFY	-0.188441271728805
ANKRD18CP	-0.188452149589837
C12orf42	-0.188540136181806
RPS2P17	-0.188563481996938
KLC4	-0.18866141133098
CARS2	-0.188737313664865
MAGOHB	-0.188832346362888
ERG	-0.188882691555013
LRRC37BP1	-0.18930274900163
SORBS2	-0.189310551127246
ZNF75D	-0.189334644282375
AJM1	-0.189340654969042
INTS1	-0.189654808547318
USP12	-0.190055743805528
UBA3	-0.190328705097429
FAM221A	-0.190363219258827
C19orf44	-0.190381111924717
GPKOW	-0.190518207727537
LXN	-0.190570834220328
THAP6	-0.190997458926698
NATD1	-0.191027804320389
TNK2	-0.191096016912781
TMSB15C	-0.191345978114903
HAL	-0.191591502879343
WARS2	-0.19175374145367
VCX2	-0.191804482318615
ZNF548	-0.191971904673204
SPRYD3	-0.192089560580035
ANO5	-0.192093251914745
ELK4	-0.192283495018155
PCDHB15	-0.192418823186647
RPL13	-0.192428580641878
TSPAN8	-0.192740618908143
RPL7P47	-0.192777480013819
RUFY2	-0.192817881229564
MYO3B	-0.192878410831399
PGBD1	-0.193315464679055
PLEKHA2	-0.19338322479694
GTF3C6	-0.193536842129868
MRPL4	-0.193565190577612
RPUSD2	-0.193838795940723
NMRAL1	-0.194027564624989
SUN3	-0.19435741994028
LLGL1	-0.194986511576453
ANKRD36B	-0.195170338264724
NSUN6	-0.195232186331885
NRBF2	-0.195526580624526
ZSCAN23	-0.196113449756992
SMARCD3	-0.196385746320002
AFAP1	-0.196405180168636
DNLZ	-0.196660621098534
BCRP8	-0.19728140369324
RP9	-0.197327710180227
TARDBPP2	-0.197526837185732
DBIL5P	-0.197750876493154
CEP290	-0.197828959319025
SLC25A3P1	-0.197847559704029
IP6K2	-0.197851535574739
SBK1	-0.197875414587884
RAPSN	-0.197907935423673
KLF1	-0.197928098738501
BRAP	-0.198126637028708
CIP2A	-0.198530685392376
FAM131A	-0.198795510221875
SLC25A22	-0.199150385137348
SLC30A6	-0.199416725303132
RPL17P18	-0.199614616961015
LUC7L3	-0.199865106995897
KDM5C	-0.199923706664391
FAM13C	-0.199941825834829
RPL32P16	-0.200023666438462
ANKRD63	-0.200075352304934
HNRNPA3P3	-0.200094591205715
VN1R42P	-0.200540178139382
CES2	-0.200820758183209
BORCS8-MEF2B	-0.200899717289446
TSC2	-0.201322432867355
TRIM54	-0.201681780071403
DOCK7	-0.201686865508939
EAF2	-0.201977591930492
UFSP1	-0.201985911896958
SEPTIN7P9	-0.202142973817867
ZNF93	-0.202211660684855
BBS9	-0.202542473038317
TSPAN12	-0.202565127121977
UTP14C	-0.202852555709101
H2BC19P	-0.203022556866725
EME2	-0.203064196726337
SAMD5	-0.203245221985926
PJVK	-0.203711796511715
SNRPA1P1	-0.203728051109286
GBA1	-0.204108219722265
HELB	-0.204269628977033
KHDC1L	-0.204586122599083
STRA6LP	-0.204923977424155
TRAF5	-0.205197317932572
RAC1P2	-0.205409060465018
SVIL2P	-0.205588024146102
LIG4	-0.205766784688435
HFM1	-0.206340748636955
GSTT2B	-0.206844630658801
RAC1	-0.207391320562015
RPS27	-0.207502271119019
SLC6A2	-0.20752292405604
IGSF9B	-0.207547121348274
ASF1B	-0.208226551031829
HNRNPA2B1	-0.208821320949936
NEUROD4	-0.208977625256528
ZNF324	-0.20910156135638
YRDC	-0.209112672286947
GRWD1	-0.209482616718472
RAB3B	-0.209696440572225
FNDC10	-0.209749770176818
ACTL11P	-0.209823238699127
EML1	-0.209894973727625
SUCLA2	-0.20991287223116
PCDHGC5	-0.209948169276284
RPL13AP22	-0.210150492527772
CRYGN	-0.210402623005835
CLEC6A	-0.21055845858882
PDE4DIP	-0.210763124031849
RPS9	-0.210853947033106
TENT5A	-0.210866474585158
TSPAN6	-0.210951420179713
GDPD1	-0.211464939608238
HSD17B4	-0.211659518216459
H3C13	-0.211661172450404
FAM161B	-0.211765296937654
CFDP1	-0.211917256487149
SLC47A1P2	-0.212028374826792
LYN	-0.212040057134407
DDOST	-0.212072577794912
URB2	-0.212170131286017
CHP1P2	-0.212269306833577
H2BC8	-0.212284790392827
RASSF7	-0.212477394110565
ISCA2	-0.212566200191432
CYREN	-0.21271414762379
IFNAR1	-0.213239017306118
CLU	-0.213367610833168
TMCO1	-0.213494746763947
TTLL2	-0.213525417800327
TMEM132A	-0.213756041316962
MRPS14	-0.213979905522887
GCNT1	-0.214064858898933
POU2AF3	-0.214164453370673
SIX4	-0.214328693678066
PAMR1	-0.214341761526429
SCART1	-0.214578882454492
MRPL46	-0.21483594486888
KRT8P39	-0.215424173106525
ZNF653	-0.215534538660555
C3orf62	-0.215577838795417
PPM1L	-0.21558405287857
RDM1	-0.21559063695116
KCNA2	-0.215625447060998
AADACL3	-0.215807181435552
APOLD1	-0.216064436863445
RAB6B	-0.216181337815197
SRGAP2D	-0.216234403307968
NSMF	-0.216318538571004
STYXL1	-0.216558452035368
RCBTB1	-0.216605637228628
TM2D3	-0.21662539035276
TYSND1	-0.216857651593441
FAM131C2P	-0.216945864975916
EVA1A	-0.217020665075233
TUBB8B	-0.217108709631743
AGAP13P	-0.217138355807623
POLR3K	-0.217161831793101
ABHD17B	-0.217242057127282
GYPE	-0.217251446696308
ADCY8	-0.217263408444652
IFIT2	-0.217467720206777
KLHL21	-0.217630335817202
LGR5	-0.217710623004658
RAMAC	-0.218027847659793
RPS26P58	-0.218177286708105
HSD17B8	-0.218273831569232
CREM	-0.218472212030599
FAM3C2P	-0.218474494555514
ANTXR2	-0.218656124799936
RNF141	-0.218903070985307
ZMIZ2	-0.218948242281756
VAMP1	-0.219115582437906
TREML1	-0.219685776770986
IGF2BP3	-0.219786525034464
PRSS30P	-0.220590414350856
PAX2	-0.220763410008208
PES1	-0.220975854310081
REV1	-0.221623918504097
SLC2A3P2	-0.222047147572714
PPP6R1	-0.222279072311631
EGLN3	-0.222312268706407
IKZF2	-0.222705126729772
CTBS	-0.222814619227353
BAIAP2	-0.222944881474372
TIAM1	-0.223006617674944
ABCF3	-0.223204608746122
NCLN	-0.22321548776878
KDM5A	-0.223234995710313
PLEKHH3	-0.223237495234555
CPPED1	-0.224096832228312
DNAAF19	-0.224259422557538
SLITRK4	-0.224633375931194
GDAP2	-0.224776527522211
DDRGK1	-0.224779652272821
SPMIP1	-0.225672053481789
MC5R	-0.225872292321305
GLRX2	-0.225992865180769
LUZP1	-0.22605049360129
PLA2R1	-0.226395493516221
SPATA9	-0.226402348480012
CD99L2	-0.226494806915511
EDNRB	-0.226924473090859
RMI2	-0.227032025884334
OR2L2	-0.227054023379604
LOXHD1	-0.22746501792165
MTAP	-0.227790732802646
RPS26P19	-0.227849898111911
EIF4ENIF1	-0.228012315914639
METTL5	-0.228149026124383
TRMT2B	-0.228227257045547
SDHAF1	-0.228277944403041
TBX6	-0.228285669000087
CCNY	-0.228527506349165
RPL21P118	-0.228692557433561
ATP9B	-0.228697838641311
CDC25C	-0.228877719470571
SP140L	-0.229046564802077
OR5H8	-0.22915468579027
FUT6	-0.229285771833006
IRF2BP2	-0.229763318005242
ARX	-0.230196438617977
SPAG5	-0.230436397525359
HLA-L	-0.230576573802705
MRFAP1	-0.230608616067936
CCNF	-0.230886249454388
RPL19	-0.231220651692692
GPR151	-0.231281426552885
HES6	-0.231505545453086
FAM220A	-0.231663113976827
MAN2A1	-0.232101474847718
UFL1	-0.232136560339302
RGS4	-0.23216460845684
ATP6V0A2	-0.232166699938947
TNFRSF13C	-0.232173646320729
SYCP3	-0.232486183899306
GRAP2	-0.232564086108225
SWAP70	-0.232808656744864
AACSP1	-0.232889387051122
RMDN1	-0.233269877914775
SMCHD1	-0.233429213889436
SYNPO2L	-0.233467052795592
SLC38A2	-0.233790219627352
NEURL1	-0.234104482740865
AP3M1	-0.234152241401136
CDKL1	-0.234335627822806
ENTREP2	-0.234754979882072
SUMF1	-0.2348634526683
DNAJC7	-0.235579048290359
VN1R87P	-0.235639946363091
ZC3H7B	-0.235775936741072
FAN1	-0.235971049439606
TINCR	-0.236019818969695
ACOT2	-0.236082612333541
B4GALT7	-0.236545214334073
EIF4A2	-0.236704496723183
RS1	-0.23691346015143
DBF4B	-0.237174466825331
APCDD1L	-0.23722261410871
ADAMTS13	-0.237780979083907
SRM	-0.237856312598264
NFU1	-0.237866481085665
TLR6	-0.237968492630497
WDR31	-0.238021273312159
ST13P6	-0.238171796978598
SMURF2	-0.238390297647003
XPO7	-0.238468120536375
SLF2	-0.239080095035146
FREM3	-0.239362665025873
TMEM94	-0.239482013077114
SLC12A6	-0.239716191485553
ANKRD20A18P	-0.239767708704117
SCNM1	-0.239833648940012
HAGHL	-0.240115022299775
SH3BGRL	-0.240136395485808
ZFAND5	-0.240228416639117
GNAI3	-0.240809080883185
ZNF354A	-0.241028158567687
IFT22	-0.241158523041838
PPA2	-0.241253312461561
AARSD1P1	-0.241258748662635
MOCS2	-0.241353175900876
ZNF572	-0.241643160437644
NUP50P2	-0.241691033181336
GHDC	-0.241811163110181
TMEM47	-0.241948942739562
RCOR3	-0.242321152106472
KEAP1	-0.24239952466322
H2AZ2	-0.242528303126179
DDX59	-0.242826839171036
CHD1L	-0.242967803500075
MFSD14A	-0.243034441415484
FRMD5	-0.243194296542675
ST8SIA5	-0.243266368587788
CD96	-0.243443814968045
TCEA1P4	-0.243558572905989
PPIP5K1	-0.243628683588271
MCTS2	-0.243995712882183
GART	-0.244045809954434
PI4KB	-0.244249560400111
CSAG2	-0.244298769698895
C9orf78	-0.244514057374048
ARSK	-0.244818833053656
SGCD	-0.245149413503703
C14orf39	-0.245360257691718
RNPEP	-0.245493024942173
SRGAP2B	-0.24560669798256
SYPL1	-0.245620101641774
PDIA4	-0.246284099767179
C1QTNF9B	-0.246987271712018
NPIPA9	-0.247272501870334
GPS1	-0.247524968057469
LIG3	-0.247757629634565
IARS2	-0.248174489230168
PAQR6	-0.248298600164536
CSAG4	-0.248428898771002
CRACD	-0.248819490604338
BPHL	-0.249412300305093
OR7E14P	-0.249905409281426
GSTM5	-0.250183865841808
CNST	-0.250321011951555
GPRASP1	-0.250798142110223
TNFAIP8L3	-0.25079985229716
RMC1	-0.250806052725213
PFKFB4	-0.250875687001362
PRR12	-0.250914070731853
FRMPD2B	-0.250927825745206
ORC4	-0.25121017831075
IDH1	-0.25129381247108
MFSD9	-0.251342529249859
PPIA	-0.2518012978274
MLH1	-0.252126007015963
PSME4	-0.2521940545981
VPS37A	-0.252275511210271
RNF148	-0.252442171733479
VAPB	-0.253096983273885
ZBTB39	-0.253312007907842
SPEG	-0.253383475632311
ACSL3	-0.253652211634987
PPM1G	-0.253719534758621
FGFR1OP2	-0.253794327690525
TMEM41A	-0.254138159714117
SHOC2	-0.254257485375798
ACAA2	-0.254283737019501
NUDC	-0.254636561419789
ABCA17P	-0.254724106613105
D2HGDH	-0.255021235106289
UBE4B	-0.255327770446093
GID4	-0.25554073748247
RPL11P1	-0.255601776182432
KRT8P3	-0.255698407961689
LMNTD2	-0.256218663147805
BMS1P1	-0.256326232022654
FAM149A	-0.256675128231156
MCRS1	-0.256828962698956
CYP4F29P	-0.257349428303992
STX5	-0.257463539961834
USP19	-0.257553653985181
TIMM10B	-0.257992120483419
COA4	-0.258099708053288
PARM1	-0.258409301488815
CCT6B	-0.258470118308685
SNHG32	-0.258487832698853
CSK	-0.258585160287339
ALKBH4	-0.258764779358591
TEN1	-0.258799068977575
ROM1	-0.25880388807243
DNAJC17	-0.259223444875304
FAM110D	-0.259238467471211
AOC3	-0.259453565728266
TP53I13	-0.259698454020366
ALKBH7	-0.259772190816459
AFG2A	-0.25987091793356
ARMCX4	-0.260223688621262
ZNF536	-0.260225278339343
TFAP4	-0.260332825272285
SLITRK5	-0.260514726399461
SUGP2	-0.260902023168529
HSPB1	-0.261151629078778
ZNF658B	-0.26126367290272
ZDHHC23	-0.261375698843661
HNRNPA1P10	-0.261408964428999
DNAJC5	-0.261453321365751
DFFB	-0.261474282249198
NDUFB8	-0.261652816998261
C1orf174	-0.261704846772494
SPATA6L	-0.261764895362819
KEL	-0.261782525270419
RPL21P37	-0.261795574480879
VPS45	-0.262043478158512
SLITRK2	-0.262065609157231
GATD3	-0.262195440192009
ABCA15P	-0.262298393160185
FRG1	-0.262382757688388
WNT11	-0.262394889878548
HNRNPA3P6	-0.262612378722161
TLR1	-0.262868990097524
MC1R	-0.262974012457195
AIMP2	-0.263046102484595
ANXA5	-0.263215928299757
ADCY2	-0.263261017783377
NOTCH2	-0.26345647613245
RPL12P16	-0.263519864184088
UBXN2B	-0.264055518216593
SELENOO	-0.264217423845375
SRRM5	-0.264326857013833
ZNF250	-0.264654890058313
NCS1	-0.264667760397731
H2BC26	-0.265360535966364
ALG11	-0.265635724797667
TOR3A	-0.265779494831527
FSTL3	-0.26593579587662
PXT1	-0.266027228734575
TPM4P3	-0.266175426064792
CIB1	-0.266904152470717
IPO11	-0.266931074439104
IL36G	-0.267058345795019
PIGL	-0.267263033610799
ASPM	-0.267358152028689
FRG1JP	-0.267888776406157
SPTB	-0.268053876535542
DCAF10	-0.268339072557898
CCDC51	-0.268367384479088
CCDC106	-0.268971354540696
RACGAP1	-0.269266325816157
SNRPE	-0.269267723265065
HMGN2P15	-0.269570138107699
ANGPT1	-0.269623992767787
KAT8	-0.269718949314689
EIF4A1P2	-0.270223972040817
BEND5	-0.270619865458525
RPS26P47	-0.270621875430267
DNAJB6P1	-0.270667887668972
MKX	-0.270683155830262
LCA5	-0.27090903318168
TRIM35	-0.270926051824112
HPCA	-0.271074098661921
MOSPD1	-0.271210345481139
GABPAP	-0.271236548238466
FAM53A	-0.271618548971314
NFKB1	-0.271633430288163
HNRNPA1P7	-0.271706240760808
DNASE1	-0.271753995995142
GALNT15	-0.272213646304226
BRINP3	-0.27249128406816
WTIP	-0.272615286339398
ASH1L	-0.272965000970262
VWF	-0.273224607195197
NSUN7	-0.273546039718586
DDX39B	-0.273629954000387
GCHFR	-0.273901679764735
RGS12	-0.274292371054198
ATPAF2	-0.274389482059646
KLHL20	-0.274403499740072
CHCHD5	-0.275692742105371
VPS35L	-0.275828831718505
GSPT2	-0.275906943366335
XPNPEP3	-0.275979105923231
PTGDR2	-0.276230445975625
NIPSNAP2	-0.276687429580368
RAB6D	-0.277037169650592
GNL2	-0.277087111131126
RPL32P2	-0.277220085783001
AK6	-0.277508262311719
EFCAB15P	-0.277521528195804
EFNA3	-0.277552978440776
FTLP3	-0.277682959041991
KATNIP	-0.277726490703799
SPRYD4	-0.277793257972141
PHF10P2	-0.278341474223534
PRR3	-0.278406163681423
PLCXD1	-0.278479845590779
SPEF2	-0.27865677303886
SP3	-0.278720221583814
PAK6	-0.279000187236651
BMS1P7	-0.279153547908784
KIF13B	-0.279320656419026
COMMD8	-0.279414005333167
SPG11	-0.279736679107927
ICA1L	-0.279782587841894
TBC1D27P	-0.279791958124566
TRAPPC2	-0.279954378605181
SNW1	-0.280611718973539
FAM86HP	-0.280655683321323
PABPC5	-0.281179002549922
PPP1R3E	-0.281237575489044
VPS9D1	-0.281324777373808
CNDP1	-0.281593564220209
RPL7AP66	-0.281657514174148
IRAK1BP1	-0.282036676110791
FBF1	-0.282088714652422
COG4	-0.282144786408949
HPS3	-0.282218566911954
PTS	-0.282258853985661
CNTF	-0.282319026605673
SHBG	-0.282337627549408
ARMCX3	-0.282591918994889
HDDC3	-0.282591997658802
PAN2	-0.282713970810889
RND2	-0.282729964846782
MOK	-0.282947826753608
NOXRED1	-0.283065582467804
PRSS44P	-0.283113534939965
BTLA	-0.283884407173576
SMDT1	-0.284162682942345
CEP128	-0.284173300802857
ERCC6L	-0.284394458648136
TEN1-CDK3	-0.284639635265529
GATA3	-0.284880762158096
GNG5	-0.285070493441624
IQCN	-0.285090794364232
CCNYL2	-0.285216686089355
H2AC11	-0.285371832693514
MMD	-0.285423195899346
EDC4	-0.285430148422425
KIF14	-0.285481484267673
SLFN5	-0.285570741105283
POLDIP2	-0.285635846691622
MSS51	-0.285672902513562
USP36	-0.285715143991048
GZMM	-0.286168886931614
SOWAHC	-0.286235109943895
DNAAF5	-0.286316274990658
CAMK2G	-0.286415211810749
INPP5A	-0.286896722288573
ABHD5	-0.286911595331722
THOC5	-0.286943541631845
RHOXF1P3	-0.286972079389242
KCNK1	-0.287010113613
FAM90A24	-0.287025642206141
SNRPC	-0.287560330180361
TNFSF18	-0.287670633413111
ASPRV1	-0.287837160900261
EPHX1	-0.287870265909805
RWDD4	-0.288330789386758
CDC14A	-0.288354096555218
IL13RA2	-0.28904261595257
PPFIA4	-0.289304547275412
PJA2	-0.289350081027449
FSCN2	-0.289686672435267
METTL1	-0.289951231159766
ZNF7	-0.290091715211249
ZBTB4	-0.290125785357859
PMM1	-0.290134120813523
SLC18B1	-0.290220170538282
ZNF280D	-0.290250973976322
MMS22L	-0.290322654408403
CFAP97D2	-0.290622036681561
RAB43P1	-0.290996305195313
CNN2P9	-0.291054455104544
RNASE10	-0.291078330157588
RPS2	-0.291126429344175
GGNBP2	-0.291145147882564
ZNF404	-0.291329352631264
SLC39A8	-0.291593522528526
EIF4G3	-0.291868957265362
RRN3P3	-0.292664043973196
DENND2A	-0.292999696089534
VPS4A	-0.29391487742029
RPA4	-0.294241357075375
LZIC	-0.294476943926118
TSSC4	-0.294659453493585
CCDC28B	-0.294714977687614
KPNA6	-0.294760812240261
ZNF550	-0.294863927401315
ATXN3	-0.295444162115836
HBP1	-0.295549658132922
PPP4R1	-0.295735929667667
MEFV	-0.295742309368944
ARID5B	-0.295759422209382
SCRIB	-0.295765396971357
CYSTM1	-0.295969518813854
PROC	-0.296157312053525
MRPL36	-0.297080852665007
ELL2P1	-0.29712473881709
LDHC	-0.29713716195892
FKRP	-0.297230862779704
PMS2P8	-0.297372537043103
ARMC8	-0.297573274560621
SF3A2	-0.29781740522846
GOLGA8B	-0.297898644921281
EEF1D	-0.298001503001809
CLSPN	-0.298025197144498
RPUSD4	-0.298234008946748
DPY19L2P3	-0.298460307132851
BAK1P1	-0.299293428743159
ZNF566	-0.299887060709721
KLF10	-0.3006098538121
MYEF2	-0.300682589977795
ALKBH1	-0.300722968490142
ZNF684	-0.300916359397987
MTMR2	-0.301322266182093
RSF1	-0.301514444750487
NUBPL	-0.301604647221032
LRRIQ4	-0.301792036651048
ACYP1	-0.301919776621668
METAP2	-0.301982557696397
ACAA2P1	-0.302191557163021
NHLRC1	-0.302235388228585
TBC1D2	-0.302293113375668
GPATCH8	-0.302382058489914
NUAK1	-0.302560672964411
ADPGK	-0.302663437206482
MYF6	-0.303323358268716
BTRC	-0.303352393195477
RPL10P9	-0.303631690652252
MTG2	-0.303757325952752
CDK10	-0.303960098473484
PROCA1	-0.30397055425957
CYP2T1P	-0.30405137968921
MYRFL	-0.304588568360936
EBLN2	-0.304711401472209
AKR7L	-0.30473765707265
ATP6V0E2	-0.304794696871742
TPD52L1	-0.304908328319399
ANKIB1	-0.304983558017401
GADL1	-0.305121531226319
C12orf60	-0.305209842118605
MARVELD2	-0.305392667288856
NDST1	-0.305405597568655
GDPD4	-0.305592941013687
ERC1	-0.305644641223693
AK3P3	-0.305844061553153
DPH5	-0.305885249852015
TTC39C	-0.3061888201608
HERC2P2	-0.306212481711476
GOSR2	-0.307128317127005
CEBPD	-0.307337044582618
SERPINB8	-0.307423516268061
DFFA	-0.307437864819554
RARA	-0.307831110444429
FMC1	-0.307930638876082
HOOK1	-0.30803941101829
RNPC3	-0.30817991474424
HLA-DQA1	-0.308421782182003
H2BC18	-0.308597207007976
ZC3H14	-0.308927806320771
GOLGA6EP	-0.309515816198153
RECQL	-0.309547488146368
ENTPD6	-0.309633732284324
LAP3	-0.309719892334673
AP2B1	-0.309730866121808
CARD6	-0.309757981404281
GGACT	-0.310158415865119
TBC1D28	-0.310320615908522
PGBD5	-0.311251338859085
ACTMAP	-0.311377040813964
WRN	-0.311468413346491
OR2AG2	-0.311576491437571
MRPL54	-0.311662455270687
RBM42	-0.31177864415177
RPL12P8	-0.311804226536116
PUS10	-0.311882918922613
GABRG2	-0.312254015477523
NAPSA	-0.312407111121336
ITPKC	-0.312818200286328
ZNF189	-0.312907232809081
KIAA1958	-0.312982672898201
PPP1R3G	-0.313000718373123
NOL9	-0.313155119769764
DYNC2I1	-0.313430359490246
CCT6P1	-0.313737035859291
TBL3	-0.313836764162082
HS3ST4	-0.314019520153271
RXYLT1	-0.314123578388288
YY2	-0.314167625183044
CPNE7	-0.314260967498189
GRK6	-0.314315655280627
NHEJ1	-0.314482680018559
TXK	-0.314709469175552
ARHGEF19	-0.3147206058953
TRPC1	-0.315193681180963
CHKB	-0.315210767790611
TEX264	-0.31524615337234
CCDC144NL	-0.315399139635615
DHDDS	-0.315649341684908
CLN5	-0.315726861201871
SARS2	-0.315870717929189
GAS1	-0.315872244617939
VPS13A	-0.315965714520042
GPT	-0.316061563878744
PSMB2	-0.316082168052637
KRBOX4	-0.316343402135821
GPBP1	-0.316362924372343
ALDOC	-0.316397048762707
ARMH1	-0.316539134368706
PFKL	-0.316720000412057
DDX19A	-0.317440859847198
NDN	-0.317897348343413
RPP30	-0.318432892325364
RARRES2	-0.318446122373165
MCMDC2	-0.318648432035416
CSAG1	-0.319108193025844
FOXL2	-0.319175221725426
SCFD1	-0.319245044638326
TNIP1	-0.319271108366159
NME6	-0.319543306667954
EMC10	-0.320065767783322
MED7	-0.320071141583902
ERLEC1	-0.320116828433944
GFPT2	-0.32049307912193
PRSS45P	-0.320668943669843
ZNF624	-0.320681019321331
SERF1A	-0.320755138018011
AP4M1	-0.32084140117639
GTF2E2	-0.321009719550604
ZNF781	-0.321161057681487
ZDBF2	-0.321574228709783
FBXW4P1	-0.321630524135544
PLAC8	-0.321704853273737
RPS29	-0.321716226389756
PPP1R42	-0.322425633064538
SLC2A14	-0.322505924419358
CP	-0.322634815787594
OR2C3	-0.322666068036313
GPX2	-0.322764407173156
ZNF112	-0.322828179985048
NDP	-0.323291121534789
IMMT	-0.323303813861883
MADCAM1	-0.323413046174062
DNAAF8	-0.323423251037061
LRFN3	-0.323629042744163
USP34	-0.323954336842484
LRRC37A7P	-0.324028617950728
CYP4A11	-0.324344897728536
C2orf66	-0.324418603659533
BMS1P3	-0.324696885804561
ZDHHC7	-0.32483801781906
PELI3	-0.325105865763368
ZNF280C	-0.325201321997462
TMEM88B	-0.325422478079127
MORF4L1P1	-0.325523855949653
ZNF674	-0.325570914433354
EPS8L2	-0.325805106237981
PMEPA1	-0.325983127040085
MSANTD1	-0.326053217459395
ASCC1	-0.326117079738742
MCRIP2P1	-0.326148007940497
ZNF571	-0.326584895651785
MELK	-0.326748100865194
MTCO2P12	-0.32684492159197
DLK1	-0.327208299428498
LAMTOR5	-0.327301627740983
CMAS	-0.327617362066788
MAPK6	-0.327793530236913
DNAJC6	-0.327872872759265
AKR7A3	-0.328027340657135
JKAMP	-0.328229743802344
HSD11B2	-0.328305081699876
ZNF790	-0.328339568423831
RELCH	-0.328444468236875
KCNH2	-0.328496330376266
TXN	-0.328943003148904
ZNF77	-0.330012224954159
ADPRM	-0.330021108155794
RPSAP26	-0.330133048078899
LRGUK	-0.330217863282391
SCYL2	-0.330232857857767
TXLNA	-0.330799417022676
NKD2	-0.331249659357061
RNF208	-0.331272102541405
WASH4P	-0.331776386956434
LIFR	-0.331944455378624
SNUPN	-0.331986648687739
TIMM44	-0.332036899458987
LUC7L	-0.332107994591597
MASTL	-0.33226237185955
MRPL58	-0.332523931750043
BNIP3P16	-0.332774590486523
DNAJC4	-0.33278481706094
PDXK	-0.332833998072679
CDHR4	-0.333278875006176
STXBP4	-0.33354761957509
DTNB	-0.333728402814997
ABHD10	-0.333778857926946
EMSY	-0.333887921894417
ACTR3C	-0.334135231240537
SAP30BP	-0.334263612980492
MNT	-0.334303348813014
CPNE3	-0.334400857664007
TCERG1	-0.334735721130655
SMAD1	-0.334954537942232
DVL2	-0.335149269076181
ALMS1	-0.335284757134672
ARHGAP28	-0.335496688355871
MAP6	-0.335544451019092
PRAG1	-0.335786513440878
HPGD	-0.336509554533203
FBXL7	-0.336676275630351
TCF19	-0.336861024298057
NECAB1	-0.337270229337101
CLDN7	-0.337505521765474
PHOSPHO2	-0.337798908446972
PRB3	-0.337820304214809
REDIC1	-0.337869394347749
MIDEAS	-0.337891341910393
AMN1	-0.338059339144743
KRT18P17	-0.338918433847137
DDHD1	-0.338951303148657
PGPEP1L	-0.339069494184864
C1orf122	-0.339134176232171
ZNF676	-0.339276341306355
NTAN1	-0.339540062200876
CCDC116	-0.339618876006165
RNF5	-0.339762657111155
HCCS	-0.340098016330937
MCEE	-0.340182648821177
RPL23A	-0.340216102140837
DNTTIP1	-0.340228994697493
PTPN20	-0.34055774340988
ADSL	-0.34088370141172
NEURL2	-0.340995504535158
LINC01881	-0.341099504522979
AEN	-0.341549108917687
PTPRVP	-0.3415631009068
AUNIP	-0.341577074858419
MTCP1	-0.341862374236695
ASIC4	-0.342100819604762
GPALPP1	-0.342200963877032
SKINT1L	-0.343013651528397
CACNA1A	-0.34303621506764
TMEM61	-0.343123439527171
ZNF830	-0.343217866397672
POLR2J4	-0.344002622344282
CFB	-0.34406237066004
ELAVL1	-0.34426823197857
ARHGAP5	-0.344445116815316
ADAMTS2	-0.344505584881605
TIMM50	-0.344519042498014
UBE2SP2	-0.344539048205313
ZNF322P1	-0.345059455068718
COG3	-0.345083463423191
ZNF852	-0.34564041833502
AP3B1	-0.345738434025916
PTTG1IP	-0.345864395851017
ZFP30	-0.345949342350639
RPL4P4	-0.345967192173168
KRTCAP2P1	-0.346134196591447
NFYA	-0.346213920594785
OTUD3	-0.346508877867588
PPCS	-0.346553928701652
PARP9	-0.346980457112184
CDC123	-0.347185755826611
ZNF345	-0.347227179767014
USP40	-0.348006122640379
ADH5	-0.348137787537467
ANKRD13D	-0.3490659761477
REEP3	-0.349124629003122
SUDS3P1	-0.349130177780799
CYB561D1	-0.349149532654502
SLC13A3	-0.349192384609542
TRPC7	-0.349262782502445
MRPS26	-0.349423020821111
ZNF547	-0.349481942781637
ST20	-0.349532418482932
PRMT9	-0.349599864413475
KCTD21	-0.34962862732246
ZNF334	-0.349708763524709
HMGN4	-0.349865918085404
ERCC8	-0.34994075964719
NOP56	-0.350021030524276
NPFF	-0.350371810442531
GOLGA6L17P	-0.350386885601942
STK25P1	-0.350469082824905
STRBP	-0.350494084349552
JMJD8	-0.350808327046762
PPATP1	-0.350900364947596
TSC1	-0.351032807496476
GUSBP9	-0.351456185188914
ZNF593	-0.351480787574603
EDC3	-0.351481502291704
PMFBP1	-0.351761254918584
MYOZ3	-0.351791715190405
CHMP2B	-0.351941340918402
WDR36	-0.352535571912469
AMH	-0.352659327485611
ANO7	-0.352857876565541
TMEM30B	-0.352892297055207
ETHE1	-0.35309297845163
OSBPL5	-0.353484053019551
FRYL	-0.353581498165624
TATDN3	-0.353782873711126
CNOT6	-0.353807740412576
ZNF542P	-0.35394446918209
PEX13	-0.354023533882533
MARCHF1	-0.354197547155554
C8orf76	-0.354223881617746
TRH	-0.354316712644329
GLULP6	-0.354456131026715
METTL15	-0.354728141611499
TBC1D22B	-0.354741810000853
ABCB7	-0.355081490834394
TUSC2	-0.355442859000642
SEC23A	-0.355483024998403
CTHRC1	-0.355891633613835
SERTAD3	-0.355990484809834
KLHL36	-0.356224076232652
SLC33A1	-0.356437707286859
KCNIP2	-0.356695973685341
PBLD	-0.35671229446742
PRICKLE3	-0.357011087451272
EIF3G	-0.357105552244192
CAMLG	-0.357377594754714
PIK3C2A	-0.357444985272385
THBD	-0.357566389577818
TTI2	-0.357718481260784
NKX6-3	-0.357777085088736
ACAN	-0.357797435009931
FTCDNL1	-0.358363158107748
PHTF2	-0.358544867000506
MRPL24	-0.358727194359869
SPMIP4	-0.358774278656153
GBGT1	-0.358844115785176
RABL2B	-0.359169293610427
TMEM237	-0.359288090751795
RPSAP54	-0.35931061058573
PCDHA1	-0.359811269126518
GLOD5	-0.359877548634567
GPANK1	-0.360026946603826
SSUH2	-0.360120029910139
GCSAML	-0.36033305959438
MYBPC3	-0.360394585865842
OSBP2	-0.360492146675148
ANKRD20A3P	-0.360583029744853
ATXN7	-0.360611062620674
BTG1	-0.360631498704116
NOC2LP1	-0.361523783296097
FANCA	-0.361649885744018
AZU1	-0.361710145265364
SMBD1P	-0.362167620954715
ZSCAN1	-0.362272873879054
RPL18AP3	-0.362348737725692
BANK1	-0.36239677949714
BMS1P2	-0.362505477813467
ZNF596	-0.362714536427176
SUPT5H	-0.362857398054305
FAM118B	-0.362933798054136
PCDHA4	-0.363129307330304
RAB38	-0.363200295449951
DAB2IP	-0.36327219293661
KCNQ2	-0.363687902584512
NDUFB1	-0.363861581960185
MIGA1	-0.363975618050025
TERF1P5	-0.36400189706019
MAGEF1	-0.364670095672496
LRRCC1	-0.364828828323233
LDAF1	-0.365083668845095
C12orf56	-0.36526213302397
MCL1	-0.365358847481452
PDCD10	-0.365361135239124
FBXO7	-0.365852618574873
MVB12A	-0.366282087002912
APOA5	-0.366347998124163
SLC30A1	-0.366392961961326
CNOT11	-0.366627559326417
STX3	-0.366695608843179
SERF1B	-0.366716378270567
TBC1D25	-0.366784220822567
TSSK6	-0.366831441874326
POTEE	-0.366941194514274
PLEKHG2	-0.367232717783984
NUTM2F	-0.367325221579617
PIN1	-0.367650802228602
PNPLA6	-0.367700876827174
ABR	-0.367916372336781
TSKS	-0.367926927966233
HTR2C	-0.368122329212174
ETS1	-0.368498230514237
ADRM1	-0.368562882893336
PNOC	-0.368909809068934
INHBC	-0.368917040573299
PSMA1	-0.368960440996977
PHF8	-0.369105319833013
QKI	-0.369326740712863
ELOC	-0.369439926572718
CDX4	-0.369701814113606
THOC1	-0.370037231204815
BCL2L2	-0.370063076586083
RPGRIP1	-0.370210972517571
UQCC5	-0.370228549463383
SLC25A37	-0.371003966628694
NPM1P24	-0.37125324400805
MDM4	-0.371317476215863
PAAF1	-0.371425583335915
PI4KA	-0.371451480970489
ZNF367	-0.37190241763989
PRRC2A	-0.372742086711465
SORBS3	-0.372952905519945
ZNF845	-0.373845458893228
RPL41	-0.374034301016232
MRPS10	-0.374070369417353
CENPBD1P	-0.37412250468815
EDRF1	-0.374218745106822
MATCAP1	-0.374638229820309
KLHL25	-0.374922421266904
CD200	-0.375246100594016
EPHX3	-0.375275628372406
PSMA2	-0.375315429098307
STOML1	-0.375319891442093
SNX11	-0.375514778140186
DCAF12	-0.37554544747378
STEAP4	-0.375580909929775
HACD2	-0.375740214515266
STX12	-0.375878531600743
TTYH1	-0.375913765233518
CASP8AP2	-0.375960419936801
ATG4A	-0.376429270570823
PLAA	-0.376441666023788
SMAD6	-0.376461816754454
PCYT1B	-0.376692084041649
PC	-0.376736246081194
KLB	-0.376980433050815
PSME3	-0.377006597834999
CYP2F1	-0.377123527022377
TMEM128	-0.377408997394933
LAMTOR1	-0.377471520163166
UBALD2	-0.377795374832953
ADAM20P1	-0.377988919970938
PCDHA9	-0.378495768617185
C1QL2	-0.378551025742069
LMNB2	-0.37879600061224
UNK	-0.378805180135851
KHDC3L	-0.378846606363448
FRG1EP	-0.378886457088764
KNSTRN	-0.379142517197162
IFT70A	-0.379145029013652
AGTR1	-0.379348519409466
TBC1D26	-0.379659872044938
RACGAP1P1	-0.38013129861239
SETBP1	-0.380332903949743
GNPTAB	-0.380401170164712
RTBDN	-0.380472012729714
CX3CR1	-0.380516925235107
TBC1D10B	-0.380754960965108
OGFOD1	-0.380964886605639
CFAP65	-0.382041240630552
REL	-0.382159062315183
FZD4	-0.382225172895853
COPZ2	-0.382406068044755
WNT9A	-0.38275993561902
TAS2R60	-0.382973231805573
CCNQ	-0.382977195533602
TRIM26	-0.383118080419504
BTNL3	-0.383276335612679
NRN1L	-0.38341173796576
FAM89A	-0.383583973253429
ADAMTSL5	-0.383678227754591
PBX1	-0.38372163729846
ANAPC13	-0.383863653229584
IGDCC4	-0.38387586153765
CENPC	-0.384039929119448
TMEM59	-0.384686448325473
BST1	-0.385015307829006
MTERF4	-0.385124900792752
TBC1D13	-0.385247511062741
ZNF767P	-0.385625846182963
MAMSTR	-0.385736777262668
GSAP	-0.385801096666753
CBLN3	-0.385943803122175
EPPIN-WFDC6	-0.386068980020356
FAHD2A	-0.386504580556909
CLEC4C	-0.386546243910426
RAB2B	-0.386582734267029
KIAA1586	-0.386717954096493
COPA	-0.386758063447604
TOLLIP	-0.386998075637365
CYB5R4	-0.387044033006242
LPIN1	-0.387065236263475
RAP2C	-0.387286540395789
NAP1L5	-0.38732060964507
MZT1	-0.387350858198883
PARP15	-0.387483319468483
DBN1	-0.387665368766058
LLGL2	-0.388231977087002
OCLNP1	-0.389051058030637
SNRPA1	-0.389104809975124
VPS18	-0.389117309210716
DEFB131E	-0.389194017666968
SGTB	-0.389542890101192
NDUFS6	-0.390097642074918
CYP2D7	-0.390257956553571
B3GNT4	-0.390343660236779
TIMM22	-0.39043454508179
TRIB2	-0.390536058039271
C4orf36	-0.390593281961119
CFAP100	-0.390697020948285
CD99	-0.390999499077371
AGO4	-0.391183611866221
ST3GAL6	-0.391414806885593
ZDHHC17	-0.391518372687552
PXDN	-0.392001299827423
XIAP	-0.392646757162688
FSAF1	-0.392769444013757
MAP2K6	-0.393355056603037
RPS24P8	-0.393643737033388
SLC5A5	-0.393827643452875
BNIP3L	-0.394239036261274
GABRD	-0.394258527936221
ERVK3-1	-0.394512103475472
CERKL	-0.394535222898557
ZNF823	-0.394623904744732
LIAT1	-0.395573287610761
GNAQ	-0.396067064377057
WFDC10B	-0.396129392169023
SWT1	-0.396268399074125
MAP3K15	-0.39647872984772
ADGRG6	-0.39662142228766
DHRS3	-0.396693076860417
PTPRK	-0.396941654887996
NAXE	-0.39697839389209
CRCP	-0.396997154555221
PTPRN2	-0.397331893695654
RPL35	-0.397413547379374
RPL17P50	-0.397641019442765
MYLK4	-0.398132170270158
RBM23	-0.398315802817661
RPL17P39	-0.398380483306679
KLHL18	-0.398475541674029
FBXO3	-0.398513240658096
ZNF423	-0.398956482759388
INPPL1	-0.398976596003113
NUDT15	-0.399085417420967
RNF227	-0.39935888546708
GLG1	-0.399379897724728
DCTPP1	-0.399415832739546
C5orf34	-0.399994042120466
C1QL3	-0.40006265204881
EIF4E2	-0.400836279010736
SLC37A1	-0.400909987099122
PCDHGA6	-0.401451077517829
TTC27	-0.401667338906869
RPLP1P6	-0.40209720805774
ZBTB17	-0.40252511644003
TNR	-0.402901515017738
ANKRD10	-0.403110070528023
PERP	-0.403146996558056
DTX3L	-0.40321050744838
IRF9	-0.403647601046473
ZBTB18	-0.403829090514455
ZNF223	-0.403899841906243
CASS4	-0.404008518681968
CAMSAP1	-0.404252162196939
VPS26C	-0.404933959700208
ASCL2	-0.405016643613053
CYP3A5	-0.405386582240028
PANX1	-0.405570991316127
ABCC2	-0.405621002044899
REXO2	-0.405661465838249
TSSC2	-0.405892864832378
BAG2	-0.406242936844029
PKN2	-0.406892093405178
IRF3	-0.407073027081679
GEMIN8P4	-0.407087291784339
NFIC	-0.407192566866967
CYP3A43	-0.407296187952405
BTBD9	-0.407439845430933
SPCS2P4	-0.40744771446751
ARSD	-0.407772199913281
TMED7	-0.407942278219661
PEX14	-0.408385535526928
THTPA	-0.408631122316864
TRIM63	-0.408704238751217
GJB7	-0.408723421394066
ERRFI1	-0.408977848830431
EIF3F	-0.409113392713019
C16orf74	-0.409612276489602
GPS2	-0.41001730464005
HLA-C	-0.410067943816108
TESK2	-0.410142864444766
LRRC78P	-0.410221959041061
SOSTDC1	-0.410256721824569
B3GNT2	-0.410765617342855
PPIP5K2	-0.410941228923863
FERMT3	-0.411048364761422
ACO1	-0.411213453917879
ZNF821	-0.411508362440537
MYO1G	-0.411818417446461
SKP1	-0.411944684734333
UBE2D3	-0.412251332613162
RPS6KA3	-0.412462903056782
TSHR	-0.412647806465652
SGO1	-0.412649520818307
AK9	-0.41304467784544
SH3PXD2B	-0.413391333596347
OR51B5	-0.413789735582461
DOCK8-AS1	-0.413933730030339
PDSS2	-0.413997069814903
SPIN2B	-0.414024203509307
GAD1	-0.414305988128465
RAB4B	-0.414353572547729
INAFM2	-0.414801834202529
PDE4DIPP7	-0.4156195146613
ENPP7P5	-0.415665376989294
CIMAP1D	-0.41613112992073
IPO8	-0.416131817523694
WDPCP	-0.416288006825582
PDE8A	-0.416291782620238
KLHDC10	-0.416535879792774
EFCAB5	-0.416700836867786
ZFTRAF1	-0.416716288792077
PDHX	-0.416734951828262
NPM1P9	-0.417047783869836
LRRC23	-0.417342195470753
INTS14	-0.417367920754806
TARS1	-0.417431908393143
PBX2	-0.41755013549646
COA8	-0.417589350069131
ARL15	-0.417707819236698
ARCN1	-0.417771895439528
RAB15	-0.417774699562532
ITPR2	-0.417901594303478
MAML1	-0.418209095776464
TTK	-0.418784957308139
ARFRP1	-0.418843179919025
FHL3	-0.41923311527611
MCM5	-0.419534956122691
THAP4	-0.419655112595474
CSRNP3	-0.419715211560523
EXOC3L1	-0.419929008866592
RABIF	-0.420372373123635
METTL2B	-0.420396885733061
BTBD7	-0.420980945599392
PRIM1	-0.421005142354693
GTF2I	-0.421846745441901
KLHL17	-0.422215972643691
MAGEA8	-0.422424993348995
CAP1	-0.422561783399433
PIGS	-0.422609322548934
ITIH4	-0.422614537361416
SLC38A5	-0.42268275864818
VPS25	-0.422734490094059
LRRC37A2	-0.422873427749164
DDX18	-0.422916463751178
GUSBP4	-0.422990975142945
SLC2A11	-0.423536750685141
STYK1	-0.424186556854153
SLC25A46	-0.424274228872198
MDP1	-0.424660124779656
OAZ1	-0.42466445747978
MGAT4C	-0.424710950631162
ZNF688	-0.424949929015189
KAZN	-0.42521316698638
ARSB	-0.425471641217638
SERPINE2	-0.426068596733136
EIF3M	-0.426209011243209
CCDC127	-0.426263088215381
CPTP	-0.42639038546044
PEX16	-0.426588337153944
TEX9	-0.426782365815147
MRPL51	-0.426837711467811
PGLS	-0.427554635862382
POMT1	-0.42777202902209
RPGR	-0.428600442187756
GK5	-0.4286051528551
RUNDC1	-0.42861062507436
CA5B	-0.428624505311573
OSBPL2	-0.428940448010195
ZNF483	-0.429056073815041
SLC35E3	-0.429090337551328
CD151	-0.42924777220043
FIP1L1	-0.429286946683993
DNMT3L	-0.429590242817243
TMEM258	-0.429942964864386
CLMN	-0.429950778166781
DDB1	-0.429980893008859
C1GALT1P1	-0.430669452996672
SYDE2	-0.430691151970706
MYCBP	-0.430792119032799
DENND4A	-0.431067291919061
RAPH1	-0.431175972241888
AKAP3	-0.431245750834843
GAPDHP21	-0.431348435730286
HSDL1	-0.431530790320678
FIRRM	-0.431571104658526
SEC24A	-0.431633394347247
TTC9C	-0.431713898300285
PGAM5	-0.432145270952559
C12orf43	-0.432193549511112
POT1	-0.432311153944547
RIN3	-0.432313594124731
ELAPOR2	-0.432347375453848
ZNF555	-0.432570116921082
ORM1	-0.432591130118254
GABRA1	-0.432815566454329
PABPC4L	-0.433404289416439
TPI1P1	-0.433574693069535
OCLN	-0.434265644443007
PGAM1P7	-0.434368028114962
KAT6B	-0.434385468549897
WIZ	-0.434403740698366
DCAF1	-0.434571492287139
GOSR1	-0.434730565514792
LHFPL5	-0.435403394255231
USP15	-0.435736398975235
CYP2C18	-0.435829997486184
ZNF8	-0.435975941680913
CYB5D2	-0.436245380005039
NLRC3	-0.436308287676491
PNPLA4	-0.43650453211682
UNC45A	-0.437130733937284
RPS15P4	-0.437261472068402
WWP2	-0.43743302128048
SNAPIN	-0.438028355202876
HOMER1	-0.438192185851671
COMP	-0.438752968844526
RPS3AP21	-0.438876128263382
POM121	-0.438922636343222
PCDHB3	-0.439065135328515
C13orf42	-0.43909505720011
SLC47A1P1	-0.439451000400958
MSANTD2	-0.439631605604848
EIF4G1	-0.439864576727102
C5orf24	-0.440533321951631
TBC1D3E	-0.440587039568
KDM2B	-0.440608011166732
ZNHIT3	-0.440869792485409
CLUHP3	-0.441172356945665
CYP2E1	-0.441442595240035
FIGNL1	-0.441471050122458
ATP5MJ	-0.441600014115043
GAPDH	-0.441688554679522
CLN6	-0.441829213715559
GARIN1A	-0.441985944851357
NPAS2	-0.442167671565277
ERVFRD-3	-0.442307291885863
M6PR	-0.442341224359386
TACR1	-0.443920562188334
SLC22A1	-0.444002164827658
PPP2R5E	-0.44417967236744
FKBP2	-0.444191922934827
MSH3	-0.444679449036593
TAF13	-0.444912893110724
WDFY1	-0.445449302330286
ZNF471	-0.445537922959764
DUX4L26	-0.445548899028578
VBP1	-0.445569468503511
CCAR1	-0.445957456570063
MTHFD1	-0.446038403207034
ZNF317	-0.44639036809901
XNDC1N	-0.446541920794146
ZNF232	-0.44670197717033
COPRS	-0.447042697716284
PCDHGB3	-0.447237052299501
MTMR12	-0.447459127509533
ZSCAN22	-0.447978331659014
EIF2AK1	-0.448506377337568
PFKFB2	-0.448829590627667
CUL5	-0.448938253628606
MFN2	-0.449254660915047
FABP5P9	-0.449484149864459
RNF185	-0.450045636660244
POLD4	-0.450191952073005
RPL7AP16	-0.450393110618858
SLC22A2	-0.450874539484503
ZNF229	-0.450882800914788
RPL41P2	-0.450927038419543
UBAP1L	-0.450930861412223
GTF2IRD2	-0.451058046413064
ATP5MF	-0.451447032466952
SETDB1	-0.451759997954949
PEX5	-0.45188382091812
COX7A2L	-0.45192555928881
RPL36P7	-0.452057728742476
ANKRD46	-0.4526446781878
SAMD9	-0.452692382502421
RAD50	-0.452769225587763
C7	-0.452794939891358
TLE1P1	-0.452875867615138
HLX	-0.453073324654999
FNDC5	-0.453457309629391
P4HA2	-0.453519978251124
BARHL1	-0.453875965870692
CLIC2	-0.454027618883328
RBM26	-0.45436640762596
NKTR	-0.454378115609502
CHKA	-0.454980601205071
ATRX	-0.45541757434202
RPL21	-0.455454023863775
STK38	-0.455469937646134
INTS15	-0.455498724745724
DDX49	-0.45587157650203
CSMD3	-0.45590458789759
OGFOD3	-0.456256225308892
TGIF2-RAB5IF	-0.456308699463192
PRMT8	-0.45632608740233
TRAPPC4	-0.456407794968057
GGA3	-0.45666875637013
MORF4L2	-0.456692928114802
RGS7BP	-0.457177206300279
SFSWAP	-0.457834527996628
SDHAP4	-0.45823309178851
KCNB1	-0.458422850216758
PPIP5K1P1	-0.459703264667615
RSPH10B	-0.460415484735218
MAZ	-0.460427153060951
MAGEA2	-0.460461080090294
AVL9	-0.460868471686382
PLK5	-0.461096947982154
TMEM114	-0.461118098093014
ERAS	-0.461162297851124
CCDC87	-0.461580997320259
COQ3	-0.461678790655689
ATP1B2	-0.461793732048646
SINHCAF	-0.46213588699615
CDK13	-0.462424359613651
TFPT	-0.462647611106044
KDM1B	-0.462858985578932
SRI	-0.463026252671665
GAREM2	-0.463362309809391
EPS8	-0.4633836780747
MYBL2	-0.463410002693199
NOL6	-0.463421413543608
ZNF671	-0.463539491722886
PTCHD3	-0.463777622312647
SPON1	-0.464218868964075
PPIAP29	-0.464243529997113
EFNA4	-0.464262333499009
ATMIN	-0.464837988200885
NKIRAS1	-0.464902290208748
MRPL30	-0.464948495780576
AP4B1	-0.464960300607939
RRP9	-0.465016906585513
ANAPC10	-0.465024177069198
HSBP1L1	-0.465064526003038
FER1L5	-0.465477428501927
DIAPH3	-0.465724246893402
PDCD5	-0.465992736981632
FANCM	-0.466225636465717
STK38L	-0.466300498578712
METTL4	-0.466712629557068
PTRH1	-0.466726848183662
MYG1	-0.467026215617856
INHBA	-0.46707030171036
PLEKHG5	-0.467484708299932
CDC42	-0.46764055101644
RASL11B	-0.467686537939293
ZNF142	-0.467906525856676
DBX1	-0.469323306991233
MFSD4B	-0.469452505289978
CAPS	-0.469456804178131
GPR89P	-0.469505098699414
RCCD1	-0.470177799829722
H3P6	-0.470221023665887
PCNT	-0.470271729610214
UQCRQ	-0.47103532195974
KRT8P45	-0.471251982219191
MORF4L1	-0.471288871431504
UXT	-0.471333674989979
ARPC4	-0.4713625953224
NOP14	-0.471651198656643
PPT2	-0.471900879467709
MFSD8	-0.472142945474307
RPH3AL	-0.472250317327339
SIRT5	-0.47275375667701
HDAC11	-0.473037143427229
EXD1	-0.473573701383995
ZBTB34	-0.473806226321382
ZNF300P1	-0.473851697838109
UBLCP1	-0.474620892924814
C1orf35	-0.474762855673992
CNOT10	-0.474826450855845
IGLON5	-0.47549633302408
MAGEA9	-0.475564340541392
TMPRSS9	-0.475643875576816
FBXO2	-0.475873671169668
TMPPE	-0.475908687536034
SLC5A9	-0.476256546645976
HIRA	-0.476430543389843
LZTS3	-0.476458891866778
DUSP7	-0.476548673508084
DNAJA1P3	-0.47681435831166
KLRF1	-0.477116209872489
QRSL1	-0.477141128905409
ATP6V1F	-0.477337365578912
RPL26P19	-0.477528736843124
B3GALT9	-0.477566987720214
ZNF281	-0.477940167710762
TBC1D3C	-0.478095288919222
COQ10A	-0.478352339201367
OR7E38P	-0.478401913371155
SHLD1	-0.478446579791143
FBXO42	-0.478590944000031
ATP6V0E1	-0.478926998797594
ZNF771	-0.479004702809858
NECAB2	-0.479268144804337
NREP	-0.479400249487718
SLC30A9	-0.479737501899599
RPL22L1	-0.479767637214463
CUL4A	-0.479828422378236
CFAP58	-0.480507942157105
RBAK	-0.481150810491536
KAT2B	-0.481389386406354
PLD2	-0.48143032083299
CDIN1	-0.481920620202693
PEAR1	-0.481924889324891
CIMIP3	-0.481960414160812
SEMA7A	-0.482124296436168
TRIM41	-0.482245798772638
ENO2	-0.482624969940253
TUBB8	-0.482896134224215
RPL28	-0.482971558064021
TMEM256	-0.483315661237597
EBAG9P1	-0.483420726906242
GID8	-0.483647915071333
ERCC3	-0.483793296876522
GTF3C3	-0.484048151043516
ULK4	-0.484053571949078
NACC1	-0.484219826458449
ZNF595	-0.484249643628589
SF3A1	-0.484295795694965
HNRNPL	-0.484465381059631
ILF2	-0.484704482295644
GLMN	-0.485296805583304
C15orf40	-0.485758927345631
LAT	-0.485823884117487
MARK2P19	-0.486016812127703
EOLA2	-0.486095935990788
DNAI1	-0.486199313851583
AURKB	-0.486364917075995
CXXC5	-0.486790335114992
GMPPA	-0.486969381299103
CCNK	-0.486980156309789
LGSN	-0.48719507421965
ZNF621	-0.48734138790278
RAPGEF1	-0.487653423764531
INPP5J	-0.487931239781666
GEMIN5	-0.488097810850461
UBXN10	-0.488343339358037
SASH1	-0.488633780022521
PIGO	-0.488689143473066
RPS6KA1	-0.488754391577895
ZNF383	-0.488939137921467
IFITM10	-0.489005666552637
COA3	-0.489297032074306
CD1D	-0.48965940286578
PSMB3	-0.489677736796245
EFCAB3P1	-0.489722293074602
TMEM201	-0.490044549885768
BCL7A	-0.490286040037475
ALKBH8	-0.490438837998192
FAM27B	-0.490859243166232
FAM83H	-0.491701178009159
RPL17P6	-0.491915009207457
LY6G5B	-0.491929929145115
CCNE2	-0.492606966575277
ST8SIA4	-0.493105814522124
MUC3A	-0.493238184040081
TCTA	-0.493398423766454
UTP14A	-0.493609532849257
NNAT	-0.493675555404556
ATRIP	-0.49375301320777
ABHD17C	-0.493790829296488
HEATR5B	-0.49403257019527
RPL7AP76	-0.494226948345242
RBBP5	-0.494645946159885
H2AC25	-0.494738401785612
AGPAT1	-0.494908708052284
F8A3	-0.494914519204555
MAGEA4	-0.494963490089253
CNTNAP2	-0.495058135882567
PIGQ	-0.495700304968048
NBPF25P	-0.496211503542642
FNTB	-0.496275248183962
ERMARD	-0.496303467814043
UNC93A	-0.496413270322943
TMEM184C	-0.4964704647386
MYO1D	-0.496624008535945
ATP5PBP5	-0.496916247749069
HNRNPLL	-0.497992091068584
JOSD2	-0.498213653447233
PCNP	-0.498284459721771
DNAJC24	-0.498547921429979
PEF1	-0.498572774769911
GLI4	-0.498585997981306
SLCO1C1	-0.498775826522597
MYO5C	-0.498930517079049
RPS27L	-0.499008831325536
YIPF4	-0.499091119826432
POU5F1B	-0.499193743471278
NANOGP8	-0.499379150113415
PQBP1	-0.499747472598695
KLHL24	-0.499867526960623
LDLRAD3	-0.500936281660403
BACH1	-0.501019130690692
RAB10	-0.5011865593851
OR52K1	-0.501406507325401
C11orf54	-0.501964649446155
RELL1	-0.502090145178575
RBMX2	-0.502163199871201
HERC1	-0.502206336479554
MAFK	-0.502396673964393
PCM1	-0.50334012280543
H4C2	-0.50371643768724
CWF19L2	-0.503907550550508
DUSP22	-0.503912901358351
ZDHHC11	-0.504231665845662
NR2F6	-0.504497585745914
TEC	-0.50478495019734
ITGB3BP	-0.505288413297305
LYPD5	-0.505489157503064
DCXR	-0.506242849944128
NRDC	-0.506601461524803
CNPPD1	-0.506791489729818
DTWD2	-0.506997163638803
PSENEN	-0.507128014115766
NAA10	-0.507424654422558
APH1A	-0.507920146026335
GOLGA6L4	-0.507975631816174
FGF2	-0.508040827200535
GSS	-0.508238345130184
VAMP2	-0.508373285619847
ZNF461	-0.508462328449371
KIF9	-0.508628462612759
PSMC3IP	-0.509314040594
HSPD1P10	-0.509411049201615
DGKH	-0.509692624775977
EIF2S2P3	-0.509905427619991
TRA2B	-0.51007689569654
UQCR10	-0.510094146777611
HDHD3	-0.510176285028161
LACTB	-0.510725642381203
ALOX12B	-0.510921715047691
THEM4	-0.511425785564369
ZNF425	-0.511644503534403
TEFM	-0.511737302267559
ZNF787	-0.511845406356437
BHLHE40	-0.511922106690316
NUDT4B	-0.51198216917953
NYX	-0.512207286918954
TARBP2	-0.512980649865565
CDC42BPB	-0.51314407094034
MSH5	-0.513213653604075
STMN1	-0.513429300877021
ZNF729	-0.513440813333959
LRWD1	-0.513478663314558
PMS2P5	-0.513765389117776
ITCH	-0.5137759192092
BANF1P2	-0.513789220042995
MKNK2	-0.514791356415115
ZNF239	-0.514796859485273
BSDC1	-0.515062092341512
TBX5	-0.515303166637837
MFSD14CP	-0.515414341505738
CNPY2	-0.515454433060257
C2CD6	-0.515610327460569
TCP10L3	-0.515620214714828
TTLL12	-0.515680879179332
ZNF264	-0.515764040035374
AK4P1	-0.51577341408825
ERCC6L2	-0.51581282592332
LMO3	-0.515902356535581
FIGN	-0.516176645356435
MMUT	-0.516555812961034
SRSF11	-0.516737713050088
TTC1	-0.516943653907438
ENOSF1	-0.517168509032367
KIAA0513	-0.517442596502457
FDXACB1	-0.518293742153157
HMCES	-0.518362531987859
OTUD1	-0.518817767376504
ISY1	-0.518997264917192
ZNF134	-0.519252838054243
DIRAS1	-0.519321721851078
ZNF174	-0.519625599710582
PTPA	-0.51962956211103
SF1	-0.520227131175628
QNG1	-0.520382342007729
IL15RA	-0.520478720141396
ZSCAN26	-0.520648730363524
PIPSL	-0.520834429142118
CYP4V2	-0.521002470438403
DNMT3A	-0.521319229416
SLC5A7	-0.521340211484624
PBDC1	-0.521478704211813
MYH14	-0.521774610684109
ABCC9	-0.521971205144136
ANKRD20A11P	-0.52260232817201
BNIP2	-0.522679540469734
UBE2I	-0.523224774143377
SELENOS	-0.523335018787605
RHOBTB3	-0.523550702145404
VAMP7	-0.523805201397655
ZNF696	-0.524087896891472
RSL1D1	-0.524253116916082
AGER	-0.524968663632383
RNF6	-0.525122898520904
ACHE	-0.52526378781954
INSIG2	-0.525373565373763
PROCR	-0.52558245378291
RHBG	-0.525664055044353
TRMO	-0.525700266055935
SYAP1	-0.525837202600366
PATL2	-0.526021300672782
ESCO1	-0.526340842631098
SLC30A2	-0.526461612806923
FBLN1	-0.526521655126071
CLASP2	-0.526669681679811
SS18L2	-0.526713668626965
FHIP2A	-0.52680340269645
APTX	-0.526808961601131
CEP95	-0.526867068770716
TACC3	-0.526870038703459
SPRED1	-0.527232227364603
SMIM13	-0.527240919075095
PCDHB1	-0.52728055380886
SHQ1	-0.52732124842527
HSH2D	-0.527649279384629
EEF1B2P6	-0.527734851677916
RYR2	-0.527854645433375
POLL	-0.527883874916256
SENP2	-0.528025749654044
TMEM150A	-0.52803339853378
SPDYE2	-0.528190791900967
HNF4G	-0.528361755182781
ATIC	-0.528816365159704
FAM83G	-0.52903034393502
MRPL38	-0.529153506887738
FIBCD1	-0.529153945334279
WRAP53	-0.529433072171555
POLA2	-0.529434620503586
MRNIP	-0.529529685974809
FBXO21	-0.529670501468346
SLC31A2	-0.52977733404608
RPS18P14	-0.529779778614462
TIA1	-0.530247431929217
SRPRA	-0.530310562743317
COG7	-0.530497957468443
PMAIP1	-0.530671426072238
FEM1C	-0.530722493394135
MTCL2	-0.53074059498899
PDCL3	-0.530959554053068
HLA-DRA	-0.531224896269718
SMO	-0.531987160043411
IRF7	-0.532121298898068
PRELID1P1	-0.532213155841993
FMO4	-0.53221699811542
TMEM238	-0.53244165783699
BTN2A2	-0.532534754721564
TLE4	-0.533093081091366
RPL15	-0.533303248069053
AHCTF1P1	-0.533421740039609
CXorf38	-0.533454417198017
JTB	-0.533497870699701
MGAT5B	-0.534178260094916
SEPTIN7P8	-0.534264544993628
MINAR1	-0.534648836620525
KCNC3	-0.534948626539356
ACRV1	-0.535687447273254
NRBF2P6	-0.535892390926656
CDK2	-0.536040170294614
AKAP5	-0.536322233656882
MTSS1	-0.53651802181673
DPAGT1	-0.536607530720426
PCBP2P1	-0.53695553883962
ZNF709	-0.537270348270103
SNAPC5	-0.537477307573172
SPATS2	-0.537878488355162
ADD2	-0.538240061320732
HERC2P9	-0.538537389596548
NRBP1	-0.538676211365822
TMPRSS11E	-0.539304683179183
OSBPL7	-0.540091422077863
RFX3	-0.540195912480777
RPL23AP60	-0.54039084443247
RPL4	-0.540772963960769
ZNF212	-0.540861539679663
C1orf52	-0.540995798255036
HSP90AA2P	-0.541025603994688
P2RX1	-0.541240856481343
TXNL4A	-0.541393741877233
RBM22	-0.541777651529741
PLEKHG6	-0.541818825561541
ZNF598	-0.541828751790311
PXDC1	-0.542469322933684
PLAGL2	-0.542514286533047
NAIP	-0.542888147772898
NINL	-0.543497735506964
ECT2L	-0.543613828551286
TMEM203	-0.543936574647155
CYP2D8P	-0.544072652177326
MOSPD3	-0.544250722427499
CRYZL1	-0.544539265801565
TSTD3	-0.544550873294958
TCFL5	-0.54476625781553
EFTUD2	-0.544916143254574
RRP7BP	-0.54497914520045
ZFP1	-0.545079582454823
FLT4	-0.54512232003165
POLR2J2	-0.545244701295693
MOB2	-0.545254225296424
PIGA	-0.545806023344913
OR9H1	-0.54593262132315
PTCD2	-0.546061503429206
DCLRE1C	-0.546187373149928
CDH9	-0.546296295061903
TRIM6	-0.547079218015003
SYNE3	-0.54757348465251
SIGLEC15	-0.54766987765301
TSSK3	-0.547808363950462
GUSBP1	-0.547877620595769
CEP135	-0.548103036368618
RHNO1	-0.548496096777657
AOC2	-0.548575691208211
PIGT	-0.548919576580887
BOLA1	-0.549204251382988
SPDYE8	-0.549512934859056
GRAPL	-0.549894194485851
ZNF79	-0.550029075766477
AMMECR1L	-0.55006533097048
POLR2J3	-0.551154778828716
SNCB	-0.551166938708046
TRAPPC11	-0.551344909571894
ASB6	-0.551643064260794
GALK2	-0.55191440995132
FNBP4	-0.552320353203881
FAM3C	-0.552609070025644
ACOT13	-0.552774729613293
CFAP144	-0.554466938910226
PDE7A	-0.554643362428903
ZNF148	-0.554743833822223
GDF11	-0.555321730095511
NXT2	-0.55553183970439
TRIM65	-0.555811196960825
USP20	-0.556246216586629
KCNJ9	-0.556417794118021
MAX	-0.556724979871493
MFAP3	-0.556740960303559
TRMT61B	-0.556845437856698
GBP4	-0.556990021230614
TROAP	-0.557168979824413
SEC62	-0.557378294263484
TAS2R4	-0.557478139499789
SEC22B3P	-0.557668444766389
SF3B6	-0.557736410917591
RASGEF1C	-0.558337375285464
DHX16	-0.558812035327896
ACAP3	-0.55927837999206
SIX6	-0.559527957721616
B9D1	-0.559724205669243
NTN3	-0.55984901773514
EXOSC5	-0.559963861482608
TCEANC	-0.55999963261374
SIRT4	-0.560106561563077
ZNF718	-0.561130034857157
KLLN	-0.561349682584248
CR1	-0.561450644827164
LINC00680	-0.561830376015903
CYB561D2	-0.561971944286908
CLEC1A	-0.561975610970174
PMP22	-0.562024829322992
LRRN4CL	-0.562082810591905
PRPF18	-0.562288411427153
CUL3	-0.562425011888862
DHX29	-0.562675170976224
SEMA3D	-0.562741117863606
MSX1	-0.562841700563588
SWSAP1	-0.563075778521937
HNRNPDL	-0.563112400111023
MAL	-0.563367190395515
FILIP1L	-0.563380257328383
CTRL	-0.563443659209824
SRP72	-0.56358948156855
CENPL	-0.563712198698161
SPAG8	-0.563938989408269
TBC1D4	-0.564757944781562
KDM3B	-0.564825832421355
DNAH3	-0.56528493801348
FANCE	-0.565806540057537
ARRB2	-0.565830262742042
USP51	-0.566367967004835
FAT4	-0.566696505222654
PHAF1	-0.567228941623339
IHH	-0.567297937320272
PPP1R9A	-0.567455981227943
C10orf88	-0.567471479723067
ZNF622	-0.567715024091376
MCM3	-0.567824591010138
PIGB	-0.568470656784455
TANK	-0.568719530062354
LENG1	-0.568776370636358
SLC39A2	-0.568830749653447
GAP43	-0.569245775206058
PON3	-0.569466272223109
CCNG1	-0.569599244291195
FNIP1	-0.569606746686022
PREP	-0.569701406451872
SMC4	-0.569883575949066
KCNE1	-0.570103405405655
PRDM2	-0.570293238716906
TAF1D	-0.570585031042511
FAM89B	-0.57066672621716
ARFGEF3	-0.570945635074197
SETD5	-0.57094575483836
FREM2	-0.57146914623356
PLP2	-0.571880124588865
IRS2	-0.572283265432304
DDX4	-0.57291892332001
STMN3	-0.572996648089501
SMN1	-0.573457684416357
PRIMA1	-0.573516638558812
IL17REL	-0.573919125666236
DOP1B	-0.573970465324984
NDUFC2	-0.574064339979868
ZNF837	-0.574295147175195
OR2B4P	-0.57449222099213
RPS27P25	-0.574904484051853
IRAK2	-0.575504567845672
ZNF285DP	-0.575630476257509
MKRN10P	-0.575984600571995
C6orf136	-0.576062497761964
DCAF4L1	-0.576193066195028
C21orf91	-0.576295630279826
TRIP6	-0.576814314920384
TCL1A	-0.577155203493583
TMEM186	-0.577173909686314
ACTBP7	-0.577517824530042
ZNF136	-0.577520418521097
METTL18	-0.57764155059964
RPL22	-0.577701991004282
B3GALT5	-0.577868479890765
PNPLA8	-0.577920439603629
ASPA	-0.578194790518915
ANKRD20A4P	-0.578231778312796
ELMOD3	-0.578591660778189
TMEM235	-0.57866664375331
CLTC	-0.578873374352112
CIR1	-0.578956981865542
PLRG1	-0.580150631271275
NPIPB6	-0.580673991768299
CYSRT1	-0.581052296011764
ZNF774	-0.581264069938296
CRLF2	-0.581499507870713
MDM1	-0.582146933581287
FAM222A	-0.582235808552856
NT5C3A	-0.58228613113997
EIF4H	-0.582333402514224
MALRD1	-0.582471408529009
INIP	-0.582690650578737
CPT1C	-0.582696204950456
ZNF526	-0.583913034577384
KNDC1	-0.58416511298099
PYDC1	-0.584376591069369
CCHCR1	-0.584409790343412
KBTBD8	-0.584616037610881
CRYBB2P1	-0.584928503273338
VDAC1P13	-0.585161214733949
RIBC1	-0.585297115180262
CAP2	-0.585786658522755
MTDH	-0.585963618120608
DCUN1D3	-0.586221410639662
NAA50	-0.587109845133051
FAM174A	-0.587257748248275
IQGAP1	-0.587340812159188
ZFP2	-0.587358079589939
CTPS2	-0.588150163702728
SDAD1	-0.588273427974649
EIF2D	-0.58832093274498
SAT2	-0.588708000911436
TXN2	-0.58875566669958
TIMP4	-0.588867248465084
PHKB	-0.588981475256104
PURG	-0.589082154365739
CMSS1	-0.589204936383313
C16orf87	-0.589291187951778
CBFA2T2	-0.589691091924009
ENPP7P1	-0.589988992595208
IZUMO2	-0.590304372075471
CCDC65	-0.590852929834086
RNF167	-0.591153380916826
MMGT1	-0.591446293640665
NPIPB15	-0.591974209396686
HES1	-0.592016657852251
ZACN	-0.592078594715738
SEPTIN12	-0.59260048522097
CD69	-0.5928127169023
ACP3	-0.593329364317204
CTNS	-0.593788285612006
TPRA1	-0.593790874394638
TMEM150C	-0.594116140330436
CTSF	-0.594619747954519
C17orf67	-0.594684166862531
BBIP1	-0.59483820235634
NIT2	-0.5950509676221
ABRAXAS1	-0.5954383339938
TMEM167B	-0.595752552759996
SLC5A10	-0.595929376840762
MIR9-1HG	-0.596028343005835
HSPB2	-0.597336542625679
RAB23	-0.597447833713047
UNC5CL	-0.597950833295454
CATSPERD	-0.59811874937863
HSD17B1	-0.598325091124985
PTMAP2	-0.598458088974464
FUT8	-0.598616578957044
FNDC3B	-0.598835027305443
POM121B	-0.599798893544414
SHMT1	-0.600479671468602
MICOS13	-0.601016173060209
METTL2A	-0.601235091948719
TUBB2A	-0.601254306299327
TOX3	-0.601382250616309
TCAP	-0.60248054779076
ZNF665	-0.602591843164696
POLR1A	-0.602962223571863
OR56B1	-0.603157729918381
ZFP91	-0.603252770522725
TCHH	-0.60348101241642
NUP155	-0.603514775317403
BUD31	-0.603991977049107
GOLGA8A	-0.604497956044455
ZFP14	-0.605016098959545
TIAL1	-0.605273891424662
AMBRA1	-0.606085537481684
GDPGP1	-0.606316334030689
RFX2	-0.606557508810926
FDX1	-0.606563628043428
THOP1	-0.6068549617028
ZNF892	-0.606928838451883
GAS2L1P2	-0.606946206662724
SKA2	-0.606990194699426
MIS18A	-0.607199026532718
OR1F2P	-0.607739740626776
SMIM47	-0.608096613664317
DNAJC2	-0.608150634630385
ZCCHC7	-0.60838452021686
COMMD2	-0.608616711224122
RIMOC1	-0.608618031664155
TGM3	-0.609130132378082
BLACAT1	-0.609380591078239
SNF8	-0.609607063903763
KRR1	-0.609942036307717
ZBTB32	-0.610053276211334
ST14	-0.610948663995511
ALG9	-0.611644835950945
P3H4	-0.611678867505088
PCDHGC3	-0.611952929849202
BRSK2	-0.612039965406788
YPEL3	-0.612680841129066
MCUR1	-0.612792104915412
SRSF3	-0.612937879627358
BPNT2	-0.613001850080363
ARHGEF40	-0.613053949680575
CT47A10	-0.613571417222594
SNX18P13	-0.613571417222594
KCNN2	-0.613993923155008
ZW10	-0.614006184137142
ZNF565	-0.614103623124972
BRWD1	-0.614437035979079
HGH1	-0.614444189396155
DUX4L34	-0.614455906779591
FASTKD2	-0.614488263942624
NDUFS3	-0.614607070855929
MAP4K4	-0.614621460530007
ZNF524	-0.614642466553688
POR	-0.614664276415597
NTN4	-0.614899142888753
FRRS1	-0.615336009243042
ASXL3	-0.615644814096567
NOTCH2NLB	-0.615647743553013
HCAR2	-0.615788829703312
DLG1	-0.61589942539725
PFN2	-0.615964071299512
BRCC3	-0.616059678508428
RAB40A	-0.616077642630703
CCPG1	-0.616146953816319
KCNJ4	-0.616244426886144
DUX4L37	-0.616277339228245
ZNF319	-0.616387111173607
PLAG1	-0.616927431023744
FOXF1	-0.618342454472407
BIVM	-0.618700225467969
RPS3A	-0.619655280016854
MYC	-0.619803144284715
NEMF	-0.620122335469106
RSPRY1	-0.620537763128923
LIN37	-0.620582951067504
KLHL4	-0.621324527712246
CSRNP2	-0.621326773351041
LHPP	-0.621818740359057
ASCC2	-0.621857705628705
ZNF354B	-0.622225701045385
POLR2F	-0.622505052106789
CDK9	-0.622519319140751
TPPP3	-0.622621569975145
MAP3K2	-0.622979100887422
POLR1D	-0.623009125944607
UFM1	-0.623009825934479
ATP6V0B	-0.623429280202969
MMP24	-0.623551485819962
PTRH2	-0.623654492433125
IER3	-0.624153762907885
SNAPC4	-0.624545725921731
PDE4DIPP4	-0.624621682012528
MTHFSD	-0.624773713329455
EIF1AX	-0.625102265846405
CCDC62	-0.625138905732303
TTC19	-0.625254065300787
TUBAP2	-0.625847663980681
GFER	-0.625926773355173
EIF3J	-0.626046354306734
DUSP14	-0.626337259938224
SLC35E1P1	-0.626481316410331
GPATCH3	-0.626653983666401
RPL13AP25	-0.626958091590125
BHLHE22	-0.62777265031962
MTF2	-0.628013574372038
THAP8	-0.628264788142226
DOCK9	-0.628438288852971
PROM1	-0.628730173503586
AFG3L1P	-0.628930667321275
RASSF10	-0.629009778479094
ABCG2	-0.629336624487484
CYB5RL	-0.629389569840371
TTLL9	-0.629609947250485
KIAA1191	-0.629998914718089
RBM45	-0.630000677833068
FAM32A	-0.630310341416925
SH3BP5	-0.630365961139294
COPS9	-0.630413785088235
OPRK1	-0.631070186044411
ABHD3	-0.631405272057571
LTB	-0.631686478185892
MFSD13A	-0.631788167013928
SYPL2	-0.631790080629324
UPF1	-0.632032018951476
EIF4A3	-0.63223108745472
WNT5B	-0.632654231817556
CD19	-0.632663704543422
RDH13	-0.632667003769052
GRIP1	-0.633099551590389
APC	-0.633262881952525
SUV39H2	-0.634280183734633
APCDD1	-0.634451207089229
RSKR	-0.634739282801888
DDB2	-0.63504677200279
EIF1AXP1	-0.635310376983845
TRAF3IP2	-0.635422801003494
RAP1B	-0.635435820542728
ITGB1BP1	-0.635791090812646
ARHGAP18	-0.636361310940647
ALKAL1	-0.636409647442192
EGLN2	-0.636550095798611
TEX10	-0.636582787459362
CTTNBP2	-0.636951797706333
VPS8	-0.637154667465604
NAT10	-0.637493942079702
CYFIP1	-0.637617863086215
SMIM26	-0.638012272960534
THAP11	-0.638134101870805
NME5	-0.638137944170979
ADAMTS6	-0.638455303789575
ANKRD11	-0.638620814322321
OR7E22P	-0.638699049710931
LRRC14	-0.63876147227154
SDHAP1	-0.63891929185111
GTPBP4	-0.639054489394276
C13orf46	-0.639098540262207
RPS7	-0.639163625981278
CLDN34	-0.639198091464339
PCDH11X	-0.639243108175771
PLAC8L1	-0.639258850523207
TSHZ3	-0.639298427374857
RBM6	-0.639403466748026
SMPD4	-0.63968423937987
PPIG	-0.639706330162749
COL4A5	-0.640193376733502
ACR	-0.640273242570506
MEIS1	-0.640508563692022
EPS15L1	-0.640573161403785
ALX4	-0.640843698426734
GUF1	-0.641105048195036
TASOR2	-0.641154818843242
NBR1	-0.641756999930725
TSNARE1	-0.64197141445513
RBBP7	-0.642176102780074
HOXD1	-0.642209907857829
TFCP2	-0.642417114109598
PTPRM	-0.643051679079697
ARSG	-0.643092612817213
ANKFY1	-0.643210181078312
MITD1	-0.643559097746007
MRPL2	-0.643767961241965
MT-CO1	-0.643769130531708
SMC5	-0.643821626449802
PABPC1P3	-0.644539586616718
VDAC1P8	-0.644786493893932
DYRK4	-0.64489625599743
ZNF835	-0.645204118610005
NSRP1	-0.645238350772802
NEDD4L	-0.645886466359172
SSTR2	-0.645958169853954
HAUS6P3	-0.646541358873789
ARIH2	-0.646943199040078
GRPEL2	-0.647169438617781
ATP5F1D	-0.647293241639197
TOMM20L	-0.647300201397496
EFL1	-0.647359947119287
ZFPM1	-0.647377221922036
ANKMY2	-0.647510099295112
PITX1	-0.648079690870829
MDH2	-0.648168023643124
ZNF732	-0.648529963007429
CUEDC1	-0.64856430034109
BMF	-0.648808916520242
TEX19	-0.649329894195277
NEDD9	-0.649437218286328
CCDC124	-0.64976946166376
DRAM1	-0.649806083448667
USP14	-0.64985364076969
SEC22B4P	-0.650347199142595
PAXBP1	-0.650973518741027
SAFB2	-0.65098804071765
CHD7	-0.651749285960672
TUBA1C	-0.652026884094885
LINS1	-0.652506543913338
HMGN2	-0.652754083276369
ZNF525	-0.652786927373226
KLC1	-0.653104139231923
RPL12	-0.65349800016639
ECT2	-0.65388412445307
NEMP1	-0.654124234788837
PPAN	-0.654153558949612
NUDCP2	-0.654178154470559
MTX3	-0.65425896433008
VEGFB	-0.654370302352681
RPL7P20	-0.654682123333675
SLC23A3	-0.654712739480478
ZNF277	-0.654870845691054
EIPR1	-0.655298944890273
RNH1	-0.655554201592071
E2F6P4	-0.656094352448909
GHITM	-0.656294119868243
LINGO3	-0.656352543966151
ZKSCAN3	-0.656412259622992
BDH2	-0.65648183440581
RPS3P3	-0.656896050212088
MID1	-0.65766927319407
UQCC3	-0.658387944922566
MLLT11	-0.658459206262026
MAP4	-0.658500138465226
PSMD3	-0.659046291383658
CFAP70	-0.65933826835888
SRGAP3	-0.659519563672536
USP49	-0.659598341848657
MOSMO	-0.660465864519368
MRM3	-0.660756426612793
TCEA1P2	-0.660971134771731
COX6B1	-0.661019400505629
CLEC20A	-0.661071706509602
HNRNPAB	-0.661115510238955
C14orf93	-0.66125090604911
USP12P1	-0.661276521572166
SLC35F1	-0.661299857973202
FAM114A2	-0.661543088155679
ALG1L13P	-0.661592227176656
NDUFB9	-0.661920680190793
ING5	-0.661963310268697
CHMP1B2P	-0.662098279552073
DNASE1L1	-0.662230165918193
ARF6	-0.662472003851973
LRRC1	-0.662691238076391
RFWD3	-0.662807144325388
HACL1	-0.662878905510788
F2R	-0.663120842280932
GET4	-0.663224662518969
RMND5A	-0.663273471318123
ERVV-2	-0.663354295119196
CDKN3	-0.663930249419343
PSMB1	-0.664147872943928
PAN3	-0.664555455282344
GNA12	-0.665027187190174
RSL24D1	-0.665072162512018
ARHGEF7	-0.665719602736481
NCKIPSD	-0.665725625883147
CRYGB	-0.66605184924222
SRGAP2C	-0.666741794903153
KCTD6	-0.667052458683836
AK2	-0.667092019278458
ZYG11B	-0.667159359610902
HSPB6	-0.667457461230916
DHFRP1	-0.667526054809124
ZNF430	-0.667560971318691
SART3	-0.667622483476826
FAM157A	-0.667751134893041
ADRA2A	-0.668099398661402
CEACAM7	-0.66824016472734
AMT	-0.668254782397709
NMNAT3	-0.668306768544566
CRKL	-0.668502309048026
CCDC85C	-0.668577100894559
CORO6	-0.668593444629497
OPA1	-0.668729914428474
PHF14	-0.669011582072936
ASIC2	-0.669287200971713
UGGT1	-0.669331812516816
DNHD1	-0.669895748162658
ZNF391	-0.670232260045758
TBCEL	-0.670542609662206
LRMDA	-0.670681737310224
ZZZ3	-0.670867689758649
PGAP3	-0.671011833209963
FABP5	-0.671025176187518
YME1L1	-0.671183594087679
MAGIX	-0.671437027347867
CYC1	-0.672215719915319
C17orf100	-0.672365456135102
SMC1A	-0.672653587402015
CFAP36	-0.672763356590005
GTF2B	-0.673438459534092
ZNF256	-0.673487784068189
PDE12	-0.673894682775517
VOPP1	-0.674385043984998
ROPN1L	-0.675027469178338
CROCCP3	-0.675409910906879
TMEM127	-0.675430984343249
MRPL14	-0.675654841350338
ZSCAN12	-0.675940625853469
RBM14-RBM4	-0.67599117038682
ZCCHC9	-0.676040537783535
SUPT7L	-0.676140348815745
LBR	-0.676227337575898
TOX4	-0.676354598820029
GNA13	-0.676460942225497
MT-ND4	-0.676741554317592
SGCZ	-0.677449599269074
UBA1	-0.677476560917342
TAB3	-0.677787349275207
C17orf107	-0.67787533106567
SRBD1	-0.67804602441691
C5orf15	-0.678223857306494
PCDHA3	-0.679056030981815
CYB561A3	-0.67986799727013
POLR2J	-0.680152634285048
AGFG1	-0.680441937343906
MRPS31	-0.680447303786941
NDUFS7	-0.680826677318138
ACTL6A	-0.680949074004601
EIF6	-0.681193014498451
RALGPS2	-0.68173512641329
PRXL2C	-0.681784546948956
MAFB	-0.681873437423672
TRBC2	-0.682072502590454
ZNF354C	-0.683020115943458
NELL2	-0.683149976062194
RPL39	-0.683162780308628
MPDU1	-0.68351303978975
C4A	-0.684362821758812
IL17RA	-0.684695236962997
ZBTB8OS	-0.684918526509067
PLEKHN1	-0.685110623584665
FOXN2	-0.685272811498521
ATAD2B	-0.685312380957381
ZBTB1	-0.685383468382871
CNBP	-0.685394230765757
JMJD6	-0.685613799194341
LHFPL1	-0.685844286676874
OR2B6	-0.685900483435725
APIP	-0.686053624971447
CFAP144P1	-0.686114443444298
LRR1	-0.686579820602562
CCDC59	-0.686768601720338
STK11IP	-0.686885094300776
TET1P1	-0.687047013204061
GSTCD	-0.687107828077081
CCDC22	-0.68729654772592
MZT2A	-0.687377448144369
LRRC8A	-0.687922731676408
IFT88	-0.688576420812586
BZW2	-0.688640594610288
RPS26P6	-0.689074692106941
ZNF786	-0.689089015633166
PRDM4	-0.689249772666194
PTGES3	-0.689288425410626
NAMPTP1	-0.689669101485266
NDC1	-0.689771897785421
SLC38A1	-0.690067810375236
MEI4	-0.6901493220616
ZNF451	-0.690164621882849
VPS28	-0.690485552168458
DXO	-0.690792404034186
LAGE3	-0.690855785593199
ZNF446	-0.690879868586334
KBTBD2	-0.690881056969282
CHMP4B	-0.690966853434411
KIF13A	-0.690995216624772
TIGAR	-0.691627765068086
FOXO3B	-0.69191045927035
UBE2F	-0.692275453651345
RPS26	-0.692292916530249
TMEM87A	-0.692435853457503
RPL7P32	-0.692715289966688
TAS2R31	-0.692755617809795
DESI2	-0.692816246940136
LATS1	-0.693159238796961
ACTR6	-0.693396400017216
ZMYM1	-0.694306928103362
ACVR2B	-0.694337522791504
LYRM2	-0.694471332646377
FANCB	-0.694689963225663
IFIT5	-0.694943454107526
ZNF705EP	-0.695080739052806
OCIAD1	-0.695529060166121
BLZF1	-0.695591950711254
TMEM38B	-0.695991594113129
RHOXF2	-0.696983607671844
FAM76B	-0.697197333584324
SEMA4D	-0.697302011029971
PMS2P2	-0.697574856555848
VPS33B	-0.697677785707865
MRPL41	-0.69782809701945
HSPA8P5	-0.698053913974453
PSORS1C2	-0.698159140814261
PPP4R4	-0.698211541498895
MED28P7	-0.698366330327928
ATAT1	-0.698374862025261
MIPEPP3	-0.698464238672616
DENND10	-0.69846695782256
TRIM64B	-0.698581164417225
LIN9	-0.698969471901247
NLRP2	-0.699270237702781
SCP2	-0.699324270611219
HAUS2	-0.699522394536212
TRAF7	-0.699562980736764
LAMP2	-0.699810560789015
CT47A1	-0.699813793000514
ZDHHC11B	-0.699826737601266
RPS20	-0.70007471947599
ZNF432	-0.70022498264765
YWHAQ	-0.70027303179973
CENPM	-0.700525013492132
TRADD	-0.70090616405268
SEMA5A	-0.70099149682185
H2BC14	-0.701003903967474
LEAP2	-0.701219728620769
ZNF805	-0.701244615305466
AZGP1P2	-0.701348756093151
MOGS	-0.701593970102032
ZNF442	-0.702050789956046
PITPNA	-0.702199524179051
CYYR1	-0.702323253189411
NF1P11	-0.702368781907788
DEFB134	-0.702479370913851
TAF5	-0.702653699847322
RBBP9	-0.702784420045497
FEM1B	-0.702839632233572
PSMD13	-0.702915598604922
SSBP2	-0.703186829298688
CNP	-0.703224820705071
SCPEP1	-0.703597282840343
POF1B	-0.703829450152682
CSPG4P10	-0.703957676011301
SLC25A51	-0.704069920599533
AANAT	-0.704221985772974
HAO2	-0.704305204513309
RPS2P29	-0.705030999200666
PASK	-0.705190673235414
FAM90A28P	-0.705356322100423
HHATL	-0.705406574943735
TMCC2	-0.705864294211445
TRAPPC14	-0.706758198427926
WBP11	-0.706850287587624
SNX18P3	-0.706950611572139
AFG1L	-0.706952191646471
KLHL34	-0.706955153996496
RPL13AP20	-0.707010514935001
NDUFA2	-0.707254922304037
WDR75	-0.707321937922731
NCBP2L	-0.708259305317055
TRMT44	-0.708346558541785
AKAP12	-0.708544982306028
VSTM2A	-0.708584078912061
PTCHD3P2	-0.709099593938598
C1QTNF1	-0.709131701668504
SETX	-0.709188777338216
TENT5C	-0.709446752286796
PROK1	-0.7095938393409
PTMAP5	-0.709689371042734
ZFYVE16	-0.709973621992737
CDNF	-0.710121215317553
HEXA	-0.710303263507044
TRIM74	-0.710333175616424
ZNF440	-0.710568967679094
SIVA1	-0.710629055025216
KDM6B	-0.710651005481477
VWA7	-0.711519502052498
SYT15	-0.711537832989267
TARDBP	-0.711542067488793
FAM90A11	-0.711847599621058
FAM234A	-0.7120039249099
UPF3AP2	-0.712909931656453
TMSB4XP4	-0.713161844120309
AASDH	-0.713229778337312
CCDC134	-0.714037344584525
CLOCK	-0.714237768189754
MAGEB17	-0.714621358755381
EPO	-0.714950360966818
KCNG2	-0.715988168921682
CENPS	-0.716039639769945
PINLYP	-0.71663821949055
WDR93	-0.716933668674735
SNRK	-0.716944712182515
TBX4	-0.717188892154368
ELF2P1	-0.718377078664002
ZNF513	-0.718707051901681
SLC22A15	-0.718807723978714
EOMES	-0.719224128412456
TMEM249	-0.719554506466722
SYCE1	-0.7198156476651
LAMC1	-0.720001143346104
IHO1	-0.720023266881454
DUSP26	-0.72011286265093
FMN1	-0.72012787759286
CTSC	-0.720142651776486
SIK2	-0.720256768818331
CCDC50	-0.720318489619141
ZNF860	-0.720436686943361
PM20D1	-0.720956744322627
CHPF2	-0.72113023346939
SLC17A5	-0.721242771446293
AHSA2P	-0.721448628191891
ORC6	-0.721675466493065
MDFI	-0.721878625250245
HECTD2	-0.721888785018414
C9orf43	-0.72285216160911
LRRC59	-0.723526855121689
TMPRSS5	-0.723671906024678
BMS1P10	-0.724249132057471
TBC1D16	-0.724267383583487
WDR3	-0.724368873021289
FNBP1L	-0.7244836317017
RAB35	-0.725042203102474
PTPRU	-0.725237406409338
USP18	-0.725799279124435
RPL35P5	-0.72608252465371
CHAMP1	-0.72615159206526
ASNSP1	-0.726190682529015
ZFP82	-0.72680814581464
KCNE4	-0.726864970029524
POLR3H	-0.72689399090747
TPM3	-0.726995633350998
BMS1P9	-0.727156430948961
TGFBR1	-0.727296888800825
PCSK6	-0.727460543533775
NCOA7	-0.727926151922734
PLXDC1	-0.728496822234328
PCDHA6	-0.729353265948557
OR2A42	-0.729435537918239
RPL6	-0.729466082164683
ANKRD53	-0.729910443366081
MTMR9LP	-0.729998979008949
RACK1	-0.730722779208129
PNRC1	-0.73099223668512
TMSB10	-0.731151705551176
GATC	-0.731260337601571
ING2	-0.73135953658181
TMEM170A	-0.731373485577641
FAM241B	-0.731385222840387
RPL26L1	-0.731445815205064
CTSA	-0.731692929527359
PHIP	-0.731885181727793
MOG	-0.73190369644079
RPL3	-0.732272918053087
ZNF304	-0.732333232069892
MGST3	-0.732347601988353
MAMDC4	-0.732367173652954
CTSS	-0.73263242470998
COPS8	-0.733193372603652
BUB1B	-0.733534193469089
SUMO2	-0.733849431214937
GUSB	-0.734098760235582
NCBP2AS2	-0.734223876754984
TRPT1	-0.734716533624322
MSH4	-0.734805220498252
CAPZA1	-0.734916997047651
ZNF10	-0.735206978891604
ACTRT3	-0.735252773290128
GOLGA6L9	-0.735270783358852
GALNT4	-0.735426656291341
HEATR5A	-0.735514399601423
RBMXP2	-0.735633576135639
USP9X	-0.73574830486838
DHX37	-0.73588892609069
DDX60	-0.736138534613869
COX14	-0.736237182706438
RPL29P4	-0.737182687529848
INTS8	-0.737497936761542
PDPK2P	-0.737601458351197
LANCL3	-0.737881240201925
TUBB2B	-0.738054016628404
R3HDM2	-0.738321272032138
ZNF599	-0.738623345294588
WNT9B	-0.738807333675761
NFYC	-0.739236089253188
NOL8	-0.739421780511968
SPCS1	-0.739557151374013
TOB1	-0.740020483129355
COX18	-0.740722197354632
TNPO1	-0.741292737129831
ELOF1	-0.741563586509025
DNAJC8	-0.741637254390849
PSMC5	-0.741771134796433
STIL	-0.742245412359283
PGAP6	-0.742424363859685
CDC37L1	-0.742814950430575
MBOAT1	-0.743102407798666
CLCN3	-0.743115748135437
ZNF529	-0.743195867452
RPS10P5	-0.743317753997333
COMMD9	-0.743346702331699
EBNA1BP2	-0.743358264059589
SMG8	-0.743471766547747
TSEN34	-0.74366001904044
IGDCC3	-0.74418025409384
ALG10	-0.744946689936204
DCP1A	-0.74513495942845
MAK16	-0.74521318539393
LSM7	-0.746041872848173
NHLRC3	-0.746114369912084
HSD3B7	-0.74617220705285
RET	-0.746548886534131
ZSCAN25	-0.746846943217453
AP4S1	-0.747603863330016
ADCK2	-0.747641518466464
NEIL1	-0.748054808692514
ETFBKMT	-0.748937503462734
GABARAPL1	-0.748986948967688
TASP1	-0.749007595980479
MTR	-0.749067102196687
OR5H3P	-0.749300593088289
BAG1	-0.749512048548199
SPOPL	-0.750255093542644
TRBC1	-0.750378890625762
SEC14L1P1	-0.750388920736595
RBBP6	-0.750908523913337
UBE2V2	-0.751745589593294
ESS2	-0.751864657143626
RPL26P30	-0.751968387248724
UQCC1	-0.752109572304086
BORCS7-ASMT	-0.752185927361558
ASNSD1	-0.752389615665983
RAB11A	-0.752926487155531
PLEKHM3	-0.753315274713877
POU2F1	-0.753567923864656
KICS2	-0.753737574447433
RHBDL3	-0.753909838564217
PPP1R10	-0.754011615220979
IGF2R	-0.754137780772533
RTF1	-0.754426115122068
TPCN2	-0.754753166091051
TRAPPC6B	-0.75480152778627
U2AF2	-0.754864615232211
PERPP3	-0.755062500675315
HAUS1	-0.755403454199317
DMD	-0.755537846178273
CDC42SE1	-0.755565373220764
MAD2L1	-0.755774960855151
RRP36	-0.756058928458821
TTC9	-0.756179791859205
MYO15B	-0.756317227484612
ZNRF1	-0.756503091023528
GTF3C5	-0.756508176825247
MTX2	-0.757096909133129
GPSM3	-0.757853467498486
OXSR1	-0.757903923120608
RHBDF1P1	-0.758156120703152
ZNF576	-0.758234363710952
ZNF335	-0.758790929159719
ZC3H7A	-0.75898868632436
RNASEH2B	-0.759068500953706
VPS33A	-0.759249387257682
MS4A7	-0.759745614307081
RPL21P75	-0.75994986921991
KIAA0586	-0.759964551095276
PSMA4	-0.759966296710571
DIS3L	-0.760274323740442
NOXA1	-0.76056123756876
CCDC43	-0.760759957928767
ARMCX1	-0.760847775802396
PSMA3	-0.761111273250843
TCP11L2	-0.761372400824189
DHX15	-0.761397570470838
LRRC57	-0.762395978099023
TRIM72	-0.762522441550191
GALNT1	-0.762547008860074
OSTF1	-0.762635972427608
KDM1A	-0.762877848106423
INO80E	-0.763497171997966
SETD7	-0.763516009409139
CCL26	-0.763725074210039
SCRN3	-0.763992707325448
MGAT3	-0.764207017170372
PCED1B	-0.764414666388351
CYP27A1	-0.76451904394991
ZNF677	-0.764802463558016
CHST6	-0.764819187175861
MIF4GD	-0.764938798369432
TOMM20	-0.765133262609446
ZWINT	-0.765179167722963
CYP4F22	-0.766017939228863
DTL	-0.766478465157935
SEC22A	-0.766651678004469
CANX	-0.766781389984959
MRPS23	-0.767339148580542
JADE3	-0.76746912912077
LYSMD1	-0.767769820012623
SERPINE3	-0.768179752784103
WDTC1	-0.768264798514632
CRYL1	-0.76922543176962
P2RX6	-0.769802877187112
AZI2	-0.769888540561499
PDXDC1	-0.770127127156397
RNF19B	-0.770475990059959
ZP2	-0.770750665423323
ADCK5	-0.770952618384281
KCNS3	-0.771236429290707
POU6F1	-0.772159653853915
RPL9	-0.772834347371492
FBXO6	-0.772931898053971
CTAGE7P	-0.773068297164466
RPSAP3	-0.773757367247545
CNTLN	-0.773912215527894
GHRH	-0.774185896978734
FLOT1	-0.77419107417767
EDEM1	-0.774568097549072
PSMB6	-0.774580305805112
AP3D1	-0.774635615814369
RINT1	-0.774899879234137
IGFLR1	-0.775107800022173
ZNF407	-0.775129280108878
CHRAC1	-0.775160642553517
AFG2B	-0.775372834676274
STEAP2	-0.775433492487786
RIN2	-0.775818907501764
CCDC169-SOHLH2	-0.776704485065877
CLCN2	-0.776897157919861
HTATSF1	-0.777012816027239
YPEL4	-0.777502802235995
FBXO48	-0.777637100280827
SLC37A4	-0.777742361080491
TENM3	-0.778464668225109
INTS6L	-0.778550292792465
ERFE	-0.778803116736989
PPP2R2C	-0.778849142832631
PHLDA3	-0.778902298035591
ATG4B	-0.779263756452091
MROH6	-0.779526209262159
FXN	-0.779918349482829
EEF1G	-0.779944044109473
RHOF	-0.78033877369478
CSAG3	-0.780577031464766
DCTN5	-0.781115155725137
CACNA1H	-0.781140381289708
MRPL33	-0.782022006650892
RPS14	-0.782138187094638
TUBAL3	-0.782370092922198
MRPS33	-0.782379230062826
SPECC1L	-0.783488616776102
ZNF488	-0.783602941789199
ANKRD36	-0.784268190630672
C2orf42	-0.78429848738394
PCMT1	-0.784604959320762
ZNF664	-0.784608442362499
MORN1	-0.78488716935139
LMBR1L	-0.785246495534503
RPAIN	-0.785628768579556
IGF2BP1	-0.786039655910085
CA5BP1	-0.786914298101676
TMF1	-0.7870855049532
IQCC	-0.787093756325293
ANKRD33	-0.787201210016087
HFE	-0.78720451431653
FUBP1	-0.787276263170933
C8orf82	-0.787440946506797
BBS1	-0.787457763354583
LARP4B	-0.787604845589025
QTRT1	-0.787836909274935
SHPRH	-0.788057414340871
KRT8P35	-0.788127358020675
DCTN4	-0.788327154065419
TYMP	-0.788786110158104
POU5F1P3	-0.788922726052835
EIF2B4	-0.788943068049266
DDX17	-0.78941513683787
H1-3	-0.789678315544439
C17orf75	-0.789805584980493
GPR12	-0.79003649121488
FOXO1B	-0.790471814559252
CCDC17	-0.79068436487861
PCSK9	-0.790696104095236
UBE2CP5	-0.790862172418211
LVRN	-0.790949328480271
NEGR1	-0.791746774351248
ANOS1	-0.791776763154925
MBLAC1	-0.791854049571905
CLASP1	-0.792067866016148
UGT2A1	-0.792235755176891
CEACAM22P	-0.792296261344973
UBE2R2	-0.792692561734113
NCK2	-0.793178931193533
GATAD2A	-0.793459697891879
NIPBL	-0.793583924693853
SSXP10	-0.793830533836712
FBXO8	-0.79405014661696
IL9R	-0.794231546186608
TPPP	-0.794339687570945
ZNRD2	-0.794469986820432
ZNF721	-0.794793995041114
SUGT1	-0.794836462914966
MMP24OS	-0.795563815431507
GSTZ1	-0.795983395939998
MCCC1	-0.796348050279145
ZNF441	-0.79697140656673
TRIM53AP	-0.797116035721865
SAMD8	-0.797413701202834
UMAD1	-0.797512881694161
NAAA	-0.797904793102224
FAM151B	-0.798165828129451
CD68	-0.798281829878422
CNIH4	-0.798327383270009
CFAP96	-0.799057410511521
RNF34	-0.799157210599397
TMTC3	-0.799627802637201
VN1R81P	-0.799732178734399
MRPL13	-0.799734004010784
SHISA9	-0.799805235408063
CHN1	-0.800158461483182
EML4	-0.800175673975206
ETNK1	-0.800738155636417
MRPS22	-0.80100965083934
SLC35D2	-0.801013883669046
HDX	-0.801303519848605
RNF181	-0.801988314552983
COMMD5	-0.802240659934701
ZNF205	-0.802447730722055
CAMK2B	-0.803502103298697
CDC5L	-0.803781217192639
RBPMS2	-0.804408903091186
ZNF573	-0.804599497103985
NBEAL1	-0.805977080918896
ATP6V1A	-0.805989952873488
CCNE1	-0.806928946520217
RPS8	-0.807218567449186
UBXN8	-0.807223738498241
HNRNPA1P8	-0.807552412133143
FGF11	-0.807647014902967
ANXA11	-0.807747329043982
ZRANB2	-0.808133082436084
NDUFA7	-0.808317832629253
TM2D1	-0.808397699556515
CYB5A	-0.808460014443164
FBXO25	-0.809037423383972
LNX1	-0.809592282391472
C19orf47	-0.809845534286652
ELAC2	-0.809866116775345
ZNF236	-0.80987322139194
FAM156A	-0.809957553944156
ELL	-0.810251985969565
DMBT1	-0.810445053053418
MUTYH	-0.810993254449679
TRIM49C	-0.811217011681987
LUZP4	-0.811323062589645
TAF11L11	-0.812176611563639
GARNL3	-0.81226283863046
KCNG1	-0.812544514176678
CTU1	-0.812662352490807
MRPL22	-0.812668513637796
MRPL19	-0.812842589385782
TMPRSS11F	-0.812907918510707
SPTBN2	-0.813552498737466
CPAMD8P1	-0.813700603229087
SLITRK1	-0.81374979733132
PAFAH1B1	-0.814464703729254
TK1	-0.814555633133072
SS18L1	-0.814999111000183
EP400	-0.81499939670891
NOP10	-0.815122256970012
RFPL2	-0.815452783582076
ABCB10	-0.815551598845783
SLMAP	-0.815723213276449
ZNF782	-0.815911327665485
DYRK2	-0.816020663675472
PKD2L1	-0.816150188393144
SERHL2	-0.816362174611806
RRP1B	-0.816487394372597
PCNPP1	-0.816598638291512
CGAS	-0.81671390049006
NICOL1	-0.817040797007902
GTPBP8	-0.817740718605634
HMGXB4	-0.81820734538571
CDV3	-0.818481934866024
STARD10	-0.819072928751389
FLVCR2	-0.819199028479178
SALL4	-0.819707244221703
CYP27C1	-0.820264699423665
NAPA	-0.820431895376506
UBAP2	-0.820509710448569
IL3RA	-0.82070215707058
ADD3	-0.821130659044346
TAP2	-0.821466956018539
RNF111	-0.822193843808499
LGALS7B	-0.822595139694299
WASH2P	-0.822913100121159
TFIP11	-0.822918337901696
GVINP2	-0.823144335356197
PIK3R4	-0.823150207127203
SIDT2	-0.823411352965482
PPTC7	-0.823608431781948
DOHH	-0.823714772030037
GUCD1	-0.824074530860054
RPL36A	-0.824101428726922
HPS6	-0.824255949763714
FAM219A	-0.824556297576923
MTND2P28	-0.824697234123132
RPS7P3	-0.824746150823113
SNRNP70	-0.825301456703981
INSYN2B	-0.826437491672203
RBP4	-0.826575011290977
ZNF83	-0.826709663703269
CEMP1	-0.827061848954135
IRF2BP1	-0.827330130249421
PRICKLE4	-0.827436361574697
C2orf49	-0.82757141529421
USF3	-0.827646308627959
CCZ1P1	-0.827941483853641
ERH	-0.828283760344834
ZSCAN21	-0.828416766237552
ZNF839	-0.829012626402094
FPR2	-0.829025955100261
NOL3	-0.829324918566722
OSGEPL1	-0.829882074092279
ZFYVE19	-0.830050508000035
CDH12	-0.830198730207832
TAF4	-0.830268094670641
NOXO1	-0.830392133432226
PNISR	-0.830430715099689
ZNF784	-0.830455037940688
NUDT2	-0.830478067704894
KMT5AP1	-0.830484812593859
PPP2R5B	-0.83062680240485
RPL5	-0.830722070399065
RBM19	-0.830975654415258
FAIM	-0.831073468636563
BCOR	-0.831337909889557
DMRTB1	-0.831568467008063
RANBP1	-0.832209722901295
LEO1	-0.832396209971215
ZNF846	-0.83291980521432
ODAD3	-0.832945134589939
H3C8	-0.83356321449779
DPF3	-0.833913888910587
CLK4	-0.834040645666681
CCDC180	-0.83432823012266
CYP11A1	-0.834480089062945
RABGEF1	-0.835013542496588
YLPM1	-0.835633010267237
SYT15B	-0.835983852512129
ZC2HC1C	-0.836214475411384
USP10	-0.836372534449145
CASD1	-0.836429102306684
RPL23AP42	-0.836976109435147
RPS10	-0.837049518222311
PTGFRN	-0.837072172347142
ZMYND15	-0.837320484800319
RHEB	-0.838134469988251
SNRPB	-0.838569240866416
MTNAP1	-0.838925884609321
FAM133DP	-0.83902221087234
FOXA1	-0.839087823672066
EIF3L	-0.839333743217828
MINAR2	-0.83947349280154
COX19	-0.839507395846293
LYG1	-0.839548856235489
CASK	-0.839647781639134
PELO	-0.839923860360461
SCN8A	-0.841281624700725
IVD	-0.841387076878708
NDRG2	-0.841392763987286
TADA2B	-0.841856353278982
BECN1	-0.842050379888126
CSNK2A2	-0.842514755587588
TMEM108	-0.842607420635553
RBM28	-0.842840496454992
MLLT1	-0.842984230224692
LZTR1	-0.843128258848796
SLITRK3	-0.843136213243448
MYBBP1A	-0.84384492098254
PROX1	-0.843856087402571
TRIM24	-0.843865786388804
LINC01145	-0.845383959945205
RNASEH1	-0.845653525146852
TMEM218	-0.845791239355219
PLXNC1	-0.846045416000765
CD164L2	-0.846167175441704
LZTS2	-0.846201600398473
TMUB2	-0.846430865640878
LINGO1	-0.846700604360091
POFUT1	-0.847047413689403
PUM3	-0.847129743721642
MON2	-0.847175981314345
TP63	-0.847249701905672
PRKAR1A	-0.84728757798299
GPRASP2	-0.847632140452486
PPIL1	-0.847747805420344
EQTN	-0.848102662287239
PDLIM1P4	-0.848615552313382
HEBP2	-0.848674622535548
MCUB	-0.848762131178063
ZNF605	-0.849241783929418
ZNF497	-0.851438518609755
ARHGAP11A	-0.851638138564988
HAAO	-0.85177714100932
PSME3IP1	-0.851777648627414
ANKRA2	-0.852385738569462
CEP20	-0.852397868152076
YY1	-0.852631596891993
UHRF1	-0.85275871724526
MPV17	-0.85278290928948
APOD	-0.852882877253966
SYNJ2BP-COX16	-0.852931951772688
TMEM121	-0.852992703007221
GALE	-0.853211911608519
GABARAP	-0.853311754454371
FBXO44	-0.854070546706309
RBM44	-0.854404889923329
TMEM277P	-0.854604139644452
FBXL14	-0.854720504227144
FOXJ2	-0.854874986156797
RFNG	-0.855396245225365
CCT4	-0.855645778856735
PEPD	-0.855918743574188
SLC39A4	-0.8559663711337
C10orf95	-0.856079606014685
SPATA22	-0.856426232426105
TMEM107	-0.856513436349784
AAAS	-0.856589614082148
ZNF271P	-0.856733295605315
E2F3	-0.856945830668314
PMS1	-0.85698932446956
EIF4E	-0.857126246331695
USP3	-0.857815334344781
IER3IP1	-0.858168127990012
MED18	-0.858179492026799
SETMAR	-0.858596474504531
FBXL18	-0.858665828208295
SCARF1	-0.85871678197383
CEP70	-0.858725507624908
TPRG1LP1	-0.85875184796211
BRMS1L	-0.858955270800441
NLRP6	-0.859015640412741
DIRAS3	-0.8592227828252
MTREX	-0.859237242930176
SCN3A	-0.859405487349359
ARMC6	-0.859550270945325
PSMD7	-0.859702096521795
SLC25A47	-0.860419903118728
IFNE	-0.860586610720878
PCGF3	-0.860679392487376
FGF10	-0.860810998563606
ZMAT3	-0.861095849867909
KCNK4	-0.861337798573299
TTYH2	-0.861702224372329
ZNF606	-0.861844891277974
ZNF14	-0.862659092140997
SLC67A1-AS	-0.862901733820299
PAIP1P1	-0.862926186007481
PRMT2	-0.862933104370377
RLF	-0.863259299895603
BCAS1	-0.863699755096365
ASIC3	-0.863959482835707
NFE2	-0.86437367915523
YAE1	-0.864588658447496
ANAPC4	-0.864592530533984
RPGRIP1L	-0.864664783466672
NACC2	-0.864967309027524
NDUFB4	-0.865123240280966
NARS1	-0.865450612500021
DUS3L	-0.865529020462284
CALCR	-0.865642050080803
BYSL	-0.865818197044148
OR52K3P	-0.865909340136093
SEC24B	-0.866280560258526
GSC2	-0.866292197852887
TAF1C	-0.866643875940991
PLCB1	-0.867243729885593
YJU2	-0.867281134458418
CSTF2T	-0.867325572562067
GAPDHP37	-0.867424065706933
GFRA3	-0.867939327300432
PRPSAP1	-0.868071588666037
TMEM132E	-0.868708926573929
CDH20	-0.869024035313777
ECD	-0.869036159126213
MED4	-0.869652083593924
CABLES1	-0.869776781479604
SNRNP35	-0.870067295258141
ATP8A1	-0.870344253476444
CHMP6	-0.870497902857586
PHOX2A	-0.870592086000311
FAM76A	-0.870679274475443
APBA2	-0.870783860439381
ORC2	-0.870823947200186
GRM2	-0.871022704644472
SLC7A6OS	-0.871050427043886
CFL2	-0.871155403050567
PCDHA11	-0.871183793031689
TENT4A	-0.871292082591139
NANOS3	-0.871643272264056
MINDY1	-0.871824017751009
PSMD5	-0.871853509275364
MTFMT	-0.871880698340574
PIGW	-0.872056128086252
UBAC1	-0.872086889836591
TCEAL1	-0.872321335555969
ANKRD7	-0.872692117049011
ZNF285	-0.872881443478424
RNF126	-0.873018973564895
MAPK8IP2	-0.873755679081587
HSPH1	-0.873890726694303
MAGEB3	-0.874663897808879
AHSA1	-0.87490420713555
MEX3A	-0.875163739496692
LHX1	-0.875451774598937
LIPT1	-0.875927925375524
EIF5B	-0.876033317001163
PI4KAP2	-0.876250194815495
CBFB	-0.876341433825928
SETD1B	-0.876388147280104
TNFSF13	-0.876577405918454
MIDN	-0.876800392579324
DRGX	-0.87816529109232
BCAP29	-0.878343508652662
RAP1GAP2	-0.878623987275777
RUNX3	-0.878773230190826
C19orf48P	-0.879925429001083
POGLUT1	-0.880182220672614
COA7	-0.880266855231814
TBK1	-0.880419483212311
NDUFA6	-0.881015968007204
HTR1F	-0.881256351723915
HS3ST6	-0.882348621568207
GBP1P1	-0.882496731520559
ONECUT2	-0.88251288778741
LRRC51	-0.883024299679921
GHR	-0.883034441350225
SF3B4	-0.883060675286328
MBTPS2	-0.883155953739779
HSF4	-0.883353340577242
TLR7	-0.883622823940134
ZNF708	-0.88397296116691
FAM3D	-0.883974710121949
C19orf12	-0.884214880948506
ENC1	-0.884377590202714
MCM3AP	-0.884465553664329
CIAO1	-0.884658772221346
E2F7	-0.884999252392962
ZNF663P	-0.885387958269309
ZNF18	-0.885840176114076
CHTF18	-0.885984238491158
POC1B-GALNT4	-0.886067727942795
GET1P1	-0.886180859884359
C17orf50	-0.887406230738327
GTF2H2B	-0.887786727564255
DOCK11	-0.887946388520292
NFX1	-0.889005042349762
ZCCHC8	-0.8893434954505
RPS25	-0.88967080671348
SMAP1	-0.890094998052414
RPS18	-0.890097972136282
KCTD9	-0.890319800242714
CRTC3	-0.890674096980395
AACS	-0.891597310018781
KDM5B	-0.891886400866736
RPL21P16	-0.892412263089971
PDP1	-0.892500039040331
TAF5L	-0.892959574139139
NF1P8	-0.893040702299409
CILP	-0.893172400886885
RHOT1	-0.893409166627073
CCDC183	-0.893455587812492
DIMT1	-0.894487556338207
DHTKD1	-0.894659997002338
ZNF99	-0.895924470973788
ZKSCAN5	-0.896143856292861
ELMO3	-0.896215129961961
CLTA	-0.89665813992884
ASXL1	-0.897288645287156
ZNF583	-0.897753542163339
ARHGEF26	-0.89806651930629
GPATCH2L	-0.898497169637566
UBE3A	-0.898605662920245
CEP41	-0.899686420527447
WAC	-0.90014089891934
ATL2	-0.900766765699973
TENM4	-0.901388338394664
H4C8	-0.901769333620786
GRIN2C	-0.901991927920805
BCL7B	-0.902324365049474
CCDC86	-0.903903861391701
SLC10A3	-0.904051490515286
PEBP1	-0.904283696629215
CAPRIN1	-0.904618388820067
UVSSA	-0.904681882239667
NEK9	-0.904766108755161
RBFA	-0.904771107107111
KLF8	-0.905282841603779
GNA11	-0.905638069248542
TMEM33	-0.905686697888017
TTLL13	-0.906111814239392
TMEM9B	-0.906228220697348
POLR3C	-0.9062857730001
DDIT4L	-0.906892804111545
NPFFR2	-0.906931057108952
ZNF567	-0.907216147113919
DIPK1B	-0.90732877538138
ATP6AP2	-0.907379836181948
SFXN3	-0.907528649025763
NUP153	-0.907670056838169
EFNB1	-0.908722689517259
INTS12	-0.909216476180748
FSD1L	-0.909366187219033
YWHAZ	-0.90999358765861
HELT	-0.910092951138941
OTUD4	-0.910173880651217
ENHO	-0.910284503419549
DHH	-0.910487720359748
KNL1	-0.910840616434983
STAU1	-0.911422933412957
ANG	-0.91170844081693
BOLA3	-0.911878544742714
SKA3	-0.912032216179978
SLC22A13	-0.912130962654398
HNRNPA1	-0.912194888094078
PDCL3P4	-0.912488567788665
FBP2	-0.912707710958142
DDX52	-0.912994178590561
PCNX1	-0.913067814179875
TRIP11	-0.913181466706163
ARLN	-0.913531744074831
GASK1B	-0.914206412844145
CIRBP	-0.914260687328766
PDE4DIPP3	-0.914775117343211
KISS1R	-0.915179949756495
CLP1	-0.915315804291047
KDR	-0.915779564946592
ZFAT	-0.916935723893378
PPP1R35	-0.917363974543996
SLC44A1	-0.918004388404028
HIVEP1	-0.918233935799133
COQ5	-0.919197049046625
ATAD3A	-0.91931389315387
TBC1D14	-0.920431804611217
IKZF5	-0.920696564406832
SLC38A10	-0.920841454025951
RRP1	-0.920939385737993
SDSL	-0.920975313323573
CCDC170	-0.921049138631448
RSBN1L	-0.921344790070957
SF3B2	-0.921607081088029
TPM3P9	-0.922295341893043
ATP6V1B2	-0.922927035321034
HIRIP3	-0.923004008959396
RIMBP3	-0.923245271106685
BCORL1	-0.923538701548859
ZNF713	-0.923991826911061
PHF7	-0.924154957620972
RALGAPB	-0.924233259454912
HIKESHIP1	-0.925272012563782
RDH14	-0.925401824732218
CINP	-0.925831915331525
BBS4	-0.926071388853065
ZNF723	-0.926373072244217
ZNF420	-0.926835844867903
PLOD2	-0.926922020954655
YBEY	-0.926951362683443
OR1F1	-0.926960438386361
MRM1	-0.927227196501694
QTRT2	-0.927640929856948
HERC6	-0.927824515814541
ZDHHC16	-0.928343800205899
TGFBR2	-0.928681647354839
PSD	-0.928704517743856
NUP160	-0.928755255716956
RAB42	-0.928957804409187
CCNT1	-0.929025234390041
NPIPB14P	-0.92920472317293
ODAD2	-0.929233706813091
MT-ND2	-0.929948062809731
CLEC7A	-0.930137940471097
RNF114	-0.930327025916904
THOC7	-0.930403198390766
RBM41	-0.930869653736172
GCM2	-0.931200182835734
MAGEA3	-0.931494757058246
CRTC1	-0.931595996684814
TMEM223	-0.932642299591493
LAMC3	-0.93298682430053
NSG1	-0.933313531679081
PLD4	-0.933560705792519
ZNF70	-0.933867233354399
RPS23	-0.934801163103055
MFHAS1	-0.934806982065548
YARS2	-0.935357863597563
ZGPAT	-0.935434240448819
SAMM50	-0.935767260974937
INTS7	-0.936066691834032
RNPS1	-0.936490127306967
GYG1	-0.936525172590637
PTDSS2	-0.936727105379139
IKBKB	-0.93673719124016
CHRNA3	-0.93764028061704
ACCS	-0.937899981234788
PCDHA8	-0.93791705609543
MICU3	-0.938793519627089
SERTM2	-0.939673449539252
ZNF883	-0.939702940323814
SOWAHD	-0.940638386825561
PAICS	-0.940807751705468
PCDHA13	-0.940972534341864
FAM240A	-0.941320120514967
RNF122	-0.941343209082032
ALG5	-0.941577843760879
PYROXD1	-0.941920193971852
FXYD3	-0.941985723592982
SLC25A12	-0.942276712900717
LGALS7	-0.942418368230308
PUM1	-0.942712885521279
PLK1	-0.943152921343919
VSTM5	-0.943472804422213
MYO18A	-0.943529911295916
ZNF610	-0.943729450401183
FRG1GP	-0.943866037881427
CENATAC	-0.943987389767214
TMEM275	-0.944079765325178
MACROH2A2	-0.944122638045048
SLC6A13	-0.944611232032136
ZNF37A	-0.94482103068829
TACC1	-0.945073137313986
SMAD5	-0.945264525432682
BZW1P2	-0.945496914535644
CPEB4	-0.945831491271782
C9orf153	-0.945843945986933
SLC4A8	-0.94628579558178
COPS4	-0.946305491250256
ASPSCR1	-0.946339508981841
RBM15B	-0.946394275594545
PCDHA5	-0.946487558011056
SMC6	-0.946575063404774
ZNF273	-0.946598458134558
HARBI1	-0.946877827351139
POU5F1	-0.946926862745148
SRSF9	-0.947193961306361
GBE1	-0.947266370854368
DDX42	-0.947340286875986
GUCA1A	-0.947410390379675
TRPM6	-0.94747682753898
OPRL1	-0.947477335308576
AKAP8	-0.948055745947592
TRIM22	-0.94851940179541
ZNF233	-0.948653870674722
SIN3A	-0.949039435937618
KLHL2P1	-0.949104579355097
MRPL45P2	-0.94911598142658
CCDC18	-0.949267255185802
TFB2M	-0.949613270608861
CCDC78	-0.949925088482228
UBE2W	-0.949983351881281
MYOM2	-0.950324099620127
EEF2	-0.951344151327561
EFCAB7	-0.95139094426048
CLPTM1L	-0.951408116691869
TMEM80	-0.95213909920792
RASD1	-0.952384718133074
IQANK1	-0.952432577134584
RFC5	-0.952888985253264
NT5C2	-0.953020067812954
EMILIN2	-0.953299698324305
PCMTD1	-0.953335193175607
RAB26	-0.953477593643137
NAPB	-0.953500570192307
ZNF772	-0.95377406573318
DIAPH1	-0.954103268365388
ZBTB49	-0.954144814618671
LBHD1	-0.954792244454188
CDK5RAP1	-0.955119945857378
IL9RP3	-0.955812277003096
SGSM3	-0.956376574990092
HCFC2	-0.956473227633404
RAD23B	-0.956616099433815
ACVR1C	-0.957003134037707
BRI3	-0.957087938693123
ZNF160	-0.957157977527351
RTKN2	-0.957366860199306
WDFY3	-0.95830191090862
PABIR1	-0.958616075969808
TUSC1	-0.958618805953955
DHX38	-0.959355863538475
ZCRB1	-0.959670519712279
ARL13B	-0.959845965787849
HNRNPH2	-0.960434459201904
ZNF625-ZNF20	-0.96074778382536
SNTB1	-0.961480854695683
TOR1B	-0.962351812140351
C3orf52	-0.963092040669793
PPID	-0.963689204141013
BLM	-0.964027065701943
LMF1	-0.964193641299243
XPO6	-0.964248106016462
TET3	-0.964338919254559
GOLPH3	-0.964594094104397
DNM2	-0.965144517554027
TRIM59-IFT80	-0.965309374080312
RPL9P28	-0.965329034471724
EIF4A1	-0.965993048233021
CYGB	-0.966072801556982
ZNF543	-0.966493919518149
PLEKHF2	-0.966580535631582
IGF1R	-0.966778151015311
NPLOC4	-0.967216123318965
PPFIA1	-0.96808516543481
CA13	-0.968608279038642
BOD1L1	-0.968654930814916
LOXL3	-0.968768021798925
TMEM262	-0.96878761907849
SLC35C2	-0.969233409609887
ZNF333	-0.969314534286861
PLA2G4B	-0.969411058230888
PRKG1	-0.969767555858978
LRAT	-0.969828032971765
DHX32	-0.970709933229446
USP31	-0.971356548451031
ENTR1	-0.972260327315215
ELMOD1	-0.972870129119978
RRP7A	-0.973222365847134
PHF5A	-0.973282807735046
PRKCD	-0.973580152368804
SON	-0.974476231077595
PRODHLP	-0.97540007962323
ARHGAP12	-0.976008290528984
PRPF40B	-0.976813662823313
ARPC1AP4	-0.977533095930132
RPL32P29	-0.977689616936288
POLR3D	-0.977850909876833
SFMBT1	-0.978245482253988
PNLDC1	-0.978418814283197
RNF183	-0.978449975922933
TSFM	-0.978573379579719
ZNF776	-0.979703346797028
ZNF69	-0.979774916897295
SCNN1G	-0.980688145567769
TDRD3	-0.981273895564196
CFC1	-0.981426946784345
ZNF286B	-0.98174660822252
CACYBP	-0.981935722954171
CCNL1	-0.982065655485222
RPL17P47	-0.982615495177457
UPK3BP1	-0.983113538685146
IDNK	-0.983240698743958
RPL21P40	-0.983241592814875
UBL4A	-0.983245047175062
RPS6P8	-0.983632357282624
GOLGA7	-0.98387265582068
REXO6P	-0.983879573063061
MSANTD4	-0.983895716634676
NKAPP1	-0.98413487060659
SMAD3	-0.984456122742449
PLXNA3	-0.984544928586302
LSM14A	-0.98505395433853
VAPA	-0.985120892853056
LSM4	-0.985185706297509
UTP25	-0.985200366318926
MKRN7P	-0.985624329178877
KIF15	-0.985838633422878
ZSCAN10	-0.986315856507114
C1orf162	-0.986935445986311
TEX12	-0.987456084167206
JOSD1	-0.987939142690997
SAP25	-0.988040042634847
STAP2	-0.988134801471838
PDIK1L	-0.98822620860553
KDM4E	-0.988500128103671
MDGA2	-0.988958267946226
B2M	-0.989363339927001
LY6G6C	-0.989770976963
TREX2	-0.989822936429953
YTHDF1	-0.990301296037557
LAMB1	-0.990932623669475
LRCH2	-0.99113580611752
CCDC146	-0.991625854566527
KATNAL2	-0.99174406444675
RPL24	-0.993600339472231
HASPIN	-0.993834420132044
MINDY3	-0.99399269802533
KPNA3	-0.994108601879163
ADNP	-0.994242119339919
SMIM29	-0.994272576735048
PMS2	-0.994341881127604
RPL7AP39	-0.99446664057475
SMAGP	-0.994706143652431
ZBTB10	-0.994721527011188
RRM2P3	-0.994852802232846
RYBP	-0.994881825997991
LGI4	-0.995097042728277
LYG2	-0.995108421403863
HPCAL1	-0.995213681881085
ZNF829	-0.995317392691169
AP3S1	-0.995495489213504
TYW5	-0.995907786970451
ANKRD26	-0.996036154433712
WDR4	-0.996085137300909
IFT80	-0.997670922654463
NDUFS1	-0.999076955176991
POLK	-0.999976481464359
LINC00869	-1.00121960716826
KCTD5	-1.00173628197031
NHLH2	-1.00217423279275
ADNP2	-1.0023257328794
VEZT	-1.00250147349081
NOP9	-1.00252437329298
CCDC186	-1.00252454382401
PPT2-EGFL8	-1.0026364902832
BPTF	-1.00313993919708
TSPAN18	-1.00357298876223
RPL35AP20	-1.00401732239502
NAA16	-1.0042429251672
MREG	-1.0047082695496
JAK2	-1.00490256418934
SPTLC1	-1.0052568927541
LIN7C	-1.00532829722089
ZNF875	-1.00538808696912
VPS54	-1.00673777503417
LANCL2	-1.00676339701723
NDUFA11	-1.00776185983259
COQ10B	-1.00817821380527
MRPL20	-1.00820940654477
LDHAP4	-1.00831377141369
SDHAP3	-1.00925977048096
TBC1D22A	-1.00935522450524
C1QTNF5	-1.00960988745334
SHISA3	-1.00961244087416
SIN3B	-1.00987072208219
DHX36	-1.01007123502845
LRRC37A17P	-1.01023364809144
ATP5ME	-1.01077385638598
FOXD1	-1.01099418504632
GCAT	-1.01131661306997
FBN3	-1.01179536013054
GRIP2	-1.01191374729688
ZNF32	-1.01247573752505
APOO	-1.01272781506067
UROD	-1.01299545770639
CACNA1B	-1.01300286913207
PHC3	-1.01324604761737
MRPL16	-1.0133918376794
PCF11	-1.01347905591637
H2BC4	-1.01407279648433
TAF12	-1.01426474792904
DAPK1	-1.01507830794663
SEC14L1	-1.0154228351762
ARPC5L	-1.01638426412131
MAPKAPK5	-1.01700427213567
TMEM126A	-1.01712079497034
DDX51	-1.01712307671777
GEMIN7P1	-1.01873150981569
MEAF6	-1.01916472552569
ACVR1B	-1.01919869878955
SCAND3	-1.01934168073176
ZNF211	-1.02108835910726
RAB21	-1.02160746171999
CTCF	-1.02199247581617
MUSTN1	-1.02251008884413
HBA2	-1.02262115644446
UBE2K	-1.02276189187475
NIPSNAP3B	-1.02277133609496
SPRTN	-1.02295367514234
TAF2	-1.023522229383
FAM153CP	-1.02397231841541
PPP1R37	-1.02463955703289
ZUP1	-1.02504017923039
PATJ	-1.02523948076497
MAN1A1	-1.02531835388959
FBXO36	-1.02608130237115
SGO2	-1.02637671204987
C2orf15	-1.02678299985245
ZNF30	-1.02708419846763
ADAMTS9	-1.02743778303884
ING1	-1.02764779463125
GPR137B	-1.02798610257284
PUDP	-1.02821265858674
FAM83A	-1.02843786714288
PTPN12	-1.0297630943809
DRD4	-1.03003679556929
CCDC162P	-1.0302392298046
ICMT	-1.03058614554725
DDX31	-1.03065836325032
PIGBOS1	-1.03099815547094
CPOX	-1.03142552157673
FAM222B	-1.03163592725954
CRPPA	-1.03204176481716
MRPL23	-1.0322901681359
EXOSC8	-1.03237610551647
ACAP2	-1.03242085796244
APLP2	-1.03243189932782
SPATA18	-1.03277372246958
GTF2IP4	-1.0329116440975
PREB	-1.03302970900283
TTC21B	-1.03314385474621
MED9	-1.03401763225094
STK35	-1.03448979332558
BCL11A	-1.03513600743636
POLR2C	-1.03523694818037
VTI1A	-1.03524995421978
POMC	-1.03528254114521
BDH1	-1.03542363822536
MYORG	-1.0356488554283
ABHD14A	-1.03586433453077
DIAPH2	-1.03626654098425
CAVIN3	-1.03638132408927
ABCC13	-1.03697072134133
PARP11	-1.03756061102164
PEX12	-1.03768109889026
FOXR1	-1.03825256706113
NMRK1	-1.03853181693946
INTS2	-1.03859461408189
SLC6A3	-1.03919972380099
H2BP2	-1.03968851459703
EEF1E1	-1.03976471001974
CHST10	-1.04038655026644
KIF1B	-1.04059695412736
TSR2	-1.04067574445803
RPL37	-1.04090332579306
PSORS1C1	-1.04119747771704
SULT6B1	-1.04145323854579
ADAMTS7	-1.04155328416013
RASSF4	-1.04175627554698
LSM6	-1.04194341209364
OR2A1	-1.04203094191132
G3BP1	-1.04316327159462
FBXO33	-1.04322460546741
DRG1	-1.04426954505003
BCCIP	-1.04454291361407
FAM9C	-1.04458404444386
SMCR8	-1.0457651756247
PSMB10	-1.04592491287647
TES	-1.04614334370936
TAS2R5	-1.04636604650757
STRN3	-1.04669115402486
SPATA8	-1.04685417103964
CRH	-1.04708114243374
BNIP1	-1.04724158437956
ZNF48	-1.0472640371803
NAT14	-1.04748684296215
POLR1B	-1.0490877033336
SHH	-1.04928683443004
PGBD4	-1.04941351678098
SULT1C4	-1.04955027774588
E2F4	-1.04955967278432
NKAPL	-1.0496848860668
ARHGAP44	-1.04976485591782
NOLC1	-1.051209299282
SLC52A3	-1.0513436320573
HIF1AN	-1.05195665796113
ABHD12	-1.05205908133792
MRPS15	-1.05271496290319
TMEM138	-1.05282320111646
FEM1A	-1.05288570933055
C15orf61	-1.0530620260427
UBL5	-1.05334707978808
PTP4A1	-1.05371114923862
ICE2	-1.05376018622531
MTERF1	-1.05405559213181
GALNS	-1.05460742651384
ZNF396	-1.05508642785046
DNAJC30	-1.05543314490418
DUSP19	-1.05577857460116
PCDHA10	-1.05626425825097
TDH	-1.05645859522404
MAP3K1	-1.05682412810773
TACO1	-1.05742672183429
CRIP3	-1.05757118509565
COX20	-1.05789069391513
NPB	-1.05800483549422
CATSPER2	-1.05881674683544
RBIS	-1.05939704108893
EIF4EBP3	-1.05974105034876
KANSL3	-1.05993729525063
ARL16	-1.06000010663628
UBE2J2	-1.06019857998144
LUC7L2	-1.06044349128265
GEMIN2	-1.06133548999723
QRICH1	-1.0622383178231
ZNF587	-1.06295374068693
GABRB2	-1.0633915963816
BMPR1AP1	-1.06343867215822
ZNF691	-1.06353337499887
TTC5	-1.06396201339604
PAQR4	-1.06397427781844
POLR3A	-1.0639934054932
QPRT	-1.06410669451199
NPEPPSP2	-1.06433634568977
MMP17	-1.06460744521807
ATP5F1A	-1.06466232726633
MMAB	-1.06595899398043
HNRNPA3	-1.06599538684235
TRIM21	-1.06799741515339
ABAT	-1.0683986484213
CIAO3	-1.06962424815839
GJA1	-1.06983356431963
RAB5A	-1.06988727186534
SZRD1	-1.07008470296708
MRPL21	-1.07017146948678
GBA2	-1.07043906984374
GABPB2	-1.07044873882385
PDXDC2P	-1.07055004112695
CCNDBP1	-1.07077237541245
ZNF816	-1.07077239343657
FTSJ3	-1.07124345791792
VWA5B2	-1.07180107420903
BHMT2	-1.07208821394813
NAP1L1	-1.07227270327377
ZNF585A	-1.07300543913433
CCDC14	-1.07344000928437
NUDT13	-1.07373112048076
CFHR3	-1.0739711593932
SEC23B	-1.07465021018613
WDR53	-1.07543630643542
LRRC58	-1.0755209259684
BMAL2	-1.07623336530089
ETF1	-1.07647452641773
VAV1	-1.07655436251358
POLR3E	-1.07662024269905
TOMM40	-1.07682015956605
THRAP3	-1.07731174263085
FOXI3	-1.07799946970006
CREBBP	-1.07820879416625
MMD2	-1.07823731087313
PRDX1	-1.07837143922136
GCFC2	-1.07955108398518
N4BP2	-1.0796044777841
NHP2	-1.07971158630087
UTP4	-1.0798102405986
NRDE2	-1.07983759708013
ZNF544	-1.08028216020077
SET	-1.08080410214999
RAB24	-1.08095654703578
SRPK1	-1.08116589838851
ZNF700	-1.08188385114655
VPS11	-1.0826371816208
C1orf198	-1.08305048692294
LARS2	-1.08308588857871
LYL1	-1.0831429547718
BIN3	-1.08319086912892
CCDC85A	-1.0849824960015
PMF1	-1.08501770941033
GABPB1	-1.08522116440999
PROM2	-1.08530632038181
SMCO2	-1.08570611816643
IPPK	-1.08604661619961
HMGA2	-1.08637007623371
PPP5C	-1.08638546634218
SFXN4	-1.08671011404568
CYS1	-1.08675029322189
ANKRD20A21P	-1.08739510578418
TMSB4Y	-1.08766208980725
VPS36	-1.08795147969232
FAM171B	-1.08798023468493
ZC3H4	-1.08799915627273
SLC9A4	-1.0882936092473
B4GALT4	-1.08863349389319
GNMT	-1.08871120744254
AMER1	-1.08941827134439
PET117	-1.08959717357186
TLR3	-1.089707933552
ZMAT2	-1.08996417714558
AKAP17A	-1.09002761928046
SDE2	-1.09062711019688
RAB6A	-1.09084512715136
FOXP2	-1.09176291165465
RALY	-1.09256698024348
DQX1	-1.09341876680584
PCDHB18P	-1.09363278965461
NPM1	-1.09388156924392
CEP78	-1.09394805289525
PRR4	-1.09500337966428
SOCS4	-1.096244855573
RBMX	-1.09694388004825
MGARP	-1.09714317100286
FKBP11	-1.09729491885134
RPS27A	-1.09736948169627
MOV10L1	-1.09821117877251
ZKSCAN8P1	-1.0985023609673
KIF3A	-1.09856206925202
RUBCN	-1.09907079503389
SLC25A5	-1.09912506258916
ORMDL1	-1.09947259269523
KAT5	-1.10024845081042
SMU1	-1.10036841242447
MRPL50	-1.10067518391426
DTX2P1	-1.10074243545661
MYO3A	-1.10075798274987
OFD1	-1.10088930525252
ZNF670	-1.10182365526492
MCAT	-1.10186656587739
AHRR	-1.10206790773222
MAGEL2	-1.10244940683269
UNG	-1.10250673467857
GINS4	-1.10252196653067
WDR89	-1.10267561811699
MICA	-1.10349190097988
MTFR2	-1.1036665773547
LCN12	-1.1038148946227
GAREM1	-1.1042810352427
ZNF300	-1.10498564911712
SOX2	-1.10499841750869
SLC66A3	-1.10513075334651
RBFOX1	-1.1053692754512
MTFP1	-1.10564450797893
SUSD2	-1.105756419966
DRC3	-1.10576321860655
CFHR4	-1.10606026695844
HINT3	-1.10622670897822
ZCCHC14	-1.1064122723892
CDC42EP5	-1.10642442609884
GABRR1	-1.10650214160213
PRR22	-1.10776587564552
RPS6KA6	-1.10793672314505
CCDC142	-1.10798181246607
ZNF849P	-1.10816694234398
ZNF510	-1.10828893358416
RPRD1A	-1.10832339914149
NFKBIB	-1.10851177913161
RBMXL1	-1.10877710507178
KDF1	-1.10975806859813
STRAP	-1.10990540643533
KLK2	-1.10994018468843
CWC22	-1.11006434076735
BCLAF3	-1.1104659184226
HSPA1B	-1.11058344634798
SPEGNB	-1.11088739110561
DPM2	-1.11150391120397
TXLNG	-1.11176464548115
BMP2K	-1.11179175306398
TNKS2	-1.11223241190001
EMC6	-1.1128237377715
AHCYL1	-1.11362825936756
DOK3	-1.11403178508581
SH3GLB2	-1.11418032717765
PDS5B	-1.11440443300955
ARSA	-1.11441697620986
ARHGEF39	-1.11479627923979
RB1CC1	-1.11504653500032
PARD3	-1.11545003102642
NCOA5	-1.11591128755079
OR2L1P	-1.11603923795272
CMTM6	-1.11627520276158
POLA1	-1.11651772226624
RBM12B	-1.11678854300357
NFYB	-1.11684070912752
GNAI1	-1.11688917458326
SORT1	-1.11721469050583
FEZ1	-1.11730421947628
ENDOG	-1.11752039562077
NSUN3	-1.1178532341708
GLRX3	-1.118039278626
STK17B	-1.11814858937807
CHORDC1	-1.11844757635438
CACNA1G	-1.11851310944052
ZNF625	-1.11875644780858
ARHGEF16	-1.11889056694749
RAC3	-1.11907693529665
NSMCE2	-1.11987122856465
DHX40	-1.12073765279724
RPP14	-1.12073773136924
IMPDH1	-1.12075021868839
TSSK4	-1.12132780834283
DPCD	-1.12137001670393
AMMECR1	-1.12316542979838
RPF1	-1.12357381747146
FKBP14	-1.12377327258669
PHACTR4	-1.12410437985928
HIGD1A	-1.12501298315982
TATDN1	-1.12501908676175
S100A10	-1.12522269947071
CELF1	-1.12530131147708
MRGBP	-1.12588510520602
H3C1	-1.12614016820096
ZNF568	-1.12617574378797
JAZF1	-1.12618049750793
MRTO4	-1.12622549200999
CDC27	-1.12650618207063
CSTF1	-1.12651789337457
PVR	-1.12689134955314
TICRR	-1.12748872939677
OLA1	-1.12770415382517
UBTD1	-1.12779276205273
RPL37A	-1.12807687819523
SCAF11	-1.12820719728651
PEG10	-1.12834040955753
SIAH1	-1.12857174640657
TMPRSS3	-1.1287483481505
RBL1	-1.12915386841182
GEMIN8	-1.12980468257018
MAGOH	-1.13023370127171
RWDD1	-1.13123207464169
PEX11G	-1.13159825469441
CYBB	-1.13161992627366
LHFPL3	-1.1317147369479
MT-ND4L	-1.13195873641813
LRIG1	-1.13216063159956
RPS19BP1	-1.13222231782351
PNO1	-1.13234797093592
FYTTD1	-1.13274035234564
NPW	-1.13277893514058
H4C14	-1.13300012567353
AGPAT3	-1.13301234048986
VAV3	-1.13301715926671
ZXDB	-1.13320140972034
TAF1	-1.13327929564936
PIERCE2	-1.13340218507334
GIMAP4	-1.13359756635229
C19orf53	-1.13379040742857
NUFIP1	-1.13384295606157
MCTS1	-1.13398076147311
HROB	-1.1343452370418
ZNF812P	-1.13483708083026
TRAF4	-1.13548106924434
BTF3L4	-1.13563770714814
COX4I1	-1.13563867275918
NAGK	-1.13576986603684
BRIX1	-1.13588551418504
TP53BP2	-1.13601836903629
TIMM9	-1.13644407614789
LRRC37A6P	-1.13649621975551
VPS50	-1.13674710337073
LARP7	-1.13825658796182
GLI3	-1.13905719090105
TRIM43B	-1.13955244311537
MXI1	-1.14043205380566
RPP38	-1.14101364218835
HLTF	-1.14113155670027
HELQ	-1.14131422864972
SIKE1	-1.14136408752371
UTP23	-1.14143553001586
HDAC2	-1.14165531327102
LSM2	-1.14166854441496
PAM16	-1.14176193600458
DONSON	-1.14198630926105
SPRYD7	-1.14213766865999
PNPLA7	-1.14303872903466
VHL	-1.14343218797749
MMACHC	-1.14361948500388
MFSD14B	-1.14377501460519
TOP3A	-1.14378521278169
AP3M2	-1.14392793608841
AURKAP1	-1.14439038195888
ANKRD65	-1.14445474501337
NFIB	-1.14459290558962
EIF3E	-1.14488217742297
GTF2H2C	-1.14492151221503
PDHB	-1.14510618583128
DNAJC28	-1.14518325857869
POLR2D	-1.14561176023834
BMS1	-1.14572229760196
MAD2L1BP	-1.14573389109149
MCTP2	-1.14578000285824
PHF11	-1.14634552497738
HTD2	-1.14668061175246
TUBB3	-1.14731082809911
CUX2	-1.14789380102392
SYS1	-1.14818703105312
CPSF4	-1.1487466026102
ARL6IP1	-1.14896141258384
REEP5	-1.14941248038932
PHF19	-1.1499750978179
LSM8	-1.15053547455308
ERV3-1	-1.15059809827946
CSPP1	-1.15152241040867
RPS6KA2	-1.15302131543104
SOCS5	-1.15307623079837
FGF14	-1.15331604554727
TCAIM	-1.15337290785394
PCBD2	-1.15346401964001
RASL11A	-1.15362239781354
HAS3	-1.153924456791
LHX3	-1.15419613521528
SEPTIN14P6	-1.15438523846127
ZMYM2	-1.15464478370221
PPRC1	-1.15506604285659
CFAP77	-1.1550815122432
E2F8	-1.15510321969342
TCF4	-1.15522364569927
PCDHGC4	-1.15523413258622
BDP1	-1.15541077092563
GRIN3B	-1.1555424328859
NIF3L1	-1.15703479701741
FAM162A	-1.15703645048913
PPP1R8	-1.15710966803166
SCG2	-1.1571513765687
PTEN	-1.15725173922254
IMPDH2	-1.15730352574811
TAOK1	-1.15733175129492
PLA2G2A	-1.15792135541487
LYRM7	-1.15806818123958
VPS13D	-1.15880829325218
ATG4D	-1.15892784976799
SPMIP6	-1.15900926727664
LSM1	-1.15952494724222
SLC5A3	-1.1595594591201
MAP3K4	-1.16005528644635
ELP6	-1.16017874993279
CRABP2	-1.16112471256593
MPND	-1.16176597088751
RPS6P12	-1.16224706115744
LMNB1	-1.16258060028834
UTS2R	-1.16303362808642
ZFPL1	-1.16308736305364
RPS24	-1.16332940746394
WDR77	-1.16348566222018
SENP8	-1.16361440977435
ZNF492	-1.16475305832868
RHOQ	-1.16490557102037
PIP4P1	-1.16496926704142
FAAH2	-1.16521125914844
MGME1	-1.16559681877409
RHOH	-1.16574303018344
TUFM	-1.16610879035123
PRODH	-1.16664007262165
TMED5	-1.16666734361624
GAR1	-1.16701216478535
TSEN2	-1.16730996812176
DDX1	-1.16738387046985
ZNF454	-1.16813345053602
SCRT1	-1.16824564075057
ATG14	-1.16840369505133
PTCH2	-1.1686285085557
FAM187B2P	-1.16953159900174
ATP2C2	-1.1696418289246
TSACC	-1.17015363794276
DHRS13	-1.17034659238972
GFM1	-1.17099512498214
AXIN1	-1.17128344834117
CXCL16	-1.17133841809716
BARD1	-1.1713854293559
VPS37C	-1.17176779584855
SLC30A8	-1.1718543185158
SPATA24	-1.17222383728549
WTAP	-1.17265255210309
PAIP2	-1.172832262219
TUBGCP4	-1.17313273259646
ZMYM5	-1.17330959592034
SRSF5	-1.17341418641594
FAM157B	-1.17360101704561
CRMP1	-1.17360412155273
SLIT1	-1.17395369919915
ZNF552	-1.17404499799055
ACY1	-1.17423830280528
COX15	-1.17555468036146
MPRIP	-1.17620772186129
CHRNE	-1.17626207920439
NPM1P7	-1.17680945534204
CSTF3	-1.17725046543419
BZW1	-1.17739745266314
PRORSD1P	-1.17781792688182
ITSN2	-1.17790489097852
NAV1	-1.1779493628599
PIK3AP1	-1.17823532371626
ZNF891	-1.17840803844633
ZBTB25	-1.17842995005922
NDUFA1	-1.17864330755411
ABHD17A	-1.17897016475637
HEG1	-1.17902583959983
HNRNPLP1	-1.17915482106278
EMC8	-1.1795047973206
KCTD15	-1.17965512100249
RIOK1	-1.18076661124577
NBPF2P	-1.18137273121167
BIK	-1.18160173598283
SKIC8	-1.18189782643823
LARP1B	-1.18192827171164
DDX5	-1.18228006153956
SOX1	-1.18315332142218
EIF3D	-1.1841042099781
LSM12	-1.18416494207385
MTMR11	-1.18452207016915
ZIK1	-1.18466825803828
SLC44A3-AS1	-1.1848187678037
UMPS	-1.18505672917568
PHKG2	-1.18543777887455
RXFP1	-1.18586062365013
BCO2	-1.18608668330086
COG6	-1.18746025690879
CAPZA2	-1.1876022457361
SP1	-1.18760488963689
SOHLH2	-1.18769497491228
UIMC1	-1.18786086994909
XAGE2	-1.18882016922535
SOX5	-1.18925014815201
ISG20L2	-1.19065583593803
C11orf58	-1.19119538381843
SMARCE1	-1.19122695641343
MAPK1	-1.19150039734225
USP37	-1.19187047925883
VMA21	-1.1921748400912
ZNF200	-1.19231078248569
ATXN1L	-1.19269951239795
NF1P10	-1.19279761415481
IKBKG	-1.19288696815893
EEF1AKMT2	-1.19300552920209
DHODH	-1.19304162827505
POLR2H	-1.19384973666244
ID2	-1.1940216220287
IGBP1	-1.19404816314323
SUMF2	-1.19518113727138
UEVLD	-1.19538435947416
AP1AR	-1.19613978996692
DCLRE1B	-1.19623869776688
GATA4	-1.19662849568057
POLR2K	-1.19670285090776
HUS1B	-1.19712722142318
WDR47	-1.19727507983841
NOTCH4	-1.19752802674651
PACSIN2	-1.19784342947159
PRPF6	-1.19799134328991
RIIAD1	-1.1983657186459
TMIE	-1.19846568372496
NOL4L	-1.19860467891983
TBXT	-1.19875551506083
TMEM141	-1.19913731419454
PSKH1	-1.19985233382818
SPAST	-1.20062719913596
ZNF570	-1.20093980031256
CTDP1	-1.20099165000791
AHR	-1.20240444173431
LRRC37A11P	-1.20247679690031
RPS13	-1.20290235514794
STK31	-1.20344961508669
SRPK2	-1.20388943965864
PAX6	-1.20391213982136
FGD6	-1.20410310593568
CDC40	-1.20421309092508
SDHB	-1.20440285047405
GSPT1	-1.20474611231411
ZFP42	-1.20480661486382
GPHN	-1.20494283246578
ZNF35	-1.2050686123417
POLR2B	-1.20515558505476
WDR73	-1.20547448217435
TBX3	-1.20606120177018
SHOX	-1.20663379475655
PPP2CA	-1.20685829073004
ZFYVE26	-1.20698123991294
FAM186B	-1.20735377089176
GLYCTK	-1.20766057687057
PPM1E	-1.20874080410938
CD48	-1.20895397430948
ZNF41	-1.20925447834406
NDUFA4	-1.20930509461793
SLPI	-1.20987644291682
KREMEN1	-1.20995775859469
RPSAP70	-1.20995899719247
FXYD1	-1.2100239657174
RPS11	-1.21009385234076
CAPN15	-1.2102437070896
C2CD4A	-1.21065272761219
NAGLU	-1.2109580808974
HERC2P4	-1.21121847885527
RNF149	-1.21132367663589
HERC2P3	-1.2118853906398
FUNDC1	-1.21265297910498
ARID1B	-1.21333605657882
TBL1XR1	-1.21354886185011
PPARGC1A	-1.21359770814547
EFHC2	-1.21441865706609
ELL3	-1.21486854284755
CHURC1	-1.21597864353997
MBTD1	-1.21610372719678
PCDHA2	-1.21618224448989
MTMR8	-1.21678314584681
POLR1F	-1.2169254176752
HPS1	-1.21774406043507
ZNF887P	-1.217754772696
RYR3	-1.21784671743797
UQCC6	-1.21792428331912
SLC44A3	-1.21794091883306
DCTN6	-1.21802776332
ANAPC7	-1.21939186663293
AP1S2	-1.21952975762931
RAB11FIP3	-1.22096051825045
TRAF3	-1.2211203511053
HMGB1P6	-1.22127354219658
AASDHPPT	-1.22167866864702
CRIPTO	-1.22172028032354
MMADHC	-1.22175027283405
LINC02881	-1.22238731545096
PLAAT2	-1.22371293627096
MRPL32	-1.2238145338423
COL9A2	-1.22386424128688
SERBP1	-1.22422785595669
DNAJB14	-1.22433315812904
SPTY2D1	-1.22572083453424
CALM1	-1.22607067679796
SHCBP1	-1.22654651010468
ZNF638	-1.22686446092837
RPL8	-1.22695541726249
SIK3	-1.22802065431998
SSB	-1.22857807260482
PXYLP1	-1.22947464965279
KLHDC4	-1.22947630565223
GPBP1L1	-1.23024034124668
UPK3BL2	-1.23107134694692
EIF4EBP2	-1.23180716495253
UGT2B4	-1.23191443415666
CCDC85B	-1.23194859693007
HAT1	-1.23215230567444
STAM2	-1.2325273992511
DYM	-1.23261010133194
ZMYND11	-1.23315163874533
B3GALNT2	-1.23338081037246
PSMA5	-1.23463293325151
SRY	-1.23488235453997
SRP54-AS1	-1.23568201415353
NAE1	-1.23574630253819
CCDC138	-1.23600327883975
LIMS1	-1.23622712646805
PIH1D2	-1.236750571196
CSNK1D	-1.23713385778239
DNAL1	-1.2372616094399
ZNF92	-1.23760779452387
CALCOCO1	-1.23795399520063
PAIP1	-1.23825076563184
JAM3	-1.23838330096529
TMEM191C	-1.23839787378445
SNRNP27	-1.23991299457871
ZNF775	-1.24030041300563
CPSF1P1	-1.24054943650051
CTDSPL2	-1.24097526407894
GSKIP	-1.24248525010044
PRADC1	-1.24274690957692
PPP4C	-1.2430439386597
AIFM3	-1.24342936480443
STPG2	-1.24358645528449
LRRC10B	-1.24392456627049
ZNF343	-1.24435381775859
HARS1	-1.24442696032381
UQCRB	-1.24522907291208
B4GALT6	-1.24580496240247
PRKCQ	-1.24722216352426
C6orf89	-1.24733696648021
ABHD15	-1.2473969915857
DTYMK	-1.24935118178798
PPIL4	-1.24965662838809
ITGA2	-1.25033982436374
VMAC	-1.2506362528102
CKAP2L	-1.25151392901746
COL10A1	-1.25160542537187
FRK	-1.25325113553171
NACA	-1.25387418240016
CAPNS1	-1.2539114524735
TEPSIN	-1.25423836489069
CBX8	-1.25460784326155
SNX27	-1.25465218822301
THAP5	-1.25484764614957
RRAGC	-1.25503434445627
TNFSF11	-1.2552977435832
DGKE	-1.2557127985734
RPS12	-1.25586756844553
UQCRC1	-1.2564710567356
BCL3	-1.25669231384816
STIP1	-1.25676819765906
AP1B1	-1.25723591792574
TRMT61A	-1.25825151418201
ZNF470	-1.25826869913125
ZNF204P	-1.25862940805633
HGD	-1.25887732818183
DBNL	-1.25906693004605
TMEM255B	-1.25945040076375
CARNMT1	-1.25949037299608
ZNF514	-1.26014732672593
SLC35A3	-1.26032801185105
RHOV	-1.26042840199234
GABRA5	-1.26045374091403
DHX9	-1.26138067109824
CUL2	-1.2614117949752
PTGR2	-1.26197260000734
UBE2E1	-1.26208907762716
H2AX	-1.26210126347855
NEUROD1	-1.26238040295892
QSOX2	-1.26299609507017
UBE2D1	-1.26325758706895
HSCB	-1.26358658400022
MT3	-1.26400659923091
CYP26A1	-1.26407201242724
PATZ1	-1.26421310128107
BLOC1S5	-1.26427590812086
SNRPD1	-1.26447874066975
SUGP1	-1.26528129781984
RPS17	-1.26532567653469
RHOG2P	-1.26589063583981
UBE2L3	-1.26598372047465
CD163	-1.26633048530659
PLBD1	-1.26701769825963
FANCD2	-1.267366468259
NAF1	-1.26744178756366
PTBP3	-1.26750020876833
DKC1	-1.2676776668926
TMEM240	-1.26781460782504
INO80B	-1.26784885850891
CPLANE2	-1.26792389672671
DGKD	-1.26795799911168
FRAT2	-1.26842948532684
MPPE1	-1.26882696863782
ZFAND6	-1.26900962112077
GUSBP16	-1.26901808489713
SLC16A6	-1.26972194584373
MTFR1L	-1.26980719831959
DSTYK	-1.27027549215686
ZBTB7A	-1.27042948555216
SORL1	-1.27071018198858
BAZ2B	-1.27071151421944
PRPS1	-1.2715056424961
HOXB3	-1.27176308685469
EFEMP1	-1.27184279642055
STX16-NPEPL1	-1.27231586410371
GADD45GIP1	-1.27241427903147
CCDC82	-1.27243355651958
PRKCE	-1.27290769288349
RSPH10B2	-1.27309274067049
CDKN2AIP	-1.27370223886622
SLC47A1	-1.27435100788795
EPN2	-1.27536834750842
CENPX	-1.27589312150151
MT-ND3	-1.27606171739324
MTIF3	-1.27610730012098
CYP4F3	-1.27626889064918
DUX4L50	-1.27746621786711
VPS51	-1.27753780221273
ST3GAL2	-1.27755220434921
JHY	-1.27764019634027
ZXDA	-1.27775019123085
CLEC2D	-1.27796939673019
DNAJC27	-1.27831781295257
TIMM8B	-1.27842411155209
MEI1	-1.27893561507879
COX7A2	-1.27904009816803
ZNF511	-1.27908572153991
MAP4K5	-1.27912256922398
LKAAEAR1	-1.27922824015456
C9orf85	-1.27937814862145
TMEM175	-1.2796597494222
PRKXP1	-1.28005097100295
CLEC16A	-1.28019001207195
MAGOH2P	-1.28155856927128
IAH1	-1.28166222274848
RNF213	-1.28220478885573
CATSPERE	-1.28268054194597
YEATS2	-1.28292866704628
MBD6	-1.28340606207967
FAM86FP	-1.28347511739175
SP4	-1.28357963794108
TMEM106A	-1.2840028657156
LEP	-1.2847887292519
ZNF195	-1.28533742381729
ZNF549	-1.28545063684943
RPS6KB1	-1.28559887856229
PEDS1	-1.28573457826717
CENPH	-1.28655116083471
UBE2T	-1.28694136572584
EYS	-1.28770463730305
NVL	-1.28789917559559
MTRES1	-1.28822601652237
TEX13B	-1.28834953693822
MYCBP2	-1.28848468270577
USP22	-1.28913946368717
PPP1R12B	-1.28930591412487
ZWILCH	-1.28937556354242
RGS11	-1.28951178279893
UBE2N	-1.28962276558665
UBTF	-1.28993719924141
RPL32	-1.29098283800229
TAX1BP1	-1.29195175369306
SUOX	-1.29300988364137
C18orf32	-1.29312457031875
ZFAND1	-1.29349942471031
RRAS2	-1.29353886298001
SNAP29	-1.29454511203797
ZNF3	-1.29542261395096
EP300	-1.29577912700274
C20orf204	-1.29596439442073
ZC3H15	-1.29642545760404
VSIG2	-1.29666989423089
ZNF558	-1.29700857128491
ADAMTS3	-1.29727784321345
CCT8	-1.29804790131677
TWNK	-1.2988218603131
ZNF292	-1.29923135664041
GINS1	-1.29925061140478
CFAP298-TCP10L	-1.29929482876638
GTF3A	-1.29942293914554
GOLGA6L7	-1.3005226639022
MSI1	-1.30062908361808
AAK1	-1.30069928421564
TUBAP13	-1.30073832415314
POLE	-1.30104322423872
BORCS7	-1.30138801543903
BFAR	-1.30285791017454
NUBP1	-1.30286349818978
CHERP	-1.3033585243708
NUDT18	-1.30434518135563
RAVER2	-1.30470704213789
TBP	-1.30515509078871
YAP1	-1.30611072871985
TAF1B	-1.3061486791121
GDNF	-1.30617273463956
ARMC1	-1.30677052306269
ZBTB24	-1.30682753048548
ALS2CL	-1.30683822322996
DGCR6	-1.30684617882586
PFDN4	-1.30715893430022
ARPC3	-1.30815574124049
FBXW5	-1.30826515898412
CFAP298	-1.30851340304423
DNAJA3	-1.30883297549828
ATP5MG	-1.30919632677324
SNRPD3	-1.30920641068937
CLEC4G	-1.30948887804025
PALMD	-1.30953507299424
RPL29	-1.30960263342892
BMS1P4	-1.30972306291271
TBC1D1	-1.30980897258388
IL37	-1.30998096205193
SSBP3	-1.31001089483004
NBPF18P	-1.31006536365614
MAGEA11	-1.31060142444738
TIMM10	-1.31078352086678
OR1L8	-1.31175420768532
DET1	-1.31271843105719
UCK1	-1.31287573657988
VDAC2	-1.31342447170863
NKAPD1	-1.31372786692593
ATF1	-1.31416037477406
MED31	-1.31435677722879
DUS2	-1.31447051430937
SNX2	-1.31492702261315
ZNF106	-1.31539360991751
PHC2	-1.31557670510011
PECR	-1.31593441595999
ZNF347	-1.31605955015276
FAM50A	-1.31664455976509
RBM12	-1.31708578502698
TRPC4AP	-1.31714572667395
LRRC73	-1.31765183000865
NUFIP2	-1.3178517564672
CAP2P1	-1.32096530280354
GPR149	-1.32225031685529
RMDN3	-1.32244987198707
CD209	-1.32383470478955
FAM199X	-1.3240104823253
HNRNPA0	-1.32463310315867
CASTOR3P	-1.32479113533416
STYX	-1.3250587008407
PLPP5	-1.32519455911028
PTBP1	-1.32522803659579
ATP5PD	-1.32566150534753
TYMS	-1.32693701189121
TRIM71	-1.32732433912035
MED1	-1.32848315172917
SESTD1	-1.33036650567809
CBS	-1.33045596664102
USP47	-1.33067790889977
GOLGA6L5P	-1.33139244201768
OXLD1	-1.33142016735823
MRPL39	-1.33268861003325
ERICH1	-1.33353906062777
SH3GL1P1	-1.33388190792505
TCP11X1	-1.33390350240205
SLC25A32	-1.33404707712956
C19orf25	-1.33408004730173
VIPR2	-1.33415096605709
ABHD18	-1.33434141361153
COPS5	-1.3346502083136
ZNF326	-1.33467517376575
WSB1	-1.33476920755575
SNX16	-1.33480201534937
HNRNPH1	-1.33618465804188
KALRN	-1.33667210534676
MRAS	-1.33681813951234
CYB561	-1.33718783889673
IGIP	-1.33729316261192
SIRT7	-1.33730476786282
PPP1R18	-1.3378657528764
CCSAP	-1.33808344150018
CASP3	-1.33826157478936
ZNF418	-1.3391029642749
SMNDC1	-1.339340655681
RAB5C	-1.34003663009943
PFAS	-1.34011708687253
CASP9	-1.34032209215023
EXO5	-1.34119968295199
CA4	-1.34246403680587
ZNF554	-1.34278025608329
FAAP100	-1.34288553587847
UPK1A	-1.34348463794352
ACADS	-1.34389112231693
CALB2	-1.3440611015464
ZNF763	-1.34409284265742
SETD2	-1.34448154201089
AOPEP	-1.34457188916296
ACKR4	-1.34458543753697
DPH6	-1.34459180900285
ATP5MK	-1.34565501929961
RNF168	-1.34611358267728
ZDHHC2	-1.34632703400255
MOGAT3	-1.34661250723649
RCC2	-1.34706463265606
XRN1	-1.347245958833
TPRKB	-1.34725995301511
TUBB	-1.34774338447352
ATP8B1	-1.34775816127851
CREBRF	-1.34777097688132
GEN1	-1.34858043431442
C18orf54	-1.34877691365551
FAM107B	-1.34950742213815
RNF170	-1.34951299134372
ANKRD12	-1.34953597675094
PRKAA1	-1.34969171256342
ROCK2	-1.35013716769241
DACT2	-1.35033722148204
RPS21	-1.35039115205479
TP53RK	-1.35043929097967
C2CD2L	-1.35071781462223
NIFK	-1.35098194781019
TM9SF3	-1.35164793929827
C1GALT1C1	-1.35200097093057
ELOA	-1.35229402866765
NAPG	-1.35244508399902
KDM7A	-1.35262732978663
TCP10L2	-1.35338843742936
ANLN	-1.35367986212525
GRB2	-1.35401299338463
BNIPL	-1.35401852234517
DCK	-1.35490729024419
KPNA5	-1.3551954281977
NAA20	-1.35542015065953
MALT1	-1.35561159657441
ZNF512B	-1.35631321648903
CETN3	-1.35652051426097
IBA57	-1.35751305049324
IRX2	-1.35760520115794
EIF2AK2	-1.35774326335166
NAGS	-1.35785825146495
ZSCAN16	-1.35878191109543
MAP2K4	-1.35889801279171
NSD1	-1.35919363871884
METTL14	-1.35964375721561
EEF1A2	-1.3597133527724
MPHOSPH10	-1.35983075691715
MAP3K7CL	-1.36009357197101
PPM1K	-1.36146787059038
OSGEP	-1.36187991256706
RPLP2	-1.36191152485534
OR3A1	-1.36236756331465
IKZF3	-1.3623727189529
CELSR1P1	-1.36264502523662
CENPK	-1.36286602026197
GPAT2	-1.36332112786969
DLST	-1.36342456959542
FKBP15	-1.36364511491653
KIAA1549	-1.36464925526748
UTP3	-1.36466180016868
GSR	-1.36523225684447
NKIRAS2	-1.36556410225517
PKD1P4	-1.36596314158967
GTF3C2	-1.36652687752708
PLSCR4	-1.36690658960782
NEDD1	-1.36692630062064
PRLR	-1.3669584123698
SPAG17	-1.36723783872163
ZNF780A	-1.36748263759896
ARHGDIG	-1.36771677838678
UCHL5	-1.36784557998965
MOB4	-1.36788997986915
WNT5A	-1.36849069254547
FARSB	-1.36861392771516
FAM86C1P	-1.36914140523908
EXOC8	-1.36929483188663
PRKCH	-1.36976513107006
C1orf159	-1.36985734167008
H2AC10P	-1.37065389360578
TMEM220	-1.37105255005034
ZNF394	-1.37129549714431
SFI1	-1.37141864930986
C1RL	-1.3721520898877
SNX6	-1.37381745207876
KIAA2013	-1.37387782039877
CAMK1D	-1.37394724029193
PPP2R1A	-1.37458718052427
SCO2	-1.37470000161442
ARHGEF12	-1.37543665272157
DOCK8	-1.37574098741323
MSL1	-1.37596025563867
CHCHD1	-1.37669177836512
NDUFC1	-1.37822759682566
MRPL49	-1.37908947360638
ESPNP	-1.37936159134648
HRK	-1.37994863947783
ARK2N	-1.38016761054893
WDR27	-1.38017785090589
RIPOR2	-1.38059227557427
SPMIP9	-1.38065001075836
SENP3	-1.38100823815104
SLC30A7	-1.38145850488608
ZNF107	-1.38166617608463
PRP4K	-1.38199002993259
NBEAL2	-1.38281322672049
ZNF114	-1.38347705063891
MOSPD2	-1.38411368918892
UNC13B	-1.3843337792303
C1GALT1	-1.38487160720829
CDC16	-1.38512758341514
AGPAT2	-1.38529828744399
COG2	-1.38585831789091
ADPRHL1	-1.3859639716071
SLC22A3	-1.38598917223518
CEP43	-1.38608207929221
RFC2	-1.38696944558257
MRPL40	-1.38715123624354
NEUROG1	-1.38730372717646
CDC73	-1.38778476620484
ITSN1	-1.38844310280471
PANK3	-1.38859177352726
SCLT1	-1.38957724068773
ZFP69B	-1.39018673736462
CENPW	-1.39027425301302
SEC24C	-1.39040230473843
C4orf33	-1.39047069253662
ARPC1A	-1.39052534751913
XPO5	-1.39109310614811
PHYKPL	-1.39127380523111
TMSB4X	-1.39127995559296
MICOS10	-1.39137755701294
TBC1D23	-1.39194672638048
NT5C	-1.39296886020886
MPLKIP	-1.39404766630861
CASZ1	-1.3940542577328
ZIC2	-1.39407507473025
JMJD4	-1.39439638928827
SPESP1	-1.39480408304486
UCHL3	-1.39487511625012
NUDT4P2	-1.39521600262647
WDR11	-1.39522079979229
BCR	-1.39630456428376
PHLDA2	-1.39682054773024
FAM229A	-1.39709281649973
COPS7A	-1.39748359176242
TMEM86B	-1.39762792268723
CNOT7	-1.39777650295602
DCLRE1A	-1.39832527529834
CASP7	-1.39876580827154
TIGD4	-1.39910773510921
IL17RB	-1.39914543439969
EFNA2	-1.39920664267222
ZNF826P	-1.39941943487707
RPS16	-1.39966240774339
ZC3H12C	-1.39989192435891
THUMPD1	-1.40029012661517
EXOSC2	-1.40039914227082
TIGD7	-1.40051994224147
WASHC2A	-1.40063798827912
BBS12	-1.40074181948759
SOS2	-1.40180482669119
ANKLE1	-1.4025752017291
ZNF841	-1.40284608871804
HSPA8P15	-1.40285749691454
TBRG1	-1.40394206577716
CALR3	-1.40407623348037
PLCH2	-1.40416011794779
TMEM165	-1.40454656973748
VRK1	-1.40526229184457
NAA30	-1.40592287518602
MRPL1	-1.4067302810153
FSBP	-1.40724064826289
UBE2Q2P1	-1.40737504871244
ARL6IP4	-1.40773169828971
HYPK	-1.40784200218032
ORMDL3	-1.40925678499478
DPH2	-1.4100511027025
DHX35	-1.41005219194274
APOOL	-1.41039544222625
SENP7	-1.41088576019024
ADCY5	-1.41089165028191
NAGA	-1.41138917546824
NUP85	-1.41191543659435
HRH3	-1.41206223225228
SRP54	-1.41252625522887
ENTPD2	-1.41267822857905
TEX13A	-1.41290381968619
EIF4B	-1.41326794021203
ABCD3	-1.41337924633612
RPL10A	-1.41362763497727
NSUN5P1	-1.41418256902885
RREB1	-1.41658133004375
MTRF1	-1.41661398778525
GATA2	-1.416941659702
GOPC	-1.41699023192421
SPIDR	-1.4170980283699
RPRD1B	-1.41742771011656
PTCD3	-1.41749112975647
NEK4	-1.41754883122001
FSIP2	-1.41761196154679
GOLIM4	-1.41791003097925
VAV2	-1.41796172102967
EIF2AK4	-1.41819924368782
HS2ST1	-1.41855388022286
METAP1D	-1.41907203562446
WAPL	-1.41966610375917
KRT8P46	-1.41988107482434
VMA12	-1.42013123491392
GGCX	-1.42021116685591
MAN1B1	-1.42043838384788
CYBC1	-1.42063195097114
ORC1	-1.42105324727296
SFN	-1.42131266679416
PCMTD2	-1.42207986849179
CSKMT	-1.42254356501381
ANAPC15	-1.42254597422369
ZNF260	-1.42263961307529
ZCCHC2	-1.42273285143272
KASH5	-1.42293545811597
UACA	-1.42301288396968
DGCR6L	-1.42308385017804
ZNF358	-1.42336833256907
ARHGAP24	-1.4236952871857
PLPPR3	-1.42442381628641
PALB2	-1.42446757443114
TCF21	-1.42520756302435
SLC6A5	-1.4261191795103
ZCCHC10	-1.42681264136505
PUS1	-1.42695565175475
MIB1	-1.42716926377306
OGA	-1.42848860160648
PDAP1	-1.4286810805184
C22orf39	-1.42896885989239
C7orf57	-1.42907382000851
ASAH2B	-1.42916926453014
HEATR3	-1.42921568225835
COL28A1	-1.42925730147784
ARHGAP10	-1.43018474479576
ABI1	-1.4308507927902
HEATR6	-1.43273089306781
TOM1L1	-1.43289560620546
CLEC4GP1	-1.43312197559406
MYO18B	-1.43390208999501
NOC4L	-1.43404297542577
POM121C	-1.4343454557654
ZFX	-1.43446846111821
CRADD	-1.43484354167006
MMP11	-1.43521573450225
PDE6C	-1.43539837381286
DSC2	-1.43585537331466
SNX4	-1.4362032113018
FAM111B	-1.43677050895282
ZNF12	-1.43710664729946
RPS15	-1.4377019820956
TRAPPC13	-1.43785572554095
PARP12	-1.43852269489404
XK	-1.43906168177255
RAB22A	-1.43914925804532
METTL3	-1.43926207761921
ZNF518A	-1.44001861512651
HECTD3	-1.44052734242281
CEP170B	-1.44138420566816
LDLRAD4	-1.44164772853755
LUZP2	-1.4426472960402
ZNF710	-1.44307239006549
RGP1	-1.44320086606995
DAZAP2	-1.443220973428
ISLR2	-1.44324686854037
SRSF2	-1.44334663026243
MPHOSPH6	-1.44350814372715
CMKLR2	-1.44384014120384
ADTRP	-1.44391013446931
ROBO2	-1.44433456709041
CDC14B	-1.44444217525446
GUCY1B1	-1.44520489838573
DYNLL1	-1.44551238827526
HCG4B	-1.44551549205815
BRMS1	-1.44594860904837
ZBTB45	-1.44597747191989
SLC26A1	-1.44618457289735
SEC1P	-1.44737815920204
SCN2B	-1.44787719758932
TIMM29	-1.44797543679302
PITHD1	-1.44822817091009
PRPSAP2	-1.44839006239708
RASGEF1B	-1.44855927652691
C16orf86	-1.44878937037343
NLRP11	-1.44901676684753
CCNT2	-1.44903025372911
CIPC	-1.44906788611549
PLEKHH1	-1.44909014520511
DEFB133	-1.44940059106887
GPAM	-1.44950760482509
MELTF	-1.44952068164171
EXD2	-1.44962700868114
PPP3R1	-1.44979239448084
SPEM1	-1.45033849780572
UNCX	-1.45125396290079
PCSK5	-1.45154796810379
MED17	-1.45156187297464
HNRNPD	-1.45164814767692
EFCAB14	-1.45187649430917
TMED2	-1.4520456398244
MRPL57	-1.45242120860693
RB1	-1.45386663845483
TVP23C-CDRT4	-1.45454851233684
KLHL22	-1.45473021103182
RGS20	-1.45540693838543
PTCD1	-1.45555265202341
AURKA	-1.45570940105482
TBC1D9B	-1.45575638319005
COL6A2	-1.45678895596638
SCAMP5	-1.45735814324675
STARD3	-1.45783781603382
MTERF3	-1.45791308120808
ZBTB2	-1.45829728930817
MRPS34	-1.4588850924759
POP1	-1.45924155811465
CYP26C1	-1.45958442193044
TESMIN	-1.45988399045172
BROX	-1.46009012503263
FAM174C	-1.46109124070532
TPD52	-1.46169401427677
NOL10	-1.46203760576453
HK2	-1.46205177357514
DDX24	-1.46244412267795
PIWIL2	-1.46293654063234
OSBPL1A	-1.46305616097324
RPL32P3	-1.46361372156972
RPL36	-1.46377522913603
RBMS3	-1.46404176111911
SUZ12P1	-1.46472336145011
NELFA	-1.46493424477776
ARPP19	-1.46636486836008
C19orf33	-1.4672269728367
PMPCB	-1.46761238443654
MAP1LC3B2	-1.4677716134845
KIN	-1.46785926622651
MKNK1	-1.46795396666411
ZNF530	-1.46798180186668
ZMYND19	-1.46866884611083
SLCO1A2	-1.46920328472185
RUNX1	-1.46927130342271
TEDC1	-1.4717491105138
CDKN1B	-1.47200986734451
RPS15AP10	-1.47247752403622
RPL13AP5	-1.47262556399711
HAPLN1	-1.47263779119147
CT47A12	-1.47274575779987
LAMP3	-1.47298169868192
TEX13C	-1.47361712713742
BAG5	-1.47368061144453
LDHD	-1.47475961988197
EIF3H	-1.47529630879425
SIAH3	-1.47621645770124
RBM46	-1.47625562465776
PGM2	-1.4763937980293
RNF217	-1.47728236919883
NUDT22	-1.47819575339148
EVL	-1.4784268698299
WDR5	-1.47845616867529
NR1H2	-1.47856932181565
RPS6	-1.47873234010583
STRN	-1.47888657791271
F12	-1.47917214199806
OVCA2	-1.47965421758266
GPN2	-1.47973667420186
NFIL3	-1.48066562371707
INKA2	-1.48073256449677
IL1RAPL1	-1.48105173263722
CRK	-1.48114581251376
HAS2	-1.48166499958006
ECI2	-1.48336848230449
COQ9	-1.48344538657113
GNG11	-1.48397961315657
OOEP	-1.48419003804476
FASTKD3	-1.48470992961635
FAM200A	-1.48529315190561
UTP11	-1.48536119195851
ACAA1	-1.48555572996097
ALG14	-1.48625658940529
FAT1	-1.48626493744007
NHSL1	-1.48709670445283
ZNF766	-1.48711650672027
POLR3B	-1.48769254147061
SLC6A4	-1.48786366841403
C6orf120	-1.48878965522056
RALGAPA2	-1.48880699512118
BORCS8	-1.48904207610116
EXOSC3	-1.48906860083562
HAPSTR1	-1.48988581507703
TRIP12	-1.49235992124528
PTGES2	-1.49238582170519
POLR2M	-1.4931379494254
DMXL1	-1.49334254677783
PRKG2	-1.49432110039432
PDIA2	-1.49434372711619
FUZ	-1.49520056764991
CD59	-1.49525219117462
H2BC17	-1.49609913019973
ZNF224	-1.49636875150751
GNB2	-1.49646726899082
CDH6	-1.4966081610983
SIRT1	-1.49665447461106
LY6G5C	-1.49769099231649
UPF3A	-1.49799797254829
RASSF3	-1.49801350522679
BOD1L2	-1.49809308504404
ERAL1	-1.4982954937723
PTCHD1	-1.49888959060894
HNRNPKP1	-1.49972629202074
ALDH3B2	-1.49980345268687
TENT5D	-1.49988137843764
VPS13C	-1.50037095443334
ELFN1	-1.50047099919056
CDC6	-1.50084906755956
NCAPH	-1.50268055688097
WASH7P	-1.50279428862688
KIF21A	-1.50291926380407
RPS15A	-1.50312949421187
ENO1	-1.50345366747167
SPINK1	-1.50352964465156
ZNF587B	-1.50398554896042
ZNF283	-1.50424429790819
MSI2	-1.50438128064812
SP2	-1.50480450053192
HOXB2	-1.50540934481991
MAIP1	-1.50585030406082
TSR1	-1.50586216018908
ZNF131	-1.50593041300485
ZDHHC22	-1.50600352589182
USP46	-1.50600969744122
PRPH	-1.50616269318352
ERCC4	-1.50648091748739
SCRN1	-1.50662049370846
PPP1CB	-1.50707039914598
TRAK2	-1.50719790421114
VPS53	-1.50785713351229
GEMIN4	-1.50802212706472
WASH3P	-1.50831024708502
LYPLA2	-1.50877559810692
NTRK3	-1.50950574545221
TNFRSF8	-1.51023275851119
WIPF3	-1.51025016282677
RPL7	-1.51063637227867
CTSK	-1.5110078859693
PSMA6	-1.51157429698633
HEMK1	-1.51229808595145
CHEK1	-1.5126176082604
CACNA2D3	-1.5130836683802
NUF2	-1.5131900175848
PROS1	-1.51355210557224
USP6	-1.51394311611382
RAB9A	-1.51430144463812
SUGCT	-1.51488144319797
DDX10	-1.51507788623328
CCNA2	-1.51531807188134
ZNF207	-1.51541657397187
TRIAP1	-1.5154847365769
FAM98B	-1.51602118108056
CTSV	-1.51616416976074
NAMPT	-1.51698894102389
SMARCA2	-1.51721817194212
H3-3B	-1.51784677319478
TIRAP	-1.51807457619253
ZNHIT2	-1.51842665463706
NFKBIA	-1.51873461515163
INTS5	-1.51920972021478
PHAX	-1.52048358943069
TMOD2	-1.52083781207304
EXOC1	-1.5209914832068
EWSR1	-1.52103575031299
CLDN23	-1.52137551172059
RNF220	-1.52207663115465
PTH2R	-1.52274594911305
TWF1	-1.52301413160527
RSBN1	-1.52322700932817
CTBP2	-1.52324580995995
ZNF146	-1.52371823288214
NUTM2G	-1.52392746745231
RPSA	-1.52410223025785
SMIM14	-1.52419261291916
ZNF346	-1.52455324087533
MAPRE1	-1.52477950405865
ZHX3	-1.52478008473471
ZNF655	-1.52554414880649
CHRM4	-1.52569727220628
GPR153	-1.52570379950131
POGLUT2	-1.52603754976127
PRPS2	-1.5260607372413
FAM210A	-1.52607538136741
RAB7A	-1.52611859215873
BIRC6	-1.52629097642511
UQCRC2	-1.5266799042284
DDX43	-1.52682394726403
VTA1	-1.52746237819478
NUDT1	-1.52866993445147
PRKAR2A	-1.52937681693257
DGKQ	-1.52953849103274
PSMC2	-1.53041192567459
ZNF614	-1.53045975660249
LTO1	-1.53172005994356
NDUFB7	-1.53192131865538
NLN	-1.53205223541395
FBXO22	-1.53228275643053
SLC16A2	-1.53254788116862
C1QL4	-1.53354902983441
TAS2R19	-1.53373745517583
RAB31	-1.53416954981136
ZNF37BP	-1.5345464463771
KIFC2	-1.53470822403082
BICD1	-1.53515285556808
MN1	-1.53522740725346
CASTOR2	-1.53534757937699
TIPARP	-1.53574816559011
ZNF807P	-1.53598933541644
CDK17	-1.53622872579388
NIPSNAP3A	-1.5363530656876
LIN28A	-1.53678461031492
ZNF225	-1.53773459196274
CLIC4	-1.5378939781396
ATP6V1E1	-1.53898615373149
UBQLN1	-1.53925664856608
HIGD2A	-1.53926748196166
CLIC5	-1.53943607580872
ZNF433	-1.53953425016214
CLDN6	-1.53975328605368
TANGO2	-1.54036906615755
INPP5F	-1.54066079206504
NCOA3	-1.54071695757638
RFC3	-1.54133351410934
CFAP119	-1.54210758589872
PMPCA	-1.54266348475103
TINF2	-1.54443971408071
ADO	-1.54450954509939
LLPH	-1.54507615037998
CHD5	-1.54535249187432
RANBP9	-1.5454384671377
CSTF2	-1.5455015988753
FGF20	-1.54555170068081
SEC61G	-1.54562598843641
COX7B	-1.54590295723408
MAU2	-1.54639060442765
EXPH5	-1.54662794704112
WDR45B	-1.5466350970563
SHLD3	-1.54681317716332
PPAT	-1.54763574988167
SERINC4	-1.54770706927997
WDR7	-1.54779115713309
PI4KAP1	-1.54787898871492
YTHDF3	-1.54829947485254
ATF7IP2	-1.54835886504771
RCN2	-1.54850817457969
LBX2	-1.55046422847676
GOLM2	-1.55072318738556
DDX53	-1.55109266670024
WASH5P	-1.55210832059861
DUSP5	-1.55213821275584
LONP1	-1.55263268349888
SBNO1	-1.55456579270396
LCOR	-1.55486777749649
BRIP1	-1.55530295823899
CEND1	-1.55533911781467
MSANTD3-TMEFF1	-1.55538664616443
PHF2	-1.55623368360324
SPAG4	-1.55627289478043
DEF6	-1.55631079076642
MRRF	-1.55633434466057
VPS35	-1.55823690834263
DDX20	-1.55883878965188
IFT70B	-1.55886527985533
ZNF26	-1.56034085683773
CECR2	-1.56048613357053
CCNH	-1.56133887455004
MLLT10	-1.56192842036545
FKBP4	-1.56197200497421
ZNF117	-1.56215253704969
SUPV3L1	-1.56225416996285
FBRSL1	-1.56233140002669
ANKRD37	-1.56251621938484
C2CD4C	-1.56271756493852
PELP1	-1.56503998269709
MSRA	-1.56527230534283
SDHAF2	-1.56573581173777
PSMG2	-1.56601562174454
ARL5A	-1.56649800065186
MARS2	-1.56679296073061
ARID2	-1.56727141749223
MAPK8	-1.56750496487474
ADAT2	-1.56807986268398
FARSA	-1.5686630150452
RAPGEF6	-1.56973088452371
NOL12	-1.57108579687577
FOXRED1	-1.57237120714321
IL1A	-1.57244366846826
AKAP11	-1.57320208821426
GPRASP3	-1.57326639708313
MRPS12	-1.57337069729133
DARS2	-1.57369657408562
LNPK	-1.57370212945225
SREBF1	-1.57468200234709
MRPL42P1	-1.57560755379604
TUBA3D	-1.5757508586529
RBM48	-1.57584361197527
HOXD13	-1.57755863323868
LRRC37A12P	-1.57799209720311
OIP5	-1.57804988803012
TSPAN13	-1.57835414077279
PFKFB3	-1.579072670625
RAB14	-1.5791708429617
COX5B	-1.57973897042522
COPS2	-1.58043362743416
ADAD1P1	-1.5804493916488
RPL31	-1.58108032094358
SAP18	-1.58131703990862
EDEM2	-1.58168390633051
RASEF	-1.58244486117382
RNFT1	-1.58259550987738
SEPHS1	-1.58344479397596
PWP1	-1.58364717233559
DTD2	-1.58387646356447
CEMIP2	-1.58495152820687
MRPL53	-1.58501272305027
TMEM91	-1.58625301005391
ATG3	-1.58642825759138
ZNG1C	-1.587223025805
TAS2R6P	-1.58740199839361
TRPM1	-1.58792724842514
NICN1	-1.58796757231585
ZNF468	-1.58865141042636
ATP6V1G2-DDX39B	-1.58929873441848
KRTAP12-1	-1.58999915812685
GASK1A	-1.59009316725623
AURKAIP1	-1.59160515854895
FLCN	-1.5917937938578
AP1G1	-1.59209723038352
GSTO2	-1.59222439036955
TRIM8	-1.5926522925146
WDR20	-1.59309848263433
DNAJB12	-1.59335840182446
FABP5P3	-1.5937256268594
LYVE1	-1.59423067351204
HSPE1	-1.59480840320254
SSH3	-1.59512295917539
GALM	-1.59550278372007
CRYGD	-1.59589478690639
PI4K2B	-1.59634761659925
ZNF507	-1.59854847743343
IL15	-1.5987166345141
DUS1L	-1.59951116500749
CTCFL	-1.59988312375774
EIF2S3	-1.60013080714715
FARP1	-1.60200862709033
EXOSC6	-1.6021348804418
DEPDC5	-1.60245352339322
TMT1A	-1.60251359675485
SDHA	-1.6025405553365
MRPL48	-1.60288914186576
SLC7A10	-1.60338341194682
NPAT	-1.60376467673649
NDUFA10	-1.6040215367161
DNAJB2	-1.60419097912831
KIZ	-1.60472248522115
CDC25A	-1.60566901598982
SNIP1	-1.60608187101693
INO80D	-1.60608269474225
ZNF780B	-1.60630182480861
PCDHGA11	-1.60683987668427
LRP4	-1.60760417146561
ZNF202	-1.60767363289001
HAUS8	-1.6077705136461
PF4	-1.60865310839598
SGTA	-1.60869065286764
ZNF737	-1.60884989086405
USP33	-1.60897646046836
GRB10	-1.6098560506726
RPL23	-1.60990513256712
ATP5F1C	-1.61298341505956
EXOC7	-1.6129882467338
SMAP2	-1.61391619710804
ANO7L1	-1.61434134103996
UBR3	-1.61441912982745
RPL7L1	-1.61490175730053
RPL13A	-1.6152162929421
CLCC1	-1.61554217873446
ALDOA	-1.61582583834861
ACOT8	-1.61600164490778
TOMM22	-1.61616827940813
LNPEP	-1.61696451416458
RPL23AP87	-1.61776922636881
SIGLEC6	-1.61867712490425
ZNF431	-1.6187357937775
CEP192	-1.619031285691
BCKDK	-1.61906259682465
ACSS1	-1.61928808977143
PRSS56	-1.61932646645411
HNRNPU	-1.61961482596577
ABHD14B	-1.62143513688147
SMARCC1	-1.62153757535434
VCX3B	-1.62219194925618
TMEM230	-1.62246078116397
SCN5A	-1.62348706167736
CYP2D6	-1.62349331300721
CHM	-1.62379012275209
METTL21A	-1.62501770897077
UBE2Q2P2	-1.62569075542039
NKAIN4	-1.62589974089856
TMUB1	-1.62651591326915
TIMM23	-1.62664974705291
CCDC71	-1.62702090896911
KIF3B	-1.62755723777871
MAGEB1	-1.62757225850444
ZNF16	-1.628728133583
CCP110	-1.62901976277452
DECR2	-1.6293871955506
AKTIP	-1.63036975867295
FAM124A	-1.63089990414656
NIPA2	-1.6310772843711
RRS1	-1.63158880065203
SNRPB2	-1.63211750231424
TRUB1	-1.63392764948724
LAPTM4B	-1.63418840479339
MIS18BP1	-1.63497284705222
TENM1	-1.63526905302432
VWDE	-1.63636970041256
CDKL4	-1.63638674285267
RNF11	-1.63646138173663
LRRC37A15P	-1.63670671111855
OR2A20P	-1.63733093190667
GALNT17	-1.63844737448518
RP2	-1.63972136578771
NUS1	-1.640012390484
METTL23	-1.64148716296134
VGLL4	-1.64153334264678
ANO6	-1.64156870216734
SECISBP2L	-1.6417882970815
PBRM1	-1.64179107137287
TSTD2	-1.64203548166368
NDUFS5	-1.64225229482569
LMTK2	-1.64246365227224
TRIM23	-1.64267903359343
SAT1	-1.6429098958696
SACM1L	-1.6433929815371
EEF1AKMT4	-1.6435725288611
GRSF1	-1.64391661247363
FTH1P3	-1.64406479701281
FN1	-1.64473174600525
STARD7	-1.64507511568663
ESRP2	-1.64508022561637
SASS6	-1.64557246410565
SNX22	-1.64596074323512
WNT3	-1.64614717396975
OR7E5P	-1.64636722235994
SSBP1	-1.64695867060157
PPCDC	-1.64711957249878
PLEKHA5	-1.64724074792226
CHIC1	-1.64756599424414
CCDC159	-1.64787801667491
NOB1	-1.64843230018257
PIAS1	-1.64851100644053
RPL27	-1.64868838760329
TTLL4	-1.64877969263823
MAN1C1	-1.64884961325628
CEP104	-1.64896473872716
APPL1	-1.64954060250295
PHF13	-1.64968427451695
RUVBL1	-1.65020886003615
DNAJC22	-1.65028757188382
S1PR1	-1.65051941049003
HEY1	-1.65054487843004
POP7	-1.65087917529671
GINS2	-1.65110512228692
VEZF1	-1.65125759304935
DYNC1LI2	-1.65127767463077
ZNF850	-1.65192905689662
FGF7P3	-1.65223703844936
TWSG1	-1.65268467657016
KBTBD11	-1.65306784507574
KGD4	-1.65325582143526
RANBP2	-1.65331968541389
NSUN5P2	-1.65375028363238
GPATCH11	-1.65383427012813
PHF23	-1.65608269649379
ZNF765	-1.65666510066366
ZBTB3	-1.65689586827355
TSNAX	-1.65775600329248
RAB19	-1.65778120207939
YWHAG	-1.65789478064366
ZNF480	-1.6579428370597
ZBED5	-1.65813097676268
GALNT6	-1.65869660065746
FZD5	-1.65908175407784
CCDC117	-1.65939113225877
STOX2	-1.66078919215642
UBE3D	-1.66153491373907
PRR15	-1.66207574815931
SPTLC2	-1.66217881376496
DPY19L2P1	-1.66268815558195
TUBA8	-1.6628819751571
STEEP1	-1.66311466073562
CHAC2	-1.66316982406841
TTF1	-1.6631823926113
GATD1	-1.66332859878412
SAMD4B	-1.66339665030323
PPP1R14B	-1.66347408812831
GDI2	-1.66367122087027
GSTM4	-1.66403277885253
ELF2	-1.66428173598764
UBR1	-1.66469374332293
ATP5PF	-1.66501597911552
SLC28A3	-1.66517012113882
TMEFF1	-1.66562215955435
ZNF717	-1.66593015523691
RPLP0P3	-1.66649567751684
L2HGDH	-1.66686658695327
TIPIN	-1.66713808423803
CTNNA1	-1.66725553857421
PTF1A	-1.66726434294522
PRPF40A	-1.6678616222797
BRME1	-1.66847582588829
MATK	-1.66864257073356
DOC2B	-1.6689423550028
BCAR3	-1.66956094663228
HACE1	-1.66999449158503
USP48	-1.67013361979205
CCT3	-1.67031043712954
RCAN3	-1.6703424996644
RLIM	-1.67041876989823
UPK3BL1	-1.6708752492369
ARHGDIA	-1.67112106760017
CCDC6	-1.67120459759022
ZNF175	-1.67375532787663
PDSS1	-1.67472574466245
ZNF154	-1.6748645304664
IPO4	-1.67506100041422
NTN1	-1.67658392275252
CNOT2	-1.67745357079046
SLC25A44	-1.67790760456577
AIRIM	-1.67832246220992
MTBP	-1.68044645820365
ZNF616	-1.68106319248108
NSL1	-1.68115910051936
HSP90AB1	-1.68116308317981
HIC1	-1.6822325713841
CDC45	-1.68225963748118
NELFCD	-1.68280079429486
PIK3CB	-1.68291466629819
UTP6	-1.6838242839112
BHLHA9	-1.68413365880383
PRSS12	-1.68437301424367
NKRF	-1.68494482299406
MPC1	-1.68537465598514
VRK2	-1.68544062620358
MYCLP1	-1.68590968406293
NDUFAF4	-1.68685299010738
SFR1	-1.68692657880563
SCAND2P	-1.6870499239841
CDCA7	-1.68714625477661
CCDC47	-1.68895429946223
ARL6IP6	-1.68911010756048
CHCHD10	-1.68966609398457
SMPD5	-1.69041174867735
RPUSD1	-1.69154431532296
ZCWPW1	-1.69206473889197
NAA38	-1.69258376218838
KBTBD4	-1.69314442627745
RRP15	-1.69326574865829
CDK6	-1.69493069186655
COA6	-1.69509372127409
OMA1	-1.69553058133004
EEA1	-1.69573213496338
TJP2	-1.69573744860499
SCARF2	-1.6959797293011
SPDL1	-1.69641474950025
MRPL28	-1.69649741027682
NUP98	-1.69752163106783
DCUN1D5	-1.69781245876921
AGA	-1.7006056518095
C7orf25	-1.70126609487487
TEX14	-1.70151276968014
LRRK2	-1.70203689055313
ACADM	-1.70208870447943
SALL1	-1.70223983082623
RFXAP	-1.70228063164761
ZNF57	-1.70250471890976
ABRAXAS2	-1.7033289539785
STC1	-1.70441735024177
MIER3	-1.70500732140119
RGS19	-1.70600023831121
PPP1R21	-1.70633698274763
ZSWIM3	-1.70636536294856
PRCD	-1.70687623350491
LGALS12	-1.70696218053041
NEPRO	-1.70707902781487
HTATSF1P2	-1.70713513083618
MNX1	-1.70739733688101
FCF1	-1.70758942424423
PRPF19	-1.70791942749671
SLC25A34	-1.70795962338281
ZNF486	-1.71021753593682
KNTC1	-1.71036351217354
CIAO2A	-1.71145029221445
MUC19	-1.7119350814351
GTF2A1	-1.7119713411967
ATOSA	-1.71269260884612
KRT8P52	-1.71402467059226
COBLL1	-1.71423724119548
HMGB1	-1.71466116315461
ZNF764	-1.7147098590793
PARN	-1.71486355183254
AMN	-1.71527252864222
MGAT4B	-1.71540985996916
SOBP	-1.71713214666093
LTK	-1.71787801456105
RTN4RL1	-1.7179048843294
PRELID3B	-1.71833094511721
LYAR	-1.71866270133303
KAT6A	-1.71878278269397
PTMA	-1.71913684028168
GMIP	-1.71930986506306
TPRN	-1.71940226172291
SPEN	-1.71990480552036
KCNMB4	-1.7201775381479
NDOR1	-1.72090470229746
ZZEF1	-1.72180671885892
MPI	-1.72317196040536
ITGB1BP2	-1.72397630999788
GLB1L	-1.72441180076049
CCDC88C	-1.7249860228793
MPP7	-1.72520630966573
CCND3	-1.72538569912907
PANK2	-1.72622879273665
POLE2	-1.72638501922297
CHMP4C	-1.72662593680891
POP4	-1.72669127492693
NDUFV2	-1.72671222011042
ARFGAP2	-1.72718630409218
HAS1	-1.72784376939641
FBXO45	-1.72825949985801
SUDS3	-1.72968206244002
MSH6	-1.72995949718461
MBP	-1.7301260326688
BRI3BP	-1.73249093800581
RPL17	-1.73253158029914
PARP8	-1.73277716016721
SUSD1	-1.73289766941277
NRG3	-1.73363645694818
XRCC3	-1.73364346032838
SCAND1	-1.73454430868077
SIGLEC11	-1.73460078724813
MBD3	-1.73463930703209
RAB8A	-1.73546649157412
MAT2B	-1.7357467061596
MED19	-1.73584835798907
PEX19	-1.73863901897158
CTIF	-1.73882699931456
NUTM1	-1.73932697832256
COL20A1	-1.74039074000353
DCP2	-1.74155514172353
TOMM34	-1.74269724614254
TIMM21	-1.74310776343522
ZNF639	-1.74373403976492
MYB	-1.74389039258615
ZNF534	-1.74413419187794
GMEB1	-1.74425952455468
UBA5	-1.74453988407608
TMEM14B	-1.7447697930023
NCBP1	-1.74497595212594
DRAXIN	-1.74507926746723
MARK2	-1.74550032244854
SLC25A39	-1.74663377042193
DYNC2I2	-1.74675689723393
SMG5	-1.74680400014288
ZNF527	-1.74771470167692
STAG3	-1.74786765447145
EBF3	-1.74891135924332
STX2	-1.74921106094173
CRABP1	-1.74946996422303
CERK	-1.74950742305446
THRA	-1.74988518199366
PIP5K1B	-1.75012214936087
LPCAT1	-1.7503313315267
RNF130	-1.75131940517964
ISLR	-1.75145989209122
CWC25	-1.75237951524635
MRPL35	-1.75327998582688
TMEM171	-1.75392321511411
RPP25L	-1.75412076169573
ZFYVE21	-1.75507117368847
BCAS2	-1.75695520651628
TFB1M	-1.75718098723279
TAF4B	-1.757215228817
RMND1	-1.75765434276978
CENPU	-1.75818991602228
BCL2L13	-1.75820363315834
ELF1	-1.75826107073698
CCT2	-1.75938656941783
XPA	-1.75988408035116
MCF2L	-1.75997115330054
TEX261	-1.76143641163863
RPL36AL	-1.76197130771992
CHST15	-1.76228223653735
NUP107	-1.76230750977059
EARS2	-1.76289268808255
ZNF124	-1.76371700685351
ZBTB40	-1.76425812936691
ATRNL1	-1.76473897549541
RPL26	-1.76538896163845
SH3BGRL2	-1.76689787478671
FUBP3	-1.76702880987258
GADD45G	-1.76705798758975
TBCC	-1.76708170691582
C2orf68	-1.7680513864324
CENPP	-1.76820848338408
IL4R	-1.76850581565688
PSIP1	-1.76882857079174
CRIPT	-1.76884404620664
NHLRC2	-1.76887339901015
B3GALT1	-1.7691287029691
SLC12A1	-1.76958332558982
RPRM	-1.76965991381749
ESPL1	-1.7700105249507
RIMKLB	-1.77003208214792
CHST12	-1.77025880064796
TMEM120B	-1.77114221245692
TIGD5	-1.77150104505146
ERP27	-1.77235958515141
ARMH3	-1.77268122376256
CIAPIN1	-1.77314816593405
SRSF10	-1.77359209454002
IL23A	-1.77366850866448
SPSB1	-1.77500045226847
ID1	-1.77545151047015
SERPINB9	-1.77548595355155
KIF11	-1.77702724913492
GALNT3	-1.77722584917531
NCL	-1.77736292728002
COX6A1	-1.77776846664338
RAN	-1.7784331478603
ITM2A	-1.77861650880832
ATP5MC3	-1.77902315514204
WDR6	-1.77906236053808
TUBD1	-1.77964927568183
PRKAG2	-1.77995882978692
FAR1	-1.78024320103861
TOB2	-1.78052140547965
TMEM254	-1.78068888994229
PTPN2	-1.78112034488356
ZNF675	-1.78252312691558
MTM1	-1.78300353776552
STAT3	-1.78339537763474
PRKAG1	-1.78359732953084
BLOC1S6	-1.78427399021868
MCOLN3	-1.78515890085061
DIS3	-1.78539529838158
TRABD2B	-1.7859522652661
WDR72	-1.78664148649133
SETD3	-1.78666579870565
HLA-K	-1.78724560255806
FAM91A1	-1.78727190959284
SLCO4C1	-1.78731008312647
SMYD2	-1.7874966227154
SBDS	-1.78791131104902
MED14	-1.7884126938493
RPL10L	-1.78882748432138
FAM86JP	-1.78891386650987
NTMT1	-1.78895732749921
CERS3	-1.78946795893868
ZSCAN5A	-1.78977411210558
TAF9	-1.79004762558165
SMC3	-1.79040784749189
JAGN1	-1.79125815815748
COX8A	-1.79131877292117
PDIA3P1	-1.79152564722179
CHD1	-1.79186629721411
AGO1	-1.79350126927621
MTPAP	-1.79352717366757
RAD18	-1.79425962607707
DICER1	-1.79434798343959
NDUFB3	-1.79443510704357
PDCL	-1.79465814795632
CHD3	-1.79583587814486
H1-1	-1.79591972619313
TENT4B	-1.79606154829321
BLOC1S4	-1.79653507043387
BTF3	-1.79678115684523
SCN9A	-1.79752522688214
RFC1	-1.79753277835651
ASPH	-1.79955160404514
NANOGP7	-1.79971080975254
CCDC61	-1.80098443180614
VPS26A	-1.8018426115992
BEND7	-1.80213117069846
CDK14	-1.80265502999206
HTT	-1.80313346691514
COX5A	-1.80445253208105
EGFL7	-1.80588610249576
TBPL2	-1.80597348965911
NONO	-1.80672924993472
EXOC3	-1.80717187530807
YTHDF2	-1.80718888725488
EPSTI1	-1.80746068120435
SLC25A29	-1.80825432322883
TRAPPC10	-1.80837476672046
GGA2	-1.80839418278293
TEKTIP1	-1.81011756576475
PRKDC	-1.81179804741085
PSMD12	-1.8119290756636
MRPS17	-1.81216259695885
CCDC27	-1.81225516743897
PIKFYVE	-1.81328977189175
PEX26	-1.81406700183014
MRPL34	-1.81489138206375
BAG4	-1.81559935714728
ACE	-1.81677264045238
SFT2D1	-1.81699769370809
ZBED4	-1.81818195155935
TRIM36	-1.8184415584872
BSCL2	-1.8185771871552
CTR9	-1.81892744068737
MCM6	-1.81957740890314
PSMC6	-1.82004084207824
HAUS6	-1.8208756577767
UGDH	-1.82091258271517
LINC00933	-1.8214981039397
EIF1AD	-1.82185673064895
TRAPPC2B	-1.82194957563117
WIPF2	-1.8220377335903
SSBP4	-1.82325103309508
PSMD6	-1.82357599449724
DEK	-1.82405793706942
SLU7	-1.82415996052268
TMEM179B	-1.8256533219458
ANKRD16	-1.82584191746935
TMEM38A	-1.82594988687581
DPP8	-1.82601450681923
PNPT1	-1.82756491832805
ZNF607	-1.82761252277478
CLDN9	-1.82794290811463
NDUFAF8	-1.82828178385447
SNAPC3	-1.82866706642587
CHSY1	-1.83016059063205
NUP42	-1.8307755968458
HLA-H	-1.83081979740614
BTF3L4P2	-1.83321664854795
UTP18	-1.83377761521553
MYO16	-1.83513629124993
CD2BP2	-1.83619756512044
BTNL9	-1.836525265649
CERCAM	-1.8366062775538
MRFAP1L1	-1.83682904988899
WDR74	-1.83796292392655
DDX3X	-1.83813373485536
BCLAF1	-1.83953764958535
SPON2	-1.84083356802074
NEK8	-1.84108759841862
SIPA1L1	-1.84215151786699
USP1	-1.84235275813143
MRE11	-1.84368647734439
AP1G2	-1.8440254163015
FBXO32	-1.84416790066452
COX17	-1.84419470662086
C1QBP	-1.84548656260318
ST13P13	-1.8456138126282
THAP1	-1.84587868830722
KIF24	-1.84600718928153
TAF11	-1.84815675758558
ZNF880	-1.84938139189856
NIPA1	-1.84954100535909
FN3K	-1.849604632907
PGAM1	-1.85068881808887
IER5L	-1.85172226557743
UBE4A	-1.85220495423486
HLA-B	-1.85236796260103
ANKRD28	-1.85266666396043
NUDT21	-1.85391143764838
EMC2	-1.8546241727679
ZDHHC5	-1.85520045965428
TXNL1	-1.8560442488292
SCOC	-1.85641866649908
KPNA1	-1.85666948118603
RING1	-1.85669018615814
NOTCH2NLA	-1.85797848739657
LAMTOR3	-1.85807578647285
HCFC1R1	-1.85809044558238
PPP1CC	-1.85817317737901
NETO1	-1.85845253586103
AMD1	-1.85870550685801
CWF19L1	-1.85881596713371
KLKB1	-1.85944969392843
GLI1	-1.85969886433706
PIGZ	-1.86051153100645
ZNF517	-1.86104911880181
GTF2H3	-1.86192652690823
FBXO28	-1.86340634462443
CNPY1	-1.86434949620153
SOCS6	-1.86572932635873
CLDN1	-1.86577854176542
KMT5B	-1.86579386923078
COX6C	-1.86613428795715
DSN1	-1.86637271598219
KLHL14	-1.86736010177386
HES7	-1.8683037297008
AMOTL1	-1.86832817469033
PRKD3	-1.868609857036
ZNRF2	-1.87025320229772
TRIP13	-1.87039091187879
TM9SF1	-1.87045096545803
MATR3	-1.87096199347692
ADD1	-1.87136052431026
PLIN2	-1.87225374086596
RBM33	-1.87317016828583
RABL6	-1.87450321491269
RRM2	-1.87512873827374
TRMU	-1.87566739758541
BTBD18	-1.87656572702147
TXNDC9	-1.87659625141779
C3orf38	-1.87727541191827
RHOT2	-1.87749743533412
NINJ2	-1.87784785087587
CDT1	-1.8781500558213
ZNF350	-1.87838201292159
EGLN1	-1.87901300139926
SPDYC	-1.88113742938033
PXMP2	-1.88296156253456
CDIPTOSP	-1.8831917074646
BCRP9	-1.88504031245584
PANX2	-1.88535847250627
GMPPB	-1.88603448018408
FBP1	-1.88691008155125
DDA1	-1.88720992886338
TOMM6	-1.88736356400143
MFSD1	-1.88838429386364
SERPINB6	-1.88924220530528
SECISBP2	-1.88945108697367
NODAL	-1.88950026052429
PRR35	-1.89030660256696
SLX4	-1.89120081400103
PCDHAC2	-1.89206442671848
CCNC	-1.89207707122351
FAM83B	-1.89248074286593
MANEAL	-1.89510765801026
UBXN2A	-1.89514608903888
BCL10	-1.89531876271334
ICE1	-1.89612956236107
P4HA1	-1.89614536445056
SYNCRIP	-1.89766038655237
NUDT8	-1.89768504851354
WHAMMP2	-1.89811480505414
SCUBE2	-1.8981284107586
WDR33	-1.8991872186082
TACC2	-1.89923760399133
UNC119B	-1.89924428619751
LRRFIP1	-1.89997746593105
BCL2L11	-1.90105120931388
FBH1	-1.90189961497628
HIBCH	-1.90190833182951
EXOSC4	-1.90199705674128
LIAS	-1.90282225823139
KATNA1	-1.90293517555696
MRPL3	-1.90305026766116
SMARCA5	-1.90307995320751
DR1	-1.90483337754982
PLPP1	-1.90514579207771
MRPL27	-1.90544150529583
PCDHAC1	-1.9062754791126
LIN54	-1.9070596864566
MISP3	-1.90763907270703
KLRK1	-1.90795472548112
OSBPL10	-1.90817211601247
TRIM43	-1.90875439794063
ENY2	-1.91035838308961
EIF2B1	-1.9105406387862
CYTH3	-1.91061291452426
HIVEP2	-1.91062813837373
CTNNAL1	-1.91137889757541
PARPBP	-1.91186929469377
PSPC1	-1.91260222513262
ISOC2	-1.91261434174207
SIGIRR	-1.91298757442712
CHCHD4	-1.91339085076767
CBX3	-1.91361105723842
EN2	-1.91383568400092
NAP1L6P	-1.91383878345643
ZNF43	-1.91402518259109
TVP23B	-1.91456863497505
OBI1	-1.91497774187105
DCUN1D1	-1.91504924368942
WNT10B	-1.91516446678406
RORA	-1.91551089919093
FBXL6	-1.91563219504324
NDUFA9	-1.91583800374654
CCDC167	-1.91649542169122
NCOA2	-1.91657106694308
UBA52	-1.91680292740941
NBN	-1.91688650537052
NXF1	-1.9169253407157
GANC	-1.91845302794638
PLEKHA8P1	-1.91966052361923
DYNC1LI1	-1.91983496967103
OR52N2	-1.91985252243211
HSPA9	-1.92001460202963
IGFN1	-1.92058612146509
IRX1	-1.92095093503551
MBLAC2	-1.92130121046239
GOLGA2P10	-1.92159245767061
TRAPPC8	-1.92184710051416
SAAL1	-1.92214639242792
SPIN4	-1.92383560391097
N4BP3	-1.92441484485296
DENND4C	-1.92473886421775
BOLA2B	-1.9248165069454
PAFAH1B2	-1.92484165102896
ZBTB43	-1.92533334553857
HILPDA	-1.92539987929787
PRR13	-1.92627595269901
KCTD1	-1.92692996909956
ASB8	-1.926976636164
GRIN1	-1.92746675181754
ARHGAP25	-1.92791523585969
NR2C1	-1.92817381080055
SH2B1	-1.92825634124897
SOX8	-1.92933969106974
EVA1C	-1.92934753246657
NUP58	-1.92951486606773
RABL3	-1.9296135759072
OLFML3	-1.93017475216979
SENP6	-1.93103139671439
ABHD12B	-1.93111941423006
MLX	-1.93118317192726
LHFPL2	-1.93264626686656
DDX46	-1.93270869255618
CCNB1	-1.93270891274553
LGI2	-1.93317675249335
FAAHP1	-1.93595826344206
EPHA3	-1.93668660934985
TMEM181	-1.93761787117938
NOM1	-1.93851840207513
SRRD	-1.93853368004497
NPRL3	-1.93919478757368
THOC3	-1.93929520367574
ERLIN2	-1.94130231377235
PPP1R16A	-1.94164913636716
LRRTM4	-1.94201981292649
SSNA1	-1.94424666757482
DDX28	-1.94480305242912
KCNN1	-1.94505902072523
ECHDC2	-1.94696062847977
STOM	-1.94786284323217
WDR82	-1.94787365128466
H3C6	-1.94871522962769
ARL5B	-1.94940223315242
RND3	-1.94941552248104
TRABD2A	-1.9500434024256
ADPRS	-1.95113321558482
ACBD5	-1.95120687087842
FOLH1B	-1.95253256221826
LMO4	-1.9528399742357
ENTPD3	-1.95303125823165
ST13	-1.9541703165774
GRAMD1A	-1.95455257433378
ZNF417	-1.95476716572627
PTBP2	-1.95484628002224
TSPEAR	-1.95494674190985
ZNF28	-1.95524904736968
WTAPP1	-1.95634153254598
RPL34	-1.95687079935691
RAD54L2	-1.95703448557412
F3	-1.95705961468699
CAVIN4	-1.95794927838907
PKN3	-1.9581858130775
SAFB	-1.95941938528742
ERGIC2	-1.96029771974588
FBXL16	-1.96057778703131
DENND5A	-1.96060769912942
USP24	-1.96072669466061
HYLS1	-1.96127929336779
CHAF1A	-1.96186903200196
MRPL15	-1.96288018890633
MRPL44	-1.96321474274278
BSG	-1.96335635025461
VWA8	-1.9635432088614
RPL13P5	-1.96357131794877
EBF2	-1.96431430347111
TIMM8A	-1.96435168671334
LIMD1	-1.96476432963687
SLTM	-1.96503422766231
RBM34	-1.96518461971298
EIF5	-1.96541946044614
VCPIP1	-1.9666102042178
CLIP1	-1.96724606686993
BLTP2	-1.96739374745886
RAB11FIP2	-1.96755794722726
NUTM2A	-1.9678077554427
HMX1	-1.96798758951032
TLE3	-1.96802880070945
RDH10	-1.9685791477117
CPSF6	-1.96864621267156
UGT1A10	-1.96891576954248
FANK1	-1.97030982472557
AMIGO3	-1.97126979749787
NUP43	-1.97182994601156
PPP4R3B	-1.97326270845135
UBN1	-1.97370358443988
ARID3A	-1.97376071515013
MAPK11	-1.97391696334623
MXD3	-1.97462946627412
TTC31	-1.97468931567986
ATAD2	-1.9751390295499
FZD6	-1.9766577659868
HSDL2	-1.97705776754738
MICB	-1.97713616678539
BLCAP	-1.97767818729034
SERPINA11	-1.97797428415118
SCT	-1.97801534099711
PDGFC	-1.97806044269738
ZNF799	-1.97810520523369
LRPPRC	-1.97887397096242
CYB5D1	-1.97969993496769
SPRY4	-1.98016067366372
NANOGP1	-1.98066550390187
UBL3	-1.98135487033185
ST6GAL2	-1.98289769703099
PLP1	-1.98424853128807
MIS12	-1.98463633988074
CDCA7L	-1.98472277617632
OSTN	-1.98482046172675
TTC6	-1.98765095934362
SGK3	-1.98870820568286
ZNF44	-1.99000717052973
SDK2	-1.9921509032124
ZNF747	-1.99223387709796
SDCCAG8	-1.99278250759686
CELF6	-1.99279191237423
ERBIN	-1.99326628810354
PPIL2	-1.99371950531566
TMEM50B	-1.99403825435517
CSE1L	-1.99465632334517
PRPF38A	-1.99468829410907
MLXIP	-1.99485687433595
MED13L	-1.99640271149163
TGIF2	-1.99832945312375
POLR3F	-1.99846427999949
COL6A4P2	-1.99907988950337
MAN2A2	-2.00042003957589
ZFTA	-2.00159209617951
ARFIP1	-2.00164562832071
USP28	-2.00269807793737
PAXIP1	-2.00299218338425
STMN2	-2.00357665894798
ZNF34	-2.00470717932504
ABCD1	-2.00522695783207
SCNN1A	-2.00558656186075
RPL38	-2.00616164105836
WDR55	-2.00640440825034
DMAC2L	-2.00709657173904
KIF20B	-2.00724401353799
HNRNPM	-2.00738952452014
UNC5A	-2.00798436154416
GTPBP10	-2.00859539746489
DIP2C	-2.00873230355983
MYH13	-2.00879170944383
MRPL17	-2.00887486229955
URGCP	-2.00944544818916
MPHOSPH8	-2.00997254780647
FOXB1	-2.01076582572445
TRPM7	-2.01159241834879
TNFAIP3	-2.01271097729438
RPL14	-2.01293661996357
TRPV3	-2.01301341598218
GYS1	-2.01435118089082
TBCA	-2.01448539045349
SNX14	-2.01526591506779
TBC1D24	-2.01580340689635
PDE6G	-2.01618641508939
SCN1B	-2.0164583588566
NMI	-2.01678458523328
ZNF75A	-2.01688931612328
C6orf163	-2.01699256835927
CLPX	-2.01808519938135
SYNJ1	-2.01898742211559
SDCBP	-2.02028663006307
MCM10	-2.02057033452038
CCNA1	-2.02062970127031
PGPEP1	-2.02125532354383
NFIA	-2.02268416820627
KNOP1	-2.02308506241891
SEMA4G	-2.02346666884177
MT-CO2	-2.02357353747544
HNRNPF	-2.02424004385361
RBM4	-2.02453212510332
CLSTN1	-2.02489603764574
ENOPH1	-2.02506757763825
MAPK1IP1L	-2.02609192426512
COQ4	-2.02632051043417
ZNF17	-2.02648795896757
RNF207	-2.02679416596085
HID1	-2.02754642186795
ALPP	-2.02786068178076
CCND2	-2.0280558365579
TLCD1	-2.02874509577002
IRX2-DT	-2.03032564626744
KBTBD7	-2.03085392801489
C15orf39	-2.0308651133111
EEIG1	-2.0326464855304
HMGN5	-2.03371995889332
NAA40	-2.03425166761363
BARX1	-2.03434832255302
VCF2	-2.03630512083118
REC8	-2.03651213527038
ENTPD8	-2.0372570136606
MED24	-2.03804884191177
PYCR3	-2.0386173362978
JMY	-2.03873747099238
DBNDD1	-2.03887230927324
DPH1	-2.03955328478383
GRIK3	-2.04219782367382
SAP30L	-2.04255025889204
JAK1	-2.04291262291062
NUDT10	-2.04360011834563
MOV10	-2.04378034080749
SPSB2	-2.04388412586678
LBH	-2.04509187338049
MRPS35	-2.04545479319363
ZBTB33	-2.04553808544265
AEBP2	-2.04571022680291
MORC4	-2.04594063326113
ATP11C	-2.04758413721204
PLEKHA1	-2.04760110052636
CDHR3	-2.04782730264782
ATE1	-2.04818507808164
EIF4G2	-2.04900810228539
ROBO1	-2.04906027757009
DNTTIP2	-2.04912524735246
PHB2	-2.04928114303151
COX11	-2.0500507635341
STAG2	-2.05086645378588
UPRT	-2.05157735791452
HTRA4	-2.05193773128191
KHSRP	-2.05264424974131
ANAPC5	-2.05267716514203
CREB3L4	-2.05284530244081
SPIRE1	-2.05293650906663
BOLA2	-2.05308066728954
PCDHGA8	-2.05327899986607
RC3H2	-2.05371813936148
SPMAP2	-2.05555209488999
CDA	-2.05565144367036
TMPO	-2.05595986554312
TMLHE	-2.05732158449491
DHRS11	-2.05735234429402
LCMT2	-2.05770310400245
FUT2	-2.05803110003445
GCLC	-2.05813183628752
GTPBP6	-2.05899460215522
RPS10-NUDT3	-2.05913973693339
ERVW-1	-2.05923802439248
PPP3CA	-2.05929303259025
EFR3A	-2.05951213390435
CIDEB	-2.05982033800859
PNP	-2.06115978451004
ZBTB44	-2.06131157247419
ZNF551	-2.06138506119659
IQGAP2	-2.0614451502409
NCAPD3	-2.06189557963701
PKD1P2	-2.06354310875153
EPB41L4B	-2.06381531430672
CARMIL1	-2.06384197202919
PCDHB5	-2.06531381634984
CYTH1	-2.06538210048289
NOC2L	-2.06576941615234
FMR1	-2.06715452703169
PUM2	-2.0676622666916
SFPQ	-2.06800819141012
XRN2	-2.07055512877426
RARS1	-2.07088973646337
TOMM40L	-2.07118820220871
ZNF615	-2.07175340209159
PTER	-2.07198574901478
PPP1R14A	-2.07232515837672
CHIC2	-2.07271033146908
NAA15	-2.07292419848634
NDUFB10	-2.07429152320309
SRSF4	-2.07542234993153
DPPA3P2	-2.07565903682633
EAF1	-2.07597744963584
ZIC5	-2.07629650414224
FBXL3	-2.07755383724295
TAL1	-2.07779554555996
PDCL2	-2.07786453464024
MPP3	-2.07794502373923
PLSCR1	-2.07798447198336
C19orf67	-2.07847439291181
LRCH3	-2.07886772713301
HMOX2	-2.07958750217652
PPM1D	-2.07999151976729
MCRIP1	-2.08001500370616
NOL7	-2.08041583734586
GPM6B	-2.08134283577517
FSTL5	-2.08189848455521
ANAPC2	-2.08242246573852
QARS1	-2.08256271696623
SYCP2L	-2.08313590547196
SLC25A20	-2.08407945056978
SRPX2	-2.08463867823556
KIT	-2.08564599171437
LRTOMT	-2.0864168704049
SPTBN1	-2.08648352579422
SMARCD2	-2.08663507719764
HNRNPK	-2.0870861892581
PLS1	-2.08786446035122
UTP15	-2.08822084779737
PPIAP46	-2.0889527326901
VCX	-2.0904338002487
ZNF253	-2.09097837515338
BPNT1	-2.09301274511744
SNX5	-2.09414757034853
BICDL2	-2.09518611034611
RNF4	-2.09598100985221
MBNL1	-2.09613445714001
GABPA	-2.09692749581327
MYO1B	-2.0978330544707
DOP1A	-2.0979461663586
EPB41L3	-2.09830207610486
MARCHF5	-2.0986780241116
ZNF818P	-2.10170375677166
EFHD2	-2.10212022441573
CPLX2	-2.10270323010831
MIEN1	-2.10422486062823
AHNAK	-2.10471828099713
KXD1	-2.10506136853267
GABRB3	-2.10525718980933
OGFOD2	-2.10562957886302
REXO4	-2.10585361840998
GCNT2	-2.10704072460508
DTD1	-2.10725423693169
ZNF426	-2.10820602126719
FBXO9	-2.10907293519114
GAB1	-2.10967103969381
SOS1	-2.11016054958201
PDZD7	-2.11029848633365
SUB1	-2.11245936985633
ZNF879	-2.1127854294953
SLX9	-2.11633884958346
BRCA1	-2.11644630650507
WASHC5	-2.11666988536547
CLDN16	-2.12043931973544
LURAP1L	-2.12066473030922
EFNB2	-2.12114405958493
ADGRB3	-2.12159459911294
MYNN	-2.12228669207719
SNX25P1	-2.12275876320307
ACO2	-2.12281782721236
SLC39A6	-2.12288149574852
SEMA4A	-2.12288908103903
LINC02693	-2.12298724141189
DIPK2A	-2.12312604578473
FAM120A	-2.12336217570768
SNRPCP6	-2.12351047287329
MYL5	-2.12382923323337
MRAP2	-2.12556201049905
C6orf132	-2.12592672549871
ANKRD49	-2.12630003604077
PDS5A	-2.12761113859898
CLINT1	-2.12849696819201
TFDP1P1	-2.12877034663172
C10orf90	-2.12968068278289
FBXL15	-2.13087355113706
NEK3	-2.13115920647559
TLE2	-2.13194681502886
ZNF251	-2.13230260141002
LRRC69	-2.13246305093418
ACTR10	-2.133043349274
CEBPZ	-2.13436660585033
ZNF581	-2.13448247395375
SERAC1	-2.13462103423761
ANK3	-2.13517071256503
TMX2	-2.13536811858128
DPPA5	-2.1355131062348
EZH2	-2.13564212678686
SCGB2B2	-2.13644152855866
ZNF138	-2.13908236731549
UBXN4	-2.14004278980374
EIF2B5	-2.14012940090216
TAF6L	-2.14013559210745
SETD6	-2.14068346114269
ZCCHC4	-2.14089632271976
RPL35A	-2.14110160151952
HES5	-2.14117588418175
ATP5F1B	-2.14119329979684
SIGMAR1	-2.1420200043176
ZNF761	-2.14204913470496
EHMT1	-2.14277687659361
LRRC47	-2.14314516212523
U2SURP	-2.1436713649482
NDUFA8	-2.14372812812448
MRPL47	-2.14422553954355
PACS2	-2.1443970017396
IGF2BP2	-2.14447375559682
HGSNAT	-2.14471059619173
MGAT2	-2.14525291963076
IFI35	-2.14561234650471
PRKX	-2.14572762364398
HUS1	-2.14699392142333
CCDC172	-2.14721785204884
EIF2S1	-2.14800532591362
UTRN	-2.14970603287113
RERE	-2.15249388738804
FOXO1	-2.15315222175148
SEPTIN5	-2.15447237404938
SYT1	-2.15484464801771
DARS1	-2.1549693784341
DNA2	-2.15513893913183
PKMYT1	-2.15528477281009
PMM2	-2.15694052679475
GMNN	-2.158247894131
ZNF135	-2.15864109443664
SDC4	-2.15939612874886
TMEM123	-2.16013461183339
GLDC	-2.16038196202902
FBXL21P	-2.16088800726148
NR2C2AP	-2.1612461474058
TALDO1	-2.16298951947633
SLC24A2	-2.16322412236361
EIF3K	-2.16324231222068
BEND4	-2.16354294386212
LSM5	-2.1636685648133
IMP3	-2.16377395360419
CHEK2	-2.16403126567597
DNAH11	-2.16602751795913
SYNE2	-2.16673784467484
ITPK1	-2.16713600999535
ARRDC1	-2.1671666056843
C17orf58	-2.16831196036912
ICOSLG	-2.16836585122914
KCNJ5	-2.169208143009
LAMA2	-2.16942545958306
SHC2	-2.17059892142973
CCT8P1	-2.17108468734259
UBA2	-2.17177254026857
PLEKHB2	-2.17194230332241
SLC4A1AP	-2.17210025112652
TOPBP1	-2.17236328057829
PPP1R1C	-2.17349400159167
PTPRR	-2.1738096792815
CCT5	-2.17487947279198
UQCRH	-2.17520251847192
SMAD4	-2.17574025810163
MT-ATP8	-2.17583661661477
TIMM17A	-2.17675854452218
MCPH1	-2.17765269371682
SPSB4	-2.17773325893313
PAPOLA	-2.17863256446822
LSM14B	-2.17866891348719
FASTKD1	-2.17901030752762
GSTP1	-2.1791162229351
ABT1	-2.18232150069365
MIX23	-2.1825270312164
PALM	-2.18318059742072
SPIN1	-2.18387592021413
GTF2IP1	-2.1848105888002
RAD51	-2.18622682424358
SLC35E2B	-2.18673975783114
MED6	-2.18764963810806
STRA6	-2.18793569332409
MAPK9	-2.18831025433308
ZNF682	-2.18880604868057
VDAC1	-2.18910836139964
TMEM161B	-2.18973214708785
XRCC5	-2.19155457368685
SLCO4A1	-2.19165109420569
TPTEP1	-2.19449911388334
JPT1	-2.19574261698813
APEX1	-2.19820587676553
RGS17	-2.19846367689196
C11orf52	-2.19885427807953
FMO5	-2.2003472820202
MIPEP	-2.20050502447265
ABCE1	-2.20120361027795
RPL11	-2.2017427762046
PEX10	-2.201972164062
PDCD6	-2.20247133567188
TNFSF4	-2.20266429904982
NLRP3P1	-2.20363230431058
ILF3	-2.20479890876051
SLC27A4	-2.20515757391681
ZNF792	-2.20535004454384
GLE1	-2.20609858181434
EMG1	-2.20702691408053
H2BC15	-2.20803941715132
AMFR	-2.20821907489056
USP43	-2.20855892356908
RIPOR3	-2.21130910354357
MT-CYB	-2.21165425870198
TNFAIP8	-2.21208205074459
MRPS25	-2.21362550771913
NIP7	-2.2138149661132
TMEM102	-2.21412791397715
CRLF1	-2.21451627591085
ATP5MC1	-2.21593828881144
MAEL	-2.21612262019857
LRRC3B	-2.21669998000495
KIF16B	-2.21720259732164
TEX56P	-2.21749525031034
UQCRFS1	-2.21899779541309
TFAM	-2.21907414701694
DTX2	-2.21913897070974
FUT10	-2.22195875059555
AR	-2.22309505117992
TFAP2A	-2.22425660117852
PPWD1	-2.22586896677227
EXO1	-2.22607216863806
PCDHA7	-2.22724185566896
RAB18	-2.22910449020931
TMPRSS4	-2.22973216459019
HIPK3	-2.23181359307723
CDKL5	-2.23267218320191
PABPN1	-2.23342480251448
PARP14	-2.23370410375184
ANKH	-2.23385292861955
DNMT3B	-2.23431879517188
KHDRBS1	-2.23551727688394
UQCR11	-2.23675566107179
DBR1	-2.23710526628175
KIAA1191P2	-2.2374793066858
URM1	-2.23950002620665
VPS29	-2.23972444267515
MND1	-2.24049913849843
SLCO1B1	-2.24092617941198
OTUB1	-2.2413007817438
MRPL42	-2.24176791795122
ERI2	-2.24273336693255
SREK1	-2.24422207747651
BORCS6	-2.24523549382793
NPM3	-2.24564211495108
MFN1	-2.24580368252202
NGDN	-2.24609281286712
CPLX1	-2.24648204514567
ARHGAP21	-2.24666613011115
CLK3P2	-2.2476265032995
SLC2A13	-2.24866871347326
DPYSL2	-2.24894431263056
PIF1	-2.24961472342376
CHST11	-2.24993659892888
PLK4	-2.25004119445148
ZNF586	-2.25006002479731
MAP3K8	-2.2504772191675
FZD8	-2.25060236714411
LYSMD3	-2.2508021009819
ZNF836	-2.25353184532425
MOCS3	-2.25530314449254
SLC25A6	-2.25554751013031
SLC9C1	-2.25585615821677
AGO2	-2.25620758625496
CHCHD7	-2.25915948816937
ICAM3	-2.25975035987175
IDH3A	-2.26074189421549
CBX2	-2.26095822392463
ARSI	-2.26175827339311
AGBL4	-2.26227381695826
PDGFA	-2.26288941731368
ZNF81	-2.26310520539808
GDF3	-2.26319953972598
DYNC2H1	-2.26355753643818
MED11	-2.26386095640628
FASTKD5	-2.26434269856267
RBP1	-2.26479185791798
NMU	-2.26487588102116
HSPD1	-2.2655894961325
SYF2	-2.26641706670198
DSEL	-2.26663003770462
ALG13	-2.26799713950717
ATOH1	-2.26824896438932
ADAMTS16	-2.26846899021328
MEX3D	-2.26891682027846
MTCL1	-2.26901856739291
ZBTB6	-2.26912494830748
PRDM5	-2.26921607830682
ING3	-2.26979114361756
ALDH3A2	-2.27111697485309
NUDCD1	-2.27132358078038
DDX55	-2.2717134531435
NOL11	-2.27182378305783
AADAT	-2.27187513128778
FRMPD3	-2.27198081224622
ARL17B	-2.27258287108099
GAPVD1	-2.27260204175384
XPO4	-2.27353110158221
STXBP5	-2.27416435285761
PURA	-2.27455155532023
WNT7B	-2.27574747401029
NELL1	-2.27658370429817
SMIM15	-2.27761396633648
LMAN2	-2.28079680718724
ZNF827	-2.28083100938969
C8orf34	-2.28085146111999
OAF	-2.28138638995375
GPATCH1	-2.28151878776689
SLC6A20	-2.28204978707605
KIF5C	-2.28329875987913
CDCA3	-2.2844945882757
FGFR3	-2.28494011632321
TRIM37	-2.28645172499753
NDUFB5	-2.28736046395441
UBR5	-2.28859557866819
GLI2	-2.28878694892155
ADARB1	-2.28977922657297
WASL	-2.28994183953029
PNMT	-2.29064901541213
EML3	-2.29090518275436
FOXK1	-2.29140908927933
SEC22B	-2.29235351808985
XRCC4	-2.29353794666346
PRELID1P4	-2.29389819149708
FGFR2	-2.29447754245008
C18orf21	-2.29552746740872
CD2AP	-2.29844173569338
ESRP1	-2.29851023325333
DLL1	-2.30003670101244
KCTD2	-2.30165183556879
STON2	-2.30224024205328
KDM4B	-2.30458028145496
CFLAR	-2.30628251534986
PBX3	-2.30787056474747
TNPO2	-2.30829497327141
CCDC97	-2.30834847173897
GTF3C4	-2.30861317896122
LDLRAP1	-2.30944353710738
SLC9A3	-2.31000821934975
PSD3	-2.31151998780619
MBD2	-2.31255701142484
OLIG3	-2.3132820775915
RIOK3	-2.31391679272668
ADGRA1	-2.31396070413579
AP5M1	-2.31586865071479
TRMT2A	-2.31671559950921
NEK2P4	-2.31798624466625
DCAF5	-2.31882509988581
SLC35F2	-2.31911361340107
ALPG	-2.31936621285672
UBE2O	-2.31955340874443
SNX3	-2.32088490173657
ZNF485	-2.32124754214076
NSUN2	-2.32220390888618
ESF1	-2.32239933778448
TRPC6	-2.32312123821305
ARHGEF18	-2.32369704001396
API5	-2.32549647081918
OSTM1	-2.32728969408925
MSANTD7	-2.32734439315182
BAZ1B	-2.32858435758552
NUP37	-2.32936326914959
ANKRD13C	-2.3299180921498
CELF2	-2.33045213941053
LSMEM2	-2.33117940454891
WNK3	-2.33136824138361
RNF187	-2.3319429748376
FOXO4	-2.33204441059248
EPHB3	-2.33310347702565
CMYA5	-2.33334382892964
SNN	-2.33397288697207
UBE2B	-2.33427748188358
DLX4	-2.33441786554493
AGL	-2.33485006329099
CHST9	-2.33538287443158
PIAS2	-2.33585001827964
ZC3HAV1	-2.33596311140917
KIFBP	-2.33612447429698
GSTO1	-2.33633244044394
FAM3A	-2.33681868596921
HOXB1	-2.33787618019348
SHISA8	-2.33799864044508
PEDS1-UBE2V1	-2.33832797316228
THG1L	-2.33835339008399
NDRG3	-2.33885335463574
MAB21L1	-2.33987486836245
SRSF1	-2.34103478345717
FAM153A	-2.34243309445235
TOPORS	-2.34343947246609
NPAS3	-2.34407139980751
IREB2	-2.34546231188009
MTMR9	-2.3458624612147
RPF2	-2.3467600288113
SLC6A6	-2.3499569808246
VPS4B	-2.35000765080698
MNAT1	-2.35449596482367
COL21A1	-2.35535374789066
PA2G4	-2.35544124888524
PTGR3	-2.35584834160598
KCNJ1	-2.3582039267975
GNA14	-2.35911429004699
FER	-2.36077348033279
WDR76	-2.36176326676028
TBRG4	-2.36209794254428
TRIB1	-2.36234348106568
DNASE1L2	-2.3641003900455
TCF7	-2.36423239726743
NDUFAF7	-2.36687399227103
DDX6	-2.368492794265
MB21D2	-2.36884744319269
CHFR	-2.36940334482974
INTS13	-2.36954207810612
SLC16A10	-2.37043010401949
MRPS30	-2.37046828580446
PLAAT4	-2.37117888249704
DUSP9	-2.37192839579838
SLC14A2	-2.37443379154691
CCDC57	-2.37492770604301
PNRC2	-2.3756579137426
OSBPL8	-2.37610125834397
ATP2A3	-2.37788374342005
PDE5A	-2.3819972251827
KLK8	-2.38279405264172
SPRED2	-2.38282934059556
HS1BP3	-2.38479500267969
CILK1	-2.38621623426724
ZNF234	-2.38785052619268
IFITM3	-2.38841812763848
VAMP8	-2.38950549683779
PPP1R1B	-2.39186050507219
THAP9	-2.3927282378311
PAFAH2	-2.39380477722288
OSBPL3	-2.39686750691653
ARFGEF2	-2.39698424899122
NASP	-2.3977829068085
ATP2B1	-2.39919111743308
TRIM33	-2.4010789347872
ARL1	-2.40134099185413
NAA35	-2.40137808059337
MACC1	-2.40146443033345
CALB1	-2.40303879038208
MEGF10	-2.40328539579786
IRF2BPL	-2.40442964162199
CCNJ	-2.40489732223181
CUL1	-2.40565194597247
TLE5	-2.40629010770295
NFATC2IP	-2.40631730669138
NPTN	-2.40802823197765
ATP6V1C1	-2.40822039898577
SMARCAD1	-2.41022502711841
SMUG1	-2.41083345101229
COQ7	-2.41097992729675
EIF2A	-2.41300074097222
MIPOL1	-2.414361958124
POU3F4	-2.41458526098439
PGK1	-2.41982325385127
H2AJ	-2.41989924420541
CBR3	-2.42042972993854
ANKS1A	-2.4239482049885
FGL1	-2.42397306870986
FMNL2	-2.42432413433418
ST7	-2.4274716895952
KMT2C	-2.42831253150595
FAM120AOS	-2.42932732954318
PITPNB	-2.43245058602507
CERT1	-2.43371717015693
CERS4	-2.43451778804358
CABP7	-2.43503112104059
FEN1	-2.43544266649792
SRCIN1	-2.43575472519659
TMEM266	-2.436008686346
SEMA3C	-2.43689283527477
DBNDD2	-2.43742241698267
CHTF8	-2.44005429135483
USP8	-2.44062106106015
SLC25A38	-2.44091841582199
ABLIM1	-2.44168342121784
DDT	-2.44192617084265
ANXA2R	-2.44210833113799
SEZ6L	-2.4426214924127
SGCE	-2.44296764605451
MOB1B	-2.44313450033819
NXPH4	-2.44383709191401
PRMT6	-2.44509085308066
DPPA4	-2.44561430014557
USP13	-2.44648432582668
IFT172	-2.44841917488255
NDUFA4L2	-2.44895765523193
DNAAF2	-2.44933352946675
PAGR1	-2.44945389188529
ZNF844	-2.44957265343366
DRG2	-2.44958952699826
OR1G1	-2.44967259731139
BMPR2	-2.45048757730053
ADGRA2	-2.45077703728396
NAT8L	-2.45089813023152
INO80	-2.45348076537068
TFAP2E	-2.45356772880793
UBN2	-2.45433927247044
XIRP2	-2.45568562685192
TBC1D8	-2.45575144829312
ARFGEF1	-2.45610070315976
TMEM88	-2.45779460416396
UAP1L1	-2.45894936344198
SMIM3	-2.46037593915669
ESYT2	-2.46044652108452
FGF17	-2.46136292698514
AGFG2	-2.4613942467347
MAPRE3	-2.46166618063068
TENT2	-2.46179960758827
ARHGAP31	-2.4662206990562
DSE	-2.46703915946659
KLF16	-2.46837170365169
NMD3	-2.47162052843727
TRNP1	-2.47305257408399
AKAP7	-2.47323389575252
FAM110A	-2.47612332630711
ASS1	-2.47874511441298
HSF5	-2.47884486779958
LYPLA1	-2.47929453105504
SAMHD1	-2.47932776283243
NR3C1	-2.47961041357217
ZC3H10	-2.48054494247326
ZSCAN4	-2.48168503604153
KLF4	-2.48184212833242
SLC4A2	-2.48278120314236
ZNF724	-2.48336949257394
MARCHF3	-2.48341981229427
TSG101	-2.48427057069556
SH3D21	-2.48585705848049
F11	-2.48965147962367
CDKN1C	-2.48987895951017
CS	-2.49011352235899
LACTB2	-2.49287460548486
CPEB3	-2.4932411599214
CCDC33	-2.49421217549043
RBM17	-2.49577175238929
DNAJC14	-2.49595820704504
RNASET2	-2.49607639116467
PEX1	-2.49625338384308
BNIP3	-2.49642736762239
EID3	-2.49648456553449
PLEKHJ1	-2.49751022290995
PRSS35	-2.49782678095414
DPM1	-2.49818673642064
FAM168B	-2.4994176521579
GMCL1	-2.50060555205204
COL9A3	-2.50062137764515
ZNF506	-2.50112235824954
ZNF559	-2.501577781475
RNF113A	-2.50251644187642
REPS1	-2.50355966064841
SMAD7	-2.50393693406717
CFAP97	-2.50398648731873
RAD51AP1	-2.50481234810982
MTMR10	-2.50529670724287
SPECC1	-2.50670433473808
CCNL2	-2.50726204825963
SCFD2	-2.5118512769901
PIWIL3	-2.51249610025193
SLK	-2.51324584615717
ZNF443	-2.5146919268765
DBX2	-2.51520503923136
TMEM109	-2.51740011998646
P2RX2	-2.51878588784194
WDHD1	-2.51891165807922
MAS1	-2.51960485656642
CEP76	-2.52062614698338
PRDM16	-2.52075258912885
WBP2NL	-2.52124217935252
MCM2	-2.52137742840749
PAF1	-2.52304024024497
ENSA	-2.52455311181207
MAP7	-2.52686260178328
TGFB2	-2.52851040660396
MTRF1L	-2.52946936369875
DDX21	-2.52957662471905
NUP50	-2.5297936226112
ZFHX3	-2.53190368741242
PPP3CB	-2.53200863415429
EIF3A	-2.53215781817297
GEMIN7	-2.53256479687861
AMIGO2	-2.5340737351965
SYNDIG1	-2.53537765320108
GBX2	-2.5358074692371
IPO5P1	-2.53583343604463
AMER2	-2.5369595119849
ARL8B	-2.53793999737461
GCGR	-2.53820136283721
GAD2	-2.53830948582831
NUDT4	-2.53836381441446
SNCAIP	-2.53990281599508
NCAPG	-2.54041707733746
ARID5A	-2.54107613164522
IDE	-2.54145657299241
ZNF540	-2.54220585932302
TRIR	-2.54228366291693
ZNF563	-2.54235754592562
EEF2KMT	-2.54426112153353
SYK	-2.54536040239089
SLBP	-2.54589527883694
CROCCP4	-2.54643522317885
TMEM70	-2.54672588502739
EXOSC9	-2.54819710103114
CALML6	-2.54864146514767
SPRY1	-2.54892926282011
ZMIZ1	-2.54932771877069
MARVELD3	-2.55114337843454
GAS8	-2.55550101149779
PLAAT5	-2.55590892303728
C6orf62	-2.55611486618967
LPAR1	-2.55629948594907
PCBP4	-2.55654219975836
PDCD6IP	-2.55673145543863
RGL2	-2.5583800705441
LRRC34	-2.56003886186382
DPP4	-2.56016484450029
STIMATE-MUSTN1	-2.56037572796582
OGDHL	-2.56110943179191
DDI2	-2.56136427794122
ATL3	-2.56137749141172
LTN1	-2.56152280825296
LRRC40	-2.56383104416944
NADK	-2.56493749445312
SLIRP	-2.56518227547636
ZNFX1	-2.56597553243424
MCM7	-2.56630230048597
UBR7	-2.56895406850902
UBA6	-2.57212858447772
SHC3	-2.57269521519979
AUH	-2.57299869450239
NOP16	-2.57602578429335
N4BP1	-2.57609411928942
GNL3	-2.57665733370016
VPS26B	-2.57760078180798
NARF	-2.57832032985803
DSTNP2	-2.5789467349203
MRPS28	-2.57981570235149
UBE2G2	-2.57999464610989
PHKA1	-2.58146435131192
SVOPL	-2.58186089923823
ZNF730	-2.58218054892511
NAB1	-2.58341270217095
UBE2Q2	-2.58390949510251
SIRPA	-2.58528692252549
ARHGAP17	-2.58577049067178
NDUFAB1	-2.5876584038217
RORB	-2.59004662738721
SNTG1	-2.59088225297644
CAMKK2	-2.59101073708687
IPO7	-2.59161653965173
TBCD	-2.59177673382869
KIF25	-2.59201274610131
FAM20C	-2.5924060385629
PDPN	-2.59319997802027
LY6H	-2.59350244217779
PIK3C3	-2.59483483276009
SF3A3	-2.59503817348232
DAZAP1	-2.59508443856086
NCKAP1	-2.59509478118993
UGCG	-2.59517617806984
NBL1	-2.5965217550618
EXOSC10	-2.60300235570246
ELAVL2	-2.60465606200691
RDX	-2.60499624374671
LRP3	-2.60551486902928
HERC2	-2.60723927276801
A2ML1	-2.60761667576373
PRKCI	-2.60915778403677
PHF20L1	-2.61080064082955
ADGRG2	-2.61103136733994
SLC35A5	-2.61117850913928
C19orf85	-2.61231204694848
CGN	-2.6127582486593
CR1L	-2.61423082817804
PITX2	-2.61504166882729
SLC25A10	-2.61511653947808
NR4A3	-2.61591168634743
GRID2	-2.61686365559191
MAGI2	-2.61727365024181
MCMBP	-2.61743657194076
CADPS2	-2.6186087958292
A4GALT	-2.61918852774358
MYSM1	-2.61984594797775
AFF4	-2.62507926136958
ESR1	-2.62565843466849
DIRAS2	-2.6258515984091
TGS1	-2.6273036202435
SERHL	-2.63017651641259
GSX2	-2.6305096936734
ZNF395	-2.63260295808453
SLC16A3	-2.63325836736121
GNB4	-2.63400286152395
PRIMPOL	-2.63409639295069
MTIF2	-2.63521991641622
CCDC121	-2.63573042858483
SCNN1B	-2.63621124680424
ZNF491	-2.63772603020688
NOTUM	-2.63778898506447
RPL27A	-2.6380225951645
MRPL43	-2.63897074346601
NCBP2	-2.64180958006101
COMTD1	-2.64183506429616
MYO1H	-2.64286598662327
TMEM69	-2.64299400983203
TAS2R64P	-2.64299955674777
AKIRIN1	-2.64343790932083
CTSB	-2.64378982493235
PDGFRA	-2.64474333228782
LRRC45	-2.64578421683697
HS3ST3B1	-2.6470405506143
WDR12	-2.64751054534365
VDAC3	-2.65166517979297
CCDC169	-2.65374879118937
ZFP3	-2.65389333223095
COL13A1	-2.65435722181919
ZNF121	-2.65538100291988
WDR87BP	-2.65575199456833
DOCK4	-2.65602596838375
RPS3	-2.65716142279806
CYP2B6	-2.65906039954745
CAAP1	-2.65943205537432
ETS2	-2.66304498629674
ERCC5	-2.66420146703532
SCUBE3	-2.66519772883467
DGCR8	-2.66574256306302
FAM53B	-2.66764850253703
EXOC6	-2.67092185583508
PWWP3A	-2.67172296402655
TBL1X	-2.67393903693894
GCC2	-2.67412053007133
SRFBP1	-2.67480726651778
PPP4R2	-2.67538354729468
SEPTIN11	-2.67640500799725
GPI	-2.67794220059397
LARP4	-2.67862283023704
RCOR2	-2.6787335727073
KLHL7	-2.67885183376508
HCN2	-2.67906225043583
LRRC4	-2.67909254589568
SLC25A19	-2.68060436426113
MOB1A	-2.68092186835061
SKIL	-2.68219584049874
ZNF789	-2.68618530820847
ZNF791	-2.68878727001555
PPP6C	-2.68880895970541
WBP4	-2.68906550094874
NUP88	-2.68944866248975
POP5	-2.68963150696277
PI15	-2.69136449380514
VSTM2B	-2.69220266814133
AP4E1	-2.6924450120835
EZR	-2.69354103764433
PSMG1	-2.69771500842655
SLC25A21	-2.70040555054325
ALDH1A3	-2.70043854710861
SFXN2	-2.70201671534308
ANKRD13A	-2.70360881608576
MAD2L2	-2.70414823660749
C1D	-2.70449117334418
SUN1	-2.70520399464317
RAB3IP	-2.70706199474253
OR3A2	-2.70718875664748
SKIDA1	-2.7077191008929
PAPSS2	-2.70870937612745
CDK7	-2.70908232729422
LMX1B	-2.71013333841142
G3BP2	-2.71081127145453
PPA1	-2.71122588317081
ASH2L	-2.71166885330397
GRAMD4	-2.71280613421546
RNF44	-2.7135015885022
MT-ATP6	-2.71417666443677
MIR1915HG	-2.71455325927802
SFT2D2	-2.71525392700101
SLC7A2	-2.71745551105442
MCC	-2.71844714792444
SLC16A12	-2.72000106828783
JARID2	-2.72039258382636
KTI12	-2.72054499738419
FXYD7	-2.72367592497043
FAM133B	-2.72451885518585
CRNKL1	-2.72759172615519
TNMD	-2.72936542753369
BOP1	-2.73153675391751
DEPTOR	-2.7322808834094
RMI1	-2.73342248443155
RNMT	-2.73477341915846
MRPS18A	-2.73485065876972
LRRTM3	-2.73501230885883
STX18	-2.73703584853106
NNT	-2.73865500640466
LTV1	-2.7404235633776
MDK	-2.74091494467301
MT2A	-2.74202893195118
PAICSP7	-2.74232771192994
NUP54	-2.74291997177013
ITGA9	-2.74376683785875
NEUROG3	-2.74779520411972
ZNF501	-2.75308051666536
TRMT13	-2.75312520850157
SAV1	-2.75375248258707
DNAJC15	-2.75377433983572
NPM2	-2.75501108557965
ZNF680	-2.75516212945047
TMED8	-2.75560770998476
BBX	-2.75586701942665
ZGRF1	-2.75732551651666
PPP2R2D	-2.75736711788983
ZNF793	-2.76178095889926
REST	-2.76393439158111
PDPK1	-2.76581431842157
SLC25A4	-2.76670873770556
CHUK	-2.77015403005764
INHBB	-2.77070695800606
ST13P2	-2.77090105471875
SUCLG1	-2.77358485690944
PAK1IP1	-2.77466984655965
NAALAD2	-2.7756492571329
ANKRD18DP	-2.77640469796042
HYCC2	-2.77715117968603
GTF2F2	-2.77750690020156
IFITM1	-2.77804449926243
MICU2	-2.77819802292802
MEF2C	-2.78032089354579
GAS2L1	-2.78115542051901
ARHGEF35	-2.78157938880181
TUBB4B	-2.78165794845089
URB1	-2.781715486158
SUZ12	-2.78349362265056
VIT	-2.78494172196576
ERBB3	-2.78558108718429
MT1A	-2.78613234331109
LRSAM1	-2.78794721357433
CA2	-2.78878265766507
MSH2	-2.78924892824465
PCSK1	-2.78928476754704
SELENOW	-2.79049362227421
NMB	-2.79178222413646
SOX21	-2.79904764586057
ZNF528	-2.79991127781934
ZNF611	-2.80046006982607
DSCC1	-2.80097385717821
TERF1	-2.80123533530082
MAEA	-2.80151263282126
VIRMA	-2.80198529440152
KRIT1	-2.80292524619302
ST8SIA6	-2.80468319835094
IMPDH1P10	-2.8047893283684
AGAP1	-2.80629208188718
ATP5PB	-2.80846048611669
USO1	-2.80989434509759
ZNF701	-2.81174486036362
PPHLN1	-2.81233481626273
TRMT6	-2.81270487916177
MTUS1	-2.81622218273554
GPR108	-2.81651691901108
EYA1	-2.81680985552329
ARHGAP39	-2.81874886259256
HELZ	-2.81990933388834
GPR50	-2.82195770593259
PTCH1	-2.82249981283852
MMP25	-2.82555512445562
TSPAN14	-2.82590799777756
LRRC37A	-2.82706473502026
MYO10	-2.82964518200699
ZIC4	-2.8310646249717
HTR1D	-2.83242749095823
MDM2	-2.83258131917558
FBLN5	-2.83345414215683
PXK	-2.83423149518044
FLRT1	-2.83480998757736
EXOC2	-2.83521179383955
RUNX1T1	-2.8355606894059
PWWP2A	-2.83588169959851
NRARP	-2.83625979965168
MED29	-2.83758204369562
NOA1	-2.83784783911118
BSND	-2.83801351147199
WNK2	-2.83809386867284
SIGLEC14	-2.83883229201194
RFX1	-2.84006132146532
ZNF493	-2.84036243975615
RALYL	-2.84426555218357
TUBB6	-2.84427446689128
ZNF589	-2.84595884422809
CDK5	-2.84670841102133
VASH2	-2.84743783812154
ATP6V1D	-2.84817039351912
SOX18	-2.84824975331375
TIMM13	-2.84847691818731
MCTP1	-2.85009322518221
MYCT1	-2.85024482341478
SPACA6	-2.85092794859505
CLN8	-2.85218838271078
FGF8	-2.85262104242004
PUS7	-2.85407516411833
FERRY3	-2.85486212418166
MKRN1	-2.85608588535582
EPN3	-2.85862080042485
ABCF1	-2.85996802739112
ZNF578	-2.86130861289251
KDM4C	-2.86319807164965
ZNF808	-2.86737342016525
AHNAK2	-2.86883947974114
MOB3B	-2.8690346797568
VPS37B	-2.87117361067087
HPDL	-2.87207012665088
PLEKHA8	-2.87362871952934
TTF2	-2.87446671107527
GOLGA4	-2.87550399802076
ROR2	-2.87695965287517
DCUN1D2	-2.87834736289594
HIPK1	-2.87971191809614
RNF138	-2.88134872034539
MFAP3L	-2.88527430199097
RAG1	-2.88635176081256
CDC7	-2.88857613429405
ESRRA	-2.8897806234309
SLC25A14	-2.89004710648012
CAPG	-2.89028848914465
H3-7	-2.89141910735384
C8orf33	-2.89164975629071
MRPS18C	-2.89194633552877
ZNF726	-2.89294054039957
GPAT2P1	-2.89319122274562
RNF40	-2.89370842957829
HIC2	-2.89379521726136
FAM169A	-2.89659257505627
SLC27A3	-2.89764207169037
ARSL	-2.90114923248622
AP5B1	-2.90294203999464
AQR	-2.90362570913782
TULP4	-2.90754149177985
RADIL	-2.90807696866143
MXRA5	-2.9090840567062
TOMM7	-2.91065327205782
TRDMT1	-2.91100957230354
EDIL3	-2.91372458683154
PINK1	-2.91560070880306
ANK2	-2.91688015942854
FZD3	-2.9176331998155
FOXC1	-2.91794676757093
IL34	-2.91804930272847
PPP1R11	-2.91905137250427
MAP1LC3B	-2.91916599641354
RRAGA	-2.92124277763899
RALBP1	-2.92242940474109
CRACR2B	-2.92399182284831
NQO2	-2.92659425172918
PGGT1B	-2.92661882355998
SNAP23	-2.92711022369359
CBR1	-2.92804680505193
PPARGC1B	-2.93041598122902
CEBPA	-2.93151932027048
COMMD7	-2.93190731164809
ZNF502	-2.93576516283543
GRPEL1	-2.93631767749907
GTF2H1	-2.93647238137129
ARHGAP8	-2.93904908568698
SNX25	-2.93984533958459
PRPF8	-2.94010812606605
VSIG10	-2.94074486678995
SLC25A11	-2.94076517078914
THRB	-2.94389874720803
DLAT	-2.94417626063677
HIPK2	-2.94491868361086
RAB12	-2.94499860860275
TMEM54	-2.94525460893645
GPRC5B	-2.9477454243928
DENR	-2.9478599951927
SKIC3	-2.94894734375615
CYCS	-2.95075012278597
MRPL18	-2.95155011003238
IGF2	-2.95197570522109
OTOGL	-2.95672374738656
MYO6	-2.95857384038018
SAMD11	-2.95898053473147
NDUFV1	-2.96179120940652
TOMM70	-2.96291039786945
MRPS18B	-2.96547316430537
MT1JP	-2.9666138872257
SAP30	-2.96835354059061
TUT4	-2.96953646549891
AP1S3	-2.96990486692727
ZNF600	-2.97196460367232
ARRB1	-2.97257633658674
ZNF516	-2.97369511877128
CCL28	-2.97615900244212
TENT5B	-2.97659942906445
CD33	-2.9766688951075
MICE	-2.97715770748548
PRKAR2B	-2.97908756933682
C1DP1	-2.98045136374918
DMBX1	-2.98365116180595
KLHL23	-2.98743468172793
LTBP1	-2.98758029494595
FGF19	-2.98772624054822
MTMR6	-2.99091007591499
MAML2	-2.99222780293552
USP7	-2.99748932526249
ATP6V1G1	-2.99768171720252
LGI3	-2.99865523912691
RBPJ	-2.99971119166936
FEZF1	-3.00084676268285
ZYG11A	-3.0028085268728
PGM1	-3.00289254815258
TRIM2	-3.00461068866948
CCZ1B	-3.00541540104187
MAPKAP1	-3.00582672809232
TRMT10C	-3.00964058004174
OR2A7	-3.01098753278613
SOX13	-3.01154924726586
FHIP2B	-3.01164733915822
PTAR1	-3.01228565123372
WDR43	-3.0129680798972
KLF13	-3.01303773173793
ZNF613	-3.01865141848763
ZNF585B	-3.01912820751852
EPB41L5	-3.01963852093965
RTL8B	-3.02178508726878
MESP1	-3.02190001582308
PPP2R3C	-3.0227437721289
FCHO2	-3.02292281814986
CPSF2	-3.02389066147238
SKOR2	-3.02421632443167
ZNF257	-3.02598774294944
MTCH2	-3.03177339739518
ADA2	-3.03224637248823
BMP1	-3.03326040247396
SHROOM2	-3.03657803651325
CENPQ	-3.03823350605056
PLPP3	-3.03924705359558
SORCS2	-3.04258191186787
B3GNT7	-3.04604727344665
PNMA8B	-3.05470706945417
ARHGEF5	-3.05726035375163
ATXN1	-3.0579365782522
CRYGEP	-3.05798327457512
MRPL12	-3.05809827466989
GSC	-3.05913491921048
TSTD1	-3.06064329658417
CRYBG3	-3.06285487364646
STAG1	-3.06488418810585
TLE1	-3.06636742538224
E2F1	-3.06679657002649
MPG	-3.07128491536989
ZNF181	-3.07168993351642
HLA-F	-3.0726443869056
ZNF577	-3.07276774287351
GALR2	-3.07365223972878
NCOA1	-3.07470719131991
PRDX6	-3.07657492576458
RBBP8NL	-3.07727895363419
CCT6A	-3.07845625159778
ZNF85	-3.08212449563176
LRRK1	-3.08411742854456
ASXL2	-3.08434288491659
RTKN	-3.0847544644072
PEX3	-3.08569160220659
FGD4	-3.08722595640087
SMC2	-3.08786250608167
NPEPPS	-3.0895415883918
PCGF6	-3.09068286610472
FOXI2	-3.09540260782045
DPPA3	-3.09547900081401
PYGL	-3.09589239758611
IFT56	-3.10241945140526
MCM4	-3.10467741601251
MIXL1	-3.10639239513773
GRTP1	-3.10821323471791
TSHZ1	-3.10836176355954
HOOK3	-3.10953673336007
MLEC	-3.11119893900009
WSB2	-3.11258831867061
DECR1	-3.11481058398555
TET1	-3.11704632873054
NECAP1	-3.11830371678834
INPP5K	-3.11840595270336
RESF1	-3.11981496824166
DCAF4	-3.12208182500064
RGS10	-3.13154866832183
ZXDC	-3.13332441067381
SEMA6A	-3.13547006422362
EXOC5	-3.13675732692403
DNAJC11	-3.1386061903648
MT1H	-3.14123165445381
UGT8	-3.14162870231909
C5orf63	-3.14234452547497
PITPNM2	-3.14351542976689
PCBP1	-3.14367225789744
PJA1	-3.14609711655477
ZNF731P	-3.14931622184775
BAHD1	-3.1502384831038
GPR160	-3.15086758770126
GSE1	-3.15665156401428
SMIM41	-3.15798175416469
ZNF429	-3.15809978494209
TC2N	-3.15915607494427
SLC25A16	-3.16479708277578
PCNA	-3.16506078366424
XRCC2	-3.16640248673444
PKIB	-3.16750022825737
WASHC4	-3.17072530730199
ALPL	-3.17111293462979
PRH1	-3.17330564348686
IMPA2	-3.1740746690971
CDCA4	-3.176290026523
MT1F	-3.17769470477613
CATSPERZ	-3.18380961465074
SERPINB5	-3.18456018174007
ADSS2	-3.1846763835959
TRPS1	-3.19288199470522
SLC1A3	-3.1972049755444
PAK2	-3.19927082812342
TDG	-3.19928404919797
GTF2E1	-3.2046022014161
CACNA2D1	-3.20556813727721
FAM98A	-3.20602408855247
MIR3171HG	-3.20682850699632
TCEA1	-3.20831877355745
WASHC2C	-3.21137733514777
PPP6R3	-3.21179480933561
ANP32E	-3.21200093203692
USP32	-3.21233996719205
AMDHD1	-3.21317650597134
SOX14	-3.21353200776484
ZBED1	-3.21484753343849
COX7A1	-3.21770368823246
ZNF254	-3.21788042304128
PRRX2	-3.21790719537363
BNC2	-3.22316865255263
CMPK1	-3.22457971497513
MT-CO3	-3.22500670115942
NUDT11	-3.23034396841175
SMPD1	-3.23284110095445
CABP1	-3.23291542087491
TMOD3	-3.23475702276472
SLC37A3	-3.23780514543373
MAGEB2	-3.23936163407186
TRHDE	-3.24720516101139
LRRC26	-3.2491567714782
P2RY1	-3.25077779531486
KITLG	-3.2514280822647
PIP4K2A	-3.25172023574574
ZNF626	-3.25314790038781
SLC17A6	-3.25402357578493
OR2A9P	-3.25543635573063
CABIN1	-3.25597437849103
EVA1B	-3.25610125365169
EIF3B	-3.26122503647134
COL27A1	-3.26250253018801
BICD2	-3.26483990880928
KRAS	-3.26780917290857
DNAJA2	-3.26845437072341
RCC1	-3.26935473047405
ADAMTS19	-3.27239951739711
L1TD1	-3.27610533836717
ATP13A3	-3.27764041634573
PTPN9	-3.27783149016943
CISD1	-3.27852707453108
NIN	-3.28147684822515
WRNIP1	-3.28913425362462
NFIX	-3.29170544312992
MTATP6P1	-3.29261499256888
FRAT1	-3.29261813918339
UBASH3B	-3.29380081980014
PDLIM1	-3.29512543768255
PRDM9	-3.29516744115787
FOXN3	-3.29656590290367
NEFM	-3.29934160604339
ZNF649	-3.30418077001167
TRABD	-3.30566574940399
SORBS1	-3.30570304739654
IK	-3.30601122259188
FAM20A	-3.30688569357981
TMEM64	-3.30716711104474
ZBTB42	-3.30720182280401
PRAC1	-3.30983911042681
ZIC1	-3.31107805428194
NRBP2	-3.31277174673859
PDHA1	-3.32651739168105
ZNF302	-3.32654196973188
DHX33	-3.33058831676213
ZNF208	-3.33405029003507
SLC39A10	-3.33784906427705
CASP6	-3.34927873927631
AFG3L2	-3.35213618522259
TMEM184B	-3.35403288512827
ZNF738	-3.35618959645339
GRHL2	-3.35708666058999
FAM86B2	-3.36061634608636
ATXN7L1	-3.36785250501772
SERINC5	-3.36848061760076
CCDC150	-3.37180341585455
MAP4K3	-3.37341223496526
CRYGFP	-3.37368563907009
FNBP1	-3.37514498803005
MT1M	-3.37651278804971
ARMT1	-3.37816206483803
ZNF91	-3.37946109615664
CTTN	-3.38151701349037
ONECUT1	-3.38217477815125
AP2A2	-3.38374773932977
TRIM7	-3.38803218343388
AGAP3	-3.39044555075486
NOP58	-3.39102369633767
MT1E	-3.39553995868728
SPINK5	-3.39884033543837
B3GNT5	-3.3993841355676
CA8	-3.4035675860552
CFAP95	-3.40526370398524
CIBAR1	-3.4093362623789
ZFP36L2	-3.40971672891358
U2AF1	-3.41157774073583
DNAJC9	-3.41567297566279
TNRC6A	-3.41722342281186
NSMAF	-3.41751178538682
NANOG	-3.41960744831161
ZNF439	-3.42080465216707
CCDC137	-3.42354183325178
OGFR	-3.42480707882137
BEND3	-3.42525245001729
HMGB3	-3.43032840264042
LGR4	-3.43813731737203
ZNF681	-3.43925668902719
RNF145	-3.43972216081625
RNF38	-3.43999146510001
C2CD5	-3.44292895994927
CHRFAM7A	-3.44312561993723
NFAM1	-3.44502901182656
DOK6	-3.44526171807875
AFDN	-3.45176299895118
ATP11B	-3.45256070267705
NF2	-3.45480714698302
AGTPBP1	-3.45827933623075
ENPP2	-3.46623489884271
CRIP1	-3.4757771023624
INA	-3.47654025240125
KCNG3	-3.47796167397733
ITPA	-3.48032403291361
MTG1	-3.48344193630493
REEP4	-3.48532709088056
RGS14	-3.48905457788873
SHF	-3.49190729758361
NDUFA5	-3.50064545140522
PRMT3	-3.50417263185252
CHRNB4	-3.50498914124493
KAT7	-3.5062115810502
DMTN	-3.50871514331262
YEATS4	-3.5096240107753
SECTM1	-3.51086040689913
LIN28B	-3.51358076075439
SPRY2	-3.52873359931843
CXCL12	-3.53325178568254
PHLPP2	-3.53376191078055
BAHCC1	-3.53626456186156
DHX40P1	-3.53693527526975
NLRP12	-3.53760861210126
TLE7	-3.54096459854281
AK4	-3.54147565404756
PTPRB	-3.54351342622471
THBS2	-3.5466758453415
C4orf51	-3.54845102936317
IPMK	-3.55555061196334
MTA3	-3.56850324349693
AMDHD2	-3.56997414039232
TRIML2	-3.57028876997679
SP8	-3.57575844960851
SCD5	-3.58356922145176
SCARA3	-3.58527265193966
C11orf98	-3.58598231268928
TLL2	-3.58741188690472
HES2	-3.5877411048741
GLS	-3.5909435015289
EEIG2	-3.59131259779185
GUCY2C	-3.59210058971653
NCOA4	-3.59460119188529
AGMO	-3.59523324829569
DOT1L	-3.60427300432041
CAPN1	-3.60832757031828
BTN3A2	-3.61413601400917
ARHGEF34P	-3.61751051202143
ZSCAN2	-3.61785521971237
ZNF90	-3.61990465134207
WRAP73	-3.62077067518278
BRD3	-3.63323929655557
FA2H	-3.63368689254577
MT1L	-3.63434045050859
METTL27	-3.64466114144623
ZNF296	-3.6467159329671
TIMP2	-3.64934992252719
PPP2R1B	-3.65808851096843
UBE2G1	-3.65832490647701
DPPA2	-3.65861442667641
NEFL	-3.66030567712126
NSA2	-3.66095434717309
UGP2	-3.66496025274487
HSP90AA1	-3.66611743974651
ARHGEF10	-3.67724884546946
PHF10	-3.67867394300819
ZNF137P	-3.68251831270413
TFAP2C	-3.68322785839853
EGFLAM	-3.68534465356292
FOXD3	-3.69191749589713
SDHD	-3.69842776302924
SLC22A23	-3.70244322157097
RIPK4	-3.70441849636824
AKAP1	-3.70583669183537
ECEL1	-3.7172281536653
ATP11A	-3.71774997646216
FUS	-3.72331969889925
RHBDF1	-3.72953075872986
MRPS5	-3.73131555092104
USP16	-3.73274311666465
SEPTIN6	-3.73372301657137
LHX4	-3.73522779025734
TPI1	-3.73980516720039
RIF1	-3.75187676556111
MEF2A	-3.75630392612585
CHST8	-3.75909430900395
ANKRD19P	-3.76336661845967
PRDM14	-3.76368624943948
CARHSP1	-3.76416206896436
MT1X	-3.76535985652369
ACOX1	-3.76578438848048
UCKL1	-3.76666835317413
MYLIP	-3.78093519338002
ESCO2	-3.781803186873
NSFP1	-3.78535852726314
SGK1	-3.78678655741701
ECPAS	-3.79048964380334
DUT	-3.79670417493471
GALNT7	-3.80085988327949
LPAR3	-3.80324336424932
SLC66A2	-3.80607116793173
HOXB13	-3.80812544387179
FTLP14	-3.80843589938358
FSCN1	-3.82275734481837
IQSEC2	-3.82626043040699
BCL11B	-3.82830276710997
ADAT3	-3.82858006875753
RPP25	-3.82917086538132
UBE3C	-3.83450348369438
ZNF100	-3.83541177962213
PACSIN3	-3.83795512094334
FERMT1	-3.84555629071361
NETO2	-3.85375025199276
TECPR2	-3.85379579498043
RAI1	-3.8621213696792
HES3	-3.86365269197
HELLS	-3.87309289450104
LHX5	-3.89495711673567
BMP7	-3.90348022904614
CDH1	-3.90756251505966
ETV4	-3.91059016250885
SYT6	-3.92206291725467
FOXH1	-3.92239599111963
TRIM27	-3.92290230526188
LDHA	-3.92336578016421
CPO	-3.92473081518447
MT1G	-3.9305884484543
KRT18	-3.93721989436459
TWIST2	-3.93778455615966
BHLHE23	-3.94165478070054
SFMBT2	-3.94599439376799
PDCD2	-3.94647374879852
ECEL1P2	-3.9538579408258
AKT1	-3.95510771160089
SETD4	-3.95990197655391
FAM120A2P	-3.96278337449867
PGM2L1	-3.96662434522736
DLX3	-3.96853719015914
SNX9	-3.97133591681899
AXIN2	-3.98636556415348
CNTFR	-3.99347625646091
FRMPD4	-3.99352026700193
PLAAT3	-3.99669868647777
OVOL1	-3.9976152673528
DND1	-3.99855192637388
IKBKGP1	-4.00133031924596
HR	-4.00192015977465
GAK	-4.00511041613028
ECEL1P1	-4.0232645947584
KIAA1217	-4.02590138663606
BMPR1A	-4.02778236626474
C6orf141	-4.03522433121482
ATP6V1H	-4.03807670125928
PLPPR1	-4.04547477967077
TAOK3	-4.05011523109498
EGFL8	-4.05387115081523
TUBBP5	-4.06710419601906
ZNF252P	-4.08016548833902
KAZALD1	-4.08548775877385
COL6A1	-4.08782403922444
CCDC8	-4.08860375260333
OC90	-4.0891622259133
HHEX	-4.09201764987086
AK3	-4.09545531688429
SAPCD2	-4.10903813071894
PIM2	-4.11275139827334
MRS2	-4.12676358555033
SOX11	-4.12728701119142
NFATC1	-4.13950596185457
RNF125	-4.1416351280097
PAX7	-4.15539848619481
FAM210B	-4.15597056267714
UNC5B	-4.15707176092601
BRWD3	-4.17204754886923
SLCO5A1	-4.1816466147258
TNS3	-4.19035754991921
ARHGAP42	-4.21258588466093
DSP	-4.22297271243295
DNAJB6	-4.23363858968076
KCNJ5-AS1	-4.24966900440375
NKX6-2	-4.25090731827036
IRX4	-4.25492041306723
CPT1A	-4.25763796028263
RABGGTB	-4.2604919788696
MAFA	-4.26066912530886
CGNL1	-4.27110587843141
OAT	-4.29328792753549
RTP1	-4.31230766401209
TLX1	-4.3150351554038
HLA-G	-4.32194263686031
PRAC2	-4.32719875903606
HHLA1	-4.32908715486129
ZNF728	-4.3323466006669
HBE1	-4.33779214288838
TCP1	-4.33871100223558
TDRD1	-4.34873214716602
DPYSL3	-4.3535627534242
GDF7	-4.36031299404021
FGF4	-4.37092783624915
MECOM	-4.38146882945275
MRPS16	-4.40056064325961
PCDHGB4	-4.41123407634234
PRKCA	-4.44149907783922
ASRGL1	-4.44790769423825
CEBPZOS	-4.46170445360504
FAM83F	-4.4628862720063
TNRC18	-4.47094225150393
SPART	-4.47793401213545
CD9	-4.50569576901993
ZNF770	-4.52102601473484
GATA5	-4.52471995656125
PTH1R	-4.53123829551859
PDK3	-4.55734006130906
MYO5A	-4.56327148333206
KRT8	-4.56734020686069
KCNAB1	-4.60460463060871
ZNF266	-4.60911016848375
SOCS2	-4.61737762839
PHLDB2	-4.62191558389142
HLA-A	-4.6373445996859
RIGI	-4.64098799820072
F2RL1	-4.66694866897715
RRAGD	-4.6788727501055
SIX3	-4.69063447478846
POLR3G	-4.69146076197476
LRFN5	-4.69559625861316
SOX15	-4.70345309559675
ZNF714	-4.71708508367816
TMEM200B	-4.71971643039666
AFF1	-4.72870311413248
RBM47	-4.78872372354585
ZIC3	-4.79647730908734
AJAP1	-4.8057455915489
VENTX	-4.83838001927191
TRIM25	-4.89194908989024
NR5A2	-4.95674604457365
CCND1	-4.97882793442225
HIP1R	-5.00586904736779
ZNF398	-5.05717921814509
BAZ1A	-5.08019800417459
CKB	-5.10971421043184
SATB2	-5.14056281828209
ZNF878	-5.16396314921397
GDA	-5.17925257417054
SCGB3A2	-5.25774715717085
ZNF560	-5.26768798553947
GLB1L3	-5.30755356029185
FBN2	-5.35660159498754
UTF1	-5.45516668023701
TBX1	-5.47985377314319
FOXP4	-5.56262076835963
NKX1-2	-5.84582805727113
PAX5	-5.97792837033883
INSM1	-5.99325135449279
MEST	-6.48560801424155
