ABR	6.74243428183093
EEF1A1P11	5.20946161891896
AGAP7P	5.13789949214428
OTX2	5.02864089555973
SEMA6D	4.80448633728022
CUZD1	4.54251339024116
EGR3	4.53225270955928
RASA4B	4.43913677287696
SHISA2	4.36963962083214
LHX5	4.34804307727972
CYP26C1	4.34648183244246
CITED2	4.33575029416309
AUTS2	4.25840229098394
GPC3	4.25497939643389
ADAMTS7P1	4.23289474667998
LGALS3BP	4.20920693313115
TMEM163	4.12977384109821
WNT4	4.11891091915331
VWF	4.10741491774994
SHOX2	4.06755249690858
BTBD17	4.04755742302265
IRX3	4.00295210075427
ECEL1P1	3.96059510299813
ADCY6	3.95055809259747
PLCL2	3.86831784264488
TNNT1	3.8634509983674
PIK3R6	3.83999031809547
GREB1L	3.8265993980911
ID4	3.81828482834637
ANO9	3.81081053751404
HSPG2	3.80746741971019
RASA4	3.79333900672288
LMO1	3.77003954844268
FGFR3	3.76690208470203
RASL10B	3.76549863708349
PKDCC	3.76408644513155
EPHA4	3.6646124483919
CLIP3	3.63947228993674
CLDN19	3.63005289328003
ACOXL	3.60264264145397
SSTR3	3.58326840722497
CACNB3	3.57539799343281
RPH3A	3.57015399635818
TMEM158	3.51456960118104
GATM	3.49813070651645
COL9A1	3.49073146769988
PLD6	3.48496749428032
ZNG1DP	3.47470247689159
SPHK2	3.46784785705515
PLEKHB1	3.46162308594869
TAC3	3.4449627096757
C10orf105	3.41082138116744
HES4	3.39804848419591
SMIM10L2A	3.37040217887367
DHRS2	3.36948499691361
WDPCP	3.36197995755554
CRX	3.35101449528117
EGR4	3.34346718562355
MFGE8	3.34200619519789
CRB2	3.33525665484923
HS3ST5	3.32778515842973
PGA5	3.32565736668987
RHBDL2	3.32297634539887
SLC22A17	3.30034015453871
MSX2P1	3.28931391779531
EMX1	3.27110383667052
NLGN3	3.26932214069541
APOBEC3B	3.26487244894604
SYT13	3.26337789214413
USP6	3.26307219368268
FAT2	3.24220498098635
GDF6	3.23473498346011
RYR1	3.21664314136612
CA11	3.20609923316785
JPH4	3.19598952226897
CHP2	3.18513772327316
BARHL1	3.18493131428674
TMEM151B	3.17704821799241
UNC80	3.16395616970669
DGAT2	3.16031176232772
SERPINF1	3.15990165015832
MYRF	3.1577364968445
LIX1	3.15512610106266
FSD1	3.1518341617466
TP53I11	3.15083912078334
PCSK2	3.14133711968522
TMEM130	3.13189061967709
PODNL1	3.12469900196412
GRIK5	3.12208769230013
EHBP1L1	3.11808708593736
ERAP1	3.1073892230694
OAS3	3.10276929023446
HIF3A	3.10119289316839
BST2	3.10015808986361
EIF5AL1	3.09270531509161
IGSF3P2	3.09220002848277
FST	3.08841175564559
COG5	3.08703087797954
CACNA2D4	3.08387585825264
GSTM1	3.08169328876726
ADM5	3.08005858997112
CALCRL	3.06323707092482
FHOD3	3.06077823430409
FRZB	3.06042132453174
NME1-NME2	3.05094803788409
KLK7	3.04286807127348
GDPD2	3.04246279769628
LRP2	3.03801361271342
C1orf21	3.0354918191646
RAB38	3.03322883592957
NPTX1	3.02889812022999
OTOF	3.02688584086127
MLXIPL	3.02156170040168
ADRA2B	3.019674837222
BCAM	3.01304705319632
SLIT2	3.01162242922397
PTX3	3.01038633912435
ESPNL	3.00646421178508
CPZ	3.00591447155829
ARHGAP23	3.00226741138116
MXRA5Y	3.00011138849504
RTN4RL2	2.99303306692252
SMOC1	2.99026137873103
PCDHB10	2.98595725284848
MUC4	2.97736690904241
ADAMTSL2	2.97677004442187
SLC15A3	2.97620972102218
PMEL	2.97286374039289
DIS3L	2.96355827746262
ATN1	2.96293614411578
CHI3L1	2.96125923782853
CX3CL1	2.95719090624855
NID2	2.95531863367435
SH3PXD2A	2.95502341233286
P3H2	2.94834737655121
PPM1J	2.94363333143842
DCHS1	2.94303825743846
NPIPB3	2.9425627662243
NYNRIN	2.9305805828054
VCAM1	2.92738438219769
TRPC4	2.92685517091165
CPNE5	2.91521418784033
SH3TC1	2.91406079874846
PPFIA3	2.91396969708
ISOC1	2.91280318568239
PRKCB	2.89066898792711
RGS3	2.88570327700877
NAB2	2.88273794259327
KCNA1	2.88105117577546
NRIP2	2.88102657565004
PCDH7	2.8788734272233
NPAS1	2.87640515989364
INTS10	2.87630674355894
KRT222	2.87426895360745
LYNX1	2.86353012602856
WFIKKN2	2.86101289322347
RAB7B	2.85968977917867
BNC1	2.85955588417706
DAGLA	2.85586350237038
CFAP74	2.85511706845119
CADM4	2.85505037898199
LGI1	2.85472806189447
SLC8A2	2.85406593155908
NPAS4	2.85394696448617
ADCYAP1	2.85102555881872
NUAK2	2.85044917732664
FLRT3	2.84612543804374
LMX1A	2.8440896643188
CHGA	2.84133012392852
ADGRG1	2.8288207521417
CACHD1	2.82479772198486
TMEM82	2.82259290674676
TSPAN15	2.82226888296207
LRRN3	2.81630535131116
ETV3L	2.81314462893848
RASD2	2.81049082468334
PNMA5	2.80847825548519
COLEC11	2.80670210890464
PLCD4	2.80275620115792
CADM2	2.79491900537618
COX6B2	2.78809759948268
MFAP2	2.78687407282135
SOST	2.78240993930849
NPHS1	2.77198814552142
GAA	2.7703481831984
ADGRD1	2.76682694913915
SCN4A	2.76611431398978
IDS	2.76604011049272
KLK6	2.76585543633629
FOXN4	2.76196014111689
TSPOAP1	2.76095152463052
DGKK	2.75968858894395
RGMA	2.74959902363008
AKNA	2.74799520242822
RDH8	2.74629991884288
CMTM5	2.73952390114109
SOD3	2.7370464249812
ADAMTS4	2.73555436202825
DUSP15	2.73457630220358
SEMA6B	2.73437764781655
LPL	2.73126918226984
ANGPT4	2.7295222986073
TCEAL6	2.72887600542218
CSMD2	2.72847268956715
GTF2IP12	2.71759475031152
F10	2.71097449450236
APC2	2.7101633202965
BUB1	2.70855691651393
PRR5L	2.70671555797817
CADM3	2.704931352386
FAM20A	2.70406479049925
PTGS1	2.6986047193265
FMO1	2.69714034868268
MB	2.68581954983262
ANKRD24	2.68170914077722
RIN1	2.67963844106193
ATP1A2	2.6705164652128
BIN1	2.66540184572535
GRM8	2.66483776974733
P3H3	2.66234129004217
PTGIS	2.66078035572548
DLX5	2.6600175697835
ANKRD20A2P	2.65967611788813
SYNE4	2.65850911991443
CHD9NB	2.65624024893871
APOE	2.65457573365697
POTEJ	2.6537386726179
CLDN3	2.65247423663492
MYL11	2.65179697440003
ELN	2.64893112525892
CXCR2P1	2.64761124299593
FOLR1	2.64728297465965
PGA4	2.64572570936822
HEPH	2.64568245367259
ANKRD1	2.64009185337938
GPR20	2.63872792221812
TGFBI	2.63551014344443
EPS8L1	2.63348147426705
NPIPA1	2.63143575765936
ENTPD1	2.63089960547496
SIM2	2.62966087792537
PLIN5	2.62685986806051
PLEKHG4	2.62643423905511
TRIM45	2.62277214281887
BATF2	2.62187015281478
CYP2U1	2.6147300420823
CCDC136	2.60500630295232
CCDC177	2.60451822984317
CARS1	2.60211965333791
SLC8B1	2.60130584865929
EGR1	2.60113487909965
SYN3	2.60072756030696
PDGFRB	2.59147630689363
LFNG	2.59140880886879
TMPRSS2	2.58945342326491
CCDC102A	2.58855445722229
DYNAP	2.58653746267906
CPXM2	2.58555999695006
ZCCHC12	2.58228229790276
SEC14L5	2.58217252091888
PLEKHA4	2.57474786550591
DMPK	2.57422315454262
PDYN	2.57420580200132
CNTNAP3P7	2.57380689371744
CD74	2.57230747691387
IP6K3	2.56835175033719
IFI30	2.56257853369646
PLIN4	2.55691795465731
SLC38A3	2.55510791845411
ANKRD34B	2.55496817255528
GRAMD1B	2.55054515847165
HEYL	2.54920660121281
OPTC	2.54906623487427
CCDC144BP	2.54248876714749
MX2	2.54052666634403
CDH9	2.53963773005588
PCDH8	2.53908104443745
CBLB	2.5386112987373
DOK4	2.53686413546997
LIM2	2.53622396592511
DUSP2	2.53599731465221
GATD3	2.53510214144779
TBKBP1	2.53471400680864
CAPN12	2.53272588681957
SGSM2	2.52876567815314
IQSEC3	2.52660987428847
MXD4	2.52341864340518
USH1G	2.52285187424835
HSPA12B	2.52277489144223
GRIA3	2.51308243915442
FZD1	2.51301847356536
USP32P2	2.51139365717573
SPTBN4	2.5107044660538
EIF4E1B	2.50806926427676
TGFB1I1	2.50699764640331
MYBPC2	2.50677530278938
LANCL1	2.50425929674278
SUSD4	2.50256109249898
RND1	2.50117100548572
DLK1	2.50112206759889
SLC27A1	2.50057235728272
GAL3ST3	2.49747286334014
TNFRSF18	2.49639219102317
RSPO1	2.49339213726864
MUC16	2.48892868377419
SPATA31C2	2.48817550805032
RRAS	2.48754655854656
ARL4C	2.48574784013961
CLGN	2.48224696360929
CDH11	2.47794776044
PPFIBP1	2.47701067447235
ARHGEF38	2.47298762446387
SERPINA5	2.47119421564884
SYT10	2.46907462956611
C1S	2.46497895106314
BCAT2	2.45782703249424
CGB2	2.45610864902661
ADAMTS10	2.45331917218631
CDK11A	2.44701379577079
JAM2	2.44624710290068
FKBPL	2.44613599790779
CILP2	2.443492028611
NTF3	2.44301426966234
SEZ6L2	2.44138471937973
CBX6	2.43966344050792
TCN2	2.43947588504568
RSRC1	2.43909293896254
TBC1D9	2.43529242306686
MAP1A	2.43329582914828
HMX3	2.43206818023171
CELF3	2.42753738865135
FCGR2A	2.42538944240043
SNCA	2.42066990113591
STING1	2.41988442243112
SYNPO	2.41874627384133
APLP1	2.4186618509517
EPHX2	2.41818659101552
ZNF75D	2.41641343363627
UGT3A1	2.41620406964048
FYN	2.4127589187336
ST8SIA1	2.41206587710774
SYN1	2.41005720600615
BRINP2	2.40949814706138
HLA-DOA	2.40916810673247
GSTM3	2.40898243626838
FGFR1	2.40760183337654
SRMS	2.40723909116473
CLVS2	2.40652798206309
IGFBP6	2.40241730701453
MUC1	2.40200754973924
PLLP	2.39965233497803
TCF15	2.39891244588893
FZD9	2.3946505812061
ATAD3C	2.39388292609809
PHF24	2.39379035976891
GARIN5B	2.3937056040387
WNT2B	2.39277000169014
RSPO2	2.39055261223159
PDZRN3	2.38749362590815
MAT1A	2.38668528742243
FAM43A	2.38639201030056
ANKRD36BP2	2.38630471700176
EFNA5	2.38589053921915
TTPA	2.38545916446025
AMOT	2.38432863593054
CLCN7	2.38182708112476
CGB3	2.38091711633537
KIF17	2.38049992736399
MED14	2.37919598726261
XYLT1	2.37765590825103
CALHM1	2.37381933945692
PCLAF	2.3725181945771
WSCD2	2.37081711947237
OLFML2A	2.36939255519537
TET2	2.36652374190054
KANK2	2.36633226543689
TMEM196	2.3654252537795
PRR20G	2.36482335628132
FNDC7	2.36459098367769
SCRN2	2.3603501537719
CALHM2	2.35947557094209
ABHD8	2.35755583664379
CYP26A1	2.35602981109892
HMCN2	2.35361289639671
VXN	2.35335555979263
B3GNT9	2.35241114141874
SUFU	2.35191837659925
OR4D1	2.34802396545831
SEC14L4	2.34518928582719
FLT3	2.34470983328595
SSC5D	2.34391296399152
FOXRED2	2.34115822051972
NRXN2	2.34024589458336
ZBTB7C	2.33879350921777
SCN11A	2.33872848194686
MT-CYB	2.33722482561251
ID3	2.33423874996657
LEF1	2.33238424295905
OXCT2	2.33144794386986
S1PR2	2.33143308262937
GPR17	2.33139050058233
MEIOC	2.32795480184504
CD4	2.3252905506219
GAS6	2.32350810814948
GPRC5C	2.32098352442511
MARCHF4	2.31748484078815
CABS1	2.31649114195982
CAMK1	2.31610983807921
TP73	2.31313619025987
IL12RB2	2.31181934436825
KIF5A	2.30389068168059
RELB	2.30326195181319
AGRN	2.30255625095663
LAMB2	2.30120528912093
TTLL10	2.29717027682298
SLC9A5	2.29672356807627
STARD9	2.29560470491556
USP17L14P	2.29418192449696
CRYBA4	2.291191975581
CADPS2	2.28971752909708
RAX	2.28832414974762
BOC	2.2849077282514
TOX	2.2810224140292
ACTL6B	2.27923348999966
COBL	2.27840645937566
NOVA2	2.27782676739929
VAT1L	2.27620485071419
ANGPTL2	2.27372532878499
MYMK	2.26920775696402
FYB2	2.2685568688609
IFIT1	2.26776556086541
GPR143	2.26637231467405
FUT2	2.2644929149063
GPER1	2.26264518194856
SOAT1	2.26158341181823
GPR37L1	2.26141995607371
PCDH18	2.26028382656715
PAPLN	2.25973519729204
LIN7A	2.25730018499637
FIGNL2	2.25395315292255
GGACT	2.24569506002485
FBXO17	2.24468917598165
RHBDL3	2.24315863369812
ZNF558	2.24249578647235
SNPH	2.24139557393058
KRTAP13-4	2.24109581854447
PNPO	2.23512158785418
DRC7	2.23403658115395
PKD1P3	2.2333833132013
NCOA6	2.23304079416925
EFHC1	2.22869869329239
GLT8D2	2.22604778480422
ERN2	2.22191657015378
APOBEC3G	2.22010225666464
LINC02203	2.21946316351611
FCHO1	2.21751491319536
SGMS2	2.21474611719097
STK32B	2.21449458091442
APOA1	2.20823917728044
TRPV4	2.20820782614825
LRRC36	2.20762458585835
FOXS1	2.20599099426279
HYPK	2.20368097059184
MTNR1B	2.20242046696323
DYRK1B	2.20239906784457
FBLN7	2.20161323786879
TM6SF2	2.20036645680344
QRFPR	2.19950730267682
ZEB2	2.19848367902078
SHISA4	2.19666513963521
IGSF1	2.19628514203906
EGR2	2.1924991140293
PHF21A	2.18966373880803
TUBB4A	2.18964784023295
FADS6	2.18854299495239
GALNT14	2.18302824805776
EGFEM1P	2.18209569975937
ACTN3	2.18187185345405
TNFRSF19	2.17970674647785
TNNT2	2.17846447741701
LOXL2	2.17652048869721
GPR61	2.17633446300446
MSN	2.17488596809075
DPY19L2P4	2.17135071138136
LRRC15	2.17128892181244
TCEAL2	2.16860334668402
ITGAX	2.16784284389906
EBI3	2.16424851772633
COL16A1	2.1622810282372
HPCAL4	2.1605582575544
TNNC1	2.16048326722028
CHST1	2.15995081160085
EPHB1	2.15971090174197
DYNLT5	2.1590527110439
ADAM11	2.15883345430806
PKD1P4	2.15836006746309
LAMP5	2.15601851375202
KLHL13	2.15418151518676
SLC36A2	2.15300970489674
CRYBG1	2.14738618904634
CHMP7	2.14665793148788
KLF9	2.14463053327495
CCDC88B	2.14235099898843
MT-CO2	2.14157422275835
HMOX1	2.14031855804444
DEPP1	2.13414508690827
ZFR2	2.12953571116141
CDH5	2.1292475090287
ZNF672	2.12768443942976
SLC26A6	2.12689904701576
IKBKE	2.12598575054019
EVI5L	2.12423359845003
SPRED3	2.12316219536947
PCED1A	2.12179560862755
KLK5	2.1216683382645
POU2F3	2.11734343953963
ALKBH2	2.1148904446314
GRIN2B	2.11444164221497
CNTNAP3B	2.10883277465611
UBE2L6	2.10879135556981
CLEC18A	2.10594827721772
RAX2	2.10443701726455
DACT3	2.10411740409605
SMPD2	2.10157014894115
TSPAN10	2.10096323791698
RSPO4	2.09650706464616
HDC	2.09620444155139
MALL	2.0942786854752
HTR1B	2.09018813514545
SEC61A2	2.08853442613666
CREB3L1	2.08685593394623
LHX8	2.08674039385623
CREB3L3	2.0854793580536
GPR78	2.08502905268214
TCTN1	2.08494026933947
VTN	2.08400836035384
PSAPL1	2.0825565965217
DOC2GP	2.07992820075374
TRIM29	2.07920469781562
PTPN4	2.07662538369707
MEX3B	2.0741735410394
LY75-CD302	2.07399692411805
PRICKLE2	2.07353794028404
PKLR	2.07193587581447
DKKL1	2.06944475429085
SLC5A2	2.06910608670077
CSF3R	2.06910279681984
PARP10	2.06772597867238
EME2	2.06733432598811
ACTA2	2.06457133457918
SLC35C1	2.06423985977939
VSTM4	2.06317447500866
PLVAP	2.06206869803347
BMP6	2.06105007061776
TIMP1	2.05910063031026
MAP2	2.05798373995125
AMBP	2.05796349701543
SVOP	2.05748310867252
ADISSP	2.05730133188328
PNLIPRP2	2.05711772114915
SRD5A3	2.05420580102764
MAPK10	2.05373204848187
ITGA7	2.05366517332208
AMHR2	2.05222357756519
FAIM2	2.05019556201939
ICAM5	2.04818610949043
LITAF	2.04632522186919
LRRC32	2.04446782520379
DAZL	2.04388389884653
IL1R1	2.04311369918345
ASTL	2.04190399156208
CRYBG2	2.03998287675625
DISP1	2.03853043238045
KLK11	2.03832428069948
KCNAB2	2.03774801374785
EMP2	2.03560476399219
ENG	2.03288351584523
BGN	2.03232056598487
PDPR2P	2.03031762904118
TINAGL1	2.02656036192225
PLXNB3	2.02634122776418
GSDMD	2.0245193696877
SCTR	2.02316554534421
ANKRD33BP7	2.02267412085754
TPGS1	2.02195119917208
NAV2	2.02095419915753
BMS1P7	2.01989709707566
CD34	2.01945534821867
FOXO6	2.01848544267318
COL5A3	2.01846000484532
SIX5	2.0153881519614
ZFAND3	2.01484653825183
CGB7	2.01414373047987
ZNF783	2.01373854657809
DPEP1	2.01264681790227
IGSF9	2.01225961891666
LOXL1	2.01145489101145
FBXO43	2.01005688777532
BLVRB	2.00942816471471
TYRO3	2.00919967034087
PLXDC2	2.0082145226764
CFTR	2.00809919398857
MT-ATP8	2.00809338308189
ZSWIM9	2.00565153927305
ENPEP	2.00552305514358
CYBRD1	2.00475130453183
WDR35	2.00156854454777
SARDH	2.00126588850782
HSF2BP	1.9999710528963
C22orf46P	1.99880606781448
PRX	1.99793359595897
NPTX2	1.99637442233883
CLDN4	1.99569643102121
NUMBL	1.99501057139383
ZFHX2	1.99271037829071
C11orf87	1.99174542278342
ATP10D	1.99137195089879
TICAM1	1.99023733786237
DUOX1	1.98994444166475
LRATD2	1.98744077736352
NRCAM	1.98729785532433
HOGA1	1.98709880782197
EHD2	1.98654006536916
CSPG4	1.98508331017127
EFNB3	1.98251627635097
CCDC194	1.98084212825235
SLC22A31	1.97932897002289
PYGO1	1.9784563189403
NPR2	1.97803904056877
THBS4	1.97405476209944
CHSY3	1.97167075828086
TTC38	1.97112288506528
PARVG	1.96914902315687
ITGB7	1.96903780451839
SLC13A5	1.96862137906945
LHFPL4	1.96839218035037
BACE1	1.96812853041394
MAP3K11	1.96598310227683
IQCA1	1.96407974208258
ZNF629	1.96406022750648
BEX2	1.95935674260543
HAPLN3	1.95859792362469
SHD	1.95817045524853
WASF1	1.95777810455741
CCS	1.95700239286837
HRC	1.9569405113125
TAGLN3	1.9565347142074
ERCC2	1.95447558185746
DNAI2	1.95243424874199
SLC16A8	1.95173036693084
TRPM8	1.95147362429243
NPIPB5	1.95037437456792
MYO3B	1.94939430300252
MTARC1	1.94732342573537
ACKR1	1.94581644577883
TLDC2	1.94579466468205
KEL	1.94463904473448
PRRT3	1.94408560063077
MOCOS	1.94400486220359
GNE	1.93966686164924
ABCG8	1.93740790592766
PTGES	1.93728493096472
C8orf88	1.9342683009223
SGCA	1.93340229601333
PKD1L2	1.93297650184125
OTOG	1.93287068569593
PLAGL1	1.93283502886342
CPT1B	1.93274922273059
SULT2B1	1.93114351086183
SLC6A8	1.92903140007767
EDNRA	1.92867442751224
LMO2	1.92408377079906
NCAPG2	1.92343079940299
SULT1A2	1.9223717400482
SEMA5B	1.92104242945105
SH2D6	1.91974716263306
NPIPA8	1.91654692934682
TRIM46	1.91581130950751
GFY	1.91537625138718
DLG4	1.91324963995071
ARMC5	1.91263541281863
ZNF358	1.91133969759412
LCTL	1.91041867410212
GPR26	1.90979740086277
FBXW10	1.90942397866475
TCEAL5	1.90902229020305
ADGRG3	1.90735924652977
SHC1	1.90625058535046
OXGR1	1.90587805196795
FKBP5	1.90516222522702
TMEM161A	1.90509937453233
SLC30A3	1.90426397505249
DDTL	1.90181738693817
FMO2	1.90181467280264
SCML2	1.90057887517906
L3MBTL1	1.89963352083128
TULP1	1.89736809658272
COMT	1.89702150991065
ISG15	1.89639317696317
SLC9A7P1	1.89516448767844
ABI3	1.89347181174981
MAB21L4	1.89249990814195
TNFAIP8L1	1.8921077150426
IFI16	1.89169511305506
MAK	1.89089093189852
VGF	1.89071498758484
RAPGEFL1	1.8900441168578
GALNT9	1.88926216935594
HESX1	1.88585161996383
GAL3ST1	1.88514392125736
PSMG3	1.88493010330645
FIBIN	1.88377788606723
NFKB2	1.88346215198894
LSAMP	1.88217621652977
SEMA3G	1.88113468628746
PPP1R3B	1.88060807797251
TRARG1	1.87949217741862
SMG9	1.87926796125044
LRRC4C	1.87914079580583
TFAP2A	1.87758740967461
PDE1B	1.87661674266595
COLGALT2	1.87661233682181
POTEC	1.87524410067428
CCL25	1.87425762517656
DMWD	1.87274403302904
SQSTM1	1.86959951734617
DENND2B	1.86949413708457
MEIS2	1.86860516550668
UGT3A2	1.86760582899332
ARHGAP15	1.86603894908049
AJUBA	1.86597965163937
PITPNM3	1.86407462674138
MTSS2	1.86320358708058
BCL9L	1.86260139821155
NRP2	1.86101829014888
MICALL2	1.8600441293996
ANO10	1.85726230985024
TMEM185A	1.85649946557428
TNNI1	1.85553637292388
DDX25	1.85462725824725
IFT122	1.85265696486002
PDPR	1.85209588726842
SLC29A1	1.85126213765551
WNT10B	1.84907548657389
ATP6V1B1	1.84843538896275
PPT1	1.84242522509317
AXL	1.84156186983997
IL11	1.84035740240255
LAMA5	1.83996605918674
MMP16	1.83843738793787
CPEB1	1.83760797315504
NHSL3	1.83304335114946
OLFM3	1.83204549472957
TMEM204	1.83203565139114
MTUS2	1.83113093801491
LTBP4	1.83098964592525
ZNF608	1.83095024719594
IFI6	1.83049993243492
SAMD14	1.83036200038276
CDYLP1	1.82838824878961
CHST13	1.82707248547194
STX1B	1.82696472369319
BEND6	1.82620679060377
GYG2P1	1.82564243214907
SGPP2	1.82296088885271
PRELP	1.82243550574466
PER3	1.82201716640595
SBK3	1.8219467791258
AGAP2	1.82153539623669
EFCAB12	1.82111259424166
FABP7	1.82087584629475
DPY19L2P2	1.82035668087664
PAK5	1.81890917260368
ARL11	1.81858058602935
ZBED3	1.8164774897899
RAD51C	1.81619603639061
LYPD1	1.8157031204145
MFNG	1.81383214486575
BEST2	1.8128458131858
NFKBIE	1.81213763666014
SBK2	1.81052041990693
JPH2	1.81046770161976
CCDC74B	1.80918709321669
GLIPR2	1.8073600433542
NR2F2	1.80649139601597
SRXN1	1.80551948779951
TNFRSF1A	1.80523847057594
SLC16A9	1.80331891517168
PNCK	1.80233538502554
BRAT1	1.80173691694723
PCDHB2	1.801544510423
FILIP1	1.80006592985782
IRX5	1.79926914241335
TGIF1	1.79784591204872
MFHAS1	1.79754783442888
PLPPR5	1.79380046201105
MEPCE	1.7934276432678
LAPTM5	1.7907999146267
MOS	1.79070479676137
ERMAP	1.79050486529558
ZNF740	1.79028305789145
KRT19	1.78943788187533
FCER2	1.78933584187442
CHRNB2	1.78915122354832
PCDHB7	1.78709064012068
TTYH3	1.78681257431874
ANKS4B	1.78623783085512
PXDC1	1.78622567747982
MOXD1	1.78354456945706
GPR162	1.78327941314639
INSYN1	1.78320812751543
RBM24	1.78143429454422
NT5DC3	1.77979285895448
CDK4	1.77975780423295
B4GALNT4	1.7789629074056
STOX1	1.77810413078744
ASCL5	1.77675390393635
TOGARAM2	1.77598536570727
LHX2	1.77595900432373
NUCB2	1.77592682837732
HTR3A	1.77434736173655
OPTN	1.77337837729535
CHRFAM7A	1.77214014044939
WDR62	1.77210421804181
SPATC1L	1.77163470593666
VIL1	1.77062542628861
SLC22A16	1.77024758247611
RIMS3	1.76941744884612
ROPN1B	1.76941262725661
PTK7	1.76813794707078
CCDC160	1.76773651737338
UPK1B	1.76730038978193
RTN1	1.76604004998994
VIPR1	1.76554693556939
CD248	1.76499686250221
OAS2	1.76449878282684
UCMA	1.76439378675069
GTF2H2	1.76153155491899
RPL29P19	1.76105994520327
KIRREL2	1.76060702182271
SPATA31A6	1.76041356130771
GDAP1L1	1.76037124660012
ORAI3	1.76009563794465
STAB1	1.75841463438686
TSPYL2	1.75805962293443
PRDM11	1.75671497786952
ODF2L	1.75599907249866
MT-ATP6	1.75590829907733
ZDHHC19	1.75542524782176
RSPH4A	1.75539188939071
VILL	1.75506798691087
PALM2AKAP2	1.75302551363426
RAD17	1.75225446658142
PHLDB1	1.75121658084908
CDH24	1.74981638841108
WWOX	1.74772258404191
MPZL2	1.74622507100271
SEZ6	1.7435173132348
MIOX	1.74289113215935
CCDC148	1.74252054413611
ELOVL3	1.74009598935218
HHIPL2	1.74002624324136
KCTD17	1.73831920142019
SULT1C2	1.73743349909021
PRCP	1.73695567903666
PTK6	1.73680866361007
FJX1	1.73617637760325
WASH9P	1.73568772700746
TLCD3A	1.73512326855023
PWWP3B	1.73486095653076
PTPRS	1.73481456817759
METTL15P1	1.7344058833601
MYO7A	1.73438591973616
CHRNG	1.73334883023038
LPIN2	1.73209255746809
ATP2B2	1.73084085664248
ATP6V0A1	1.7296674492033
ALX1	1.72851517014293
POLR2J3	1.72679518645165
FBXL9P	1.7267576804567
S100A4	1.72584844934358
GRM3	1.72553662209946
ABCA7	1.72496553325467
SEMA4C	1.72354073195672
PADI4	1.72246099577082
CYTH4	1.72206395265244
AIF1L	1.72205103216123
MAD1L1	1.72165135467556
ASMTL	1.72161080284527
TPTEP2-CSNK1E	1.72148225327012
MSLN	1.72076794393765
SLC17A7	1.71969582948548
LRRC55	1.71897895441552
CTNNA2	1.71844627914599
ENTREP3	1.71731473710675
XPNPEP2	1.71568069054876
DACH1	1.71539414438995
AVPR2	1.71499562565942
CCDC181	1.71454420102118
CAPN13	1.71431476608314
ZNF177	1.71371707084279
C16orf89	1.7115075543781
GSTK1	1.71122284429958
EDA	1.70985122980529
SLC25A18	1.70976808288317
CHKB-CPT1B	1.70935131701762
TFR2	1.70801625630237
ACAP3	1.70800296743052
FER1L5	1.70727278940816
SYT9	1.70701830555766
CYP2R1	1.70685252766187
CNTN2	1.70560550527718
ATP1B3P1	1.70478069129899
RIMS1	1.7044310186648
LRRC56	1.70430437752689
PWP2	1.70360301082641
PIGQ	1.70257567759055
CRHR2	1.70216809738905
FBXO39	1.70163200956519
KRT77	1.70150677659372
ELF3	1.70142793699367
CYP2J2	1.69695162341805
ABHD17AP4	1.69637113385838
ZMYM3	1.6958230846862
PCDHGA4	1.69446035102215
ANKRD22	1.69416399210741
NAIP	1.69364144926877
BICDL1	1.69266861013449
HKDC1	1.69185021788956
MSRB3	1.69090450301421
GCNT1	1.69042469757039
AOC1	1.69021927372229
P4HTM	1.6900681954411
C1orf94	1.68862054946929
RCSD1	1.68764701056128
MEOX1	1.68700764880935
FRAS1	1.68520527687536
USP40	1.68507280757643
SP7	1.6822448811896
PAH	1.6809892109444
LRFN4	1.68007328043038
HAPLN4	1.67689307603897
CNTNAP4	1.67472931543064
NTM	1.67456607126475
CYP2S1	1.67436499685752
NT5E	1.67346444382135
PLAUR	1.67286437742381
ARAP2	1.66777333134263
NUDT7	1.66702676680026
FTH1	1.66481797719407
TAF9B	1.66429727865825
STON1-GTF2A1L	1.66429448605491
UNC45B	1.66420538719702
ASGR2	1.66343536675132
TMEM114	1.66312696722828
MIR1915HG	1.66186000200479
FHL1	1.66078767808741
C3orf70	1.6607459865437
BMP2	1.66045034569119
GIT1	1.65882759916556
DIO1	1.65654979019788
FAM111A	1.65603733955211
DISP2	1.65549660485381
MTTP	1.65305635914586
CCDC15	1.65195789226584
ALDH16A1	1.65155201361103
SPIRE2	1.64858963211214
CXCL6	1.6485437817378
PAMR1	1.64721639163823
UNC5D	1.64671981287799
NLRP1	1.64600201013437
OPRD1	1.64589871762447
SSPOP	1.64584321157042
BMP8B	1.64548253971588
ANKRD30B	1.64530476767068
CNNM1	1.64435786638956
COL1A1	1.64356287193648
TPBGL	1.64340385132253
TAFA3	1.64312059396337
RUFY4	1.64300772646562
RHOJ	1.64277428657484
YJEFN3	1.6425388278679
GGT8P	1.64151638169563
GRIK2	1.64029881118828
MAP7D2	1.63925494041283
C3orf80	1.63866162957989
HSBP1L1	1.63864541393409
ADAMTS7P3	1.63690360848777
MRGPRF	1.63556532400018
GPR19	1.63543384729787
SYP	1.63510504186233
IL27RA	1.63253195403616
FXYD6	1.63222073011778
HTRA3	1.63162984069817
TOR4A	1.63129873839457
ZNF702P	1.62881845553504
POU2F2	1.6287614140557
DNER	1.62733702886598
KCNK10	1.6273346824012
ITGAM	1.6265620394645
CDH15	1.62599403686243
C6orf118	1.62594416237396
CFAP91	1.62544512654759
APELA	1.6253594508782
PROX2	1.62522057815118
HSD17B14	1.62453297184817
BPIFB4	1.62314101182615
ACVRL1	1.62296832833971
KLHL30	1.62292940607789
HIPK4	1.62255245895805
GPSM1	1.62085275266431
PHYHIP	1.6207255126458
PYROXD2	1.61950934428215
CCDC125	1.61945061492155
CCBE1	1.61827252280643
RPL15P11	1.6160238079327
KIAA1210	1.61552751093091
CROCCP2	1.61491650229315
CYP21A1P	1.61489991497783
EMP3	1.61409941103219
OCLNP1	1.61356948152577
CTNND2	1.61278494541391
C2orf81	1.61251892962008
PRTG	1.61234989409018
PRPH2	1.61221676290292
DDX11L2	1.61190526755459
KLHL32	1.61185197968682
TIMELESS	1.61181712812268
GPR39	1.6104602310705
THSD7A	1.6096864428829
PSTK	1.60957221252777
PHOSPHO1	1.60896886387758
NBPF4	1.60866728519435
ZNF814	1.60851267712506
HTR1A	1.60731477095534
PRSS22	1.60727772400833
PLB1	1.60691733048157
SNAI2	1.60664111061558
PXDNL	1.60638647153073
PDZK1	1.60623742990151
OTUD6A	1.60573148902204
CLN6	1.60516595339969
BCORP1	1.60498568794572
CATSPERG	1.60226164989547
SLC2A12	1.60188610623971
ZNF469	1.60181274853437
GPR173	1.60167148504812
DNAJC5G	1.60159836566074
MLF1	1.60137700334983
TMOD1	1.60017335112346
FES	1.59969856001787
FRY	1.59947507821637
KCNN3	1.59866120070198
PGR	1.598120394143
FAM86DP	1.59599982219864
ZFPM2	1.59408355130999
DNPH1	1.59347407435859
MAMLD1	1.59150338961242
SLC24A4	1.59115663602382
NECAP2	1.59107149659678
LHFPL6	1.59072909215194
C12orf57	1.59043060482676
B3GNT3	1.59040799746364
LHX6	1.58999825366516
KAT14	1.589240021573
ERICH2	1.58870245045076
OTUB2	1.58833962876698
TTC12	1.58655388851157
ACP7	1.58602222675816
POLD1	1.58592036535367
RP9P	1.58418701285887
CDH7	1.58400870755913
SPX	1.58359281178325
OLFM2	1.58352669924972
RIC3	1.58291138400604
ATG16L2	1.58232087578151
NECTIN2	1.58213907870289
DGKG	1.58172910327737
C4B	1.58061075306364
FRMD1	1.58060110070188
ASL	1.58025750525741
PCOLCE	1.57972423840629
GRIA1	1.57955806384886
GJB4	1.5795437152842
LIX1L	1.57923724267851
SCUBE1	1.57877817364893
ZNF768	1.57824122583623
KRT17P2	1.57681051444509
NUP62	1.57598656538948
PNMA3	1.575913177685
CCDC144A	1.57569964857569
PRDM15	1.57558962610449
CYP1B1	1.57443048791688
CBS	1.57423225275189
SH3BGRL3	1.57225819001191
NCKAP5L	1.57218601856651
EXOC1L	1.57156414507788
AHSP	1.5708319374322
TMCO6	1.57034774693607
STXBP6	1.56939746318663
SP110	1.56938498289665
FRRS1L	1.56872125569078
HEXD	1.56826757868001
B3GALT6	1.56789647005653
PABPC1L2B	1.56735704113926
VTCN1	1.56673767228296
ASMT	1.56655061443369
GYPE	1.56607232807726
SP6	1.56601414606867
CLCN4	1.56553321211592
ZKSCAN7	1.56532499633673
NECTIN1	1.56413742073556
POC1A	1.56215267823924
TACR3	1.56178285805486
MAP3K14	1.56151065058647
LONRF3	1.56149219857776
ZNF274	1.5614141370349
U2AF1L4	1.56091056196531
RPS20P22	1.56060842638686
RSPH1	1.55957288173568
STMND1	1.55864685624042
SERPINF2	1.55855010386352
PAOX	1.55841310938128
FLII	1.55701129434421
CIART	1.5569444177253
ANO3	1.556022829257
CA12	1.55212943019081
CXXC4	1.55189213616293
ACTN2	1.55179072914369
PDK2	1.55153780946951
MATN4	1.55145006585125
USP9X	1.55124223915356
FRG1HP	1.55026180023703
PTGER4	1.54987223336897
PBX4	1.54786707243667
PRR23D2	1.54775586998849
CDKL2	1.54745489460778
CFAP46	1.54665682629317
OLFML3	1.54618926766875
FKBP9	1.54555171249506
FBXL13	1.54499173299062
TMEM176A	1.54392214173516
TMEM8B	1.54369261382456
DRP2	1.5426526486365
ARMH4	1.54208742871137
PABPC1L	1.54068646192646
CD6	1.53984664544047
THBS1	1.53910907989891
VSTM2L	1.53830711063204
MYO7B	1.53694529077463
HOMER3	1.53653366255454
AGT	1.53601826825832
ACBD7	1.5348655883626
KLK10	1.53457626477999
SFRP1	1.53406455695723
MROH5	1.53362187498642
APLF	1.53335926842014
CHRM1	1.53229897544511
GBA1LP	1.53205804790932
AHDC1	1.53193804774715
ECRG4	1.53055320871041
TPM2	1.53052561205866
ZNF781	1.53034072089227
FHOD1	1.52989824208085
TEKT5	1.5290078301414
TNS1	1.52806532616444
IL17RC	1.52798413269189
CNTNAP3P5	1.52700142422936
ADGRB1	1.52672444039082
PLOD1	1.52642151934062
FGF22	1.52633398223899
SVIL-AS1	1.52614938189487
LETMD1	1.52587044355837
PNMA6F	1.52562545984716
PLPP7	1.52529740276302
STK36	1.52521466933718
SLC51A	1.5252076911275
MEGF11	1.52460808408242
CSDC2	1.52400324750095
CCDC74A	1.52365643218084
SEMA4F	1.52353749894552
DNM1P51	1.52198439644181
MYH6	1.52168994933426
CSGALNACT1	1.52087920914625
ARHGAP11B	1.52050284718312
NBEAP1	1.52008776349209
OSMR	1.51924281124574
ZNF232	1.51872359039252
ARHGEF35	1.51830818038032
CCDC185	1.51827801690802
IGFBP5	1.5151840507452
BTBD2	1.51375755504205
RARG	1.51157100119145
ZNF287	1.51155097051346
KIAA1755	1.51015783235494
TMT1B	1.50963797115554
GALR3	1.5092912859424
SPATA31A1	1.50754463012194
MFSD12	1.50616509196266
CHRDL2	1.50590155056354
CELSR3	1.5052885650478
ZHX1	1.50510712496196
DTX1	1.50467995314362
ST3GAL3	1.5042655706537
TOP3B	1.50398295428302
TRPM3	1.50353397984645
NOTCH3	1.50190577272998
EPHB6	1.50095852963408
GLYATL1	1.5001414734652
MDH1	1.49992739840638
CHGB	1.49973917266711
PDE3B	1.49959139375908
BMI1	1.49909181375672
FRMPD1	1.49687615160615
FGF23	1.49681740609121
TEK	1.49672465116417
RFLNA	1.49629492272912
GRINA	1.49604051726512
FBXO10	1.49600795900636
TTC28	1.49563317441745
FCGBP	1.49546562299412
SALL4	1.49499927635337
MYL3	1.49494669977229
ALOX12P2	1.49429127306238
ZMYND8	1.49410314567526
STEAP3	1.48972742866779
COLEC12	1.48942396522257
PIP5KL1	1.48916349762816
IGFBP3	1.48784584413948
PAM	1.48777038348286
BASP1	1.48732990563945
S100A16	1.48694929719304
CXCR2	1.48663456522435
HDDC2	1.48641276700309
FNDC11	1.4856479758752
JAKMIP3	1.48499917320412
C16orf96	1.48313356029415
SLC2A10	1.48311048276725
PCDH17	1.48306460739811
AOX1	1.48285222752525
MOB3C	1.48273847160908
LSP1P4	1.48237615638872
ITGB8	1.48219564758638
CYBA	1.48122058056073
IRF3	1.47944832114649
LRP1	1.47827942476425
RGS2	1.47805635099965
NUDT19	1.47596141989032
CD3D	1.47593299586462
FEZF1	1.47583062203906
PDE4A	1.47510042674761
SLC16A1	1.47487562068825
EFHB	1.47323621340338
SLC37A2	1.47298245646753
IL17RB	1.47171296334768
NPL	1.47044727655749
WDR19	1.46891426931397
TNFRSF11A	1.4668765062743
ZNF579	1.46643159500621
ZNF385B	1.46527108770774
KREMEN2	1.46480891870503
FOXE3	1.46477357262192
CPA4	1.46392490458413
SLC12A3	1.46149658379804
HYAL2	1.46040805274441
SESN3	1.4600356685848
GAS2L2	1.45931760769565
IRAK1	1.4591071821582
PRDM6	1.45827187990723
CHDH	1.45733513231711
ELK1	1.45629786894473
LRRC25	1.45579428104763
MATN3	1.45403426832537
FAM234A	1.45393581110794
DYDC1	1.45337837769823
CIC	1.45291852838597
SNTA1	1.45055909492232
CPS1	1.45047096389388
LRRC37A17P	1.45029704417256
FKBP10	1.44975867748852
PLA2G4C	1.44784307420165
SHISAL1	1.4473404800764
TMEM179	1.44671163660263
KCNK5	1.44643732931147
KCNE4	1.4446762591241
F13A1	1.44444399686325
ZNF428	1.44328050500535
GPX4	1.44318106479457
ALOX12	1.44293184126553
GAL3ST2	1.44269212645405
KIF7	1.4422952414095
ANXA4	1.44224891765695
TNFRSF4	1.44206539991835
LGALSL	1.44148483049371
GPR139	1.44060477234432
GGN	1.44052126615283
PAPPA	1.44018900906451
FIZ1	1.43998380545045
CCL22	1.43967389526542
TSC22D1	1.43728510182563
CARD14	1.43704849920491
TSPAN17	1.43633710067459
RUNX2	1.43532713708065
PRR33	1.43501836425919
PCDHGB1	1.43427926454272
SCN7A	1.43375263005294
CEP164	1.43363272210278
DLX6	1.43335480382271
HLCS	1.43264667572747
ADCYAP1R1	1.43248848122613
PTGDR	1.43170761358064
SEC14L2	1.43049836033745
CTDSP1	1.43024549164444
GABRA2	1.42899001997857
GDF11	1.42819095258053
KANK1	1.4281045012344
NMUR1	1.42806865352287
PIANP	1.42749947006905
ADGRL2	1.42736326123868
CLIC3	1.42735217004606
TMEM216	1.42734326270577
GSG1L	1.42702934187306
CPM	1.42587492672848
PCDHGC5	1.4256000998108
MARVELD2	1.42535016710115
TMEM92	1.4241496647466
ITGA4	1.42382747192052
ZC3H18	1.42351689765252
C14orf132	1.42308283609072
TTBK1	1.42099792837834
KCNJ6	1.42081041401934
ZNF843	1.42035840036866
SH3PXD2B	1.4200257864555
TPP1	1.41903175250356
MKRN7P	1.41868796450118
MTATP6P1	1.41859694081107
PRSS3	1.41774044353359
HPSE	1.41737814057597
FADS3	1.41722770870554
DOCK3	1.41714545218474
DKK3	1.41615347707637
SLC38A4	1.41526003240091
ZAP70	1.41358816224954
DCAF12L2	1.41313278619493
GNA15	1.41238949417861
ZNF217	1.41208074112528
NPY4R2	1.41175484105277
ALAD	1.41160742308744
ANKRD13B	1.41135992169932
PLA2G4A	1.41043040831075
CIST1	1.41006883593801
TREM2	1.41000179348051
TGM2	1.40957468113492
ITPRIPL1	1.40902201810953
CDK15	1.40761892280376
FCGR3A	1.40748470395172
NOS2	1.40689811434404
NEBL	1.40667694946462
ZFP64	1.40644189191609
CEP68	1.40534342045836
C2	1.40527458699097
CYP2A7	1.40461999271146
NR6A1	1.40395280164292
C2orf74	1.40329882428142
CELSR2	1.40236957345871
NTSR1	1.40187316554286
APBB3	1.40157984945792
EHBP1	1.40082950985802
PTGIR	1.40045903568122
WFIKKN1	1.40038613913714
H2BC20P	1.39994475093861
NIBAN3	1.39944518356009
A1BG	1.39898163548954
CIROP	1.39890574278332
ALDH1A2	1.39838325576043
GTF2IP8	1.39815536844992
UPK3B	1.39787214068115
PROKR2	1.39721809409707
SYTL1	1.39705023463616
EREG	1.39700083439979
SEMA3F	1.39618976946848
ZNF56P	1.39488892823331
PIP5K1C	1.39372306907612
SDSL	1.39337766448024
HEXIM1	1.3923051212224
GLIS1	1.39198081862823
PDCD6IPP2	1.39098648711202
MAP7D3	1.39088315826267
GOLGA8N	1.39059265766634
PRR14L	1.39009630891632
MTA2	1.39006208624817
USP44	1.38974763280266
GNGT2	1.38942047720063
MOB3A	1.38909740231886
ILDR2	1.38890093818335
SLC35E4	1.38882422582111
MPP2	1.38878315729622
FLYWCH2	1.38873401069473
SLC5A5	1.38815553311406
RASL12	1.38803700705699
CORO1A	1.38751177029815
TMEM250	1.38743142948026
SOX1	1.38668462594984
TRPV6	1.38659371048792
LIME1	1.38652048010729
ZNF644	1.38627508045122
SMIM24	1.38542924888445
FUT5	1.38385149347924
PDE2A	1.38361086497541
SYNGR4	1.3832247250319
TMEM198B	1.38296115935522
ROPN1	1.38249328049623
RAB3IL1	1.38229549867647
CIBAR2	1.38205826684895
ADRB2	1.3814644376183
SHFL	1.38108087714185
PLD3	1.3803728595086
UGT1A7	1.37993428136242
MYEOV	1.37924709860356
DMRT2	1.37879793071719
GOLGA2P5	1.37800310208882
KLRG1	1.37784051775426
COL4A6	1.37770559831243
CDH10	1.37662632540963
TMEM184A	1.3755526536205
PLCE1	1.37473574121517
ZNF689	1.37463273428127
IL2RB	1.37459512522709
TSPAN19	1.37435162651873
IMPA1P1	1.37399097173219
XXYLT1	1.37371966250848
TRIM50	1.37366817341353
LRRC27	1.37329429789888
LRFN2	1.37319879170936
AMPH	1.37283108832012
HADH	1.3722011316337
POLR2A	1.37218326681687
SLC7A8	1.3720900088001
PRR16	1.37057870334825
METTL1	1.3698149634702
PAGR1	1.36919353494399
LTF	1.36868636402927
RRAD	1.36863862154941
LPAR4	1.36793427785854
MAP7D1	1.36775075021957
ATP6AP1L	1.36720772533936
SALL2	1.36676715105523
ALPK3	1.3664138170164
ADCY7	1.36621499986244
PYGM	1.36574174228627
FAM178B	1.36549063474244
LTB4R	1.36525251956361
ITGB3	1.36518632126142
PRICKLE1	1.36489086408126
GABRA4	1.36487908386563
TMEM86A	1.36377327723761
USH1C	1.36321796296031
EFS	1.36306048864203
STAT1	1.3618631720413
IRAK3	1.36128217753493
TENM2	1.36082418887055
ZDHHC11	1.3602399150132
FCRL5	1.36001023039654
RNFT2	1.35977128651308
AIRE	1.35961130476172
STXBP1	1.35948734272394
GIPC3	1.35751757547247
GCK	1.35682644996739
STYXL2	1.35651906658877
ALDH2	1.35644151079154
KMT5AP2	1.35620678808229
ABCG5	1.35562589378009
FAAP20	1.35475619144109
STPG4	1.35310285611214
RABEP1	1.35287397468727
COL1A2	1.3527200386577
THNSL1	1.35171769433064
SMOC2	1.35105235042745
EPHA6	1.35054905266086
CADM1	1.35034163570049
MYL4	1.35022216992558
BRINP1	1.35012277651866
ZBTB47	1.35012230041366
ZNF703	1.34936352056406
PLIN3	1.34808039479144
YAF2	1.3480579095772
MAGED4B	1.34782843632265
IFT81	1.34744087099295
IFT46	1.34742036219559
GCKR	1.34714081055581
BBS5	1.34655051218425
BTN3A1	1.34620524616129
IQCF1	1.34418010282273
CTSD	1.34404070230719
TMEM144	1.34381145567346
NOX5	1.34278329763399
DPYD	1.34213491763032
TLCD5	1.34170234084416
NUTM2A	1.34151126972564
ADM2	1.34136692479325
GH1	1.3409470382404
TTC39A	1.34093855023917
RPL7AP19	1.34071546558888
STAMBPL1	1.34026929797535
FMO4	1.33935334583888
TRIM32	1.3389136240673
TMEM44	1.33848751285707
SYT7	1.33823470999902
NOL4	1.33819890405684
TGM3	1.33818605802903
DENND2C	1.3375634581663
NMRK2	1.33687993111811
NT5C3B	1.33627879613815
SLC25A45	1.33625866479324
EPB41	1.33535256141643
FUT9	1.33504586182771
FECH	1.33496445731391
ADAMTSL5	1.33473714345
SGIP1	1.33459347776538
TIGD2	1.33445977545763
RSPH14	1.3334145795017
CD24	1.33340763486575
ACTL8	1.33334817158737
KCNN2	1.33265154684589
SLC6A11	1.33144653634552
AMDHD2	1.33121785534746
ZNF865	1.33104258583694
NBPF1	1.33014243449646
SRRM3	1.33010816687864
CAT	1.32981611149209
CHTF18	1.32950383123144
MROH1	1.3292227720427
SHISA6	1.32909143461489
PCDH1	1.3280041574811
CCN3	1.3279843717514
LPAL2	1.32776774641023
FAM131B	1.32775710099423
CLCN3P1	1.32768720399357
KCTD14	1.32736967529253
SLC34A2	1.32623971719762
LAMB3	1.32574428932745
MORN5	1.32542974082685
GALNT18	1.32483305901351
CES3	1.32459344108711
KIF12	1.32453219993791
NSFP1	1.32385568184778
MAG	1.32265665062574
DZIP1	1.32205174300995
MCOLN3	1.32052928130482
SLCO3A1	1.32051855256406
TRPC3	1.32049574064623
FAM151A	1.31965669305902
MFSD2A	1.31776240425266
KRBA1	1.31724837864792
ITGA5	1.31662146109332
SLC22A5	1.31614447184334
PSAP	1.31466727654799
TMTC2	1.31440582343559
NMNAT2	1.31409218665687
TLCD3B	1.31369004182039
PLTP	1.31305190979571
GOLGA8H	1.31298909312361
SLC25A34	1.31298030958669
FGD1	1.31261231255782
CBARP	1.31246164437168
CCR12P	1.31225746755591
CACNG8	1.31197055583097
NIBAN1	1.31131344710574
F7	1.31065004301322
ZBTB7B	1.3103927143917
ZCCHC3	1.31010969978562
CYP27B1	1.30797386212731
FCGR2C	1.30783120158346
POU3F1	1.30676308494565
C22orf15	1.30643039030487
ABCA1	1.3048597588729
PRR29	1.30472926689154
PTK2B	1.30427387047123
SH3GLB2	1.30400321794616
FTCD	1.30373956845765
PECAM1	1.3026699636868
PKP1	1.30231379287263
C19orf38	1.30161957735197
ZBTB24	1.30042976969662
BEX1	1.30018663029316
ADGRD2	1.29936301010151
TEX15	1.2992718175637
MOGAT1	1.29874346989354
CD276	1.29827310183043
CELF5	1.297219575417
SYCP2	1.29705841972022
RCAN2	1.29647639923327
TMPRSS6	1.29638567402187
CSF2RB	1.29478934167432
SPATA33	1.29382801781878
KCNF1	1.29344726306647
CD300LG	1.29312522926902
COLGALT1	1.29235132582347
CYTH2	1.29231296210566
ZNF346	1.29212300036975
CYP2A13	1.29160892759182
ERI3	1.28914158433014
SYCP1	1.28850581641135
SNX29P2	1.28799009677759
CLCNKA	1.28738437972108
GGA2	1.28626334157371
WFDC1	1.28606137409142
ALDH1B1	1.28585301534377
UBQLN4	1.28582274777398
TMEM259	1.28477155859552
P2RX3	1.2847556704709
B3GAT2	1.28398169074592
CFAP300	1.28354592032895
BIRC7	1.28317328807558
KCND1	1.28267909513398
MCIDAS	1.28124213730812
CLEC18C	1.28114774836121
LRRC8D	1.28103031268201
CCK	1.28069150667601
BDKRB1	1.28048575538198
ELAC1	1.27999571243956
IGFBPL1	1.27909389207815
ADCY4	1.27874797056233
ABHD4	1.27869254839308
TFRC	1.27830739244634
WNT8A	1.27815959500147
SPAG6	1.27807615453424
GLIS3	1.27753385097822
PYCARD	1.27715765486708
DPYS	1.27622298495108
FAM50A	1.27580893864323
NPEPL1	1.27445516068137
TNN	1.2740793548713
SETD9	1.27394787663721
CACNA2D2	1.27389194371191
ZAN	1.27315219263436
RAB11FIP5	1.27277746712116
HVCN1	1.27182484560216
NPY1R	1.27138081282561
CSTA	1.27114344471789
SMTNL1	1.27111772077461
NCCRP1	1.27017978346449
CDK3	1.26997476348261
CCDC28A-AS1	1.26961743393999
RD3	1.26959556515309
FTL	1.26940631772657
PCDHGB2	1.26929166813189
FAS	1.26780071893121
FZD7	1.26738381551513
ARHGAP30	1.26733195305796
CNKSR1	1.26703341677976
NCR3LG1	1.26687932550237
EIF5AP3	1.26577101353858
CACNA1S	1.26512129979659
ITGA6	1.26510468246132
LRATD1	1.26504375291592
PCK1	1.26502450164776
NLRC5	1.26233753799797
NME3	1.26207953373569
ZHX2	1.26116433701563
POTEI	1.26089886156402
C11orf96	1.25963888213277
REEP2	1.25942998397238
SH3BP2	1.25935255673842
ATP8A2	1.25933726015676
CARNS1	1.25884130630013
NFATC4	1.25814917789842
ZDHHC4	1.25789166004071
CPQ	1.25763564560763
MYO15A	1.25700709800692
CYP2D8P	1.25673326363377
MXRA8	1.25647294673403
LMAN2L	1.2550407543395
CD79B	1.25455713153889
LDLRAD2	1.25373872511514
CPNE6	1.25334449743743
DNAH5	1.25298925444227
RND2	1.25265439360578
GJB1	1.25063448240709
GPR62	1.25051385017914
LIPE	1.24922290665171
SLC18A2	1.24921729063658
HEXA	1.24810122730428
KYAT3	1.2480277816391
DBP	1.24703040641521
PLXNA1	1.24702700306334
NKX2-4	1.24649634503325
FTH1P7	1.24628339167067
CYP2A6	1.24609312839922
GRAP	1.2456293558569
P2RY8	1.24555999608355
NPC1L1	1.24550512960854
AHSG	1.2454882391434
MIB2	1.24459061868202
GCOM1	1.24446817018182
EN1	1.24432766704197
BAZ2A	1.24417347178775
GMEB2	1.24395141527831
RBFOX3	1.24387597695187
GJD3	1.24368038230785
MST1P2	1.24285104804305
APOA2	1.24234920664214
LMTK3	1.2422801588292
POFUT2	1.24165320352391
HS6ST1	1.24118126735595
NISCH	1.2409265588533
SPRR2F	1.24082528272866
ULK4P1	1.24066458443139
CSPG4P11	1.24046362828523
TEF	1.24045835254334
PASD1	1.23999804264188
RELL2	1.23902881912883
ZNF316	1.23804654621446
SLC32A1	1.23742394516527
ITPR1	1.23736639215023
SPDYE2	1.23681935699651
HSPB8	1.2363335406781
CCDC106	1.23628204099379
THUMPD3	1.23625669283645
SKAP1	1.23513732128937
GSG1	1.23511072052749
TCF20	1.23495271313126
GUSBP14	1.23479932516328
AIF1	1.23448225833565
CD63	1.23408539290877
GTF2H2B	1.23406425898223
SH2B2	1.23399176453292
FAM86B3P	1.23345441996675
PTPRE	1.2330528490663
CLXN	1.23297250809419
CDHR1	1.23161921291737
FTLP13	1.23009036256704
PODXL2	1.23003795022506
PMS2P2	1.22987159574777
ASGR1	1.22979596339281
ZNF544	1.22805457444354
SORD2P	1.22769113619532
RAB6C-AS1	1.22731590762211
DLGAP2	1.22731374939706
GPA33	1.22706379999106
G6PC3	1.22705053308787
OBSCN	1.22699778412119
GRN	1.22655981866087
ZBTB22	1.22613200697151
NCAN	1.22541043253808
KCNC1	1.22527716221286
TTC3P1	1.2251604394114
CHRND	1.22424905967976
GFAP	1.22420169771711
UCP2	1.22409640957747
KLHDC8B	1.22381213990211
TLCD2	1.22350675082445
HNF1B	1.22325664414895
FAM21EP	1.22322782620223
RRN3P1	1.22291204520981
POLN	1.2226481972054
SLF2	1.22214575906733
SPTLC3	1.22209756200523
RNF126P1	1.22159548700168
ZFAND5	1.22094991737082
FGFR4	1.22006578007653
WIF1	1.21969874320132
MAST1	1.21966629297942
PKP4	1.21952607418917
NANP	1.21918453242476
MEAK7	1.21852133174462
IRS1	1.21843851937033
GJB5	1.21836960215204
ARMCX6	1.21781933494308
GALNT11	1.21774836947067
LRRC7	1.21768715312683
SPATA32	1.21760418644507
WDR48	1.21671872396549
KL	1.21669653100228
DMRTA1	1.21628814286064
PSEN1	1.21381924998496
CLK1	1.21359132680136
MAOA	1.21320695623463
PF4V1	1.21302694031612
ZNF628	1.21239559144475
SPATA12	1.21226330684765
RWDD2B	1.21149000844391
MMP19	1.21143998320874
HTR1E	1.21086752145704
ZGLP1	1.20946683149537
SPHK1	1.20889796434482
CCDC178	1.20886408970396
ZC3H12B	1.20823494307144
TXNRD2	1.20818945736922
TK2	1.20747262385831
SLC12A7	1.20736858388207
RTL5	1.20686563881558
PHLDA1	1.20655286461703
TMEM119	1.20625273172294
PTGER2	1.20610304874059
ADGRF3	1.20572282178712
LMF2	1.2054912689921
NR1H3	1.20493932560474
AQP7	1.20486292718652
MFSD5	1.20437985744018
CD22	1.20389361876769
LRRC46	1.20381581456935
QTRT1	1.20348934860411
PKNOX2	1.20337216228871
KLF2P3	1.20331543931368
DES	1.20288294055385
SHC4	1.20273577341561
LGALS9C	1.20195008826138
PDZK1P1	1.20180957870139
SV2B	1.20167333121309
ARC	1.20146170377989
CFAP206	1.20090033981192
TMC7	1.20059869466088
FAM218A	1.20043871497039
SPECC1L-ADORA2A	1.19951355643374
ALDH3B1	1.19903495999612
VSIG10L	1.19889947251411
PPP1R26P1	1.19883338688114
SUOX	1.19873326609049
PLCXD2	1.19833862106769
KIAA1614	1.1980984887236
EFCAB2	1.19763063261124
CNTNAP5	1.1972134893719
SEMA3B	1.19702690742769
PABPC1L2A	1.19683924380354
FKBP9P1	1.196307540514
CRACDL	1.19602058843845
NME4	1.19567829706817
NOD2	1.19545466280212
PIP4P2	1.19500141507195
CATIP	1.19480846223307
TAMALIN	1.1946139786976
NIPAL2	1.19457749937735
TRBV26OR9-2	1.19405650153147
APLN	1.19378073512969
COMMD3	1.19181631140061
PDCD1	1.19085847040809
TRO	1.19069996031455
SLC36A4	1.18843604487899
VWA5B1	1.18841137644473
NLRX1	1.1882969202014
CUTALP	1.1880205959397
HSF2	1.18769030990154
SYT17	1.18762614861757
CSF2RA	1.18719080296451
SORD	1.18698071185768
LCN10	1.18655961228079
PRKN	1.18653986335094
SARM1	1.18591254914531
DCHS2	1.18526157562178
AMPD3	1.18500007347936
PKD1P5	1.18492530127803
SLC38A7	1.18441205408416
HPD	1.18407880696201
RNF135	1.183797896694
GPR135	1.18352005740854
ADAM23	1.1817065107339
STAG3L1	1.18012187878332
MOGS	1.17973586615634
DYNLL2	1.17949633979508
ABCC3	1.17883901512017
DRD4	1.17863441222766
ZNF385D	1.17807831850771
SSBP2	1.17583044385579
SAMD12	1.1756984696655
PAX4	1.17545787854609
XYLT2	1.17544992996576
TWIST1	1.17407231516655
JUNB	1.17382375790075
TMEM132A	1.17328574304725
TOP6BL	1.1717130445233
KCNK15	1.17039756222602
NDST3	1.17013445051305
PLAC9P1	1.16995191972058
PBX2P1	1.16991661838273
NBEAP2	1.16887670761165
DSC3	1.16886470034675
SPTBN5	1.168657497317
MZF1	1.16818133837618
CXCL17	1.16793929796303
EFEMP2	1.16772452213506
FAM241A	1.16746869709467
SLC17A8	1.16712158649386
CD70	1.16666974539106
SLC26A11	1.16660233734311
CLSTN3	1.16649483261697
PDE6B	1.16645080506624
ROR1	1.16601507919044
CENPVL3	1.16576138307548
RORC	1.16548788636375
TNKS1BP1	1.16437836538282
PRDM13	1.16401274183944
ENTPD4	1.16384122005539
GPR84	1.16341404000053
IRF8	1.1630748338411
TMEM272	1.16241404704695
RPL23AP97	1.16112282223223
TRIM38	1.16072131493888
GPRIN2	1.1602235518222
SLA2	1.1599367486746
HCN4	1.15980743891822
PLCG2	1.15978192760336
LMNTD2	1.1597783486066
GSTT2	1.15967444304815
GSTM2	1.15937173620694
ALX4	1.15894029247415
ZP3	1.15868238025865
MT-ND4	1.15804636660449
CCDC39	1.15597902285945
RNF128	1.15505725574519
CBX3P2	1.15500323232559
SLC19A1	1.15467997539591
APOL6	1.15439951410405
FAM246C	1.15340136467966
PLA2G7	1.15335528226116
RGPD8	1.1532118679842
FAM217B	1.15305800564395
ALG10B	1.15232816953035
CES1	1.15198492418993
ANKRD18A	1.15196353344266
STRN4	1.15100558477526
ENPP7P5	1.15039803392898
BEND3	1.15031357868395
IZUMO4	1.14992780520166
GPR146	1.14965304569521
SYBU	1.14933580689741
TMEM218	1.14926312226896
ANKRD36C	1.14847525326806
RPL23AP49	1.1484674698728
NEUROG2	1.14762431506668
C5AR2	1.14711880162818
DPP10	1.14663420740673
DENND1C	1.14651421942101
NANOS1	1.14574650568374
NPRL3	1.14562739633953
ABCB6	1.14554437134445
WASHC1	1.14532156040081
CHRNA9	1.14480148993821
GCNT2P1	1.14415136788836
TSPAN33	1.14355220418001
CTSZ	1.14284799416723
TOR2A	1.14243929761545
IMPA1	1.14195888514961
LEMD2	1.14189065694645
LY6G6C	1.14112868317707
CDC42EP4	1.14094225830719
MIA2	1.1409203781447
HEPHL1	1.14068938445937
RPS15AP36	1.14044875615839
PCDHB9	1.14009909697961
CD82	1.13996965638447
CD27	1.13934797883502
NTF4	1.13921803786192
BTAF1	1.13739827794319
PARD6G	1.13676668650143
PLA2G4F	1.13631225030994
DNM1P46	1.13589298022601
IGSF10	1.13574647600103
TMC1	1.13560731350358
PODXL	1.13504815531632
EBF4	1.1346332543293
LIMK1	1.13442932454981
LMOD2	1.13435248841864
DTNBP1	1.13370966887673
NBPF19	1.13288899986573
TMX4	1.13187267419929
GPR156	1.13153094039588
ZNF467	1.130958712204
CTSF	1.13064919199628
ZNF786	1.13002767829787
FGF7P6	1.12973300424835
ARHGAP45	1.12959432315528
FAM86EP	1.12943125201595
OR7E29P	1.12898696917438
CHMP1A	1.12895624699993
NXPH3	1.12885473103184
AGBL2	1.12764025552017
ENGASE	1.12681145758184
PDLIM3	1.12649045785304
CYP46A1	1.12584885959036
CT62	1.12491888820354
IRF2BP1	1.12456276906729
ALCAM	1.12383351103111
ZCCHC24	1.12381344070747
PALLD	1.12365449209733
MADCAM1	1.12363215943386
ME3	1.12349842865847
MT-CO3	1.12312776290287
PRDM7	1.12286606209741
HNF4A	1.12258774983157
ALG12	1.12228567539297
POM121L9P	1.12227088097544
XKR7	1.12222706612304
ZNF804A	1.12207498152292
TMPRSS9	1.1220665276837
KLRG2	1.12152546951965
MYADML2	1.12088812777602
LRIG3	1.12057166663732
CLDN10	1.12019357468091
TMEM35B	1.11959381057147
BTBD3	1.11902047774056
AK1	1.11859306339606
SLC29A2	1.11731174732405
ARL17A	1.11672363486258
PRKRIP1	1.11636852787292
LGR6	1.11574965804472
CROCC	1.11560889498873
TMEM120A	1.11536535333274
STXBP5L	1.11501815824058
TMIGD3	1.11498040470119
CCNO	1.11480286965759
OTX1	1.11451515180783
GUSBP11	1.11423831931894
ICAM1	1.11406795429433
SERTAD1	1.11406123049568
ANK2	1.11263377183909
PTGES3L	1.11233640251254
SDR39U1	1.11159052713299
NIBAN2	1.1115385797781
AARD	1.11092856588024
TMSB15A	1.11038337451453
SHE	1.11028502173957
SLC45A1	1.11024065490399
ADORA1	1.10988482150772
FRMD8	1.10924890226856
FMNL1	1.1090342158378
CEBPE	1.10870210778365
KRT72	1.10791677181829
RPS6KA4	1.10766415127972
ACCS	1.10703831786993
PTPN23	1.10682602761804
LINC02898	1.10624671159815
CCN2	1.10569282267856
PTPRH	1.10569174961681
MAT2A	1.10511992788644
BLNK	1.10459905111912
ZER1	1.10404100103256
PCYOX1L	1.10382739255887
LIPG	1.10375239432393
SPATA31A7	1.10364031723915
GBA1	1.10250618709114
CFAP68	1.10123341513557
PEPD	1.10119670501056
SORCS1	1.10040770260639
GLYR1P1	1.1001324021663
AFF2	1.10003701481109
CTSC	1.09983797673024
CEP83	1.09959135082872
GNPDA1	1.09946154349964
KCNK17	1.0991095709623
PLA2G2A	1.09845169982552
ZFHX4	1.09775127175422
NUTM2B	1.09773109664474
MYOZ3	1.09767145579148
CRIPTOP7	1.09749758499912
REM2	1.09698364906581
APOL2	1.0969442071839
ZFP90	1.09693272347624
MAGEA9B	1.0962458311522
SPIN3	1.09448257935669
SLFN13	1.09437395037922
CXADRP3	1.09433199577583
ST6GALNAC3	1.09418600365768
PA2G4P1	1.09352348261746
LRG1	1.09297339059223
FAM193A	1.09283975921074
SPTSSB	1.09256234828486
KBTBD12	1.0924213969787
TMEM74B	1.09154147930985
TBL2	1.09146938790259
HLF	1.09094808950669
ORM1	1.09020815191406
MAF	1.08994060811587
MBNL3	1.08974963754607
IFFO1	1.08963733514002
PLXND1	1.08944543209508
KCNA5	1.08894820301626
FAM171A2	1.08892095611948
TFDP2	1.08885437248808
MAPRE2	1.08855224463522
DNALI1	1.08837910926015
CRYAA	1.08723144174752
PANX1	1.08719516183253
SLC35B2	1.08592799265499
CCNP	1.08592414960254
SPATA31B2P	1.08567523284076
FZD2	1.08458091577172
TAB1	1.08407483058518
B4GALNT1	1.08310995808796
MATCAP2	1.08294455195013
KLHL40	1.08242607423774
C11orf86	1.08227434986609
SLC13A3	1.08221187517405
SPEF1	1.08180741522093
USP49	1.0816140546446
LRRC42	1.08133816333924
RTBDN	1.08116860036161
CACNA1D	1.0809234436966
SRC	1.08037000134137
LARGE2	1.08036638675898
FAM53C	1.08007422853349
C1orf53	1.07973953550404
L3MBTL2	1.07960032324078
ACE2	1.07953167103256
SOWAHA	1.07944775577933
USE1	1.07924488204084
VSIR	1.07868101442364
C6orf141	1.07854420794418
ADAMTS17	1.07758866603711
PCGF3	1.07757983955079
SPAG1	1.0770636441456
GNB3	1.07630758362407
TM4SF18	1.07603265177916
OCSTAMP	1.07599661281554
COX8C	1.07529417428352
SYDE1	1.07507181734124
SLC43A3	1.07506205730813
SP5	1.07408694926809
MTA1	1.07399325566849
ZNF19	1.07341540041001
PCDHB16	1.0731781062645
IGSF22	1.07314893762501
GATA6	1.07288238227959
HERC3	1.07277495111479
APBA2	1.07258282782346
STAG3L4	1.07255828276088
SELENOM	1.07246835030414
C1orf116	1.07231614631548
APOC1	1.07207530622626
MAPK8IP1	1.07124468685699
DERA	1.07112452926928
TIFA	1.07100163180868
DTX3	1.07087532414549
ASTN1	1.07072138922318
HLA-DOB	1.06952029092728
GPR199P	1.06901281321788
STK38	1.06872025274888
TCHP	1.06784924247856
OR2T33	1.06769315426463
TMC6	1.06768925259277
PGBD2	1.06768309000742
DPEP3	1.06766780895609
CNTN4	1.06724119640145
ADAMTS12	1.06715461081258
ACADSB	1.0671059634264
WHAMMP3	1.06681975173164
JRK	1.06646730584234
PDLIM4	1.06635686990067
PHYHD1	1.06622255621882
PRRT2	1.06619485822015
CTAG1B	1.06603406767155
RAB29	1.06592614548221
LPAR5	1.06572842725923
ZFP36L1	1.06493524416803
GOLGA8IP	1.06487547075597
CALCB	1.06386524006713
HPN	1.0635595349172
IL10RA	1.06339936210975
RFPL3	1.06316047704687
PHETA2	1.06252681956115
DZIP1L	1.0623825895047
CAD	1.06228879116417
CTSLP2	1.06218439459726
LAD1	1.06166736449617
SLC22A4	1.0613688197434
SMG1P1	1.06111316675161
POMGNT2	1.06067976205376
TTC22	1.06056280944702
GARIN1B	1.0604036342665
PPP1R3F	1.06032327390256
FFAR3	1.06016526677205
HS3ST2	1.05974906183176
DTX4	1.05948213074756
ARHGEF9	1.0590974106682
IL20RA	1.05878170527887
NKAIN1	1.05868024130521
PON2	1.05567132972339
HYDIN	1.05539063115581
KCNMB1	1.05535244158255
PHB1P13	1.05528959471226
COL7A1	1.05463462656751
CAMK1G	1.05385637063799
UNC13A	1.05381292078226
DHDH	1.05310415140965
ADRB3	1.05269016300502
CYP2D6	1.05191289556816
COL2A1	1.0517449958514
HGF	1.05131187915872
HPS1	1.04971912300611
ZMIZ2	1.0495759136309
PRAP1	1.04893816202995
FAM184B	1.04860216025698
TDRD10	1.04851631013689
TRIM24	1.04847377078009
HNRNPH3	1.04763039754075
EXTL1	1.04700198525668
NUMB	1.04665247559044
DVL2	1.04640307102317
SRL	1.04625540397823
SPDYE21	1.04588697131509
VGLL3	1.04582396801889
OGG1	1.04553196872116
KEAP1	1.04548769579372
ANKRD20A4P	1.04538881865074
NECAB2	1.04529169398603
NWD1	1.04472229607537
LRRN1	1.04463671373618
CRYBB1	1.04450448038808
TAS1R2	1.04362078398751
TFIP11	1.04349063897548
TBX6	1.04331669135411
MOK	1.0425683841156
PTGER3	1.04245515818046
GAPDHS	1.04188262447929
SLC49A3	1.04184971780229
RPS10-NUDT3	1.04128069302196
KRT10-AS1	1.04036949129206
CACNB1	1.04000008810286
BNIP5	1.03999303902041
ETV2	1.03941400304144
IQCM	1.03937631292786
SLC7A3	1.03704475331755
GOLGA7B	1.03653727919117
GMDS	1.03615010887845
FAM184A	1.03577131349622
ATP6AP1	1.03562883925457
TUBA4A	1.03500699856527
CDRT4	1.03476624804396
PRKACA	1.03454470480509
BCAR1	1.03421340490603
SLC39A5	1.03393174351678
NPY5R	1.03362276688461
ARHGEF17	1.0333240536896
ARMCX2	1.03199780089392
OLFM1	1.03189270124157
FUT6	1.03080149368312
PPP1R9B	1.0302146927965
PLEKHG2	1.02984788594076
LTB4R2	1.02927559285061
PPP1R3C	1.02916851971427
TNNI3	1.02905307459554
CLPB	1.0288066880916
TRIB3	1.0287514059441
TBX5	1.02869791091197
GTF2IP7	1.02861142089091
PA2G4P5	1.02860755724784
KLHL25	1.02844511697418
IL7	1.02822356556853
ARHGEF33	1.02774478569766
AKR1E2	1.02736748375646
GGT7	1.02706663253951
TMEM106B	1.02638373446593
NOTO	1.02633522107874
SLC12A2	1.02580224520587
LHB	1.02536772154938
DNAAF3	1.02536611671463
KIAA1671	1.02531299899094
RPL23AP82	1.02530134311947
MYL7	1.02517252368342
PELI3	1.02436833606375
FAM167A	1.02425971594254
TFG	1.02386892821002
TBC1D3P1	1.02385300151016
HAS1	1.02382679299757
ZNF423	1.0235758748024
CHRD	1.02347839854781
ARHGAP36	1.02318985364881
NINJ1	1.02316260439668
LATS2	1.02253572204569
HNRNPLP2	1.02229981694091
JAML	1.02189660751184
TEN1	1.02131922281834
SLC22A20P	1.02130480126914
ZMYND10	1.02065639588499
PREX1	1.02060543994565
NFE2	1.02047630499027
SPATA31H1	1.02036702562948
ENPP6	1.01957647677291
ADGRL1	1.01886783134168
GAS1	1.01849637117414
CNKSR2	1.01836923343638
TELO2	1.01834392306457
RIMS2	1.01831741936084
CUTA	1.01827416654969
PTGFR	1.01816434107236
KCND2	1.01775536986904
NRXN1	1.01732044579495
LIMCH1	1.01716219892867
CCDC144NL	1.01617234773897
IGLV1-51	1.01570373418305
LCN1	1.01542658565807
CFAP69	1.01541967943603
CROT	1.01519937249179
KCTD16	1.01483085582146
ADGRL4	1.0146959321584
SGK2	1.01468512068154
MYCN	1.01385565215209
KCTD12	1.01365497494867
EHHADH	1.01302471657438
PGAP2	1.01252999582429
SOX10	1.0123864543621
NR4A2	1.01208298029353
C5	1.0114176980607
ZNF280B	1.01103852579012
LRRC75B	1.01084602569376
GDPD3	1.01079300723362
PDRG1	1.01047064791437
CEACAM1	1.01015152012733
NUDT16	1.00981626925395
S100B	1.00968980709903
CRIP2	1.00917939930976
MORC2	1.00913562454671
L3MBTL4	1.00856879036892
FASTK	1.00795226224522
UCP1	1.00735456226825
NR2E3	1.00636481134218
ETV7	1.00635523564255
GNAI2	1.00626920517479
SERPINB9	1.00598864326435
ERBB2	1.0057931887106
SCRT2	1.00573772723195
NALF1	1.00562462786518
MPHOSPH9	1.00550101148007
CCDC85C	1.00468508938707
SEPTIN4	1.00423081850331
LMOD1	1.00356322091722
SFRP5	1.00312562938735
OVCH1	1.00309329217525
ACAP1	1.00304813698281
NCAM1	1.00206332579467
PDLIM7	1.00205087625601
CLCNKB	1.00203723860972
SAA2	1.00199870520179
AFAP1L2	1.00190361366387
POGK	1.0015052115297
KAT2A	1.00116905047492
NME5	1.00099867656479
ALG1	1.00079305721878
CLCF1	1.00040714112302
SH3BP4	0.999766956074967
IL18	0.999389623849886
RAP1GAP	0.999346288709506
KIF19	0.999305446768179
DCUN1D4	0.999151797799245
TMEM147	0.99908170527666
GOLGA8S	0.999010173759733
VN1R108P	0.998635080728872
NADK2	0.9985710825863
SLIRP-OT1	0.998182517966489
MEIS3P2	0.997991093862464
ANKDD1A	0.997802349033981
SHISA5	0.997683120196815
BCAN	0.997347725388688
DAAM2	0.996144550319292
PLXNB1	0.996115977512076
DDX11L10	0.995910426774439
TMEM185B	0.99568338777961
PGAM2	0.99567173601239
HHIPL1	0.995097619741428
STEAP1	0.99421086083517
UCHL1	0.993941843691726
CALCA	0.993318993452245
ABCC6P2	0.991704859447397
MARCHF2	0.991694757335687
PADI1	0.991586673158817
MAP4K2	0.991389368117271
M6PR	0.990859608492057
SHISA7	0.99040123684208
NPIPB13	0.990048691749511
RGS6	0.989553872357953
KCNK12	0.989330822406804
ZNF337	0.989137520577338
CCDC81	0.989019272096851
CDC42SE2	0.988349253558599
FOSB	0.988131008430601
ZNF594	0.98773534367901
MFSD13B	0.987386654426718
RNF215	0.987188835807311
GNAT1	0.986987511345226
CZIB	0.986892679359274
KANSL2	0.986213997268517
CYP26B1	0.986159111295032
INAFM1	0.985934353599865
RBM15B	0.985382395330344
PLPPR2	0.984674582536326
CIZ1	0.984389701406466
SYNDIG1L	0.984324018793508
ZNG1F	0.983947504985776
CCN4	0.983357315783986
ST6GAL1	0.983061600940994
PPP1R13L	0.982770191399416
STAG3L3	0.982284316565627
FAM161B	0.981955194404515
SULT1A3	0.981505994476414
RNF123	0.981233653248654
PHF23	0.981015241001772
DGLUCY	0.980954543953683
MARK1	0.980755073663791
ZNF25	0.980742100688703
KRI1	0.980599164018682
CTPS1	0.980235922113251
TBX22	0.980088919556256
SPATA45	0.979869123491128
CTNS	0.979854350204702
NFKBIZ	0.979514812417174
CTNNB1	0.979390665864007
BCL2L12	0.979364762823069
HPF1	0.978950917661186
TMEM230	0.978942389499728
PJVK	0.978858086234689
SLC7A9	0.978843103899504
CACNA1E	0.978729660230322
FBXO30	0.978063146106859
RNF166	0.978018534126082
CYP4F30P	0.977550743329976
FSIP2LP	0.976918100163473
DOC2A	0.976602795731984
SLC9B2	0.976571976903414
TEX101	0.976524627453232
GPR25	0.976135697019491
ZNF436	0.975933781505075
CNTNAP1	0.975761393901528
PNPLA5	0.97558729244134
PHB1P4	0.975230057873881
EEF1AKMT3	0.975140276271353
DENND6B	0.974266231363413
DBF4	0.973811464403557
TCTN3	0.97355456378309
KPNA2P3	0.973281493632392
ASB2	0.973141783995878
TSPYL5	0.972868518548544
LARGE1	0.972696013794794
DOK5	0.972557105341873
CFAP210	0.972201258515494
FGD3	0.971369488709151
DAW1	0.970766534957325
TMTC1	0.970679012681402
TMEM104	0.970450491747407
NR1D1	0.969988950945065
PLSCR3	0.969241531489349
RRAGB	0.96923381296229
DNM1	0.968265423514754
ANKRD13C-DT	0.96786693488635
L1CAM	0.967100527206868
TM7SF3	0.966583937124579
TMEM256-PLSCR3	0.966418444818409
GDI1	0.965912136143781
ACSF2	0.965796165966312
AKAP14	0.965732668288639
FAM163B	0.965159457818142
SERPINA1	0.964823829629754
FAM163A	0.964315728600713
PHACTR1	0.964284233241419
ZC3H14	0.964092043551159
DUSP12	0.96397758817673
STEAP1B	0.962103209155869
FHL2	0.961959679096096
VPS18	0.96192985395982
GSDME	0.961520342081307
MED12	0.961489898313729
DUXAP10	0.961200050342638
ZNF705D	0.960703075142165
SH3GL3	0.960511572724233
ZNF248	0.960365528752061
SEPTIN2	0.96030198789283
MEF2B	0.959948984264339
MYL9	0.95912921952559
SYMPK	0.959072839789906
MS4A15	0.958549335210839
DPY19L1P1	0.958138187317238
INTU	0.957840771717188
RAI2	0.957383425386315
TRAM2	0.957285689437003
GLS2	0.956980125578746
GUSBP15	0.956082088042068
CIMIP5	0.955092529688794
CD320	0.954726669906834
FBXW11	0.954602770179115
BAALC	0.953993049477483
WDR59	0.953740199975908
SIAH2	0.953623781749003
MPZL1	0.95355070172305
MIIP	0.953421161649403
ACSM1	0.953194431839368
DOK7	0.952978182293914
SPNS1	0.952931430176919
BCL9	0.952477863806066
KDM8	0.951989948596247
UNC79	0.951558615455945
APOBEC3C	0.951388372471429
CRYAB	0.950947640260667
ANKS1B	0.950209190746229
TMEM200C	0.949892748888121
BEGAIN	0.949487147494463
FZD8	0.949412438075128
MAP3K7CL	0.949400830816476
PACRG	0.949290847408556
KIFAP3	0.948843327040664
TNS2	0.947776448377223
ART3	0.947518149041251
CPNE9	0.947302173245128
KMT5C	0.947176111241293
FAM156B	0.947005821010603
KDM4D	0.946832254950932
PTPN11BP	0.946813085490489
PFKM	0.946641966664463
INMT-MINDY4	0.945833611637564
SERPING1	0.945757451559504
DERPC	0.945280804368406
PID1	0.944777172158397
DRD5P1	0.944591874956373
PLA2G10CP	0.944559004024792
CSMD1	0.943653688867938
SLC15A2	0.943437344310573
EPDR1	0.943395429115488
THUMPD2	0.943142612327423
CLCN6	0.942807980337439
CHD9	0.942778544447119
MAP2K2	0.942774477473689
THPO	0.942704669178817
SRSF12	0.942443321688985
CTNNBL1	0.942202193379118
APBB1IP	0.941897629513475
ATOH7	0.941879257559007
NR5A1	0.941708966033177
SLC28A1	0.941593908405645
SNX33	0.941233004804067
MLNR	0.941016166749827
ZFP92	0.940993955878237
TPTE2P6	0.940817876969789
KCTD11	0.940576777876849
NXPH2	0.940340477766385
ANPEP	0.940118668337218
TP53I3	0.939956360804664
DRC1	0.939816926437692
BNIPL	0.939593095712422
NHERF1	0.938262371700421
ENO4	0.938190997166062
KARS1P2	0.937467169263511
LORICRIN	0.937334069372073
DUSP18	0.937219211440839
ZNF324B	0.936987027340308
SKP2	0.936897866654919
SYTL5	0.936837477182764
AASS	0.936176605950075
JAKMIP2	0.935975533020508
R3HDM4	0.935652793923959
H4C4	0.935558127548163
PDE3A	0.93531247433973
GRM1	0.935247906747283
ALK	0.935223607677379
CALCOCO1	0.934558009335115
MVB12A	0.933888626633977
PRAM1	0.932897415497674
SLC35E2A	0.932677907552436
NLK	0.932507851981641
DVL1	0.932329182002363
CASR	0.932076999257031
SMYD1	0.931952794361922
TMEM14B	0.931306777713742
SPOCD1	0.931181297413156
MPO	0.930935109116743
AIMP2	0.930504313601452
RGPD6	0.930241530005972
RARRES2	0.929593055913079
PCDHGA3	0.929543161624744
MUC5B	0.929501894694737
NLGN4Y	0.929126928120821
MYO1E	0.929083518488722
TMEM150B	0.928932562725529
LPA	0.928834366015913
TFDP1P2	0.928500462555136
RHPN2	0.928276659762082
PLAT	0.928140566982676
CACNG1	0.927918668393546
MTMR3	0.927869457204196
SEL1L3	0.927415550663931
SNED1	0.927366897368912
DNAJC1	0.927243596929881
NOS1AP	0.927049879244894
CCDC107	0.926976122706043
WASH3P	0.926490046614848
SEPTIN9	0.926354481297689
C8orf48	0.926092811649602
DUSP28	0.926064386138972
CCDC154	0.925423501874664
NTHL1	0.924189348310226
GTPBP2	0.923667650522315
XKR5	0.923543109654779
CCDC110	0.923474420783209
SPIB	0.923393251930858
RPL18AP13	0.923225840425996
CAPN2	0.922599893102366
SLC6A9	0.922592613465623
NAT16	0.92244212793357
FAM187A	0.922245568848745
C1QTNF2	0.922232243671141
AQP3	0.922075658375283
ADCY3	0.921985998696512
CACNG3	0.921707596568532
OPCML	0.921659822805459
MLH3	0.921165475538729
TCEAL7	0.921127426611737
PPARD	0.920768815658276
NGB	0.920587264653972
CCDC24	0.920526800155579
FNDC4	0.920314682068409
MIER2	0.918925149462915
DRICH1	0.918854808578642
SERINC2	0.918209345875605
SIPA1L2	0.917834241563118
NFKBID	0.917706188604274
AIP	0.917407013085311
MAPK8IP3	0.917390565135699
PMS2P8	0.91689817351562
ADARB2	0.916749326315916
KDELR3	0.91632891103279
ZIC2	0.916045397563615
PPM1H	0.915901683174106
MEGF10	0.915619046716147
OSR2	0.915214582862764
EPHA10	0.915152177354057
OLFML2B	0.914993411959532
ZNF658	0.914941161102044
FABP3	0.914933996027419
VPS41	0.913583416511443
PCDH12	0.913430610880966
SNX8	0.913397626700507
CDC25B	0.913354012867192
ARHGEF37	0.912980648844808
MUC20	0.912892147763163
CCIN	0.912367941982198
MNS1	0.912175295629558
TMEM260	0.912070974353525
HSPA7	0.911859307578267
ZNF646	0.911679134114552
CDK5RAP3	0.910841588751976
INTS4P2	0.910712263452151
RGL1	0.910523287998661
FCHSD2	0.910383100940014
LY75	0.909926441816423
PSTPIP1	0.909706699762897
ENO2	0.909259229835761
CLIP4	0.909189302459669
TRIM6-TRIM34	0.908673081010732
INSL3	0.908551532128883
ZNF777	0.908506957622034
MAPKBP1	0.90784591892595
MST1L	0.907751180535995
WIPF1	0.907268676523647
USP26	0.906856586221404
TIGD6	0.906802441000806
MYLK2	0.906782018322393
SH3D19	0.905695941169834
UROS	0.905548257192702
KIAA1586	0.905460752093751
SLC35A1	0.905419678960698
THADA	0.905365803404429
FBXO46	0.90462156967326
SMN1	0.904088021760561
RGS9	0.903539784923217
LRRC49	0.903507580307367
RABEPK	0.903395228560753
CERS1	0.902855385428133
DRD5	0.902646542506693
PSMG4	0.902438187488423
SLC12A8	0.901922162645809
TRIOBP	0.901176515198898
CLN3	0.900544655752125
AKR1B1	0.900514083823024
RAB39A	0.900314770165662
CXCL14	0.899699907676635
LZTS1	0.899247237627171
PROK2	0.899021877137594
TCF3	0.898646873635449
PPM1F	0.89852878830528
HNRNPH1P1	0.898414823327651
ACTG1P24	0.898005537370539
MINDY4	0.897669674849573
TYMS	0.897039750952796
ARVCF	0.896908900468824
BMERB1	0.896830923561308
PRRX1	0.896767496232893
MYBBP1A	0.896615161005417
B3GNT8	0.896473089965332
HNRNPA1P26	0.89640455505414
CBX7	0.896221790816133
PRR5	0.895269539908113
TOM1	0.895192953327967
ATPAF1	0.895130514427089
ZNF365	0.894645697290428
FLAD1	0.894292219612613
CCZ1P1	0.894289382602994
ZNF385C	0.894143121621574
PSMD9	0.893941308062656
TRMT12	0.893581690438084
GRHPR	0.892848508800685
WBP2	0.892764440708311
PLPP1	0.892740349927463
FOXI3	0.892731907705123
RNF112	0.892211209956133
JAK3	0.89143330027713
INF2	0.891340176740146
CCDC73	0.891321199528373
CNN2	0.8913054301234
MC5R	0.891271431316087
PRKD2	0.890933511563389
FAM131C	0.890642286352658
INSC	0.890587226585474
PRICKLE3	0.890363263116666
MAP1S	0.890217131131805
RCC1L	0.890077597950142
SERTAD3	0.889690075642594
TMBIM1	0.889413435219792
ARHGAP22	0.889251159691082
ARG2	0.889215143895482
GPR45	0.889141835038594
CHCT1	0.889074170931295
EEF2K	0.88892348860267
CNTN3	0.888878819703414
DNAH2	0.888647921004641
RIT1	0.888580708243927
CNTNAP3P2	0.88823616881773
CEACAM21	0.888053807259397
ANKRD30BL	0.888035204333357
CXCL5	0.887845548715574
CHIT1	0.887802305636771
ME1	0.887483722268556
UBXN11	0.887196058781315
ADCY10P1	0.887071538235341
IL17C	0.886220847578992
EPHA8	0.885897741336998
CIMAP2	0.885626397260063
IL22RA1	0.885494457208685
SLC29A3	0.885257396424123
ABCC4	0.88509369181131
MYH7	0.884823823328
ADAM12	0.884720298240508
GOLGA8A	0.884033083197669
INPPL1	0.88380438308447
RBCK1	0.883702959144417
SND1	0.883372617105367
DOLK	0.882779101176682
SFXN5	0.882758501145525
SIPA1L3	0.882444800025364
ITGA10	0.882014910800558
C1GALT1C1L	0.881229583125315
CACNG7	0.880780340863381
OPLAH	0.880282081606994
GRM5	0.880222938231107
PIGC	0.879997427672615
TXLNB	0.879672250562253
ECE2	0.879118478387741
EARS2	0.878717265065228
ATP8B3	0.878676605905348
CC2D2B	0.877112695539986
MKNK2	0.876871607075028
SLFN11	0.876821687847106
NEXN	0.876036143847606
CLUHP3	0.875663143063627
ACADVL	0.875622781831818
SLC19A3	0.87537226098447
CHCHD6	0.875212400079844
ATP13A2	0.875134713431778
FBXO15	0.874845657357223
LONRF2	0.874063110731357
ZNF771	0.873144772423171
LIN7B	0.87311555553173
TRIM68	0.872751762869185
SLC45A3	0.872590652704878
MYZAP	0.872414715782576
MYH11	0.872347444259775
RAB3D	0.872219440190449
PSME2	0.872151804464853
FBXO6	0.871872008412725
DENND1A	0.87185436291956
GTF2IRD1	0.871818275600249
RGS5	0.871305060741267
SPATA31C1	0.871050409503574
IPO13	0.870406426650197
ANP32A	0.87003387271185
ATP6V0D1	0.869836703878182
SMN2	0.869509242512608
SNX15	0.869219654765395
TF	0.868911782596893
TMEM45A	0.868724031425344
LYRM9	0.868527122611652
DAO	0.868183775887772
SYTL2	0.86754815672763
AMZ2P1	0.867496422623674
SCN4B	0.866890316764956
DUSP8P1	0.86604105175882
WDR90	0.865778339181406
CITED4	0.865708257594525
EPHX3	0.86541087902203
SENP5	0.865197024616105
SSX2IP	0.864695033378731
ZSCAN18	0.864596416410992
CCDC9	0.864302463726451
DENND1B	0.863807580615707
LRRC37A3	0.863806127125892
GALNTL6	0.863394455094101
SPAAR	0.863230566592359
NLE1	0.863165831398372
SPATA31A3	0.863052284530652
SLC25A27	0.863028430064089
CEP19	0.862811572493834
SERPINB4	0.862768443131997
CDH22	0.862607833093503
ST13P15	0.862428096126396
SV2A	0.862335317568778
TMEM72	0.862258666503678
MROH7	0.862212939518378
ZNF414	0.86189679623878
PAFAH1B3	0.861421968289783
FUCA2	0.861136052535299
NLRP2	0.860781667283013
HDGFL2	0.860595463688438
UBA7	0.860338339243579
POLR1G	0.858899910023047
XAF1	0.858800820612123
GRK3	0.858780397692756
PIGN	0.858742977467891
DEDD	0.858278812245519
LAG3	0.858261958618974
P2RX5	0.858138605956187
CARD10	0.858079953838976
LRRTM1	0.857824943419099
CD7	0.857820466021023
CEP192P1	0.8571167733582
TCTE1	0.856293422487762
TRIM13	0.856272050324405
SLC27A6	0.855966272707619
MAPK3	0.85578857096856
ZNG1E	0.855701026088768
GNG2	0.855535540928653
CPLX3	0.855491087474605
PTMS	0.855484306979307
RGPD3	0.855435039273238
RAB39B	0.854780600891215
ASPHD1	0.854491617328041
MEN1	0.854374629929045
NTN5	0.854091945885145
CCR7	0.853714348897399
ST3GAL6	0.853418450505585
KANSL1L	0.853245236598875
COL18A1	0.852880216686357
ZNF473	0.852696171645546
CPAMD8	0.852609667674618
DCLK2	0.852437760187937
DBNL	0.852326289307074
SLC12A5	0.852244216941577
TRIM14	0.852205714079863
DHRS4	0.851987685360639
MTND2P28	0.851553472361327
TSC2	0.8511099053407
ELMO2	0.851097995298761
SLC35F3	0.850769410328588
DUTP6	0.850531249626864
CMTR2	0.850331399929465
EZH1	0.850111242112328
SOX7	0.849668287199501
TBC1D3L	0.84965557933994
SHTN1	0.84931096961189
MYOF	0.849026709823679
NCOR2	0.848995447066724
THTPA	0.848633152374969
IGSF3	0.848343719993422
IFRD1	0.848095397955751
GUSBP2	0.84796789550281
SLC41A1	0.847365487578828
NCAM2	0.847358435441514
AK5	0.847183529591641
SLC13A4	0.847136232664575
TMEM51	0.847109028276245
ERGIC3	0.846600149519294
CHADL	0.845791733260361
PYY	0.845165970502885
MGAT1	0.844524722761218
ATP7B	0.844371968687249
CIROZ	0.844110702124508
WDR70	0.843980948070894
STAG3L2	0.843873606065119
NANOS2	0.8437814628229
SERF1B	0.843665738687145
MAP3K10	0.843618413721429
TXNRD3	0.843369265725345
KCNJ11	0.843191213519576
TMEM117	0.842970179903216
AOAH	0.842929454578934
MRI1	0.842854371073616
ALS2	0.842848942329828
CRY2	0.842617641389197
SH2D3C	0.84223407558723
ZNF668	0.842024245728149
SNAP47	0.841765641014748
CECR7	0.841303569209674
IGSF11	0.841236296978267
VRTN	0.841144578229775
BOLL	0.840669185081102
MINK1	0.840542730035881
TMEM39B	0.840274819401211
NOS3	0.840197111750743
RHOBTB2	0.839677495898702
INTS4P1	0.838643976393356
LZTS2	0.838604043024067
TRGC2	0.838411683631781
FRMD3	0.838361297622123
PMPCAP1	0.83812893900199
CSNK1E	0.838123571841515
PGGHG	0.837720035076641
RAD9B	0.837698326468977
ABCC11	0.837570766967347
TRAV18	0.837521569281966
ARAF	0.837510307480299
PTPRT	0.836771403454521
BFSP1	0.836319374394501
DCDC1	0.835505309290437
TRAC	0.835008769128849
MSR1	0.834266678915923
ZNF185	0.833944766444131
TECTA	0.833766325384338
ETNPPL	0.832729097743498
MAPKAPK3	0.831241033056797
IQCF3	0.831101310248958
FADS1	0.83107129544109
LEKR1	0.830974635128539
TGFB1	0.830473761980562
ALPK1	0.830316741561933
ATG9A	0.83031020444743
EPOR	0.830264379085677
PORCN	0.830207579159163
INTS5	0.830082086347079
DMRT3	0.830006446770897
KPTN	0.829979039943282
RUNDC3A	0.829653702069135
C1orf226	0.829591693897771
SCAMP4	0.829503082162292
LRFN1	0.829362475366304
TPSB2	0.829035831331838
THEM6	0.828857196133424
SLC12A9	0.828640708185128
CPAMD8P1	0.828543070491739
EPB41L1	0.828303530049686
GALNT5	0.827897076575421
DZIP3	0.827836699845411
BAIAP2L1	0.827628116115722
SPOP	0.827517810476573
ANGPTL4	0.827467045972599
TNFSF15	0.826987978161381
FGF1	0.826973744955181
GPX3	0.826753050187391
FLRT2	0.82669465852051
PHTF1	0.826688886797344
B9D2	0.826249206740689
ZNF497	0.826092832218205
CLDN12	0.824710786800542
LMLN	0.823700272565647
RASA4CP	0.823648667103418
TCP11L1	0.823556839935708
MAP1LC3A	0.823513143485282
TNFRSF10D	0.823372818225145
NGEF	0.823296230959492
CDC37	0.822892012414816
RHBDD3	0.822794671972431
SEC14L6	0.822303277874579
PRDM12	0.822183157197043
LSM14B	0.822033546185725
LCLAT1	0.821030935827786
NTMT2	0.820794545579387
CNPY3	0.820648717700242
ITGAL	0.820308139826336
BCS1L	0.820000173698215
DLEC1	0.819846793943342
TCF7L2	0.81973869987419
CDK18	0.819635051038499
B3GALNT1	0.819145474518796
TMEM255A	0.81879428652867
IL31RA	0.818775167417087
ERMN	0.818670149984176
OTOA	0.818442102160558
ESRRB	0.818327450144903
GUCY1A1	0.818274960421597
RPL7P20	0.817994327762268
DDC	0.816871381506099
COL26A1	0.81673140749993
SLC44A1	0.816495884961123
C11orf21	0.816159179006311
WLS	0.816156113389216
RILPL1	0.816010939992042
SATL1	0.815997877953402
MRPL55	0.815844448604341
NAP1L4	0.815793722769625
ATF7-NPFF	0.815731852439388
ZNF45	0.815482470920729
RIMS4	0.815219164453307
DDX11	0.814886626832659
SDHAF4	0.814874355089089
SFRP4	0.814535521164278
ADSS1	0.813218149101692
RTN4IP1	0.812942693664138
IFRD2	0.812769074816937
UBE2Z	0.812353469789584
ELAPOR1	0.811685933849464
RPAP1	0.810607224608779
CPE	0.810177733831869
THAP8	0.809593960445014
FAR2P2	0.809420492466383
KRT10	0.809354998452311
PSMB9	0.809091696351915
NR1D2	0.808704844044456
SMTNL2	0.808698767347112
DOK2	0.80845426377425
FRMD4A	0.808445326699821
ACOT11	0.808250886653389
DNAI7	0.808137964569571
PAQR9	0.807969802978988
EID1	0.807944027160624
SYNPO2	0.807794125233541
PAGE4	0.80776023498309
NEU3	0.807646974981076
ZNF48	0.807409886360523
SLC39A13	0.807259056685707
AKR1C1	0.806847372484325
LINC03042	0.806549913995348
DAPK1	0.806483895889559
CNGA1	0.806443982881328
TRMT1	0.80594234390008
TULP2	0.805673625999548
NEXMIF	0.805580344207613
DCLK3	0.805478839203921
GTF2H2C	0.805334199051675
GPR132	0.805263239721802
PIR	0.805080437136804
FRS2	0.805034183386692
SFXN4	0.804743486969051
ANKRD44	0.804715853596659
SNAI1	0.803491431614495
MGAT4EP	0.803404126035973
JCAD	0.803272973818752
CPLANE1	0.803172396076495
ZNF445	0.80203077353994
CLMP	0.80170494786955
ZNF546	0.801454417702227
POMT2	0.801283970718934
TRANK1	0.800979525758515
SAMD3	0.800569272380642
PHC1P1	0.800490490943013
NBPF8	0.800426943187748
ENPP5	0.800413130606823
RTN4R	0.800290721172276
ABCB4	0.800162385761161
TNFSF9	0.799947284049011
CAPS2	0.799682625290204
SMIM10L2B	0.799491840691296
GLUL	0.799343030381691
LARP6	0.799302939884007
FCGR2B	0.798712496233747
SLC16A14	0.798671848366976
CAND2	0.79788991967131
OTOGL	0.797873019993074
TBL1Y	0.797289659221312
ARF3	0.796695237828663
EFCAB13	0.796501022266494
LTBP3	0.79626075496103
RUSC1	0.796244628306145
HNRNPA3P5	0.796098064812936
GLYATL2	0.796082287877222
PHKG1	0.795554276634018
KCNA3	0.794937602830635
DDRGK1	0.794930055554317
NXPE2	0.794658861771632
BHMT	0.794393624925858
C2CD4C	0.794075951145412
PFKP	0.793985284008845
RIMBP3B	0.79383743222421
TAFAZZIN	0.793357987467518
SSTR5	0.792692173054421
PNMA6A	0.792585227669728
ABCB1	0.792387818551782
TAFA1	0.792144930579829
KIF21B	0.791396979549096
SPATA2L	0.790412697821208
PPP1R17	0.790290614729204
LRFN3	0.789417947864741
FAM83E	0.789396834613989
LAMP1	0.788903514443102
GNMT	0.788809673478839
RASGRP2	0.788711505003147
HPS5	0.788397967437024
CFAP44	0.788343085684983
PLCXD1	0.78761607137148
BAIAP2L2	0.787386853870842
TAC1	0.786562340352357
NRIP3	0.786491187973129
SLC35G2	0.786104723699126
IQCH	0.78593480450684
ZDHHC15	0.785709124556361
MAGIX	0.785583915164795
SPATS1	0.785551241259262
DNAAF11	0.785483573308288
PTGER1	0.785478641964132
GARIN5A	0.785451696374611
SLC66A1	0.785387825411456
TXNDC16	0.785250422637626
PCDH20	0.78516169536369
NYAP1	0.784938569893741
TEX14BP	0.784533124756332
SNAP91	0.784300602537249
TGFBR3L	0.783977022563186
PKD1	0.783925243121379
BCAS4	0.783884246511925
TAFA5	0.783737241013702
SLC35G1	0.78368058129941
PRRG3	0.78360959553394
PLXNA3	0.783397676236422
MARVELD1	0.783385544164803
ABLIM3	0.783270784636738
DMRT1	0.782958908979617
CRTAC1	0.782670303853272
DHRS7	0.782355005377384
ZG16B	0.782324534173622
DRD2	0.782142794041791
TBC1D3B	0.781906783431296
CFAP54	0.781693695780089
MORN4	0.781261249271205
RPL13P5	0.780317574127726
AGMAT	0.779837406421855
NRDE2	0.779704838808461
RECQL4	0.779609637568388
ADAM21	0.779436997130336
CMTM1	0.779345609439112
PSEN2	0.779158792189822
ABHD11	0.779140339388898
BMPR1B	0.777996938312411
FAM151B	0.777919548629781
CAVIN1	0.7777917567644
DNASE2	0.777680466879285
SPN	0.777647471083371
DNAJC18	0.777094357399497
TM4SF1	0.776910758066
SLC5A1	0.776516293810753
RBFOX2	0.776513847731423
SCMH1	0.775558537500564
LYNX1-SLURP2	0.775460283802627
TNK1	0.774609289089909
FAM90A13	0.774338887534235
SLC16A4	0.774238580443007
KCNT1	0.773664518581755
TOE1	0.772527118713997
FAM47E	0.772467844148411
VPREB3	0.771123361477401
PEAK1	0.770959093418116
FANCC	0.770868703403823
TAPBPL	0.770792507016988
VARS1	0.77069845460187
ECHS1	0.769727227048876
AK8	0.769544843114945
GPR68	0.769525974729087
ZNF286B	0.769423009580049
CCDC60	0.769283261976123
ZC3HC1	0.768666437917184
ESD	0.768498785360852
ZNF692	0.76846722022487
SH3GL2	0.768303201773512
SH2D2A	0.76803892385352
POLD3	0.76785359496662
CCL27	0.767815482947969
GLYR1	0.767695578056051
CHKA	0.767690382468911
CST3	0.767347450837602
ANKRD27	0.76708640803453
IL21R	0.767009785484569
ALOX15P1	0.766650066833886
GUCY2EP	0.766612326000082
TCIRG1	0.766608157091958
FAM161A	0.765911496300153
TCP10L3	0.765852712819826
C10orf55	0.764886186186064
TMEM139	0.764788318712446
CUL9	0.76416482531873
ADIRF	0.763940063717316
ORM2	0.763902506693111
NCF1C	0.763606947241486
NMRAL2P	0.763565909623226
RPN1	0.763504276383069
PLEKHO1	0.763502403133851
RLN2	0.763321565335121
RAB3C	0.76315217085966
CD40	0.763151322730537
VWA1	0.763135802884131
KISS1	0.762945274609188
ARID1A	0.762939713164105
NLGN2	0.762864159242152
POU3F2	0.762795803260403
NDRG4	0.762719214647923
CTAGE3P	0.762202960962678
COL17A1	0.761985608811896
ANKRD23	0.761954596595033
GLUD2	0.761667274596817
INHA	0.761662931051429
TRIM39-RPP21	0.761605740012168
PIMREG	0.761372148238764
SDC3	0.761094637435535
RAB32	0.761024050471159
LRRN2	0.76098116793734
LRWD1	0.760948446084606
STRIP2	0.760833662008652
ADGRF5	0.760749361389508
FCGRT	0.760270955206599
TMEM9	0.760153815604647
TTC36	0.760059283003652
EPHA5	0.759562695239889
SYT11	0.75950684279057
SLC52A1	0.759465308052689
BTBD6	0.759395718086896
WASH2P	0.759310008456163
RTL1	0.759059834825503
PDE4DIPP2	0.759031231342595
TEDC1	0.759028845260308
PTPRVP	0.758923267478057
HSPB2-C11orf52	0.758439245534928
CCDC138	0.758257685942306
IL17REL	0.758168075092533
COPG2	0.758075722753179
SPPL2B	0.757603449119872
DRAP1	0.75756287709943
RNASEK	0.756926199498561
GABRG1	0.756659610332992
CEACAM19	0.756490941790022
KIF26A	0.756242016131672
RAB13	0.756196947762255
DLG5	0.755801532919429
LIMS3	0.755767937063769
SMIM32	0.755514771397082
GSDMB	0.755498244434217
KDELR1	0.755383751078991
ZNF574	0.755253594062161
SCAP	0.75444222405892
TSSC2	0.754407979308516
FGFBP3	0.754160732831699
KRBOX1	0.753957481964838
APMAP	0.753851346513081
ANXA8	0.753752327939728
CFAP184	0.753639937583815
DPY19L1	0.75339948640839
SIRT6	0.75316071651033
GSTT2B	0.752653273214835
NFIC	0.752646946491217
NR0B1	0.752261127308363
RSAD2	0.752017374920349
ADGRA3	0.751862079233866
PYDC1	0.751657709139392
MKRN2OS	0.751132089997658
MAP3K5	0.750272535531664
SLC38A5	0.749807554004953
LPAR2	0.749248777910462
SLC46A1	0.749238802774134
GNAQP1	0.748738101276222
ANKHD1-EIF4EBP3	0.748689279288099
FKBP6	0.748530136871836
LTBP2	0.74824265831008
NEUROD4	0.748057267277973
RPE	0.74797654311378
PRR19	0.747474082838062
GOLGA6L10	0.747464266641973
THAP7	0.747456341747623
CACNG5	0.746713853350333
DMRTC1	0.746524356634846
KCNC2	0.746519197606032
CCM2L	0.746384903182304
PLEKHH2	0.746239913607085
PRDM4	0.745757748380233
C1R	0.745717025976676
ECSCR	0.745258470489066
POMGNT1	0.745193027606378
PRUNE2	0.745012779736934
RNASEH2C	0.744931473450976
LRRC70	0.744708473784021
UBAP2L	0.744343419133353
METTL25	0.744169272102585
TM7SF2	0.744155158266596
RIDA	0.743772038252257
MXRA7	0.743416567424063
YWHAEP7	0.743222225583683
TMEM234	0.742956360859289
TMEM177	0.742864083053264
MX1	0.742697743072551
TMEM132C	0.74247699222373
LSP1	0.742197037765961
NUP214	0.742178725234594
SNX17	0.741639736216307
RAB11FIP3	0.741626638202455
SLITRK6	0.741583906971669
GFOD2	0.741498271224128
ADRA2A	0.741368927874155
CCDC63	0.741334296002376
KLHL29	0.741295220665369
NPC2	0.74069493674684
ZBTB39	0.740652324596477
FOXP3	0.740496180856953
KIAA0930	0.740407418976173
CRYBB2	0.74024094255329
PTPN21	0.740234358621846
ARPIN	0.740234250113825
PITX3	0.740205763623005
RFX5	0.739897908837517
TMEM215	0.739891241107471
ARPC1B	0.739851269739632
BID	0.739847276310225
MYBPC3	0.738751131853914
SSX1	0.738191261084716
SCLY	0.737989247801516
KRT8P12	0.737762514456774
PRR36	0.737733805660279
MPZ	0.737646529956735
DDX51	0.737229962970803
RPL10AP6	0.737229951900246
SLC44A2	0.737227724034518
BDKRB2	0.736731682186422
IFI35	0.736703973537411
PRND	0.736395207202081
KANSL1	0.736348379342398
IFIH1	0.736220215543122
TJAP1	0.736178457609324
RABAC1	0.736048878131458
OVOL3	0.735923741867735
FAM193B	0.735756855917066
CENPT	0.73537315953764
CBX3P9	0.735324189888584
MYF6	0.734833265846021
MAP10	0.733942889074219
PARP3	0.733909550274018
TMEM221	0.733860678267437
FBXO4	0.733778844657838
ARFGAP3	0.733513654953987
RHBDD2	0.733073218649361
PLCB2	0.732089634910257
SP140	0.731704517379486
SLC2A4RG	0.7314142300829
HAUS5	0.731301459579236
HYAL1	0.731079450045796
SSR4	0.730492216128649
DKK2	0.730363614749961
TMEM63C	0.730336272879314
NAALADL1	0.730330449495319
CD72	0.730223420312251
SPNS3	0.73019367685733
CMPK2	0.730031977460137
NDUFA6	0.729334267718478
ZNF385A	0.729267843745442
RNF157	0.729210427814815
ZFP36L2	0.729094538495397
BTG4	0.728984409649999
CFAP61	0.728767587788776
CDK20	0.728575480552523
BTC	0.728116276010755
HAUS3	0.728034132357998
GPR3	0.727734856844586
NECAB3	0.727587618893438
TSSK1A	0.727223278407094
B4GALNT3	0.727220581518825
OR7D2	0.727172929757276
ROGDI	0.72701467137352
MUS81	0.727014052646104
MST1R	0.72699892898792
YBX2	0.725815251339694
RIOX2	0.725714150256973
TIMM22	0.72567194996386
ZNRF2P1	0.725668885126174
SDCBP2	0.725584801717758
PCDHA12	0.725417971771814
GOLGA8M	0.72533578504767
FAHD2CP	0.724574537987492
WASHC2C	0.724487430290398
SPTB	0.724479844651626
TPPP2	0.724437124775603
MPZL3	0.724240777019664
AATK	0.724042868852511
SP100	0.723644985282199
RGL4	0.723022867331504
ACTG2	0.72287438397001
GPHA2	0.722767491817764
GCC1	0.722732830778451
HMGB1P5	0.721966564891181
CRACR2A	0.721730773870109
RASGRP4	0.721245863556517
CBLN3	0.721163829152829
DACT2	0.720836137684387
MCRIP2P1	0.720646572925932
NRXN3	0.720212100653643
WASF3	0.719874938560021
TRIP4	0.719363671067667
PIERCE1	0.71924221118719
TCAF2	0.719056286380413
CYB5R3	0.717975478533774
UPK3A	0.717932380944086
ZNF500	0.717834078976339
IKZF4	0.71773595708898
CDRT15P6	0.717628026879615
RANBP1P1	0.717311042693173
MT-ND4L	0.717241214836677
UBAP1	0.717147856109212
ZNF852	0.716896719444028
PLA2G3	0.716852908804664
DPF1	0.716710237017377
MMP23B	0.716631175734478
ZBTB38	0.716490706053958
IZUMO1	0.716393932037573
SLC6A16	0.716108997549391
CERS6	0.716100575793919
ASPG	0.715285235832463
RHCG	0.715141739221755
KLHL5	0.714672308777376
UGP2	0.714670865570189
BMS1P12	0.714516512234418
MEGF6	0.713882414749772
SNAP25	0.713578543585534
ZNF484	0.71308049466842
MAVS	0.712948838615976
ZNF736	0.712753170788479
NLRC3	0.712587777982404
DOCK10	0.712541418682826
OR5A1	0.712199243877536
GGNBP1	0.711553899303038
QSER1	0.711448764565846
PLEK2	0.711359711316368
CACNA1A	0.711154045181869
GRB14	0.710889838238144
NHSL2	0.710869795883953
INTS9	0.710480311510578
LMAN1	0.709663432653494
MEP1A	0.709524161479748
OTOP2	0.709331058744504
DISP3	0.708988150335807
KCP	0.708436141158542
FER1L4	0.708418041253347
ATG4C	0.708140535114655
PBXIP1	0.708096702352181
RHBDF2	0.707192734619286
CCN1	0.706728874902403
PDE4B	0.706433214569815
SYNRG	0.706386796940609
TRDN	0.706232281885323
MOCS1	0.705926909479881
LURAP1	0.705830211703305
SLC4A10	0.705826130323943
TRGC1	0.705211289047909
APOL3	0.704394612908683
PCOLCE2	0.703634350973956
CBLN1	0.703578128529778
SENP2	0.703519981958202
TAPBP	0.703329373181236
ARHGAP33	0.703080113835078
MTCL1	0.702821954121415
CST1	0.702773458164121
OR5H6	0.702711030284249
EED	0.702317429994251
ECSIT	0.702210770188174
KRT16P1	0.701788031979852
TGM1	0.70166925496069
CLSTN2	0.701100780122895
GARRE1	0.700681788588426
KRT3	0.700069174815755
FAM86JP	0.700062544189999
DMKN	0.699751518288298
MUC12	0.69959923852509
SERPINB3	0.699478345114598
HRH1	0.699295026200681
ZDHHC18	0.699254918299308
TRMT1L	0.698893836111115
TMEM116	0.698638381903736
ARF5	0.698380190693708
DHRS4L1	0.69811661148362
RBPJL	0.697995821206381
BTN2A3P	0.697810996570913
NUMA1	0.697708127568018
KIF28P	0.697549961748602
ST13P4	0.697360467791694
AMY2B	0.696655828836561
PHETA1	0.696429653409635
PLXNA4	0.696401353250173
H4C15	0.696285073814127
PRSS8	0.696173073717114
ZNF132	0.695641424014481
TTC16	0.695637601760808
ECEL1P2	0.695618359479179
TRPV1	0.695429808905253
DYRK1A	0.695426112245274
HEXIM2	0.695356969634492
TAP1	0.694860255439045
HTR3C	0.69456868324723
NPFF	0.694565273016108
HYAL3	0.694447601067938
HERPUD2	0.694126462718163
MST1	0.693484389112806
PGC	0.692671662315995
SAXO3	0.692584203578345
JAG1	0.692215474021141
DYNLT2B	0.692102397917843
THOC3	0.691749278101705
GPAT3	0.691623428516958
CD274	0.691596445703384
LRMDA	0.69141874683823
NOL12	0.691307072081721
ADPRH	0.690967017577136
PABPC4	0.690924086008661
FAM162B	0.690870776861032
BROX	0.690761058034281
BCDIN3D	0.690193908049783
COL6A6	0.69009099134783
HNMT	0.690025901518071
NABP2	0.689685272301152
IGLL5	0.68951037884449
REEP6	0.689476393439327
SSTR2	0.689344159821364
RMDN2	0.689258966355482
LINC02210-CRHR1	0.689191499928759
TUFT1	0.689031786543876
ZNF592	0.688810207452166
SIRT3	0.688336936753642
DNAJB4	0.688090889654121
EMD	0.687898861365505
ZFYVE28	0.687292378949843
ITGA11	0.687040980702017
ACP2	0.686956555184952
ACOT12	0.686371727319728
RAB6C	0.685896433596489
GNG8	0.685753218039557
MYH2	0.685316474470224
MMRN2	0.685113226217175
CD164L2	0.685048965990595
ATCAY	0.685046839179549
CORO7	0.685008591320114
SNRPEP4	0.684949298915733
TMEM275	0.684907895503741
GUCY1A2	0.684804790148174
TJP3	0.684743965523092
NDUFAF1	0.683940615328427
C2orf78	0.683286633698906
LRRC37B	0.682729683406097
GVINP1	0.682099292467765
FBN1	0.681890470100125
LPIN3	0.681763598157576
ATRN	0.68129431327814
SENP3-EIF4A1	0.681162088367059
CYB561D1	0.681130571734802
STON1	0.680867012954197
ZSCAN30	0.680642512221392
SLCO2B1	0.680497576916714
FAM168A	0.680092056532625
BBOF1	0.680068860017267
GTF2A1L	0.679594615967288
GJA5	0.679461903384296
NR1I2	0.679342730372195
ICAM2	0.679322728498518
RNF32	0.679080159144672
NPC1	0.678601952330764
DMP1	0.67832162487511
IL2RG	0.67784563581498
RWDD3	0.677591559590875
WDR13	0.677181517109452
CLCN5	0.677089243589896
SLC66A1LP	0.677039692977911
CCER2	0.676575340253652
GLP1R	0.676570212763317
SPATA31A5	0.676433401494414
PICK1	0.67564789209473
MVP	0.675390811932657
EGLN3	0.675355773863578
GLIPR1L2	0.675201961798984
PPFIA2	0.674679141756821
SLC36A1	0.674575909910049
PTGDS	0.674367155494976
ANGPTL1	0.674276154821907
LINC03040	0.674216361014061
HTR7	0.674180747507733
CFAP99	0.673999372046747
HDAC1P2	0.673432686953151
SENP1	0.673004716177914
ACTG1P1	0.672705908071757
EVC	0.672404287962543
FAXDC2	0.672123578098401
SNX16	0.671520838876114
COL8A2	0.670952121827594
ZNF227	0.670678453700387
HSD11B1L	0.67043212172972
WIZ	0.669952750151065
HSF1	0.669769537967649
C1QL4	0.669494284272753
CCDC141	0.66897236510779
GNPTAB	0.668469151835528
PABPC1P4	0.668294873194191
NCDN	0.668218440985007
TSKU	0.668114461093364
GNB1L	0.667620043316315
PAK4	0.667616798743739
MPST	0.667607893980116
GPC5	0.667520612812584
FAM135B	0.667204891284582
ANKRD52	0.667054609196319
CSTF2T	0.666847503554775
XKRX	0.666796921802896
PPP1R13B	0.666707356131033
AIM2	0.666630665297803
LHCGR	0.666247470839921
FXYD2	0.666234386327942
AARS2	0.666211135717643
PTENP1	0.665955208460887
KLF2P2	0.66575831891732
RASAL1	0.665626294119611
GOLGA8R	0.665252841436104
BEST1	0.66513637267978
SGSM1	0.664726352784126
HEBP1	0.664531552514537
ARID2	0.66430469362114
SPMAP2L	0.664229388328374
CAMK2N1	0.664227494051615
DAPK2	0.663859950270914
ADAM33	0.663805178735039
ALG3	0.663381889432235
TTC4	0.663360190119368
USP54	0.663151006247958
CCDC149	0.66297197401335
DESI1	0.662967995161142
EHD3	0.662959591706625
TMEM121	0.662709319990095
SLC10A1	0.662690108081609
PPP1R27	0.662653273523719
SLC39A2	0.66251016268481
DEPDC7	0.662409895747656
TECR	0.662011862184434
VAC14	0.661896847617085
ACTR3B	0.661804790190943
CFAP263	0.661801419877986
TMEM182	0.661742966794194
AAMP	0.661394767167671
FBXL7	0.661210117094839
CT55	0.660901895315537
OSCAR	0.660709812888649
BRPF3	0.660571902911187
LRRC28	0.66047681608314
DGKI	0.66016031424315
NENF	0.660001785480285
TSNARE1	0.659784277223825
C2orf92	0.659698804481948
GLB1	0.65938935346111
ORMDL2	0.659311106306012
REG1A	0.659272632715989
G0S2	0.659251070558183
GLMN	0.659035484445453
ARNT2	0.65884117263693
NCR1	0.65811478542583
RGPD4	0.658056340492225
TOB2P1	0.657925181187501
OR7E156P	0.657906620103739
LDHD	0.657696462243477
TNXB	0.65763324159643
PHKA2	0.657487345225355
CEP170P1	0.657223800484243
PRAF2	0.657221844065849
CDC42EP3	0.657041025855716
HYDIN2	0.656542474469168
CAMK2D	0.656428635050689
TASOR	0.656354998530433
PDGFB	0.656303024578306
NAA80	0.656173981132041
ADAM8	0.656103836229632
URAHP	0.65607208550836
SIMC1P1	0.655695869067214
NUTM2F	0.655399752459359
TMEM88B	0.655260748265992
MICAL1	0.654545720676058
CAPSL	0.65416091957535
TRIM54	0.654044404688635
FSCN1P1	0.653714302783779
KATNB1	0.653645819224972
EPHA7	0.653620642573155
PLCH2	0.653609287817988
CEP43	0.653410446909026
TRIM44	0.653210980486122
H2AZ2P1	0.653189887003012
CCM2	0.653119369374289
TAFA4	0.653074583055306
DUXAP9	0.653041725827156
LPO	0.652861588611502
ATP5MF-PTCD1	0.652366130946216
LGALS7B	0.652321866180604
RHOU	0.652028983551068
MBOAT7	0.650921476477775
SDF2L1	0.650817885849209
ABCF1	0.650765207478269
SUPT20H	0.650663302870985
FAM110C	0.650597951510997
ZSCAN22	0.650414065863922
PPL	0.650086532861669
NACAD	0.649609062747316
RBM4B	0.649548573157379
NFS1	0.649164961207605
GPR85	0.649110457591237
SLC20A1	0.649027353565981
CARMIL2	0.648899773059199
SPCS2P4	0.648572761921215
AVPI1	0.64843103873876
PRRG2	0.648181503531034
ILVBL	0.648048391525947
CRELD2	0.648012554845548
GBGT1	0.64787132217751
CLEC19A	0.64782707960873
DPH7	0.647493639168067
MAST3	0.647369188253215
APPL2	0.647358080546525
PTPN5	0.647052135347083
MAGED4	0.646536729259746
RAPGEF3	0.646452542952099
PPP1R3D	0.646202638231781
MCRIP2	0.646166366523055
ADNP	0.645851145029119
OR10AB1P	0.645769774726013
PINX1	0.645709808169572
BAP1	0.645651710549519
QKI	0.64551516733686
ACBD4	0.645506292847737
HSPA2	0.645312491918481
PHF3	0.645225233714722
KCTD19	0.645209847775588
GFRA1	0.644837371835836
GARIN1A	0.644378194117202
RHOXF1P1	0.643932257728541
MLF2	0.643829491132537
TBCE	0.643812067893377
DYNLT4	0.643776002500788
CLPSL1	0.643627073428848
ZFP41	0.643557487091521
MICAL2	0.643433478354028
CCDC97	0.643326819131961
FMNL3	0.643289668867729
BSN	0.643196415273872
GPRIN1	0.642546812062533
IRAG2	0.642285824859206
SH2D4B	0.642266211856166
PNMA1	0.641649302675303
PLXNA2	0.641585734113387
ATP1B3	0.640571075454431
BOK	0.640388365745442
LPCAT3	0.640303161539818
RPL18	0.63997321122732
RPS10P7	0.639219890973276
KLHL41	0.639161286229748
PLEKHM2	0.639128991999414
CDK2AP1	0.639002813434519
KRT42P	0.638990034329892
GALNT16	0.638892588521433
NSUN4	0.638830784265537
SPOUT1	0.638789880569327
C10orf88	0.638404917523579
PHYH	0.638173152524738
HCN1	0.638101662132694
CCDC78	0.637719863550893
PCSK7	0.637184113930439
C4orf50	0.637005502738311
APOL4	0.635666766399763
TRAF1	0.635351714936371
ECH1	0.634883410795446
CASC3	0.634769116471718
GPC1	0.634420205670409
PARP6	0.634016767024903
CELF6	0.63355440108016
GPBAR1	0.633544406552281
SPINK2	0.6335133376614
GOLGA2P10	0.633458617625037
SMARCAL1	0.633256109854733
EOLA1	0.633221164829144
SOX12	0.633215635539381
TRPC5	0.632604213695318
ZNF320	0.632179950928676
MASP2	0.632011495905753
ANKRD20A1	0.631951326474377
ZKSCAN8P1	0.631723311056116
CALML4	0.631624772628017
RPUSD1	0.631591596693182
GNG7	0.631317008339926
CFAP43	0.630994330164465
CFAP157	0.630815699270642
NAA40	0.630554535215429
TBCC	0.630514560087352
RUNDC3B	0.630500505162492
AFG3L1P	0.630353999980757
SLC7A1	0.630263136665552
SLITRK2	0.630091754545898
PROZ	0.630012849486847
CLPTM1	0.629787046812518
HNRNPH1	0.629601658318934
MYOM1	0.629506238534608
MBNL2	0.629387329837632
LSR	0.628044566972214
AQP1	0.627835184094
AKAP6	0.627773395509194
FHIP1B	0.627695905726138
SIPA1	0.627484726309228
TRAPPC3	0.62702522930983
POLR3C	0.626851147858106
STRN3	0.626352067514763
FBXW8	0.62522392497747
NXPE3	0.625155191943928
PLIN2	0.62514649804894
SPR	0.624770994181383
KCNK3	0.624626612654025
FHAD1	0.624477507475877
CDR2L	0.624462293438542
SYS1-DBNDD2	0.624199532112828
SETMAR	0.624093747795857
CNOT6LP1	0.623929025124208
TMEM229B	0.623535678912084
THSD1	0.623522440335718
SEC24D	0.623490411350356
CTXN1	0.623489609624852
ZNF382	0.623283835624565
MTHFS	0.623272897573713
LIMS2	0.623074009424689
FBLL1	0.622992663335505
KCNIP3	0.622746933353578
VEGFC	0.622555264121615
RASSF1	0.622326303417874
GDF5	0.622221717361118
HSPA6	0.622142928115882
NAGLU	0.621943442417303
REC114	0.621936595030536
TRIP6	0.621806364810143
GSN	0.621795472432964
HM13	0.62119684067178
GGH	0.620952810926013
ZNF233	0.620806012755055
CD44	0.620073490049738
CBX4	0.619887825307795
PIGAP1	0.619838623729292
PTGES3L-AARSD1	0.619790029348656
CTC1	0.619481269689773
EPC2	0.619212107611908
PRR22	0.61915147591103
NOP2	0.6191351062945
PPIEL	0.619109605971311
RPL7AP45	0.618976745838311
RIBC2	0.618802646706173
RPL24P4	0.618083507214126
AKR1C3	0.6180445158579
PLA2G4E	0.617617570215045
ACTR5	0.617116143610297
HPX	0.617061551626576
TRIM15	0.61698314873378
BCRP2	0.61683701013528
ADNP2	0.616797485363236
MBD5	0.616534570106441
CENPB	0.615207076930407
RNLS	0.615203061694907
VDAC1P8	0.614541760159002
DEGS2	0.614358559086029
RHPN1	0.614280970155235
ANKRD20A18P	0.614114284483189
ZNF660	0.61351293546707
IGHM	0.613069295589893
RETREG2	0.612939694762356
BPIFB1	0.612920880020481
KRT80	0.612742028224264
ZAR1L	0.612638540155153
RAC2	0.61258227046165
SLC10A4	0.612548003397222
CYP4F33P	0.612381073249886
DHDDS	0.612200654859442
PTBP2	0.612182829765668
ZBTB9	0.612059134199446
FAM107A	0.612051565705327
C1orf74	0.611876844780641
AP3D1	0.611409923823588
TNS4	0.611102280038624
CHLSN	0.610934465641085
ZNF284	0.610763638837903
H3-3A	0.610669770636847
PFN4	0.610616332105686
CRYZL2P	0.610184894250443
LGALS3	0.610012920168433
PTPN3	0.609887289129334
NFASC	0.609816515950746
ABCC8	0.609756044273515
SNX21	0.60970170577886
C19orf73	0.609544999479779
RPL11P1	0.609462679723139
PRSS33	0.609235083908514
ANKRD65	0.608960608958722
RNASEH1P2	0.608704237915527
SMG8	0.608636658404102
SLC35F6	0.608249295293611
ASPHD2	0.608191459673375
MCOLN1	0.60818200446375
SLC22A11	0.608082597932403
NAPEPLD	0.608061843409253
SLC25A33	0.607667801420527
KCNJ3	0.607665888137534
ADAM32	0.607559572942986
FUT3	0.607018776806315
CERS5	0.606876643226121
R3HDM1	0.606676437205199
ULK4P3	0.606635570582842
DOCK2	0.605838609240896
FTH1P11	0.605798907504274
UCK2	0.605600917853224
SRCIN1	0.605402874133239
SERPINI1	0.605387495854245
PYCR1	0.605345738893227
CTSLP3	0.605233032780991
ACTC1	0.604821137286394
CAPN11	0.604335239842587
SPSB2	0.604129722240498
HSPA5	0.60381681493701
ESRRG	0.603769313160907
C17orf100	0.603448120683602
PTH2	0.603261902023031
CHL1	0.603195447546636
RASA4EP	0.603126415180324
SMIM45	0.60306411198534
ALMS1	0.60306064448805
ZNF521	0.60294012575304
F8	0.602757283129072
ZNF438	0.602675416852896
MYL10	0.602636991187374
GJC1	0.601929782049667
ALG1L1P	0.601711116401595
HSPB7	0.601674906634578
ARRDC2	0.601634150670083
ANAPC1P4	0.601494287976865
ZNF619	0.600727940764699
TNFAIP6	0.600392587564433
KCNA7	0.599958807220542
ADAM22	0.599690884057214
B3GALT9	0.599481217912814
MACROH2A1	0.599354959756532
STRC	0.599317707765461
SMG7	0.598907949863197
MLPH	0.598653562335639
R3HDML	0.598620961137273
CHMP3	0.598312633942333
TSTD3	0.59821953545502
ATXN2L	0.597842317952177
CACNA1G	0.597798148860024
ZNF562	0.597582149837031
PROCA1	0.597238025585267
SLC39A7	0.597088841071878
PSMB5	0.597055937600454
NGLY1	0.596998207263958
ANKRD20A5P	0.596955411508016
C20orf202	0.596757195658147
SLC9A2	0.596615131740287
EVI5	0.596464956481975
ZNF559-ZNF177	0.596204769342914
KCNH6	0.596080388162428
INCA1	0.595771403359936
LIPT1	0.595723613016088
MR1	0.595496536220391
AVPR1B	0.595467582638604
TBC1D32	0.595367114223911
CATSPER4	0.595336762819343
RNASEL	0.595112391310521
CCR8	0.594965047437613
PPP6R2	0.594950272921481
CR2	0.594696718732269
YDJC	0.594677077152682
SAXO5	0.593864767919509
PIK3R3	0.593858905239982
BIN2	0.593786180727824
INHBE	0.593660228124826
MROH3P	0.593318809418363
SLC35E2B	0.593081795726574
HMGN2P15	0.592934858111091
ICA1	0.592855857557514
IRX6	0.592764430515758
DNMT1	0.592732856592359
TMEM26	0.59270565250875
MDGA1	0.592692679402898
CEP162	0.592629085769839
COQ10A	0.592579293194693
GHDC	0.59219126998336
RITA1	0.591965484921378
CNN1	0.591806441954851
GPAT4	0.591770303698221
TMEM132D	0.591749464110345
TMC2	0.591731431048083
TGFA	0.591678304075234
BAX	0.591497586636738
FREM1	0.59087922210253
UHRF2	0.590273748199332
GPD2	0.590145120215134
OR2A20P	0.589984323815985
ALDH6A1	0.589534157276881
SLC35A4	0.588715026983694
HMGCLL1	0.588669147580759
TSHZ2	0.588654436898527
TM9SF4	0.587594201907078
HDAC8	0.587470094445254
TSEN54	0.587435160321144
CTSL	0.5874313548458
DENND10	0.58720283539092
MYL6B	0.587196749848331
ACSS3	0.587143103968462
MTERF4	0.587033356032503
KCNK7	0.586987245657996
LRRC37A2	0.586747241310461
SEPTIN7P13	0.586605020658851
MAP1LC3C	0.586156520478179
POMT1	0.586142395415075
P2RY2	0.585813463712074
TSPAN11	0.58580704629376
ZNF446	0.585797549456292
IL6ST	0.585790635089107
DEXI	0.585537311926298
NDUFS8	0.585341581964347
TMEM35A	0.585281897753356
PLAU	0.585181467144762
SPACA6	0.585124509549631
NEO1	0.585021135247051
IGKC	0.584923488416829
SPNS2	0.584872969657849
NBDY	0.584746788102094
CCDC71	0.584555723142819
CCDC184	0.58428953987828
INHBA	0.584164202587725
CCDC66	0.584011372894268
RAMP3	0.583771727113052
CNN2P1	0.583608348189816
FTH1P10	0.583233021314459
E2F5	0.583165498703649
RIOX1	0.583109505624061
ZNF696	0.582933360133313
AKAP3	0.582927057387491
PAIP2B	0.582659501226385
CDKN2B	0.582494052370632
ABHD14A-ACY1	0.582457096075799
GALNT12	0.582268281981061
FETUB	0.582203493885382
TVP23A	0.582181732958912
TPM1	0.581915887443017
PRELID1P6	0.581633926020699
ABCC5	0.581530352167141
SERF1A	0.581503252484866
CYP2D7	0.581419845555301
CCDC171	0.581383081326272
F2RL2	0.58134048996893
PPAN-P2RY11	0.581307574088059
P2RY11	0.58122275730931
POPDC1	0.581167110112062
ST8SIA2	0.58096337478961
TAS1R3	0.580898297702749
SLFN12	0.580835347426626
SRRM4	0.580670606948532
RAB9B	0.580662047832427
MYRIP	0.580652842251591
SH3TC2	0.580606311369183
RTEL1-TNFRSF6B	0.580475004081634
IL11RA	0.580392207154964
TNIP3	0.58033997784595
KATNAL1	0.579880270080732
ATP6V0C	0.57914301788698
TNNI3K	0.578963309486941
TET3	0.578698303434486
SLC25A29	0.578664500768577
C4A	0.578501143080702
SLC15A4	0.578435159943967
ZNF784	0.578422595409359
PRMT5	0.578229996697052
MTMR4	0.578103743510156
PAK3	0.578078979906575
ASB16	0.578035816078919
EEF1A1P9	0.577784427190773
NPIPP1	0.577475797421607
CLTA	0.577332547342828
RAMP2	0.577272838550355
KCNMA1	0.577247438620585
FANCI	0.57712998712271
B3GAT3	0.577125218942678
STX1A	0.576802651126827
SLC2A6	0.576713594153218
APLNR	0.576615122320131
ENOX1	0.576587232744281
CD1D	0.576253840774952
TSEN2	0.57586845504561
NMRAL1	0.575766452391611
SSU72	0.575573721861
NASPP1	0.575247384529438
JMJD7-PLA2G4B	0.575202976739198
CAPN7	0.574888510426733
ARFGAP1	0.574517097010183
PRLHR	0.57449499931667
IGKV1D-43	0.574383995076949
ARL9	0.5740456259452
TEN1-CDK3	0.574021146200924
TTN	0.573867476913758
PXYLP1	0.573800128127797
APOBEC3D	0.573606145988836
KCND3	0.573295149616654
GPR27	0.573096417827457
SOX2	0.573026643456232
FOLH1	0.573001311261431
TPP2	0.572572762769297
ZDHHC16	0.572473561858227
LRRC37A	0.572404487802574
ENPP7P4	0.572250396918272
FCMR	0.571902976241522
SUSD5	0.571590354199204
LYPD3	0.571368641695409
SPIN2A	0.571192079050812
TMEM37	0.57095114426871
COPRS	0.570916164592724
TAF6L	0.570726453314996
SLC16A13	0.57054024941669
HDAC7	0.570392735674418
RUFY2	0.570389487208275
ARL2-SNX15	0.570351510741311
MYO1F	0.569384500434684
CNTD1	0.569082032623402
ZNF565	0.569061153165516
EEF1AKMT1	0.56895336906557
SPATA6	0.568940131519283
IKBIP	0.568894509777036
STAC2	0.568760944779503
ILDR1	0.567940591394193
PRSS50	0.567876744165844
PDZD4	0.567180911362775
TEAD2	0.567070260105036
SPEF2	0.566938822712885
DAG1	0.566803811551292
S100A6	0.566788763370936
GAD1	0.566728722980613
BABAM2	0.56651525634771
DIP2A	0.566412928902768
YBX2P2	0.566312108075896
HINT2	0.566176359033556
DDX27	0.564973874090661
ZNF584	0.564392158704075
CAMSAP3	0.564240273456094
CLDN15	0.564118672645678
F5	0.563822157269537
ALDH1L1	0.563797558435211
ALAS1	0.563779122749286
SELENBP1	0.563552250834682
TEKT4P2	0.563245203913048
CKMT2	0.562850464168917
MARCHF11	0.562650604589475
RANBP3	0.562593977650211
HCK	0.562384659701685
CDHR17P	0.562355332031794
RFXANK	0.56231655954774
TCAF1P1	0.562309357248415
PRKAR1B	0.56228442815126
CNTRL	0.562246663310477
ZDHHC14	0.562199250761079
FPGS	0.561876496893973
C8orf58	0.561725568639419
PEX5L	0.561478698745439
TCERG1L	0.561465943272614
CHAMP1	0.561250788583986
SMPDL3B	0.560980022936537
GABRA3	0.560882671584049
CABLES1	0.560740093103549
SLC25A43	0.560646709388087
SLC6A1	0.560562554687464
UQCC2	0.559462535160711
LBP	0.559189858711038
MADD	0.558471820394502
KCNK9	0.558288384283919
ARL4D	0.558181961503604
CA3	0.558046825305391
MARCHF10	0.557878424797319
CCNJL	0.557799724474486
C20orf96	0.557247234122233
C1RL	0.557143445267829
ZFTRAF1	0.557105447245707
RPS2P32	0.557088498513546
TMEM190	0.556813755811139
POM121L2	0.556717275146881
MANEA	0.55651699415133
DHFR2	0.55642227139564
RFFL	0.556199018221815
RPAP3	0.556132471332377
KIRREL1	0.555838308985162
ANTKMT	0.555690005413134
ZNF362	0.555561588098425
TMEM205	0.555408956687435
CSF1R	0.555183928368803
KCNN4	0.555142690579342
SYTL4	0.555129775005369
ARHGEF15	0.554577606442915
LRRC8E	0.553926935170964
MRLN	0.55392388259583
ATP9A	0.553866047246326
TLCD4-RWDD3	0.553742641455088
PCSK4	0.553583638355355
FIG4	0.553405805049903
ANKRD20A3P	0.553384158070219
PIH1D2	0.55324247786453
DUSP14	0.5531693059345
ADHFE1	0.552964463750601
SLC34A3	0.552783083533526
NPHP3	0.552674489888343
CACNA1F	0.552374369066664
CYP1A1	0.552159860978967
KLHL22	0.551944669596049
VGLL2	0.551905937766893
TEDC2	0.551606283915534
MEA1	0.551440898924429
SNX24	0.551402354197256
RHOD	0.551363821858208
SLC48A1	0.551109353136474
RPL32P18	0.55110899081606
ZNF235	0.550511109321644
SOX9	0.550294288250504
SYTL3	0.550199397751926
CD79A	0.550183829817232
TMEM97	0.549864020447384
LZTS3	0.549694586881293
SLC44A4	0.549612365183393
RP1L1	0.549574996138397
NPHP3-ACAD11	0.549526436818804
APBA3	0.54942569927047
STRIP1	0.549195062206863
PTOV1	0.549160267296229
AMER1	0.549005092415397
PIK3R5	0.548998015730309
ECMXP	0.548972471636498
KCNG2	0.548946499152234
RIPK2	0.548846256768993
ATP6V1B2	0.548795965551698
YIPF2	0.548785288145794
FOXA3	0.548587119958206
QTRT2	0.548151233989842
ACACB	0.547728557794283
MEIOB	0.547688818688766
DCDC2C	0.547673582304747
USP21	0.547415599326643
MAOB	0.547110461876528
GPR63	0.547085986967815
HERC2P10	0.546958076701939
EFCC1	0.54680463067078
LUZP2	0.546568297201353
NKX3-1	0.546534718426655
ERG28	0.546497462766277
FXYD6-FXYD2	0.546376200465301
LASP1NB	0.546197977383063
ITGB2	0.546050375344082
ZDHHC12	0.545814649354712
ADAMTSL3	0.545167360370416
GRIK1	0.544806755585914
RHEBP1	0.544466829922611
JUND	0.543980579521071
SLC11A1	0.543478592571241
FGD2	0.543315848361089
CLTCL1	0.543313937604297
SDS	0.543305051831407
SCCPDH	0.54327259584972
TCAF1	0.543261835053139
GPR142	0.54309361286632
SLC25A53	0.542987881044559
TBX18	0.5424418337041
ATP13A1	0.542213747572717
GNAZ	0.542174741969781
KRT81	0.542160894391518
INVS	0.542154127284269
GAL3ST4	0.54213153729348
MYCBPAP	0.542108865003084
NRSN2	0.541765274514753
DNAJC30	0.541691244353351
SH3BP1	0.541577213008893
RABL2A	0.540753099409768
ATP10B	0.540148726446576
TBC1D20	0.540142245144429
UNC93B3	0.540073893373657
ABCC1	0.53987830122711
CHID1	0.539736242127933
S100A2	0.539515294653321
NPIPB9	0.539381215751892
PM20D2	0.538954035264122
MSMP	0.538939923020004
ARL14EP	0.538403477565677
SERPINE1	0.538315844733186
THOP1	0.538204523149055
NINL	0.537459178001547
AKAP13	0.537333242348188
GDAP1	0.537276796405502
PI4KB	0.537113420029202
MSRA	0.537029829469751
CIB2	0.536835392986699
PKD1L1	0.536633536192974
SLC5A6	0.536608862387516
IMPG1	0.536384217536883
MPND	0.536299278076212
WDR97	0.536159980304231
PPP1R12C	0.536138850288018
C17orf113	0.536088806953255
MYPOP	0.536083245735354
TAGLN	0.535889022885627
SCNN1D	0.534671733776718
DAGLB	0.534658699006876
FKRP	0.534608964888599
XRRA1	0.534380263358983
WDCP	0.534350115077699
GUSBP5	0.533832307909394
GJB3	0.533783962910374
BMS1P20	0.53373807267271
KLK4	0.533499721362178
PROSER3	0.533476354583256
OSBPL9	0.53345628922591
TTPAL	0.533279944201127
IFT140	0.533222967675822
SOD1	0.533219407375284
POLR3H	0.532962691426111
RNF103-CHMP3	0.532901697267572
PROSER2	0.532808689707684
KCNJ12	0.532664945065111
RPS6KL1	0.532663270549168
PRKAA2	0.532583452568987
MT-ND2	0.532541477836617
MSANTD3	0.532447911900329
BPTFP1	0.532297683757153
SEPTIN12	0.532046887414695
INKA1	0.531956294331724
NPDC1	0.531945951033427
SDR9C7	0.531083555097303
CCT6B	0.530756086493384
CMKLR1	0.530698603573728
PPP1R1A	0.530675749060445
RPL13AP7	0.530455603966816
SNCG	0.530443570286964
TRIM72	0.530330201507541
XYLB	0.530173025599703
TMEM151A	0.530067272692013
COL22A1	0.529960492550689
EEF1A1	0.529584704609099
RIBC1	0.529239436446231
CYB5R2	0.528703917628159
RUSF1	0.528684083642132
JAKMIP1	0.528634691904518
EYA2	0.528310581531863
SIL1	0.528204946079698
GOLGA2P7	0.528171776067706
THAP10	0.528043891057384
EPHB2	0.52792710169234
PIK3CD	0.527896347141805
OBSL1	0.527837477100489
EEF2KMT	0.527705443347507
SBSN	0.527468260868196
CREB3	0.526463508467224
SIMC1	0.526459650714161
GLIPR1L1	0.526331317195716
IDO1	0.52612985949825
RUBCNL	0.526088297727325
PDIA6	0.526039818168511
MASP1	0.525918656148034
GGTA2P	0.52585122626304
MSRB1	0.525838767770858
JMJD7	0.525648339215159
PLOD3	0.525424267997905
WDR46	0.525361979697509
SMIM43	0.525098916965425
CHCHD2	0.525020722778128
ANKEF1	0.524928442310238
SAMD15	0.524748733000468
TIGD1	0.52445333858012
BMS1P8	0.524001203297362
IGF2R	0.523927256672249
RPL7P39	0.523870450408031
CHRNA7	0.523703839153887
CAPRIN2	0.523496717653687
RLN3	0.523420042429361
ALPK2	0.523128460922084
CFAP53	0.52255861256678
NSD2	0.522476483194622
UBTF	0.522430955469393
PRSS36	0.522412776230052
HPSE2	0.522165199724448
MAN2A1	0.522084399883572
LRRC75A	0.522054650039224
ABCG4	0.521951930601226
PRSS46P	0.521940045286046
ANKRD50	0.521829749405698
ITIH4	0.52172226800816
POMK	0.521164245451439
KLHL10	0.520794955576899
GJA4	0.520723251960022
SLA	0.520413751870121
CFAP92	0.520400843224423
CUTC	0.520385461665291
LAT2	0.520334142170311
HLA-E	0.520320670001301
NKX2-6	0.520304340091721
MFSD10	0.520266713683225
KLHL17	0.52013058785332
TPSD1	0.519797575558543
C2orf42	0.519533112557473
PIEZO2	0.519283909142773
TTC21A	0.519105621630036
CNIH2	0.518992633955724
ALG6	0.518955485152006
RNF152	0.518524376194902
LIPA	0.518169309871915
NBPF9	0.518036005780032
ZBTB4	0.517968283581338
ZDHHC1	0.517929105315239
ZNF572	0.517875730606834
BBS10	0.517718843684421
MLKL	0.517487819271865
RAB40C	0.517140492593409
ZW10	0.516915588952379
RSPO3	0.51680092317888
OR8B9P	0.516765737864057
MYO18A	0.516740300311646
CHODL	0.516696597062273
TMEM176B	0.516625454748319
EEF1A1P10	0.516542421138633
C1orf56	0.516541066596512
TMEM198	0.516260936429381
CFP	0.516006753500187
AZGP1P2	0.515966952938007
GLUD1P2	0.515695168035428
C10orf143	0.515492759025967
ATP2A2	0.515188072997609
ADAM29	0.515151040474387
BCL2L10	0.514983970950015
DEDD2	0.514908028345235
FOXB2	0.514768474264059
TBCCD1	0.514446969622844
OSCP1	0.514365386666208
ZMAT4	0.514088931020376
KCNJ10	0.513836234576857
MSI1	0.513709547215209
GDF1	0.513290194294182
TSPO	0.512922758197387
DLGAP4	0.512877587079507
SCNN1G	0.512823195457828
ARMC6	0.512761730031827
VARS2	0.512630525344116
PCDHGB7	0.512457856903657
PIAS3	0.512420876611649
CH25H	0.512254984242097
NUP210L	0.512244128660723
ZNF165	0.512156612905646
CBLN4	0.51200096450537
NDUFAF8	0.511960007973496
PROKR1	0.511718061720253
MAMDC4	0.511623590003416
PLEKHA3P1	0.511453706729822
LDB1	0.511094590003232
PDE4C	0.511074759175905
PDE8B	0.510785292475068
FBXL19	0.510727260750444
MARS1	0.510624739174165
FBXL22	0.510480420535311
HSPD1P4	0.510213194348912
CENPVL1	0.510130963201476
CLEC14A	0.509943691492056
ERFL	0.509744038259376
TMEM42	0.509691885859385
RBKS	0.509426236496893
CSF1	0.509305620158048
RASSF5	0.509257964268083
MTERF2	0.509248898889546
INPP4A	0.509090634201934
FAM185A	0.508901126597134
OSTN	0.508839188357308
PLA2G5	0.508736472069392
PLPBP	0.508652692988229
FAM209A	0.508605614900407
CDK19	0.508595391029485
GCNT4	0.508538513535292
PRF1	0.508423360166777
ALG1L2	0.508387461727414
STIM2	0.508350011305742
CTSA	0.508195130760279
PIM3	0.508047033265929
SCARB2	0.507954677824809
LUC7L	0.507866265562882
FAR2P3	0.507757808546745
PANK4	0.507204964551897
NEK10	0.507181143978555
GGT3P	0.507179914570701
KCNIP4	0.507087726519594
SCN2A	0.507064100975061
IKZF1	0.506666294086084
PPP1R14BP3	0.506488740929391
VAV2	0.50646216716762
MAP6	0.506270266882546
NAP1L2	0.506093744147005
MTCL2	0.505965084207767
FGF2	0.505901731499452
CENPI	0.505894261329481
DNAJB5	0.505878469798569
STRADA	0.505584270662718
TMEM64	0.505165610641174
CYBC1	0.504973210462417
MEIS3	0.504807628551223
ZNF117	0.504807474874749
COL12A1	0.504594457796343
ESPL1	0.504590340421064
ICAM4	0.504524320721822
PPP1R36	0.503854190451877
GTF2IRD2B	0.503853943037929
SLC5A8	0.503843656531416
SAMD10	0.503803110895215
ANKRD61	0.503756082534662
TLR9	0.503637133319014
PAQR6	0.503635862441055
CD37	0.503593040388352
ABCC6P1	0.503513599990392
FNDC5	0.503183643847832
TREML2	0.503098566314127
MSTO2P	0.502892058275075
LYSET	0.502502138132327
MAGED1	0.502478430711286
CDH13	0.502463407297837
EI24	0.502297779313317
ALDH9A1	0.502281080543838
CNP	0.502171737823038
NPR1	0.502049311342639
CRYM	0.501874945857754
WDR6	0.501871513077068
MEGF9	0.501542134043609
SLC41A2	0.501244542856027
ERAP2	0.500764848213426
KCNIP1	0.500757631157616
PLA2R1	0.500590207172709
CLDN5	0.500494037462352
YPEL2	0.500484343870115
SYNJ2BP-COX16	0.500461908319219
GIPC1	0.500352029942487
ZNF384	0.500226415999669
FKBP7	0.50016644311367
TLR3	0.500091325153322
DNM1P47	0.499520951331097
UPF3AP1	0.499480903629835
CEMIP	0.499359998594605
ZNF74	0.499304054038954
GRK5	0.499247201024397
RABGAP1L	0.499060829516191
RPS27P3	0.499017446722931
IFT25	0.498605525956121
HAPSTR2	0.49838528433589
TOR1A	0.49823627826761
MESP2	0.497971642208626
KLHL12	0.497743825365418
MAP3K12	0.49766095527159
EML6	0.497457138882372
PLAC1	0.497214566709595
H6PD	0.49720939093424
SLC35G5	0.497091045203583
AGAP10P	0.496857431917384
TARBP2	0.496760305823103
GIPR	0.496522277495181
FBXO44	0.496450432878861
ZNF603P	0.496414423468013
TBX21	0.496348071347461
FAM81A	0.496106729398655
ENDOU	0.496040010358558
TBC1D30	0.495981004874116
ATG4B	0.495913156608046
ARHGAP35	0.495653740650779
PFN3	0.495637749408792
PTPRCAP	0.495591779590256
RNF175	0.495358526857217
TAF15	0.494831470690725
DNAJA1	0.494674650207334
HBA1	0.49465969473667
PLA2G4B	0.494531630087839
UBE2J1	0.494528725559094
HSPB2	0.493829734052992
C8orf82	0.49367514656473
SDHC	0.493621371889315
ANKRD53	0.49362136538986
FAN1	0.493362552243937
LAMTOR1	0.492907093214954
ASS1	0.492891134177435
IFIT5	0.492553850895897
APBB1	0.492465942798132
GRK6P1	0.492119796571446
MSX2	0.491997334344968
BCL2L2-PABPN1	0.491832459754219
IDUA	0.491763914287194
OR7E12P	0.491662878003207
STIM1	0.491640829773964
ST6GALNAC5	0.4915830877103
GNPTG	0.491357198621561
COA7	0.491263299641694
DHX58	0.491245456290519
CSPG4BP	0.490679000746247
MROH8	0.490629059808391
HMGXB3	0.490585250866667
TCTN2	0.49048412986162
ALKBH6	0.490218524553862
RTL6	0.490208632053752
ZNF580	0.490010148492168
SMARCB1	0.489864523890708
TNFRSF10B	0.489850109719698
ZNF444	0.489833741851042
ANKRD31	0.489758804407495
EFL1P1	0.489733567727223
MMEL1	0.489595389259564
DDIT3	0.489343409169522
AZGP1P1	0.489085016912549
FATE1	0.489073313933788
GLT1D1	0.488769186783315
CHN1	0.488006926597263
BCL6B	0.487895041130967
ZNF630	0.487853414809835
SIRPAP1	0.487778671578205
C1orf159	0.487568543674483
GSTM5	0.487283156689754
HSFX1	0.487064074758651
BMP8A	0.487007448090547
ARMC3	0.486619395236191
EIF1B	0.486537401791161
GPS2	0.486451038991864
ZNF638	0.486315658694438
TRNT1	0.485737838958536
PCDHGA5	0.485643618516384
CCDC40	0.485525300660627
PGGT1BP1	0.48547978240077
RCN3	0.484877112571502
IFTAP	0.48477138015725
ZNG1C	0.48432249830495
ACTG1P25	0.484217563517615
GAB4	0.484045847879576
ZCCHC18	0.484024856259603
TIE1	0.483898787790468
ZNHIT3	0.483687274409292
IP6K1	0.483678896493563
POPDC3	0.483458284069807
ARL2BP	0.48339848822363
PCP4L1	0.483365170538792
POLR2J2	0.483355028454688
SMARCA1	0.48298681815536
ZNF226	0.482880497582413
NQO1	0.482395165136935
SSPN	0.482311788822944
SLC7A14	0.482132887690931
CYREN	0.482094735725657
CREG1	0.481852080260869
IFT27	0.481735918621157
UMODL1	0.481675823108327
FOCAD	0.481511635053225
QRICH2	0.481330708357392
OR2W3	0.48127693872578
PHACTR3	0.481139170251029
ZFYVE1	0.481025451262967
MLLT1	0.480708821243157
FAM98C	0.480384637307052
TRIM3	0.480173131542306
NKAIN2	0.480006504870722
KCNJ9	0.479946506967685
GPX1P1	0.479903534310896
ZNF33B	0.479724935638314
ALG8	0.479688165457109
ITPKA	0.479685960600059
PSKH2	0.479484445871913
ADAMTS7P4	0.479453612696242
GLIPR1	0.479283130405437
USP2	0.479014949954193
MIDEAS	0.478931172470394
CES4A	0.478847228666727
MAP4K4	0.478655191155096
MDH1B	0.478504441120385
WDR17	0.478495933066509
SLC35D3	0.478378374418415
LRP5L	0.478300690816815
BRSK1	0.478122948100757
RARB	0.477897425210663
ARB2BP	0.477825152555739
NXF2	0.477787536923536
SIDT2	0.477668712678397
ARL17B	0.477406323696342
FAM135A	0.477244477799557
HGFAC	0.476761590132791
RAVER1	0.476756921501639
TLR2	0.476644087379522
MIEF2	0.476540360270476
TEKT2	0.476492374097007
ZSCAN26	0.476056212431575
CUL7	0.476035762350264
CFL1P1	0.47590197426583
MAB21L2	0.47575730696303
EML5	0.475741594247427
ITM2C	0.475631862797737
MAGEA6	0.475537625029109
NPEPPSP1	0.475102964853627
TPRX1	0.47480370190716
CDH18	0.474640737795996
GFRA2	0.47448956965238
ADORA2B	0.474469907144941
ZNF334	0.474369120918676
EDN1	0.474285632751992
LRRC43	0.474217798157328
RNF212B	0.474157312700925
OSM	0.474081575922348
FAM131C2P	0.474041119643772
GBP2	0.473990711475632
ATOH8	0.473624069436624
LRIT1	0.473140191145677
PTHLH	0.472195952810291
TMEM94	0.472167770795137
PPIC	0.472014559612368
TIMM44	0.471934771042005
DDR2	0.471922160274375
KCNQ4	0.471558114695521
IGFBP4	0.47141177836652
SH2D5	0.471178788225089
DNAH17	0.471003129213901
GTF3C1	0.470929938052167
LGI4	0.470897477699095
DNAH14	0.470817447473638
RNF150	0.470785651378217
SLC25A42	0.470601560873671
DAXX	0.470338629370992
CASKIN1	0.470299782496453
STARD5	0.470197432704943
TTLL5	0.469713654872443
RAB44	0.469475536047419
CLMN	0.469333983618074
RAD51D	0.468855373992099
MRFAP1L2	0.468787835744122
SFTPD	0.468698694045355
ANO7	0.46849155273759
PARP14	0.468193077950668
SMYD4	0.468108079088332
RPL3L	0.468080133863218
CASP9	0.468034575918271
CCDC183	0.467651527090314
RAET1G	0.467578625442907
SEMG1	0.467495768413821
PCBP2P1	0.46733530557928
SELENOP	0.467249857866835
CHCHD2P7	0.467234703079968
AURKAP1	0.467225957045457
CCDC112	0.466885801057212
DNMT3L	0.466797399408006
NFRKB	0.466535259270935
CHRNA6	0.466356833229365
C21orf91	0.466211625833535
CALHM3	0.466200388551772
TRPC1	0.465833377445522
MLST8	0.465535050220257
COL6A3	0.465307567453289
GREP1	0.46528987765435
USHBP1	0.465195289110944
PENK	0.465106221005863
RTL10	0.465098275823483
ACADL	0.464870991998089
RBM28	0.46476083181652
CMC4	0.464519689827666
PRAG1	0.464446834011832
MAN1A2	0.464346887120554
ZNF213	0.464268885701992
SNRNP40	0.464261616832385
PSMB4	0.463708738670067
PPP1R14BP2	0.463692061518694
VPS39	0.463662422050186
SLC4A8	0.463569490528348
KLF2	0.463329174355267
MARK4	0.463155760580184
MBLAC1	0.463107087203047
B4GALT2	0.462893641031416
KCNE5	0.462884961877399
NMUR2	0.462542106496205
SAYSD1	0.462346063107493
MSH3	0.462094659219692
CORO1B	0.462004383136455
HSD17B12	0.46188868113709
LGMN	0.461658029518639
HIP1	0.46138915334483
TRIM73	0.46137417637936
RARRES1	0.46137276473563
P2RY6	0.461335156174072
TMEM243	0.46113041140854
DEGS1	0.461038379868063
MMP10	0.46094643689189
COMMD9	0.460851808774398
SEMA6C	0.460836339058319
CFAP144P1	0.460792854475681
SLC5A4	0.46072610872314
HAUS7	0.460602190230351
INMT	0.460462150385679
STK33	0.460356416218037
RNF103	0.460083260472166
ATP6V1G2	0.460046005714257
NAA60	0.460032773552485
HSPBAP1	0.460006316686673
CFAP90	0.459043333759705
SDR42E1	0.458646763762673
TEX11	0.458401171322084
PLCB4	0.457852457487617
RHEBP2	0.457783063817491
TMEM150A	0.457356484673384
ATR	0.457243526744635
ACTN1	0.457115595589059
MCHR1	0.456646136992707
TMEM200A	0.456643790172517
TMEM79	0.456619388826371
PTPN18	0.456459182413578
SMCHD1	0.456362554326417
RPL7AP70	0.456209576516053
CYP27A1	0.456158099881349
ANKRD33B	0.456157777016458
ZNF182	0.456068801024473
ABCA2	0.456038639607947
ZNF853	0.455789596702298
SETD1A	0.455613899583554
NOSIP	0.455518081495799
TARBP1	0.455446265408259
ANAPC1P2	0.455418089202292
PPARG	0.454999156291673
FADS2	0.454987444445558
SMO	0.45494800131855
STXBP4	0.454919180148033
REP15	0.454834686844645
FBXW12	0.454827379307824
MED16	0.454792205227563
PMS2P10	0.454465636480106
CENPM	0.454400835153849
NRADDP	0.454379096256905
EIF4BP6	0.45432813509806
GKAP1	0.454056061429931
STK32C	0.453972585806223
ARMCX4	0.453394241674655
ACTG1P20	0.453276668345939
NUTM2HP	0.453251111600732
LRRC71	0.453073766642975
CMAHP	0.453025209573181
ALAS2	0.452785892533506
VAMP1	0.4527401777927
NRTN	0.452709576493447
CDYL2	0.452704564422876
KMO	0.452675204919762
OXSM	0.452514821085093
SSX3	0.452502769603408
C5AR1	0.45241643222879
ZNF662	0.452382918582832
MED28	0.452356467737821
PARD3B	0.452337549246951
YBEY	0.45230242146088
SLC38A6	0.452079788885693
PLD5	0.451927857612282
ACR	0.451850105823785
ANKRD18CP	0.451761607234206
SPTBN2	0.451693496252522
PQBP1	0.451688414083151
ISL2	0.451640209322222
NMNAT1	0.451573677237497
TEX26	0.45125705803223
COTL1	0.450953062222244
FAM227A	0.450833736273629
TMEM265	0.450789858881775
ZNF114	0.450768847591117
FSIP1	0.450686919586823
EEF1A1P6	0.450587890225846
LMCD1	0.449973412507809
KDM5C	0.449737514990067
GRM7	0.449675216783126
CCDC17	0.449638687371349
ZNF513	0.449504429151783
CARS2	0.449275713044083
PPOX	0.449192419109849
CHIC1	0.448975708251013
TMEM17	0.448722512679161
MFSD3	0.448018043942761
BCL6	0.447909919681219
CDKN2A	0.447789434250499
TMEM145	0.447725852348977
TRAF2	0.447606836949396
PON1	0.447536074910194
PAXBP1	0.447152486103625
UNG	0.447096034362614
GET4	0.446883625773016
SLC1A4	0.44685413906703
PEX7	0.446784547281754
MRC1	0.446776641432116
ARL2	0.44671800177329
ATF5	0.446636211829027
KCNRG	0.446401052888425
PDCD6IPP1	0.446121111144024
TBCEL-TECTA	0.446052150628791
TPCN2	0.445667919110605
MEX3C	0.445498931443393
NPHP4	0.445084561875336
CDKAL1	0.445046990053645
BRD2	0.444955084750437
CDH17	0.444718908658946
ATIC	0.444577713080228
CYB561D2	0.444327636476244
AKT1S1	0.444316098325924
ARMC2	0.444307304836349
FAM216A	0.444076730212991
RLBP1	0.444001269783662
TCAIM	0.443903501008934
CACNB2	0.443694875505974
EMILIN1	0.443359479327384
GJD2	0.443220937909002
KLHL3	0.442924679127071
CNPY2	0.442693628519382
CNKSR3	0.442382881334873
HMX2	0.442376549989233
CCDC191	0.442326418261599
XCL1	0.44227910088593
WNT16	0.442278306545209
LRRC8C	0.441982916047891
GGT1	0.441965480906888
CCDC34	0.4416835484147
SBNO2	0.441359856665324
IRS3P	0.441285479691332
ZC3H12D	0.44112516224263
LRTM2	0.440980293231991
PRSS23	0.440843868908004
CYP27C1	0.440748836223541
ADAP1	0.440244829041445
CCDC158	0.440149544027073
HUS1B	0.44014078641967
POLR3E	0.440130084301565
TMEM219	0.440112346374832
TPH1	0.440008530155821
MTCO2P12	0.439888834566334
CA7	0.439736132510829
IFT88	0.439634817071993
MARK2P19	0.439545378990554
PAPSS1	0.439189473596511
SNX7	0.439004525212613
IRF1	0.438977218785928
MYL2	0.438430220838723
GUSBP3	0.438271094845742
ST6GALNAC6	0.438114856695153
CFAP410	0.438095730490003
RACGAP1P1	0.438060941134474
CNGB1	0.438050323164987
SLC2A9	0.437775476339346
GEMIN8P4	0.437707080717654
DYNLRB1	0.437703415719448
CBLC	0.437648130504931
RPS26P15	0.437585937479379
FBXO40	0.43734761942359
CLCN2	0.437290902839147
ADGRE5	0.43728964557808
WNT3A	0.437184420964787
ZNF616	0.436954568770631
LRPAP1	0.436800531893144
OR2AG2	0.436731472067796
DENND4B	0.436590884052005
AKT2	0.436442358358482
RASA4DP	0.436087415944592
TGFBRAP1	0.436004927243958
IFT74	0.435603090094643
ZSWIM8	0.434948530316317
DNAI3	0.434935211424608
TBXA2R	0.434724803555071
NECAB1	0.434518496571885
CELSR1P1	0.434380405850743
GNAO1	0.434247969502833
GNG3	0.434124236062269
SLC22A14	0.433764598826375
MAN2B1	0.433657926767299
PGCKA1	0.433609402963522
ARHGEF2	0.433558248028747
RXRA	0.433189471938028
SULT4A1	0.433180218158272
FANCL	0.432974609635123
THOC1	0.432971795404061
IRX2	0.43293379447656
WFS1	0.432882199761751
NAGPA	0.432634294700833
CILP	0.432507005838491
ASAP1	0.431803998657552
IPO5P1	0.431413065787556
ABL1	0.431342204159184
RPS26P31	0.431291617908626
TNNI2	0.430986152410122
OTULINL	0.430613465221378
GLRB	0.430461499226073
CLEC16A	0.430333085350339
GNL3LP1	0.430314407057302
ULBP3	0.430180604761245
AGPAT4	0.429994820360245
CDK8	0.429953538409813
ETFA	0.429629787320241
SYNC	0.429496212822812
IRX2-DT	0.429327874784373
SLC4A5	0.429271043486673
KCTD7	0.429234399078302
SLC12A1	0.428921882437528
REX1BD	0.428902738145064
INTS11	0.428806030117448
GLB1L2	0.428649456162158
TVP23C	0.428499130827129
MARCKS	0.428343280649555
NOX4	0.428203040085316
TTLL3	0.427397856498326
TBC1D2B	0.427158082772674
BHLHA15	0.426609857639564
USP11	0.426563151134295
SPPL3	0.426432812139007
OR2A42	0.426115903278051
FAM110B	0.425750571076725
USP4	0.425608997373886
FREY1	0.425419811856758
EFR3B	0.425250574279864
PCDHB13	0.425249715946623
LRRC37A7P	0.424996823398936
COL11A1	0.424988415731412
FPR2	0.42425608952237
GJA10	0.424226440501697
ACKR2	0.424034990722874
DCX	0.423902786211119
TMEM80	0.423772330998201
POR	0.423753986875522
TST	0.423741946545486
EMID1	0.423618403880381
TSLP	0.423547128329256
TMEM52	0.423496698261538
RFX7	0.423404355873925
SLC43A1	0.423142513905192
APOBEC3H	0.422969115701605
TCEAL3	0.422917634984339
KRTCAP3	0.422888924049673
SBSPON	0.422838055584503
VWA5B2	0.422824090020783
EDF1	0.422819484507196
WNT8B	0.422685869352316
SLC25A13	0.422640369571594
NKX2-8	0.422222531949881
POU4F1	0.422068476481091
OARD1	0.421972822390205
IMPG2	0.421897123791637
THBS3	0.421872072624098
NSMF	0.421865775261663
KIFC2	0.421750161615577
ZNF548	0.421614296794649
KHDC1	0.421480516604095
BLOC1S1	0.421435716274129
KLF15	0.421412571108013
ZNF133	0.421063937886354
BSPRY	0.421036626734806
UNC93B1	0.420949153215212
ITPRIP	0.420881633543207
GEMIN6	0.420850454456698
PVALB	0.420755037443158
XKR8	0.420441517945225
PGK1P2	0.420186136656628
FTH1P2	0.42014433387478
MRGPRE	0.420137592202526
ECI1	0.42012964846972
ASTE1	0.420122212633352
BIVM-ERCC5	0.420017997116476
GYG2	0.419982066689671
ECI2	0.419944193662725
SOCS5P4	0.419765606226194
NCKAP1L	0.419681219671804
SLC24A1	0.419309952456463
GNG13	0.41925091032051
ALLC	0.419139244807859
C19orf44	0.418434062487832
POP5	0.418152159206412
UBQLNL	0.418116841611041
TSGA10	0.417991822974598
ABCG1	0.417972900392789
INPP1	0.41791535596946
PRRC2A	0.41791381179463
WDSUB1	0.417838091638629
COL6A5	0.417762188250431
YWHABP1	0.417697895079583
TDO2	0.417695319842233
ESYT3	0.4176820872044
ANKAR	0.417095328840264
CDH8	0.417060400787151
SPATA6L	0.417038891363968
COL9A2	0.416866814053663
SCAF1	0.416857302246412
CCDC120	0.416401101530151
SKP1P1	0.416278920896152
ZC4H2	0.416144625161075
ZNF70	0.416099017735459
TSPAN3	0.416082932957933
ALG10	0.415969367532569
ARL10	0.415610287982236
GAMT	0.415418295216364
GABRD	0.415268551934827
EIF5A2	0.4151530701642
MAPK15	0.415113899787254
MYPN	0.414946927112352
SNTG2	0.414689823152398
PGM5	0.414682208057692
ISCA1	0.414619306361974
CALHM5	0.414454838951663
TAF8	0.414118883472171
KIFC1	0.414094483587361
NME7	0.41310456336189
SAP18	0.412985282618383
BTRC	0.412879225728891
CD247	0.412866652439099
ING5	0.412836309742071
RADX	0.41245861168512
ARFIP2	0.412414342211218
CDC34	0.412344159160609
RGS19	0.412266206739117
ORAI2	0.41212705283206
RFX8	0.411719986015176
GAPDHP1	0.41101521544499
MMS19	0.410679243257978
GPC2	0.410023811981097
ISM1	0.409979684523178
FAAP100	0.409660507788747
MSTN	0.409173797649483
LRRC4B	0.409044546015667
CEP295NL	0.409036077112575
GPR75	0.408909447657519
PITPNM1	0.408874332534442
GALR1	0.408732526779974
FAM234B	0.408708092802413
KIAA1549L	0.408626808764086
VEZT	0.408510302160575
SKIC2	0.408281585316699
NHLRC4	0.408221013977585
PPA2	0.408006199291286
MAGI1	0.407894359973466
RRBP1	0.407615056618437
HDAC6	0.40743981499758
TMC8	0.407228201201738
RIPK1	0.407156108684491
NDE1	0.407095735704454
TSC22D4	0.407077533890943
NUDCP2	0.407000817239299
MYO1G	0.406593344496711
OR5H8	0.406295494043226
LIG3	0.406177919201626
RPGRIP1L	0.406053848771512
RHCE	0.405955574183503
NAE1	0.405901494588144
TTC13	0.405896283823065
PURG	0.405894787443268
SH3GL1P2	0.405860355022215
SRRT	0.405857461206214
MYL12BP1	0.405475958288339
ZNF396	0.405414490446919
SPAG8	0.405344416636505
MACROD2	0.405341856430845
EVC2	0.405263965805042
KSR2	0.405147212443885
LRIG2	0.404717890649406
NCKAP5	0.404699043962343
FLYWCH1	0.40468772833897
UBTD2	0.404456588031806
TAL1	0.404085252336674
MFSD4A	0.403951794235516
FITM1	0.403913083726277
PCDHGA9	0.403683859384905
FLT3LG	0.403679927357451
AFP	0.403604666928563
MAFF	0.403592806337261
VCL	0.403438525740871
AIFM3	0.403436028256653
TRAF3IP1	0.403379425354044
COL6A4P2	0.403347914675004
TTC14	0.403332638509241
PNMA6B	0.403290840254396
CALR	0.40299393325098
KCNIP2	0.402955644240553
FBXL2	0.402857800387007
TRPV2	0.402593089515512
CFAP65	0.402553721940834
KIAA0753	0.402303270625167
FGGY	0.401995251876423
MRM3	0.401611092010413
NDST2	0.401453203138657
PTPMT1	0.40126457542519
ACVR2A	0.40125519192888
CPTP	0.40120564702579
GMPR	0.401033379213263
DHRS1	0.40099240506559
FAM81B	0.400815097937798
VPS13B	0.400332192840477
SERP2	0.399739843204241
ZNG1B	0.399539200344657
TUBA4B	0.399419716327445
ABCD2	0.39934143203873
HSPA12A	0.399024316133487
IL12A	0.398804886172286
SPATA2	0.398753107098406
EFCAB6	0.398614752236665
SMG1P2	0.398568322792072
CYP4F62P	0.398529941657371
NBEA	0.398377310467838
C12orf43	0.39818606724057
TXNDC15	0.398164694215712
SLC14A1	0.398164057708388
PRRT1	0.398065059775577
TNIP2	0.398014303392117
CNPY4	0.397522264978523
ZBTB46	0.397177750181695
PWWP2B	0.397149150478252
DNASE1	0.397146202162508
ISYNA1	0.397134356056467
CMTM8	0.397000148623333
PIGP	0.396732295674216
INSR	0.396706066180005
MPDU1	0.396509860863525
AP5Z1	0.396508052293592
KRTDAP	0.39649454606724
QRICH1	0.396350285535182
MFAP4	0.396286427923601
MRPS2	0.395735057168551
PMS2P4	0.395674241254269
R3HCC1	0.395602880420266
KDR	0.395511490381075
SETX	0.395157103589057
ZNF219	0.395121833336874
MCF2	0.395044909598748
ZNF648	0.394651700725082
STPG1	0.394584658058516
LIMK2	0.39441336033311
FLCN	0.394351461086114
METTL3	0.394259899757691
FAM228B	0.394236554429401
PGBD1	0.394210959480211
TNFSF13B	0.393995780201016
IFNGR2	0.393800962153165
TRIM16L	0.393610692286797
PWWP3A	0.393436172607412
HMGB3P22	0.393393493158567
PKN1	0.393268750613915
SPDYA	0.392567818213928
CDHR2	0.392529434914823
HTR6	0.392108955474424
TBC1D25	0.391977808728455
MGMT	0.391798430176026
BTK	0.391622284049889
GPR137C	0.391533679140517
PHGDH	0.391386798324547
MS4A12	0.391325598058787
PPP1R15A	0.391135662812363
PRSS27	0.39092001350196
CYP2C9	0.390501447684633
MAPK4	0.390269173138629
LGALS4	0.390263202534717
ZNF76	0.390185745392617
CEP164P1	0.389947642830782
RASGEF1A	0.389897352567167
SERTM2	0.389879451820619
KCNAB3	0.389801794265625
KLHDC7A	0.389718315581174
NIPAL4	0.389281614039856
TYK2	0.38905780709273
MICAL3	0.388982877179272
CCDC102B	0.388889078067342
DDAH1	0.388463327785464
H1-5	0.388200553957886
TP53TG5	0.388166823206793
CDH19	0.387926914793138
GOLGA8O	0.387506161307234
U2AF2	0.38737450365764
OSBPL6	0.387195884544636
HSPD1P1	0.386930749068045
TP53BP1	0.386813101636011
ZNF785	0.386697377431703
PEX10	0.386690482008689
P2RX1	0.386689601950955
IQCE	0.386643761008007
SCAF8	0.386326452089931
FAM118B	0.386088640010968
EPPIN-WFDC6	0.386047479177647
MTMR14	0.385740253721376
COL4A5	0.385720923110934
BNIP3P16	0.385561584062336
SLC6A17	0.385526682314658
CAPN15	0.384982420028572
CHRNA2	0.384630903328026
MAPK13	0.384438649391484
PTGDR2	0.384387166866777
TUBA3E	0.384329300394497
CKAP4	0.384259294462867
ATP2B4	0.384219851228268
OAS1	0.384194356498756
PTPRF	0.384074166940257
FAM53A	0.383936462437784
SHANK2	0.383735137585637
GOLGA8B	0.383592447010736
DNAAF1	0.383470000874813
WASH6P	0.383436863169806
ZNF750	0.383345831462434
PKP3	0.383340938343174
SLC35F5	0.3829969563995
BCO1	0.382986402770271
STRCP1	0.382909911818336
TEX21P	0.382862765186419
ASTN2	0.382750524909838
SLC44A3-AS1	0.382549411101712
S100A3	0.382533157591128
FAT1	0.382434686129372
HELZ2	0.382432455594372
CDKN2AIPNL	0.382382346134561
LACC1	0.382192853143343
TBC1D17	0.382113531956004
RABGEF1P3	0.38206953800898
TFDP1	0.382013592948184
SSBP3P1	0.381987210352859
KLHL42	0.38198235769978
ETFRF1	0.381794560299512
PKD2	0.381658060533099
RBM5	0.381570392739195
TMEM240	0.381505065288356
CALN1	0.381341387871896
CNTNAP3	0.381282727771365
POLE2	0.38127913471228
HMCN1	0.381272992115329
TUT1	0.381125012031369
ACOT2	0.38087086216326
ADAM20P1	0.380554714293117
BEAN1	0.380382020714287
MAP3K3	0.380371310747339
CSPG5	0.380254463594571
ZNF397	0.380209984953475
SLC23A3	0.380137388605323
USP32P3	0.380053800482862
BACE2	0.379811091104089
COLQ	0.379619253643201
CAPN10	0.379530838518951
HLA-DPB1	0.379440931895341
RPA2	0.379398352036155
SELENON	0.379244768163582
ZNF180	0.379199322806242
SCML1	0.379144787978075
DENND2D	0.378757608565821
RHOQP1	0.378750051881494
CHRNA10	0.378690091242916
SLC9A8	0.378560430508938
OR2S1P	0.378395461581924
ATP6V0B	0.3783841238366
TPTE2P2	0.378274327732806
NBPF3	0.378217474256726
PI16	0.378012087201131
RBM38	0.377997701309514
BRD3OS	0.377876760510392
E2F6	0.377546068234963
DCP1B	0.376991064805768
HERC4	0.376973411851934
SCARA5	0.37659859870061
PIWIL4	0.376270335906624
NPPB	0.376227704053065
SOX30	0.375958519589096
SLC26A10P	0.375927484019266
NEK11	0.375863469847757
PLGLB2	0.375848256206511
IRX1	0.375528104879923
ZNF618	0.37529640486274
CNNM4	0.375010869219809
GPD1L	0.374896661452248
TFPT	0.374620357456732
INSYN2B	0.374599518139056
TRAPPC2L	0.374503877620633
SAT2	0.374438377940994
ACAD8	0.374421835272992
FBXL8	0.374017873535085
RPS26P3	0.373414360125768
UBE2Q1	0.373408851556036
GNAL	0.373146990121393
ENDOV	0.37288999420128
CSRNP1	0.372614382402442
RSAD1	0.372557280078161
HNRNPA1P35	0.372397731094913
ANKS6	0.372367631844792
ELP4	0.371876977546797
MMD2	0.371800926102958
NPR3	0.371683851282878
REL	0.371388652298593
BMP4	0.371208075962083
DDAH2	0.37120472300719
PAQR7	0.371110687697039
PABPN1	0.371083751325804
NAIPP4	0.370898492730297
TBC1D29P	0.37082822650449
TAT	0.370804528011128
COLEC10	0.370585676306548
YJU2B	0.370486043280902
ZFP62	0.370372545872055
TRBC2	0.370371257785883
KRT18P17	0.370301869210924
TRIML1	0.370265946989891
PKDREJ	0.370215119665941
PGAM1P5	0.369906374753158
HDHD3	0.369813945900403
FAM27B	0.369787581501754
KLHL26	0.369398410200095
TOLLIP	0.369313552114572
DZANK1	0.369241369958899
AS3MT	0.369036254483308
HMGN3	0.368988432429782
SYT2	0.368811232617351
C16orf46	0.368710999013659
B3GAT1	0.368672422050227
SLC7A4	0.368568163089666
INTS3	0.368371312758172
GDF10	0.368331136830901
DRC12	0.368290967630794
ARHGAP9	0.368173004312677
UBE2D4	0.368164024460663
ACAT1	0.368137621484144
MYOM3	0.368037896956
CER1	0.367832049072181
ZNF876P	0.367820741144147
NDRG2	0.367767394018067
SNHG32	0.367736418465994
ALKBH3	0.367586158283841
PCDHGA10	0.367509112343905
EIF2B4	0.367347029653027
EIF3FP3	0.367191851899387
PHC1	0.367110817772755
MAMDC2	0.367088816716586
FAM90A1	0.366953693054013
RGS9BP	0.366917756844032
RAET1L	0.366467187668558
KAT2B	0.366322354613319
POLR3GL	0.366279562160481
ELP1	0.365795436408371
BBLN	0.365699648450742
CIMIP2C	0.3656075339494
TFCP2	0.365411076764949
FBXO27	0.365259777090473
ACRBP	0.365188423783487
NPHP1	0.365015048658232
WDR49	0.364999903592839
DLGAP1	0.364937767384247
DCAF12L1	0.364725593850148
OXCT1	0.364304111479222
DHX30	0.36389342040759
ADH6	0.36370687926003
ACP6	0.363093534744433
TOB1	0.362985631400022
CTDSP2	0.362457133467728
SMG1P3	0.362280202728359
EHF	0.362216686373634
USPL1	0.362123143641657
GTF3C6	0.361608919823565
CD47	0.361558340766822
HIBCH	0.361470728012011
RPP30	0.361461558505986
APOLD1	0.361426380479269
TCF25	0.361414763691685
BCKDHB	0.361355276836755
PTDSS1	0.361226779757459
PLA2G2C	0.36094502391389
ZNF300	0.360931038910282
MTO1	0.360908002629617
G3BP1P1	0.360328273619191
SLC7A11	0.36029104139265
NUDT16L1	0.360247661450271
SLC30A4	0.360239178656959
IER5	0.360196425563597
SLC4A11	0.360116972172196
SPC24	0.360107483007292
MYH3	0.360103418553573
AMACR	0.360033007874456
LINC00475	0.359953777106759
AGBL5	0.359514244119303
SLC26A4	0.359347748822174
THNSL2	0.359032231546292
TRUB2	0.358935655049886
ZC3H7B	0.358429923711417
DLG3	0.3582770168333
ZBED5	0.358238978380383
CASP2	0.357976708123054
TEX35	0.357840810636606
TESC	0.357823416085055
WTIP	0.357758379166397
TNFRSF10C	0.357704289592237
GRIN3B	0.35770284072883
MBD3	0.357662781076564
POLG	0.35749303037907
NPRL2	0.357392873594498
SYNGR2	0.357385008524721
AKR1B10	0.357311534035427
KLHDC1	0.357269331063432
FZD10	0.357002751408529
SHANK3	0.356907281283667
SLC3A2	0.356865433006188
HOMER2	0.356503258993907
TMEM241	0.356502291232373
GSAP	0.356373151653234
PLAC9	0.356337698946805
MARCHF7	0.355712103634359
PALM3	0.355422275112664
ZNF282	0.35536405952224
UQCRFS1P1	0.355302814933339
CTBP1	0.35529121136143
CXCL3	0.355247486593866
GHRHR	0.355174048805175
CRLF3	0.355088690435423
GPANK1	0.354928633046304
VSTM1	0.354798742946447
AP4B1	0.354699320801701
NRG1	0.35466646658612
CHP1	0.354597603760205
SLC24A5	0.354578037851644
CLYBL	0.354507188046673
PCP4	0.354409013617476
PDCD6IP	0.354215829565468
ANKRD20A7P	0.354179363645175
CRTAP	0.354121539508101
CYTIP	0.354017451782955
UCN2	0.353914278390589
ALOX5	0.353712114526997
FNBP1P1	0.353692761973927
RPL7P47	0.353648393092413
EID2B	0.353646432561375
GPCPD1	0.353598220879308
TDRP	0.353579801777904
CLU	0.353396302116433
PCDHB14	0.353339374735309
TRIM28	0.353124994305848
PFKFB1	0.353003537283778
SMPDL3A	0.352970960168053
LCN12	0.352955795291462
ARL4A	0.352942891396263
CHMP4A	0.352798219219365
CPSF1	0.352711973419643
MRTFB	0.352170253831619
EPM2A	0.352020792384897
GRM4	0.35200669947178
UNC13C	0.351653318345469
GRID1	0.351465645117065
PTX4	0.351404202628686
OR52N2	0.351258662203706
CHN2	0.350738209143264
MED28P1	0.350678808271544
TMEM121B	0.350647498868249
C12orf75	0.350584434815844
EFNA2	0.350524289894497
PARP15	0.350437716384906
ACP5	0.350430591441264
GPRASP1	0.350221050605364
RPS26P58	0.35017454884476
UBL4B	0.350148057699961
APOD	0.350133832484475
PSME1	0.350030431612309
CDH4	0.349949014455979
SLITRK4	0.349855571964372
DGKB	0.34977729887672
BLOC1S5-TXNDC5	0.349775483191487
ACP1	0.34960104455092
PELI2	0.349525449602827
LSG1	0.349300928773803
CLEC4D	0.349207503587661
C2CD4D	0.3490229150887
LYN	0.34889955411192
PAQR5	0.348735897912535
KRT18P5	0.348164207164337
STMP1	0.347983681353169
SEPTIN7P9	0.347982802521832
TRIM60P14	0.347934118585884
PMS2P7	0.347923661784154
RIOK2	0.347917375066848
FLNC	0.347406237848296
SNAI3	0.347373320956099
NSD3	0.347279725017607
PGS1	0.34722675348198
LRRC39	0.347020862941111
DCBLD2	0.346848792074452
NT5M	0.346695047127255
HIF1AN	0.346671524844298
ACTA1	0.346581604956717
ERCC6	0.346353931849111
TMEM134	0.346348732711455
ZSCAN12P1	0.346296024488652
SPARCL1	0.346174120711957
MTMR7	0.345911211066595
ANKMY1	0.345852347293422
TRAIP	0.34581974001033
GGT5	0.345735067787039
STUM	0.345731301765336
KCNT2	0.345716060691124
CARD8	0.345571645383279
SAMHD1	0.34521366870251
KIRREL3	0.345179898954303
UBE2CP2	0.344804028193797
ZNF839	0.344779247159547
SRF	0.344504608547069
HTR4	0.34445117243266
BLTP3B	0.344354726582026
OXLD1	0.344049960811316
KIF1A	0.343708966739564
BTN1A1	0.343368393094593
TM9SF1	0.343169331236343
CEP126	0.3430584487174
COL15A1	0.342984394392838
LINGO1	0.342968601704585
POLI	0.342557074186118
NCAPD2	0.342458373862309
NT5DC1	0.342090930514144
MTCL3	0.34208974816957
GALNT2	0.341736896077258
C22orf23	0.341458540108114
TAS2R60	0.34119433296766
GRWD1	0.341076988135372
ARSA	0.340655510960836
HSP90B2P	0.340292838258206
BTNL8	0.340079548976026
IGFL4	0.340026301515024
ENKUR	0.339922630768498
GCSHP5	0.339883378802097
OLAH	0.339841588102979
TRMT61A	0.339287484308772
DCAF15	0.339060322690757
PIN4	0.33902260574563
TRRAP	0.338989599279981
GCDH	0.338736603477349
SLC29A4	0.338622274401005
FAM86FP	0.338517794891383
CRYBB3	0.338413407341079
HDAC1	0.338405373209119
STAC	0.338090028069054
TNFRSF25	0.337944757616175
CARD6	0.337880059852641
CD48	0.337661271687297
LZTR1	0.337627472427265
DENND5B	0.337441453165325
STAT6	0.337431339169227
ZC3HAV1L	0.337296537824041
PARLP2	0.337177216319041
KYNU	0.337155905681433
KLHL6	0.337024066183051
VN1R95P	0.33684603113374
CTSH	0.336583014390036
CCDC175	0.336524591332081
NPIPB15	0.336368465224471
GDPD5	0.33633718011319
ENPP7P8	0.336274975516874
HYOU1	0.336059533568478
SEPTIN3	0.336033200627534
SPRN	0.33601007489936
RDH5	0.335699923546915
ASAH2	0.335695278148274
ODAD1	0.335550099354475
TRAPPC13P1	0.335530670003467
UPF3B	0.335449739022103
KBTBD11	0.335410350858652
LRRC24	0.335276620423951
LNP1	0.3349059231064
ZBTB14	0.334384625416396
SCYL2P1	0.334365009624346
ZNF214	0.334235284337427
ELL2P1	0.33423448003388
RECQL5	0.3341342121565
ZNF202	0.334085976032077
SDR42E2	0.333966920847907
PSMC4	0.333940101802257
XKR4	0.333782149228824
PYY2	0.333696862318727
B9D1	0.333604458528401
NRP1	0.333533732170904
ARHGAP40	0.333334533874895
PLEKHG3	0.333275083440888
CLN5	0.333273810979384
NCOA2	0.333205241804761
AIPL1	0.332918390567702
WDFY2	0.332885760613222
TBC1D10C	0.332832141578852
GPR89B	0.332746267556428
ELFN2	0.332407001286758
ORAI1	0.332163911641568
CDC42EP2	0.331924046313737
IQCN	0.331888290158552
ABHD6	0.331583489736536
MTG1	0.331551381515939
MYH7B	0.331136964657687
SLC25A40	0.331017229863316
POGZ	0.330562810703367
FAM50B	0.33041834801985
SOX11	0.330247336339919
CRB1	0.33021894847572
IGDCC4	0.329679208620734
PSMD4	0.329605478475076
CFAP45	0.32957671037154
SLC8A1	0.329442539141955
VIM	0.32922580327851
ILKAP	0.3291557891876
SAE1	0.329131795234082
SACS	0.329119548483387
SCYL1	0.329103391822523
TTC29	0.329061515545153
DRD1	0.328800301663222
GUCY2F	0.328776079334388
MEDAG	0.328678447082411
MTATP8P1	0.328624384803239
ZNF354A	0.328542267344098
ATP2B3	0.328369985735398
GEMIN4	0.328289466285418
TMEM217	0.328151912038564
DOK3	0.328138867750415
NOP53	0.327918260116846
SMOX	0.327889992432418
KRT8P33	0.327801991248054
BCAS1	0.327731618587274
SMTN	0.327532032862187
RPS10P5	0.327525727094233
JMJD4	0.32740007689887
SLC5A11	0.327329744907736
CD200R1	0.32728419651834
PALS2	0.32714012269755
NCLN	0.326998221623811
PIEZO1	0.326986872152411
UBB	0.326853739456064
POLRMTP1	0.326771170891007
POLL	0.326537530837973
DHX35	0.326505780557891
RPSAP41	0.326470791095702
MPL	0.326453238602295
ENTPD5	0.326357604619287
HS6ST2	0.326335776129217
USP27X	0.326286032818193
ADAMTS5	0.326157696127097
APBA1	0.326119365265993
IPO9	0.326088730252474
CARMIL3	0.325972226822673
CD164	0.325872277539479
XKR6	0.325805957174729
WDR24	0.325689434554614
HNRNPA1P21	0.325654414192473
TMEM60	0.325497090254059
NOP56	0.325119376066773
SPRR1B	0.325092947661245
HAGHL	0.325086278742301
TMC4	0.324948569470214
PTPN13	0.324789245213963
ZEB1	0.324768857023654
H2BW3P	0.324532239488013
HNRNPR	0.324137412295427
ABITRAM	0.323592021938463
CXorf49	0.323476329501736
CCNL2	0.323473535918527
MRPL41	0.323156178520437
RNF227	0.323074086012145
SAMD11	0.322997385280899
LRRFIP1P1	0.322630726396418
POLR1HASP	0.322571994834806
CTBP2P7	0.322558091951972
KCNJ15	0.322407048711287
PDCD5	0.322320239409572
MC1R	0.322303292732104
ARMC12	0.322091186260056
KDM4A	0.322008845937731
AZIN2	0.321915344743457
SSH1	0.321911237414792
RECK	0.32168248727474
PIGM	0.321372391329483
AMELY	0.321280534731082
SMARCC2	0.321192413857449
CTU2	0.320752031681622
SLC46A3	0.320592675454431
VMP1	0.320448663140679
STRA6LP	0.320258085623584
RGS12	0.319913659525635
LINC02210	0.319729999218837
ANAPC1P1	0.319729865588777
ASPSCR1	0.319597188156898
TPTE2P5	0.319596480962967
ZBED6	0.319540810800803
COL24A1	0.319464620713162
NEU4	0.319455147109291
NEK4	0.319366345292915
RHOXF1	0.319285140436752
USP17L15	0.319065730798181
TFF3	0.318898336578761
EHMT2	0.318808079966108
APOB	0.31869225034286
KDF1	0.318543443550924
TUBB8P7	0.318328303723457
CASP4	0.31829904417479
CREBBP	0.318282767519567
RDH12	0.31803438232907
ATXN7L3	0.31792876417335
CHST14	0.317713972594544
SPATA31E1	0.317590986967824
ZNF800	0.317501466763447
C6orf163	0.317346938969894
LRRC14	0.317308460325881
RHBDD1	0.317031557728184
ANKRD17	0.316905089379592
COL5A1	0.316833445598198
GCA	0.316811380749048
GMCL2	0.316735345600797
LOXL4	0.316660601097197
ADM	0.316652117162764
RNASE6	0.316647834643255
CLEC18B	0.316388220895933
RASGRP1	0.316362122674833
ISCA2P1	0.316318196914229
ENPP7P11	0.31618082531615
TNFRSF1B	0.316119336168559
ABLIM2	0.316071782053683
CCDC38	0.31576472942216
CSNK1G2	0.315655056680189
NXF4	0.315549170295393
CC2D1A	0.315419690722422
PLEKHM1P1	0.31525857987124
WDR5B	0.315255060779659
ABI2	0.315210938210444
POLR2J4	0.314989263192751
HERC5	0.314784782309207
SAMD9	0.314669474973962
MCOLN2	0.314554666839076
HMGB1P35	0.314546668652917
ZSCAN9	0.314343198886573
FAM110D	0.314297506058823
CDH6	0.31425795399278
RNASE10	0.314109688970574
GPX8	0.313999828468487
MORF4	0.313749076171599
SPARC	0.313688518678422
HSD17B1	0.313601890670817
FAM86HP	0.313574914048049
ECM1	0.313474354554576
LEP	0.313420003823803
CD101	0.313408525543957
FIRRM	0.313400253649521
PNPLA3	0.313279936888095
E4F1	0.313003900699355
SLC7A7	0.312846483093438
DEF8	0.312493886379835
EXOC3L2	0.312418577882913
SCAF4	0.31208274422937
WBP1	0.311761654907257
MME	0.311648441668035
CIMAP1B	0.311564270801705
AFMID	0.311383077863817
GREM1	0.311294162381071
RASA2	0.311155404575413
CYP4X1	0.310944580464467
SLC1A5	0.310663474787977
RPL6P19	0.310555649313847
RAB40B	0.310292555415452
PMS2CL	0.310193149880066
EGLN2	0.309897389010123
CSNK2A3	0.309895006892591
NELFE	0.309751746362814
MBD6	0.309464754541414
BCRP3	0.309411912949511
TBC1D19	0.309342005589008
ZMYM4	0.309122999085463
SMG1P5	0.308981836814119
SMYD5	0.308796708010158
NUDT6	0.308659054914228
SRSF1	0.308522012344511
AMIGO1	0.308317060373605
PIGH	0.308135611174579
RNF225	0.30806911298439
GSPT2	0.307817554806765
NKPD1	0.307458801520538
WT1	0.307351047830115
CCDC187	0.307218865505257
TLN2	0.307059519622771
NRN1L	0.306981981630667
CHAF1B	0.306791271368727
TRAPPC12	0.306716653927231
BMP5	0.306697414339526
DUX4L34	0.306580123305926
MMP24OS	0.30645820294586
ACD	0.306382180122168
TSPYL4	0.306324983257546
HSD17B13	0.306269112806013
AP5S1	0.306258870001651
CNTROB	0.306158032025447
NSMCE4A	0.305871976990745
SETD6	0.30582619775773
SLC6A12	0.305812790753438
PPP1R3E	0.305695550382973
GINS4	0.305571009627922
DISC1	0.305505416988834
SLC24A3	0.305452835340226
BRICD5	0.3053674013477
PARD6B	0.305108361629804
MUC15	0.304879623087574
KRT16P3	0.304834123694993
SLC18A3	0.304809204290471
SPANXA1	0.304661899508699
GUSB	0.304651049874395
CNN2P9	0.304337546457197
OR52A4P	0.3043325360958
CEP112	0.304150612644058
DYNC2I1	0.304128228629615
TTLL13	0.303934691484066
CDK10	0.303879746441585
IKBKB	0.303841012486505
POLR1H	0.303585290897364
USP12P1	0.303574042956807
CELSR1	0.303387967019909
SAXO1	0.303288925818643
PLA2G15	0.303002923320244
HPS4	0.302888133681648
SERPINB1	0.30286956246877
RPL12P4	0.302822540262814
TMEM164	0.302692708533588
KCNH4	0.302666778879361
ABHD1	0.302295685977569
LDOC1	0.30227221218728
CA14	0.30219117353342
C3orf18	0.30165638199775
PDZD2	0.301636437184738
FSTL1	0.301611842608744
NDNF	0.301526964426214
PCNX1	0.301481811139185
ENTREP2	0.301380654585409
ANKRD40	0.301085434871458
RPL23AP81	0.300934657150807
KHDRBS2	0.300240919751446
CSTB	0.300188769919939
NAPA	0.300074109735523
ZNF747	0.300033691450324
PIAS4	0.299971029077663
TMEM41B	0.299924641486048
RHOT2	0.299771550547453
JAGN1	0.299690865582707
IGLON5	0.299521550563825
NPB	0.299500490984285
HSPB9	0.299459845335109
EXO5	0.299445731982311
FOXO3B	0.299441975045544
TP53	0.299396844421685
GLRA4	0.29925270277356
ATXN10	0.299231294164648
ENPP3	0.299096201742372
ZNF746	0.298978655945755
TRADD	0.298951734054228
RNF216	0.298947942046577
RNF43	0.298901729370556
NFKBIA	0.298437139500935
PRXL2A	0.298394801945973
NPW	0.298318343049271
FRG2C	0.298026448126874
SRR	0.297797078867712
RPL23AP7	0.297693072880804
RNF121	0.297627401666013
MRPL4	0.297385426494356
FAM117A	0.297319452668407
MKX	0.297239855619085
WWC3	0.29714383731834
FAM156A	0.296790402630086
KIF27	0.29664355266281
SNX32	0.296545431196404
EOMES	0.296541021575132
DLL4	0.29649392314563
AGPAT1	0.296164504377315
KLLN	0.295976326904622
PPIL6	0.295966500371675
RGL3	0.295817425717244
BRD1	0.295762096160586
ROBO4	0.295752140298644
RPLP0P2	0.295686097717194
MTHFD2L	0.295665315594183
COL14A1	0.29545111328932
PDXDC1	0.295138738058281
TDRD6	0.295056162351573
SLC39A1	0.295039377157531
ATG10	0.295013304289756
RNF148	0.29498264571704
WHR1	0.294906933152832
ZSCAN29	0.294852916703098
CATSPERD	0.294848865890249
DHRS4L2	0.294682973953659
CCDC87	0.294288273558611
OTUD7A	0.294119979139981
EMILIN3	0.294109273676142
STT3A	0.294014500740025
COMMD4	0.293769985186206
BAK1P1	0.293558747461604
P2RX7	0.293389844540462
MFSD11	0.293268584395692
DMTF1	0.293219778914728
RBM12B	0.293186467368801
NDUFV3	0.293115406076625
ACO1	0.292945017283333
INTS1	0.292578910110803
MED25	0.292525630911682
MAP2K3	0.292485368230793
CXCR5	0.292311684565695
TGM4	0.292295094809799
RPS28	0.292257708409294
RAB11B	0.292076513778732
ZNF140	0.29202370245099
CEP290	0.291888150318426
SWI5	0.291690264752864
DNAJC10	0.291623819078752
ACSM3	0.291502153662304
USF2	0.291466370351963
KLK14	0.290953048299051
PPEF2	0.290930992982255
NTRK2	0.290920555118762
ADRA1A	0.290831795809867
URI1	0.290740466809721
NSMCE1	0.29070494575984
LGSN	0.290492891640059
ALG11	0.290331859294351
NAXE	0.290327672112947
CD59	0.290288056931625
RPSAP12	0.290076167088958
DFFBP1	0.289956671724011
SEL1L	0.289764296223744
STAT4	0.289728277271549
NEUROG1	0.289477202495476
CPSF7	0.289374656412645
SPATA17	0.289352164413391
GUSBP9	0.289327067254834
FAM90A25P	0.289022566092473
PIGU	0.288920222781713
ZYX	0.288790518799101
HEATR4	0.288129101586511
ERBB4	0.288126016740427
ABCC10	0.287904423417222
ZNF582	0.287644735347901
CRTC2	0.287566878355625
PGF	0.287381952537011
TMEM248	0.287365948516846
FAM13B	0.287219534245615
FAM174B	0.287200513550762
CORIN	0.287172687082897
TUBG1P	0.287042228795453
SV2C	0.286960795960691
CENPBD2P	0.286617060065047
RANBP10	0.286604343138898
SLC5A12	0.286535901461028
TMEM169	0.286234190174276
CTSV	0.286182484443862
PTPRN	0.286052179185024
FBXO3	0.285966980951395
FBLN2	0.285920408132658
ZFYVE9	0.285593211013937
KCNH8	0.285458851952301
PACS2	0.285457537524532
TTC24	0.285392357638193
BBS7	0.285257320102837
ADI1	0.285080588532523
NEURL1B	0.285006578074635
PGAM1P7	0.284997432067178
SLC26A9	0.284937987223998
BRF2	0.28485420539152
SLC26A5	0.284850887663285
ZFP1	0.284835426038007
USP30	0.284538271543017
AK7	0.284511757215311
PPME1	0.284449022329955
FAM117B	0.284398515983043
EDC4	0.28427731275794
TSEN15	0.284242049665998
WDR75	0.284213212647213
SF3A2	0.28418473859796
CDYL	0.284139272046213
GUSBP1	0.284060383164628
MITF	0.283966795507447
SUZ12P1	0.28391228827555
MYMX	0.283865311906845
DHFRP1	0.283759852922422
CXCR4	0.283743973717804
LDHB	0.28363827007556
FCN3	0.283504807379386
SLC2A4	0.282928031670587
SCIN	0.282908716310409
CCNI2	0.282902440129104
SIM1	0.282491155819714
PCDHGA2	0.282456579021919
VCF1	0.2821801199989
PRKCZ	0.282051027125357
HSD17B10	0.281924369105982
SPRYD3	0.281769899327139
PC	0.281745007278946
EXOSC5	0.281585393722482
IHH	0.281405717323262
LAYN	0.281395533374433
RIPPLY2	0.281324287720544
MT-ND1	0.28122747928678
ARAP1	0.281163786724569
CLASRP	0.28115904603716
L3MBTL3	0.280982487916721
ENTPD7	0.280883815757038
PDE7A	0.280270804409283
BORCS8-MEF2B	0.280175496928125
COA3	0.280158998084624
BICRAL	0.280039180606075
TPM4P2	0.279957861228962
GCLM	0.279919064498539
RNF212	0.279890979851212
LARP1	0.279854818228532
KDM5D	0.279813081174488
MFRP	0.278955589665619
ELAVL3	0.278848318944127
SCN5A	0.27880725249479
SLC25A35	0.278732494460277
C11orf91	0.278570310554366
DHRS12	0.278517731487193
CAPZB	0.278513939328398
TMEFF1	0.278464142877318
CCKBR	0.278386048565173
DHX57	0.278277087511352
ARHGEF4	0.278245276396629
PTPRK	0.278126591556029
TTLL9	0.277995467268949
SHOX	0.277956056991691
SLC9A6	0.27776402820079
ANKRD36	0.277722707137337
H3P16	0.277691750619618
MIA-RAB4B	0.277535035940846
HERC2P2	0.277056604898332
TLK1	0.277017682562649
B3GAT3P1	0.276973901421011
PRR5-ARHGAP8	0.276922837473826
TTL	0.276811776717001
ASAP2	0.276770807835145
DAPK3	0.276403807021005
EXOG	0.276376603466425
TMEM25	0.276293239498944
CDK16	0.276047665011903
GUCY1B2	0.275683090878209
ZNRF1	0.275612118001928
EXOSC4	0.275502126866521
CTTNBP2NL	0.275430386127933
TRMT11	0.275375184244391
RPS6KA5	0.275327898945528
WNT7B	0.275320876136939
INTS6	0.274864509451174
FAM171A1	0.274834016143086
DDX12P	0.274796264965019
IFNAR1	0.274632132400317
ADAMTS13	0.27456092448661
ARMC7	0.274471370777245
ZNF609	0.274422996942428
NOL10	0.274304329074678
GFPT1	0.274274966910343
MTLN	0.27418723596655
ESYT1	0.274050091619951
ULK1	0.274009532212757
ST3GAL1	0.273744556561399
B3GLCT	0.27346456399814
MRNIP	0.27345991508154
DTNB	0.273314300944517
TMEM53	0.273187745033278
SLC38A8	0.27316013971252
MTOR	0.273133779042586
GGT6	0.272432159614016
FTH1P16	0.272390559055974
IGLC2	0.272291897669913
ERVMER34-1	0.272158198543388
KCTD8	0.272148207345737
COP1	0.271925874724101
SPATA1	0.271689245910968
NHS	0.271671382785708
ZC3H3	0.271567094788641
THSD8	0.271477816379072
BTG2	0.27138211544035
RFTN1	0.271317411970411
ABCB8	0.271309369268969
GPR83	0.27115057921519
PEX5	0.271083269089296
ACOT4	0.270872861188761
ARRDC4	0.27057867097678
SDF2	0.270421016884808
IFNLR1	0.270260669984704
RPS2P17	0.269858967197688
ASAH1	0.269720161871694
COQ8B	0.269708167804283
RDH16	0.269631244709197
CC2D1B	0.269582297146326
FBXL18	0.269287269603784
HSPE1-MOB4	0.269054013647254
DNAJB11	0.269053278808397
ANKRD45	0.269046378726419
COMMD8	0.269036982802695
TSNAX-DISC1	0.26902463268332
BRI3	0.268740109095826
FAM83G	0.268690287599384
C3P1	0.26866222935665
DNMBP	0.268617954299567
SNX29	0.268533822443413
LIG1	0.268153708028375
MUCL3	0.2680099841142
TGFB3	0.267978270971045
WDR83	0.267958590324143
COASY	0.267896652750118
USP32P1	0.267811501375764
GTF2IRD2	0.267695182266993
DDX59	0.267545077414653
DNM3	0.267504278814284
GFI1	0.267112894839974
CACNA1H	0.267033943641916
FCHSD1	0.266972217528657
CCDC69	0.26685841894271
ZNF425	0.266635549282273
TTYH1	0.266607863349879
BANF1	0.26653235413933
BNIP3P19	0.266424179918801
VSTM2A	0.266180553659915
CDAN1	0.266057474608519
WDR77	0.2658874232365
RDM1P5	0.265682183041239
C3orf38	0.265648116850026
PSD4	0.265556540357894
FAM43B	0.265533981132693
SLC2A8	0.265508270209343
CFAP47	0.265203432299786
FUOM	0.26503709654304
B4GALT7	0.264915465541567
E2F2	0.264681559069652
RASSF6	0.264486503444018
CD8A	0.264231976759881
SCAMP5	0.264168664655719
RNF25	0.263939764062249
GET1	0.263895593661002
RFT1	0.263769801554928
RPA1	0.263691517610128
FANCG	0.263671204086914
SLC4A9	0.263260749468125
VASH1	0.263244840473222
FOXP1	0.263144420366774
AP2S1	0.262900686286149
DUSP13B	0.262795683970125
AVIL	0.262697880462308
TUBGCP5	0.262499171441505
RNF31	0.262489486712022
TTC41P	0.262483084047548
LCA5L	0.262345624055035
NIPSNAP3A	0.262297278739315
IPCEF1	0.262176360870542
TOX4	0.262133757880251
PCBP3	0.262084085754016
DCAKD	0.262026176409683
RENBP	0.261763139931824
LCP1	0.261700981206783
NDST1	0.261698499497051
SMARCA4	0.261520513271324
IFI27L2	0.261145735335138
MZT2A	0.260989312322801
TOP1P1	0.260936875838753
PBX1	0.260853787665188
PPP1R26	0.260829609137066
RPL15P5	0.260809419656262
UBN1	0.26080347168826
CTBP2P10	0.260762259394418
MATCAP1	0.260640607094324
NSUN5	0.260630718177379
BAD	0.260575617621148
PGD	0.260544195843848
RNF139	0.260342023165452
ANKRD34A	0.260236536053677
ALOX15	0.259942250148899
IFT57	0.259874309980561
TANGO6	0.259704679620766
REXO5	0.25960547342989
CEL	0.259568049571192
QRSL1	0.259550880560389
SIGLEC1	0.259550812986506
ZNF536	0.259310575001598
CLDN34	0.259228941533489
ZNF812P	0.258633665350303
ZC3H12A	0.258545152872987
CSAD	0.258508683572191
TNFRSF13B	0.258401382233989
RCE1	0.258157678862236
PNKP	0.257994477946196
OAZ3	0.257948128369151
OLFML1	0.257877977796104
TAS2R14	0.257757565771153
ATP6V0A2	0.257623066327157
RNASE1	0.257551986803483
PRSS51	0.257517725942353
RNF144A	0.257490680787141
C11orf24	0.257429487850591
FAM86C1P	0.257396351361143
PLCH1	0.257289744952409
ZP1	0.257027216823836
CYB5D1	0.256970228602505
ARHGEF11	0.256829030393998
SSC4D	0.256697137357003
RHBDL1	0.256649729090727
DBF4B	0.256627973650783
TXNDC2	0.256562210225149
ADRB1	0.256524853405228
CENPO	0.256337116722151
FKBP8	0.256064098785162
MBD1	0.255982580120922
VMO1	0.255949593754395
CYP4F35P	0.255927522620216
FMOD	0.255891973022036
SMG1P4	0.255842777173722
SNX31	0.255515773936412
SSBP1	0.255198398428935
IFT70A	0.255169550986345
CD58	0.254952644730226
ZNF691	0.254885463755764
RRP9	0.254875493831606
UFSP1	0.254831242064515
DNAH1	0.254521790727434
SELENOOLP	0.254498686522771
TUBB8	0.254128304371247
APOBEC3F	0.253900287077805
AP3M2	0.253714280753623
RPP40	0.253662661760161
SEC31B	0.253622894969183
USB1	0.253324470284734
DSG3	0.253245116113873
PCDHB11	0.252758383990957
OSBPL11	0.252684757502223
PUSL1	0.252651968734303
PSPC1	0.252647772057755
SNRPN	0.252470877379154
SLC7A5P1	0.252380878588367
CLDN23	0.252337066512277
CALM2	0.251651905290351
CNN3	0.251650530801563
ARSB	0.251558535430502
BAAT	0.251478306459829
UBP1	0.25147423401585
LCN15	0.251451840773683
GLULP6	0.251435309492137
GLMP	0.251337574435342
ALKBH5	0.251243979331143
ZNF285DP	0.250984077940624
CNOT10	0.250901188195295
RSPH9	0.250871914226729
NCKIPSD	0.250869698052209
GATAD2B	0.250805080312712
ANKRD33	0.250683499430351
SREBF1	0.250401954223054
SUPT6H	0.250166835617993
ERICH6	0.250072716867996
MRPS6	0.250055717988078
SALL1	0.249928998808313
PDLIM2	0.249925493634082
RAB17	0.249841955599038
KHNYN	0.249841119120507
IGFLR1	0.249749723347261
MON1A	0.249643508711607
ZNF892	0.249614063125208
SNURF	0.249596406907896
NKAIN3	0.24958486910448
FNDC10	0.249538924556148
ZPLD1	0.249329878314335
TFAP4	0.249326769627753
AP1M1	0.249321005483452
BICC1	0.24916322441414
UBL7	0.24900592054333
TNFRSF13C	0.24889279399261
FCER1G	0.248779210740261
UBE2A	0.248510311406506
NEMP1	0.24823551585209
TXNDC5	0.248154363076237
TCEAL9	0.247944407462636
BUB3	0.247868068382538
HTATSF1P2	0.247800939806442
P4HA3	0.247769085991658
PTCHD3	0.247689174517575
CRHBP	0.247655740094818
TCEA3	0.247340212974749
MAN1A2P1	0.247323009873341
NBPF12	0.247281801851078
PPIL3	0.247241655087835
UPK2	0.247115636490835
RHOG	0.247013990334254
SMIM10L1	0.24694665302199
DGCR2	0.246902757776299
RRP1	0.246889843491644
MTFR1	0.246753134147162
MLYCD	0.246393317799249
ZNF416	0.246238727239402
PLBD2	0.24622210660537
TEX22	0.245890783188127
GPR150	0.245689936732971
LTC4S	0.24559959048751
FAM78A	0.245582987376242
SH3BGR	0.245533055218622
SNX22	0.245072791622876
HSD17B7P2	0.244914967714502
ZNF268	0.244721029346285
ZNF354B	0.244699727758772
POLR2G	0.244666861530225
SUPT3H	0.244610729116248
BRAF	0.244485383512725
PVRIG	0.244456372296228
PCDHGB9P	0.244197917868245
OSGIN2	0.244172538938619
FTO	0.244131471239645
DDX17	0.243966749225331
CKLF-CMTM1	0.243712635714723
BICRA	0.243671291413873
CCNL1	0.243646609051847
CCDC68	0.24362443255507
CPXM1	0.243367013775602
SLC2A5	0.242638214333686
RNF8	0.242591256419681
STAMBP	0.242488318189575
TRAPPC5	0.242338298522613
CD151	0.242182035079033
EEF1A1P12	0.242069372356318
KRT18P59	0.241669287155536
KCNJ14	0.241666075381362
UNK	0.241660448092605
FAM90A24	0.241645164051941
SLC25A15	0.241496738809418
MVD	0.241420184814852
P3H1	0.241371556036908
ZNF449	0.241329560169356
DXO	0.24107612076975
ENKD1	0.241029009427376
NPIPB11	0.240956675998923
TACC2	0.240927092731019
SYCE1L	0.240856854633955
GHRL	0.240842214727397
MMACHC	0.24063256599238
HSPH1	0.24051172518727
GPR89A	0.240504189239883
STMN3	0.240459021633662
TTYH2	0.240431427323064
DNM2	0.240205958205792
RPS26P6	0.240203620986539
PTPN7	0.239948449676615
STAB2	0.239908600424674
LENG9	0.239895869278791
THAP12	0.239724869570676
NCALD	0.239648800955315
DMAC2	0.239592074431238
TMED1	0.239513173434217
ZNF620	0.23944281838653
FAM20B	0.239403236781867
DLC1	0.239325741254419
RPL32P16	0.239280234273113
PDE4DIPP6	0.239099120388541
TDRD7	0.238841381248839
NUPR1	0.238786910055761
KRBA2	0.238529061302123
SLC38A9	0.238479351832076
ZNF837	0.238438958693969
ERO1B	0.238336164646686
CANT1	0.238039473834742
BOLA2-SMG1P6	0.237887236896457
FAM200C	0.237558070303147
LEPROT	0.237523530513583
PPP2CB	0.237478183736237
TAF1A	0.237299619622654
SUMO4	0.2371604948839
DERL2	0.236761438359486
ZNF704	0.236749774645421
PDXP	0.236645521835928
DELE1	0.236501699902743
GJA1	0.236472454087638
SH3RF3	0.236441190275011
TIAM2	0.236332334023812
GALC	0.236215654159279
MIPOL1	0.236186360299689
PRMT9	0.236066535192834
GJB2	0.235774881066627
SORCS3	0.235757131562684
NPIPB10P	0.235756119016708
ESX1	0.235435757502803
MYT1L	0.235324646396145
CIRBP	0.235185289001719
PRRT4	0.235177544507816
EIF4BP7	0.23512190622085
MOBP	0.235089424789178
KANK4	0.234987888476132
OCA2	0.234710792772998
RNF224	0.234440500103169
LYPD6B	0.234350872742038
TFAMP1	0.234095281981829
ZDHHC6	0.234091895223307
PDE10A	0.234085422337636
ODF2	0.234039364647269
TMEM179B	0.234036721439402
KLF3	0.233847535587237
SPATA9	0.233826804377234
KPNA4P1	0.233818076403485
DCAF6	0.233720042260699
OPA3	0.233675875719555
DCTN1	0.233647839977546
SLC4A3	0.233349878201078
ARMC1	0.232945113368349
GLCE	0.232697688602687
VSTM5	0.23267966817487
MARCHF9	0.232594109954149
SLC52A2	0.232578236937595
CAPN6	0.232518424642628
PDZD8	0.232430319962347
ERG	0.232255439549033
OTUD5	0.232015593055597
TMEM41A	0.232008603267736
CX3CR1	0.231981966774706
ZNF189	0.231954553034096
TRIM16	0.231938473652581
TYSND1	0.23192716783252
DNAH7	0.231725654308141
PLCB3	0.231209996902809
CAMSAP1	0.230978477435089
ZFYVE26	0.230693590749489
PROM2	0.23068925824927
ATP2A1	0.23054498082555
CRELD1	0.230370018805546
ATXN7L2	0.230358877646888
RER1	0.230200327003295
SLC5A10	0.230095703154675
TTC17	0.230077308492444
GZF1	0.230035268651419
DDX28	0.230018926184582
CDK5R1	0.229983112912135
ZNF432	0.229864440243364
ZC3H4	0.229800432121475
FGR	0.22962235344194
LIN28A	0.229497313254383
PPIP5K2	0.229282203279064
GRHL3	0.229271895685616
STK40	0.229198745625726
ZACN	0.229178861227132
PLAAT1	0.229032885541519
THYN1	0.229026213811965
H1-3	0.228962708907034
ADAMTS20	0.228935979883383
SMCO2	0.228623175067645
RBBP9	0.228550869559921
TCEAL4	0.228533852112027
VDAC1P13	0.22813068230193
ZNF252P	0.228019345176247
CDK5R2	0.227999428533283
RNF115	0.227866549366089
DDN	0.227634005473185
C1QTNF9B	0.227530650233569
FAM219B	0.227155039172088
KRT7	0.227115335518078
SLC25A25	0.227072911249034
TCAM1P	0.226698690581038
CHST2	0.226606865960173
PMS1	0.22658550020469
SLC25A26	0.226363317042183
RPUSD4	0.226309751396635
ADAM20	0.226262282116147
MAGI3	0.225998432656556
HCFC1R1	0.22594512010685
OR7E22P	0.225736676772038
C11orf65	0.225581994619179
BCL2L15	0.225493980322914
ABCC12	0.225470026098045
DBN1	0.225407911358714
CCDC3	0.22536688334587
FAM131A	0.225334452984296
CACNA1C	0.225291735512405
FERMT2	0.225211693319565
LGR4	0.22515497856739
RPL31P46	0.225140534046715
KLC2	0.225113909458264
CCDC126	0.225058225724404
PIK3R1	0.224895941722462
GEM	0.224818790612292
NXPH1	0.224788607559649
RPL21P118	0.22465727925949
ZPLD2P	0.224390576615735
CAST	0.224124026389607
PALB2	0.224077924774993
RPL13AP26	0.224064250985135
ANKRD16	0.224054447863934
PRPF19	0.223742786530466
TACSTD2	0.223621820903793
HECTD2	0.223560878667017
NXF1	0.223405133678973
PNPLA2	0.223310267723653
LRRIQ1	0.223232139786624
GC	0.223171577153723
CCDC90B	0.223039807758781
EFNA3	0.222785899363517
KCTD13	0.222685742036894
ACTB	0.222631376705574
MYOZ1	0.222630015356407
FFAR4	0.222584884218623
DEPDC1B	0.222472818209743
PMS2P9	0.222401524916032
MSANTD3-TMEFF1	0.222285823856671
DDX60L	0.222262770747724
ARHGEF19	0.222248315821997
FAF1	0.222116241159994
LRP12	0.221903861887485
SNAI1P1	0.221785765082284
RRP7A	0.221625584239324
EEF1A1P5	0.221501588872471
STX6	0.22146319357611
ESS2	0.221437225091084
HCFC2	0.221331723725735
BCL7C	0.221268763581221
BANF1P2	0.221224894629994
NKX6-3	0.221178190042458
MIA3	0.221158556887179
GPS1	0.220989601364381
FRS3	0.22093656495318
SHISAL2A	0.220836946772
WDR91	0.220832696194659
NOMO3	0.220749091861465
CPNE1	0.220740272959303
ERF	0.220475383577137
ABHD5	0.220449282618617
ADARB1	0.220438599497281
TMPOP2	0.220335468441459
PPFIBP2	0.220134915526499
TLN1	0.220102669707867
GALP	0.219869672475026
DPP6	0.219675725422415
PHEX	0.219669683974303
NRROS	0.2196276934978
DHX34	0.219560992654288
MFAP1	0.219510354798446
QPCT	0.219491653159555
ANKS3	0.219412956477835
C22orf39	0.219386122414721
ELMOD3	0.219114150959237
ZBTB48	0.219093496439437
CCSER1	0.218967183035351
CASKIN2	0.218950014546408
CHRNA5	0.218909466429176
GOLGA8UP	0.218866380805752
UCN	0.218800969958696
PAN3	0.218581238444527
ATP8B4	0.218483719567519
RPLP0P6	0.218408782851669
ATP8B2	0.218288069638351
CCNYL1	0.21812646203191
CATSPERB	0.218058055128474
C1orf216	0.217626579807685
LRRCC1	0.217491424546525
ERLIN1	0.217486647637144
RASA1	0.217453141665309
STARD6	0.217424275851252
ZNF718	0.217287693440703
BANP	0.217210336559542
RPL31P34	0.217124405537664
RCN1	0.217113348325724
NUP188	0.217022829733219
TRNAU1AP	0.216952461127315
RBM14	0.216881581976343
TPI1P2	0.216734638012189
SEC22B2P	0.216679754845086
CERK	0.216640959363194
BEX3	0.216567080151589
ASB9	0.216561255455815
APOA5	0.21650866858934
CSRP1	0.216477531573358
SLC25A12	0.216393414236519
PIGG	0.216233436654553
P2RX4	0.216124188388957
BCL2	0.215952275303909
ZNF711	0.215951408060067
ACACA	0.215892220901942
CUEDC2	0.215598386752847
DMAP1	0.215412461137434
MPDZ	0.215398307825693
NDUFAF6	0.215343597109261
HERC2P8	0.215212895340778
SMAGP	0.214928638942789
GBP1	0.21482777229358
ALB	0.214823914074764
SPINT2	0.21477899318757
GCNA	0.214751250346133
FHIT	0.214741797424703
NUDT16L2P	0.21437599623599
GNPDA2	0.214150414185451
N4BP2L2	0.214102402824767
ASNSP3	0.214099114436489
CYP39A1	0.214025182796254
HDAC3	0.213963708503645
METTL13	0.213656326447781
ACAD9	0.213646604257903
TTI1	0.213562262433277
ADH4	0.213549534756618
ADAMTS15	0.213421132229276
C15orf62	0.213309215820392
MUTYH	0.213258620458708
PCDHGC4	0.212975209567842
GGCX	0.212871020626323
TRAM1L1	0.212813754263827
RBBP8	0.212583396732997
GCATP1	0.212516345140556
KLHDC3	0.212479218312081
DDX11L9	0.21226175552759
IPO5	0.21216434449422
KATNBL1	0.212122846517057
NEFH	0.212106769674497
EPC1	0.212106090968717
PACS1	0.211670950680229
PIGV	0.210980105230108
MBIP	0.210771253372742
TFEB	0.210416786926895
TMEM209	0.210206008815782
BBS12	0.210084271206219
DPP7	0.210080988029382
SRPK3	0.209963140008884
FAM90A2P	0.209960676085486
NARS2	0.209845961247958
ALPL	0.209766747118735
APEX2	0.209752461641867
CASP8	0.209739023562648
GANAB	0.209688920394792
UHRF1	0.209610004897186
SORBS3	0.209547545330961
NPTXR	0.209515611620435
KCNK6	0.209469843150517
ZNF526	0.209238568258691
GRK4	0.209228408409763
PCDHGB5	0.208935735497209
NDRG1	0.208927291879328
ODC1	0.208913275597423
SLX1A	0.208895905226502
C1QTNF4	0.208683850705144
STK11IP	0.208637059136357
RPL23AP25	0.208610940465267
TTC23	0.208432941538949
ST20-MTHFS	0.208299574277778
GTPBP6	0.208260196068606
RETSAT	0.208193877491828
TCP10L	0.208189265368107
BORA	0.208021784278906
ATF4P3	0.208002818982126
WFDC21P	0.207846691493696
GJA3	0.207754334380508
GP5	0.207675760894662
BORCS8	0.207656073388396
EIF4A1P10	0.207457536419992
TMEM63B	0.207406540618351
LLGL1	0.207303918647133
PILRB	0.207192799174779
FRMPD2	0.206953262776641
UBE2J2	0.206930437531146
SMARCD3	0.206927827266995
MRO	0.206832655928466
CCDC77	0.206707715331539
GRIPAP1	0.206573366237273
OGFRL1	0.206474143334158
PRELID1P1	0.206106191145784
CLRN1	0.206088947661726
RRP7BP	0.206082418638361
EML4	0.206065421368397
CTBP2P4	0.206061597094284
CD109	0.206029645916596
TNFRSF10A	0.205980143080999
ANKRD7	0.205869862529906
MRM2	0.205836169671135
RIPK3	0.205658597469778
LRRC38	0.205522578969761
ATG2A	0.205517274519843
RFNG	0.205135887786096
MACROD1	0.205044670651905
SLC1A6	0.204991237745959
TSNAXIP1	0.20495039399485
C7	0.204850803053615
BIK	0.20477241453314
FGF11	0.204722160613731
ZFR	0.204695077040708
PTCD1	0.204655843940083
TRERF1	0.204635654396929
TLX1	0.204480982333642
ASDURF	0.204278961047587
SLC16A5	0.204157326376356
CYB5RL	0.204102796408176
CNOT9	0.203946059910601
SPMIP1	0.203861361567099
PTPRN2	0.203776136963153
PSMB8	0.203762391437035
SIRT2	0.203734206433463
RPL32P27	0.203671535728629
SRSF5	0.203603879641521
GH2	0.20326297341162
TARDBP	0.203127619525369
CAMK2B	0.203097480217907
EXD3	0.202982860600817
MYH10	0.20292867688052
TMEM91	0.202594311276017
OR7E13P	0.202545917548626
FSTL3	0.202481672723333
LYPD6	0.202249519034709
HMGA1	0.202246346577015
CRAMP1	0.202036982650469
ATP9B	0.201956745705115
TMEM115	0.201892977396183
NOL3	0.201745773869586
MYLK	0.201698252589962
PRSS53	0.201416239562799
ZNF462	0.201311474337975
CCL26	0.201068197318956
CEBPD	0.200981800481735
ZNF224	0.200932374984689
OPRL1	0.200815882624952
BHLHA9	0.200761001633392
NMRK1	0.200707470286688
C19orf18	0.200680259802431
TTLL2	0.20061141882629
PARGP1	0.200252400663611
MON1B	0.200205862469237
BLACAT1	0.200119173677797
FGF3	0.200012065415117
GALNT8	0.199932931590311
RPL21P87	0.199772099585243
RPS24P19	0.199547356173711
SPCS2	0.199275109792739
MAST2	0.199200128751248
EML1	0.199136447977774
TCP11	0.199111356674724
C21orf58	0.199020594874912
BTN3A3	0.198986153510119
FAM90A27P	0.198884590950072
YBX3	0.198835290673718
MCCC2	0.198830225556098
CNOT3	0.198653391487804
ZNHIT6	0.198620702902061
FBXO24	0.198553356600439
ALOX15B	0.198505318602976
SYT4	0.19849679739043
C13orf46	0.198490147130887
TBXAS1	0.198408658315819
TLR6	0.198291056208917
PTP4A3	0.198273681828974
POPDC2	0.198190744720435
ATXN1L	0.197718551189721
KRT8P36	0.197626753788721
FUT8	0.197600211946494
RARS1	0.197586311451118
GATAD1	0.197372679348443
PSMD10P2	0.197208726563432
DIABLO	0.196910998051067
ATP2C1	0.1966117799996
HSPB1P2	0.196334386557454
ARHGEF10L	0.196158685768577
KIF6	0.196126304622644
MUC20P1	0.195912903265314
ZFY	0.195864937977029
ALKAL2	0.195744195588427
TOX3	0.195668495732562
KMT2E	0.195505752005302
GTPBP3	0.195398208834554
ITPRIPL2	0.19535250982081
HAP1	0.19526134273959
NRBF2P6	0.195195070666226
RPL9	0.195170528794178
DUSP23	0.194872765002414
SLC25A53P1	0.194758187946669
FGG	0.19467792972289
TMEM229A	0.194525829073091
STUB1	0.194493690231092
CARMIL1	0.194361046910798
LIPT2	0.193940239772616
ADCY1	0.193875842021828
PSMC3	0.193665540468621
ADA	0.193650309671133
SMKR1	0.193487291489768
RTL9	0.193332679363531
NXF2B	0.193332121649677
TMEM106A	0.193202344433183
TMIGD2	0.193089532238935
TAF1C	0.192925260383116
HEXB	0.192915455293268
ZPR1	0.192663093650968
TAFA2	0.192611183196907
RAB11FIP4	0.192512888958009
PHF6	0.192414752217374
NKAPD1	0.19232537615122
TBCEL	0.192302698950337
TIGD5	0.192263762853018
RASIP1	0.192189063104303
NOX3	0.192056447628017
YBX1	0.19204109351681
S100A14	0.191814128073912
MDM1	0.191734936413783
CNFN	0.191658371033479
PRELID2	0.191501016777524
SPAG9	0.191327011462055
STAR	0.191220362258664
TBCB	0.19083104906484
GNGT1	0.190656555528042
JAKMIP1-DT	0.190516831990119
ST6GALNAC4	0.190410014371095
SLC27A5	0.190390712443783
TRMT44	0.190371167091031
KCNK1	0.190330983090688
PROCR	0.190325849881825
C3orf62	0.190070724119971
LAS1L	0.19001201404422
FUNDC2P1	0.189905439775389
SDAD1P1	0.189857786833013
ACTL11P	0.189759888428044
MYCL	0.18971738143296
CETN2	0.189673507718591
ALX3	0.189639288764162
PLAGL2	0.189619932432991
TTC23L	0.189480525197761
DKK1	0.189446136447502
RPLP0P9	0.189411766913195
DNAH3	0.189371919953634
RRH	0.189318469573622
MTERF3	0.189270338198959
TCIM	0.189058349250153
DHRS13	0.188975378344234
SNX18P3	0.188901462312118
YAE1	0.188759146217046
KIF4B	0.188720842328765
FXYD1	0.18867777028398
UPB1	0.188650094571283
ARL4AP2	0.188624297053115
RPL5P30	0.188434389813743
SLC25A10	0.188272806716104
ZFYVE27	0.188209457130051
ATP6V0E1	0.187743461673919
SRCAP	0.187710254536515
ITGA2B	0.187586926883207
CAMK4	0.187575416928369
REXO1	0.187537881624186
FAM240C	0.187454599038948
TXLNGY	0.187445373102061
PATL2	0.187283388200375
KRTCAP2	0.18724748053937
POLE4	0.187219179586645
MEIS1	0.187193675252808
ATG101	0.187049765298376
BAG6	0.187024653584085
FAM86KP	0.1869819953409
CDKL3	0.186878303297364
CSKMT	0.186804518101537
CHPF2	0.186727527344444
RPSAP19	0.186673217806706
GNAT2	0.186657594822529
ZDHHC13	0.186637971236641
HSD17B6	0.186632415679377
TLR7	0.186465687495298
ARHGAP6	0.186326245861475
ABCA12	0.186293692910563
RHEBL1	0.186225965056003
GSK3A	0.186079131186669
C1QTNF12	0.18600020227018
P3H4	0.185954430121481
HCAR2	0.185950621670064
DLEU7	0.185931907804767
TMEM175	0.185931615319591
MAML1	0.185714985167363
RNF111	0.185685741059833
YLPM1	0.185614983963351
NPY2R	0.18550865994935
ZKSCAN2	0.185302432222335
MAP1LC3B2	0.185099141120841
TMEM269	0.18504576676672
OR52A5	0.184817329315091
NBPF25P	0.184768724879427
RABEP2	0.184652329830706
PLEKHG6	0.184583977808703
DORIP1	0.184334249589817
SERTAD2	0.184277068693613
PSMB7	0.18423045817919
RPL15P3	0.184213112541307
STOML3	0.184082526702701
TRIM65	0.184025874132378
RET	0.183998829289436
SPMIP4	0.183886642205684
PNKD	0.183793639862556
ENDOD1	0.183671337926576
ERCC3	0.183113776916784
JADE2	0.183070967953288
STX4	0.182982162088098
ANOS2P	0.182939061326616
TRMT61B	0.182790784023374
KCNE1	0.18276939081769
PCDHA9	0.18273745302756
PRR13P5	0.182703472842342
GTF3C3	0.182639426803143
POLQ	0.182577790330168
CHST10	0.182498018754886
SMIM12	0.18230184601128
CFAP221	0.182024119438598
ZNRF2P2	0.181930308597693
GOLGA1	0.181714012319552
PRKRA	0.181712660779319
GATB	0.181683330607151
CLK2	0.181554353410982
CDKN1C	0.181533469838655
TUBD1	0.18139337542964
LTA4H	0.181382178521184
ORMDL1	0.181239035251614
PGA3	0.181227593451838
NEURL2	0.181221682526048
DCTD	0.181097122099597
GPATCH3	0.180788012449724
DEPDC4	0.180573025891215
RIC8A	0.180456272809752
PRDX2	0.180405443936504
ATRIP	0.180373910598048
A2M	0.180159669070014
LRIT3	0.180146882979411
CHD4	0.180032509447861
ATP5MC2	0.179977232001867
CYP4B1	0.179843706982163
CHRDL1	0.179797986494911
BCL2L2	0.179797847754583
SDC2	0.179718562910701
RAB11FIP1	0.179700078998179
AQP6	0.179474717987433
DNASE1L1	0.179397531230375
RPL36AP43	0.179358179190168
XPR1	0.179142898221373
TPM3P6	0.1791349658989
GCFC2	0.179128778521756
CHD2	0.179086477229131
NCSTN	0.179076986491028
UBXN10	0.179043302262389
ZNF205	0.179034714244288
HUNK	0.179029221874964
PCDHB17P	0.179018642655896
GPAA1	0.178848192685818
ODAD4	0.17876713935614
TTLL7	0.178670801019661
SNRPA1P2	0.178634292495738
FBXW4	0.178556970585619
RIMKLA	0.178542894472915
NAP1L4P1	0.178488833893447
KPNB1	0.17848389470441
DAB1	0.178451402710787
SLC5A3	0.178446114795544
MKS1	0.178396446829669
ZNF276	0.178395164152653
ANKLE2	0.178341694667305
IFIT2	0.178339515764185
NOMO1	0.178317575671828
STK11	0.178252719075242
METTL22	0.178247889559993
CNRIP1	0.178148147958678
SLC4A1	0.177964686685173
ABTB2	0.177937598677043
PLCXD3	0.1779346360337
CLEC4G	0.177806214196643
TOP1	0.17780537314123
GOLT1A	0.177656939977812
YPEL1	0.177486411810648
SLC6A10P	0.177403621257063
KIF1C	0.177333499375943
SCEL	0.17690844668617
MRTFA	0.176902554960521
CCDC65	0.176836676404136
SLC25A23	0.176815272459721
KIAA0513	0.176784333509203
MTMR9LP	0.176606451260148
TCP11X1	0.176481449168606
GLT8D1	0.176468166367567
CYLD	0.176459991607776
SAXO4	0.176301875562741
PPP2R5D	0.176164751056884
PNRC1	0.175966559409203
H3C11	0.175913494962871
IMPDH2	0.175861337090675
PHF12	0.175857224318124
LTB	0.175783594439757
ISCA1P6	0.175752723028242
YBX1P1	0.175526012559719
PNOC	0.175406499541603
PTPRC	0.175349012553757
ROBO3	0.17532480317945
CANX	0.175281024165984
BHLHE22	0.175165455512385
PARVB	0.175160611890587
HSH2D	0.175144454861763
PDCL3P4	0.175138983401305
C6orf52	0.175090316269113
NOL4L	0.174842370256221
LSS	0.174599474396393
KPNA7	0.174463471872376
OR7E5P	0.174414461536054
ISM2	0.174340382659501
OR13A1	0.174281273159514
TSPAN9	0.174270325240063
NRG2	0.174195853506547
CACFD1	0.174177799036117
ZSCAN25	0.174156158267785
TSPAN31	0.17411015976192
ENTPD8	0.173910767493834
TMEM125	0.173872570115855
ISL1	0.173743180182373
CLEC2L	0.173660389680217
ERCC6L	0.173495009164226
OCEL1	0.173462239635373
FABP6	0.173362037959095
IRF4	0.173129065693615
MAP1B	0.172958298132199
SAC3D1	0.172948225945555
RAD51B	0.172930615837322
BABAM1	0.172816842790997
ZDHHC23	0.172738553111571
NSMCE3	0.172728616800533
ACOX3	0.172643662370612
KIAA1143P1	0.172430833849765
COL13A1	0.172418547779447
AMZ1	0.172226764625121
STAT2	0.172188152188381
PRMT1	0.172154297238047
STN1	0.171720903212258
CHST3	0.171583761787093
SMG1P7	0.171536392537403
DCST2	0.171487317134427
GABRR2	0.171313930678003
KLRF1	0.171248557376296
OSBPL7	0.171174056304547
IL1RL2	0.171070766716202
PLD5P1	0.170884861524064
PLK2	0.170765697363383
MAP2K5	0.170360355482905
ZNF813	0.170140414184871
REXO6P	0.170015807066185
CXCL2	0.169894922506127
CES2	0.169574917757778
CDC26	0.169139403376298
SHROOM1	0.169072236707964
RPTOR	0.169046834311047
OPALIN	0.168860992751188
TPTE2P1	0.168629120602102
POLR3K	0.168603212860841
ZAR1	0.168488856898301
UNKL	0.167928309446581
CAVIN2	0.167880357609443
L3HYPDH	0.167756339089019
ALKBH8	0.167620543050138
KCNMB3	0.167338146959896
PELP1	0.167268951754515
FSBP	0.167155447275081
FKBP2	0.167146360832136
PTN	0.167018156270987
THOC2	0.16700282598694
RASSF9	0.166799887980846
C10orf88B	0.166792095498146
TRPM5	0.166726385994462
TBX15	0.166705143463314
PPIB	0.166679164411572
CTDNEP1	0.16667263088797
DUSP8P5	0.166348852146165
IVNS1ABP	0.166264547520759
CD99L2	0.166124611431088
INTS4	0.166030944189917
CEP170B	0.166020666615323
SNX12	0.165887439577742
STARD10	0.165773939740884
MARCKSL1	0.165733768469299
PLA2G6	0.165727357886312
ZNF670-ZNF695	0.165671250745182
CDC42BPG	0.165643465832999
SYNM	0.165534904713765
PDS5B	0.165483149880479
DHCR7	0.165423653925665
CYP21A2	0.165419249380403
ST3GAL5	0.165335753009882
SCYL3	0.165271473578609
TKTL1	0.16521209459031
SPMIP8	0.165189532001407
DLD	0.165169624293013
IQCG	0.165092605410682
LSM14A	0.164893203340897
UGT1A12P	0.164849242362908
ANXA2R	0.164824164407846
RPL13AP12	0.164798607825767
ABCF2	0.164788589440514
GMNC	0.164765307162742
TTLL6	0.164706278532792
RAB2B	0.164482126539087
EVA1A	0.164402822527662
CDK5RAP2	0.164224820690496
NXNL2	0.163845367929856
RPL23P2	0.163684659154479
ZC3H12C	0.163668553376947
ZFP82	0.16345610440545
SLC2A1	0.163351175269189
OR2I1	0.162991151916294
DNAH10	0.162921197089833
MORN2	0.162903152290657
TMED9	0.162777961744268
TTLL1	0.162753460535945
EFNA1	0.162751884967615
SOCS5	0.162735503833666
ATF7	0.162685481976327
HARS2	0.162614832139292
TEX10	0.162550204151608
SYNGR1	0.162538480743781
DSTNP2	0.162459795009751
CAMKMT	0.162325308559946
PRUNE1	0.162146690852023
SLC23A2	0.162110357797334
HLA-L	0.162016333792577
AGPAT5	0.161812670562758
NPIPA6	0.16171803055631
ZMAT5	0.161697896017074
ADCY10	0.161677558269614
STXBP3	0.161647334521033
SIAE	0.161485532253819
WASHC2A	0.161396565331002
AUP1	0.161364372227546
BCL11A	0.16135980723497
SPIN2B	0.161312288907155
LGALS8	0.161302455819892
OR5H3P	0.161225058157116
UNC50	0.161211071032573
HABP4	0.16116375831876
SLF1	0.161093547776245
BST1	0.161092475410618
ANKRD26	0.160975880271125
LAT	0.160966371407861
SHB	0.160962123589266
IL18R1	0.160862485157875
CCDC14	0.160805666008799
PATL1	0.160683684760958
OXTR	0.160412271560686
LDHC	0.160316535947278
HNRNPA1P27	0.160307199723444
HES7	0.160027420827279
SDC1	0.159995809946736
INO80B	0.15995658461263
ATP1A3	0.159918270198844
SLC35C2	0.159879703523767
SLC6A7	0.159686838365153
TCEANC2	0.159645375565181
TRIP10	0.159529481924871
EXTL2	0.15951658540686
ADAMTS8	0.159388347724115
STX10	0.159303327855036
TUBGCP4	0.159276463247666
CNNM2	0.159214614510282
TIGD3	0.159115092018072
AP3B2	0.159100024770471
TMEM214	0.15882000000583
OTUD7B	0.158805224654823
GPC4	0.158770858777743
C2CD4B	0.158665018057486
NSUN5P2	0.158660866829968
S100PBP	0.158598114622767
SNX1	0.158568545856511
USP17L6P	0.15845622272174
TCF24	0.158426236261283
DVL3	0.158412443004624
WNT7A	0.158343994996682
ARHGEF25	0.158087173510078
EFCAB3P1	0.158053049566035
RCBTB2	0.157675916619252
TUSC1	0.157541828762557
SCRIB	0.157395776735819
C11orf68	0.157336691377616
BCAP31	0.15722601612575
NEURL4	0.157152824299933
NFE2L3P1	0.157151239383929
ST7L	0.157033268301852
WASHC5	0.157019002350212
KANSL3	0.156682907552752
CDPF1	0.156622695340889
CBX2	0.156573187153381
GFRA3	0.156462288139559
IPO4	0.156443053457796
IMP4	0.156379570685171
SLC49A4	0.156362286799642
SLC19A4P	0.156297353586559
MATN1	0.156239366348704
C4orf36	0.156198165836376
CYB5D2	0.156131396528486
RHOF	0.155992164630982
TRAPPC1	0.155976282967539
ECE1	0.155796337129702
RPS4Y1	0.15576357288389
CA10	0.155761377790712
OTULIN	0.155695429754233
PPP2R5CP	0.15569269910116
ZNF621	0.155641071411767
SLC8A3	0.155500522261511
HMGN1P4	0.15548498097476
CPED1	0.155477307024067
ANKK1	0.155471032540176
MTCO1P12	0.155299079692002
DNPEP	0.155287208114548
ZNF84	0.155283775664365
PGAP3	0.155147395255189
RGS20	0.154867743270865
ZNF169	0.154682024931361
EMP1	0.154675477133252
OR2A1	0.154571366728912
TM9SF5P	0.154209186511159
THOC5	0.154023580589861
URB2	0.154012237988089
H3P4	0.153824761732472
SEPTIN7P2	0.153796921369835
SEMA4A	0.153646926860933
WNK1	0.153619972903622
AHI1	0.153436495288409
ULK3	0.153352278506162
SUV39H1	0.153282536846846
CCDC30	0.153257715812283
RNASEH2A	0.153029852045133
ZNF627	0.152684259056268
ARPC4-TTLL3	0.152607591794214
TADA3	0.152506754304612
ITFG2	0.152434381520523
TBPL1	0.152324474140391
TIMM17B	0.152315159612748
DCC	0.152253139845254
NRBF2P3	0.152112597747735
PCTP	0.152033392934291
TMEM143	0.151943627402735
POM121C	0.151850728157249
GORAB	0.151688639199947
C22orf42	0.151632097800759
RANGAP1	0.15161134138973
CHRM2	0.151592457589434
DUSP16	0.151553940250079
MINPP1	0.151552091927139
SIRT5	0.151306562527902
ZNF706	0.151217179533606
ZSCAN5B	0.151192395721728
PSMC1P1	0.150955734020904
ANO8	0.150884280100625
BMS1P4	0.150882987914548
RBM19	0.150869372902642
TLL1	0.150776703208303
SH2B3	0.150705441436863
ZNF862	0.150599900491949
KRT15	0.150538058048362
RPS26	0.150435216246283
EXT2	0.150304522564055
PTAFR	0.150235180763558
PDIA3	0.150231401552494
CKMT1B	0.150206599564348
ZNF767P	0.150171459787343
TIGIT	0.150095515130868
BRF1	0.149998615459748
MITD1	0.149894972879183
TERF1P5	0.149718279129559
CCR10	0.149680063554545
KPNB1P1	0.149622553535749
PRPF39	0.149609899131857
FBRS	0.149457518548466
RFPL2	0.149359568477721
IL13RA2	0.149296371069592
CCDC134	0.149142806171237
ACAT2	0.149105111252547
UTP20	0.149045769687668
TLR5	0.148917283106459
NUPR2P1	0.148877271745055
CDH26	0.148600889141123
IQCA1L	0.14858669932113
PFDN6	0.148562159429324
TDRKH	0.148525378751214
HDHD5	0.148392642514614
KLHDC9	0.148331569848111
KLHDC8A	0.148252750425926
RAB33A	0.1481823096395
SUMF2	0.148178491385495
BLTP1	0.148140166114883
TMED3	0.148077836932809
ETV6	0.147946194823978
FBXO2	0.147832541769085
SF3A1	0.147760586960006
CHST7	0.147713785283007
HNRNPA1L3	0.147393157960971
FOXD4	0.147079168096462
NOL6	0.147061867513611
HAL	0.147010688552009
TNKS2	0.146687728072861
DBF4P1	0.146556380074401
CDPF1P1	0.146535475830615
MLLT3	0.146474475154621
G6PD	0.146461229460655
HMGA1P8	0.146424083984586
FIGNL1	0.146183291407192
METTL25B	0.14613053398185
TTLL11	0.14601794144193
WIPI2	0.146000386705278
TMEM14C	0.145733090980466
CCDC180	0.14564182356599
ZCWPW1	0.145520429924022
PSMD2	0.14543103792026
ANGPTL7	0.14540793071682
UBAP1L	0.144584880993219
ADORA3	0.1445262797161
SLC25A1	0.14445176630678
CYP4A11	0.144388908225856
PSMD14	0.144142432649635
SIGLEC15	0.144116323739896
GLYCTK	0.144047166053136
ZNF271P	0.143984709081229
SAMD4B	0.14391212535049
GK5	0.143821934998861
WDR45	0.143802098284791
TTC7A	0.143789308934251
RAB19	0.143770310425364
RANBP6	0.1437221283395
ADAMTS2	0.143648341754822
SMIM10	0.143579987658361
COL6A4P1	0.143533343386518
CTXN2	0.143455840884617
RTP4	0.14341717551556
TKFC	0.143356066646703
HCFC1	0.143315316463822
EXOC3L4	0.14330150258721
LYSMD4	0.14328317536799
SLC39A3	0.143222303806331
AKR7L	0.143193032632441
IL1R2	0.143165145275352
NLRP3	0.143162716296182
SSH2	0.142926511743855
ALDH3A1	0.142920504537263
IFT43	0.142902602260021
CRYBB2P1	0.142891715846045
NOC3L	0.142606926989769
TAF1B	0.142551352369747
MSRB2	0.142444770584214
CPNE8	0.142285928605528
AHCY	0.142283395991204
TMEM67	0.14223077196239
ZNF788P	0.142133579062876
AMPD2	0.142130616782261
RPL3P4	0.142024367701581
CELP	0.141989232566817
NAV1	0.141978613078765
GVQW3	0.141865617180551
MYL6	0.141810187730616
FBXO31	0.141673212156005
NFATC2IP	0.141617737380276
RASGRF2	0.141496833182235
ZNF12	0.14147273741849
ULBP1	0.141408467360047
HMGB1P1	0.141390529870602
LCN2	0.141376325765941
EPM2AIP1	0.141298711502548
TRNP1	0.14129509332028
TCOF1	0.141282288222824
TMCC1	0.14108015788551
RABL2B	0.140940016819964
UNC45A	0.140880778683344
FPGT-TNNI3K	0.140848767276327
CCDC162P	0.140400163596422
SUPT5H	0.140391818387933
ADRA1D	0.14009813300089
DNAI1	0.140091139778123
H1-4	0.140022577381948
C1orf198	0.139990484082272
PASK	0.139812997060206
FAM89B	0.139742905851042
CARF	0.139507987925516
FAM220A	0.139498903685369
CXCL1	0.13949160267555
CCDC142	0.139414903082291
ACADM	0.139301664169659
RPL26P6	0.139201510641963
PIGF	0.138729554382295
ORMDL3	0.138503311809703
C2orf80	0.138490113986882
MMP28	0.138429099719699
SLC25A17	0.13824640426816
ZNF326	0.138198910314831
RANBP17	0.138127805343889
RBM25	0.138025932844615
USP41P	0.137974462606118
ANXA1	0.137934910680884
ACSF3	0.13785037631672
PPM1M	0.137786493333985
ALDH4A1	0.137758072970549
VCPKMT	0.137680895519416
WASH7P	0.137429672796912
CCDC157	0.137240328792898
BLTP3A	0.137216400427494
PPIL2	0.137213828320533
USP35	0.137020715071785
PRDM16	0.136926598516407
DEAF1	0.136907683683382
DCAF10	0.136399607180025
CTBP2	0.136247086856141
GADD45G	0.136185266253459
CBL	0.136135754099335
TMEM131	0.136095091594944
PLCD3	0.135950845300639
TAS2R5	0.135862006523087
DNAAF10	0.135849552089042
SMIM11	0.135849039645604
GLA	0.135839123581207
UTY	0.135364016250806
PPIE	0.1353134788004
TMEM141	0.135139372837564
NFKB1	0.135017613456875
CCDC144CP	0.13500055964112
KHSRP	0.134755344066532
ACER2	0.134734747835358
CD14	0.134699759906143
ANXA6	0.134573148950087
FDX2	0.134563627303889
ROM1	0.134392701828488
CIMIP3	0.134298526401587
CUL4A	0.134229597271701
KHDC4	0.133945825426058
PUS3	0.133811718016811
ADAT1	0.133801664725093
GOLM1	0.13380044959981
RAB27B	0.133740266821312
ZSCAN12	0.133730636486713
PPIF	0.133595397760876
H2AC16	0.133554306517275
ZKSCAN4	0.133542904103526
MKRN6P	0.133498251476889
FUT1	0.133453165241174
H2BC14	0.133400444699964
PTPDC1	0.133175388105125
TTC34	0.133142428390386
TUBBP1	0.133046562663076
NAP1L3	0.132936493858381
ASB1	0.132907163625505
SIK3	0.132878301095335
TESK1	0.132866810750082
ITGBL1	0.132831775803658
SH3D21	0.132739818302926
MAGEE2	0.132729412053599
TLNRD1	0.132719865455225
DDX24	0.132450253470607
SLC25A28	0.132374346967173
FKBP11	0.13220225017302
DPP9	0.131957913613652
ADAMTSL1	0.131767927232972
ARHGAP4	0.131743326674756
TREH	0.131679943835187
DDX3Y	0.131614995286009
RBM23	0.131534331157164
TULP3	0.131276105843181
PRIM1	0.131268107861657
KNDC1	0.13126498340565
CCDC122	0.131261721045127
HSPE1P3	0.131259953798369
FDXR	0.13117237534861
OTOAP1	0.131141411005115
KPNA4	0.131132212954492
RNF185	0.130939620965843
TOMM20L	0.13090886395632
FXR1	0.130741939153788
NTN1	0.130722414642781
INHBC	0.130719800027318
CFAP107	0.130450190146214
GOLGA3	0.130056520088467
CSTPP1	0.130044282383582
TTC7B	0.129751759873854
DNAJC2	0.129705568741879
EXOSC3	0.129628952987245
ZNF460	0.129552358951838
FMR1	0.129479403703909
RNF34	0.129399346110838
TMEM138	0.129286695705458
MYLK4	0.129106445990053
VWC2	0.128805328099654
DIS3L2	0.128780541531421
KRBOX4	0.128764297236206
NAA25	0.128664586966206
RAB6B	0.128566686016334
PLEKHN1	0.128529871776784
RPL10P16	0.128447718723295
ZNF142	0.128436137052053
TOMM5	0.128385484980749
TMEM236	0.128354878122206
FBLIM1	0.12825167956818
SYT5	0.128239131570619
NRG4	0.128211062359273
HLA-B	0.128208998934177
TMEM50A	0.128151095901276
HYI	0.128056488896055
UTS2	0.128018733511507
PRSS43P	0.12801471595701
HAPLN2	0.127686808877949
BRPF1	0.127657302224468
SMARCD1	0.127649928815313
PSRC1	0.127506005932163
DIO2	0.127497517837843
ABHD17A	0.127416360584552
EYA4	0.12697077109333
TMCO3	0.126909806859231
SMG6	0.126834808408053
CEP57L1	0.12678441599653
PHOSPHO2	0.126749023554404
ZNF833P	0.126683894036554
NPIPB7	0.126596210726594
CCDC12	0.126557449691094
EGF	0.126527068473685
DNAH8	0.126401340537528
C2CD3	0.126133911394197
ZNF280C	0.126098885274581
UBXN8	0.125835862473386
ZFYVE16	0.125826347750298
ERCC1	0.125723712417035
ANAPC16	0.12567671072463
IFNGR1	0.125349133749428
DNAJC16	0.125210709725834
GHR	0.124987901294253
PSMD8	0.124863005764321
POU2AF3	0.12484136069007
TMEM100	0.124806414690682
B3GNTL1	0.124600767559343
TDRD12	0.124547523538597
METRN	0.124521506046797
TNRC6B	0.124464829167242
RBMS2	0.124443514099094
XPO1	0.124443374299126
HMG20B	0.124425524298341
PRORSD1P	0.124233605152951
DPY19L2P3	0.124196118904606
PYGO2	0.124064394388241
FDPS	0.124027449394902
RNASEK-C17orf49	0.124001188767036
CARD19	0.123917445748739
CREBZF	0.12377415243787
DAD1	0.1237084989871
SPATA16	0.123594048983729
HDAC4	0.123570743780724
ANKRD54	0.123064250087986
USP9Y	0.123030452507064
CDADC1	0.122882727076967
CYP3A43	0.122860291346851
RAB5B	0.122767187578637
PCNX3	0.122719900104442
COQ6	0.12270111720961
NUS1P1	0.122497986788921
VDAC2P5	0.122419153888483
GAREM2	0.122406053778099
ART5	0.122212074895532
VEGFA	0.12200929568434
CD226	0.121994661575606
PCDHB4	0.121976003587031
DDX42	0.121856370580225
ATAD3B	0.121720514988501
ERP29	0.12169175024802
SCN1B	0.121660394850822
ANKRD20A19P	0.121590203542637
ZNHIT2	0.12119054160064
GAPDH	0.121157596703497
CDX4	0.12113838684213
AOC4P	0.121134327993
PRR15L	0.121090797436577
ZBTB45	0.120979731199944
RPL13	0.120977265614766
NOTCH2NLC	0.1209307924902
CD36	0.120888892091675
TP53AIP1	0.120717667825471
NTRK1	0.120569369663444
CATSPER3	0.120550991893461
CCAR2	0.120470167913945
ZNF317	0.12045726680444
ABCC6	0.120399895467845
PSPN	0.120093758072553
UBE2Q2P13	0.1200711843663
FAM47E-STBD1	0.120041506507068
TMEM277P	0.120034560672119
EVA1CP2	0.120021843372878
RPGRIP1	0.11996473074671
PPIAP14	0.119887753443684
DMC1	0.119809857687379
ZNF772	0.119580773550388
HBG2	0.119517110826273
MEIOSIN	0.119447058014819
STK10	0.119211430095734
AQP5	0.119034368322966
INSYN2A	0.118996474699833
XPC	0.11887063153387
LETM1	0.118816059261009
SGSH	0.11874309134622
ALKBH4	0.118646577107616
CRB3	0.118641155672963
HORMAD2	0.118518888689446
MRPS31	0.118488428748556
AHSA1	0.1182135307641
FAM24B	0.118162370839017
RPL7AP62	0.117962991710784
TPGS2	0.117883796628292
PITPNC1	0.117788089225434
PRIM2	0.117787217293178
ACSS1	0.117715793077725
CAPN8	0.117489952311628
DPY19L2	0.117282565957765
RPS3P3	0.117134695701498
BMS1P1	0.117095081197594
EPN1	0.11702064856341
SEC14L1P1	0.116813499091246
SLCO6A1	0.116744155225222
PRG2	0.116693979354837
RANGRF	0.116482111276937
IL4I1	0.116478898952194
FTLP12	0.11645779634872
GCM1	0.116421740302713
RNF216P1	0.116239073590795
C5orf34	0.116228079348552
UCP3	0.116172968186476
BEND5	0.116146833846455
MAFG	0.115997235040189
TESPA1	0.115985804087058
ZNF324	0.115940266076728
PLEKHG4B	0.11582488519177
DAB2	0.115661428019504
RBM43	0.115572475370738
OVGP1	0.11537845060562
PTPN6	0.11530158682044
TBCK	0.114965802432661
CSPG4P10	0.114944395814502
RBSN	0.114878846026008
GALK1	0.114778134249982
PPAN	0.114667327646602
IQCJ-SCHIP1	0.114486024829849
SHLD2P3	0.114278719952926
CADPS	0.114143834835593
NAALADL2	0.11400220844167
KLB	0.113989272787911
BBS1	0.113984145886691
PRPF4	0.113793236130999
CDKL1	0.113758863766274
DEFB131E	0.113658576364628
NUDT17	0.113627058613251
H2BC11	0.11360485505961
UBE2SP1	0.113586920303812
C4orf46P2	0.113373388238943
ZMYM5	0.113345083508415
MRPS21	0.113330542134702
APOBR	0.113260497723043
KMT2A	0.113183168011437
MAPK7	0.113120561970808
LRP5	0.112969903937897
CENPBD1P	0.112938158615775
SVIL2P	0.112920572273734
VN1R1	0.1128466135582
TRA2A	0.112824028638344
CPA2	0.112508170826794
TPST2	0.112447490412058
ST6GALNAC4P1	0.112388847281014
MYO15B	0.112206224496651
CSTF1	0.111939945061307
TCEA2	0.111909125294156
BAG2	0.111846241102311
GBX1	0.111788588961474
GABPAP	0.111547413076363
PBLD	0.111524006410243
FGD5	0.111474032569097
TPTE2P3	0.111466876318676
CHRM4	0.111406885322631
ATMIN	0.111396421334414
SERHL2	0.111352822486103
KCNE2	0.111192441719014
ELP3	0.110985742061429
CCNB3	0.110942711819925
UNC5C	0.110754852275883
NELFB	0.110744843218062
TLE6	0.110537924079877
AP2A1	0.110464124121426
CLEC4A	0.110306144754158
RNF146	0.110282994680205
OGT	0.110266182047987
FNDC1	0.110114361403769
NPIPA3	0.11005271658913
SLC6A3	0.109837636951882
GEMIN5	0.109735392345426
QSOX2	0.109647873139302
LYSMD2	0.109554107827704
GPR107	0.109387999700204
HPRT1	0.109294710533958
DMRTC1B	0.109267091789532
CSPG4P12	0.109236839844073
HNRNPA1P4	0.109219118824286
SLC43A2	0.109031989317497
CTTNBP2	0.108967449847194
BSDC1	0.108558215792306
OTUD4P1	0.108539766933451
FAAH	0.108374801297507
DNAAF19	0.108286139372802
SFXN1	0.108227219640496
PYM1	0.108075731054035
TG	0.107927447957011
PTRH1	0.107907712137306
GPR151	0.107887042963698
TIMM23B	0.107886979227303
FERMT3	0.107829511545256
ZSCAN10	0.107738005887887
ZMYND15	0.107653500494177
CD300A	0.107645438607357
PSMA8	0.107586022382578
DCAF11	0.107558122594804
PCYT2	0.107548736422456
DLGAP3	0.107548422510017
GUCA1B	0.107360229461982
GMPR2	0.107342238231864
CNIH3	0.107165633120321
SLC10A7	0.107136707560353
IRAG1	0.107105050606278
ZNF322P1	0.107021936646033
TSR3	0.107001939056304
USP51	0.106997143051776
ZNF830	0.106826472737965
NDEL1	0.106708071524375
TRMO	0.106632290335035
TSSK3	0.106519090087383
TSGA10IP	0.106418013343593
SYCE3	0.106264369187323
RPL32P3	0.10626396586727
SOX21	0.105965511310777
TMEM187	0.105729329910263
POLDIP3	0.105724347021944
EIF2D	0.105712537583825
TRPM6	0.1056198984273
CDH1	0.105578102623695
DNAI4	0.105571739072184
SREK1	0.105434760352302
EEF1A1P24	0.105334583967839
NPIPB14P	0.105245677505711
FBXO41	0.105200263469923
METTL6	0.105178218794049
RIC1	0.105071389699889
ZNF547	0.104972357242184
C2CD6	0.104926513298776
PTPN2	0.104897208361234
SAMD1	0.104840815405716
HIKESHI	0.104636609546548
SHISA3	0.104570870904377
CHD1L	0.104393566750992
CFB	0.104134781990906
RTL8C	0.104037337146935
ZNF250	0.104014244713269
IHO1	0.103927165732233
ZNF175	0.103905859162015
SERPINB7	0.103862217630515
RCAN1	0.103837437979367
RPL23AP47	0.103744858054673
GPT2	0.103691024131143
ZNF687	0.103688868594624
CSRNP2	0.103658471761871
RASGRF1	0.103631404004913
LRP2BP	0.103630674716362
WNK3	0.103539217275774
ZKSCAN8	0.103430096424122
PCGF5	0.103246834099111
ACIN1	0.103226632636518
BTN2A2	0.103132338297246
TMEM222	0.103055647064636
MAGEE1	0.102947473921661
EXOSC7	0.102897490045338
NDUFS2	0.102686862930725
ZSWIM5	0.102616424046461
MZT2B	0.102518048604937
MKRN2	0.102454409835955
MT-CO1	0.102363653816478
FGFBP1	0.102347828656597
PHLDB3	0.102214498807773
WARS1	0.10217751000402
CFAP20DC	0.102158545955912
TOR1AIP1	0.102000428410453
SDK2	0.101991056185532
FAUP4	0.101974444129394
CDO1	0.101821225112779
EEF1A1P7	0.101781899919976
ZNF267	0.10173959493176
YBX1P10	0.101651604911067
AKAP17BP	0.101630937067383
SFT2D3	0.101606901461338
RPS7P1	0.101523086012502
CFAP58	0.101411724292475
SEC61A1	0.101392463972478
TRAF5	0.101388899639766
MDP1	0.101347386303374
PI4KA	0.101274639858673
FABP5P9	0.101182256265616
PDLIM1P4	0.101100346845539
ZNF773	0.101039085363591
RS1	0.10101036633141
DHRS3	0.100968265098109
NES	0.100836842788502
TENT5D	0.100795230135987
FRAT2	0.100638834970357
PXMP4	0.100449570940858
NKIRAS2	0.100447851348911
ZNF641	0.100260606698899
SFTPA2	0.100253518006716
KCNQ5	0.100239102665859
POLR1C	0.100204807891048
CREB5	0.100132854318345
COQ8A	0.100114624397951
RBFOX1	0.100085403901618
RPL35P5	0.0999746485895087
SMURF1	0.0999383314484553
ZNF543	0.0998539949551474
EBF1	0.0996705727804097
GALNT15	0.0995897784161224
SEC1P	0.0995841879474868
SCO2	0.0993681548051276
TINF2	0.099177164036496
SEPHS2	0.0990501318271205
RPS3AP21	0.0988777259433374
UBQLN2	0.0986787150614054
ENTPD6	0.0986095144373311
S100A1	0.0985645414610877
TNNC2	0.0984996914690549
CHST6	0.0984821090907644
NYX	0.0984616428181459
KCNV1	0.0983921127956656
POLE3	0.0983287250294244
YARS2	0.098194473644352
ERVK3-1	0.0981502251068865
PDZD7	0.0980885977511695
WDR25	0.0976948259371451
CTF1	0.0976614228314775
WWC2	0.0975427093870151
PSCA	0.097429538264211
MYOZ2	0.0974175409185801
ZNF10	0.0973795560563317
RPL4P6	0.097177953705682
PTCD2	0.0971139266196871
C5orf24	0.0970063857118453
OPHN1	0.0969958045263007
HSPB6	0.0968370877788261
EYS	0.0968279807238071
HSPA8	0.0967448007162228
TRIM41	0.096636434792941
LAMC2	0.0966156462883274
TEKT4	0.0965927096422962
CLPSL2	0.0962909736021522
FOXF2	0.0962662621101803
BBS2	0.0962222656252239
UTP18	0.0961733492698515
ZNF575	0.0961401078432257
NDUFC2-KCTD14	0.0960431884624705
SCN3A	0.0960272522153087
ENPP7P2	0.095936809671911
ARGLU1	0.095900201037735
PRKACB	0.0958488528665468
ZNF658B	0.0957453559378604
CCDC192	0.095740485288343
NONO	0.095425703732857
HRK	0.0953425078018804
SF1	0.0953039274653721
HAVCR2	0.0951124334627757
SKI	0.0949826073531019
FAM136A	0.0948496137582635
TENM3	0.0948424761373677
CRYGS	0.0947945846136595
EBLN2	0.0946991227411532
TRIM47	0.094571891184832
TMEM223	0.0945552599020382
GRID2IP	0.0945234028384329
LYST	0.0941905109756779
PMM1	0.0940888407794477
SH3KBP1	0.0939315767898538
EEF1E1-BLOC1S5	0.0938802351460871
TRIL	0.0938561967543378
FSHR	0.0938109586093857
DDX49	0.093787202082998
CYP7B1	0.0936603480856674
CEP128	0.0936513520250993
HEMK2	0.0933541959647166
E2F3	0.0931881909573339
ZNF586	0.0930236236956054
ZNF607	0.0928527633257724
NCBP3	0.0927236907772515
SEPTIN14P12	0.0927176569010044
PPWD1	0.0927088397343016
SPAM1	0.0926772467291411
AHSA2P	0.0926140275311441
NOTCH1	0.0925670997687742
PRSS42P	0.0923124601276894
ZNF345	0.0922663522519929
PTRH2	0.0922079951581303
TSPAN7	0.0921814131041854
SNAPC2	0.0920802368487174
ANKRD18B	0.0920736701535614
NAT10	0.0920682403478592
SZT2	0.0919545728383346
PRRG4	0.0918428064849426
MAN2B2	0.0917967307008962
ELL2	0.0917850707673392
UPK3BL3P	0.0917209140776368
EIF3LP2	0.0916468215699831
POLR2I	0.0916394806802117
SUGT1	0.0914335654704856
MYOG	0.0913558133707695
TUBG2	0.0913190683510881
PDXDC2P	0.0912289448270098
ROPN1L	0.091177838472984
ACTMAP	0.091121348764188
RPS19P3	0.091047674065504
PCK2	0.0910290066450965
CKM	0.090810001416261
NCOA5	0.0906484787292038
COMMD5	0.0905091731741987
TMEM186	0.0904099813419148
EIF4EBP3	0.0901426508667289
PELO	0.0899763019059732
PSMC5	0.0899637870052982
BEX4	0.0898676094821294
CLPTM1L	0.0897943105430727
C19orf47	0.0897884411373453
ACKR3	0.0896957986176249
PHKG2	0.0896617993081827
TPST1	0.0896109825584056
C1orf202	0.0895238329391127
RHOBTB3	0.0894075877209695
CERKL	0.0893759631793461
NBPF2P	0.0890696961685012
VAX1	0.0888730045407169
SGCG	0.088627142244301
ANGEL1	0.0885507439820877
PRPF31	0.0883794782959731
ADAR	0.0882903086095444
SPI1	0.08825549018338
GTF2H5	0.0882413294125655
PLCD1	0.088156933358347
ANGEL2	0.0881188633042279
CDH2	0.0881037320596154
SMURF2P1	0.0878173490910035
NANOGNBP3	0.0877876076067854
WTAP	0.0877620635808294
ARMC10	0.0874707442720193
ZNF415	0.0874542471738079
TUBGCP6	0.0873843902581989
DTNA	0.0873784450933626
C1QL3	0.0873257879151058
KCNH3	0.0872431104702658
FTSJ3	0.086934411740439
BTBD9	0.086909372257128
SEC11C	0.0867806208701649
DTX3L	0.0866684675172032
CIMAP3	0.0865505599231751
PCBP2	0.0861796827207024
BCO2	0.0860272670634045
IGLV5-52	0.0859679055697064
NAV3	0.0857837253831128
NAPRT	0.0853626671573757
OPN3	0.0853062883593103
ELOCP19	0.0853024265040344
FBXW9	0.0851784702837622
SRSF6	0.0850913404456823
TMPRSS13	0.0849630082346487
MSL2	0.084930945395569
ADGRB2	0.0849295282474246
IST1	0.0849094938472321
C20orf203	0.0848579030722171
LLGL2	0.0848346246713995
PCNX4	0.0848344555406609
HLA-J	0.084827785486433
ENDOG	0.0848232987939419
WASHC3	0.0848148409334071
SLC2A3P2	0.0847436982270132
HS3ST1	0.0846238538892632
RPS26P19	0.0845954244098442
PACSIN1	0.0845313210596102
VPS4A	0.0844984295610076
CKLF	0.0844866440523445
NOXRED1	0.0843868231779816
PEX11A	0.0843148441389196
GGA3	0.0841844206338803
TBL3	0.0841564190961864
NDUFAF4P3	0.0838665109675685
ZNF710	0.083561247481271
COL19A1	0.0835040055303062
ACVR1	0.0834969032690147
ZNF606	0.0834755918472171
OGDH	0.0834295547332253
KRT8P52	0.0833631139890587
SLC7A5	0.0832737628448532
TMEM71	0.0831231935203836
TMEM231P1	0.082976592102637
THAP3	0.0829312582820461
MIGA2	0.0829111477541837
FAM133A	0.0828486927319625
TPK1	0.0827590192441642
ST6GALNAC2	0.0827378436437462
SPEG	0.0826563110826012
MYO1C	0.0825729804298989
TAS2R64P	0.0824197178781726
ARHGAP26	0.0823158841769384
LUC7L3	0.0821261891104634
ITK	0.0819593877523179
SLC4A4	0.0818196093052788
ACYP2	0.081740599746567
FHL3	0.0817304010035927
INSRR	0.0817174531215313
OR10G4	0.0816868612217806
WBP1L	0.0816419058012008
CCDC28A	0.0815149762660388
ZBBX	0.0813170331886167
PEX16	0.0813092956110576
KAZN	0.0813014853467001
SUCLG2	0.0812739246372029
MRPL1	0.0812560143587384
COX11	0.0811960219415454
RPL7P23	0.0811500803962954
ACBD6	0.0810777886725381
STX16	0.0808639205303058
SERPINI2	0.0807790677248454
DAND5	0.080767007135216
BCOR	0.0807393777009873
SUSD6	0.0807051970035201
PGLS	0.0804462682245815
SNHG33	0.0802824630775639
AIG1	0.0802815582530583
BMS1P3	0.0800652279630778
MMP24	0.0800026407242116
RPS10	0.0798919156947105
KLF8	0.0798865879252208
DNAAF8	0.0798102812532086
TEX264	0.0796803580355243
ZNF408	0.0794688466928488
FAM238B	0.0794543739216139
SLC22A1	0.079225056969229
ZNF815P	0.0791477228027522
HNRNPA1L2	0.0789517496335772
H2AC20	0.0788504250395929
SEC11A	0.0786261095341316
BBC3	0.0786110328316655
CDIP1	0.0785765111554491
SLC25A22	0.078383751920701
TRMT10B	0.0782997246172364
LRP10	0.0782671282359169
C3orf33	0.0782133007705584
ADAD2	0.0781648750487945
TNFSF18	0.0781486638539407
SUPT7L	0.077993266469294
NUDT4B	0.0777686891377479
PCDHGB6	0.0777525685352193
RAB3GAP1	0.0775261492823778
SYNPO2L	0.0774156130708276
ZNF292	0.0772481320961432
PDE6D	0.0772286146050701
ERC1	0.0772269891400625
CLIC1	0.0770724087475889
GABRB1	0.0769974759618828
MLH1	0.0769740204327776
SLC16A11	0.076937901204849
PLCG1	0.0766556672031447
MEIS3P1	0.0766438601646365
ZNF77	0.0765739067738858
NBPF20	0.0765434952527299
PLA2G4D	0.0765274601469398
GRIK4	0.0764555073761609
SELENOO	0.076265849909666
PIGO	0.0761879642803166
KCNC4	0.0761633723458251
E2F4	0.0760807424275135
EXOSC2	0.0760202061712896
BUD13	0.0760111358686588
ZBTB26	0.0759918214145708
ZNF321P	0.0759850018106056
FZD5	0.0758770933246966
ASIC3	0.0757779121539522
CHMP6	0.0756561629066571
MMP14	0.0756296901600891
ZNF566	0.0756098323409806
MID1IP1	0.0755309150736355
CPPED1	0.0754478642464458
HES1	0.075425310209526
H2AB3	0.0753560766028312
ENOSF1	0.0753133825496155
SKOR1	0.0752215057813429
TXNDC12	0.0750945783290745
UBQLN4P1	0.0750733872421544
ZNF16	0.074987731795194
LEMD1	0.0749855349607998
DUSP4	0.0749379276144093
ERCC6L2	0.0749062942397622
C19orf84	0.0748509840966244
SANBR	0.0746833171251282
CGB5	0.0746457913784282
ING2	0.0744966005711824
TNFAIP8L2	0.0743939189952708
LRP8	0.074359919843482
METTL8	0.0742164299369348
EXOC6B	0.0741772243162991
SMC3P1	0.0741323848293885
NUCB1	0.0739763491514549
MAPDA	0.0738772421454515
KCMF1	0.0738695917723763
ARHGAP28	0.0737380496805703
GNLY	0.0736753557960653
NRF1	0.0736748270747604
ZNF200	0.0736439547001594
DONSON	0.0736294490704301
PRKCD	0.0735254387472199
SHKBP1	0.0734934170485272
MFF	0.0734316691127467
RFTN2	0.0732327318762374
SWSAP1	0.0730531025413595
PTPN22	0.0730501521447031
DDX19B	0.0730151793314855
SSR2	0.0729813665891092
IQCD	0.072916247129098
PRDX5	0.0728592658927869
NAIF1	0.0728146512812433
COA4	0.0728050729667354
VCX3A	0.0727793197049757
MAB21L1	0.0727064651239421
LIPH	0.0726589757165039
PMF1-BGLAP	0.0725617875139942
PPP1R2	0.0724946317233505
THAP2	0.0724697452840909
OR2T8	0.0722634804656271
ARFRP1	0.0721703868094758
RBP4	0.0721388269960855
CHD8	0.0720611853081525
INTS15	0.0719724412471534
NCAPH2	0.0718361169256417
EVPLL	0.0716758767054867
DCUN1D3	0.0715671011726767
CYP4F59P	0.0715351392936689
NME8	0.0714719867229672
WBP1LP2	0.0714603727618061
FBP2	0.0714450180274228
GRIN2A	0.0713556737285752
VAT1	0.0713206730380623
MSANTD1	0.0712698796470926
SCN3B	0.0710593803742926
NECTIN3	0.07096343579382
RALGAPA1	0.0709564963777985
C19orf48P	0.0707636672787257
PLEKHD1	0.0706161753128145
DCLRE1C	0.0705213565040454
ESR2	0.0704668466141631
NACC1	0.07028730821516
TMEM87B	0.0702643020567997
SHC2	0.0700499031322022
ARMCX5	0.0698967669666931
TFE3	0.0697888029767525
TBC1D10A	0.0696123744699709
CYP11A1	0.0695695531153393
SREBF2	0.0695381826805982
LRP11	0.0694799373555412
SLC35D1	0.069211791885794
WDR54	0.0691241812804067
PSTPIP2	0.0689275754267142
NPFFR1	0.0689094341620044
SEC22C	0.068871025280543
LAMTOR4	0.0683830176241735
MISP	0.0683468267127963
DBH	0.0683250536945242
SLC39A11	0.0682321123556879
UBXN6	0.0681100804212961
SNU13	0.0680232200303885
ZNF846	0.0679961003960032
DHRSX	0.067945345947445
ASPRV1	0.0679127510182772
HPCA	0.0678679964853829
RPL10	0.0677504625999268
FARSA	0.0677104633352412
TM2D2	0.0675179275170782
C8orf90	0.0675122365848886
BCL7B	0.067370098475672
VPS16	0.0673030098109703
RAB37	0.0672711411526532
C20orf144	0.0670935121413349
ANAPC13	0.0670846015995095
FTH1P23	0.0670661797830256
CDC20B	0.0670297295473391
HECW2	0.0669931370583859
NUP98	0.0669848880092925
WFDC3	0.0668864438417886
GXYLT1P6	0.0668653257774455
IKZF2	0.0668468878499169
METTL26	0.0665730596367649
HNRNPA3P3	0.0665021872252255
CENPN	0.0664818086133861
LENG8	0.0664433452545838
NSDHL	0.0661365011009054
MDC1	0.0660237186590853
NR2F1	0.0659269187700733
TMEM135	0.0658581853321943
ZNF496	0.0657862039329044
EIF1AY	0.0657481199272407
MAD2L1BP	0.0656483051193631
CLUL1	0.0655284533940834
MUL1	0.0654920520745618
FXR2	0.0653885592909119
CHST12	0.0653862608828151
KLHL34	0.0653843096894993
DHX37	0.0652526841126331
TRPM4	0.0652221012211374
COG1	0.0651266515103668
IVD	0.0649111619799823
GLDN	0.0648279810262832
JDP2	0.0648133632504212
FAM114A1	0.0647168959490476
ARHGAP5	0.0646863600828048
CIB1	0.0645980319186838
DNAJB12	0.0645875380648348
GUSBP16	0.0642542793587833
TRIM4	0.0642379182494694
HCST	0.0641275666021396
EXOC4	0.0639512558392081
DDX12B	0.0639372307074998
UPK3BL1	0.0636007431656826
ZNF778	0.0635229609695109
CDKN2C	0.0634314151997774
INO80C	0.063426927129238
RABGEF1P2	0.0634092213372871
RBM45	0.0633954373959569
PLGLB1	0.0632477218522156
GORASP1	0.0632032443818809
ZSCAN31	0.0632028658661381
PNMA8A	0.0631305974917247
TTC32	0.0630750066022904
TRGV9	0.0630266900755213
SUPT16HP1	0.0628688280614208
TMCC3	0.0627842792015863
AGAP12P	0.0627155198867043
MROH7-TTC4	0.0626868592539795
ANO2	0.0626827818638998
H4C3	0.0625448993097061
YPEL4	0.0624594081485644
WNK4	0.0624038776970533
IL18BP	0.0623834432752088
SHPRH	0.0623203881194154
SAP30BP	0.0622748441272927
CMTR1	0.0622434643937057
ESPNP	0.062193037297504
REN	0.0621347386260612
DSCAM	0.0620458469394976
BOD1	0.0619516720564362
PMS2P1	0.061932966502474
LY6G5C	0.06182640267061
POLR1E	0.0617595521610573
DNAJA4	0.0616371579703746
NAT9	0.0616149191260201
FEZF2	0.0615563782732528
TAL2	0.0615071903112678
ASNS	0.0614863141224724
XDH	0.0613751987200538
SNTB1	0.0611636756370926
FAM174C	0.0610580833368318
RHBG	0.0610395859761312
MYOCD	0.0609473760010703
OXER1	0.0608855633987889
KLHDC4	0.0608571987361799
PMVK	0.0607601397183998
SH2D1A	0.0607160824288871
SELPLG	0.0605982841378715
LCMT2	0.0605765807312081
RAE1	0.0605391074345978
RLIG1	0.0605339139415718
RPL13AP11	0.0604076675112075
RPL21P119	0.0603862328120087
DCAF13	0.0602409385259513
MYB	0.0602215739259141
CRLF2	0.0601913123456084
GABRE	0.0599327856106784
ATXN7L3B	0.0597250759558903
CLUAP1	0.0596565029259803
KRT86	0.0594416369793285
FLI1	0.0592721201693734
TCEA1P4	0.0592495654688553
ILF3	0.0590989514008336
CCL2	0.0588038998837488
SPG21	0.0587682944007214
MC4R	0.0586736487950852
TMEM126B	0.0586404760466609
DHRS7B	0.0586392499962977
SRM	0.0584871344960418
DAP	0.0584584310165453
RPL6P10	0.0584553904623348
EIF4EP2	0.0584043954465507
SHLD2P1	0.0582268614820932
ARID3C	0.0582118795220773
RALGAPB	0.0581868122731573
PSENEN	0.0580922526167834
RRAGC	0.0580303972333534
RPL4P5	0.0577314414637805
HAUS1	0.0576415019112659
TSR1	0.0575487854480734
PCDHB12	0.0575139423985059
TXLNA	0.0575086192097031
POLRMT	0.0573332174329073
SMUG1	0.0572081953829551
FAM13A	0.0571359342384816
LDLRAD3	0.0570923335331875
FEZ1	0.0570519838489214
RCCD1	0.0569662434889147
FAM238C	0.0568915995339796
LDB3	0.0568721245738628
ADAM15	0.0567855120974061
VEGFD	0.0567704291626158
PIK3R2	0.0567032978797177
POU4F2	0.0566314132947067
PMS2	0.0566008647122963
DECR2	0.0565157615246021
UXS1	0.0563876315616116
MTURN	0.0563662333393715
STMN4	0.0562924476488281
NME1	0.0561084119117298
AMBRA1	0.0561028440746832
WWP2	0.0559798416217339
C1orf54	0.0559683920833271
EFCAB10	0.0559494306594625
PDE4D	0.0558932928717162
RRS1	0.055781507663843
DMGDH	0.0555527085135416
ELP6	0.055517997724916
MTCP1	0.0553638064282092
H2BP1	0.0553196450264305
FOXM1	0.0552985001934728
KCNK13	0.0551971494065493
BTBD16	0.0550854825201124
ZFAND2A	0.0550666036475758
ABCA5	0.0549939875933557
NEDD8-MDP1	0.0548534265328542
RGPD1	0.0547552624873788
GDPD1	0.0545844729253288
SNRPA	0.054532642965628
MKRN10P	0.0543902552831885
HPS6	0.0543810580772181
EEPD1	0.0543310006539574
TANC2	0.0542800163925775
RABL6	0.0542415019578698
PREPL	0.0541870002925372
ANKFY1	0.0539743132779557
RPL7AP30	0.053796375434058
ABCA13	0.0537869708158528
EEF1A1P19	0.0535912106350661
CEP295	0.0535550346043552
CFDP1	0.0534681701706152
TMED4	0.0534071488376424
STX5	0.0533427295205541
SRRM1	0.0532842338188966
DNAJB9	0.0532288533397393
ZNF155	0.0532020848939319
CDRT15P4	0.0531870748737737
H3P47	0.05308440546024
LYPLAL1	0.0530177005531162
HDAC10	0.0530174787044698
THAP3P1	0.0530077350152551
ZCCHC8	0.0529482639104882
RAB26	0.0529279462361129
SLC39A14	0.0528821943272498
FRK	0.0528633484813768
ADGRE2	0.0524244942823148
MIOS	0.0523108959463986
NUDT12	0.0523050155367883
KRTAP10-6	0.0522541593542924
ODAD2	0.0522190690378036
ZFAT	0.0521805985844759
PROB1	0.0520894682188467
DDIT4	0.052084316110641
STRIT1	0.0520035081934665
CDIN1	0.0518812143700022
BTBD1	0.0518702147119903
TATDN2	0.0517634664759604
PRM1	0.0516762500832536
RPS20P33	0.0516731385835492
SH2B1	0.0516263054110562
SPATA31G1	0.0515738641291853
TMEM160	0.0515438491765312
KRBOX5	0.0513580204459385
GPATCH2	0.050987575106867
IGFBP7	0.0508957495889412
SELENOH	0.0508893294166779
C16orf95	0.0508583104176059
EPHB4	0.0506516685027947
JADE1	0.0505970292677803
RPL7AP11	0.0505929310300455
EXOC7	0.0504448223902182
YY1AP1	0.0503960380670638
CTRL	0.0503490552791802
ATP6V1G2-DDX39B	0.0501903457655681
NKAIN4	0.0499031056907334
ZNF583	0.0497740612245071
GLI1	0.0496469151025233
STT3B	0.0496358075907787
FOS	0.0495467291853672
MPPED2	0.0494359098668288
KLF13	0.0494102214658639
PYGB	0.0493094037632988
ATP1A1	0.0491923398378703
FAM185BP	0.0490125693364228
PRKCSH	0.0488290411757455
RAB28	0.0487050656019369
ANXA9	0.0486327510418871
FAM21FP	0.0486038487054099
CABLES2	0.0486011271528627
PIBF1	0.0484686294316886
RBL2	0.0483807707866495
ASCC2	0.0482289104234547
RUVBL2	0.0482197197504388
THSD7B	0.0481688889436142
GLOD4	0.0481620742135498
TPRKB	0.0481615824360349
TMSB15B	0.04815094054469
GGA1	0.0481330386706461
FPGT	0.0480731426598194
IQCK	0.0480697317162691
TPBG	0.0480261124456289
WDR27	0.0475471753640365
PHF10P2	0.0475426687681542
MBL1P	0.047412676499092
CCDC13	0.0473885024401396
YIF1A	0.0473494704341401
SCRT1	0.0472590934834824
RWDD2A	0.0471683882375054
MFN2	0.0471148406480535
SMIM1	0.0469696826912813
TXN2	0.0469481213028563
IL1RAPL1	0.0468204392706549
ARTN	0.0468041021053246
ADAMTSL4	0.0466688695547118
UBALD1	0.0466412806456076
DYRK3	0.0466221177907666
RBM42	0.0466187585937711
FRRS1	0.0465585303551499
SNX27	0.0465193140662554
RPL9P28	0.0465163661053884
PPP1R3G	0.0464949253670527
LTO1	0.0464874451941702
EOGT	0.0464433187240353
TFB2MP1	0.0464308400679657
ALOXE3	0.046356193413018
FLNA	0.0462955979035314
ERCC8	0.0462304421535694
ILK	0.0462088628172571
IGHMBP2	0.0460341134724057
KRT17P6	0.0459898528443866
PSMD11	0.0459006678970003
RPL6P30	0.0458823928838137
ZNF487	0.045826387174858
RDX	0.0457330147894596
ELP5	0.045722943776289
NPY	0.0454968983480755
ZNF561	0.0454786945831017
UBE2Q2P16	0.0454339681210891
RLN1	0.045374958811046
EGFR	0.0453675256382373
ADPGK	0.0453152400400553
IMMT	0.0452964312017629
ATP1B1P1	0.0451239592344652
LRRN4	0.0450616239040746
MINAR2	0.0450371071712601
MGST1	0.0450363579959616
GIGYF2	0.0450285832222465
SETBP1	0.0449335536224271
CYP2F2P	0.0448680934595536
PCIF1	0.0447527169134134
TPCN1	0.0447139019218574
UPK3BL2	0.044471802266915
CNTNAP3C	0.0444632511653198
ZNF577	0.0443357910511535
SFXN2	0.0442631346902326
FARS2	0.0441172383994788
THAP6	0.0440560270640565
KCNG1	0.0439875120297406
MYO10	0.0438397185902935
BORCS7	0.043765883445074
SRBD1	0.0436315267562296
HNRNPA1P38	0.0434764661873076
CC2D2A	0.0434150221303179
YWHAZP3	0.0432951267851676
MORN1	0.0432924461347602
PSME3	0.0431907758532582
FBN3	0.0431899597022304
TMEM253	0.043184547463928
FAM78B	0.0431508553300494
OR7E163P	0.0431208992332228
TBC1D10B	0.043065411467292
IQSEC1	0.0430433780369291
DAB2IP	0.0428371432369065
ZNF532	0.0427371397298241
MT-ND6	0.0426795057989538
LINGO2	0.0425920536917318
SAAL1	0.0424933535478625
ACTG1P17	0.0424795631211314
TAS2R10	0.0422953937151541
CPEB2	0.0420309479763341
CDK11B	0.0420266300814374
IPP	0.0417012267414742
TBC1D27P	0.0416383138927269
KRCC1	0.0414667485135554
TADA2A	0.0414524785658701
SLC7A6	0.0414484389092717
SCAMP3	0.0413443411374768
MCTS2	0.0412774142375136
DMXL2	0.0411691150588186
SRSF7	0.0411140835510104
TP53BP2	0.0409762278652314
ABCB7	0.0408647624830086
MAP2K4P1	0.040854366294787
ZNF275	0.0407727723298648
SH3BP5L	0.0406944061868946
ACTBP7	0.0406536715511728
CPNE2	0.040630528193666
SLC28A2	0.0405310557998437
PRKY	0.040414272982262
ADCK1	0.0403900583676295
TNFSF13	0.0401997287330568
ATP7A	0.0401652179894276
CEP57	0.0396140742000022
ARSD	0.0395953137677246
AFG2B	0.0395655195167589
WWP1	0.0395347439644949
COL25A1	0.0394748553084469
AGAP6	0.0394485127380327
RPL36A-HNRNPH2	0.0391871650075361
CXXC1	0.0391236232797809
ARID3A	0.0390450860234027
SPATS2	0.0389424022329204
TRAFD1	0.0388452919468039
FTH1P5	0.0387457100005579
VIPAS39	0.0387069200515621
ELP2	0.0386695504569408
H2AC8	0.0386411406362114
MYRFL	0.0386042862369681
STX3	0.0385953436668932
RAPGEF2	0.0385500059568437
NID1	0.0383788574243899
GPR50	0.0380821575549862
SLAIN1	0.0380290017116121
RPL26P19	0.0379312304666473
CALU	0.0379036035736546
GPD1	0.0378724350354604
SUV39H2	0.0378697242933743
MEGF8	0.0378114967367045
ZNF7	0.0377649526159481
RFX2	0.0377196319437458
ERLEC1P1	0.0376947278705912
FGF7P3	0.0376518922537663
DUS4L	0.0376143175498353
VPS26C	0.037552099906104
SLC66A3	0.0374034461311341
VWA2	0.0373491550352558
SPRING1	0.0371481892212532
CCT6P3	0.0369452298029664
FAM187B	0.0369055184683347
UCK1	0.0368803362837923
RBM39	0.03673632773703
STOML2	0.0365537440644376
DBIL5P	0.0365083020021149
SAP130	0.036507906917762
ANO4	0.0364784471426868
CLBA1	0.036466589877259
SERPINB8	0.0364224372209627
ZNF236	0.0362730260735906
VDAC1P1	0.0362667433754923
IQCC	0.036166173402032
ZNF222	0.0360653938483528
FLOT2	0.035916873101971
SCX	0.0358580975916105
ABHD16B	0.0358528997263835
TSPAN4	0.035811368452417
TMEM225B	0.0355515661983664
ZNF518A	0.0355494840354413
WDR1	0.0355460928977431
HSPD1P11	0.0355362179520804
SOX6	0.0355100581794842
IDNK	0.0354909821301323
TEAD3	0.0354422763753457
NTN3	0.0354263027494881
PRR7	0.0353922018606827
KDM2A	0.0353444137879893
MTND4P9	0.03531293667139
MMP17	0.035306621206983
DNHD1	0.0352732520984363
RPN2	0.0350397714318242
TLE1P1	0.0349582492264765
OR7E117P	0.0349059310452517
IFNAR2	0.0348671146024097
RAB20	0.0348413244663434
STYXL1	0.0347563965154642
RPP25L	0.0345895195338813
RAD21L1	0.0345734852389983
ETFB	0.0344117224840129
NUTM2D	0.0342583944043003
COPS7B	0.0341400164162622
ANKDD1B	0.0340661507302857
NUP160	0.0340500567232355
CCR1	0.0338581899185762
CIP2A	0.0338495078056547
TFPI	0.033832268613963
HINFP	0.0338266397438187
PARS2	0.0338077744552382
RPL29	0.0337802574283927
MTHFSD	0.0337697713280183
WNT9A	0.0335537438256359
CETN4P	0.0335248147874198
CCAR1	0.033496320255189
PMPCA	0.0334897614776118
LYL1	0.0334724748990873
RPL7P9	0.0334638869631257
MGAT4A	0.0334118831428736
CPSF1P1	0.0332322581216901
CALCOCO2	0.0330831329259874
H3C14	0.03298721176561
HSPBP1	0.0327810812144799
HENMT1	0.0325340843636926
MYO5B	0.0324607248275065
MSX1	0.0323892368196661
AMMECR1L	0.0323360161297373
IRAK1BP1	0.0322880166949938
COQ2	0.0321580799722917
MCCC1	0.0319661739350475
CACNA1I	0.0318884820529119
DBI	0.0317517777129147
TMEM168	0.0317153072908579
SKIDA1	0.0316693005496728
ELF4	0.0316423860236212
GTF2IP20	0.0315803057665362
ZNF708	0.0315374249977624
ZNF503	0.0314445899964995
ANKRD39	0.0314146969509531
CCDC86	0.0312827590127458
REV3L	0.0312173596778638
PPARA	0.0311943302595677
AGAP5	0.0310071461682164
ULK4P2	0.0309384381940648
TMEM65	0.0308159701583385
PNISR	0.0307452899837868
TEFM	0.0307129302017445
ATP8B5P	0.0306259121121228
TIPIN	0.0305703976327354
DNAH6	0.0304668805006017
LARS2	0.030441370416543
CDCP2	0.0301141830856582
ZNF663P	0.0300520755227445
GUF1	0.0300373909088166
CRISPLD1	0.0300302207035275
EGFL8	0.0300253019969288
RBM14-RBM4	0.0300093747119663
RPH3AL	0.0299633538561681
HILPDA	0.0299576817566233
MAZ	0.0299118190241426
EBP	0.0297527531255093
MCRS1	0.0296867204300917
MTRFR	0.0295982800777526
CORT	0.0295784820366489
SCN8A	0.0294370351584829
AGFG2	0.0293360505110976
KBTBD4	0.0292347548242567
S1PR3	0.0292213980227695
ENPP7P1	0.0292113356434044
GLI4	0.0291764165677134
SUSD2	0.0290643245712454
PSAT1	0.0288659840337247
BATF3	0.0287657611068291
PABIR3	0.0286739997409235
CKAP2	0.0286621886837504
EAF2	0.0286603984315321
SVIP	0.0285966845079186
MBD4	0.0284999585648428
TMEM101	0.0284686310339874
BRINP3	0.0283613357561236
UBE2M	0.0283237990386436
NEK9	0.0282428818188028
SYT12	0.0281063453370371
SPDEF	0.0280884782804403
NUDT2	0.0280570272424962
SMC1B	0.0280386918918582
FGF7	0.0280312874545051
HHIP	0.0279944717349751
COA1	0.0279476160243498
AZU1	0.0279393867782704
CNDP2	0.0279189567051251
CCDC22	0.0277487033661189
FARP2	0.0275445299260327
SH3BP5	0.0275102079196886
PAGE2B	0.027406721438715
ZNF471	0.0273872527805388
TOM1L2	0.0272897940108512
OR7E7P	0.0272693707768458
HNRNPUL2	0.0270851611692809
BAIAP2	0.0270669652798132
ARHGEF40	0.027046268208929
PPP4R3A	0.0270133996112278
PPP2R3B	0.0269959248190872
GPR155	0.02698633230207
IRS2	0.0269440578908721
DLX2	0.0269092325161784
TBC1D13	0.0269002793915472
VSX2	0.0266937453423849
HRG	0.0266197658917312
PIGZ	0.0265892719160609
SIVA1	0.0264798428197054
SDF4	0.0264519493195285
RBM11	0.0264515655863679
AMER3	0.02645072054012
JUP	0.0263896119201604
BTNL9	0.0263592282616904
RPL12P16	0.0261920731748774
SHARPIN	0.0260592042491542
GTF2E1	0.0260121417298352
DQX1	0.0259059875407255
SLC30A6	0.0258798331508073
CPT2	0.0258660291514392
IL16	0.0258652797659692
UBBP4	0.0258461763960571
GET1-SH3BGR	0.0258394399716956
COCH	0.0257612831996062
RPL24P8	0.0256632466669329
TMEM39A	0.0255975810792892
POLR3B	0.0255003621528623
PLRG1	0.0253084733928735
FAU	0.0252540649105623
KCTD21	0.0252498770216077
ITGA1	0.0250875866396569
PABIR2	0.0250772613482567
TTC8	0.0250677983227506
SLC10A5	0.0250192848117217
ABCA10	0.0250020537077914
FXYD3	0.0249445508056209
UBFD1	0.0248747101220892
ATF4	0.0247788260122665
ARHGAP20	0.0247783551375742
MRPS31P2	0.0247519977450813
MAP2K7	0.0244539825831508
GDF15	0.0244034971938483
LINC00680	0.0242870593695966
DUOX2	0.0242457542674639
MSH5-SAPCD1	0.0241380569586649
EPN2	0.024131619586894
POU3F3	0.0240982196957568
CATSPER2P1	0.0240763814438456
ZNF441	0.024062667014282
HDGF	0.0239135999433538
FAXC	0.023864025565225
TENM4	0.0238032361244996
RAD9A	0.0237657699935676
RPS6P25	0.0235631605149276
DLK2	0.0235288162750239
HAGH	0.0233904450220624
SGCB	0.0233820196907049
CASTOR3P	0.0233504301050382
FANCF	0.0232415297818065
SLC9B1	0.023193199190531
VWA5A	0.0231520168447896
PATZ1	0.0231172080936338
TRAP1	0.0230969403304427
FDXACB1	0.0229754936268461
LPP	0.0227853059449783
GK	0.0227528991854529
SYPL1P2	0.0227289363352122
TSPYL1	0.0226337917632697
VPS11	0.0225832085887425
GNB5	0.0222869252932104
JSRP1	0.022262329102258
RASGRP3	0.0222513046561828
PKHD1L1	0.022176243074792
SYCE2	0.0221714045743936
GARIN4	0.0221275872744943
BTN3A2	0.0221017858407066
OR9H1	0.0218715433358647
CHD6	0.021769557424761
ZNF174	0.021749705097485
STARD7	0.0216480770322953
RGS7	0.021594203840946
SST	0.0215607135779235
HBEGF	0.0215357763981805
PARP9	0.0214215690925102
SVEP1	0.021373601545256
CPSF3	0.021321825948369
CEBPB	0.0212500112814406
BGLAP	0.0212305718432761
ATF4P2	0.0212131159427725
MDFIC	0.0208956633658845
CGREF1	0.0208217354819991
CIDECP1	0.0208203897885403
MLC1	0.0207921961855818
CEP15	0.020649166672151
BEST3	0.0205253346790401
DPYSL5	0.0205155154906117
SPDL1	0.0205026354533665
MATN2	0.0203657498138516
AKR1C2	0.020211290213645
TMPPE	0.0201874193237219
CDH23	0.0201315352158076
CAMK2N2	0.0200641084574934
MPV17L	0.0200415413767749
VCAN	0.0200055913297837
TMEM232	0.0199877425213993
MTHFR	0.0199571072820709
ZSCAN20	0.0199532600902387
SMG5	0.0199473602383731
LRRC41	0.0199090442562569
RPRML	0.0199026975914346
GUCA1A	0.0198814728469352
UBOX5	0.0196757025683309
PCDH10	0.0196615441270729
OR52A1	0.0196403652684179
MYADM	0.019568329843084
FOXG1	0.0195315305019209
DCPS	0.0195218060658482
ZMAT1	0.0194830100000163
GDPGP1	0.0194336725768901
FOSL2	0.019415996404008
EDARADD	0.0193642618901236
H2BC13	0.0193074595421224
RSPH6A	0.019292226528285
EIF3CL	0.0191964858293889
MAP3K6	0.0190439970169185
INAVA	0.0190215991185495
POM121	0.0189404277302201
PCDHGC3	0.0188897672193431
STS	0.018853493786911
KRT8P39	0.0188265138679529
GDAP2	0.0187249187043429
DOCK7	0.0187231075384386
ZIK1	0.0184955047885475
PTTG1IP	0.0183678124981512
CCT7	0.0183401393337619
C14orf119	0.0183398742816943
SAMSN1	0.0183268122927235
BCR	0.0182469405931201
KRT17	0.0181718556624541
NEIL3	0.0181629272115606
MLIP	0.0181155543363647
PLPPR4	0.0180498343921535
RNF133	0.0179790698651104
TSSC4	0.0178249832783241
PDE11A	0.017703358853735
TMEM61	0.0176306573934785
ABHD10	0.017624133986671
MACIR	0.0175804236364589
SPATA7	0.017291846075499
SUMF1	0.0172350481049811
SNRNP70	0.0170234110466022
M1AP	0.0169651780284172
NOG	0.0167345012363289
RPL12	0.0166167585004112
RALGPS1	0.0165833020057259
ZNF304	0.0165804146978061
PIGB	0.016456549833818
ZMYM2	0.0163835682128897
DAP3P2	0.0162335179759464
FOXK2	0.0162112015252491
ZNF318	0.016158961953791
C8G	0.0161517414260237
KIAA1328	0.0161437048276064
CD99	0.016128740713913
UBE2V1	0.0157834871524797
ELOF1	0.0157107005615524
KCNH7	0.0157090974249507
MVK	0.0156717577441539
TRIM66	0.0154093414390729
ZCWPW2	0.0153748092447016
N4BP2L1	0.0153164551254478
TMEM178A	0.0151546477168884
ITGA3	0.015153574617009
DEUP1	0.0150778063545298
NALCN	0.0149298726393358
ASF1A	0.0148168305348863
IFI27L1	0.0147954413575787
HELQ	0.0147584934515951
AKAP8L	0.0147261290719637
PRR12	0.0146855456293923
RPS3AP20	0.0146048905944404
IFIT1P1	0.0146017731172448
TLR4	0.0145511470270699
WAS	0.0144544649447184
HDX	0.0143784486465295
C12orf76	0.0143657040936684
GALNTL5	0.0143196513061975
ACTRT3	0.0141924898455188
NOB1	0.0141130199434031
ZBTB20	0.0140999115687857
OR2F1	0.0140971348927024
POLM	0.0140872035707395
H2BC18	0.0139940544768516
AAMDC	0.0139532366186221
MECP2	0.0139465296600895
VPS33A	0.0138979886963783
FBF1	0.0138113012472937
SLCO2A1	0.0135651296707673
H2AZ1	0.0135436985496036
TRIM5	0.0133317686739305
IL20RB	0.0132011063796181
ATF6B	0.0131871712007012
SULF2	0.0130783497221814
MILR1	0.0130277383659409
ACOX2	0.0129104068137772
PCCB	0.0128183150408947
HTR7P1	0.0127285898810169
ZNF286A	0.0127145190291776
VEPH1	0.0126289174049805
TRIM80P	0.0126227954534684
SPG7	0.012448834039919
IMPACT	0.0122886787492973
PES1	0.012218915582911
UPK1A	0.0121668887490021
DCTN2	0.0120590883042909
CACTIN	0.011887001909337
RNF26	0.0117577683705015
NOP14	0.011675328611249
LRRC66	0.0116169819429938
OR10A6	0.011608443848057
RNF167	0.0115835742724602
HIRA	0.0115799804060715
KANK3	0.0115392048472862
ATF7IP	0.0114260315658817
ULBP2	0.0113701410125095
ANAPC2	0.0111067027467462
RIPPLY3	0.0110682750383518
BCAS2	0.011016901918174
KRTAP12-1	0.0109981195598581
RAB42	0.0109059398697261
TMEFF2	0.0109007896467738
ATF6	0.0108239981917919
CACYBPP2	0.010808423897159
SMAD4	0.0107444254260188
SEC13	0.0104705777285468
BLVRA	0.010467918971099
CSH1	0.0104636085848669
NBEAL1	0.0104433767253365
EDN2	0.0102715589523048
DEFB134	0.0101979632574735
RNF208	0.0100989129186181
TNFRSF8	0.0100795343677621
PIP5K1A	0.010035225189369
H3P36	0.0100170328452156
MNT	0.0099686948017721
SLC35E1P1	0.00995060896544074
KCNN1	0.00992380343366891
MT-ND5	0.00970930069058316
SNX19	0.00969990953730247
SELENOV	0.00963082854417046
MYD88	0.00960957506951036
ORC3	0.00955178815511963
CKS1BP3	0.00950278959064917
BTBD10	0.0095009064375421
RFC5	0.0094049959993839
CHURC1-FNTB	0.00939384455559723
ANO1	0.0093617147162982
ALYREF	0.00928257346710489
ZHX3	0.00922674193125888
CASP10	0.00921097066147071
FSD2	0.00911909969325031
TCP11X2	0.00908759246684329
GPLD1	0.00883614801222871
STK25	0.00876683322221069
DHPS	0.0087500274646638
TSPAN5	0.00874860992324093
CD3E	0.00868303289198377
ATG9B	0.00858655301013154
CLEC3B	0.0085564694338812
IL7R	0.00839628282978308
TMEM40	0.0083831167024284
SUPV3L1	0.00816023093226412
D2HGDH	0.00809431326993449
POLR2MP1	0.00802803042731047
GPR35	0.00793395373820837
CYB5R1	0.00790447009774249
ZNF285CP	0.00779046078244027
POSTN	0.00776482319908166
MOCS2	0.00764826535905584
IL32	0.00758804137324768
MIER1	0.00753145767667612
ITPRID2	0.00749593215288066
AKR1A1	0.007455182827905
XAB2	0.00742728343582538
TBPL2	0.00733403264533892
CBLL1	0.00730882397221747
KISS1R	0.00719208044070554
EPN3	0.00716518282162449
GAB3	0.00698094666187975
MSL1	0.00697861905115936
PLPPR3	0.00690266256321135
SLC35F4	0.00658519838780129
ZNF285	0.00655009639776118
SKAP2	0.00646605368730339
TCTA	0.00637256979570783
SNCB	0.00636167157045378
PTPRO	0.00621374556784093
RPL17P18	0.00619726847102323
FNIP1	0.00617015367001962
OR7E38P	0.00598384178799579
SETDB2	0.00596158832443493
PLP2	0.00596151558039089
ENPP4	0.00578928994370222
UFC1	0.00573664640810943
LDAF1	0.00565202085547891
KCNK2	0.00564248368666467
TUBAP2	0.00563168460642786
AFTPH	0.00552304992203333
NPIPA9	0.00550942366752156
P2RX6	0.00550842824383045
ATP6V1C2	0.00550780001280316
NUFIP1	0.00549901410823766
CNOT4	0.0054912519742282
MCM8	0.00545174881367515
CAMTA1	0.00528475094230224
TDRD5	0.00519668414456639
MGAT5	0.00518362879368654
SELL	0.00517795280893795
DOCK6	0.00517722438098881
WDR81	0.00516483080301483
SDHAP3	0.00507207631419301
ZNF195	0.00494910675158384
TMEM201	0.0049074526393748
MRFAP1L1	0.00489949632208242
PARP4	0.00470627328528991
PFDN5	0.00469848498932366
UIMC1	0.00467879891925036
AKR7A3	0.00467016129746104
DENND10P1	0.00464545992520628
RPS28P7	0.00463746431187794
SBF1	0.00463096109147603
MICALL1	0.00453379404983814
SCFD1	0.00448092786789612
HNRNPU	0.0043604456098276
SLC1A2	0.00427775783171869
GSTA4	0.00422144402542565
C16orf74	0.00409913089812542
PTPN20	0.00404135186929338
UNC13D	0.0040362975208596
FRA10AC1	0.00393568882694456
RPS5	0.00384840413555646
CD52	0.00379982937387526
UBE2F-SCLY	0.00379955261447128
ANKRD13D	0.00342862921583082
FAM83A	0.0033648588663461
PCDHGB8P	0.00336382773544437
DDX56	0.00326268144060133
MARCHF6	0.00319486811586271
NPY4R	0.00317682217332291
CCR9	0.00289934635325671
PTPRJ	0.00283548314717523
LRRC37A6P	0.00281250942196957
MRPS24	0.00280749308953179
TMEM131L	0.00271554430528976
EDEM3	0.00254869076754605
NOL9	0.00237272823429077
KHDC1L	0.00230571840199812
ZNF587B	0.00228448369020722
SPOCK3	0.0022566531829525
RSPH10B2	0.00224487774660772
CHRNB1	0.00222006836568995
WDR31	0.00204786184054253
AKAP17A	0.00199788866718183
SLC44A5	0.00196712190238319
S1PR5	0.00193819221834792
AFG2A	0.00192307149265612
AMZ2	0.0019043380682336
HMBS	0.00184663876881738
SLC27A2	0.00176738645227672
TUBGCP3	0.00151377274465695
GTDC1	0.00151041674979545
MEI4	0.00135114946624379
IFIT3	0.00128944449152003
ARHGAP32	0.00127995195176086
KDM6A	0.00101947616208861
COQ3	0.00101368176541747
MELK	0.000943665323127113
IL9RP3	0.00090734560141654
ATP5F1E	0.000767424586074955
MED17	0.000658746361156949
SWT1	0.000630680081015874
UVSSA	0.000615971387799226
RTEL1	0.000584005588894617
ZBTB8B	0.000411753816286666
ADAM19	0.000138334053610605
ATM	9.44164012256978e-05
TMEM43	5.81976813785834e-05
ZFP69	2.87798167713886e-05
NUP85	2.75517567941658e-05
ERV3-1	-0.000185525988810038
MANBA	-0.00036194790565952
XPO6	-0.00046699026564356
TRIM26	-0.000476083626833342
PRR14	-0.000545321073398184
SLC6A15	-0.000551354772815789
CNGA4	-0.000634882376055857
DYNLT3	-0.000655052996932363
BEST4	-0.000792963598550472
ZCCHC9	-0.000893745535230452
UBLCP1	-0.000895843482591958
ZNF335	-0.000970293029304222
EIF4EBP1	-0.00122101615224913
CD86	-0.0013122203160101
TMPRSS3	-0.00143943233942891
ZNF112	-0.00145323004021306
EIF4A3	-0.00152289728026445
HES5	-0.00154789756724626
TK1	-0.00157403352143471
TADA1	-0.00173128373980087
ZFTA	-0.00176907481821008
BACH2	-0.00177312023702603
ZC3H11B	-0.00178650830305764
RGP1	-0.00186241510235374
UGGT1	-0.00192647710061858
ZBTB5	-0.00194488613781955
GPT	-0.00196915159365284
SLC25A37	-0.00209372957881916
TERT	-0.00214498163475192
FAM222A	-0.00218294326086306
PGAP1	-0.002253501794736
DNASE1L2	-0.0022759530313497
CLTB	-0.00227808965807878
MCM5	-0.00243981560147749
PDCD7	-0.00244496059051097
MTND1P23	-0.00248784360715005
HTR1F	-0.00251143471832842
SPICE1-CFAP44	-0.00265529191100017
KLK1	-0.00266715588519341
VPS51	-0.00267309398872264
RNPEP	-0.00273710768748149
MTCH2	-0.00282092263204067
CAMKK1	-0.00282898972979105
PLAC8L1	-0.00283134255728762
KIDINS220	-0.00296738972319887
USP42	-0.00300045478240642
FAM3B	-0.00306937823275625
CISD2	-0.0030905981934684
VCP	-0.00316205109626791
GUSBP18	-0.00334777559564193
TIMM29	-0.00336182016158879
BCKDK	-0.00343109783568392
NOPCHAP1	-0.00345050937655879
DRD5P2	-0.00348821025688763
TP53INP2	-0.00354762986128127
GCN1	-0.00392041813455999
TERF2	-0.00392742009681915
CEP131	-0.00395634309808555
PGM3	-0.00401196371127549
PSKH1	-0.00402668595732793
TREX1	-0.00414403542475573
ARMH3	-0.00417070543162182
NGRN	-0.0042411646673739
PEG3	-0.00435952514711418
CYP3A5	-0.00439246173573652
NBN	-0.00457698108278823
ACOT6	-0.00467493960786067
UBE3D	-0.00469050794492738
MTERF1	-0.00471363619917565
BCL7A	-0.00486949579796408
RIMBP2	-0.00492099087583022
ZKSCAN3	-0.00492490825963705
DUS2	-0.00500723016317906
RAB4B-EGLN2	-0.00505713947289589
EPS15	-0.005073542964839
PLEKHA3	-0.00517085716663949
BIN3	-0.00525915967806761
PRDX4	-0.00535729493004405
HAX1	-0.00544017020983844
FMN2	-0.00582548750385276
PTPRD	-0.00585567922349791
FOXRED1	-0.00586830066485423
EIF3EP1	-0.00587400683368806
TOR1AIP2	-0.00591119016641923
UQCC4	-0.00598351543450831
GZMM	-0.00602701214757983
XPO5	-0.00607233557569144
EML2	-0.00612531173267352
MRPL21	-0.00628760127028233
HIVEP3	-0.00632662538120019
POM121B	-0.00641813973027032
LEPR	-0.00649477365894618
CPLX2	-0.00653425004640913
IQUB	-0.00659604995798256
GNPAT	-0.00659866954543658
UGGT2	-0.00670023927484587
CRTAM	-0.00675168477941271
SSBP3	-0.00679190941711698
APBB2	-0.00679419208643037
YTHDF1	-0.00702119489561248
CDK12	-0.00710054911658514
SLC9A9	-0.00715550897014552
TEKT3	-0.00749329576397334
CSTF2	-0.00751111760935656
YIPF1	-0.00763875521619253
SPATA25	-0.00774077075634182
GNS	-0.00785646037002307
FSD1L	-0.00794846756850679
FBXO16	-0.00800059671289412
SRGAP1	-0.0080144892476319
GABRP	-0.00801722904000486
DLX1	-0.00803723699647522
NUTM2E	-0.00817883144786402
CIITA	-0.00818298342745095
SVIL	-0.00839120902061368
DYNLT2	-0.00844801125675569
SNORC	-0.00855565341424617
ERMP1	-0.00856856361974044
TMIE	-0.00858677606184056
LSM12P1	-0.00870030105202796
RCN1P2	-0.00880886900360392
ASIC1	-0.00881713822097339
IKZF3	-0.0088195218067363
ATPSCKMT	-0.00883308168771338
MRPL28	-0.00888138550222748
TSPAN2	-0.00889961886679759
ZSWIM6	-0.00890334945943984
PSMD3	-0.00895746592498566
DMRTA2	-0.00906357780217356
WDR86	-0.00908598026476951
UBE2FP1	-0.00911585922430512
CHMP2A	-0.0091314456574028
ZNF542P	-0.00936535005925421
AVPR1A	-0.00939503573587521
RPL4P4	-0.0094156309960873
CBX8	-0.00943382768727258
ORC5	-0.00946771895708191
ZNF98	-0.00954084383390704
SMCR8	-0.00955783400792607
CAPN9	-0.00957797870271862
C2orf76	-0.00960513282385072
PLAC8	-0.00961617472377788
P4HB	-0.00963544201749476
CTAGE12P	-0.00971648955778156
HTATSF1	-0.00974639857755958
LRRC37A4P	-0.00983209882474732
INO80E	-0.0100731676263829
ACTN4	-0.0101609135634343
H2AC21	-0.0101692800907104
HCLS1	-0.0102469589277035
IL4R	-0.0103552698620399
SDK1	-0.0103780329973499
ZNF71	-0.0104380623965271
LEAP2	-0.01047525701112
ZNF33A	-0.0104866013821219
RPS9P2	-0.0105890218396949
DNAJB13	-0.0107448813265168
SPATA24	-0.0108281448472291
EFNA4	-0.0108486654730854
SCAMP2	-0.010907762252267
NOD1	-0.0109462902948763
FAM167B	-0.0110126149303503
GTF2IP13	-0.0111033645834282
DIMT1	-0.0112385239748343
HDDC3	-0.0112622344389368
TAS2R38	-0.0112733253061974
ADAMTS18	-0.0113099468268111
ARIH2OS	-0.0113391705732704
NCF1B	-0.0113417041786919
MRPS31P4	-0.0115005232670437
RPL9P32	-0.0115422895859196
ERVFRD-3	-0.0115448258461183
OS9	-0.0116894545352669
COIL	-0.0118058830868322
EXTL3	-0.0118136675099876
ZC2HC1C	-0.0118567979092201
PHPT1	-0.0118777850972856
SH3GLB1	-0.0118896323618164
TRPV3	-0.0118957489255578
ZNF322	-0.0119543614757283
NDFIP1	-0.0120216054125721
GCSH	-0.0120264659728805
ZNFX1	-0.0120286406607104
GALNT13	-0.0121818947654998
OSGEPL1	-0.0122245408765351
DTWD1	-0.0122257976447476
SLC50A1	-0.0122627594146811
MTF2	-0.0122877756475192
EMC9	-0.0123628258213925
NR2C2	-0.0124496028900692
SMIM29	-0.0124854082553274
EPCAM	-0.0125535867703661
ARK2C	-0.0125760377833834
RNASEH2B	-0.0126330289833722
POLR2E	-0.0126760847655495
ABCA15P	-0.0128521565522082
UST	-0.0130203925906571
BTBD19	-0.0130291479190351
ELL3	-0.0130537213178685
YTHDF2	-0.0131162962640852
AP2M1	-0.0131647647310267
PRPF6	-0.013171099635331
RRAS2P1	-0.0132636304116266
NIT1	-0.0132912749007647
PIH1D1	-0.0132964917061259
GPR153	-0.0133781317251551
JMJD8	-0.0134583896151888
RAB23	-0.0134593312978567
FAM120C	-0.0135680981189728
EPHX4	-0.0136769135546623
MRPS27	-0.0137829205901486
CBY2	-0.0138392507982641
TSPAN6	-0.0138448121352914
MTMR1	-0.0139622333891859
CHMP1B2P	-0.0141576609932775
SUPT16H	-0.0141702181472952
CRABP2	-0.0141972977120061
PARP2	-0.0142190433116251
POLR1A	-0.0144666088480317
PANK1	-0.0144684669608264
RASGEF1C	-0.0144836969935371
PPP3CC	-0.0145049885488417
CLUH	-0.0145099125139462
CPNE7	-0.0145228959572009
OR2A7	-0.0145272016077571
PCCA	-0.0145643941257988
PCDH15	-0.0146571042746964
EMSY	-0.0148036709215281
OR2L1P	-0.0148721353497639
EEF1AKMT4-ECE2	-0.0150711007141438
FAM120B	-0.0151769465214168
PRKD1	-0.0152252758147726
ACOT9	-0.0152887118190463
CAPN14	-0.0153138964078627
REPIN1	-0.0154219116762084
BCHE	-0.0155224524147545
NEDD4	-0.0155863826872472
ENPP7P15	-0.0156074110933908
GNRHR2	-0.0156180911466801
C2CD2	-0.0158369185253772
ZNF571	-0.0158794831575435
NFKBIB	-0.0159255765461058
JRKL	-0.0160351494581473
ZCCHC17	-0.0163738021774985
PDGFD	-0.0163756923373104
RPL23AP74	-0.016410651865445
ILRUN	-0.0164147536993088
RPS2P55	-0.016422356356536
CD68	-0.0164422612221648
SAMD13	-0.0165036490125414
OGFOD3	-0.0165863906308437
UQCRHL	-0.0167581477139591
RRP12	-0.0168697961676405
SRP14	-0.016892838378867
EMC10	-0.0168985467373824
TWF2	-0.0169001843635698
MSH5	-0.0169770528950349
SDR16C5	-0.0171395730476049
ZBTB7A	-0.0171602758221883
NSFL1C	-0.0171775563412366
KCNJ8	-0.0172043101736466
MEX3A	-0.0172853417463274
CAB39L	-0.0173559524803172
DMBX1	-0.0173749681644409
PRSS44P	-0.0173855447666603
METTL17	-0.0175119102708367
FAM114A2	-0.0177910371606591
GABRA1	-0.0177965611983677
VWA3A	-0.0178376546998343
PPP4R1L	-0.0179694742627654
SNAPC4	-0.0180746978034048
SH2D4A	-0.0182127071979491
RCL1	-0.0182420843843375
ZNF549	-0.0182601138054293
ZNF148	-0.0182938986329865
KIF4A	-0.0183083901907554
TCEANC	-0.0183529024022086
SIT1	-0.0183557052458499
BPHL	-0.0184886350930752
ERP44	-0.0185889609946154
TXNDC11	-0.0186224772763488
NKX6-1	-0.018772704801299
SSRP1	-0.0187933349164364
ZIM2	-0.0187965524198649
OR2A9P	-0.0188045216615232
LCP2	-0.0188165876092294
PAM16	-0.0188394573118095
ZBTB16	-0.0189797086903794
MON2	-0.0191265740831132
COPS6	-0.0191483767959838
SAMTOR	-0.0191559775320987
ZNF341	-0.0192162803482506
SUSD3	-0.0192926402789597
IGSF9B	-0.0193889326003357
RNF10	-0.0194639161085488
TRMT2A	-0.0194959114415831
RPS6KA1	-0.0195133921655086
DEPDC5	-0.0195616002968453
HSPA8P5	-0.0195846129749409
RFESD	-0.0196063570081413
DYDC2	-0.0198695507257628
ATOX1	-0.0199031194251948
ZNF787	-0.0201891024879309
RPS27P25	-0.020282275853689
MTCH1	-0.020293648126213
TROAP	-0.0205146256315999
IGLL3P	-0.020553109069396
ANKRD2	-0.0205538493599743
ARMH1	-0.0206599875509756
PPDPF	-0.0206799403861451
MSI2	-0.0207665745182537
MMS22L	-0.0209506278216404
KLC1	-0.0212576688026378
ATG5	-0.0213245211448966
GNL2	-0.0213432102661671
RPL7L1	-0.0213826090466842
MESD	-0.0214001950031792
IDH3B	-0.0214745869102079
SEC23IP	-0.0215400549677212
GPRIN3	-0.0215716575993251
ZSCAN5A	-0.0217843882483556
KLHL33	-0.0218840910640423
WDR3	-0.0219256131871695
IFITM2	-0.021930820422398
CLEC1A	-0.0220315795914081
INPP4B	-0.0220677477980925
DOLPP1	-0.0222611345895724
PDCD4	-0.0222861631230019
CYFIP2	-0.0225425156795866
GOLGA6L9	-0.0225947625614118
ATOSB	-0.0226466990460503
SUMO3	-0.0226846942682322
MYH9	-0.022890935262036
CEND1	-0.022971477411518
TRMT112	-0.023045181212793
FKBP3	-0.0230705404116073
ZNF157	-0.0231982796382802
GPR4	-0.0232183030293976
DNAAF4	-0.0232386442558077
TOB2	-0.0233632656704143
HGH1	-0.0235278285705326
STXBP2	-0.0235476317342454
EIF3L	-0.0236658759512008
GNA12	-0.023670739976359
COG3	-0.023824089101567
BCAS3	-0.0238321212338301
DRGX	-0.0240057323839858
CFAP100	-0.0240520791861447
PDCD11	-0.0241231830007858
SLC12A6	-0.0241761871548971
LY6K	-0.024292527436146
FAM90A12	-0.0243452264888585
ERGIC1	-0.0243816888008487
RBP7	-0.0243910528468532
ZNF688	-0.0243923351701394
CLDND2	-0.0244182068280884
TMEM140	-0.0244510328954255
RPL7AP66	-0.0244806552465877
UNC119	-0.0245306864389926
FCSK	-0.0245404741761838
OSGIN1	-0.0245540445898481
ZMYND12	-0.0245560404202679
ANKRD35	-0.0246751229685788
FAM118A	-0.0247380307951085
BPGM	-0.0248024236996893
ACAA2P1	-0.0248608821303834
MAP9	-0.0249776216896496
BCKDHA	-0.0251356501441477
ZNF567	-0.0251713869727453
PPP1R8	-0.0252785691102895
BTD	-0.0252937808784945
RAD1P2	-0.0253363781460368
GUSBP17	-0.0255432329672126
HACD3	-0.0256499987254414
RPSAP3	-0.0257612407075823
TBX19	-0.0257889129790738
VASP	-0.0258047227845839
MRPL20	-0.025821155651203
TMUB2	-0.0258824509376302
PDCD6P1	-0.0259536395559798
SYNGAP1	-0.0261691721961115
NIM1K	-0.0261797163750673
SMIM38	-0.0262081022261954
ZNF653	-0.0262563965133776
ENTPD3	-0.026264802544849
PRCC	-0.0263290767247759
SIGLEC11	-0.0263573057783126
HNRNPM	-0.0265924807835588
FAM149B1	-0.026754413904036
GJB6	-0.026835296618758
MYO5C	-0.0268423084943392
XNDC1N	-0.0269421247079348
PCGF1	-0.0269731591642812
LCNL1	-0.0270766010441258
C2orf72	-0.0270789343342406
HOXC13	-0.0272310471309594
RIN3	-0.0273130309142132
UQCC1	-0.0273357209890802
HNRNPLP1	-0.0274018156304401
PELI1	-0.0274154039797136
FADD	-0.0274208009540615
AKR7A2	-0.0274313923521903
NMT1	-0.0275119214418455
TRIM58	-0.0275660551404476
RPS24P8	-0.0276200755794336
STKLD1	-0.0277353539699224
SNRNP25	-0.027735917863813
CYP2C19	-0.0278034240050717
SEC16B	-0.0278436065386529
CLIC2	-0.0278525234066923
PHAF1	-0.0278878295188861
HNRNPA3P6	-0.0279497000542424
NFE4	-0.0279867860134612
COX7C	-0.0279988445964129
KIF3A	-0.0280266847763228
HEMK1	-0.0280947734371164
MTF1	-0.0281069587830447
CDIPT	-0.0282485213497105
NPAS2	-0.0283383672675959
ASIC2	-0.0283385780603333
FAM201B	-0.0284071568074241
SNX30	-0.0284303002171753
METTL9	-0.028519575684487
TRPC7	-0.0286581187439155
TNFAIP2	-0.0287489319863794
TNC	-0.028800593704084
ANKRD10	-0.0288392489306371
ZC3H11A	-0.0288634937000549
MYO9A	-0.0288980664481615
PRR18	-0.0289434437214257
CCT6P1	-0.0290073707475148
PM20D1	-0.0290927379628386
AARSD1P1	-0.0290941390059169
ZNF511	-0.0291428446380086
RNF214	-0.0293442828993659
SRSF9	-0.0294180116819163
GOSR2	-0.0294906361152923
TMEM271	-0.0295368702469377
NDUFAF4	-0.0295468581339784
BTG1	-0.0296658055690722
B4GALT4	-0.0298671852435632
MFSD14CP	-0.0299667021062855
EP400P1	-0.0300420221724977
FTLP3	-0.0301988574320795
VRK2	-0.0302391338929467
CUL4B	-0.0303177987041839
COL8A1	-0.0303360943472805
FEM1A	-0.030357349776202
NKTR	-0.0303684068471423
PTP4A1	-0.0304491896779867
HMGB1P10	-0.0307352572642734
OSR1	-0.0311081385471689
SLC7A6OS	-0.0311394678908137
ZNF263	-0.0311488282492613
RSRP1	-0.0311609072981664
MOGAT3	-0.0311657847348874
ADAT2	-0.0313857050700086
NEMP2	-0.031414227752937
FHIP1A	-0.0314632811657522
MXRA7P1	-0.0314837274532136
CRABP1	-0.0315038599259156
CYP51A1	-0.0316051562923245
FTH1P20	-0.0316799385905266
FRMD4B	-0.0318305574633957
MTA3	-0.0318994414551164
EXOSC1	-0.0319891388731
TMEM213	-0.0320774089400953
GYS1	-0.0321126136998301
RFX4	-0.032134817404083
ZNF598	-0.032413861593969
GID4	-0.0324708469255684
IFI44L	-0.0325249125769056
TMEM183BP	-0.0325652044141905
KLHL15	-0.0327218927077647
ZC3H6	-0.0327650860133722
RPL12P38	-0.0328332352844539
ULK2	-0.0329425895569268
CHST4	-0.0329883152712739
C9orf153	-0.033144456791232
PDPK2P	-0.0331611871945207
NDOR1	-0.0332634597717
THOC6	-0.0336562426242158
ERI1	-0.033675470395191
BCORL1	-0.033729759574135
RPL13AP20	-0.033811237859157
SLTM	-0.0338736965756464
OXCT2P1	-0.0340362645589029
SYS1	-0.0340666427045519
RAI14	-0.0340982458804771
TAS2R6P	-0.0341275170021766
RELT	-0.034343810791615
DCAF16	-0.0344070216201163
ARRB2	-0.0344394365147069
TSPEAR	-0.0344502269452102
KCNB1	-0.0344575870287566
CLIC6	-0.034538727092651
TMEM31	-0.0345544065374436
GRM2	-0.0348539495297406
DPF2	-0.0348584602568745
PTK2	-0.0348633408962125
NBPF15	-0.0349403558740311
TOGARAM1	-0.0350837937322325
MAFB	-0.035164046691801
SIX3	-0.0352486908049
DDX1	-0.0352855326481425
ARRDC3	-0.0353905078154046
DPRXP4	-0.0354267605575039
PPP1R12BP1	-0.0355313977748241
ZNF212	-0.0355588591433691
GHRH	-0.0356001254870777
FUT11	-0.0356327217417392
SFMBT1	-0.0356456680513108
WFDC10B	-0.0356923488536545
TWSG1	-0.0357737684506117
CACNG4	-0.0358282922107218
SLC26A7	-0.0359287095369966
PDE1A	-0.0359573054892063
TTC9B	-0.0359641422456528
FKBP1C	-0.036009448773287
SIRT4	-0.0360195484399874
PML	-0.0360621652980958
ADAM17	-0.0360866883107981
TH	-0.0362113281570734
GRPR	-0.036325974083059
SNX11	-0.0365039869617076
RPL29P4	-0.0365473616721207
CHAD	-0.0371253651632827
AEBP1	-0.0371526546108153
GABARAP	-0.0372588658989262
KIF3C	-0.0375218804718595
KCNJ4	-0.0375951664195785
CD160	-0.037686959642751
INPP5B	-0.037700478674164
AQP11	-0.0377718667919702
HDLBP	-0.0378391377851093
ZNF451	-0.0379346374382403
BCLAF1P2	-0.0380531992034691
TMEM18	-0.0380708893671247
RPS7P10	-0.0380821934825145
S100Z	-0.0381166672443275
GNL3L	-0.0381789632571409
NTSR2	-0.0382474370624467
ACAD10	-0.0382779157732068
EEF1G	-0.0383069805502107
TXNIP	-0.0383310863154052
VLDLR	-0.0383590224049842
LMBRD1	-0.0383805129030334
PET100	-0.0384029496492776
C19orf25	-0.038462672011796
ZNF32	-0.0386382161265029
AATF	-0.0386865764767806
SEMA3A	-0.0386948606192137
SYNGR3	-0.0387178658215361
USP15	-0.038801124718129
DUSP11	-0.0388695903266077
PUS1	-0.0390572357290772
RPL12P25	-0.0390959672189825
TGFBR3	-0.0392541033470005
PPP1R16B	-0.0392632088286975
P2RX5-TAX1BP3	-0.0393288653919314
ZNF821	-0.039523981047228
PPP4R1	-0.0395537368056445
RBM22	-0.039563751072297
NOS1	-0.039823240705021
SMPD3	-0.0401530240416156
PPEF1	-0.0401916584572818
SLC35A2	-0.0402904688447142
TMED7-TICAM2	-0.040299570426152
HMBOX1	-0.0403124514720361
NUBP2	-0.0403364501171282
SLC25A48	-0.0404391905794546
ABTB1	-0.0405133388395931
TLK2P2	-0.0406451466594734
MAGOH	-0.0406504762645337
AGBL3	-0.0407343775781624
ANXA2	-0.0408287998729595
GPX7	-0.0408591906522279
NUP50P2	-0.0408877526588616
CST6	-0.04102068343985
CLEC4C	-0.0410441315084098
SYCE1	-0.0411235093107971
ARHGEF1	-0.0411452501751612
IRF9	-0.0411491663007378
TEX38	-0.0411592677555866
PPCDC	-0.0411782046665206
GINS3	-0.0412506258258046
OR52N4	-0.041349100457137
HIPK1	-0.0413594232431501
CTDSPL	-0.0413698649534595
C1orf122	-0.0413897987692084
KCNS1	-0.0415157442161414
DGKA	-0.0415801667422156
PHYHIPL	-0.0416526309763868
GFER	-0.0416712112123789
SIK1	-0.0416724518599941
RNF40	-0.0416938920815398
MAMSTR	-0.0418207406958123
CCNG1	-0.0418926108545919
ZNF713	-0.041938130877225
ZC3H8	-0.0420322568644921
TARS3	-0.0420587950727268
USP19	-0.0420960308365452
IKBKG	-0.0421710147617163
UGDH	-0.0424976613087522
ZNF749	-0.0426880626286679
ABI3BP	-0.0427840595489762
RCHY1	-0.0429138934344263
RHNO1	-0.0430054328240512
RBM6	-0.0430227162739205
STX11	-0.0430410292063723
ZNF418	-0.0430533075795564
FER1L6	-0.0430716855998836
POLB	-0.0430786386055723
BARHL2	-0.0430954549796327
PNPLA6	-0.0431028254435766
HDAC11	-0.0431187672327187
ZP2	-0.0432007449748567
TMEM127	-0.043245463775209
DDX6	-0.0433295359997734
SOX5	-0.0435168891264175
KLHL8	-0.0435245566349468
SP3	-0.0436589798805772
ATP12A	-0.0437318471299448
INTS7	-0.043786422248767
IDO2	-0.0438360972334045
ZNF239	-0.044035612403722
ZNF69	-0.0441579999884976
SUGT1P3	-0.0441667426906514
CROCCP3	-0.044300805890338
OXT	-0.044334089529949
WDR4	-0.0443367465784017
CCDC146	-0.0443486413229275
IRS4	-0.0444006567892308
EFTUD2	-0.0444147652862098
TMEM263	-0.0444240424416535
CHRNA1	-0.0444826081905607
MRGBP	-0.044535544243851
OR7E47P	-0.0445709046660828
TEX2	-0.0447328619574913
USP22	-0.0447786660227589
DCAF1	-0.0447849266930757
RILPL2	-0.0448541584376501
RPUSD3	-0.0448738116533235
LASP1	-0.04490755646831
SORBS2	-0.0450018592227824
HNRNPA1P7	-0.0450611265402973
HAUS4	-0.0451251965239833
RPL7P1	-0.0451711416141216
RBBP8NL	-0.0451754733909044
PMP22	-0.0452356434508474
ST13P7	-0.0452827549949334
SLC9A1	-0.0453006933500346
ZSCAN23	-0.0454372095032285
ZNF774	-0.0457408803878098
TBX20	-0.0458085357345351
AFF3	-0.0458154299284423
TUBA5P	-0.0459161545323828
CLDN11	-0.0459766116091128
H2AC10P	-0.0460425841410207
PRMT6	-0.0460427320217452
KASH5	-0.0460427797585585
TIMMDC1	-0.0460580787556271
APRT	-0.0462560144288427
CLEC6A	-0.0463934044272248
EEF1A1P13	-0.0465991780390211
THEMIS2	-0.0466407010304062
SDHAP1	-0.0466781401211258
POP1	-0.0466819695129225
GMFG	-0.046771547787331
SYNCRIPP1	-0.0468372816043899
NFE2L1	-0.0468545361465887
TNFAIP3	-0.0468696904285766
NDP	-0.0469110549989512
SLC35B4	-0.0470492568147967
MED10	-0.0471506501627185
GALNS	-0.0474950073635465
TM2D3	-0.0475150773641146
METTL24	-0.0476077149367537
KCTD18	-0.0476205122659407
DCLRE1B	-0.0476458298894946
ELOVL1	-0.0478134966734638
XG	-0.0478652633583495
OR4F2P	-0.0479567719662059
KLK3	-0.0480572150321463
SENP3	-0.0484011263632785
NEIL1	-0.0484476394653349
PRMT7	-0.0484495891332859
TBC1D12	-0.0484850085852016
BAK1	-0.048492608334846
RBM44	-0.0485098837843999
UNC5A	-0.0485341405019597
RPL29P11	-0.0487537027997139
CAGE1	-0.0488917201229945
DYNC2I2	-0.0489037639226619
STAT5A	-0.0489709431593074
RPS3AP38	-0.0490278436759525
RFC4	-0.0491031300825886
PMPCB	-0.0492348513231842
RABIF	-0.0495544092015283
RPS4X	-0.0495559832773207
NME9	-0.04962006278224
CHAC1	-0.049637180996536
RHOG2P	-0.0496706770486846
ARL6	-0.0496897287879828
FAM181B	-0.0496950508114385
H2BC17	-0.0497023634425621
PSMA7	-0.0497455052949165
GAPDHP35	-0.0497964392913018
SGF29	-0.0499895133980876
KCNC3	-0.0500406726164182
MED8	-0.0501212403228155
ZFAND4	-0.0502267025284226
STAT5B	-0.0503023842409137
ATAD3A	-0.0503685743755617
VPS72	-0.0504019799809097
HECW1	-0.0504274717443689
ZDHHC8	-0.0504644062058337
UBIAD1	-0.0505176644675654
LIN52	-0.050613511906068
MEMO1	-0.0506354098537481
LHFPL5	-0.0507468978267596
DMD	-0.0508377635981289
DDX50P1	-0.0509134069324568
KHK	-0.0509413666104292
ARHGEF3	-0.0509954399801039
SMCO1	-0.0510089655585764
FNIP2	-0.0510743460882607
EDEM2	-0.0511935502124205
HLA-DRA	-0.0512516224637164
SLC35B1	-0.0513260282623176
CALHM4	-0.051486663832921
ZNF419	-0.051672702337619
ALG1L9P	-0.0516773673951273
C1QTNF3-AMACR	-0.0516812840589475
SMIM47	-0.0518088713225465
CDK2	-0.0518188126303328
AUNIP	-0.0519134340920061
RPS18P5	-0.0519871016722432
LAGE3P1	-0.0519938497828693
MRPS9	-0.0520472949795701
RPS3AP47	-0.0523456895334617
SRRM5	-0.0523457912601122
SERF2	-0.0524297006393798
FUZ	-0.0524600584248448
PKD1P6	-0.0528870689636611
SLC30A10	-0.0530301192188353
SDHAF2	-0.0530791673811893
TBC1D31	-0.0531392298782896
OLIG3	-0.0531609192042433
ATP13A4	-0.0532375607598672
COX19	-0.053257629304876
GOLGA6L3P	-0.0533542954248145
IFT22	-0.0533932232580139
PCF11	-0.0534285499395915
DHX9	-0.0535015454348568
PDP2	-0.0535180446749173
RPL6P27	-0.0535363545313581
GPR108	-0.0535996404071093
ZFP2	-0.0536390969041796
C9orf40	-0.0536500268226585
MFSD4B	-0.0537115039606567
H4C14	-0.0537254199841694
OPRK1	-0.0537537176093546
ZNF319	-0.053781184469372
OR5H5P	-0.0539170237488745
FUT4	-0.0539929694906911
DNTT	-0.0540588415802028
TNIP1	-0.0540830458833333
FOXJ3	-0.0542096894521095
ABRAXAS1	-0.0544001578516242
GALK2	-0.0545166461274971
PPP2R3A	-0.054526808561901
ZRSR2	-0.0546350690586022
TSTD2	-0.0546716940221475
SLC16A7	-0.0547581071026825
ZNF782	-0.0547645707381306
ANKHD1	-0.0548084697183111
PEX13	-0.0548822664036082
NAIPP2	-0.0550891442528806
JPH3	-0.0553053521006229
SH3GL1	-0.0553831583735242
IQANK1	-0.05540219700623
ZNF331	-0.0554878197815122
ANTXR1	-0.0555487311719018
TFEC	-0.0556887952127749
HDHD2	-0.0558536626586649
ZNF66	-0.0558572142734001
TRGV5P	-0.0558778053519093
WTAPP1	-0.0558943124255059
OR2T32P	-0.0560002957914806
SLC25A51	-0.0560083072070016
CLASP2	-0.0562342332425225
TARDBPP2	-0.0563159294411099
BACC1	-0.0563337545740157
NEMF	-0.056414297058968
POLR1B	-0.0564565059548772
TMCO4	-0.0565065488080608
MPP1	-0.0565181487659989
ASCC3	-0.0566498988434511
PKP2	-0.0568905929041803
NDUFAF2	-0.0569158625842611
AP3S2	-0.0569347242969956
EZH2	-0.0569424553909665
ABCC2	-0.0569555787915695
OMA1	-0.0572443824246567
DNAJC5	-0.0573209521295458
TIGD7	-0.0574029762636765
ASB4	-0.0575260670413763
PHRF1	-0.0575707399431745
MAGT1	-0.0575970587634514
CCDC116	-0.0576091946129244
TOX2	-0.0576160564377128
USP6NL	-0.057703255135591
CASTOR1	-0.0577289937312464
BET1L	-0.057851377101864
H1-0	-0.0579325410804767
PRR4	-0.0579721882482433
HYKK	-0.0580458041223332
HSP90AB3P	-0.0580550608172362
FOXE1	-0.0580755067860294
MYO18B	-0.0582264745620566
SCHIP1	-0.0584693921968695
HMGB2	-0.0586383342006668
YIF1B	-0.0586460038612206
PPM1G	-0.0586578631916207
GDI2P2	-0.0587878042240018
RRN3P3	-0.0588088511104407
LAMB2P1	-0.0588544237508033
RXYLT1	-0.0589339085650138
RBBP4	-0.0591757597817871
WRAP73	-0.0593036074134138
NPIPA7	-0.0593351178288917
RBM18	-0.059502932637152
AEBP2	-0.0595078973145986
ZNRD2	-0.059542981812857
NLRP14	-0.0595902764177122
TGFB2	-0.0598280908934909
CBY3	-0.0598319188946186
MCM3AP	-0.0598472720987105
EIF2S2P4	-0.0598970887620031
MPP4	-0.0598977512681444
GTF2IP14	-0.0598978684077864
FICD	-0.0599031513746356
IRF5	-0.0599037973923632
CFAP161	-0.0599547126110008
RNF2	-0.0600024575766346
CYB561A3	-0.0600582100652138
ZNF223	-0.0600844012308383
ATRAID	-0.060137419328196
ANKZF1	-0.0602173728585101
RAET1K	-0.060245775821427
FIGN	-0.0602576084053284
SSR3	-0.060277354795641
BMS1P21	-0.0603277903936426
NDUFB4	-0.0603758472585678
C15orf40	-0.0604194032328084
CD163	-0.0604386482646628
ZNF624	-0.0605543702867919
RPL21P39	-0.0605896286134091
CDC42EP5	-0.0606545001321749
RPS2P7	-0.0607349856503141
ZNF512	-0.0607381382390634
STK32A	-0.0607875636033746
ZNF667	-0.0608014121786074
TMEM268	-0.0608360079138619
HES3	-0.0608539442588738
GBP4	-0.060900834103536
OR1F1	-0.0610057439812797
STAP2	-0.0610660675448025
PGAM4	-0.061213175642308
HTRA2	-0.0612346730467541
CDC42BPB	-0.0612797912868375
DNAJC8	-0.0613004460094815
SEPSECS	-0.0614622971859422
RAB24	-0.0614819549110395
MTFR1L	-0.0617062362322159
FCRLB	-0.0617298588139662
PRTFDC1	-0.0617596473953153
CD55	-0.0617902447551976
RETREG3	-0.0621646448485799
TDRD9	-0.0623758581083822
TAF5	-0.0623792742614028
PTCH2	-0.062526241648401
SRGAP3	-0.0626607908679577
CHD7	-0.0631961631960338
ALPG	-0.0632503923467848
SART3	-0.0632846474096321
CEP89	-0.0633692232064521
CCDC71L	-0.0633727506107502
SNRNP200	-0.0633878032825041
REPS2	-0.0634964844603393
HS3ST6	-0.0635190568834801
NUP35	-0.0636010206604835
SLC25A24	-0.0637124885819356
ARHGEF16	-0.0639298188636912
AGGF1	-0.0639482021550997
USP20	-0.0639919905998102
ABCB9	-0.0640955623848548
RPSAP52	-0.0641274919284462
PARP11	-0.0641389717913867
RPS27P8	-0.0642261838394356
HROB	-0.064243134113709
RSKR	-0.064244923747049
RGCC	-0.0642646647340474
MYT1	-0.0642909040597591
CFAP119	-0.0643364844202225
PNPLA4	-0.0645122382113177
PBDC1	-0.0645210322651864
VKORC1L1	-0.0645239523747772
TAS2R4	-0.0648925778165819
CYP19A1	-0.0649207293313465
BZW1P2	-0.0649793752867246
ST3GAL4	-0.0650199793947583
MCFD2	-0.0650901087496304
ASCL1	-0.0651006313146936
SEC63	-0.0651017158473793
IFITM10	-0.065313968918278
KDM6B	-0.0654160961928865
RPL17-C18orf32	-0.0654414706377561
LCORL	-0.0654860280560105
TPI1P1	-0.0656314582645001
NUP210	-0.0658890343338385
BYSL	-0.0658927499368478
TPH2	-0.0661257072868997
ZGPAT	-0.0662256400448509
MINDY1	-0.0662612215029388
ABHD17AP1	-0.066320125785829
STAC3	-0.0663695136255527
APTX	-0.0664640241248262
PAG1	-0.0665227660416541
HMGB1P31	-0.0666390391155614
KIAA1958	-0.0668241804644405
SUMO1	-0.0668610222003901
TMOD4	-0.0669193391893317
S100A13	-0.067082603428166
KANTR	-0.0671466955297835
PSMC2	-0.0671559126259658
TUBG1	-0.0672311619596691
PIPSL	-0.0672434703029176
DGCR8	-0.0672693931674355
LPXN	-0.0676692660113911
CNIH4	-0.067739850391545
OR2L2	-0.0677802757624524
TBC1D14	-0.0679253427495378
ZNF518B	-0.0680383282040425
KLK8	-0.0681769439863546
HS1BP3	-0.06837444466829
LRCH4	-0.0684747271340929
ZBTB17	-0.0685655294619638
PUF60	-0.0687684951372207
EME1	-0.0687697366756516
PTGES2	-0.0688488539077964
MYBL1	-0.0688586558842227
B4GALT1	-0.0690280197329007
SCUBE3	-0.0692429346229138
PHOX2A	-0.0694890841205844
PPRC1	-0.0695812977979409
NOMO2	-0.0696479175046091
ACSS2	-0.0697536980667802
WDHD1	-0.070035092017067
NCAPH	-0.0701049499223162
VCY	-0.0701453774302821
IQGAP3	-0.0704454973334538
SNX18	-0.0708075066544019
SEMA3E	-0.0708123147487905
EIF5	-0.0712318870129648
SCG2	-0.0712538562430626
HJURP	-0.0712966717899812
CBX5	-0.0714072347162641
MFSD6L	-0.0714328612624148
NMBR	-0.0715883107784218
H2AC6	-0.0718238972983926
CFAP73	-0.071852656702377
CDNF	-0.0719365156045843
LPCAT4	-0.0719513867413827
SUDS3P1	-0.0719898753903903
NFAM1	-0.0720570993087234
PCSK1N	-0.0720616308874881
TM9SF2	-0.07213554049861
ATG14	-0.0721559940799849
CENPS	-0.0721563687658961
ADAMTS9	-0.0723584680639784
CSRP2	-0.072378689344072
CAPN3	-0.0724833799788734
KLF1	-0.0725053300680673
ISY1	-0.0725366401475764
FABP5P3	-0.0725710638478602
PLIN1	-0.0726118914522701
ERC2	-0.0726450610875439
ADCY9	-0.0727949737699522
SLC5A7	-0.0728611375964218
TESK2	-0.0728762791379893
HNRNPA1P50	-0.0729401964609682
IL17D	-0.073193426381373
ATP5F1D	-0.0731987613640721
NLGN1	-0.0733553410376294
SLC67A1-AS	-0.0735189659243379
ALPP	-0.073521684477742
LRRC37A15P	-0.073532732601819
OVCA2	-0.0735469238112
ZNF26	-0.0737155060204612
SMAD9	-0.0737674413500158
MTCO3P12	-0.0739175250536457
ZNF20	-0.0740265148992888
RFLNB	-0.0741538718481878
AAR2	-0.074155005890506
HPGD	-0.074164752803731
TXNRD1	-0.0741858303324515
TMEM132B	-0.0742764430225558
ZNF229	-0.0743838952178704
ANGPTL6	-0.0743862781668694
ZNF283	-0.0743903683467706
NPIPB4	-0.0743963178542695
IRF7	-0.0744211201112217
EMC3-AS1	-0.0744546067797265
ATG7	-0.0745773662660939
C1orf115	-0.0745785465454721
RAB15	-0.0748490202192935
TMEM235	-0.0749494040922621
NHLRC1	-0.075039336195804
ANXA3	-0.0750741970468443
C10orf67	-0.0751444941465653
POU4F3	-0.0751914466466725
GUSBP4	-0.0752497581241506
TLX3	-0.0753583898024711
DRC3	-0.075381983265028
AP1S1	-0.0756717800743211
FSCN2	-0.075707481685225
ACLY	-0.0757364584109927
TP53INP1	-0.0758579539777355
ADSL	-0.0760387706420106
H2BC8	-0.076167558914317
PEF1	-0.0761821423099217
HNRNPF	-0.0763137344220259
SMPD4	-0.0763713739840743
IRF2BP2	-0.0764691475081269
SHMT1	-0.0765200624437989
UQCC3	-0.0765996740404527
LSM10	-0.0766041425753741
PPP1R9A	-0.0768262548180482
TM6SF1	-0.0769023412672477
LAMC1	-0.0769362833807686
FAM90A28P	-0.0769806617139665
URGCP-MRPS24	-0.0769945291368598
MRC2	-0.0769949748633388
SERGEF	-0.0770756700361269
TCF7L1	-0.0773638987907091
ATG4A	-0.0774313220120197
OR52N3P	-0.0774892891894873
CISH	-0.0774973924038422
ZBED10P	-0.0776314937225514
JPH1	-0.0776642392114406
KMT2D	-0.0777144580706786
MIDN	-0.07775015652546
ZNF225	-0.0777889834984306
PPP1R7	-0.0778972914359517
ROCK1P1	-0.0779233724068765
FKBP1B	-0.0780152942453277
IFI27	-0.0781789181771528
OLIG1	-0.0783066146907562
CDX1	-0.0783594876961969
PCDHGA6	-0.0783683321959965
FGF21	-0.0784795564650078
TNFSF10	-0.0786148076475508
RYK	-0.0786843422554015
TRPM7	-0.0788874965828264
SENP6	-0.0793967998601413
DOCK1	-0.0793997870685371
HSP90AA2P	-0.0794179547798611
RAPGEF4	-0.079470072993488
ZNF670	-0.0795508183860587
SPOCK1	-0.0795541526082042
RIMOC1	-0.0796800740973438
PRELID3A	-0.0798692150593959
STBD1	-0.0798727575581244
QPRT	-0.0799475771669457
ZNF141	-0.0803763660268914
WDR53	-0.0804475690942907
IL37	-0.0805747734677833
NUDCD3	-0.0806961137740634
ADAMTS1	-0.080701286168114
ABCF2-H2BK1	-0.0807439348111451
MBOAT2	-0.0808312062508752
JPT2	-0.0808578666088679
SLC45A4	-0.0808669234486305
UPF2	-0.0808682410678672
PLEKHF1	-0.0809690105280969
AMT	-0.0810252616006635
YKT6	-0.0810442193859137
NRL	-0.081063073325999
STK31	-0.081124491011842
SNRNP35	-0.0812169988005327
ASF1B	-0.0812314830037352
C5orf47	-0.0815321574740396
EMB	-0.0816347079757582
EEFSEC	-0.0816510506041951
PVR	-0.0816593514974204
TMEM86B	-0.0818308968588086
COQ9	-0.0819176155852116
RGPD2	-0.0820475794160967
KLHL35	-0.0822914137493366
NPM1P7	-0.0824496527970855
CD81	-0.082745224982764
OR14A16	-0.0827494684067099
GET3	-0.0827915812215454
ZSWIM4	-0.082842190942561
MTRF1	-0.0829575548468849
PARL	-0.0830515176997723
MALSU1	-0.083055994250029
COL3A1	-0.0830856367142721
AREL1	-0.0830920306714053
UBTFL6	-0.0831659144087358
SLC1A1	-0.0833059909048179
MAP4K1	-0.0833547170422605
S100A9	-0.0833607683491268
UTP3	-0.0834872975582545
TARS2	-0.0835190368478866
PIGCP1	-0.0835397624579984
ELOB	-0.0837312258887937
KLF5	-0.0839523622354502
HRCT1	-0.0841692611648463
HFM1	-0.0841767139589343
IMMP1L	-0.0844013492496087
CARD9	-0.0844742471924935
SLX4IP	-0.0845145453907767
TEX19	-0.0846401222425439
IL10RB	-0.0846474184775589
FOXO1B	-0.084651740585381
VANGL1	-0.0847842593027411
PCNT	-0.0847882029572939
NTNG2	-0.0848933558261738
KLF2P4	-0.085160718826387
CIAO2B	-0.0851693784334324
PPP1R35	-0.0851927250852075
VTI1B	-0.0853896042147964
CEACAM22P	-0.0854025843599119
EID2	-0.0854998369766981
ALDH18A1	-0.085505754534305
TMEM238	-0.0856967037243424
POU2AF1	-0.085879077086501
JAG2	-0.085999968892675
ARFGAP2	-0.0861729040169617
ZDHHC9	-0.0861912964939556
EEF1B2P3	-0.0862610333719192
RANP4	-0.0863664056783773
TP53I13	-0.0864151265898247
CLEC20A	-0.0865350338339911
MAGEA2B	-0.086586847172165
CFAP96	-0.0866451373876723
LMNA	-0.0868237056878328
YTHDC2	-0.0868714743388616
CYP20A1	-0.0870966607052207
DPP3	-0.0870980593356622
ARHGEF39	-0.0871366929560043
MRPL54	-0.0873580589088775
BAG1	-0.0875166366396139
FMC1-LUC7L2	-0.0876066616663666
CTDP1	-0.0877080567744989
PILRA	-0.0877561728948132
SYNJ2	-0.0880123064716591
CFAP298	-0.0880289831684376
LBHD1	-0.088041791442865
GGCTP1	-0.0881905704066985
CTCF	-0.0882466404405945
DCLK1	-0.0882595517737774
COX15	-0.0883948754505657
RUNDC1	-0.0884546237425357
CD53	-0.0884790648446873
DPY19L4	-0.0887036716188768
FAHD2A	-0.0887886481672217
NPLOC4	-0.0888338582123383
MOB2	-0.0888488631589792
SMIM27	-0.0888957668458297
MBTPS1	-0.0891693396897238
SSR4P1	-0.0894011645644077
METTL5	-0.0894682534824868
NEK5	-0.0895019676567407
EIF2B3	-0.0897011956712267
GBA2	-0.0899547630516884
GPRASP3	-0.0900256009643184
SLC47A1P1	-0.0900276845959114
ERAS	-0.0900370658749849
ZDHHC21	-0.0901756277845628
CMBL	-0.0904212345390169
ZNF197	-0.0905521966182744
AARSD1	-0.0905599365148706
TASOR2	-0.0906392284411662
R3HDM2	-0.0907636862190368
TPR	-0.0908282779745447
LAMA1	-0.0908747125407013
ACYP1	-0.0908819560986919
KHDRBS3	-0.0908943913039413
KDM1B	-0.0910050022543453
FSCN3	-0.0910140921181394
MIEF1	-0.0910795132471376
SLC26A2	-0.0911317471698439
KDM2B	-0.0912797467023322
BTNL3	-0.0913632258454693
LRRC23	-0.0914385361885444
COG8	-0.0914688775213432
TMEM74	-0.0915006447117742
DPY30	-0.0915716731056477
TPTEP2	-0.0916049558889915
SAXO2	-0.0916132380885112
AGAP11	-0.0916317719303081
PTMAP2	-0.0916760219945648
GLRX	-0.0917118101382403
MGAT4B	-0.0917481339111588
IL17RE	-0.0918043219152745
TMEM267	-0.0919025258382611
CAMKV	-0.0919126199724205
COG6	-0.092407815148671
SUGP2	-0.0925522090660845
RREB1	-0.0925737226972541
H1-10	-0.09262457379368
CFAP251	-0.0927161224785121
ZNF599	-0.0927611735080435
HNRNPA1	-0.092780804439993
KLHL18	-0.0928226878272481
PKD2L1	-0.0928248127500919
ARV1	-0.0928291951382077
CYP2F1	-0.0929543712753881
CCR6	-0.0929717412683651
RGS8	-0.0930191136652064
LAP3	-0.0932195242380342
NOL11	-0.0932296473147543
BPTF	-0.0932349662369575
PCDH9	-0.0932907798628908
H2BC7	-0.0935560895649246
ZBTB8A	-0.093586553636768
ZNF230	-0.0937393460233203
FBXW4P1	-0.0937415778170666
RDH14	-0.093757248014733
TMEM14A	-0.0938936429866886
CASP8AP2	-0.0940376885701378
TNFAIP8L3	-0.0941856144157207
CERS2	-0.0942422449666405
KLHL20	-0.0943659483207041
SEMA4G	-0.0945408610420459
RTN4RL1	-0.0946103157976987
SAFB	-0.094744220044511
PCYT1A	-0.0948533890083717
MT-ND3	-0.0948745735796616
PLS3	-0.0949818234678819
MED19	-0.0950181688960147
PXN	-0.0950481183666244
H2BC5	-0.0951752487434708
ZDHHC11B	-0.0952199371615583
NRBP1	-0.0952529959194605
MED20	-0.0952928816045816
CFL1	-0.0953135427914672
RUFY3	-0.0953331976663812
GRTP1	-0.095432415551335
ARHGDIB	-0.0955122530119989
CD1C	-0.095528210600975
RAB3A	-0.0955546644859462
CHORDC1	-0.0958096644617098
STC2	-0.0958619375113272
GPR176	-0.0960093022140111
TAOK2	-0.0962079022203761
CRISPLD2	-0.0963044605505486
CFAP97D1	-0.0966598133318847
PDIK1L	-0.0969368958341329
TNR	-0.097004580876227
AHNAK	-0.0974950819028609
SNX18P7	-0.097543445632044
SIGLEC10	-0.0975561461797968
ZNF417	-0.0975628434759931
CCNI	-0.0976032401428988
RAP1B	-0.0977981660510848
SGSM3	-0.0978796017611558
USP3	-0.0981031264967791
ESYT2	-0.0981406728195926
SPMIP5	-0.09815431534223
ARPC2	-0.0982728701060246
EDA2R	-0.098296868218349
RPL5P4	-0.0984013867316957
OR2B6	-0.0984426476924016
CRIP3	-0.098591688746689
RPL7AP16	-0.0987446705956431
HSD17B11	-0.0988201670457412
SLC11A2	-0.098844410306866
POGLUT1	-0.0988846791181119
NADSYN1	-0.0989057647106542
TRIT1	-0.0989712669933907
RPL5P34	-0.0989825161383226
H1-2	-0.0991803905907013
KBTBD8	-0.0991822197179471
SSB	-0.0993698469396427
PCDHB8	-0.0993740651700492
ARMCX3	-0.0994461257535672
SCRN3	-0.0994880199654203
PDZD11	-0.0994988877076006
TRIM34	-0.0995715466821915
SCNN1A	-0.0996885424383146
TMSB15C	-0.0999863736862115
RPL17P39	-0.100130537446293
DYNC1I1	-0.100296816903216
KIF9	-0.100407679131699
ZFP91P1	-0.100566636454963
DCTN4	-0.100590778334159
SHLD2	-0.100857199105251
DDHD2	-0.100909467355881
NSUN5P1	-0.100935376554964
TEAD4	-0.101023810006475
NHLRC3	-0.101087403870512
PABPC4L	-0.10133589831915
NBPF11	-0.101525129511546
CNOT1	-0.101551439788102
HTR1D	-0.101615455630264
CHP1P2	-0.10164272971048
EEF1A1P4	-0.101769325781918
FYCO1	-0.101819053885391
KLHL21	-0.10185089925256
HERC2P3	-0.101970065504784
TMPRSS5	-0.102037349279926
CITED1	-0.10204140124205
C1GALT1P1	-0.102054159862811
CALM3	-0.10213745752273
TRIM9	-0.102150594408068
OR2W6P	-0.102310867857653
LRGUK	-0.102374995559181
RPL6	-0.102421151046432
FSAF1	-0.102463802499355
SPATA21	-0.102503592738274
SMS	-0.102531482267226
HGS	-0.102588033116815
STAU2	-0.102637034497653
SAFB2	-0.102647543153778
SYNE1	-0.102708856651048
ARHGEF6	-0.102861353503082
TRIM55	-0.102894293407246
ACTR3	-0.102932270385419
TRPA1	-0.102964101762038
H2AC14	-0.103018589027829
ASB12	-0.103021479385003
SETDB1	-0.10304618459499
TYW3	-0.103099881001791
IRF6	-0.103231403856626
POMP	-0.103261124182621
OSTM1	-0.103318616850053
MEX3D	-0.103378882120529
PADI3	-0.103396618603431
NCF1	-0.103399224104163
MRPS11	-0.10340471332224
TPD52L2	-0.103524701466157
AURKC	-0.10355281666064
RAB40A	-0.103559945667357
CACYBP	-0.103653094740058
IGFL3	-0.103664991272472
GMPSP1	-0.103933060435553
CD8B	-0.103954218554472
DPYSL3	-0.104151803159301
ELOVL4	-0.104193305248812
LSMEM1	-0.10426507893325
BHLHE41	-0.104276225471421
PLD2	-0.104341647217615
DPYSL4	-0.104507541689991
SFPQ	-0.104645917206678
METTL16	-0.104905176264754
PHYKPL	-0.104920555606988
MAN1A1	-0.105020972829555
ZMAT2	-0.105228679329411
PARP1	-0.105334435820624
CAMK2A	-0.10548952068826
RPS20P14	-0.105501231381331
ZNF517	-0.105522593043581
CMTM7	-0.105599117106086
SSR1	-0.105715633004878
ARMC8	-0.105757891610011
LUZP1	-0.105895919091998
NCS1	-0.105939964278484
ZFP69B	-0.106022688064407
CHPT1	-0.106042501439444
UQCC6	-0.106080254196253
DDB2	-0.1061002289442
NXT1	-0.106108004288777
LRRC61	-0.106123614628828
AOC3	-0.106191981698922
STAG3L5P	-0.106324224835284
MORF4L1P1	-0.106501161727298
VANGL2	-0.106508908942668
RNFT1	-0.106668701013641
GNB1	-0.106741741175129
ZNF330	-0.106846750874698
GON4L	-0.106880483355481
ERMARD	-0.106887159547935
GLO1	-0.106897833054889
H2BC19P	-0.106997599408903
IL6R	-0.107015487786277
CDH12	-0.107079464412306
LRRC51	-0.107114542911142
ANKRD6	-0.107196545878084
CLDN1	-0.107242453248312
ZNF281	-0.107430369288726
PDCL3	-0.107477327461298
ULK4	-0.107495124356886
CTSS	-0.107549150161023
AXIN1	-0.10758475258035
CCDC9B	-0.107660116174583
SNX10	-0.107739626144061
PER1	-0.107760506834843
EID3	-0.107865787424907
NUS1P2	-0.10798996878606
TACR1	-0.107994973500949
MGAT2	-0.108001232891075
PRMT2	-0.108180529946076
ACSL1	-0.108181929001899
FANCE	-0.10841039540256
GPM6A	-0.108415016431881
CCDC32	-0.108844576574321
WDR93	-0.108863482678649
VPS45	-0.108901390980438
MTARC2	-0.108904913167136
CAPS	-0.10896467848387
ANK1	-0.109105911081091
RPL17P6	-0.109135595438904
TACR2	-0.10917157620962
RPS4XP17	-0.109402687407858
DNLZ	-0.109456192808936
TMEM208	-0.109461035794977
LRIG1	-0.109750135958788
PCBD1	-0.109819200115207
SSUH2	-0.109957983855138
C1orf43	-0.110030028817078
RGS11	-0.11016041447096
PAFAH1B1	-0.110187473671584
HMOX2	-0.110238247324821
SUMO2P21	-0.110308318108503
PRORP	-0.110376270433729
LYVE1	-0.110381159852286
PSD2	-0.110545858938697
ID2	-0.110585612788633
LAMP2	-0.110750897530377
LINC02881	-0.110828740981619
SEPTIN1	-0.110940700539599
INPP5E	-0.110964731605665
NUBP1	-0.111176671384406
RPL3	-0.111177617359267
RAB34	-0.111239546145387
CSNK1D	-0.11126758843168
MTNR1A	-0.111279319938352
CREB3L2	-0.111281947860337
SYNDIG1	-0.111351572122545
CHRNE	-0.11146644801288
CCDC6	-0.111520731999087
DHX16	-0.111676398320325
ARHGEF7	-0.111690345531088
NCOR1	-0.111780681743457
PRAME	-0.111810111956175
KLF7	-0.111867168252874
TNFSF11	-0.112021626715242
DNAJC22	-0.112038706722005
PPFIA4	-0.112180070544998
PEX11B	-0.112226718713317
CPEB4	-0.112638497908346
SLC2A11	-0.112659933395454
TMEM59L	-0.112705977687923
ARMC9	-0.112749369260333
SELENOK	-0.112809535531668
YEATS2	-0.112852049404173
EEF1AKMT4	-0.112895836063404
ZNF671	-0.112968831384033
KLF11	-0.113004088535818
FDX1	-0.113239827098861
RPL32P32	-0.113433830837536
PRKCG	-0.113614182560308
PABPC3	-0.113692286643199
PPM1B	-0.11370806537361
ZFAND2B	-0.113786042200915
ICMT	-0.114084894277272
LINC01347	-0.114108848925013
ING4	-0.114212822195598
PCLO	-0.114360800229425
MIF4GD	-0.114394103619091
RNF144B	-0.114437090136665
RALGDS	-0.114465369706669
ANXA7	-0.114495614462647
YY2	-0.114785159258793
SLC6A5	-0.11495974068231
KCNMB2	-0.115147854384408
ELMOD2	-0.115253293267094
APEX1	-0.115372543788279
CCR4	-0.115658194855981
TMEM126A	-0.115731181316291
GMFB	-0.115905753564275
PARP16	-0.116093326539121
TRAPPC10	-0.116097804414262
PFAS	-0.116152912825344
TOP3A	-0.116154885987664
PPP2R5B	-0.116178092754405
CALR4P	-0.116208535754701
CHI3L2	-0.116304674440151
PPP1CB	-0.116366716133851
PUM1	-0.116378469937629
AKR1B15	-0.116399854607723
NHEJ1	-0.116419804595915
FZR1	-0.116460198513898
ZNF823	-0.116460217050616
XPNPEP1	-0.116563358192767
ZNF490	-0.116571277340783
PERPP3	-0.116740135937121
PSPH	-0.11674840817107
CFAP57	-0.116943545643714
CCDC18	-0.116976550876965
CYP24A1	-0.11698136295074
SIX2	-0.117311888641749
EMC7	-0.117377508765125
EFCAB8	-0.117462184280227
LXN	-0.117471073323536
SRSF3	-0.117650834116274
KCNK4	-0.117748421581227
AGO4	-0.11775322104992
ZNF707	-0.117806038119778
ZNF30	-0.117872228343068
PIGW	-0.117883567998075
FN3KRP	-0.117973404590572
UFD1	-0.117982158832813
UBAC2	-0.118013933203674
C12orf50	-0.118078188594732
RAP2B	-0.11809727979741
TMED10	-0.118130914227799
RAB5IF	-0.118164089169918
EFCAB7	-0.118489376037681
ZNF569	-0.118602734346487
PPP1R42	-0.118633231485595
PGPEP1L	-0.118760711574278
PLEKHA6	-0.118803861319298
MPV17	-0.118850253105113
H2AC11	-0.11885645721085
ACTL6A	-0.119084828366891
RPL21P37	-0.119148711246135
CRYGN	-0.119231156984663
TMBIM6	-0.119270710027668
CKAP5	-0.119290476183012
SNX25P1	-0.119359125027002
ZNF790	-0.119381428518027
SMDT1	-0.119413417030972
BEX5	-0.119498002843258
DPP4	-0.119539158274639
CRBN	-0.11985353367257
FAM83C	-0.119919949680183
SLC25A39	-0.119937562888841
AJM1	-0.120320292064763
ID1	-0.12051550517512
ZNF705EP	-0.120526530704579
C7orf25	-0.120588094872489
GPNMB	-0.120665288419846
ZNF680	-0.120908771445252
AASDH	-0.120991978240546
CERS3	-0.120992108344742
ZNF695	-0.121068796001561
PIPOX	-0.121079945827488
MAGEB3	-0.121122215453221
TAF10	-0.121147533555285
MISFA	-0.121261026032605
KLHL2P1	-0.121304476325725
FAM228A	-0.121562221039316
FAHD1	-0.121676129254284
ANKIB1	-0.121707271228399
RSPH10B	-0.121749946082651
EIF4E3	-0.121762324691608
MCF2L2	-0.121879267592686
WIPF3	-0.122029302994304
EFL1	-0.122056943178995
HADHB	-0.122148788045114
PET117	-0.122194875133554
CREM	-0.122373966975512
SLC31A2	-0.122403689796265
TCF23	-0.122457611508813
DDX18	-0.122473465206271
PODN	-0.122494668060801
ASPH	-0.122647994001907
RTCB	-0.122695093713065
OVCH2	-0.12270672436307
SETD1B	-0.122827286541455
ZFP91	-0.12283709365113
C19orf12	-0.122867130058074
IMPDH1P8	-0.122987730218698
BLOC1S4	-0.12299749442715
CLK3	-0.123043667702297
MOCS3	-0.123062792435788
TTLL4	-0.123220956250768
TRMU	-0.123245956044385
RPL23AP2	-0.123287008454262
SFSWAP	-0.123304031346105
ZKSCAN1	-0.123425691068497
PGRMC2	-0.123562202816726
RIT2	-0.123617846830021
UPK3BP1	-0.123661019385688
HSPA4	-0.123712694759201
PFKFB4	-0.123792553954456
SIK2	-0.123975358050259
THAP11	-0.123994955127779
RAB1A	-0.124002931577872
GXYLT2	-0.12416574121559
TRPC4AP	-0.124197403853544
DAAM1	-0.124216234318109
INTS6L	-0.124225349524888
CEP250	-0.124271245048572
AGAP13P	-0.124558791780873
GTF2I	-0.124701510505851
PER2	-0.124737193836779
SMCO4	-0.12481255078427
CSH2	-0.12486584987252
MTFP1	-0.12491698503017
C1orf35	-0.125159182285786
MFAP5	-0.125436614030441
TIMM8A	-0.125580717720889
MXD1	-0.125585450532511
TRAPPC6A	-0.125642160596304
ARNT	-0.125677911050404
BMS1	-0.125694948951425
SRP19	-0.125735915773172
COPZ2	-0.125773983076792
HACD1	-0.126022493301279
POLG2	-0.12610009603661
VIPR2	-0.126226319477094
MED28P7	-0.126269445755153
HNRNPA3P10	-0.126387204870998
KLHL9	-0.126606432687197
UBC	-0.126648235509176
ZSWIM7	-0.126845074438382
RPS7P11	-0.126852795673009
ADGRG2	-0.126883984644881
CCDC28B	-0.126891318918563
KIF22	-0.127043448939247
BRME1	-0.127283282947316
PFKFB2	-0.127425982799734
PITX1	-0.127475848053442
CDA	-0.127595862994548
PDIA4	-0.127615180202617
FBXO7	-0.127643088192172
PABIR1	-0.127667407617138
SLC20A2	-0.127712504458314
RPSAP17	-0.12771998513329
ITIH5	-0.127927494673023
SMIM17	-0.127929770372449
ZNF410	-0.127989272820954
FAM111B	-0.128096344427636
SHH	-0.128109143204148
FAM3C2P	-0.12814698502991
PLD1	-0.12817821596674
RMDN3	-0.128475592489366
RPL7P32	-0.128658291062768
ERICH5	-0.128757227262088
RUFY1	-0.128764687279046
NOA1	-0.129015261834941
HCRTR1	-0.12909608614615
FBXW10B	-0.129128447402606
RPL9P7	-0.129235792780204
NEK1	-0.129254135674945
SPON2	-0.12937668353926
ZNF597	-0.12943598938956
SLC25A46	-0.129444578049049
RHOBTB1	-0.129447861499006
HOOK2	-0.129753072137277
H2BC12L	-0.129841290694792
DNAJC12	-0.129871980719478
JAM3	-0.129916298402011
TAS2R31	-0.130004138642459
VN1R51P	-0.130013077431839
GRHL1	-0.130147751671978
MYO1B	-0.130491183974448
TMEM242	-0.130509360500134
TNFAIP1	-0.130695271030969
SLC35F1	-0.130743509549417
PKD1P1	-0.130820403696447
FBXO34	-0.130844111373514
MICOS13	-0.131344541020214
DYNC1LI1	-0.131347717318751
SF3B3	-0.131554398608266
PRMT8	-0.131680562260195
DYNC2LI1	-0.131873732840811
ADIPOR2	-0.1318938831641
PPM1E	-0.131977318059102
LRRFIP2	-0.131999515077496
TMX1	-0.132003027068745
KIAA0232	-0.132314947060331
LGALS9	-0.132437735331449
MGAT3	-0.132439816341631
HCAR1	-0.132449377596014
RABGAP1	-0.132481842712445
REXO4	-0.132484227563272
NRGN	-0.132491427380852
NSUN2	-0.13249376982879
FAM86C2P	-0.132519453855149
FAF2	-0.13262095859977
SIN3B	-0.132674375256333
DAP3	-0.132676415399323
MEFV	-0.132732646574043
HSPA9	-0.132772043903172
CHML	-0.132798455588329
DDIAS	-0.1328532169338
WDR37	-0.132871335058555
ZNF3	-0.132881655789405
ST8SIA3	-0.133299377076779
TCERG1	-0.133324613253138
ZDHHC24	-0.13337603791491
CTAGE1	-0.133422460793952
DPH5	-0.133676002658136
HNRNPA1P16	-0.13376418471045
GOLGB1	-0.133771139231622
MSH6	-0.133802855738947
SCD	-0.133919411866204
C17orf67	-0.134170273543362
RNF180	-0.134300777250846
FLVCR2	-0.13450566958501
NBAS	-0.134522730098274
TANC1	-0.134536847076652
SOCS4	-0.134544626732867
SEPTIN7P14	-0.134572350307942
GRAMD1C	-0.134712008019398
DCXR	-0.134783069620946
RALGAPA1P1	-0.134940380687803
CTHRC1	-0.135029218069135
DDX47	-0.135067477960911
IKZF5	-0.135115268019917
RPL7AP6	-0.135222058497147
RTN4	-0.135380868034909
FKTN	-0.135417716435908
AARS1	-0.135541274056386
CCDC88A	-0.135737736019721
TNKS	-0.135833846924446
H3C12	-0.135873049913183
BRD9	-0.136087480044254
FAM13C	-0.13618640540649
DNAJC28	-0.136278506694106
COL4A3	-0.13629623538627
PROSER1	-0.136377163365002
PHF21B	-0.136461952577786
TTLL12	-0.136561272909998
LRP1B	-0.136598300739042
KLF10	-0.136724587267114
CALM2P2	-0.13693166752465
TMEM47	-0.136975940563382
AOC2	-0.137121258824784
CTPS2	-0.137175831720305
KSR1	-0.137204323315933
YIPF5	-0.137322757805588
UMAD1	-0.137420587511345
SH3RF2	-0.137477922906752
CSAG1	-0.137569385792824
IGF2BP1	-0.138105566858892
PTPRZ1	-0.138338817696735
KAT6B	-0.138432064451718
RPS7P3	-0.138503910656132
NRBF2	-0.138546663894553
PRPF3	-0.138607060581906
DDX4	-0.138642394271585
C1GALT1	-0.138761679078344
GAS2L3	-0.138803289027765
FBXL17	-0.138939564318697
LYZ	-0.139002779338655
ATXN2	-0.139240540079441
HSD3B7	-0.139308011602857
LOX	-0.139309157737901
AP4M1	-0.139655208565842
E2F6P4	-0.139705291211032
DERL1	-0.139863321969028
LGALS12	-0.13989008927926
TUBGCP2	-0.140018768996405
CREB1	-0.140151124787893
IGF2BP3	-0.140544408176586
CYB5B	-0.140727628768262
RELA	-0.140927463581621
PPP2R3C	-0.14093245685878
C1QTNF6	-0.140946614157346
GOLGA8K	-0.141026967501722
RPS3AP26	-0.141240985268111
TAPT1	-0.141418691268438
LMBR1	-0.141544181816961
NAT14	-0.141552049006168
ZNF17	-0.141639868779469
NPM1P39	-0.141679919285437
DPM2	-0.141771331365141
PRSS45P	-0.142013713430221
CLIP2	-0.142107406675723
RBFA	-0.14232062583257
DDX23	-0.142408637186108
CCDC152	-0.142489466767095
CBLN2	-0.142493272261911
KIF2A	-0.142504666161001
HDGFL3	-0.142550229572126
DIPK1C	-0.142575800933989
ZNF514	-0.142640147533757
YWHAH	-0.142647053455185
PCP2	-0.142727282318313
TSSK4	-0.142732529494977
ASIC4	-0.143203684605172
KLRA1P	-0.143266892588864
PEMT	-0.143284613994001
NDUFAF7	-0.143440382158818
RCOR3	-0.143457442239268
TOR1B	-0.143597014234951
GSC2	-0.143821437795004
IL9R	-0.143910380147124
EIF4BP3	-0.143939820116114
DFFA	-0.143958514959689
NFATC3	-0.143985893128256
TMEM19	-0.144138386407961
ZNF699	-0.144230694688523
PARD6A	-0.144329011849528
C4orf46	-0.144455424354868
ASAP3	-0.144460382118363
VPS36	-0.144543595900647
CD69	-0.144662419278477
SLC22A2	-0.144691365742413
FBRSL1	-0.144867818380816
ISG20L2P2	-0.144880340103823
FOXA2	-0.144933566647829
GJB7	-0.14509391718074
RASSF2	-0.145126000878632
ZNF184	-0.145126387588625
COX6A2	-0.145190895868912
LDAH	-0.145390276091193
RBPMS	-0.14541662558845
CLVS1	-0.145436780260435
NVL	-0.145531552432094
DNAJC7	-0.145549318994944
GASK1A	-0.145563742000472
ADRM1	-0.145571627755656
H3C2	-0.145695772345932
DNAAF9	-0.145923996442866
GAGE10	-0.14596704720861
NAGK	-0.145991227284587
DLG1	-0.146022534738614
MED7	-0.146326148107014
ATP23	-0.146335042445625
TEX14	-0.146347607709134
GMPPA	-0.146384294972597
RPAIN	-0.146405238092667
ALKBH7	-0.146454448590347
CEP85	-0.146569370942663
NAPSA	-0.146612843866219
RNASE4	-0.146746428021924
C2orf88	-0.146787658161409
CDK5RAP1	-0.146912001720777
CFHR3	-0.1472186627439
SYT14	-0.147256823959455
CNTF	-0.147276920227999
ASB6	-0.147286001674243
RPS27P4	-0.147367236256298
ZNF461	-0.147476553785312
SLC26A8	-0.14751480625868
LRRC37BP1	-0.147737709376238
KDELR2	-0.147856815808132
THRSP	-0.147930720396311
HEATR3	-0.148062270073493
PNN	-0.148122077259166
KYAT1	-0.148207089494205
RPUSD2	-0.14837039906391
RNASET2	-0.14840017368636
DDX39B	-0.148659285830653
FAM133DP	-0.149026842604906
MIPEPP3	-0.149088986208796
CABYR	-0.14922607027443
PRSS16	-0.149323275299645
ZDHHC3	-0.149333744708834
PLEKHG1	-0.149481399059678
PLSCR2	-0.149709030417233
MED13	-0.149768560440612
PIGX	-0.149865703490234
PROX1	-0.150051435435176
SOCS6	-0.150143088760033
EIF4E2	-0.150279089978344
UBXN1	-0.150447335870211
MARCKSL1P2	-0.150547057639266
RASAL2	-0.150710458905449
AKT3	-0.15079246583889
LYRM4	-0.150868830360533
MRPL9	-0.150912691465522
LINC00674	-0.150915340667029
TMCO1	-0.150917381137237
LY6G5B	-0.150958836261276
SP2	-0.150961092046533
CAMTA2	-0.151207527674341
SLC47A1	-0.151313632929238
DIPK1A	-0.151320473666133
RIOK1	-0.151320592642624
CPSF4	-0.151541863785341
CPNE4	-0.151642712140532
ZNF440	-0.151669173611107
NKD2	-0.151730832721712
INO80B-WBP1	-0.151793076204266
PMFBP1	-0.151793961890226
ATE1OSP	-0.151817212076413
HNRNPA1P10	-0.151905607272273
AIFM2	-0.151946805619623
GNPNAT1	-0.151992367377489
LYPD5	-0.152174465624996
MSANTD2	-0.152248805071876
PHB1	-0.152268925912459
IBA57	-0.152303207519673
PLXNB2	-0.152368250945192
ABCB11	-0.152502160743083
KIAA1191	-0.152547568096631
BICD1	-0.152595319959588
ZBTB1	-0.152705987313326
XKR3	-0.152867373700866
CYP2B7P	-0.152874753389471
ABO	-0.152914236512925
C6orf132	-0.152946268300408
ZNF454	-0.153100707551275
ZNF529	-0.15312290638113
STARD3NL	-0.153349823520784
PRODH	-0.153373391248181
DCAF17	-0.153518096153089
FXN	-0.153894703211188
NICN1	-0.15420768687076
APAF1	-0.154258006239916
C9orf43	-0.15436453088851
HNRNPH2	-0.154540299389534
RRP36	-0.154608289423587
INPP5D	-0.154829284040865
DUS1L	-0.154935557848973
TMEM191A	-0.155008812309552
PLEKHH3	-0.155108477888894
SEH1L	-0.155121672874875
TMEM45B	-0.155225377705477
RPLP1	-0.155368849959212
GBA3	-0.155427059889373
APH1B	-0.155487653666457
FASN	-0.155548275626025
ZNF573	-0.155617503418603
TMPRSS11E	-0.155624627993373
TRIM74	-0.15574110957416
RAB43	-0.155822427980908
SMPD4BP	-0.155864060745806
RAD54L	-0.155873947726732
HJV	-0.156067267907697
TTC5	-0.156097397554712
GIPC2	-0.15635333306228
MANF	-0.156434429123492
SIX6	-0.156765204693011
RPL32P2	-0.156791858944491
SHROOM4	-0.156961177077822
SHPK	-0.156992490121709
PPIAP22	-0.157172666620062
RPL3P7	-0.157225365105088
B4GAT1	-0.157314080206853
FAM209B	-0.157330313674618
INTS12	-0.157668915444562
TEX29	-0.158150815243092
OAZ2	-0.158246529959481
RPGR	-0.158262260456883
MED15	-0.158547967366662
CENPH	-0.158602909662524
ENHO	-0.158749462301946
NPM1P9	-0.158765278646044
MEOX2	-0.158865220982016
ZNF211	-0.158932533154781
FGF9	-0.159006001334998
EEF2	-0.159062842925347
DPAGT1	-0.159289485122821
FOXL2	-0.159379408063983
LVRN	-0.159516610188238
GLT6D1	-0.160158868554282
NDUFB10	-0.160312175333848
SLC17A9	-0.160318724576465
DHCR24	-0.160468505464177
ZDHHC17	-0.160566262972452
GFOD1	-0.16067088258904
TSN	-0.160696499341172
MMP15	-0.160843092363642
CLIP1	-0.160903498686699
WNT5A	-0.160994537342525
RFXAP	-0.161239327455501
HSPA8P15	-0.161246118219745
SMIM19	-0.161513492966687
ZNF764	-0.161681657878615
ZNF394	-0.161890988255329
TLE4	-0.162102960501693
RAMP1	-0.162383626162719
ITPKB	-0.162503679413578
RNF213	-0.16264205895563
NHERF2	-0.162697066353339
MSH4	-0.162752690848526
CCDC159	-0.162845212039503
RPS4XP16	-0.162856003661511
ZC2HC1A	-0.163208276475446
CDC42BPA	-0.163217239861168
PDZRN4	-0.16333489525945
CASD1	-0.16342765301235
SQOR	-0.163472495213391
SLC47A1P2	-0.163506890845097
TP53RK	-0.163705663431522
ACOT1	-0.163838178900958
TMEM233	-0.163907480012751
CLDN16	-0.163920666375801
NAXD	-0.164008343047236
FBXL4	-0.164046556099356
PLPP6	-0.164113183549439
SLC25A3P1	-0.164119265731124
FZD6	-0.164133352055768
SRPRA	-0.164225006351938
RPL13P8	-0.164251720453607
TMSB4XP4	-0.16430726539536
VPS9D1	-0.164538610836444
PSMC1	-0.164553042898973
ACTR1B	-0.164619091276147
ST8SIA4	-0.164751120849078
ALG1L7P	-0.164757865294811
NDUFA10	-0.164794205231965
RAB43P1	-0.164804211223523
INTS8	-0.164940786230172
TIGD4	-0.164976790364781
SDHAP2	-0.165020201058238
NUDT9	-0.165044487523218
ZNF552	-0.165203092310768
NUDT18	-0.165298350821388
PCDHGA1	-0.165407403485119
RPL7AP43	-0.165482251591393
USP25	-0.165545749337693
GPX2	-0.165798170444971
NDUFB2	-0.165846616013484
TLK2P1	-0.165890645987064
MGME1	-0.165924941295283
DTWD2	-0.165998891856457
GXYLT1	-0.166019426837646
GATC	-0.166061124307945
CWC15	-0.166094033213514
EZHIP	-0.16612960366757
THSD4	-0.166130337364482
PSMG1	-0.166157095183022
LONRF1	-0.166209085908494
MED18	-0.166357589411604
RPP38	-0.16651872712696
TBX4	-0.166543573678567
TRIM61	-0.166785513446109
PDE9A	-0.166949090656162
REDIC1	-0.166956295485466
NBPF18P	-0.167026944806896
VRK3	-0.167061400091976
TMEM89	-0.167111082828322
MARVELD3	-0.167115322069857
C4orf33	-0.167131862131083
TPRG1LP1	-0.167181298228562
FDFT1	-0.167195943967003
ALOX12B	-0.167199129644911
RETREG1	-0.16720518540516
CRIPT	-0.167224259027785
ZNF581	-0.167384075789376
H4C9	-0.16742514683477
CFAP70	-0.167434852496942
PIAS1	-0.167577856121541
CTSLP1	-0.16757824092129
ZNF367	-0.167698037982187
PLEKHA2	-0.167812652430854
SBDSP1	-0.167956090732129
RBX1P2	-0.16808469549074
SLAIN2	-0.168159385934123
BTN2A1	-0.168282083402825
NDUFA13	-0.168531573626982
DNAJC13	-0.168604185778735
MREG	-0.168796586403675
KDM3A	-0.168889369319607
FAR2	-0.168964448694925
IGSF5	-0.169059360425884
CDCP1	-0.169083410465046
GPKOW	-0.169228026254985
LRRC58	-0.169255787338027
RPS2P46	-0.169370040330587
FBXL6	-0.169430404492051
VKORC1	-0.169644776752352
RTCA	-0.169769619873793
TTC3	-0.169771785262804
ARAP3	-0.169785271470724
LHPP	-0.169816596252451
SHANK1	-0.169881423246921
GMPS	-0.169908217934056
H3C13	-0.169943062336298
IGFN1	-0.169996009941014
AAAS	-0.170106658552419
RBM4	-0.170164172160554
LYRM1	-0.170399187292374
PDXK	-0.170545867217434
SARAF	-0.170584396519223
LIMD2	-0.170667541340742
SLC30A5	-0.170695940709396
GLCCI1	-0.17070065469311
PRSS30P	-0.170871265081253
KRT8P46	-0.170903229724545
RCC2	-0.171119896567597
EPS15L1	-0.171214866599942
GRIN2C	-0.171253676996216
SLC41A3	-0.171269348004614
LRRC78P	-0.17141780579742
ZNF93	-0.171426265675524
HNRNPA2B1	-0.171485808656247
RBAK-RBAKDN	-0.171490850709813
ZNF879	-0.171759146063372
RPL36P7	-0.171760646538168
STRADB	-0.171903985135448
IWS1	-0.171952317729463
WRAP53	-0.172059646744839
NOP9	-0.172213241443881
ERN1	-0.172286701455887
N4BP1	-0.172393673059031
METAP1D	-0.172759633834637
NSG2	-0.172896385883773
H2AX	-0.173090162520928
VEGFB	-0.173164613815015
CNPPD1	-0.17328203425543
PARG	-0.173400029894942
LAGE3	-0.173497305438911
VPS52	-0.17371254993037
NPAT	-0.173729541601672
OFCC1	-0.173777748998105
CALD1	-0.173801290647502
HIKESHIP1	-0.173836283181217
MAP6D1	-0.174055059737335
PLCL1	-0.174264005196565
NDUFAF3	-0.174276937284479
LIMS4	-0.17458611483819
MCUR1	-0.174641101714125
SCAND1	-0.174741298959354
MYLK3	-0.174811520430827
PARD3	-0.174839669529445
GIGYF1	-0.174992788278761
RSL1D1	-0.175073437238301
PCYOX1	-0.175082867496586
AKAP5	-0.175170565630158
RCN1P1	-0.175256506220876
PPP5D1P	-0.175464206081717
GBF1	-0.175487004581076
VN1R87P	-0.175728743841303
SRPRB	-0.175802937060514
BRD4	-0.175868784666635
ENO1	-0.175912491436548
RBMS1	-0.176136059784874
IER5L	-0.176172341949818
CWC22	-0.176313833947906
ZBTB2	-0.176422597015471
NPIPB2	-0.176456040806177
GULP1	-0.176504576536537
GPR6	-0.176641911732148
ACAA2	-0.176775103363693
MTG2	-0.176780808828956
CASP7	-0.176969782897115
TPM3P9	-0.17697467959971
FAM95B1	-0.176986117468764
ZSWIM1	-0.177111906557985
NUDC	-0.17717545775818
UPF3AP3	-0.177430486187288
UTP4	-0.17752209331714
DTX2P1	-0.177660314448841
LCK	-0.177920731485547
AOPEP	-0.178199966512135
RAB27A	-0.178680180456507
PKD1P2	-0.178726813290734
TLK2	-0.178734141041838
MSC	-0.178797827037153
RPL14P1	-0.178992719828098
AADACL3	-0.179076761501665
ARPC1AP4	-0.179076846258149
C1DP1	-0.179114866910023
GPHN	-0.179177109982106
SLC6A13	-0.17919084822328
ZNF550	-0.179212103042064
ZMYND11	-0.179576808055249
ZNF888	-0.179591714611897
OR1L8	-0.17972607611658
AGPS	-0.179781341054128
WDR41	-0.179828816563945
ZNF404	-0.179848704478155
CDON	-0.179921495611994
TBRG4	-0.179943454600298
PPIL4	-0.179980821151928
FREM3	-0.1801344212763
BMP3	-0.180184785972872
RPL12P7	-0.180354832220755
WHRN	-0.180387944611156
UBE2R2	-0.18049937342738
ZNF329	-0.180544711607385
MMAB	-0.180695631796908
RAMAC	-0.180722319605272
OR10AG1	-0.180886962399297
SNRPF	-0.180960899331281
KDM4B	-0.181039242660457
CXXC5	-0.181126199857378
H2BW1	-0.18117476140715
TMEM256	-0.181204345484125
KLRD1	-0.181256828285602
SLC37A3	-0.181258779703146
ZNF559	-0.181394617526151
CENATAC	-0.181409684136276
CCNT1	-0.181415276662859
DNAJC19	-0.18144468396764
HIBADH	-0.181465084902766
ZNF763	-0.181530192404275
CTXND1	-0.181533981115401
PHC2	-0.181544384092868
NAA10	-0.181574413232207
C11orf16	-0.181934899074628
MCPH1	-0.182179456591865
AP3B1	-0.182262413432387
ADGRA1	-0.18231950160338
PRDX1	-0.182329037040587
TTBK2	-0.182341028403295
MED30	-0.18239971659555
CHTOP	-0.182401231935412
C14orf93	-0.182454134210495
TUBB8P8	-0.182558611394098
PPP3CB	-0.182560034543526
WDFY1	-0.18273746456698
MKNK1	-0.182800608920639
CRLS1	-0.182848383181193
ZIC5	-0.182872885607338
PRSS21	-0.182938458445869
CYP4F29P	-0.182990623668419
GJC3	-0.183342912982984
STARD13	-0.183392657197755
LMBRD2	-0.183401638264736
VN1R83P	-0.183553400051469
CAPNS1	-0.183555843032344
ABAT	-0.183568812108118
CSAG4	-0.183577291301112
OR51B5	-0.183606010387626
GAPDHP21	-0.183648976633497
PXMP2	-0.183708976798663
KCNG3	-0.1837794107096
MAGEA12	-0.183902140515376
DUSP10	-0.184016860995314
CIT	-0.184260295817386
NGF	-0.184293171477513
TNPO3	-0.184488945705899
ZNF18	-0.184542782559033
DBR1	-0.184607480187637
SF3B1	-0.184613974119915
GLUD1P3	-0.184992381989699
CRHR1	-0.185025259162677
PEX6	-0.185312166709172
MAN2C1	-0.185349151243898
XPOT	-0.185471811415047
SRSF2	-0.185534488434334
GARS1	-0.185676139606785
RTTN	-0.185701006880334
SCNM1	-0.185757955331589
NKAPP1	-0.185821376483105
POGLUT2	-0.185852896282718
COQ5	-0.186013438824658
ZNF215	-0.186082378221942
CA13	-0.186193822524582
FOXO1	-0.186271673484545
COA5	-0.186325663732737
RPS26P47	-0.18642963728003
TIA1	-0.186458074847983
TASP1	-0.186462735606408
MED11	-0.186495511746876
FNBP4	-0.186542842534425
SPACDR	-0.186654554893076
C1orf167	-0.186704992585199
TRIO	-0.186777876338187
WHAMMP4	-0.186882555594646
UTS2B	-0.187003254652044
GIN1	-0.187228172158332
ZNF610	-0.187367269609501
MED12L	-0.187384039438606
NFATC2	-0.187623122288856
EOLA2	-0.187807651679171
NHERF4	-0.187822040361592
EIF4ENIF1	-0.188017426325059
YJU2	-0.188054554373841
UBR3	-0.18818502625042
LGALS7	-0.188279241565223
HLA-DQB1	-0.188339700627295
MRAS	-0.188368113100228
ALDH5A1	-0.188392159304272
CA5BP1	-0.18841938290084
SCAMP1	-0.188426198738696
NUP133	-0.188777296194812
SRD5A2	-0.188812902268352
DDX20	-0.188891197708968
CEP78	-0.188987308096035
PTPRA	-0.189130342969611
DNAH9	-0.189278603009467
C1QTNF1	-0.189359762957151
RFC3	-0.189483764284056
HSPA1B	-0.189660395134807
ARHGAP39	-0.190001539760134
MRPL45P2	-0.190010016222955
GOSR1	-0.190031959963439
FGF18	-0.190058434892126
HLTF	-0.19020300799845
BCAT1	-0.190204091269947
ZNF557	-0.190243152231872
PSIP1P1	-0.190363896752827
LYAR	-0.190519792165715
EMBP1	-0.190521485215505
VPS33B	-0.190815036653379
KAT5	-0.190923892455244
RPSAP18	-0.191054037221183
NWD2	-0.191091365791702
PDIA2	-0.191267578201023
MPPED1	-0.191326651759592
HMX1	-0.191376719444477
CAND1	-0.191502435301299
SLC40A1	-0.191621501738858
NPPC	-0.191737028157471
FBXL20	-0.192078796505213
RBBP4P1	-0.19223913213808
CLSPN	-0.192286455028768
GATD1	-0.192325976721936
NRDC	-0.192392628194149
PPP6R1	-0.192617044414697
DNAJC4	-0.192685001854822
RPL19	-0.192759497626989
CLPP	-0.192864565548782
DIRAS1	-0.192889897139458
HFE	-0.193214376437491
KIF13B	-0.193359013111847
EIF4A2	-0.193424046507696
SNAPIN	-0.193524601030318
PDE8A	-0.193553305407661
RSU1	-0.193605677587154
MAK16	-0.193729146613295
TNFSF12	-0.193833328894119
ICA1L	-0.193915369493387
PGBD4	-0.194005119661184
PDE7B	-0.194032185461328
EBAG9	-0.194159690753991
TMEM183A	-0.194263213022653
MYG1	-0.194354461866457
OCIAD2	-0.1944721467214
NOL8	-0.194755377541826
AK6	-0.194878183852822
ZNF625-ZNF20	-0.195028403139713
ZMPSTE24	-0.195034028812915
MAP7	-0.195111852539023
VPS50	-0.195120644765878
OR7E14P	-0.195402633199057
PRRG1	-0.19559027634043
HARBI1	-0.195698300924037
ITPRID1	-0.195744406489144
BRCC3P1	-0.195772094827221
NABP1	-0.195821229407826
OR52K1	-0.195876237473852
ZNF439	-0.195998821946297
ZNF134	-0.196088415776047
ATG4D	-0.196264268848895
ZNF347	-0.196335761858431
STX8	-0.196429158743423
KIAA0586	-0.196440015288708
SHLD1	-0.196447186046404
RNF183	-0.19675528309002
RNF130	-0.196788942099685
SHMT2	-0.196832151436397
FOXL2NB	-0.196908321775489
KIAA0040	-0.197079383450797
TMEM171	-0.197232510098764
KIN	-0.197313023618851
ARMCX5-GPRASP2	-0.197340293598175
AHCTF1P1	-0.197439464218032
SRP54-AS1	-0.197621426604799
CFC1	-0.197658733564594
SUCO	-0.197689980966052
RAVER2	-0.197701034528203
RFX3	-0.197709843013652
GSTO2	-0.19771120699029
LRRC3	-0.197801035665424
GPAA1P2	-0.197842543405699
PCMTD1	-0.197844365958912
DPH2	-0.197863144264729
CMTM3	-0.197920214308845
RAB7A	-0.198183106723324
MPHOSPH10	-0.198192820958263
RABGEF1P1	-0.198460911522737
ZNF605	-0.198750215873341
GART	-0.198756589169543
FNDC3A	-0.198835980345316
PNMA8C	-0.198842485572779
AZI2	-0.198932315735328
VMAC	-0.199043234211488
RPL13AP22	-0.199071964186072
MRPS31P5	-0.199325816581616
UROC1	-0.199327267788826
PRR3	-0.199365132073118
HERC2P5	-0.199443387570735
DRD3	-0.199505151987251
AMOTL2	-0.199681597426806
H2BC9	-0.19975972613701
EFNB1	-0.199770123142484
RFX6	-0.199900522175388
HAAO	-0.199960307501761
HLA-DRB1	-0.200091754742245
RPL7AP39	-0.200114250529884
MYBL2	-0.200154854883202
C2orf49	-0.200200537913352
ARRDC1	-0.200464257889328
TSSK6	-0.200539233182466
CNR1	-0.200656620570883
MMRN1	-0.200827539123849
TRIM17	-0.200970743773543
RLF	-0.201042148383789
TBX10	-0.201057181849253
RPL21P98	-0.201078840751552
TBC1D26	-0.201089381595878
SENP7	-0.201250119636073
KCNQ3	-0.201254850416123
ST13	-0.201275397068985
GSS	-0.201343516639395
DBX1	-0.201398639668346
PAF1	-0.201403683944095
EEF1DP2	-0.201605739005005
CRAT	-0.201792468137244
RBMXP4	-0.201929486404964
PNPLA7	-0.201996073961417
WHAMM	-0.202156808852031
SETP14	-0.202177043957709
ATL1	-0.202287985921867
OFD1	-0.20234337902316
RRM1	-0.202498190689821
UPP1	-0.202595629793615
RGS4	-0.202840364440104
REPS1	-0.202960444653487
SIRT7	-0.202994712679617
SMYD3	-0.203011761928659
MYH13	-0.203193739199795
CSNK1G3	-0.20349694760034
SERHL	-0.20352866548725
ZNF22	-0.203576419167249
RSF1	-0.203586037150213
PIK3C2B	-0.20382626490144
PIP4K2C	-0.203933196390333
UMPS	-0.203963816115046
GPRC5A	-0.204262794815907
GSK3B	-0.204339205851969
MRPS7	-0.204537999367571
ZNF181	-0.204569697095767
EDRF1	-0.204826627997675
RPLP0	-0.204953537675642
ATP6V1E2	-0.204991896912976
RIPOR2	-0.205027522526963
FANCB	-0.205054391248108
PRSS56	-0.205078577257789
SRPX	-0.205218788935162
KCNQ1	-0.205287276599805
RASL10A	-0.20532560076341
ELOVL7	-0.205407149326441
ATP4A	-0.205424004761708
PRB3	-0.205449158518148
MRPL50	-0.205523253879425
DNAJC14	-0.205815714320716
BRDT	-0.205946449035803
HECA	-0.206032358692083
SDHDP6	-0.206223156196703
FLACC1	-0.206406818875837
GABPB2	-0.206446226732923
MRPL27	-0.206447908152743
RAB25	-0.206452362703023
RNPEPL1	-0.206617294779219
ETFBKMT	-0.206706405557306
ARHGEF26	-0.206841041116883
MINDY3	-0.20688214003155
UAP1	-0.206954599104986
FKBP1A	-0.20746634847695
ZNF717	-0.20749452434508
ATP5PBP5	-0.207675576748606
FOXA1	-0.207724736379845
MRPL14	-0.207788127034245
CENPV	-0.207828777480216
OSBP2	-0.208033857732113
SPAG16	-0.208149915308563
SNRK	-0.20826412116654
EIF3G	-0.208336059668248
DNASE2B	-0.208342639605927
MYL5	-0.208387692087235
HS6ST1P1	-0.208862565357507
SEMA4D	-0.208866918620864
NELL2	-0.208960332900458
CHMP2B	-0.208992482462144
CPT1C	-0.209309356837094
ELMO3	-0.209535138022402
KCNH2	-0.209648776906926
ZNF732	-0.209757156300347
CLEC2D	-0.209799087973814
ARID1B	-0.209893123502317
WAC	-0.209896611293468
PTS	-0.210163674443614
ZNF251	-0.210215602457395
DSG2	-0.210399957622059
ZNF512B	-0.210425232901113
FGFR2	-0.211092419629326
PDCL	-0.211233539143348
KCTD15	-0.211457612030168
COPS7A	-0.211572531176333
CDX2	-0.211899913865986
SEC31A	-0.211936546370813
DNAJC25	-0.21195500321586
HHATL	-0.211958815210538
SCARB1	-0.211990029475721
FOXQ1	-0.212120568118666
CASQ2	-0.212156698363576
TEX261	-0.212193107844137
ARB2A	-0.212203787152638
RBM27	-0.212226598667203
LRRC17	-0.212322636682342
C17orf107	-0.212375862489701
SASH1	-0.212378167473816
SRY	-0.212395625283651
ANKRD20A11P	-0.212520808603408
YWHAE	-0.212559232375489
SPRY3	-0.212569587729316
ZFP91-CNTF	-0.21259210481053
MIR9-1HG	-0.212592883277551
CABCOCO1	-0.212603916046654
SLC22A15	-0.212624726905602
FBH1	-0.212681238042397
CYP2C8	-0.212699080863428
CALHM6	-0.212900450274837
DUSP22	-0.212935713396068
ORC4	-0.21299538227035
SFI1	-0.213099442607862
FITM2	-0.21325854819071
MED27	-0.213335187977325
NDUFS3	-0.213486178516235
RPAP2	-0.213499585182383
PCDHA10	-0.213648704542824
ZNF37BP	-0.213705127732457
HNRNPCP2	-0.213854714244526
MEMO1P1	-0.214010555329239
FTCDNL1	-0.214035667062272
DCAF8	-0.214281279061514
CPN1	-0.214419920902032
PHIP	-0.214428528053563
NATD1	-0.214431256415849
NEUROD1	-0.214437257072991
LINS1	-0.214466272718269
SLC9C1	-0.214570822557692
ABCD1	-0.214584065491026
CIAO1	-0.214694036306168
ATP10A	-0.214879127661899
PDSS1	-0.215047990731452
SEPTIN7P8	-0.215067336111635
ZNF555	-0.215208216343275
SERPINC1	-0.215479556595952
MAGEA8	-0.216288314543837
LYPLA2	-0.216309519288417
EXD1	-0.216505847213296
ANKLE1	-0.216547829208135
TIAL1	-0.21656995613013
ZNF79	-0.216632309488279
CRY1	-0.216735604247801
TUBA1C	-0.216935649529515
C11orf71	-0.21728865084271
SIGLEC6	-0.217476185747445
TPRG1	-0.217765666605824
RBMXL1	-0.217868309559398
PCDHB19P	-0.217923906507761
DCDC2	-0.217992881016521
MRPL12	-0.218052470558705
EVL	-0.218057565681517
CSNK2A1	-0.218100599324368
GXYLT1P4	-0.218150666091733
CDC123	-0.218209152638158
FUBP1	-0.218307611822142
LDB2	-0.218382597146288
FAAP24	-0.218405373099304
SLC27A4	-0.218463215924478
EIF4B	-0.218591893307859
CCDC163	-0.218651709156516
ZNF2	-0.218748696603886
VSIG1	-0.218782526513865
MNX1	-0.21881187135962
MZB1	-0.218821497221683
TSC1	-0.218824686472835
FRMPD2B	-0.219030700201305
CFAP77	-0.219187398612018
MUSTN1	-0.219341400799476
SKINT1L	-0.219384483184991
RPS3AP5	-0.219460241278225
RINL	-0.21953384636981
MOAP1	-0.219574361990065
FSTL4	-0.21970994146167
ABHD2	-0.219774395834244
IL3RA	-0.219792966745799
PPIAP29	-0.219886233831726
REXO2	-0.219994831880663
INTS14	-0.22019138247503
MCM9	-0.220219816140403
LY6H	-0.220224728751622
TCL1A	-0.220474181958766
ASCL2	-0.220648381484936
MED24	-0.220741287695909
TREX2	-0.220774098840528
ZNF507	-0.220906223300057
DNAAF5	-0.221018909627687
GFOD3P	-0.221115401196404
ADAM10	-0.221201467373041
SNX4	-0.22128677290678
ZHX1-C8orf76	-0.221658830691346
YIPF3	-0.221827436393267
NKD1	-0.221853413020015
KLHL23	-0.221867585854695
TBC1D3D	-0.221872865935683
CPD	-0.22193435358324
USP5	-0.222073419301665
BZW1	-0.222308003528325
KRT8P35	-0.222431277878817
SOCS3	-0.222496927938382
HRAS	-0.222713079260425
ASH1L	-0.22276984062019
NIPAL1	-0.222784724637828
MED26	-0.22290692528958
TAP2	-0.222911567238264
PAN2	-0.222915715350049
TCHH	-0.222978366279309
FAM72D	-0.223045835056471
AURKB	-0.223105435210182
VPS8	-0.223240883507832
SMARCE1	-0.223283180552763
ZNF136	-0.223298686770469
RAP1GDS1	-0.223530657045559
TRAM1	-0.223636030765236
PGP	-0.223784613798254
H3C8	-0.223831976590173
MRPL45	-0.223832381908685
FAM91A3P	-0.224158047518881
LNX2	-0.224272022081363
EPG5	-0.224313693349748
MRPL11	-0.224315021632297
FANK1	-0.224369853989173
SYT15	-0.224562606151716
PINLYP	-0.224580875186698
GLRA3	-0.224583850454636
CCNK	-0.224587019485049
NFXL1	-0.224589553685743
AGAP14P	-0.224603088908387
HMGCL	-0.224820043377546
CIAPIN1	-0.225001350253498
NCBP1	-0.225009013077149
VPS37C	-0.225021904313162
BRD10	-0.225055939646982
PRXL2C	-0.225170540839298
TLX2	-0.225412476771695
DUSP6	-0.225460931743954
IQCB1	-0.225606058985324
TOM1L1	-0.22564046579611
C3orf52	-0.225695273671401
SLC37A4	-0.225778717721362
PRDM1	-0.225846544070872
CABP4	-0.225942114682158
LMNB2	-0.226017816391665
SAMD5	-0.226181933009147
CD177	-0.226568384631982
KMT5AP1	-0.226602690200689
GPX1	-0.226639973873018
MGAM	-0.226660697740925
TOMM40	-0.226728651539054
NREP	-0.226843282584897
TRIM10	-0.22705624766068
RNPC3	-0.227128043063166
NPIPB12	-0.227430802736978
ABRACL	-0.22745297453656
CCDC91	-0.227578733101731
NPM1P27	-0.22774672759477
RTRAF	-0.22790483184399
RABGGTA	-0.227950788488856
MACO1	-0.228367715091263
CREB3L4	-0.228458358264101
ADORA2A	-0.228556844026314
SECTM1	-0.228687934868375
MRPL57	-0.22870793799293
FRG1BP	-0.228725890865363
STX7	-0.228726992086989
GARNL3	-0.228803475922086
ITSN1	-0.228909797176629
MRPS12	-0.228925182280498
TMEM132E	-0.228994733230668
NUSAP1	-0.229062184280777
RBM8A	-0.229133527690111
ALMS1P1	-0.229200571676682
FH	-0.229364700656562
BIRC2	-0.229401987227128
HS3ST4	-0.229574607805947
ROMO1	-0.229605712226389
FAIM	-0.229834684809034
TAF3	-0.22996081510532
SLC67A1	-0.229966932778893
OGFOD1	-0.230097724671308
RO60	-0.230186958754084
SLC66A2	-0.230488127166648
PTPN12	-0.230578837892185
KRT18P15	-0.230623366307096
RTP3	-0.230699766107275
NCOA7	-0.230848552397212
MAML3	-0.230875628360176
RBM12	-0.230954304508961
EXOSC10	-0.231000871305552
GPRASP2	-0.231002631586985
HCCS	-0.231065256253225
HES2	-0.231111812211494
ITGAV	-0.231119542209939
IFFO2	-0.231228057275882
BCL2L1	-0.23133345550441
PLGRKT	-0.231386007131361
STRAP	-0.231394187438372
CCT3	-0.231476052524998
GLIS2	-0.231556484054683
SPINT1	-0.231589353407562
PRRT1B	-0.231673372895059
C2orf69	-0.231926010260738
ZNRF2	-0.231973297385296
LRRC57	-0.232169462494413
IL12B	-0.232291258979088
COG4	-0.232726071095976
EMC3	-0.233147409754652
ANAPC1	-0.233200200788909
TCF19	-0.233263074415264
GATA3	-0.233355701498543
POT1	-0.233397608933469
GNA13	-0.233550899308752
TRIM11	-0.2335515003357
FBL	-0.233556217983322
ZNF799	-0.233640015226024
SERBP1P6	-0.233712164507498
DSCAML1	-0.233860507020648
RNF14	-0.233941619464957
HINT1	-0.234041528835705
ANKRD9	-0.234181574320239
HEATR1	-0.234267578735556
NPM1P6	-0.234301642632949
BANK1	-0.234320782654357
CNBD2	-0.234343084175294
PTPN1	-0.234385762681855
ATF2	-0.234546701516319
ABTB3	-0.234816228179354
GADD45A	-0.23502176111529
UBE2C	-0.235030767211601
RXRB	-0.235194895902749
USP17L11	-0.235338892168561
TUBB8B	-0.235441549189017
GPATCH8	-0.23550547841467
HSF4	-0.235553125766424
KNTC1	-0.235788804287841
TRMT10A	-0.235811295809035
SRP68	-0.235920147124413
RBMX	-0.235926000891034
PRICKLE4	-0.235950123371888
LRRC8B	-0.236012769904675
DUSP3	-0.236191982955863
PNRC2	-0.236265149106473
YARS1	-0.236327948265494
FBXO42	-0.236560865759443
WWC1	-0.236632216675314
ICE2	-0.236670042384014
TGFBR1	-0.236902221250116
RPL26P30	-0.237027776247256
TATDN1	-0.237113294349627
FMNL2	-0.23714432141358
BCRP9	-0.237349997489507
ELF2P1	-0.237444356820991
ZNF519	-0.237502272122177
SCN2B	-0.237510142894407
LARS1	-0.237543004443524
TAF6	-0.237554210613035
NKX2-5	-0.237559050741501
EMX2	-0.237997353771181
AVEN	-0.238123398144552
COMMD1	-0.238173952509606
GNRH1	-0.238304402285977
PYCR3	-0.238387486093572
PROK1	-0.238405834153494
VN1R81P	-0.238410523152516
POLA2	-0.238573037642253
MTX1	-0.238635205956431
DCAF13P1	-0.238793242257408
SLC30A2	-0.239255999191361
TECPR1	-0.239372164655318
HGD	-0.239411604814778
RECQL	-0.239465589727293
ZNF807P	-0.239479871818575
HECTD4	-0.239528972413013
ZNF491	-0.239544239816033
CARD11	-0.239614368768311
SNF8	-0.23965071364488
DRG1	-0.239666191876223
BLOC1S3	-0.239694190125535
SPG11	-0.239795209233869
RPL10P9	-0.239840812968224
UBAC1	-0.239852661868778
KIF18A	-0.240013160303671
DACT1	-0.240195095872549
GAS2	-0.240254526738891
DGCR6	-0.240270640800782
GTF3C5	-0.240450718030065
MRPL37	-0.240640455165232
PLEKHA5	-0.24068898246211
SPP1	-0.240701082829304
PI15	-0.240720451533032
SNRPD2	-0.240736625370546
NAA20	-0.240745508318139
RPLP1P6	-0.240766887423694
XRCC6	-0.240876698586135
TET1P1	-0.240958203900931
CREG2	-0.241039342121628
PPT2	-0.241186281113302
TRGV5	-0.241302711602109
ADA2	-0.24150722667532
CENPP	-0.241792539611532
DUSP7	-0.241841682557708
FAM98B	-0.241886842443043
OR56B1	-0.241960243666805
PPIP5K1P1	-0.24197638687571
DNAJB2	-0.242096877926359
SCO1	-0.242190612425633
APOC1P1	-0.242278820531541
MRPL47	-0.24233921114928
HSP90B1	-0.242458388160664
TSEN34	-0.242495921353244
IMPDH1P5	-0.242542213834521
RIC8B	-0.242564658877215
NALF2	-0.242629485459116
FAM32A	-0.24277008009973
RPSAP54	-0.242850006035321
DCAF5	-0.242900361371384
CLP1	-0.24294088940057
TRBV20OR9-2	-0.242999832818512
CDK13	-0.243307349041375
HBP1	-0.243608853752069
TRMT13	-0.243638316524344
RPL17P7	-0.243652307198147
MAGED2	-0.243795683590627
DGKD	-0.243848795187466
AXDND1	-0.243909259532272
NEK2	-0.244119359575109
LATS1	-0.24438832977377
NTAQ1	-0.244396131059195
ZFP36	-0.244518947551394
HIGD2A	-0.244813571003608
TCEA1P2	-0.245199773150571
PIK3C2A	-0.245300316746578
CABIN1	-0.24531176615323
ROCK1	-0.245520861554248
AP3M1	-0.245640405076728
KIF24	-0.245711698379914
DYSF	-0.245841560987343
SPSB1	-0.246078486708691
PCDHGB3	-0.246125365949307
SHBG	-0.246150063755545
BPIFA1	-0.246283376176236
ARHGAP19-SLIT1	-0.246406053210577
MRPS15	-0.246618531856786
ZNF684	-0.246745710033337
COL23A1	-0.246784740682769
ACTR3C	-0.246795544294921
SGCD	-0.247228744316857
COPB2	-0.247286275754837
HLA-C	-0.247784606351561
METTL21A	-0.247910189417871
ZNF845	-0.247920618103408
LEFTY2	-0.247962594081318
ZNF613	-0.24815135677868
ILF2	-0.248181587102577
POLR2B	-0.248192838849728
CLTC	-0.248257358057081
NRIP1	-0.248278684531056
CSNK1A1	-0.248284188781435
C12orf60	-0.248412417376554
TRAK2	-0.248535301862717
TCEAL8	-0.248569969659903
DNAJC17	-0.248574321418218
DNAJB6P1	-0.248650166447216
ADAMTS3	-0.249013407412759
RIIAD1	-0.249093917247636
PPP1R1C	-0.249206702921153
ABCA4	-0.249238870258357
TLCD1	-0.249254167348281
CLTRN	-0.249326464249676
ASXL1	-0.249330474541128
NASP	-0.249425741521207
C9orf72	-0.249467512491865
ST13P6	-0.249480646114067
AKAP10	-0.249631613922298
MRPS14	-0.249839562481573
SETD5	-0.249958389037587
ORC2	-0.249985332019838
GPN1	-0.250118780780644
TGM7	-0.250139414638305
MED21	-0.250148266787891
POLH	-0.250249740649219
SMIM10L3	-0.250546462548605
PABPC5	-0.250726346247924
AMD1P3	-0.251028604473926
NTNG1	-0.251316371924145
ANAPC4	-0.251567467748534
PLEKHA7	-0.251576156341142
CALY	-0.25170333236261
SPACA9	-0.251801391066509
TRMT2B	-0.25196503851134
CFAP97D2	-0.251969466840595
EDN3	-0.252166462737011
MRRF	-0.252423698199027
ACOT7	-0.252458365466594
PFKFB3	-0.252718488404138
POLE	-0.252743728237948
MCM3	-0.25301592226172
EMC1	-0.253102144114164
APPBP2	-0.253119284927358
DSG1	-0.253162482082087
SIGIRR	-0.253169356314284
MAPK14	-0.253202789922793
GMEB1	-0.253208313799499
NIPBL	-0.253454709811218
MCRIP1	-0.25351315043187
RASSF7	-0.253682728295604
ZFYVE19	-0.253746853710569
PMS2P6	-0.253912463556724
RHOB	-0.253995774917981
AAGAB	-0.254040393684945
ABCA11P	-0.254091215498386
CTAGE7P	-0.254096642073681
PADI2	-0.254179049281316
BTBD7	-0.254197584122173
XBP1	-0.254224402505516
PTPN11	-0.254308073115571
CDK2AP2	-0.25455821650543
PCDHGA7	-0.254645556978849
RNF149	-0.254664486169176
ASNSD1	-0.254854479520119
OCIAD1	-0.254922664607434
AK4P1	-0.254956816399633
LHX3	-0.2550688233461
STARD8	-0.25507335221666
SART1	-0.255253377932633
HCRTR2	-0.255330530075497
SRRM2	-0.255369858110573
NDUFB4P11	-0.255406167339115
MICU1	-0.255548962215532
TBC1D3C	-0.255733112755124
ZKSCAN5	-0.255733380672699
PRP4K	-0.255889130404128
ANKRD36B	-0.256165851149984
EIF2S2P3	-0.256176557387769
IMP3	-0.256246364456713
GRK2	-0.256321385025481
LONP1	-0.256559592418328
RRP1B	-0.256641589454774
ZRANB1	-0.25665168119843
SLC18B1	-0.256676425474047
IBTK	-0.256846436500089
STK3	-0.256858898915478
COPS5	-0.256884137845682
MED23	-0.2570698590426
PPCS	-0.257073967086624
APH1A	-0.257218247059236
UBA3	-0.257473560431538
PDIA3P1	-0.25748687355694
RBP5	-0.257808561963955
PIK3IP1	-0.257840024840918
RARS2	-0.25784080506008
NLGN4X	-0.257877744752781
DROSHA	-0.257900921168381
FANCA	-0.257971587487585
CFAP144	-0.257977650781676
SLC35B3	-0.25809001095923
BRD8	-0.258190879789964
DUX4L50	-0.258193601900564
SINHCAFP2	-0.258195772896971
ASB13	-0.258551858389036
HOXD1	-0.258576539583875
TMEM192	-0.258585410175662
RPS19	-0.258663270747763
H2AC17	-0.25866989884271
POFUT1	-0.258685638154547
SDHAF1	-0.258711917870029
THAP4	-0.258814803734795
KLHL31	-0.2592479395244
ACVR1B	-0.259291696872594
SHISA8	-0.259302279107459
MFSD6	-0.259428633668596
PNMT	-0.259979671679539
MORF4L2	-0.26007674014053
C2orf15	-0.26032118998723
TLE3	-0.260334682683917
GLRX2	-0.260395568367834
EXOSC9	-0.260426406615315
GEN1	-0.260522877725954
REELD1	-0.260548527333134
USP38	-0.260632281967568
RINT1	-0.260738746627577
RBBP7	-0.260836864099581
DIP2B	-0.260899181870771
FAM221A	-0.261108018535729
SLC25A47	-0.261149589436097
PTMAP5	-0.261200259050992
GAN	-0.261323298929392
LRRC10B	-0.2613419185316
PDCD2L	-0.26157411752685
ELFN1	-0.261599152458355
BRMS1	-0.261703659859744
CDC23	-0.261893723320352
NANS	-0.262132940569233
RPL13AP25	-0.262348874750816
LAMTOR2	-0.262441553541284
IGSF8	-0.262551753431107
CIAO3	-0.262662326860758
PECR	-0.26278507292407
PBX2	-0.262824282965633
GON7	-0.262965163016995
RRM2	-0.26317626202254
PPP1R1B	-0.263249534303716
STK35	-0.263478485352519
MFSD1	-0.263589179448687
TRMT5	-0.263604577278134
RPS3AP6	-0.263728918709762
WDR45B	-0.263919584045794
C19orf53	-0.264330607197901
SON	-0.264353426915249
MTAP	-0.264412900215445
GNAI3	-0.26455072612516
FAM200A	-0.264774025320547
CKS1B	-0.264945959203354
DIPK1B	-0.264950109431343
RHOV	-0.265093492833797
UXT	-0.26514945406149
CLNS1A	-0.265216792717239
MAPT	-0.265241111543963
HMG20A	-0.265306619316369
CASTOR2	-0.265361478749554
OST4	-0.265365966017822
GPATCH1	-0.265439038275871
MTM1	-0.265462879548704
CCNG2	-0.265586786406059
GPBP1	-0.26573495854794
ASB7	-0.265812426661207
CEP76	-0.266027604499887
LANCL3	-0.266092085270428
NDUFA12	-0.26614717899494
HTATIP2	-0.266346112127382
KLF6	-0.266484242067844
TSPAN8	-0.266489638117358
NANOGP8	-0.266607748762929
COA6	-0.266793968616125
ZNF474	-0.26699944001135
TEC	-0.267014483379735
OSTC	-0.267049566735385
TNFRSF21	-0.267062229987912
RAPSN	-0.267268226761331
ZNF564	-0.267342884298214
STX12	-0.267446801992639
DOCK8-AS1	-0.267516227181411
PGAP6	-0.267554372452463
OSBPL1A	-0.267568555304414
NOP16	-0.267769404461936
CCDC59	-0.267937371888221
EIF4HP1	-0.267979066457565
UVRAG	-0.268209787991129
ACSM6	-0.268405782236781
GINS2	-0.268489566278078
ANKFN1	-0.268706759194767
DDX60	-0.268723367760249
BNIP3L	-0.268785233655369
XPO7	-0.269138053768205
DNAJC24	-0.269248053134903
CUBN	-0.269340962238214
GOT2P2	-0.269553852548233
SREK1IP1	-0.269659140566166
MSTO1	-0.269698140580378
TACC3	-0.269718039987367
MET	-0.269754488840356
NET1	-0.26976770198099
DCAF7	-0.269832082811911
SEM1	-0.269864854027315
CDC42EP1	-0.270013172327696
CCNF	-0.270046153468279
C12orf42	-0.270438148580902
ZNF614	-0.270830929649398
ITFG1	-0.27095076969055
ARHGAP29	-0.271026521625588
MORN3	-0.271035367023558
ITSN2	-0.271135378367014
NSUN6	-0.271217478888343
OBI1	-0.271289454986418
LRRC2	-0.271294797070634
C10orf95	-0.271371943094506
RBM10	-0.271397742385832
TBC1D3E	-0.271598280691607
PLAAT4	-0.271924645933418
DALRD3	-0.272009339695526
LCMT1	-0.272183548517778
SLC2A3	-0.272337037385543
SPATS2L	-0.272385114749224
CSAG2	-0.272487442429496
CAMK1D	-0.272556811999489
VDR	-0.272833542100461
SH3YL1	-0.272891550690619
SHQ1	-0.273039261835751
ALG5	-0.273083459775091
FAM149A	-0.273287667816225
CACNG6	-0.273433749022262
RNF122	-0.27345255635717
MAGEF1	-0.273453993052223
CIMIP2B	-0.273461430881856
PSMD5	-0.273566724317073
IGDCC3	-0.273579792432887
SF3B5	-0.273627105243217
RNF41	-0.273743172203995
LRRC8A	-0.27382295127548
TBC1D22B	-0.273928513620376
OIP5	-0.274004024154059
SLC38A1	-0.274047794000875
RPS19BP1	-0.274183425244508
ISY1-RAB43	-0.27425573845304
SMIM15	-0.274315784494143
CSNK1G1	-0.274594507492634
UBE2E2	-0.274630830630881
TMEM170B	-0.274696459674201
SPMIP9	-0.274861969412088
CUL3	-0.274998117247218
ELOVL5	-0.275000553259402
CDKN2D	-0.27509859228719
H2AZ2	-0.275122028567647
ADRA1B	-0.275327260500413
VCX	-0.275364005558875
RBMX2	-0.275467273396849
MROH6	-0.27554106838294
FXYD5	-0.275706203790571
EPO	-0.27572908444268
RPL8P3	-0.27603287205172
PGAP4	-0.276161885534514
SLC25A36	-0.276182453103543
ZNF160	-0.276206704826174
CSK	-0.27627939411854
ADPRS	-0.27641008725887
CCNE1	-0.27645454919426
NACA	-0.276685463176046
ZNF37A	-0.27679842325845
HBS1L	-0.276799681490084
PRLR	-0.276853218471841
SYN2	-0.276986566435298
UQCC5	-0.277009968067632
BIRC3	-0.277158429745375
WSB1	-0.277228618644068
PTPN14	-0.277599317617473
BCAP29	-0.277621674628168
TRAPPC14	-0.277640661939324
DHRS11	-0.277744655205658
RPL21P28	-0.277883875442179
NDUFB1	-0.277906495971196
BEND4	-0.277943577711342
SPATA13	-0.278009274927214
NR1H2	-0.278188358309056
PFN1	-0.278300334952352
ZWINT	-0.278449129562134
ARL8A	-0.278460677865152
RPL7AP76	-0.278822178978615
GAS7	-0.279012491156666
FIBP	-0.279047899909724
GTPBP1	-0.27914956823927
COL6A2	-0.279354603212649
RPL21P53	-0.279410216578722
KIF20A	-0.27969977402546
MALRD1	-0.279739000353822
RBPMS2	-0.279831807228775
MKKS	-0.280473805682669
RPSAP26	-0.280640021175106
AVP	-0.280944875398653
CCDC174	-0.281316343383073
MVB12B	-0.281322674412251
H2AC15	-0.281370728343752
TAGLN2	-0.281773148718983
THG1L	-0.281856499874073
CNNM3	-0.281928684778159
RPSAP69	-0.281941397565947
NXN	-0.28198305268832
FAM72B	-0.282040160553767
KIAA0319	-0.282046393574234
ALG2	-0.28206033184402
ACTR1A	-0.282087274081107
SH3GL1P1	-0.282113341111926
ZBED4	-0.282269915379218
RPL21P93	-0.282598492959
SPRTN	-0.282634997709958
ATP8A1	-0.282987257347918
ZNF615	-0.283000576752493
TAF12	-0.283083294480737
ARMCX1	-0.283093432355962
ZBED1	-0.283241055258546
OCRL	-0.28349681567948
NIPAL3	-0.283567738981989
BOLA1	-0.283661269636852
CHERP	-0.283834999728759
ACADS	-0.28399718083104
SELENOT	-0.284120455811231
PRIMA1	-0.284517494791726
CEP170	-0.284554607923208
SNUPN	-0.284640827523535
EIF4A1P2	-0.285017474796625
PHACTR2	-0.285128962309719
TMC5	-0.28515536090579
PROC	-0.285389805641878
TMEM102	-0.285438314490367
TBL1X	-0.285469418843501
MAN1B1	-0.285512590781043
HNRNPLL	-0.285865641821121
NR2F6	-0.285897586307374
TRIM71	-0.285918136080575
GRIP2	-0.28596181499127
FAM187B2P	-0.286233545973282
POLR2J	-0.286622968827274
LAMA3	-0.286813355707864
TMEM165	-0.286880057798376
RPL10P15	-0.287025881502704
CGRRF1	-0.287276644084422
GLI3	-0.28738996668956
SNX13	-0.28750655527315
PAQR8	-0.28767486397994
RGPD5	-0.287828685677977
TOPORS	-0.288077256746247
SYPL2	-0.288119012379057
PIGR	-0.28837304894001
ZNF883	-0.288542842010737
RDM1	-0.28867314455809
PLEKHM3	-0.288732868644307
TMUB1	-0.288734385388245
EEF1A1P8	-0.288742919606915
CDK9	-0.288769741666823
LSM2	-0.288910812418345
ZNF890P	-0.28891253204685
NHLH1	-0.288956830187977
BEND7	-0.28898654317198
PFDN1	-0.289231972257598
PCDH11X	-0.289253595828202
RRM2P3	-0.289863111522322
MSS51	-0.289877598872128
ZNF154	-0.289887492269712
SERINC4	-0.28995754592306
MAX	-0.290009617207605
C1QTNF5	-0.290343666459915
ADPRHL1	-0.290738656539426
DCT	-0.291491117441031
KBTBD3	-0.291532055611321
ACSL6	-0.291559412521664
OSER1	-0.291563015536419
EFCAB5	-0.29170011535983
MRTO4	-0.291838729805738
SLC25A21	-0.291951517412987
SEPTIN8	-0.291966120533119
PWWP2A	-0.292034686778816
SBF2	-0.292074390184134
KPNA5	-0.29208467155606
NPIPA5	-0.2922710613183
RNPS1	-0.292345677464229
EHD1	-0.292369767778983
TAS2R20	-0.292430888939433
GATA4	-0.29250305266749
RPS2P29	-0.292578046011385
COPG1	-0.292792911526919
TLR1	-0.293001775382738
SLCO4A1	-0.293378968845873
NDRG3	-0.293501283397362
CEP120	-0.293573986010473
NICOL1	-0.293681799637425
GXYLT1P3	-0.29375184905449
DDOST	-0.294263567302245
HSPA13	-0.294272651907488
PVRIG2P	-0.294323279924308
AKR1D1	-0.294616502318529
EGFL6	-0.294903108835447
SMIM7	-0.294996916282133
AP4S1	-0.295381458593496
SPC25	-0.29554391222364
ATAD2B	-0.295588695077228
SASS6	-0.29559461200992
PGAM1P8	-0.295723290735744
RTKN2	-0.295748449229007
LSM11	-0.29596610295065
IARS1	-0.295989889684269
ADAMTS7	-0.29612454349677
PHF11	-0.296180497970545
ENC1	-0.296228082175819
ZNF354C	-0.296513687258485
GPRC5D	-0.296567938917515
SNRNP27	-0.296622245858337
MAFK	-0.296734151402634
TMEM38B	-0.296959422292195
F8A3	-0.297192524808132
RPS6KC1	-0.297222588724786
LRBA	-0.297357531953983
C1QTNF3	-0.297474256396475
EPHA1	-0.297525179619571
ARPIN-AP3S2	-0.297575411419068
C11orf52	-0.297659265921099
DDX19A	-0.297691376944767
DGKZP1	-0.29769333599895
ABHD16A	-0.297745629634314
RAPGEF6	-0.297833816236133
ZCCHC4	-0.297846643639728
SF3B4	-0.298125718526636
UQCR11	-0.298300660230645
OVOL2	-0.298318853776298
IFT70B	-0.298348202132476
DPF3	-0.29839548111606
SCLT1	-0.298406026339877
CDC25C	-0.298436955516303
C2orf66	-0.298472021255381
RBM48	-0.298478804002345
SERINC1	-0.298510237877886
ENOX2	-0.29918203276057
KLKB1	-0.29932660488411
NXT2	-0.299722205180827
EPRS1	-0.299810701206327
GVINP2	-0.300094020554724
UNC119B	-0.30023465369569
BRMS1L	-0.300273134003497
SGTA	-0.300273729671115
ABL2	-0.300344883159061
TEX13D	-0.300379014014827
HACE1	-0.300398584564535
FBXO9	-0.300417781301862
TEPSIN	-0.300503553074214
SLC35E3	-0.300622266572012
SRRD	-0.300625272974626
PABPC1P3	-0.300765294847063
CYP4V2	-0.300877523068638
CCDC82	-0.300886882692521
STYK1	-0.301170130034003
POF1B	-0.301176470632112
ATP1B2	-0.301207635888512
EMG1	-0.301392489444214
SARNP	-0.301426573608705
PDCD6	-0.301439179139444
ANKRD11	-0.30148576309437
ACSL4	-0.301525890332485
BOP1	-0.301561564339902
AKAP8	-0.301899194962821
GABRB2	-0.302084116371612
TERF2IP	-0.302262364854147
GUCY1B1	-0.302296610585011
PUS10	-0.302339734962178
TBC1D22A	-0.30241136138745
SGMS1	-0.302437635005189
GCHFR	-0.302493633912443
PRELID1	-0.302546924441054
CDR2	-0.302579483772127
AGA	-0.302936832240527
CRACR2B	-0.303057344186731
TYW1B	-0.303062181358454
SLC10A6	-0.30309048453698
TRIM8	-0.303299858700006
RPL41P2	-0.303434243648962
NFYA	-0.303504796152353
RABL3	-0.303531733008738
SYDE2	-0.303640132524757
SDHAP4	-0.304132715879374
B4GALT3	-0.304212691687842
CUX1	-0.304259630294716
MYH14	-0.304512354639286
TOP2A	-0.304857436528442
STRA6	-0.304997685790574
NF1	-0.305122481257485
TLCD4	-0.305151248959141
RTN2	-0.305185057615041
G2E3	-0.30534501007554
TMCC2	-0.305359299075923
TMEM11	-0.305444337665303
SKA3	-0.30555339112733
RPL36A	-0.305668963467675
TGS1	-0.305903935596608
HECTD1	-0.305926136093901
RPF2	-0.305986383137274
NAT1	-0.306185961040734
VWCE	-0.306252638462565
SS18L1	-0.306545425854278
EIF6	-0.306585109059355
PSMC3IP	-0.306596035701682
H3C6	-0.306618653258484
ST3GAL2	-0.307081880963411
TAF1	-0.307184860376206
MCAM	-0.307340815271405
EIF2B2	-0.307424326463933
BAZ1B	-0.307656652753171
FBXW7	-0.307736826963705
EIF4G3	-0.30781074496603
GOLGA5	-0.307935276318831
FNDC3B	-0.307953181763661
C6orf47	-0.308192512926226
TSHR	-0.308380434437801
MORC3	-0.30853167680749
ZBTB41	-0.308575943848787
AKAP9	-0.308659933616498
SOWAHD	-0.308993190095037
GPATCH4	-0.309107194713583
UQCRC2	-0.309124520977176
HIVEP1	-0.309184137454454
BRWD1	-0.309197501982895
UFSP2	-0.309345249773146
ALDH8A1	-0.309409278256256
HAT1	-0.309459769951704
SPECC1L	-0.309580870941765
RNF207	-0.309773084405684
CRYZ	-0.309861940596493
CT47A12	-0.310050355122471
HAUS6P3	-0.310126649659402
AMIGO3	-0.310486787109827
ZNF674	-0.310503898279357
CTDSPL2	-0.310594446101925
CLSTN1	-0.310709410300356
PHF7	-0.310921816782157
LGALS1	-0.311270297345965
USP34	-0.311392787443068
DOHH	-0.311434912556908
LEFTY1	-0.311485064163298
CEP135	-0.311611116518289
ZMYND19	-0.311809949295058
SMC6	-0.311951845012098
MERTK	-0.312040348103462
WDR12	-0.312106691807679
HIF1A	-0.312139763819499
SPCS3	-0.3122392033327
NPM1P24	-0.312288725352321
STK25P1	-0.31241821866219
XRCC3	-0.312482775913664
PLD4	-0.312623796966976
MINAR1	-0.312670758863993
PTGS2	-0.312964558458308
ECD	-0.313025038539346
EN2	-0.313412285580579
CNEP1R1	-0.313628722852027
RAB10	-0.313800639246948
VMA22	-0.313900655692803
CRYZL1	-0.313901963535347
MAPK8IP2	-0.313922300882265
SDAD1	-0.313923173149843
PSME4	-0.314054331201057
TMPRSS11D	-0.314121483386
MSL3	-0.31413312487102
TPRG1L	-0.314136307646615
CD2BP2	-0.314249842887099
LRRTM4	-0.314286158013499
DDX50	-0.314354191915632
LRCH1	-0.314491185150766
SLITRK3	-0.314542594526834
DIPK2A	-0.314558954628103
BSCL2	-0.314636319610461
CDS2	-0.314707514303934
PHF1	-0.3149199988295
GABPA	-0.315072086489203
HDAC5	-0.315167086625426
ENTR1	-0.315179960872315
GEMIN8	-0.315386535134344
SSH3	-0.315449468326055
TXNL4B	-0.315472362787023
MAEA	-0.315503874711052
STK26	-0.315889183173318
CNTNAP2	-0.315924497914929
CEPT1	-0.31592976401535
GABBR1	-0.315982500966178
IGHA1	-0.316070581348753
ANAPC7	-0.316295671414804
RPS18P14	-0.316349532377869
EFCAB11	-0.31638178223332
FAM241B	-0.316648315308263
LHFPL3	-0.316679659508232
ZFP30	-0.316688721947029
ING3	-0.316785902200657
RRAS2	-0.316819825800721
PTDSS2	-0.316895379405885
KLHL28	-0.317177637475947
SWAP70	-0.317337190423873
COX6B1	-0.31738216882843
PTER	-0.317400616986238
AAK1	-0.317467416139124
ANAPC11	-0.317683088534016
TPRA1	-0.31772168133159
CLK3P2	-0.317976328507783
GYPC	-0.317989796349797
MID2	-0.318038449653295
ZNF480	-0.318146762410742
OCLN	-0.318200612669621
SNTN	-0.318293193900372
SEPTIN14P6	-0.318466388527669
CCDC168	-0.318541394116466
GGPS1	-0.318575471784455
PARK7	-0.318624140239073
VEZF1	-0.318768897938433
ZSCAN32	-0.31882317307949
ACER3	-0.318827909567326
UBE2E1	-0.318995310999683
IGBP1	-0.319073419692187
ZNF23	-0.319339949862833
MELTF	-0.320640607252136
MCEE	-0.3206905093742
ETV3	-0.320835567343342
NOP10	-0.320936987645484
FAM229A	-0.320991306368939
EHD4	-0.321123955798951
TMEM120B	-0.321367275687145
MFSD2B	-0.321459044388726
CSMD3	-0.322244210398917
SUGCT	-0.322358447161979
MPV17L2	-0.322450914454199
UTP25	-0.322472150144905
TUBB2BP1	-0.322528311106337
NFE2L2	-0.322565761302372
ADAP2	-0.32259869091236
RNF220	-0.323337891733407
ZNF524	-0.323440936797349
STK16	-0.323547114539768
PPP4C	-0.323628309754007
XPA	-0.323824236103409
STIP1	-0.323998483643989
DRAM2	-0.324003712035427
LYG1	-0.324170389807766
ALS2CL	-0.324297357180712
ZNF593OS	-0.324326570797499
ZRANB2	-0.324381978496176
YWHAZ	-0.324631427293598
TRAPPC2B	-0.324806788740785
HNRNPAB	-0.324820890953678
TSR2	-0.325190816315125
GUCD1	-0.325220372850533
HLX	-0.325276126909885
APIP	-0.325293352650851
BCCIP	-0.325490784131306
XRCC1	-0.3256334936399
COL4A4	-0.325881109940434
ENTREP1	-0.325930377215563
GINM1	-0.325948543168811
SBK1	-0.32602233312597
GNG12	-0.32626816469178
NDC80	-0.326306221333033
OLIG2	-0.32633999629192
EWSR1	-0.326562268899798
DLX4	-0.326633045249188
RPS3AP49	-0.326859446023883
RAB35	-0.326912909924484
GAL	-0.327041068948498
PDLIM5	-0.327106940378261
DNAJB1	-0.327165370130758
MCM2	-0.327187182619593
SEPTIN10	-0.327516382268051
ZNF124	-0.327547456308653
SCART1	-0.327559583181988
EBPL	-0.327968355058379
ABHD15	-0.327980422139516
OR9K1P	-0.328017521785928
TONSL	-0.328123305532559
CCNQ	-0.328148992929143
RANBP1	-0.328319321477445
IRAK4	-0.328366793692535
PHLDA2	-0.32837472026924
DNAJA1P3	-0.328434517859046
GPR89P	-0.328464828735757
PAAF1	-0.32847084144194
PCID2	-0.328498578563965
BORCS5	-0.32851046511719
CENPF	-0.328553144913393
RPL22L1	-0.328682599544074
PIGL	-0.32877538642202
HMGN2	-0.328798181964721
PRKAA1	-0.328888063571369
GPR87	-0.329103376548934
GRM5P1	-0.329177224428257
IPO11	-0.329237907497786
CEP95	-0.329547723259121
HLA-DQA1	-0.329773520646739
GNG10	-0.329788514135465
SLX1B	-0.330061080765202
SYAP1	-0.330143098557371
TPPP3	-0.330234552515404
RPL18A	-0.330260071761843
HCN3	-0.330264927117549
CEP63	-0.330488288888198
ZNF107	-0.330528205182593
ZBTB40	-0.330539142202187
CYBB	-0.330579761480938
KIF18B	-0.330588793869644
HSPA1A	-0.330785791811676
ISCA2	-0.330933159380248
FKBP15	-0.330940348904825
SLC10A3	-0.33095903362692
ZNF836	-0.330979778243937
TYMP	-0.331014971685617
KPNA6	-0.331029320351919
VWA7	-0.331225486261108
CCDC33	-0.331250000523703
PPP1R10	-0.331568139426659
NFE2L3	-0.331569581657756
AKIP1	-0.331790292690726
PAX8	-0.331887895541952
CLCN1	-0.331889579927694
RPL15	-0.331954351889631
HSDL1	-0.332233646152276
RPL24	-0.33238286027858
PSMB2	-0.332424309565678
BAZ2B	-0.332451483846691
ZNF234	-0.332484943372682
ST20	-0.33258154893008
CA9	-0.332639289507551
WRN	-0.332865701684249
MFAP3	-0.332935583573141
ACKR4	-0.333000306521233
ETHE1	-0.333156982601988
ZNF35	-0.333376613131938
TCEAL1	-0.333403434991613
SLC25A30	-0.333502275671734
CPAP	-0.333517932295155
PSMB3	-0.333718632894704
RPS15P4	-0.333931955611147
TPX2	-0.334138792732554
LIN37	-0.334216260944527
BRCC3	-0.334400082902398
IP6K2	-0.334453280914409
TRIM59-IFT80	-0.334604681014356
IPPK	-0.334644395762973
SYT6	-0.334729058040969
RPL12P42	-0.335117208235248
SALL4P7	-0.335251171199663
TNFRSF12A	-0.335310981976075
NRK	-0.335346768211255
PKNOX1	-0.335549351814647
MAST4	-0.335599155331135
KLF12	-0.335794762974653
HTRA1	-0.33635522829559
DYRK4	-0.336382723072349
EDC3	-0.336591110769305
PYCR2	-0.336671380199756
SNRPD1	-0.336707621962916
CHST5	-0.336710269560143
OTUD6B	-0.336755726881903
PKN2	-0.33676392521495
DDX46	-0.3367896201278
KIF2C	-0.336795181628042
RARA	-0.337053096042007
MTBP	-0.337076903799218
EFCAB15P	-0.337109606585513
SYT3	-0.337344243647789
FAM76B	-0.337366044000271
HMCES	-0.337410964990851
CCDC62	-0.337652980087637
CENPC	-0.33777071118532
PIGA	-0.337879199771646
EXOC3L1	-0.337984775750885
SMBD1P	-0.338395689690661
HELT	-0.338410906122486
CNTLN	-0.338449280697276
ZNF485	-0.338911015980352
ASCC1	-0.338942236417384
SOX3	-0.33902301288276
CTDNEP1P1	-0.339035517322549
SHISA9	-0.33904584555919
H3C7	-0.339275633165062
SMAP1	-0.339595285340997
CUL1	-0.339715161718477
FGF10	-0.339792962706221
GEMIN7	-0.339890675426061
GSTA1	-0.340019883945174
GJC2	-0.340270629076235
HMSD	-0.340469951056125
NDUFA7	-0.340644599944848
DDA1	-0.340651457175216
RPSAP70	-0.340664851496429
HASPIN	-0.340709878002097
WDR18	-0.340736887088798
VMA12	-0.340742660035038
CD209	-0.340835986699834
CHRAC1	-0.3408642878908
RNF7	-0.340874459137523
INCENP	-0.341037529810612
NUB1	-0.341038442727872
ZNF541	-0.341055392636605
RPL17P47	-0.341087979206002
VPS37D	-0.341129601481865
SLX4	-0.341280191578234
CCDC121	-0.341343084567528
RPL21P40	-0.341494689910605
MPHOSPH8	-0.3415932325542
VPS26A	-0.342144226093426
TSPAN12	-0.342246591220496
SCAI	-0.342333294914332
TMEM87A	-0.342396817821527
TUBA1A	-0.342579800655977
PMS2P13	-0.342735242540936
LCE1E	-0.342835568399541
ZNF131	-0.342977163727576
ELAC2	-0.343015917664696
ALKBH1	-0.343023717447085
CHAC2	-0.343111069177067
CMAS	-0.343555334885598
VDAC3	-0.343957386849565
GBE1	-0.344105933209937
ZNF256	-0.344325845445415
STEAP2	-0.344457627063183
MED9	-0.344519907093198
NT5C	-0.344588956206007
ZNF75A	-0.344591347180867
TIAM1	-0.344860220387133
RPL18AP3	-0.345239780761707
NUP107	-0.345261106267638
PMS2P5	-0.345309391430002
EIF4G1	-0.34533771681032
NR3C2	-0.34545598075148
FBXO48	-0.345520326992376
TRIM59	-0.345735923765366
HP1BP3	-0.345966815943746
MISP3	-0.346042888653099
KAT8	-0.346068651257862
PXT1	-0.346116340710407
LIF	-0.346256614696723
PPIP5K1	-0.346365058841947
CALB2	-0.346382625009392
PTBP1	-0.346433075500609
TFPI2	-0.346504092855259
PGAM5	-0.346662494880417
SLC3A1	-0.346722950004523
UBAP2	-0.346812203822678
BRIP1	-0.346812599249157
RAPH1	-0.346951965511811
ZNHIT1	-0.346952817948949
ZNF510	-0.34695750147565
RPL23AP53	-0.346998710051969
GRIA4	-0.347037049336476
PLEKHG5	-0.347101935891243
DUSP26	-0.347155840469463
RSPH3	-0.347222037302916
COQ4	-0.347392712233891
ZNF502	-0.347413483889089
MEF2D	-0.347473923324167
KIAA0825	-0.347505574969452
TPTEP1	-0.347562267449931
R3HCC1L	-0.347717365231061
GPR161	-0.347731863270671
ALG1L13P	-0.347759665846221
MFSD9	-0.347814817046914
NDUFAF5	-0.347964628138915
ARHGAP1	-0.348092296946927
RBL1	-0.348108930995508
EEF1B2P6	-0.348241123952047
ATPAF2	-0.348754597307842
RAB36	-0.348806854917691
ITLN1	-0.349075192961659
HNRNPCP4	-0.349077046148845
DHX29	-0.349132986538558
GFPT2	-0.34925383486916
MED6	-0.349360214626612
ABCF3	-0.349821738844665
MFSD14B	-0.349967371522675
ADAM28	-0.350071895512134
PIP4P1	-0.350271861811634
ARID3B	-0.3508768704484
ANTXR2	-0.350900310727417
CYTL1	-0.350958129569219
TMEM62	-0.351021085103202
RPL21P120	-0.35107980917841
DGKH	-0.351178335951512
VBP1	-0.351458878910789
HOXB3	-0.351564684250445
BDH1	-0.351801988866916
EPPK1	-0.351803511565991
CHPF	-0.351976706340989
NUCKS1	-0.352219831791884
PFDN2	-0.352376807370146
WNT2	-0.352612662830495
DRAM1	-0.35278866884524
ZNF775	-0.352899655163824
DGUOK	-0.352971540017487
TPMT	-0.353252185084762
TMDD1	-0.353311367993914
FAM86B1	-0.353391325693747
FN3K	-0.353409604533544
GNAS	-0.353420435698455
TEX30	-0.353896902092042
RERG	-0.354122005116804
HMGXB4	-0.354240045776445
SLIT3	-0.354375007472315
LEMD3	-0.354529060546437
VOPP1	-0.354611678382318
LHFPL2	-0.354934926718167
GPR141	-0.355244840521181
MAPKAPK5	-0.355375211902506
BOLA3	-0.355524777490061
TRIM63	-0.355874831690508
IARS2	-0.356019422993708
RAD23A	-0.356054609327288
METAP2	-0.356170998502282
MARF1	-0.356330260514546
SLC17A5	-0.356351871132579
LEO1	-0.356401286423932
OR2C3	-0.356799381394643
COPA	-0.356814170886084
USP36	-0.356824796842854
ZNF729	-0.356846758040026
DIP2C-AS1	-0.357023454944061
GM2A	-0.357201191972281
PEX14	-0.357207263017192
TOP1MT	-0.357489823255513
ABCD4	-0.357515520183657
ZNF776	-0.357707582050772
NGDN	-0.357781498605542
FGF13	-0.357832015452568
SF3A3	-0.357935283826
RHOH	-0.358040759863887
NDUFS7	-0.358057099462715
MRPS22	-0.358062553841023
RPLP0P3	-0.358097041842337
HERC6	-0.358443786328312
CHRNA3	-0.358541005505703
FEZ2	-0.358556083570259
OR7E125P	-0.358644764659347
CCDC51	-0.35886563083936
OXNAD1	-0.359117660518667
IZUMO2	-0.359122889807722
STARD3	-0.359146015977749
ZNF221	-0.359148532310996
PSMC6	-0.35918543718463
LY6L	-0.359248436289927
MAP2K1	-0.359248938786712
NOVA1	-0.359296664135923
UTS2R	-0.359343799732141
MTHFD1L	-0.359452149701158
TRIM69	-0.359545227020756
PPFIA1	-0.359639010217085
SFR1	-0.3596927119484
HOXD13	-0.359779599334429
DDX3X	-0.359835696800642
LMF1	-0.359928416245415
BDNF	-0.360087052341726
PHF20	-0.360375448814404
LCA5	-0.360380797140259
ZBTB32	-0.360483949999623
LEPROTL1	-0.360577116330626
DENND6A	-0.360639196874575
SGO1	-0.360729803024907
CIDEB	-0.360951859863869
SGPL1	-0.361037125170379
BCL2L11	-0.361344611022641
FBXW11P1	-0.361407964473124
AK2	-0.361521027875553
LAMTOR3	-0.361880742106679
ZFP37	-0.361930618203076
H2BW2	-0.361986817765186
CORO2B	-0.361997075638789
CASS4	-0.36202820720481
PPATP1	-0.362029695020946
SNRNP48	-0.362111835133208
FASTKD5	-0.362170167096276
TRIM6	-0.36224464744185
CRACD	-0.362523689833918
SPANXB1	-0.362683614739613
CWC27	-0.362746864944877
AP5B1	-0.362932016927163
NUDT13	-0.363160559023632
RHOC	-0.363195970471462
WDR73	-0.3632156159935
COL9A3	-0.36333109980707
FAM90A26	-0.363489132413718
KCTD6	-0.363542447602554
COPS3	-0.363597199667483
OR6B1	-0.363631458305645
VTI1A	-0.36379371137606
PIK3R4	-0.363809201312148
GFM2	-0.363888642392602
SERBP1P5	-0.363982617368207
MDM4	-0.364021213340454
HNRNPUL1	-0.364064580262489
GOLGA6L4	-0.364098276345009
CDCA2	-0.364120428505928
LKAAEAR1	-0.364136658022472
ZNF407	-0.364228829196131
OXA1L	-0.364252968251351
SULT1A1	-0.364322914251866
MOSPD3	-0.364350525472657
WASL	-0.364571455802429
HS6ST3	-0.364610434589311
BMF	-0.36478426592674
TPM4	-0.364861632149032
GALNT4	-0.365085472439631
TBXT	-0.365111447407561
MCU	-0.365141254545956
AURKAIP1	-0.365383643771646
NLRP6	-0.36538454254567
WDR11	-0.365392015859907
TBC1D16	-0.365461898907035
EBNA1BP2	-0.36550183278301
DNAJC15	-0.365705784750885
NAP1L1	-0.365965472064365
LOXHD1	-0.366004025292719
NR2C1	-0.366450642196851
VAMP3	-0.366510683778965
AFDN	-0.366554867007317
EEF1E1	-0.36661974586423
MGST2	-0.366672995022322
SLC22A3	-0.366681068166358
ZMYM6	-0.366807496239838
CASK	-0.366887010849019
GATAD2A	-0.36697001841226
CD96	-0.367024371205996
FGFBP2	-0.367093706614576
KGD4	-0.36710981643302
RAB33B	-0.367211536584936
STK4	-0.367255223053391
SMAD6	-0.367267199074489
ACAN	-0.367433076715566
ZNF731P	-0.367967311753136
ATRX	-0.36803527362906
DNA2	-0.368101537996548
MAPK12	-0.368159349114625
TTC1	-0.368174211343839
NOC4L	-0.368376849794558
PCNX2	-0.368777430749089
JOSD1	-0.368866199257339
CASZ1	-0.369424956615994
GADD45B	-0.369476955431387
GLTP	-0.369532398569362
C1GALT1C1	-0.369578559155505
GOLPH3	-0.369605023059083
KIF13A	-0.36963789786958
ETAA1	-0.370115019956619
IDH3G	-0.37069002126168
DDIT4L	-0.370848681934409
MRPL46	-0.37090700002858
CMIP	-0.371224642197032
DHX32	-0.371289350030403
CYP2E1	-0.371341476053916
SMNDC1	-0.371590314459271
MGAT4C	-0.371603659201318
GCAT	-0.37165349377024
TNK2	-0.371729291892137
PIM1	-0.371891486162026
CLDN7	-0.372181317669857
C16orf86	-0.372198082194557
UNC5CL	-0.372792111809073
SLX9	-0.373046588706129
SPON1	-0.373124768578697
RAP2A	-0.373203200469469
RMC1	-0.373305224950112
ABHD3	-0.373423458729009
RAPGEF1	-0.373466106207968
H2BC12	-0.373608197791057
MYDGF	-0.373702592104619
RPL23AP60	-0.373730919282139
ACTBP11	-0.37384644356072
WFDC2	-0.373923376050216
ZNF527	-0.373948473795182
KLC3	-0.373954720393007
PRKAB1	-0.374111948486355
POC5	-0.374145573347262
GRK6	-0.374161461411669
CYP2C18	-0.374281918465805
KRTAP5-10	-0.374319495299166
HOMER1	-0.374471301201144
HNF4G	-0.374860429443756
PTCHD4	-0.374898385304908
WHAMMP1	-0.374996836525919
MATK	-0.375034553735722
CHMP4BP1	-0.375052953175342
EMC4	-0.3752389358929
ATP6V0A4	-0.375501951393256
RABGEF1	-0.375517644853627
GRAMD2A	-0.375679010550891
MPRIP	-0.375776098502398
POU5F1B	-0.37591403336548
ARPC5L	-0.376002072868498
PIGBOS1	-0.376166863751741
MMD	-0.376330537735182
ASNSP1	-0.37639880543331
PARVA	-0.376519965351117
CRTC3	-0.376566439703226
WDR7	-0.376649637635971
BFAR	-0.376666323352006
CIPC	-0.376685842296691
DESI2	-0.376868223759172
IK	-0.377196760538079
PSMF1	-0.377233174958767
ZBTB18	-0.377272124266796
SPHKAP	-0.37814890220427
CTU1	-0.378152591920138
RPS8	-0.378370352246022
WASH5P	-0.378469445874616
PRPF18	-0.378566695696548
ATP5IF1	-0.378821816914607
C17orf75	-0.378907350963449
ZNF83	-0.379117339089335
ZNF595	-0.379144194011104
ACSL3	-0.379330507060996
MAU2	-0.379343463145455
EEF1B2	-0.379358634620069
NSRP1	-0.379542192104867
CCDC43	-0.379582130331542
PSORS1C1	-0.379700495604391
GAS8	-0.379891645001009
GLOD5	-0.380011340670344
PDP1	-0.380058275911605
PFN1P1	-0.380085762507039
ZNF551	-0.38036041785402
DET1	-0.380543774139303
DHH	-0.380575111968449
TMEM181	-0.380715014323639
POLR2C	-0.38090278142835
SLC25A6	-0.380911973040755
PSD	-0.381103743695222
VAMP2	-0.381189580547658
NAT2	-0.381786287493567
EBAG9P1	-0.381908073378926
PMF1	-0.38226100876527
MTREX	-0.382278332330542
CBY1	-0.382306112398961
PSMA1	-0.382313706242321
MAGEB17	-0.382319346874103
CDC7	-0.382555744085593
CIMAP1D	-0.382698798088932
GMPPB	-0.382849866064126
PBK	-0.382880235235664
TARS1	-0.382898375098154
PPP1CC	-0.383066224152451
STIMATE	-0.383114981202752
IGF2BP2	-0.383382536790652
TAX1BP1	-0.383444918100627
CCNYL2	-0.383608962356417
RAB3B	-0.383702085166364
ZNF676	-0.383765930934661
RPL39P5	-0.383863723676217
GDF9	-0.38390568200185
AP1B1	-0.383951840012871
SAMD4A	-0.38409554676975
NKRF	-0.384318607643362
FGD6	-0.384430649627092
FBXO11	-0.384472265014271
SP9	-0.384503299609598
ABCA17P	-0.384610471116786
IDH2	-0.384648914864308
NNAT	-0.384702531245753
ZC3H10	-0.384761516595827
CRPPA	-0.384844882116621
NIPSNAP2	-0.384944279524689
NELFA	-0.384990517762845
PMS2P3	-0.385085331006867
GOLGA2	-0.385493553500908
HMGB1P19	-0.3858116919968
MRFAP1P1	-0.386410859642184
AKAP12	-0.386723776430263
UBR5	-0.386953422507911
TUBAP13	-0.387098263949495
ZNG1A	-0.387102857870775
GLI2	-0.387108146314189
MAP3K4	-0.387423929709943
AGER	-0.387552768558641
CCNB1IP1	-0.387599236955569
APEH	-0.387780433868397
OAZ1	-0.388153969229493
KMT5B	-0.388349670861078
PLK1	-0.388406032057335
HLA-DMB	-0.388618421416626
CCHCR1	-0.388797746660687
UNCX	-0.388810858362727
ZNF135	-0.388911220757135
EPHX1	-0.388955943544406
PITRM1	-0.389006599909916
NDUFA2	-0.389019766592144
PCDH11Y	-0.389037670442797
COX14	-0.389152488167387
ACAD11	-0.389323472549599
GUSBP13	-0.38948715718158
EIF2S3B	-0.389505431541807
LZTFL1	-0.389676331070212
PCED1B	-0.389794844140855
RASSF4	-0.389800691760941
HES6	-0.389815830870192
SIPA1L1	-0.38983856108923
NIT2	-0.389884082479443
MTPAP	-0.389884239513191
TRIM56	-0.389983958645496
MYO1A	-0.39012934364861
NTMT1	-0.390313681180184
CD83	-0.390324706109326
SRSF11	-0.390334124089074
SMPX	-0.390484485024637
UTP14A	-0.390618401419168
SEC24C	-0.390719381380735
SLC14A2	-0.39111653437304
GTF2F1	-0.391425321898761
TJP1	-0.39166046275856
EEF1AKMT2	-0.391775022108691
TCP10L2	-0.391814359100677
CATSPERE	-0.391897201382594
SLC38A2	-0.392198849133525
EHMT1	-0.392407165453524
ANXA2P2	-0.392430804991327
MRE11	-0.392632448867272
LINGO3	-0.392652006608017
SPAST	-0.392743236933732
KCTD1	-0.393009405480503
STX17	-0.39303325357327
LRRC14B	-0.393081450136203
ZNF286A-TBC1D26	-0.393112138846373
TMEM203	-0.393476371485705
LHFPL1	-0.393666904535056
IFT172	-0.393742340468954
PFKL	-0.394116982335095
NIF3L1	-0.394325378804177
SERP1	-0.39440146460356
POU6F2	-0.394641144310995
MYBPHL	-0.394671285890427
CCDC137	-0.394775429074739
POLR3D	-0.394852084475155
HBQ1	-0.394856995290619
NAF1	-0.39487470813684
NANOS3	-0.394933730654136
NAGA	-0.39494456738665
TMEM129	-0.395160425563664
SATB1	-0.395207429739042
ZNF669	-0.395463480013624
ZNF554	-0.395545242150249
TBK1	-0.396064309710195
FUS	-0.396211754030275
NIPSNAP1	-0.396548536448009
CBX1	-0.396594998903303
CNMD	-0.396635978099636
ARL16	-0.396740721726692
NAPB	-0.396784790854416
TTC31	-0.396928082016205
LMO3	-0.397187976780567
EXD2	-0.397203495396663
NUTM2G	-0.397222866247364
RTL8A	-0.397316458676898
TREML1	-0.397465925616869
NCMAP	-0.397470287762314
ELMO1	-0.397508919016949
ECT2L	-0.397662443715057
TRMT9B	-0.397692669702646
GALNT1	-0.397873334115727
SPA17	-0.398140175659963
IL13RA1	-0.398369615071867
HYLS1	-0.398582335166703
INPP5A	-0.398678208242212
LRP3	-0.398687340089772
SLC39A6	-0.39877426214083
KTI12	-0.398832552126481
RPS27AP16	-0.39899068219021
TBC1D5	-0.39918712472459
LENG1	-0.399227669909548
ADGRV1	-0.399246463975994
H2BC6	-0.399455541288237
PRPF40B	-0.399460015410247
RPRD2	-0.399593780059631
EIF1AX	-0.400062882679569
SNW1	-0.400117381416159
SNRPB	-0.400715805771423
ZNF816	-0.40096439434038
UBE2I	-0.401001950583145
GAB2	-0.401125658135132
UTP11	-0.401305360843703
MDH2	-0.401395717249869
HSD11B2	-0.401552162284237
GTF3C2	-0.401723847489763
CORO6	-0.401727909334786
SIAH1	-0.401728071611092
OSBPL2	-0.40202741833813
KMT2B	-0.402097989753569
TPT1P4	-0.402162594675819
ARHGAP12	-0.402209070504342
SNAP29	-0.402486669185438
MOV10L1	-0.40262040580415
SEC61B	-0.402869515502021
LINC00933	-0.402956570798343
TMEM30B	-0.402992776719115
MYH15	-0.403198057463292
CLEC7A	-0.403222201257042
RNF20	-0.403469517373863
CT47A10	-0.403625766624705
SNX18P13	-0.403625766624705
ZNRF3	-0.40397765676693
DCTPP1	-0.403984553600414
RGN	-0.404171656878406
SLC35E1	-0.40433486684935
ACTR2	-0.40436102944544
ATP1A4	-0.404722512934957
DENND11	-0.405142512170793
YWHAB	-0.405273138355634
NCK1	-0.405442970074395
CYP4F27P	-0.405478348505754
CCNE2	-0.406039434338859
NSD1	-0.406718890280802
C11orf98	-0.406934350304379
QPCTL	-0.407170639635723
HNRNPA0	-0.407309714181379
ZBTB42	-0.40742752807713
SYCP3	-0.407520939000522
EIF1AD	-0.407820341046064
C1orf174	-0.407967405684491
ADPRM	-0.407983313992124
MRPS17	-0.408002315822879
ADAMTS6	-0.40839152957343
RPS2	-0.409329709873945
FNBP1L	-0.409581489490716
ADCK5	-0.40972053639977
IL36G	-0.409917281391079
TFDP1P1	-0.409955663722881
ZNF34	-0.410261917831167
C8orf76	-0.410446556992622
BRD7	-0.410684681571445
TUFM	-0.410919637381842
MAPK11	-0.41109226363847
SENP8	-0.411609186025683
RPL10P19	-0.411703141475807
CCDC93	-0.413129638684134
BMPR1AP1	-0.413533785428011
SGTB	-0.413645387876358
PKIG	-0.41376185851341
SRGAP2	-0.413810089709818
SYNJ2BP	-0.414434853977618
TBC1D15	-0.414657952438
TCFL5	-0.414688648742013
CDC37L1	-0.414794355953418
DEFB133	-0.414866846448055
AIMP1	-0.415233681247485
NHLH2	-0.415516336515548
ZDHHC7	-0.415674714229511
LETM2	-0.415735744898496
CCDC80	-0.416380690002531
GPR158	-0.416431228151233
KLHL14	-0.416531825291665
DFFB	-0.416579936802118
PPID	-0.416585984344325
MAF1	-0.416697373949686
POP7	-0.416906832459912
ZNF700	-0.416950414769834
ACSBG1	-0.417160177867984
DNAL4	-0.417205910548952
FOSL1	-0.417269266284109
DNAJC19P5	-0.417382493063666
DUX4L26	-0.41801480663797
FBXO36	-0.418172172671964
PBRM1	-0.418318831867697
NKAP	-0.418435831633097
WDR5	-0.418607645051618
AQP4	-0.418833081905953
HYCC1	-0.418922876361825
F2	-0.418939672744191
TIMM10	-0.418974979857664
SMIM20	-0.419116651014479
S100A11	-0.419194776921164
TTC6	-0.419295877775894
RHOXF2	-0.419473361063955
COA8	-0.419689054586289
FUCA1	-0.419768623035519
MTNAP1	-0.419873110581545
WDR26	-0.4201480734334
EP400	-0.420363098416304
CAMLG	-0.420570642490475
U2SURP	-0.420616277266036
FAM3C	-0.420651023785992
ATP6V1C1	-0.420850110166727
APCDD1	-0.420917431856615
AP1G2	-0.421199734447768
TUT7	-0.42125650626695
FAR2P1	-0.421866277419903
IER3	-0.42196607156724
EIPR1	-0.422051938798315
N4BP2	-0.422196365770115
TTK	-0.422264840827658
BRK1	-0.422286017526845
DYNC1I2P1	-0.422335891315791
SLC15A1	-0.42249460452883
ZNF343	-0.422764822842379
CLDN9	-0.42286702955218
GPR180	-0.422949348478609
ODR4	-0.423191071590178
BLZF1	-0.423210116934485
FBXW5	-0.423306363184202
TMEM107	-0.423331304835538
NEPRO	-0.423475634448229
SLC38A10	-0.423537648040796
SUCLA2	-0.423542127243041
CCNC	-0.423578613534426
GNB2	-0.423636135629411
FOXR1	-0.423792569339063
MGRN1	-0.423837241559001
MPLKIP	-0.423933893761684
TMEM9B	-0.42457043964721
ROBO1	-0.424610716336479
DDX31	-0.424728972390941
RTF2	-0.424851864921652
ENTPD2	-0.42485984805873
PROM1	-0.424879197774155
RAB4A	-0.425007969684822
FAM83B	-0.425285464145994
ALG9	-0.425565700541274
EMC2	-0.425699871801534
FMN1	-0.425717135825091
SIRPB2	-0.426064415036556
TMBIM7P	-0.426157537370732
B3GNT4	-0.42619884119086
RNF6	-0.427606004005638
DRG2	-0.42767953789228
ZNF350	-0.428137993904222
DGAT1	-0.428195901193811
SEMA3D	-0.428318323112478
EIF3C	-0.428431076926354
FHDC1	-0.428435468336449
FGF16	-0.428771979058686
PDK4	-0.428854830714145
RPL22P1	-0.42886412203987
FHIP2A	-0.428889087776027
PRPSAP2	-0.428965304268916
KIAA2013	-0.429255802149091
TYW5	-0.429461878098963
ZNF652	-0.429520342246372
MTRR	-0.430098378367855
PAQR4	-0.430206731165668
PRRC1	-0.430302398525698
POLR2H	-0.430351499650269
HERC2P4	-0.430359480171549
TEX13B	-0.430454727272883
RCOR2	-0.430460761559555
ZNF300P1	-0.430880345493934
CCDC47	-0.430909313669996
MT1IP	-0.431090244145936
AGO3	-0.43112999331349
SLC4A2	-0.431313508799869
PSORS1C2	-0.431470346794884
BTF3L4	-0.431639703374098
SEMA4B	-0.431848064405615
ARID4B	-0.431853552762405
NBEAL2	-0.431894395826408
COMP	-0.431905229153137
SVBP	-0.431911470230565
NDUFA11	-0.432008304156858
NOXA1	-0.432301642315318
CYP4F3	-0.432325590370905
GADD45GIP1	-0.43239074001625
RPS11	-0.432635052733924
AP1S2	-0.432733380445803
FOXD1	-0.432787032620326
SLPI	-0.432915971616689
CPOX	-0.433198797351806
BTBD8	-0.433561867510452
ZNF253	-0.433582498781145
SPICE1	-0.433715205233889
ACY1	-0.433958967921353
TAF7	-0.434063244316443
TAS1R1	-0.434161558449138
RWDD4	-0.434173679276497
DDB1	-0.434219481820145
GET1P1	-0.434708647040003
UPF3AP2	-0.434866313994881
RPS2P4	-0.435027385349985
EQTN	-0.435041625049475
HAUS6P1	-0.43535095340842
NAAA	-0.435477163638416
TIMP3	-0.435690399168779
PITPNA	-0.435723112137043
SETP12	-0.436420177358346
NDUFV2	-0.436513283152424
ARL3	-0.436674485365894
SIRT1	-0.436924508192808
RBM41	-0.437129543340571
MRPL32	-0.437318548673468
GPR157	-0.437586650154604
AZIN1	-0.437679111888709
SPPL2A	-0.438083126653093
NUTF2	-0.438446736987475
TBX3	-0.438730479226036
PUS7L	-0.438865203527469
TPTE2	-0.438867791475029
SPRYD4	-0.438934489645547
ZNF780A	-0.439057857474855
KLK13	-0.439126867603253
CENPA	-0.439290488196677
HERPUD1	-0.439336200785021
OGFOD2	-0.439337236206343
BLMH	-0.439558749525692
GCSAML	-0.439644104557146
CORO1C	-0.439844350704711
RHOT1	-0.440041346112394
HIKESHIP2	-0.440234051540327
FBXL12	-0.440444529989843
COPS4	-0.440511581995615
GTF2H1	-0.440591189535375
CEP70	-0.440720887801996
MSANTD4	-0.440828066224048
MRPL40	-0.440876316834142
SPAG17	-0.441236927233184
SRSF6P2	-0.441358176038064
SOBP	-0.441367866268233
CHCHD5	-0.441656953268656
PIGK	-0.441834670074544
ATP5PO	-0.441863715961956
PDIA5	-0.442146311666608
YTHDF3	-0.442219237497658
MCTS1	-0.442296366680788
BCL3	-0.442509330137376
H2AC7	-0.442597938236981
AK3P3	-0.442854800721389
CUEDC1	-0.442985117488914
GOLT1B	-0.44313344971359
TNRC6C	-0.443205801076932
RPL32P29	-0.443802758002254
DHX8	-0.444053388979047
ZUP1	-0.444077402290831
RSRC2	-0.444080426151655
KLF18	-0.444090249115587
VPS35L	-0.444175055031494
ZNF697	-0.44427701048625
SIN3A	-0.44462345444404
CBFA2T2	-0.444639455822218
CYP51A1P2	-0.444895537789834
SMU1	-0.444914657850506
TINCR	-0.445150294562144
TBC1D8B	-0.445297668519471
FGFR1OP2	-0.445305765275031
ZNF483	-0.445922694613405
PI4K2B	-0.4460246793424
BLTP2	-0.446340548009875
TANGO2	-0.446413049549757
CABP7	-0.446767247996619
ESPN	-0.446903403178727
ARL6IP4	-0.447346257456171
TTC33	-0.447586774668182
RBX1	-0.447651671462179
CEACAM7	-0.447742145518403
TPM4P3	-0.447810330098597
NUDT3	-0.447847716258129
MBTD1	-0.447989574084272
ANO7L1	-0.448472893652804
SPINK1	-0.448948102069241
RPL23A	-0.44903200386167
C17orf114	-0.449035022450074
ODAPH	-0.449070787470883
NDFIP2	-0.449212135518034
CPA6	-0.449919773796309
CSE1L	-0.45059993044071
TYW1	-0.450803613427268
TENT4A	-0.450876947002908
UBE2D2	-0.450944992754819
RAD51AP1	-0.451054332686375
DENND5A	-0.451338315835357
USP31	-0.451440225167052
TXNL4A	-0.451530260423707
BUD23	-0.451726876916752
ZNF207	-0.451927562050326
RNGTT	-0.452110332689071
SPMAP2	-0.452154539704079
USP45	-0.452159282417197
SNAPC1	-0.452187256864505
LACTB2	-0.452199367302864
ATAD5	-0.452388400599832
PNMA2	-0.452404803161075
ESF1	-0.452436776536705
KRT8P30	-0.45256367358321
PTRHD1	-0.452584206516342
HAUS2	-0.452640485828394
PEA15	-0.452782764846122
RPSAP15	-0.452801157639938
MPI	-0.452873391538028
IL6	-0.453047429234881
VPS25	-0.453076187444553
FAAHP1	-0.453252102591556
ETF1	-0.45347664943284
RPA4	-0.453640467258685
BMS1P13	-0.453746690692746
EPAS1	-0.453845214119796
SARS2	-0.453883338721029
ZNF280D	-0.45434418466977
FAM3D	-0.454817630155726
POU3F4	-0.455001031638514
SGPP1	-0.455031092177471
ZSCAN4	-0.455122172461229
HOOK1	-0.455319011368923
PTCHD3P2	-0.4553407401869
UBR4	-0.455402690232473
CEP192	-0.455596732081559
RPL8	-0.455605462688512
ZSCAN16	-0.455615582025853
MRPL24	-0.455822186019367
ADGRL3	-0.45591990490335
CEP152	-0.456020114613994
METTL4	-0.456256601719402
GTSE1	-0.456282226714848
TMEM108	-0.456526774184256
UBA2	-0.456575643146871
NSMCE2	-0.456600137387684
LZIC	-0.456760401084155
MYCLP1	-0.457186045400644
AGK	-0.457186413361877
PIP5K1B	-0.457189533835009
RAB4B	-0.457393535293284
ZCRB1	-0.457404992286415
LRRFIP1	-0.457466646236406
CACNB4	-0.457541136842932
TSACC	-0.457656993010685
ATG2B	-0.457743559522047
PLK5	-0.457950948873898
GPR137	-0.457959456331359
OR2B4P	-0.458032562544176
PLEKHA8P1	-0.458148488344546
TAX1BP3	-0.458371722274782
GATA2	-0.45857773377969
MAPKAPK2	-0.45860212130046
HMGCS1	-0.458831291054261
DYNC1I2	-0.458904252228675
PRCD	-0.459224773355373
CD93	-0.459233633284792
ZNF576	-0.459252801970787
NAP1L5	-0.459356574401506
KLHDC2	-0.459474778439367
SSBP4	-0.459889165959873
TIMM50	-0.459902349655368
NEK6	-0.460222910509051
ZNF391	-0.460431197885784
RAB1B	-0.460432260276875
EEF1D	-0.46056053877915
PLPP4	-0.460681538580552
C14orf39	-0.460685502852303
STK39	-0.460798577846725
APCDD1L	-0.460858246029828
EEF1A1P16	-0.460883863327128
BICDL2	-0.460887596824148
LSM6	-0.461194342105901
CEP350	-0.461285067906135
ANOS1	-0.461436707332443
NDN	-0.461549762532462
LRAT	-0.461648434458473
HGSNAT	-0.461689135687805
ASXL3	-0.461865653814709
SLC22A13	-0.461955876628177
WDTC1	-0.462033132434326
NOXO1	-0.462093927923409
NCEH1	-0.462132592817269
DNAJC27	-0.462158314672458
CT47A1	-0.462226758330194
MRPS18A	-0.462271549688886
RPSAP47	-0.46260932666584
NDUFS1	-0.462634936480968
LIPJ	-0.462996064717864
PDSS2	-0.463095730961517
IFT80	-0.463288925193707
C12orf56	-0.46341036176114
MYEF2	-0.463616983479146
ODAD3	-0.46384274006494
BRAP	-0.463864997183493
LHX1	-0.463896633660037
KRT18P4	-0.464096364190098
RPL28	-0.464203772839515
GUCY2D	-0.464645641541069
H4C11	-0.464687219192614
CMTM4	-0.464699396102712
TMEM128	-0.465012702439809
MMP9	-0.465037338397951
ERCC4	-0.465048260553188
PRR15	-0.465127056618304
SELENOI	-0.465208001402599
TCAP	-0.465224043217367
FBXL5	-0.465315862825387
ANGPT1	-0.465513105936453
LSM8	-0.465669866654354
RASL11A	-0.465694205265844
ZNF8	-0.466099944749495
GSTO1	-0.466100423914415
METTL23	-0.466121795092543
SEC22B4P	-0.46620369573486
TNPO2	-0.466427900654329
ZNF143	-0.466435678807719
ZNF816-ZNF321P	-0.46647345688408
TDH	-0.466597273411405
DPM3	-0.46663553720537
EIF1	-0.466888566670075
NF1P11	-0.467033186696713
TWNK	-0.4670761122905
GCH1	-0.467300122306214
CTNNA3	-0.467332938279173
RASA3	-0.467341085127064
TCF4	-0.467524385683395
AKR1C7P	-0.467617121524848
KRR1	-0.467717504077626
FASTKD3	-0.467774085955085
ANKRD42	-0.467823229213648
HNRNPDL	-0.467927297253746
UBE2F	-0.468011390332527
GADL1	-0.468342439258989
SCAND2P	-0.468662074995712
CAPN1	-0.468693534292289
MEAF6	-0.46896432455288
UCHL5	-0.468991845147345
SOCS1	-0.469100001515725
ZNF41	-0.469845201984334
MAGOHB	-0.47017601384395
CAPZA1	-0.470359022015936
HSD17B7	-0.470413741332867
PCNPP1	-0.470569827379506
TSPAN14	-0.470626351812309
EPS8L2	-0.471075398329906
COL4A1	-0.471215455828369
SPATA18	-0.471239558202965
VPS37A	-0.47125199005996
TRIP11	-0.471338379579325
VWDE	-0.471764172410363
TRIM64B	-0.471790823103832
ZFAND1	-0.472250750494025
DUS3L	-0.472334975517011
MAGEA11	-0.472367029860838
NOTCH4	-0.472377195579559
MRPL52	-0.472397840265464
PPP1CA	-0.472464881169187
NBPF14	-0.472541588379146
GDPD4	-0.472824182676426
MTRES1	-0.472966826358162
TRBC1	-0.473224352906946
BDH2	-0.473259486619497
CTH	-0.473578108384348
RUSC2	-0.473640551083917
CCDC7	-0.473710024685435
TRPT1	-0.473755582642076
ESAM	-0.473949987806933
PSMD10	-0.474223840800123
MALT1	-0.474284389775014
CDC5L	-0.474403828670638
SPINDOC	-0.47451415611273
SERPINE3	-0.474545376985367
EMILIN2	-0.474605815243245
HACD4	-0.474651202249197
MIEN1	-0.474685763310883
HSPB1	-0.474799789210684
AZGP1	-0.475292837742131
CENPL	-0.475369776544596
TSHZ3	-0.475934145906111
GFM1	-0.476012856759842
MIF	-0.476028376006121
GPAT2	-0.476051538214879
MCMDC2	-0.476226856436057
DKC1	-0.476320748029464
SLC6A4	-0.476700161285481
PNRC2P1	-0.476742380263467
FAM90A16	-0.476968605985713
DIAPH3	-0.477063587288561
THRA	-0.477224483635522
FAH	-0.477237840995766
CRKL	-0.477810716321203
RPL31	-0.478271527822166
MRPL36	-0.478658305841062
NDUFS4	-0.478983757991147
KIF15	-0.479097203374278
PUS7	-0.479399098228707
TRAF7	-0.4794672476746
TAF1D	-0.479530344704736
NUDCD2	-0.479669776912799
NUDT14	-0.479681483572145
ZNF723	-0.479713112486356
GALT	-0.479730394885293
HNRNPA1P8	-0.479819993524542
MSANTD7	-0.479956462306864
DSC2	-0.480007119594091
ZNF433	-0.480082575609219
RPS9	-0.480422428224424
ATXN7	-0.480540674186061
RFWD3	-0.480678620477864
NUP153	-0.480955189277471
DNAAF2	-0.481003407779012
NFX1	-0.481169839688825
ING1	-0.481379939834171
ENO3	-0.481490049420051
ETNK2	-0.481915252102979
ZNF826P	-0.481936714841159
SSNA1	-0.482165556022323
TENT5A	-0.482301802273754
CEBPA	-0.482434673038849
CHRNB4	-0.482468746730806
JTB	-0.482704267660172
PPP2R5E	-0.482716215070049
ZNF138	-0.482725296809843
GPSM2	-0.483093950735083
PSIP1	-0.483218782627919
KDM5A	-0.483388242825412
ARIH2	-0.483581924558894
NEIL2	-0.483657292248429
ANAPC10	-0.483766106501779
PPBP	-0.484233737531301
SRD5A1	-0.484240944521259
LRR1	-0.484286972084706
TMEM255B	-0.484419903881429
HSPE1	-0.484894157543909
NFU1	-0.484921632541206
SLC12A4	-0.484952609561687
C5orf15	-0.484957321399959
STARD4	-0.485220370401361
COX20	-0.485321528356416
FMC1	-0.485598560164257
KIF23	-0.485711373732912
JKAMP	-0.485790401746159
ANAPC5	-0.485976007782405
USP10	-0.486629533799428
PIERCE2	-0.486953756846524
PLA2G12A	-0.48697489996868
NDUFB9	-0.48699856925274
CYRIB	-0.487130546373867
ZRANB3	-0.487245447112184
SLC25A5P5	-0.487439521462319
METTL15	-0.487764947628073
RPS7	-0.487977668363971
SYVN1	-0.488133771119902
TMA16	-0.488156059235478
SLC25A11	-0.488269397014274
CFAP298-TCP10L	-0.488272987773291
CYSTM1	-0.488429636573172
CLDN6	-0.488547236983681
YES1	-0.48884949556189
TRMT10C	-0.488920413148465
NSUN7	-0.489212243857205
CALML6	-0.489244179519768
REEP1	-0.489259916927839
AEN	-0.489405428114275
SYNE3	-0.489464052870744
ERBIN	-0.489675456097332
CEP41	-0.489678442729406
GIT2	-0.489781856672033
PNLDC1	-0.490017311920023
C1orf162	-0.490354490220384
TAF7L	-0.490370592079182
MAGEL2	-0.49038844781599
ANKRA2	-0.490736577930022
DOCK8	-0.490914229874373
SIRPB1	-0.490992762620744
METRNL	-0.491106609002545
NDUFB6	-0.491340039656152
FAM162A	-0.491365938783098
CAV1	-0.491588827759194
KBTBD6	-0.491605161482088
ACHE	-0.491691088722691
CEP44	-0.491908956073449
PNO1	-0.492060933286109
ELF1	-0.492094319952633
ARF1	-0.492183358109692
PCDHAC1	-0.492320854490748
KIF26B	-0.492434670534586
PON3	-0.49290507630616
SYNPR	-0.492966172019512
STAM	-0.493044114936451
UTP15	-0.493137254932283
SLC26A1	-0.493213188781905
CTNND1	-0.493225587632291
ATG13	-0.493507217449676
EML3	-0.493572890336301
FLT4	-0.493978718170044
FTSJ1	-0.493982118797268
ITGAE	-0.494057679424153
RPL30	-0.49438104362837
C5orf63	-0.494463300466244
WIPF2	-0.494467278036829
C6orf62	-0.494682597915759
ACAA1	-0.494787305707128
RNF19B	-0.494898622014004
NCBP2L	-0.494949958782335
LSM7	-0.494975283994291
CAMK2G	-0.495184257511785
ZNF622	-0.495187093352588
CLOCK	-0.495370330372509
HPS3	-0.495582873543088
TEAD1	-0.495937495225617
MTDH	-0.495995039068306
ETNK1	-0.496095621261634
TOMM6	-0.496150369309539
CNOT8	-0.496174231746389
EPS8	-0.496195020351908
PPP5C	-0.496469815816803
SPEM1	-0.496597400934324
CDH20	-0.496608583737204
NAMPT	-0.496735632877619
ANKRD37	-0.496740552595098
MMADHC	-0.497120396863092
ZZZ3	-0.497252333590508
TUBAL3	-0.497332745956643
PCM1	-0.497494930112026
PEX39	-0.497913573185492
GCM2	-0.498000762478342
NAA35	-0.498077172575189
SERPINE2	-0.498138158964864
EP300	-0.498203308400122
CDKN2AIP	-0.498391856012979
SPCS1	-0.498512379651787
COL10A1	-0.498574959844097
C1orf87	-0.498646882994025
DDX10	-0.498900811375556
KICS2	-0.499041693475322
ZNF709	-0.499075122838683
GABPB1	-0.4992156371019
IRF2	-0.499407451345291
EXOC3	-0.499483597249223
TRH	-0.499569550205236
CD163L1	-0.499587000094234
IL1RAPL2	-0.499737585594037
FBXO25	-0.499741628202532
SLC25A3	-0.499767020702532
B2M	-0.499772511552964
FCGR1A	-0.500068098523776
TIMP4	-0.50021300892452
OR1F2P	-0.500475691876889
RPL4	-0.50056003816146
PEX3	-0.500624367044064
TRAK1	-0.500673176725727
TRIM62	-0.500965518663062
ZNF57	-0.501163120792088
RNF181	-0.501294348878093
CCDC85A	-0.501333838687
NDUFA9	-0.501433537553284
CRADD	-0.501559656839448
GRAP2	-0.501666999574929
ZNF333	-0.501712747047289
TGDS	-0.501955814746205
RAB3GAP2	-0.502069725304579
ZBTB25	-0.502435552846354
SCARF1	-0.50254276478016
BACH1	-0.503620385862181
YPEL5	-0.503834470318013
INPP5J	-0.503880880801099
TRIM43B	-0.503948994513284
IER2	-0.504312176519578
GAR1	-0.504437693857505
GOT1	-0.50447418312533
WEE1	-0.504611597821113
CKS2	-0.504689110428834
ARPC4	-0.504778995894823
TENT5B	-0.505417172614297
ARID5B	-0.505431057324263
TRIM52	-0.505540977147555
ISOC2	-0.505689263649877
PCDHB6	-0.505766563184573
PSMB10	-0.506000615749333
ISCU	-0.506301541081866
C20orf204	-0.506579226262078
TMEM262	-0.506930645418331
FAM72A	-0.507044860475869
DCTN3	-0.507409416340879
FAM86B2	-0.507783342046507
POTEE	-0.507809087164961
MTIF3	-0.507832415591069
ZNF623	-0.507853663948968
PTMA	-0.507888594392922
ADAD1P1	-0.508147830124012
AMD1	-0.50846834523319
YPEL3	-0.508855487466677
CEMP1	-0.509218434481756
BRD7P2	-0.509233307642517
ALDH3B2	-0.509254176593858
EIF3H	-0.509280552440778
ERFE	-0.509283221979389
RIPOR1	-0.509420329036802
IMPDH1	-0.509430393405946
DNAJC3	-0.50957985140258
PHF14	-0.51004345716716
SP140L	-0.51015700842446
DHODH	-0.511065115515924
C1QL2	-0.511143539954325
NME6	-0.511237336082356
INSIG2	-0.5115358789905
TRA2B	-0.512352882205364
ZNF14	-0.512612231815216
DUX4L37	-0.512635798897863
CCDC170	-0.513005905362881
AP1AR	-0.513202587145553
RBBP6	-0.513212842982558
SLC25A20	-0.513223154267652
USP47	-0.513420008309459
PPT2-EGFL8	-0.513602099993126
RBM7	-0.513630191564338
MZT1	-0.513864892398015
PDE12	-0.514019613818746
RHBDF1P1	-0.514095530953327
PAK6	-0.514298092816055
TMEM88	-0.514301680270904
CHRM3	-0.51456959644465
SEZ6L	-0.514688248266973
NMT2	-0.514996569413983
CDC16	-0.515489270181311
MAGI2	-0.515546725146622
LAMA4	-0.515670610372154
PAQR3	-0.515846885200366
URM1	-0.51592752698952
ARSK	-0.516043407925879
BLOC1S5	-0.516178973697745
ZBTB49	-0.516489134712953
TMEM154	-0.516834609464343
SLITRK5	-0.516878967649469
B3GALT1	-0.517072172575278
SLC35F2	-0.517281463652955
KLC4	-0.517291637283172
MEIG1	-0.517532560564775
ACVR1C	-0.517774287706565
SPSB3	-0.517879728069687
SMAD1	-0.518094611828802
NEURL1	-0.518395136901976
TIMM9	-0.518670030643996
NOLC1	-0.518931921849198
UBQLN1	-0.519327540428688
TRIM53AP	-0.519606767226768
TCF21	-0.519794296475272
ATG16L1	-0.520080895103862
TNPO1	-0.520080917099623
PRADC1	-0.520316615587905
EBF2	-0.520594625424257
PRKAR1A	-0.520654093897713
WASF2	-0.52084359644061
PLPP3	-0.520853884280223
TBC1D3	-0.521146923209349
KCTD10	-0.521354731758458
DSTN	-0.522059787754708
INO80D	-0.52245666538842
SSXP10	-0.522509866826185
MIS12	-0.522668777870914
ABHD13	-0.523068101222627
POLA1	-0.523163849297509
FAR2P4	-0.523213377740018
MAPRE1	-0.523345028264033
HNRNPUL2-BSCL2	-0.523622788675323
MFN1	-0.523738736323382
MRFAP1	-0.523832306343663
NPFFR2	-0.523933365236254
BTF3L4P2	-0.523971319618753
KDM5B	-0.524149902953912
CWC25	-0.524171242597488
TUBA3D	-0.524431461737394
OXR1	-0.524599514617923
CLCN3	-0.524620672083532
SINHCAF	-0.524990102351957
TRIM49C	-0.525347001287175
DHX40	-0.525372080146069
MARK3	-0.525460280307426
HLA-DRB5	-0.525473534990323
PAPOLG	-0.525494778922706
PLXNC1	-0.525549970677607
NFYB	-0.525601150686443
THAP5	-0.525731751638553
SSBL4P	-0.525973266645319
SLC45A2	-0.526002392770154
LINC02693	-0.526063602783312
PPIG	-0.526140252226091
ENOPH1	-0.526162100319652
TAF11L11	-0.52616291389128
TMEM220	-0.52618864497477
NDUFB8	-0.526246532588335
TIRAP	-0.526589527591561
TAB2	-0.526637311287886
ARHGDIG	-0.526651561198839
SLC25A44	-0.526901954401859
TULP4	-0.527177514354949
PANX2	-0.527599423519335
KRT8P3	-0.527931590316651
ZNF589	-0.528408635331334
AKAP11	-0.528546361530354
SESN2	-0.52869630382452
PWP1	-0.528858167730765
VN1R42P	-0.528935849481572
TBC1D9B	-0.529111373931196
SYPL1	-0.529462860318849
CDC20P1	-0.529634090885508
ANG	-0.529903009426052
RNF5	-0.530165824145718
CRTC1	-0.530447871963958
CUX2	-0.530586250155573
MLLT10	-0.530730788436979
ZC3H15	-0.530761105804028
GIMAP4	-0.531057115763455
PKN3	-0.531322074124523
PXDN	-0.531521026410016
PCDHGA12	-0.531609690525042
ISLR2	-0.531626258808325
AHCYL2	-0.532275395880692
VPS13A	-0.532403335661
TBC1D7	-0.532451702180395
PIKFYVE	-0.532578394548866
TADA2B	-0.532687648076675
PPP2R2D	-0.532718192904681
NKIRAS1	-0.532871570007159
RPS18	-0.532906669457022
BLM	-0.533084764003608
KRTCAP2P1	-0.533383607119126
SMAP2	-0.533429509079116
PSMA3	-0.533497594135351
SMPD5	-0.533566634237259
NUP42	-0.534151638754214
GTF2B	-0.534294568602021
CASP6	-0.534353996667055
ITPKC	-0.534387261561889
TRIM21	-0.53446084979693
NPAP1	-0.534568593899854
CLIC5	-0.534673614910177
BMAL1	-0.534917233575787
FIBCD1	-0.534977052846727
PAIP1	-0.535130797166002
ANXA5	-0.53517197007772
CCZ1B	-0.53531519074238
RGS22	-0.535399854556892
EMC8	-0.53540966555809
TRAF3IP2	-0.535444839486332
SCAND3	-0.53559904000378
TXLNG	-0.535827617094906
ARSG	-0.535905285982699
CACUL1	-0.536136945731186
MOSPD2	-0.536572213331684
MRPL22	-0.536602877085509
NBR1	-0.536671820448975
TMX2	-0.53676683876544
EFEMP1	-0.536859969527503
HRH4	-0.537126220033712
HSPD1P10	-0.53730467963328
PMM2	-0.537401574733465
FSIP2	-0.537444211469746
PHF13	-0.537878180933029
CYGB	-0.537941810155138
NRBP2	-0.538252419016371
CCND3	-0.538322289995729
SMIM30	-0.538459045799169
SYT15B	-0.538629100422014
PTGFRN	-0.538756871546854
TMED8	-0.538763496095051
PUM2	-0.538909384016173
POLR1D	-0.539199825509937
SUGP1	-0.539230202309773
SCG5	-0.539557428215098
ANKMY2	-0.539584763874821
CCDC85B	-0.539677235245092
MECR	-0.539748373483406
MFSD8	-0.539757485100234
SH3BGRL	-0.539949687339126
CMC1	-0.540147532922882
ZNF789	-0.54033015433529
FAM124B	-0.540502797393003
RELL1	-0.540628673352202
PIN1	-0.540646919615756
ZNF737	-0.540926212186173
PTEN	-0.541107638599431
PAK1IP1	-0.541205244020712
RRP8	-0.541246532267249
SPAG7	-0.541597101940633
MYCBP2	-0.541743043872803
STOM	-0.541785997538235
PRKCQ	-0.5417908864598
SLC25A38	-0.541822277038518
MRPL15	-0.541900581591668
CCT2	-0.542208189151939
LUZP4	-0.542320028592453
HS3ST3A1	-0.542353191734961
UBXN7	-0.542410266731716
HADHA	-0.542533577621885
USP14	-0.54272509943841
NKAPL	-0.543089961341011
UBR2	-0.543095735850332
RUNX3	-0.543114698078618
EIF4A2P1	-0.543221392075821
MRPS26	-0.54332931498552
CASQ1	-0.543657185666857
RBM33	-0.54373207499252
ZNF891	-0.54376883478524
UBE3B	-0.544017282049783
FAM83H	-0.544139893882432
RCOR1	-0.544178373507911
DHTKD1	-0.544224728382263
SERPINH1	-0.544387584386759
DDX39A	-0.544473833150348
MED31	-0.544538871396481
SIGLEC14	-0.544613707408028
RPS17	-0.544788621233342
RNF11	-0.544843529766027
NOC2LP1	-0.54485619542813
JOSD2	-0.544864007285688
JADE3	-0.544903939702268
ATF7IP2	-0.544965786355738
SNX6	-0.545177837712703
ENPP1	-0.545186722708867
AIFM1	-0.5454150357739
NKX3-2	-0.54548762090752
CAVIN4	-0.545618735326653
GNG4	-0.545750808591315
TBP	-0.546082630068634
ETFDH	-0.546125979724284
PTGR2	-0.546225163871671
FABP5	-0.546382404140141
BMP2K	-0.546570552143687
LBX2	-0.547075862569447
NT5C3A	-0.547190871661936
GPATCH2L	-0.547438567904574
GEMIN7P1	-0.547764276359373
ST8SIA5	-0.547948718098891
TACO1	-0.548139506776662
COX7A2L	-0.548142723197528
GTF2E2	-0.548277163842085
CNOT6	-0.548297716404777
GPN2	-0.548642638197222
DOT1L	-0.54881746294985
CEMIP2	-0.548818289895531
ALDOC	-0.549159619805871
SHLD3	-0.550076068590508
TMEM258	-0.550085005764128
TDRD3	-0.550555438508404
HEATR5B	-0.550655522735856
EIF3B	-0.550677450464039
ANKRD63	-0.551070517606599
BRCA1	-0.551319642064331
PARPBP	-0.551325342270406
NEB	-0.551375220443425
FANCM	-0.551816341713479
PGRMC1	-0.552053914166812
PALM	-0.5521342990754
SSX2B	-0.552227394103946
HSPA4L	-0.552341242468261
SUN3	-0.552511286998153
SCNN1B	-0.553278126328196
AHRR	-0.553901867387267
WSCD1	-0.554197795718961
DHX36	-0.554266165651945
PRNP	-0.554693388116431
RSPRY1	-0.554968544822033
FBXL15	-0.55512026309109
PZP	-0.55548249158101
SOS2	-0.555706513976863
BAHD1	-0.5559424593197
UBE2S	-0.556262870323494
UBL5	-0.556291401623523
ISG20	-0.556368712107238
UBA5	-0.556527718755738
METAP1	-0.556576861515415
NARS1	-0.556761616478418
RP9	-0.557091329110203
ELOVL6	-0.557270470381001
MRPL51	-0.55727701163288
SLC37A1	-0.557476477257094
SH2D3A	-0.557525024656441
CBFB	-0.557606067723065
EIF5B	-0.557787889532969
PAIP1P1	-0.557838818055237
ABHD14B	-0.55794202283982
IDH1	-0.557961350398557
RPS6KB1	-0.558352743095728
FRG1	-0.558383299149278
PYROXD1	-0.55881587972785
DIO3	-0.559423888096663
NDUFV2P1	-0.559910865071274
RIMKLB	-0.560058995509764
C2CD4A	-0.560090310250375
ZNF818P	-0.560305292841147
CCT8	-0.560363803364851
MCAT	-0.560508351726636
PLEKHO2	-0.560685913829554
ABHD17C	-0.560964174449422
ATP6V0E2	-0.561148729722066
KCNH5	-0.561238319933926
PTPRM	-0.561497021584885
NMI	-0.561805350853926
PLK3	-0.562528161222849
XRN2	-0.56279953690529
FBXO22	-0.562905221393463
IFT20	-0.563190548715079
RBAK	-0.563758033424566
PAX6	-0.564004796602088
LCOR	-0.564044658159888
GNAI1	-0.56421405199833
GSTA2	-0.564256753102921
AGAP9	-0.56436547270696
PSMD12	-0.564929585645943
KBTBD2	-0.565088861024092
PTTG1	-0.565163664603061
VPS35	-0.565269821048215
NRSN1	-0.565355393200614
NUP62CL	-0.56551053565545
FAM133B	-0.565664918754008
C11orf58	-0.565726926852849
TIGAR	-0.565836494431251
SET	-0.565995848867762
ZFP28	-0.566650485265472
HNRNPL	-0.566859772189645
RPLP2	-0.566928657281525
PRKXP1	-0.567019384575668
RC3H1	-0.567346079001679
GALNT6	-0.567423054899555
INIP	-0.567461194759566
ZFP14	-0.567510299251528
TFB1M	-0.567543114270688
FAM83D	-0.567722996588938
HEY1	-0.567801643191592
ZNF625	-0.56799529711255
LARP7	-0.568328370862707
H2BC4	-0.568428640776755
UPRT	-0.568516138251255
SAR1A	-0.568558600493153
PAIP1P2	-0.568571209139014
CSAG3	-0.568950342373902
BTG3	-0.569143039351892
ZFX	-0.569783098020302
SEPTIN7	-0.569820066793379
ARID3BP1	-0.569904006383812
NUP93	-0.569939708649145
XPNPEP3	-0.570307238851126
RAC1P2	-0.570707253202693
PRRC2C	-0.570843583120375
ITPK1	-0.571032979821257
CSPP1	-0.571181565173947
CNIH1	-0.571518845171773
DNAJC21	-0.572099032011005
CHEK1	-0.572532826677076
COPE	-0.573593295558181
PDF	-0.574519305749171
TTF2	-0.574572781861666
TMSB4Y	-0.574741987661588
TMTC4	-0.574879475993936
WBP2NL	-0.57498480993076
ACY3	-0.575173585967808
SAP30	-0.575281464710566
SRSF8	-0.57548279210161
AACSP1	-0.575567247832423
CELF2	-0.575751434878049
RIN2	-0.576089045116498
UEVLD	-0.576111499568793
TUNAR	-0.576310059850897
SF3B6	-0.576981266008186
MRPL40P1	-0.577118960356964
EDNRB	-0.577390188449361
PPP2R2A	-0.57741919937816
GID8	-0.577430251687095
GRB7	-0.577771194470727
SEC16A	-0.577832712790319
OTUD3	-0.577864813379014
ALKAL1	-0.578115490956636
CYP4F11	-0.578167677728794
C3	-0.578207386298078
PEX12	-0.578322629922183
OSBPL5	-0.578565754515962
SPRYD7	-0.578594150683152
CAV2	-0.578653188060332
F3	-0.578970881254197
HDAC2	-0.579146295490263
ARHGEF28	-0.579181229025458
EXOSC8	-0.579414459643978
BAG4	-0.580005738648448
ADAMTS19	-0.580398914158583
RPL11	-0.580981278405379
FAM229B	-0.58106281530211
PUM3	-0.581155652529148
CREBRF	-0.581439880210699
SCT	-0.581649443303322
BAG5	-0.581651563865986
NAGS	-0.581970237949241
UBR7	-0.582219350868835
GABRQ	-0.582356061884231
FRMD5	-0.582531212356866
GOT2	-0.582692202613639
NUP54	-0.583270236896607
SMIM8	-0.583719460285251
GAS2L1P2	-0.583813568627881
TSKS	-0.584422690604215
ZBTB34	-0.584561870091991
SLC30A1	-0.584684999941969
ZCCHC14	-0.584750508829279
H4C16	-0.584860221293398
FAM76A	-0.584902916367906
PCMT1	-0.585389404362627
CTSB	-0.585914459115138
PPM1N	-0.586035660501369
AMH	-0.586133695137175
RAD52	-0.586240283062367
TP63	-0.58632917591203
TKT	-0.586414982010322
KLHL2	-0.586449236197244
KMT2C	-0.586564121360754
CYRIA	-0.58669430388887
LAMC3	-0.586854452783489
DDX5	-0.587420442934394
CLDND1	-0.587698725260688
VAPB	-0.587778226630184
CEP20	-0.587861232338471
NUDT15	-0.587896840968298
LIN7C	-0.587912353290023
CEP55	-0.588038276309864
UBE4B	-0.588090401588979
GIP	-0.588165280730917
RASSF10	-0.588230208711504
NFYC	-0.588238869338487
TRPM2	-0.588397994757544
ZBTB12	-0.588432237664754
PPP1R37	-0.588941469962117
NDUFC1	-0.589005620296562
PSME3IP1	-0.589451939276979
H3C3	-0.58957356058757
CGGBP1	-0.589679524256998
MRPL16	-0.589724643555273
OLA1	-0.589824224537475
CD99P1	-0.589853829621177
SNIP1	-0.589855577164255
C17orf50	-0.589882234439496
PFDN4	-0.589913639170575
RAB8A	-0.5900034455314
CDCA5	-0.590096939833921
RNF182	-0.59012603736057
RPL21P75	-0.590260357294081
UBE2E3	-0.591089542075389
TRPC5OS	-0.591433164986421
DCAF12	-0.591828329776439
RAD1	-0.591842020181108
RAB2A	-0.591957410730666
CHMP4B	-0.59197411365625
INKA2	-0.59203344897978
COPB1	-0.592354551112343
SIRPA	-0.592504597126306
LAIR1	-0.592530730760261
SMARCC1	-0.592938841193772
BRCA2	-0.593407831997793
H4C5	-0.593439429120879
CFAP20	-0.593607691752731
RTL4	-0.593608447672537
CPLANE2	-0.594186854010771
GNA11	-0.594457548261987
SEC24A	-0.594496425467128
MICU3	-0.594602170509457
CDK1	-0.594999600850057
RPL5	-0.59529475093047
NLRP10	-0.595404147398714
IL1RAP	-0.595602106663623
PKMP3	-0.595706178297063
FASTKD2	-0.595764341787987
PTH1R	-0.596001847938893
CPVL	-0.596185787154226
KLHL11	-0.596296124688861
LDHAP4	-0.596475477783846
AK9	-0.59666750958977
SLC44A3	-0.596965343013657
FOXI2	-0.597039282304419
NDUFB11	-0.597059730109903
ITCH	-0.597225451994481
ZNF765	-0.597239506717742
RPF1	-0.597477782951615
TEKTIP1	-0.598129229468675
RAD54B	-0.598275124699619
JAK2	-0.598669636071887
TTC21B	-0.598937614250241
KRT8P45	-0.599180290584546
PLEKHF2	-0.59956222153575
NECAP1	-0.59971821258449
FKBP4	-0.5999187603379
SLITRK1	-0.600281986657644
LRRC59	-0.600395102326696
DOCK5	-0.600537945474599
EVPL	-0.600647222957287
ATF1	-0.600783771071744
RAB6D	-0.601077417651263
TUB	-0.60122056981469
PEBP1	-0.60146765610136
GPSM3	-0.601510803478979
CTIF	-0.601687665794945
GRIP1	-0.601849072511813
TEP1	-0.602137669727518
ELAVL1	-0.602162295016875
ELAPOR2	-0.602201615169822
GABBR2	-0.603020103245301
CGAS	-0.603182193964161
AFG1L	-0.603249142089995
RPL13A	-0.603666581202685
LAMTOR5	-0.603673685767743
DOK1	-0.603849309545571
TRIM35	-0.604021076170793
CYC1	-0.604122142575265
COX4I1	-0.604356149454982
RAPGEF5	-0.60464327221316
DIAPH2	-0.604760282973691
ASB3	-0.605012891160711
ERH	-0.60507595518446
TMED5	-0.605394207068635
C18orf21	-0.605652672969723
GNG5	-0.605712779257057
TMEM68	-0.606004325252571
HNRNPD	-0.606020775039684
TDP1	-0.606120769546004
INTS13	-0.60612391676702
EYA1	-0.606642381595524
RPL17P50	-0.607002222179927
MS4A7	-0.607043419609888
KALRN	-0.607681935914831
RHOXF1P3	-0.607772410125012
ENY2	-0.607830363793303
PRPF8	-0.60791558983145
RPS27	-0.608136509416856
ARID4A	-0.608337620973199
DYNC1H1	-0.608428231438548
FAM174A	-0.608543395889764
RAD21	-0.608615730863388
SHF	-0.608676225702669
CD46	-0.608697168835974
CARNMT1	-0.608795869345332
POLDIP2	-0.608823297494673
ME2	-0.60883985397654
H2AC12	-0.609026153358218
CALCR	-0.609195794070989
HAUS6	-0.609326077181474
DYNC2H1	-0.609619780305782
H3C1	-0.60970381949518
SLC27A3	-0.609770293784932
NRG3	-0.610078064430273
MAPK8	-0.610218994957149
HK2	-0.610247687031373
CEBPZ	-0.610292531279447
ZBTB21	-0.610707601953283
NRN1	-0.610979140678991
GRAPL	-0.611064082005759
FOXF1	-0.6110769961598
NCF2	-0.611099416036819
FAM153CP	-0.61124321490712
MRM1	-0.611524008382206
CAMSAP2	-0.611725643103762
ADRA2C	-0.611738333638509
DOC2B	-0.611938716685925
FNTA	-0.612142097498008
DGKZ	-0.612292559234756
C15orf61	-0.612328115767072
CCSAP	-0.612562180464205
PPP4R2	-0.612577551125492
RNF170	-0.612738542287953
TAF2	-0.612771959234347
NCK2	-0.613206822552792
LYG2	-0.613545799209821
ABCB10	-0.613814890719766
GAREM1	-0.614126218169986
ATP5F1A	-0.614251173976122
TRIM22	-0.614655025913025
DNAJC25-GNG10	-0.614876328696778
MIER3	-0.615406476192131
FAHD2B	-0.615445722758277
FERRY3	-0.615714353237468
ZNF260	-0.615799396529806
H2AC13	-0.615809126190906
NUP205	-0.615977715678803
MAGOH2P	-0.615999470690736
ZNF431	-0.616034284025398
PTCD3	-0.61625092422571
ABHD18	-0.616362610351847
SLC5A9	-0.616478817545702
DAZAP2	-0.616652702842645
KIF1B	-0.616919793014603
RASD1	-0.61694924235877
RELCH	-0.616963172782638
RNF126	-0.617046517237926
ATP6V1F	-0.617098587356963
SRARP	-0.617553017982926
MAP3K21	-0.617565618377577
HRH3	-0.61784967275856
SLC16A6	-0.617911238920667
RMDN1	-0.61819079643219
TICAM2	-0.618202379669857
PIGT	-0.618399899866705
CDCA3	-0.618419291656609
OTUD1	-0.618446423290078
PPIH	-0.618572216952743
MTR	-0.618604255221512
POLR2F	-0.618673260750045
MAPK6	-0.618836414231528
UQCRQ	-0.619139939201065
KLHL36	-0.619360691578595
DARS2	-0.619501492529084
NUP155	-0.61962489105707
VHL	-0.619702568827129
ANXA11	-0.620068924220672
PLAG1	-0.620184239451296
USP39	-0.620547682448635
STOML1	-0.620800187259551
EEIG1	-0.621248429994679
ORC1	-0.621401029920526
ZNF766	-0.621582145414224
ZFPL1	-0.621798243412332
YOD1	-0.621864977219294
ADIPOR1	-0.622133197639311
PCDHB3	-0.622430587546188
ARG1	-0.622565595019004
TTC9C	-0.622883166089853
STEEP1	-0.622969978471717
CHKB	-0.623492293596027
DOCK11	-0.623496182089706
ACTG1P3	-0.623709886948652
CDC42	-0.623738408844334
PTP4A2	-0.623831191493774
PLAAT2	-0.624160108288342
CEBPG	-0.624211719560603
LANCL2	-0.624599744530898
JUN	-0.625019533232056
SCAPER	-0.62510519725799
WDR20	-0.625151146331663
GSDMA	-0.625469994124107
LRRC73	-0.625477743078384
SMC3	-0.625670220326288
C1QBP	-0.625680758516672
EIF2AK1	-0.625829181574809
PDHA1	-0.626127780925347
NUDT22	-0.626725310461853
CLHC1	-0.627240270092491
CRIM1	-0.62730285005925
TMEM249	-0.627441522182892
SS18	-0.62775975109092
EGLN1	-0.627804709489428
SBDS	-0.628225798846768
MYO9B	-0.628340076380196
OTUB1	-0.628834193033531
DMXL1	-0.629143029770975
MAIP1	-0.629215784901382
CSTF3	-0.629324558775803
SH3RF1	-0.629416796319827
KATNAL2	-0.629447120977469
LMO7	-0.62949905532537
RPS15AP10	-0.629552244045904
C19orf81	-0.62958914302973
MOSMO	-0.629600245434511
GOLGA6L17P	-0.629766467848306
C8orf34	-0.62978076888927
CHFR	-0.629929844838815
NR4A1	-0.629958955521074
COG2	-0.63025414015295
CENPX	-0.630429838987031
MRPL34	-0.630492862253344
FGF12	-0.630644162455936
SLC9A7	-0.631353882836349
PYURF	-0.631873606528333
NAA50	-0.632056365512357
RAP1A	-0.632396466078694
THRB	-0.632398348543038
EIF4H	-0.632417119573839
SOWAHC	-0.632583523047087
ABHD14A	-0.632831673360177
SLCO1C1	-0.633061071461694
MOB4	-0.633083310857819
NHP2	-0.633135577667563
ASPM	-0.633140456311304
WDR74	-0.633326279309948
C1QL1	-0.633625223710851
DMAC2L	-0.633657836093958
CCNB2	-0.633973472454383
NFIB	-0.634075291929117
ZFC3H1	-0.63413575359501
KNOP1	-0.634300270709884
ZNF24	-0.634743281308942
PCDH19	-0.634852277055295
SNX3	-0.635008817932915
PCDHB15	-0.635715093231225
MAGEA2	-0.635778788776758
C6orf89	-0.636063169323498
FBXO32	-0.636251713899097
PDS5A	-0.636350433132767
RPRD1A	-0.636473215114582
POU5F1P4	-0.637012039630116
RAD51AP2	-0.637227083451272
RCN2	-0.637283022658378
FAR1	-0.637910649269517
CHCHD3	-0.637979362242607
TMEM81	-0.638343093026047
DMBT1	-0.638847590623243
GPR149	-0.63889260049651
H2BC27P	-0.639047773327872
QDPR	-0.63906476203206
FXYD7	-0.639181722429764
PSMD6	-0.639272872295373
RPRM	-0.639703565165905
SMAD2	-0.639846749689924
TRPC6	-0.639932894013216
CDIPTOSP	-0.639969919771046
ZSWIM3	-0.639982956028954
HSPE1P2	-0.640229270366864
NELFCD	-0.640259577108155
RPS20	-0.640359843340537
KCTD3	-0.64067408281279
UBE2H	-0.640715284542687
DNTTIP2	-0.640914181782383
TUBB2A	-0.640926319781998
TRPM1	-0.641225511729682
PALMD	-0.641345620031749
KLHL24	-0.641524353565036
SLC31A1	-0.641606462872299
SLC4A1AP	-0.641910426249312
FOXC2	-0.641937798757482
FUNDC1	-0.64209431439135
CARM1	-0.642105688467353
POU5F1P3	-0.642247196529219
CDH3	-0.642253654895277
ADAT3	-0.642402386333974
ZNF99	-0.64252437063382
KDM1A	-0.642773714724971
H2BP2	-0.642939641393719
PHF2	-0.642981560864774
RPS6P8	-0.643277434926149
ARPC1A	-0.643395569424698
DACH2	-0.643666295153328
VMA21	-0.64376692219122
LRRIQ4	-0.643938048337372
ZFP42	-0.644267614174665
PHLDA3	-0.644876172050446
CDKL5	-0.645021794547155
SS18L2	-0.645036123268555
MAGEA9	-0.645056902151493
UBR1	-0.645206348834325
SSTR1	-0.645343538352863
AVL9	-0.645573214778286
LMBR1L	-0.645584250642768
PSMD1	-0.645866780002239
PI4K2A	-0.646176804390774
FURIN	-0.646357677145422
TRAPPC9	-0.646702926018308
ST7	-0.646889482752707
KIZ	-0.646898683785266
ZNF780B	-0.647288564489692
GOLGA6L5P	-0.64751047480376
SPAG4	-0.64773145839346
MRPS25	-0.647877002141789
AGTR1	-0.648168885779282
BNIP2	-0.648566054195651
UBE2QL1	-0.648574472852355
KCNB2	-0.64862339918815
ZNF664	-0.648783879307074
STRBP	-0.648853591837444
ZFYVE21	-0.648879186255926
ANKRD20A21P	-0.648973559351227
ARPC5	-0.649125710148685
HTD2	-0.649148495183785
RHOA	-0.649351019192708
ISG20L2	-0.64962903091433
UBTD1	-0.649728417630489
ZNF442	-0.650319731219024
LRRC20	-0.650654690408705
PALD1	-0.650835880738272
DTD2	-0.651233056441272
ECHDC1	-0.651354267357876
FOXL1	-0.651452437103241
UBE2Q2P2	-0.651715590164766
WASH4P	-0.651927148766976
PPM1L	-0.65193757030159
KNG1	-0.652136063228736
CDV3	-0.652276759591726
EMC6	-0.652403829722578
TFCP2L1	-0.65247992300524
CNOT11	-0.652851988206487
ARSI	-0.652906375261983
RESP18	-0.653125386475689
OPA1	-0.653175446634173
PIK3CA	-0.653228233113567
KLHDC10	-0.653344445873995
NF1P8	-0.65362118396201
TEX12	-0.653859974856012
DYM	-0.653976853847073
PRDM10	-0.654047122310818
DENND4A	-0.654174794844685
MRPL48	-0.654354563676365
CLEC4OP	-0.654396579295979
SOCS7	-0.654817184928492
PPP2CA	-0.654985880646097
NUAK1	-0.655123376509847
SLC25A19	-0.655756945372721
EIF2AK3	-0.655775573949148
TRAF6	-0.65607219891861
RPS6P12	-0.656653848902458
NOCT	-0.656889649250006
DPCD	-0.657034921031237
SARS1	-0.657262086306075
RPS18P9	-0.65728529170059
TMED7	-0.657383167878471
RPA3	-0.657762675409558
PSMD13	-0.657908807459576
FBXO28	-0.658073995681254
POMC	-0.658154891434596
MTX2	-0.658313364663403
GABRG2	-0.658323785483171
HMGCR	-0.658473762234057
BORCS6	-0.658651731550389
PISD	-0.658700666081224
LRRC9	-0.658737903831597
SNX2	-0.658815941288785
RANBP2	-0.658818154378587
PRELID1P4	-0.659156226307372
SAR1B	-0.659668314356496
SUN1	-0.659698893249207
ZDBF2	-0.659715867115523
ERICH1	-0.659955932401328
AGTRAP	-0.660248213872009
MTHFD2	-0.660547112054232
PKHD1	-0.660646669806967
METTL2B	-0.660673575421138
TSG101	-0.660932426642353
WDR83OS	-0.661021579673423
TUT4	-0.661088403266491
HSD17B8	-0.661319484388715
DBNDD1	-0.661365249031364
UQCRC1	-0.661479640826497
ZYG11B	-0.661856587890368
USH2A	-0.662017445044226
PDGFRL	-0.662085706885906
RILP	-0.662114547959048
CENPS-CORT	-0.662141364064457
RPRD1B	-0.662269341276918
MANEAL	-0.66250165609217
WBP4	-0.663920165067737
PPAT	-0.664084639956184
GORASP2	-0.664214782442265
FAM186B	-0.664258967266005
PKMYT1	-0.664317556562384
TOPBP1	-0.664465343045245
HIRIP3	-0.664603722788998
LPGAT1	-0.664977500905021
RWDD1	-0.66529795197032
ATOH1	-0.665462746699438
BCLAF3	-0.665627668375293
RASSF8	-0.665630002756518
CEP72	-0.665725656612127
RPS6KB2	-0.665740696840102
RANBP9	-0.665838461970756
HAPLN1	-0.665839311297965
NUDT1	-0.665928039867793
LIN9	-0.666696011781901
BNC2	-0.66702334177799
FAT4	-0.667246883184309
FGF20	-0.667271861839734
DPH6	-0.667337895475174
C1orf210	-0.667372043859293
POC1B	-0.667474690657048
IGFBP2	-0.667552379937782
RNASE9	-0.667567249977252
GOPC	-0.668106299654878
RDH13	-0.668421528519494
DUSP1	-0.668717727928449
CLASP1	-0.668895245599424
DMAC1	-0.668930855349973
RALB	-0.668933250002692
NCBP2AS2	-0.669478380813974
DNAL1	-0.669662374186587
INO80	-0.66977010223429
HSD17B4	-0.669895866286837
NDUFS6	-0.670171449576003
DGCR6L	-0.670181867433532
AICDA	-0.670898263346283
CAPRIN1	-0.671047453578519
ZNF639	-0.671164660755309
NT5DC2	-0.671277738281956
ENAH	-0.671321198764113
DHX38	-0.671344292580628
SPDYE8	-0.671371558344583
SRA1	-0.671421391436928
MAGEB1	-0.671431920453912
COX10	-0.671785229976532
PRSS35	-0.672115053626086
SETD7	-0.67236709753594
C2orf68	-0.672556062536426
NIFK	-0.672604664607823
RPS25	-0.673489626359282
VRK1	-0.673501138396669
PICALM	-0.673645062471841
FAM157A	-0.67387694796016
RPL12P8	-0.67406931069562
RALGAPA2	-0.674218367274122
RBM3	-0.674488745078686
VAV1	-0.674540545626487
DTL	-0.674741483804354
GPALPP1	-0.674895655734845
RGS16	-0.675236747515297
RPIA	-0.675357055793112
CDC14A	-0.675506052375033
PCDHA1	-0.675511950572061
MCM7	-0.675655277565927
MRPS5	-0.67568204294343
OR52K3P	-0.67573133612225
ZNF596	-0.675940850113898
XIRP2	-0.676594825984558
SLC35D2	-0.677162010648037
TOMM40L	-0.677163561994814
DIAPH1	-0.677846776026004
GABARAPL1	-0.67812656736754
RNF4	-0.678353010610478
MDFI	-0.678551656401818
ZCCHC2	-0.678716061306722
NPEPPSP2	-0.67874376619473
TDP2	-0.679082148753395
KCNA2	-0.679446891593742
ARL5A	-0.679525477224445
MAN1C1	-0.679652846012347
SCFD2	-0.679719010598727
MCMBP	-0.680145350542222
NRAS	-0.680149666025936
KRIT1	-0.680168071223452
DSN1	-0.680238791204273
CAP1	-0.680529065350988
ADGRA2	-0.680540220281134
PGM2	-0.681212283679211
ZNF738	-0.681427876345133
VAPA	-0.681468712334879
PHLPP1	-0.682143894762669
UAP1L1	-0.682775517416587
KDM3B	-0.682975077016926
CAMKK2	-0.683137503298782
PALS1	-0.683544201348872
ST14	-0.683585298751755
FAM240A	-0.683682180153988
HMGA2	-0.684017317085906
GRSF1	-0.684073008323415
HPDL	-0.68418085490631
RPL32	-0.684205952239059
RAB12	-0.684409796601234
EPSTI1	-0.684625731849256
FAM204A	-0.684851294171249
GLRX3	-0.684938986744198
EIF3I	-0.684998564345619
CMYA5	-0.685941009264637
COX16	-0.686013028231061
AGFG1	-0.686074448014196
RPL26L1	-0.686523689964448
CTBS	-0.686964212306473
MMGT1	-0.687130641755025
POP4	-0.687604874170491
PDCD10	-0.687779657714179
MCUB	-0.687950705861168
CRMP1	-0.688403324482832
BCRP8	-0.688580864357922
TENT2	-0.68884942713615
LRRC4	-0.689626254400294
MIPEP	-0.68963342133412
NUP43	-0.689712098625891
JHY	-0.689713373792748
CBFA2T3	-0.690214339028011
MEF2C	-0.690229552084023
TMLHE	-0.690301552633691
SCUBE2	-0.690568556913814
COX18	-0.690637345929817
PITHD1	-0.690886181075002
MTMR12	-0.690965058674198
STX16-NPEPL1	-0.691250330604269
AACS	-0.691488670607724
AMMECR1	-0.691599167870176
DDHD1	-0.691642066868792
PACC1	-0.691729236070915
RAB22A	-0.69173004080751
TMEM231	-0.69217933982938
ZWILCH	-0.692187865741175
SULT6B1	-0.69229121787208
NEDD8	-0.692727527079272
SUPT4H1	-0.692959152653451
RUNX1	-0.692976659099695
POU5F1	-0.693086531058499
DNTTIP1	-0.693103763443225
USF1	-0.693331377716314
BAG3	-0.693495447383668
TOR3A	-0.693610970514577
RPS6KA3	-0.693761015969469
POLK	-0.693986344350669
GRK7	-0.694088696442391
PRPH	-0.694095526186367
PEBP4	-0.694313656477572
FOXP2	-0.694470476268372
MMP2	-0.695178619822222
EEF1A2	-0.695600436197374
UNC93A	-0.695925046816595
GOLGA6EP	-0.696339577017737
AP3S1	-0.696344376695171
PPP1R16A	-0.696402971419149
BBS4	-0.696696880640881
NOP58	-0.696762934872849
TVP23C-CDRT4	-0.696936925622304
HERC1	-0.697484003702308
DYNLL1	-0.697577482542852
SEC22B3P	-0.697735813791232
ATP6V1D	-0.697825008685592
KCTD2	-0.698004225497642
NINJ2	-0.698027384019471
TRAPPC11	-0.698080352502145
SYNCRIP	-0.698307906699819
CWF19L2	-0.698639373858211
MN1	-0.698775396832435
MYCT1	-0.699018042410727
SMARCA5	-0.69932122865296
JMJD6	-0.699484758354087
GSTZ1	-0.699742359216016
GLB1L	-0.700044073557703
ARL6IP5	-0.700252740459856
MACROH2A2	-0.700368509139764
ARSJ	-0.700568240107053
LRRIQ3	-0.700883872144785
LSM5	-0.700968137470388
GOLM2	-0.70112123729907
ALG14	-0.701230417345133
PRKAG1	-0.701486036661308
NPTN	-0.701523353483896
MRPL3	-0.70206336170852
HOXB2	-0.702098359013946
SRPX2	-0.702224806578692
ZNF383	-0.702298124009545
EXOC1	-0.702348778933115
PURB	-0.702396070272247
FILIP1L	-0.702925039179564
NAA16	-0.703011232487815
DCAF4L1	-0.703166811395087
SCYL2	-0.703299087654026
ATP5MF	-0.703479537742508
LIMA1	-0.70378509875441
GRAMD2B	-0.704024921038546
ZNF106	-0.704131542683895
MBD2	-0.70449941044572
ITGB1BP1	-0.704508248746957
CLEC4GP1	-0.704725596654793
SUZ12	-0.704919496709844
DCTN5	-0.705208683331945
SNAPC5	-0.705402357676164
CETN3	-0.705646041163104
SCAF11	-0.705790556239617
UQCR10	-0.705870860612456
PLAA	-0.705898759437963
RBM26	-0.706028026545754
PSMA4	-0.706404089353876
TRAF3	-0.706524727154972
ONECUT2	-0.707340082991577
ADD3	-0.707564433051151
ERLIN2	-0.707614674704446
PDE6C	-0.707703279358976
S1PR1	-0.708019374356704
SERINC3	-0.708184154408193
CSNK2A2	-0.708211340100275
HINT3	-0.708326401289485
GAPDHP37	-0.709335386199153
ATAT1	-0.70938267130363
ABCC13	-0.709918914037704
UBE4A	-0.709947280295851
SLFN5	-0.710366472136872
RBM20	-0.710611496553739
BUB1B	-0.710976729511439
COBLL1	-0.711052070803231
NDUFA1	-0.71108895500734
TMEM98	-0.71117996487783
BMAL2	-0.711301201099995
CENPE	-0.71133355776985
MICA	-0.711353186264839
TIMM23	-0.71148014036349
PRR13	-0.711685248047713
SLC39A4	-0.711754621987292
RPS14	-0.712123047440546
IGF1R	-0.712176619527626
C1orf52	-0.712216030476293
RALY	-0.71254413906783
KATNIP	-0.712575456519126
CEP85L	-0.712640764363505
CLEC11A	-0.71264740221474
SMIM26	-0.712790420120495
TMEM109	-0.713030057791802
POLR2L	-0.713157432605755
GSR	-0.71361728134196
POTEF	-0.713726478387288
ARHGAP24	-0.714094489029205
NBPF10	-0.714913007808103
ZBTB10	-0.714984583149921
NCL	-0.715116033581856
MANBAL	-0.715726190587302
MND1	-0.715891109807078
EGFL7	-0.716059162259759
RAB9A	-0.716431038140198
RAP2C	-0.716442230931991
ESCO1	-0.716681995138682
HUWE1	-0.716721888179478
LNPEP	-0.716737252576942
BUD31	-0.717017392571359
CYP4F22	-0.717026137885453
GTF2A1	-0.717384742272555
CEP97	-0.71750296202111
EIF2S2	-0.717634563267595
NUTM1	-0.717752018243408
ITM2B	-0.717990243357129
ATP6AP2	-0.718034538570613
TRIR	-0.718260998690462
RFC1	-0.719314619261924
SIAH3	-0.71938387750101
MPP3	-0.719975397357851
NME2	-0.719976042725845
ADTRP	-0.719991932085126
RAD23B	-0.720187562755303
CATSPER2	-0.720332899454053
THUMPD1	-0.720976099819011
SPEN	-0.720986558824385
INTS2	-0.721050474142415
ATP5PD	-0.721100160863258
CA4	-0.721171491947037
GTPBP8	-0.721266945571653
DNAJC6	-0.721274231394499
GRB10	-0.721409908203417
EAPP	-0.721859759071255
SMG1P6	-0.72189100631779
DTYMK	-0.722310055521021
DELEC1	-0.72248886945473
HNRNPC	-0.722737302929191
HERC2	-0.723026691401387
EFR3A	-0.723796191608153
ZDHHC5	-0.724288906086923
FNTB	-0.724329984353484
SMC4	-0.724654106315265
FAM91A1	-0.724965068761802
ZNF860	-0.725350871960236
NLN	-0.72547293580262
SAA2-SAA4	-0.725731009649401
APOO	-0.725791836658326
KIAA1549	-0.726535285066585
FAM8A1	-0.72657326519309
B3GNT7	-0.726604047322984
RPL13AP5	-0.726799726613049
ATOSA	-0.726807109599655
GRAMD1A	-0.727072116622015
ACRV1	-0.727275827313477
RBIS	-0.727296525360766
AHCTF1	-0.727427361442566
STIL	-0.727886775682545
FAM227B	-0.728266609186117
MRPL19	-0.728356189853042
SNTG1	-0.728505332589536
ZCCHC7	-0.729016422184738
RC3H2	-0.72957825961894
DYNLT1	-0.72973610669802
CCNDBP1	-0.729772178926934
ITGB3BP	-0.729911256735242
GALR2	-0.729972752053022
GCGR	-0.729980047084647
MED29	-0.730310903792953
PABPC1	-0.730340839378909
ATP6V1E1	-0.730386794692389
DHX15	-0.730746424832771
LCAT	-0.731034777779637
MTX3	-0.731162685484005
LGR5	-0.731457075488155
RNF13	-0.731495490999353
RASGEF1B	-0.731983761874443
ATG3	-0.732179206201127
ELK4	-0.732200301899546
C7orf57	-0.732233633760677
CSDE1	-0.732314137918403
CSGALNACT2	-0.732472628852266
EIF1AXP1	-0.732666176559902
MRPL39	-0.732851039631698
AP1M2	-0.732877638833228
POLD4	-0.733490958471487
KTN1	-0.733866021670619
ACBD5	-0.733918857241585
HSPD1	-0.734589693980372
BCL2L14	-0.735071628118489
BLOC1S2	-0.735169544769049
HACL1	-0.735263186534102
PRDX1P1	-0.73541875369667
MRPL10	-0.735437970068277
LRRN4CL	-0.735560894794287
AANAT	-0.736242158469747
MGA	-0.736551721215504
ARHGAP44	-0.736644017079907
SMIM13	-0.736743040985839
ALDH7A1	-0.736865801198964
BMS1P23	-0.737169361551149
NSUN3	-0.737226371143508
LARP4B	-0.737891466655043
NFAT5	-0.738075510123977
CWF19L1	-0.738682422930914
FASTKD1	-0.738732122049009
MTPN	-0.739049072793368
PRPSAP1	-0.739181932843397
EAF1	-0.739277249800798
SNRPE	-0.739572588210045
CNPY1	-0.739928497552931
PLBD1	-0.740034871242248
EIF3J	-0.740062264903101
HNRNPK	-0.740271845166576
DBT	-0.740391256109572
MEI1	-0.740983482817783
TXK	-0.740986555565981
AKAP1	-0.74098919461403
COX5A	-0.740991850479405
ZNF829	-0.741047002850607
GLG1	-0.741473187720879
RCC1	-0.741702257641307
BBIP1	-0.741860883040447
IL17RA	-0.742763994992398
RAP2CP1	-0.742969987150437
ANKRD12	-0.742986185775031
GPR137B	-0.743185045804998
RPL7	-0.743813557555842
RAC3	-0.743973525988725
LRRC69	-0.744287262603959
LTBR	-0.74448011675475
STX18	-0.744629753472676
MYL12A	-0.745139761535008
EIF3M	-0.745395950916517
CERS4	-0.745549019449138
PPP1R18	-0.746296894047117
PNPLA8	-0.746747458697429
KHDC3L	-0.747077252198121
UACA	-0.747207241725241
FAM219A	-0.747268417484883
TGIF2-RAB5IF	-0.747292624071836
POC1B-GALNT4	-0.74742402943162
SLC30A8	-0.748050133358155
RASAL3	-0.748647102719555
HAUS8	-0.748772120979676
FBXW2	-0.748777651747762
KNSTRN	-0.748970617803081
ADSS2	-0.749370774696975
FTH1P3	-0.749636979629414
ZNF849P	-0.749824606811318
TOMM20	-0.749882504393635
LRP6	-0.749921286860247
TUSC2	-0.750120346370476
FTLP14	-0.750272080596289
RPSAP9	-0.75081310721686
ARF4	-0.750848134116498
SMARCA2	-0.751028655104301
NOL7	-0.751239909305845
RPL22	-0.751282645715564
PFN2	-0.751721046970069
TIPRL	-0.751915655787263
PCGF6	-0.752086424347999
ERRFI1	-0.752634469873338
PARN	-0.752667629244312
POLR3A	-0.753083877923186
CAVIN3	-0.753165807502801
COG7	-0.753411454774939
NAT8L	-0.753952504903881
KIAA0408	-0.754168959255515
ABCD3	-0.754196202408997
CNOT2	-0.754246609854856
ACTR8	-0.754370099990845
TMEM167A	-0.754680184413332
CEP104	-0.754694590878886
CR1	-0.754847322064058
PAIP2	-0.755726324934723
MAP3K13	-0.755751197439663
RNF169	-0.75577749446844
PKM	-0.756027139713342
CFHR4	-0.75630585211029
ZNF492	-0.756580622013329
WFDC13	-0.756679214143654
FBXL14	-0.757050049258622
LMNB1	-0.757165917475114
PAWR	-0.757417635333304
CCT4	-0.757582768003958
ZSCAN21	-0.75806239687318
PRPF38B	-0.758073057810305
ZNF568	-0.758093306803423
RTKN	-0.758686290878445
CLC	-0.75891884041346
ABCG2	-0.759175999372408
TMEM50B	-0.759191171629224
SERBP1	-0.759312048128064
BHLHE40	-0.759328615984409
DPPA3P2	-0.759596081272237
SP1	-0.76038396493804
GTF3A	-0.760471566798165
UBE2K	-0.760616573710273
AMN1	-0.760840412668023
CHRNA4	-0.760911848446652
SLC39A9	-0.7610193250178
FBXO21	-0.76199486136673
GTF2A2	-0.762119052077432
GANC	-0.762132217469278
H2BC26	-0.762246343700623
CD8B2	-0.76255003731652
API5	-0.762583567079456
RPL38	-0.763317244183562
SMAD5	-0.763340748932021
NMB	-0.763451210556908
SQLE	-0.763511332872605
PRDM2	-0.763668680064503
RPS27L	-0.764003888924671
TCF12	-0.764038430998397
RYR3	-0.764538200945865
TPRN	-0.764847785322872
MARCHF1	-0.765045873858191
PIK3C3	-0.765710374944078
DPH3	-0.765944393429573
PHTF2	-0.766161154997693
NF1P10	-0.766237766952233
RAB30	-0.76640581861735
FLNB	-0.766583889901115
TTF1	-0.766767518798101
KIF21A	-0.767037310641109
CYTH1	-0.767111929446901
PPP1R21	-0.767179098159519
SGO2	-0.767244794246225
C5orf58	-0.767642318406606
ELOC	-0.767694132482455
UPF3A	-0.767862119729482
DENND3	-0.767901927376996
WAPL	-0.767991494902633
BSG	-0.768174128762911
DCP1A	-0.768317741312747
P2RX2	-0.768724873600191
USP18	-0.769297297269942
HEATR5A	-0.769410260553851
KIF3B	-0.769623226058395
SDHB	-0.770185665408751
EFHD2	-0.770654165454922
RSBN1	-0.771238416666087
KIF16B	-0.771742679949014
PSMB6	-0.771745825779236
PIK3CB	-0.771801996282608
GNL3	-0.772123204994556
ZNF655	-0.772224374983199
CD302	-0.772508488301788
ROBO2	-0.772962260450317
C9orf85	-0.772998790233656
GLRX5	-0.773201206847243
CD38	-0.773341491443349
NTS	-0.773363857723674
ATP5MC1	-0.773440102393875
RRP15	-0.77348573310711
COQ7	-0.77353166650261
ATP5MJ	-0.773599940004008
MGARP	-0.773947936753299
SECISBP2	-0.773966431939244
DUSP19	-0.774306478961916
EIF2B1	-0.774837422866278
TAB3	-0.775166616070143
RNF141	-0.775217011597861
ESRP2	-0.776139711498461
HARS1	-0.776232684460319
N4BP3	-0.776302839233314
ZNF81	-0.776955032732623
STK24	-0.777375933646999
CDC73	-0.777580817560117
ZNF146	-0.778092169290655
CAP2P1	-0.778408079136508
DNAJC11	-0.778534762464473
SCP2	-0.778567381674437
APLP2	-0.779092868303323
MTFR2	-0.779262503306829
VPS13C	-0.77987345122523
FAM72C	-0.779928677720396
STAM2	-0.780304248250769
ITGA2	-0.780333345110149
LRIF1	-0.780629740477174
NANOGP7	-0.780859355127055
TCL1B	-0.781826227229634
ANAPC15	-0.78183018138198
NDUFA8	-0.781983466502799
TUSC3	-0.782136750425771
FBXO38	-0.782869113280744
SLC6A20	-0.78290997555859
TTC19	-0.78296762632863
SLC25A32	-0.783053789462291
MIXL1	-0.783134044044893
ATP5ME	-0.783354229683729
CD33	-0.783390235669071
EFHC2	-0.783727959047737
PIDD1	-0.783805949921588
CASP3	-0.784341474598679
PLXDC1	-0.784568941222894
GALNT7	-0.784852604966679
LMTK2	-0.785082283918756
MRPS18B	-0.785326029094471
TAOK1	-0.78606782074924
MRPS33	-0.786169751604669
KLK12	-0.786379723068149
POU6F1	-0.786400475431878
CA5B	-0.786419102411022
PSMB1	-0.786563158450712
PCDHA11	-0.78678674196859
GRIK3	-0.787278712058998
TATDN3	-0.787602945830981
DGKQ	-0.78787337198521
ZBTB8OS	-0.788160056306781
PRPS1	-0.788164639599459
LSM1	-0.788293505897442
THBD	-0.788687824494697
FBXL21P	-0.788881032860925
PAXIP1	-0.78910409658288
HK1	-0.789128998538797
SPOPL	-0.789233145054539
PREB	-0.789236538399731
DSTYK	-0.789257910233476
RAB11A	-0.789481465054652
MFSD13A	-0.789720975069734
PRPF40A	-0.789722392502792
NAA15	-0.789882730150087
DMRTB1	-0.790088689257714
UBE2Q2P1	-0.790149073059488
ZC3H13	-0.79019290886896
ZNF266	-0.790599833616321
TRIM33	-0.791249968174133
PDE4DIPP7	-0.791250636892242
VPS4B	-0.791526144528964
WDR89	-0.792263820930791
YWHAQ	-0.792463647735417
LONP2	-0.792715697502022
SH3BGRL2	-0.792918415446479
TRAPPC2	-0.793339861132996
CFAP36	-0.79375293380851
KIF25	-0.793854902798935
EIF2S3	-0.794262512292498
STMN2	-0.79457133073037
FIP1L1	-0.795085990668308
ZNF649	-0.795491185830171
PTF1A	-0.795597549823043
PRKCH	-0.795805751461096
MRPL2	-0.796348406431695
PREX2	-0.796416073413774
EPB41L4B	-0.796715679077729
VAMP5	-0.796771630010683
ANKRD49	-0.79692684033984
BTLA	-0.798127819793763
HHEX	-0.798160573024342
SUGT1P2	-0.798312289370579
RPS6	-0.798341632377965
CDCA8	-0.798376265681036
SELENOS	-0.799166726212914
PLEKHJ1	-0.799515803221212
NDC1	-0.79961561245422
PAFAH2	-0.799623798884485
ZNF443	-0.800065061558017
NECTIN4	-0.800254200695023
TOMM34	-0.800463530869324
NADK	-0.800491166979876
RNF217	-0.800634021225331
ZMYM1	-0.802077677522493
TCEA1	-0.802283781832608
LRRC1	-0.802397586555417
ZNF721	-0.802837468462324
ZBTB11	-0.802959116450951
SHCBP1	-0.803310281705779
KCTD20	-0.803669869867527
CNDP1	-0.803773371260269
SHROOM3	-0.803867282993001
TPD52L1	-0.803971051390527
GTSF1	-0.804355003556884
ARHGAP8	-0.806237361990564
MYO16	-0.806556941531031
SULF1	-0.807168297084942
GALM	-0.807194224651222
CAP2	-0.807524719084606
XK	-0.807952030255507
TMEM69	-0.808131212608695
URGCP	-0.808196819510875
VPS53	-0.808897147411128
GREM2	-0.808966787197668
ADAMTS14	-0.809004895692945
CDC27	-0.809110858299348
ABCE1	-0.809594344659802
HID1	-0.810211058749469
BLCAP	-0.810366656642381
PARP12	-0.81109424322011
DNMT3A	-0.811234536923166
PAX2	-0.811559043077966
FEN1	-0.811768698869234
SRSF10	-0.812059467766494
CXCL16	-0.812164185330165
SLC25A41	-0.812703839517748
TRIQK	-0.812996618765491
ATF3	-0.813354259181003
SETD3	-0.81472413003782
ZFPM1	-0.814988871341641
NUFIP2	-0.815056104939791
AKIRIN2	-0.815130210362539
RAB14	-0.815168529017321
PDPK1	-0.81545052434112
MRPS23	-0.815654111085274
LAPTM4A	-0.815855647754664
F2R	-0.816550853036016
H4C8	-0.816681285503448
WNT9B	-0.817088201066646
ZNF726	-0.817204264177399
EIF4A1	-0.817314954407873
LTK	-0.817470144780203
ADCK2	-0.817554334178347
TMEM38A	-0.817586507158753
WBP11	-0.818122298131648
FBXO8	-0.818322657909387
ORC6	-0.818510700931747
PCSK9	-0.81937006717539
MRPL49	-0.819479512247887
SAP25	-0.820376960535229
P4HA2	-0.820404190305592
PLPP5	-0.820672557100765
BTBD18	-0.820685312233203
ZNF563	-0.820693798313085
COL27A1	-0.820703617908177
EXOC8	-0.821068975424488
ABCA3	-0.821080225095641
GUK1	-0.821732118898233
OAF	-0.822088815132132
DCBLD1	-0.822191841966642
CHCHD1	-0.822465936826856
TAF4B	-0.822730777265079
DNMT3B	-0.822806579150328
UBE2CP5	-0.822842867013048
USP37	-0.822909763786951
MPP7	-0.823179780329668
PNP	-0.823733702573362
PLAAT5	-0.824014826801721
STAU1	-0.82483114847993
RXFP1	-0.825462168355624
MIGA1	-0.825724074176397
UBE2SP2	-0.825794434203273
CLPX	-0.826105734583673
DSE	-0.826567169045841
TRIM36	-0.82683869319612
GFI1B	-0.826868201574689
YWHAG	-0.827073677476774
RPL39	-0.827143578241046
KIF5B	-0.827171060202525
SLIT1	-0.82760112800465
BMS1P9	-0.827636114626617
CDC6	-0.82833438331454
GAD2	-0.828368275247044
SNTB2	-0.828426047121909
ARHGAP18	-0.828538752529163
ATP5MC3	-0.829065152794105
PTGR1	-0.829223689444502
GBP1P1	-0.829288923142289
DCUN1D1	-0.829371276488578
TXNDC17	-0.829748414802879
RTN3	-0.829799010359699
FLT1	-0.830052764350224
B3GNT2	-0.830217669632435
TBC1D24	-0.830398285342028
ZNF530	-0.830908223101354
PLSCR1	-0.831394840783878
KIT	-0.831793803081686
FGFRL1	-0.832136489500807
ARIH1	-0.832942720023565
TBC1D23	-0.833318242749401
SKIC8	-0.833481522557891
MAP2K6	-0.833566498004215
HBA2	-0.833613053602719
YAP1	-0.834540116517526
PARP8	-0.834802240021529
ADK	-0.834809040560092
WDR76	-0.834944544437756
ADO	-0.835151700198466
LBR	-0.835464459290833
DCLRE1A	-0.836114531866049
TFAP2E	-0.836146740515861
CDKL4	-0.836182075233114
PHAX	-0.83634118057769
GFUS	-0.836849733614677
GGNBP2	-0.836956661064743
BBS9	-0.836985499387222
BORCS7-ASMT	-0.837201610982635
SEC23B	-0.837204625745051
SPDYC	-0.837319620060493
WDR33	-0.83792944824293
SPECC1	-0.838003758865786
RIOK3	-0.83850037661631
RPS15	-0.83855311056859
REV1	-0.838576640296006
SCPEP1	-0.839106115428577
TMTC3	-0.839142415670084
TRGV3	-0.839391223228311
ELL	-0.839671994202963
HRH2	-0.839846988080611
CP	-0.840827480622947
COX5B	-0.840844598190326
MRPL17	-0.841029618670738
RPL36AL	-0.84129974586854
E2F7	-0.841306561294656
CNBP	-0.841681887306103
RPL37A	-0.841834378676189
MARS2	-0.841989532354634
ARHGDIA	-0.842014230679057
MPHOSPH6	-0.84214699375631
SLC9A4	-0.842558735311926
EPHA3	-0.842692935387287
MTMR2	-0.842745784805396
LRTOMT	-0.844237642173258
MIX23	-0.844941869544721
IGIP	-0.84553078624557
CHMP5	-0.845598967215773
MIB1	-0.845635786232268
CACNA2D1	-0.845744991377849
EIF4EBP2	-0.846099158563628
EIF3K	-0.846610097301707
COPS8	-0.847196472781217
BRD3	-0.847328644877599
THAP9	-0.848464853996771
ZNF44	-0.848927664608497
RAF1	-0.850436132815479
HEATR6	-0.850798356852728
TRUB1	-0.850857078754716
RGL2	-0.851022136111346
HERC2P9	-0.851027294862601
SEC62	-0.851148298718786
CREBL2	-0.851664783637613
MDGA2	-0.85167148450661
CELF1	-0.851844347415781
SUMO2	-0.85195250333743
KLF4	-0.852183409639014
DCK	-0.85270344006817
TM9SF3	-0.852763442175517
SUN2	-0.852790307019572
ERO1A	-0.853242734860087
DIRAS3	-0.853424400173308
TMEM178B	-0.853577862474412
SDC4	-0.853669822190383
RNF113A	-0.853811956817762
SP4	-0.854410578342841
LYSMD1	-0.85454473230609
TACC1	-0.855120165236238
EPPIN	-0.855430877481951
ACTG1	-0.855605668185212
TRIM43	-0.856231768747914
TAF4	-0.856576700304037
C6orf120	-0.856701227289988
PAPOLA	-0.857043805677383
TM2D1	-0.857129804845939
MED15P9	-0.857702225311681
PTBP3	-0.857809814545214
MORF4L1	-0.858245119878516
AURKA	-0.85839994704589
COL28A1	-0.858615869562332
CXADR	-0.858966544889647
CYB5A	-0.859091134524442
TMEM59	-0.859252977881074
PSMA5	-0.859487392620363
CLK4	-0.859769244676775
HEG1	-0.860040086113317
FAM199X	-0.860126223949629
MAP3K2	-0.860531681741353
FAM210A	-0.86154940486106
SYT16	-0.862169867152559
GPN3	-0.862538865312951
C13orf42	-0.862563313577605
MAP3K9	-0.862746831590821
CAPN5	-0.864007719121329
SERPINB6	-0.864456463992487
LAMP3	-0.864688975726037
CAP1P1	-0.864735808099059
ZNF805	-0.864773448257047
ADGRF2P	-0.864832201436262
SBNO1	-0.865392970227933
CHD5	-0.865486195253398
SECISBP2L	-0.865514050320481
UBE2B	-0.866595031412012
MAP3K8	-0.86692135836749
SPIDR	-0.867315152837982
CYSRT1	-0.867679909324256
GOLGA6FP	-0.867790790239558
GSX2	-0.868400169793287
NELL1	-0.868451026623303
CDC20	-0.869071944407926
OGA	-0.869560178449876
NEK8	-0.86976714017661
UBE3A	-0.870057490714513
NR2C2AP	-0.870523420914468
RPS24	-0.870766397163422
ZBTB37	-0.871695219166115
TANK	-0.871874163702019
HIGD1A	-0.871875465253008
DPYSL2	-0.872395064842092
BRWD3	-0.872431072943442
SPRED1	-0.872920877659358
CCZ1	-0.873400368304519
TUBA1B	-0.87401972103134
KCNS3	-0.874092579878195
ZNF570	-0.874289855663156
KDM4E	-0.874317019849317
GLE1	-0.874509976079709
SYK	-0.874832354269856
SLC39A8	-0.87484578392446
SPATA22	-0.874981582750613
TJP2	-0.875015386688799
TFB2M	-0.875500119284497
KMT5A	-0.87638766515772
CRK	-0.876524140435853
SFXN3	-0.876606912848006
SHOC2	-0.876963113738319
ADGRA3P1	-0.87731694736933
NIPSNAP3B	-0.877325512032644
FGF14	-0.878055939870426
C18orf32	-0.878588328311388
ALDOA	-0.878822296662825
RPS2P5	-0.879397399809922
HELB	-0.879795980088247
IAPP	-0.879841719361688
ABHD12	-0.879872743196389
CDHR4	-0.880178513818142
EFCAB14	-0.880215313267002
NSA2	-0.880388346618992
ARCN1	-0.88040269952713
ABCC9	-0.880445591279201
FZD4	-0.880465413437136
CPLX1	-0.880647386463374
KIAA0319L	-0.880776923664482
NCAPG	-0.881373255489678
ISLR	-0.881802345893043
RPL37	-0.882052681164563
MATR3	-0.882236004223711
HMGN1	-0.882340631170881
FOXC1	-0.883005684289542
PPIAP46	-0.883217323125483
EPHA2	-0.883486742166841
CIR1	-0.883772329578428
KHDRBS1	-0.883892403352764
SLC35A3	-0.884281852681115
MAL2	-0.884355825055988
ZNF264	-0.884401336047476
PTPA	-0.884678871975594
BMS1P2	-0.884876635828063
PEG10	-0.884991399826533
NTN4	-0.885041748331827
TUBA8	-0.885591993040325
SNRPA1	-0.885603299885748
PEAR1	-0.885612462012083
CCNY	-0.885931994501302
FGL1	-0.886959098327046
RPSA	-0.886992624159805
RMI1	-0.886997994123025
DIP2C	-0.887240907913785
SOWAHB	-0.887275337489439
PUDP	-0.887282942998346
DDX52	-0.887343458500479
STAG3	-0.887425142380831
RPL23	-0.887875616701692
CENPQ	-0.888080167727173
PSMA2	-0.888737678024759
THAP1	-0.889318396876916
BCL10	-0.889886038779561
OGFR	-0.890345934504649
GGCT	-0.890583047887932
CNOT6L	-0.890726088080727
FOXJ2	-0.890879912148641
SMG1	-0.891066208328727
ERVW-1	-0.891769904158165
TENT5C	-0.891831173362617
ZC3H7A	-0.892368894466822
FAM200B	-0.89285332873
ESRP1	-0.892932874047197
CTNNBIP1	-0.893328801693599
SAMM50	-0.89343575906752
POLR3F	-0.893914993533505
CCDC27	-0.894269075628788
MMUT	-0.89506953319392
PRTN3	-0.895576310630501
FLOT1	-0.895776172795809
NTAN1	-0.895889419499706
PLEC	-0.895918630648238
CRYL1	-0.896797349634905
ADCY2	-0.89762578895954
SF3B2	-0.897660013563894
ATP5PF	-0.898072249510973
NR4A3	-0.89857214706608
SLC1A3	-0.898717317813991
PHB2	-0.89934545643187
FAM153A	-0.899446248567542
COMMD6	-0.899945370161099
CCSER2	-0.900039941831137
DICER1	-0.900617065230028
KARS1	-0.900824752641571
COMTD1	-0.90105357610322
PHF8	-0.901054594319651
STXBP5	-0.901363370308177
UGT2A1	-0.902036302106493
SHISAL2B	-0.902423329084704
NFIA	-0.903655693420759
ACAP2	-0.904084161074395
JAZF1	-0.904167583747668
THEM4	-0.90485428171608
FAM169BP	-0.905096250472773
MPC2	-0.905304332709867
C11orf54	-0.905320471513576
CHCHD4	-0.905421540864835
RBM34	-0.905520027471336
EFHD1	-0.905664620521427
METTL14	-0.906409598354387
YY1	-0.906435795913989
ARHGAP25	-0.907037396627474
RAB11FIP2	-0.907437714335252
ANK3	-0.907483117234044
C5orf22	-0.907519548766979
ABT1	-0.907829827401251
COPS9	-0.908015839533227
MTIF2	-0.908441715976473
HEBP2	-0.909390058050683
ZNF430	-0.909463946866521
VSIG2	-0.909673765529074
PSMD7	-0.910097879643247
LINC01881	-0.910324372095572
RSL24D1	-0.910346079678695
HIC1	-0.910694103069925
TNFSF14	-0.911316909077275
SEMA5A	-0.911473360019355
XAGE2	-0.91149662615832
NUDT4P2	-0.911834454572309
ECHDC2	-0.911912288321666
MAP3K15	-0.912426504902717
PSMG2	-0.91243975504728
LRCH2	-0.91244525977473
ARL15	-0.912658341807297
CCNB1	-0.912740063703976
OR3A1	-0.913021159096876
HAPSTR1	-0.91341693569099
ANKS1A	-0.913765364477412
NEUROG3	-0.914600237418726
H3-3B	-0.914926683014721
SOX15	-0.915060690280954
CDKN1B	-0.915437310413353
RMND1	-0.916738648314484
UROD	-0.917372780882883
FEM1C	-0.917373448771843
ZGRF1	-0.917862626881283
KCNE3	-0.917891517519951
USP1	-0.918130450601102
UTP6	-0.919162006227701
TMPRSS11F	-0.91937165081275
EXOC5	-0.919974018613311
STAT3	-0.920005665495163
CHURC1	-0.920016745571553
ELF2	-0.920031301599233
KCNMB4	-0.920308074220754
ATP2B1	-0.920821602603824
TMEM33	-0.921480116628157
TAF9	-0.921858012784005
PRH1	-0.922143084459653
NCOA1	-0.922550077951727
UCHL3	-0.92264920507043
BRIX1	-0.922797449651099
SPAG5	-0.923101901735208
TSFM	-0.923119615833939
MOV10	-0.923898390508931
DNAJB14	-0.924065909852762
ANKRD29	-0.924358674344883
ATP6V1G1	-0.924465946494398
RPL36	-0.924903671479537
TUBB	-0.924997720635284
SMPD1	-0.925041477999404
HNRNPA3	-0.92507144692533
ACBD3	-0.925316915803891
SLC16A2	-0.925342492493469
PEX19	-0.926769045302161
DUSP8	-0.927139188910228
EIF4G2	-0.927196484420492
ACTR6	-0.92735110834019
STAG2	-0.928719940731883
MYO6	-0.929208777359116
RAD51	-0.929542652634729
VCX2	-0.93004455410343
CKMT1A	-0.931750548548633
CDT1	-0.93175272165402
RALGPS2	-0.932053695546222
PHF5A	-0.932069021007211
PRPF38A	-0.932168657169938
CENPW	-0.932386549159502
GREB1	-0.932547262710719
MLX	-0.933286755519283
SMARCAD1	-0.933995876872426
ADAM9	-0.93416881272688
NUP50	-0.934170787554711
GHITM	-0.934246104951805
GSC	-0.934414497447995
IDI1	-0.934941889144241
SOSTDC1	-0.935208961456537
PPARGC1A	-0.935579374505764
DENND2A	-0.935606761606268
SRGN	-0.935740948801295
EIF2A	-0.936485505435901
NRARP	-0.937019296955806
PA2G4	-0.937141412421114
VEZTP1	-0.937429885431959
NDUFA3	-0.937520610374965
TRAPPC8	-0.937560337691598
PCBD2	-0.937604810620485
CCDC92	-0.937723479451465
MRPL58	-0.937812745869574
TRIP12	-0.938055506315378
WASHC4	-0.93837752954031
VPS13D	-0.938840671338816
BTF3	-0.938921913951284
MAP4	-0.939051893650634
ZXDC	-0.939083628024772
INHBB	-0.939149307627296
SMC1A	-0.939185169934095
MUC19	-0.939322080663247
PDHX	-0.939370206318587
NAA38	-0.939433187994775
NUDT21	-0.939557950630322
UBE2V2	-0.939706906365101
ZNF296	-0.940059771651632
BET1	-0.940529288662007
BOLA2	-0.940602294651618
IL23A	-0.940716604629145
SLC6A2	-0.941174554589036
KIFBP	-0.941231368846895
SKA2	-0.941531262628376
G3BP1	-0.94160924171874
ESRRA	-0.941691837812909
SLBP	-0.942423314161997
GRPEL2	-0.94261388402571
ASAH2B	-0.942698827914874
SLC16A3	-0.943345629336296
CCDC117	-0.943352000153422
ZDHHC20	-0.943818401500446
LYRM2	-0.943879077129616
CYB561	-0.944143467782086
SEMA7A	-0.944197686935211
RMI2	-0.944373431259081
TMEM245	-0.944491527352042
SMC5	-0.944753680027179
OXSR1	-0.94562423861274
NUBPL	-0.945743906003391
BOLA2B	-0.946326325018346
ABHD17B	-0.946707311357186
DLX3	-0.947295519913526
UTP23	-0.947720119459961
HCG4B	-0.948033721006964
ANKRD46	-0.94822100105079
PACRGL	-0.9483273515614
CBR4	-0.948607216325527
CCT6A	-0.94906309057913
GAK	-0.949377861470777
DLL1	-0.949490034728509
TUBB3	-0.949518576089469
AADAT	-0.949720344603903
ANKRD18DP	-0.949838231288413
CCNT2	-0.950472910024172
RIMBP3	-0.950539550453243
EDEM1	-0.950635781191993
TSC22D3	-0.950691301319336
SNRPA1P1	-0.95079647649157
ARFGEF2	-0.951748028780367
ATL2	-0.952823835184152
HOXB13	-0.952912194707146
WNK2	-0.952985812432109
FAM177A1	-0.953995645575412
GEMIN2	-0.954311238942111
SACM1L	-0.954666318349153
MRPL33	-0.954771121617779
MRPL38	-0.954861933368437
STK38L	-0.954862457135828
ZNF43	-0.955313242594777
LLPH	-0.956049341226636
CHCHD10	-0.956200478585935
PDGFA	-0.956350131023814
AREG	-0.956973583151744
FARSB	-0.957088019719765
AGPAT3	-0.95709403052056
MAGEA3	-0.957429590787517
PEX1	-0.957595553358209
CYFIP1	-0.957764543569101
OOEP	-0.957977212582912
BRSK2	-0.95819962089769
COX17	-0.95900464067785
GOLGA6L7	-0.959062059219432
RPL23AP42	-0.959134770391234
PRPS2	-0.959233707358726
SGCE	-0.959246891568728
FGB	-0.959398993166586
PCMTD2	-0.959417910753428
UBL4A	-0.959463698982554
ANKRD19P	-0.959715275204518
IFT52	-0.960055561950092
SIGMAR1	-0.960422403988233
RGMB	-0.960584730795266
DDX21	-0.960789440845605
UFL1	-0.96202960613976
LPCAT2	-0.962113514712887
CUL2	-0.962223179202586
C10orf90	-0.962801259390682
STON2	-0.962826904471504
NTRK3	-0.962921102169045
PRKCE	-0.963153057525621
NUDT10	-0.963398689928323
FAM90A11	-0.964357712309337
NFIL3	-0.964462692277843
PHF19	-0.964688863485116
RPL34	-0.964969693708833
SHROOM2	-0.965314410193201
RIPOR3	-0.965438278440746
SPMIP6	-0.965636990778739
ATP5MK	-0.965722186446771
SLC33A1	-0.96578016120339
PPM1D	-0.967060109963646
DYRK2	-0.967334249016116
LSM12	-0.967599442143506
FDPSP8	-0.967838609171155
RBM15	-0.967910679000456
RPL35	-0.968554821949557
NHLRC2	-0.968697070389064
ZNF420	-0.969239924783439
DENND4C	-0.969297387302529
MED13L	-0.969828680956835
FIS1	-0.970709308416976
ZNF761	-0.97071029015338
SNRPD3	-0.971343413007621
KCNJ2	-0.972159522468748
DDX43	-0.972388188085676
H3P6	-0.97239460659952
FAM222B	-0.973346034428825
PACSIN2	-0.973500516917723
PDAP1	-0.974456081575611
MOG	-0.975750791191839
DECR1	-0.975863127460551
TUBB4B	-0.975902147082325
TGOLN2	-0.976232165464968
KIF14	-0.977189988686794
TXNDC9	-0.977549870258933
ARX	-0.978599172961449
NOC2L	-0.979037661150051
YIPF4	-0.979349828936398
NGFR	-0.979472366937006
LYRM7	-0.979783979906555
PTCHD1	-0.980251091229079
ACVR2B	-0.980460505219787
RAB18	-0.980562056503167
SZRD1	-0.980573219337449
ZNF887P	-0.981515071395588
BDP1	-0.981804031999791
TESMIN	-0.982032763735606
BLOC1S6	-0.982991925628269
FUBP3	-0.983051762309758
MTFMT	-0.983099863980707
VIRMA	-0.983384289420028
CYP2T1P	-0.983748133330491
ZNF714	-0.98429772273855
TTC39C	-0.984318101156384
PPIL1	-0.984619769645059
MRPL53	-0.984702894624047
FBXO5	-0.984834878492874
AHR	-0.985183008392491
CNOT7	-0.985251774668577
PIGS	-0.985531410975584
TBRG1	-0.985611769465591
PHACTR4	-0.985784807655436
TGIF2	-0.985973857145516
ABI1	-0.98624023435452
TIMM10B	-0.986287839028764
CCDC127	-0.986571466185647
RGS7BP	-0.986813776679719
RHOQ	-0.987358736770695
PRODHLP	-0.987482741883759
PNPT1	-0.987604721212915
PEX2	-0.988078111348684
NAA30	-0.98844894532658
CD19	-0.988631199904238
YME1L1	-0.989130581974705
ZNF470	-0.989752804794509
CACNA2D3	-0.989771219656242
METTL2A	-0.989876993713561
MICOS10	-0.990441199854844
CPSF6	-0.990727402814143
TMEM161B	-0.990797288376557
NOTCH2NLB	-0.990880121602639
FOLH1B	-0.991033521381315
FAM9C	-0.991116342775727
TMEM191C	-0.99150591561419
STC1	-0.99158218072594
PCDHB1	-0.991943980657552
GTPBP4	-0.992366705222574
ATP5MG	-0.993246556712237
MAGEH1	-0.99339828261305
ARF6	-0.99509652306651
VPS29	-0.995183086747829
SLC7A10	-0.995197557274282
MAGEB16	-0.995502812278557
NDUFB7	-0.995963286505116
PF4	-0.996368504024855
RPL26	-0.996417439261543
B4GALT5	-0.996517075814282
FAM107B	-0.996817378698142
C1orf50	-0.996941654579691
GMIP	-0.997113106918953
NDUFC2	-0.997545779306189
RPL10A	-0.997556579251615
S100A10	-0.997793463158257
WDR55	-0.997912645102259
PPA1	-0.998111506874847
ITGB1BP2	-0.998299119264231
HSP90AA1	-0.99883047393549
HS3ST3B1	-0.999495488894697
AASDHPPT	-0.999728284928036
CNST	-1.00026261907329
KLF16	-1.00058501249522
H3-7	-1.00059277620987
TMBIM4	-1.00062007060678
IRF2BPL	-1.00090507271252
STYX	-1.0010885706805
PLK4	-1.0012910995869
PCSK1	-1.0014646332972
PDE1C	-1.00146999002106
ERAL1	-1.00184553841086
HAS3	-1.00198901772079
ZNF204P	-1.00207212386071
NAPG	-1.00309473263032
TAF13	-1.00350632753741
STPG2	-1.00357199793961
CENPK	-1.00436310841997
ALDH1A1	-1.00439148510546
SAT1	-1.00502511721274
SOX13	-1.00503520479162
ST13P13	-1.00507415988036
SYF2	-1.00509850078643
CTNNA1	-1.00562620621842
ZNF534	-1.00590886995706
SMIM14	-1.00685007961169
PRR35	-1.00688349478793
KLHL4	-1.00710422158114
NIP7	-1.00728587130022
TRMT6	-1.00756274038902
TMX3	-1.0078717328093
ZIC1	-1.00787365062672
KCTD5	-1.00800626737789
MTMR11	-1.00833557605802
TRABD2B	-1.00885827546881
ERVV-2	-1.00901798531796
ASPA	-1.00908728088519
RACGAP1	-1.00910722169449
VAV3	-1.00914646664079
FAAH2	-1.00915069035139
FEM1B	-1.00915187168355
CORO2A	-1.00950095421878
CHTF8	-1.0097113863401
CCPG1	-1.00978245643744
MKI67	-1.01013757537317
XRCC4	-1.01026838322807
OTUD4	-1.01064048139308
BARX1	-1.01095275608788
PCSK6	-1.01135367281845
SOHLH2	-1.01141056321531
ZNF426	-1.0114523303697
KCNJ5	-1.01182143277608
AIDA	-1.01223499021021
VGLL4	-1.01227765864277
TMEM63A	-1.01233078519455
MCM10	-1.01248703896475
MRPL42P1	-1.01278835822877
CCDC172	-1.01281169169177
ITPR3	-1.01337004661234
ZNF654	-1.01337720643457
COX6A1	-1.01342900619109
SMURF2	-1.01379635147627
PAPPA2	-1.01394509116394
EXT1	-1.01431356448657
OSTF1	-1.01506258843016
LRRC40	-1.01529156081455
GINS1	-1.01559590004947
DPH1	-1.01606505195187
FCF1	-1.01693200512172
CRH	-1.01762104350752
MARCHF8	-1.01767455450843
GABARAPL2	-1.0184700568793
SRP72	-1.01880036809411
ASH2L	-1.01900621193009
TRIM37	-1.01921633571884
USP13	-1.0192333514971
LRRC26	-1.01993252679804
TMEM106C	-1.01993523893644
AMER2	-1.01995534938628
SFN	-1.02086104909446
MAP4K5	-1.02119119788842
RMND5A	-1.02187498893277
TRAF4	-1.02259793314992
AP5M1	-1.02364353794105
MANSC1	-1.02402436591446
TMSB10	-1.02459974867712
RBBP5	-1.02462496946755
FANCD2	-1.02464433237974
MOSPD1	-1.02472696722496
MAP2K4	-1.02500730560737
AGO2	-1.02507406173682
EBF3	-1.02510137946957
MACF1	-1.02529203459874
MBLAC2	-1.02559486166087
GYG1	-1.02577513245423
VPS54	-1.02581780611313
RPS3A	-1.02601005793156
KCNQ2	-1.02623014297721
SYNJ1	-1.02635627952207
ARHGAP21	-1.02637498469154
CCDC169-SOHLH2	-1.02711117894599
FOXN2	-1.02725100723351
PRC1	-1.02803199799587
GBX2	-1.02811020237055
MARK2	-1.02824532471939
RAB8B	-1.02853251914544
NMU	-1.02878826815725
ERLEC1	-1.02893861285522
RPL34P9	-1.02932332721117
TXN	-1.02999371405088
SERPINA11	-1.02999371909303
NPIPB6	-1.03017414689753
CTTN	-1.03127371739632
ELOVL2	-1.03200983171146
ZDHHC2	-1.03214348027174
ITLN2	-1.03241497439407
CGN	-1.03246004680523
B3GALT5	-1.03255553886167
LRRC37A12P	-1.03269332695118
TAF11	-1.03286714983757
TIMM8B	-1.03290808910372
C15orf39	-1.03311635287262
NACC2	-1.03317077533762
PCYT1B	-1.03318786195416
GOLGA6A	-1.03337045910627
DIXDC1	-1.03341766822427
PCDHA3	-1.0334309151931
RASSF3	-1.03397211726467
PIK3AP1	-1.03420795831647
CD200	-1.0353271216004
IER3IP1	-1.03547698906472
APC	-1.03555226711626
PTPRB	-1.03590877689538
PHKB	-1.03643228120906
ECEL1	-1.03654911755395
GAPVD1	-1.03673090249766
SPATA8	-1.03691846149078
TDG	-1.03747301877111
GSPT1	-1.03772242943497
DLG2	-1.03811667267479
LAMA2	-1.03832912346952
RPL13P12	-1.03842152816436
CTR9	-1.03876941562619
ARL8B	-1.0391172918587
RBM46	-1.0394699445401
CYP2B6	-1.03975683514322
NTPCR	-1.04058297316116
MMP11	-1.04061479893069
SRFBP1	-1.04067374164838
UHMK1	-1.04107478210873
MED4	-1.04118226675556
WWTR1	-1.04138882504539
CIDEA	-1.0415721073781
REC8	-1.0420022036497
TCP11L2	-1.04288459205459
DNM1L	-1.04295969278177
RNF19A	-1.04381470725922
COQ10B	-1.04414125013882
MINDY2	-1.04460506949163
TWF1	-1.04468536382854
ARHGAP19	-1.04493615263937
RPL35AP20	-1.04498173693019
LARP1B	-1.04506169169982
LIAS	-1.0457361047468
PREP	-1.0466738528202
YRDC	-1.04689059801007
ALG13	-1.04727129825739
ZNF678	-1.04755408755836
CHST15	-1.04780459444813
TALDO1	-1.04804267292355
TTI2	-1.04841203530806
MCM4	-1.0488233089816
EXOSC6	-1.04888262978024
STX2	-1.04922964693649
NANOGNB	-1.04958613523194
PPP1R12A	-1.04961103310627
CCDC57	-1.04972873774193
TAF5L	-1.04996344813238
CHUK	-1.04996551656185
PAICS	-1.05011976266088
NMNAT3	-1.05082801128669
SIKE1	-1.05090804505765
SERTM1	-1.05135743380439
DARS1	-1.05176936646453
CRYGD	-1.05241437716725
FARP1	-1.05263267227183
CACNA1B	-1.05302472321822
CHD1	-1.05332325287053
EZR	-1.05345956588834
HACD2	-1.05408380245876
ATAD2	-1.05411800478695
PCDHGA8	-1.05645538789772
TMOD2	-1.05715493566547
MIS18A	-1.05792950405915
ZFP3	-1.059131954982
SSX4	-1.05959099739692
TMPO	-1.05963502772665
CBX3	-1.06011104246788
PTGES3	-1.06030007681787
RPS16	-1.06065017050215
PIAS2	-1.06160429315286
FKBP14	-1.0616334680126
LYPLA1	-1.06195046132501
C9orf78	-1.06225082409603
KBTBD7	-1.06288747165667
RPS23	-1.06304026374957
GRIN1	-1.06424592007851
DMTN	-1.06472744031446
MMAA	-1.06492601597568
BCAR3	-1.06506476616592
SDHAF3	-1.06571582840566
INSIG1	-1.06729892992495
STMN1	-1.0673678612356
OSBP	-1.06766727386782
NEGR1	-1.0684011342292
CCDC61	-1.06917207221908
ECHDC3	-1.06950905256411
DDX54	-1.06970591765375
PRKD3	-1.06976654553962
MTMR8	-1.07010391979121
FAM120AOS	-1.07011111751311
HS2ST1	-1.07043946858098
PPP3R1	-1.07095744151155
SMYD2	-1.0712854278836
PCBP4	-1.07173234571826
MGAT5B	-1.07199280163945
MYO3A	-1.07303544394152
TNFSF12-TNFSF13	-1.07334311010197
HSCB	-1.07352026192678
ACE	-1.07361723477072
GSTP1	-1.07379205770256
PTGR3	-1.07379323714203
HMMR	-1.07395644619218
SEC24B	-1.07470581737527
TNMD	-1.07486345811772
RABGGTB	-1.07508331724943
GTPBP10	-1.07509621545927
CDCA7L	-1.07530203430189
HTRA4	-1.07554683842595
PEX11G	-1.07627214031802
SPIN4	-1.0767350381583
ATP6V1A	-1.07674200736592
EIF3D	-1.07687723940268
NDUFAB1	-1.07713379075789
PPP4R3B	-1.07751117340702
EPHB3	-1.07862715413745
SOX8	-1.07885703494283
MRAP2	-1.07894465482508
FGF17	-1.08014541312743
CIAO2A	-1.08082918564344
CDC25A	-1.08131427550363
PTAR1	-1.08147603482007
OGDHL	-1.08159536098453
RPL14	-1.0816662011631
CPSF2	-1.08295969326958
FGF8	-1.08320865772198
SNX14	-1.08324163440305
DLGAP5	-1.08416511330482
ADH5	-1.08432938244608
COL5A2	-1.08459540546743
IFNE	-1.08468788829325
MED1	-1.08476497643713
RPL17	-1.08560080466136
TEX13A	-1.08569903456713
FRMPD3	-1.08598619394875
STRN	-1.08611221272383
COPZ1	-1.08625833797854
ELMOD1	-1.08626934482671
DRAXIN	-1.08638797334024
POLR2M	-1.08650715518603
TYRP1	-1.08732169746549
TEX9	-1.08789534562206
MAL	-1.0883480344402
LIMD1	-1.08864404961731
BNIP3	-1.08886215354076
NUS1	-1.08908368758253
B3GALNT2	-1.08951466612379
ATG12	-1.09043572716412
KCTD9	-1.09076127137696
GRIN2D	-1.09088787138907
CROCCP4	-1.09098207292476
ZNF724	-1.09193479527595
TVP23B	-1.09252516416104
CELF4	-1.09320701455243
RAB5C	-1.09333791391354
PDE6G	-1.09363463703959
MACC1	-1.09371235686155
TMA7	-1.09390650562773
TBL1XR1	-1.09430129639864
LPCAT1	-1.09489585850793
RACK1	-1.09540761362526
DEF6	-1.09571514494522
ARL6IP1	-1.09589004883278
ATAD1	-1.09591976573797
DLST	-1.09663137424162
CCDC124	-1.09691948898018
KPNA3	-1.0972595219379
SYCP2L	-1.0976007658563
KXD1	-1.09769256767023
ETV1	-1.09776437910338
PPP1R12B	-1.09776966439203
HSP90AB1	-1.09782064683557
C19orf33	-1.09857127231266
CFAP418	-1.09857138903644
MCF2L	-1.09966579351309
RPL21P16	-1.10024905192666
GTF3C4	-1.10093129817896
PDGFRA	-1.10123788115633
GRPEL1	-1.10149336222827
JMY	-1.10222423511615
AFF4	-1.10260071394601
KAT6A	-1.10297761843383
ZBTB43	-1.10373469177465
LIG4	-1.10387019292324
CRCP	-1.10402877033666
NPAS3	-1.10472025513032
FREM2	-1.10476221023698
CFL2	-1.10498994887867
GAS2L1	-1.10515840686402
CMC2	-1.10516679333634
LRRC37A11P	-1.10602235055176
GPATCH11	-1.10624947960282
PDK1	-1.10648101380931
NPM3	-1.10750149497872
AP2B1	-1.1078586926477
IGSF21	-1.10839940631904
IQGAP1	-1.10902634107409
MTHFD1	-1.10957775094165
EIF3A	-1.10959694884431
NAALAD2	-1.10971519877654
MRPS18C	-1.10980211812541
ASB8	-1.10987581201643
TMEM70	-1.11009158255454
CLIC4	-1.11032127638219
CYP4F2	-1.11145705173294
REST	-1.1124246368335
DOCK9	-1.11250648823542
RNMT	-1.1125108594903
MYOM2	-1.1128008325735
SNRPCP6	-1.11295116677444
PPP6C	-1.11307088926953
GRB2	-1.11358358864628
MKLN1	-1.11366512432703
USP24	-1.11368657090438
ICE1	-1.11411584151722
CHD3	-1.11423021245642
ARPC3	-1.1145145405046
PRKX	-1.11483160133133
BZW2	-1.11517786072839
PPP1R15B	-1.11535408097998
LIFR	-1.11548039480482
AGTPBP1	-1.11596272634042
MT3	-1.11631902567077
ZNF556	-1.11688325182229
CCNH	-1.11690308149512
HAS2	-1.11737863309678
SELENOF	-1.11753918984605
DAZAP1	-1.11766710856661
CDC14B	-1.11776932371348
MRPL44	-1.11822073498515
SNAPC3	-1.11870130031787
XIAP	-1.1189729470841
ATP5F1C	-1.12007766890369
TPM3	-1.12117788066558
WSB2	-1.12145634205184
ERI2	-1.12168842462189
THOC7	-1.12173407987996
SNN	-1.12191275292358
MYO1D	-1.12247125374614
C6orf136	-1.12254879164036
KDSR	-1.12280436257043
ZNF730	-1.12353248264936
DDX55	-1.12442018918453
TMEM54	-1.12587549666978
PLPP2	-1.12603983924854
DDX53	-1.12615444621244
C1D	-1.12713813718984
TMEM184C	-1.12760309818849
PPP6R3	-1.12760976583138
RYBP	-1.12798187686561
PEX26	-1.12825747090158
PGBD5	-1.12847359730952
MAN2A2	-1.12891374967412
PACSIN3	-1.12893324512685
TLE5	-1.12958980699546
CA2	-1.13011532394288
DIDO1	-1.1301639389274
KLK2	-1.13021463104481
SRPK2	-1.1302784180246
MAS1	-1.13035441501979
RBMXP2	-1.13052351415272
GPRC6A	-1.13232097330147
TRABD	-1.13246815230688
CNTN1	-1.13275589639604
ZCCHC10	-1.1330088025167
H4C2	-1.13352080159427
SMIM3	-1.13357381832176
CCDC25	-1.13390407883523
UBE2D1	-1.13395362199058
FBXL16	-1.13472314648575
REEP3	-1.13489310401736
PRKAB2	-1.13489661405022
GAPDHP62	-1.13514760381672
WNT11	-1.13612590955611
ZNF506	-1.13669714875777
LRCH3	-1.13757938750459
NEK7	-1.13769241973514
H3C10	-1.13831499602894
CLCC1	-1.13867273292809
GAP43	-1.13872715461861
FRYL	-1.13931522461978
SAP30L	-1.13943021847629
TBC1D2	-1.14014384338089
ZNF429	-1.14048046052498
NEFM	-1.14079881316703
TNIK	-1.14164562600321
CYS1	-1.14181452032071
FBXL3	-1.14208985596482
AGPAT2	-1.14249294998366
SOX18	-1.1428268484077
KIAA1191P2	-1.14282982121639
PJA2	-1.14334425071218
AGAP4	-1.14367773711378
IL15	-1.14382106160124
TRAPPC4	-1.14518063403969
SLC4A7	-1.14552716981967
LSM4	-1.14564156059359
NOTCH2	-1.14565695537983
GOLPH3L	-1.14602508143722
TIPARP	-1.14618129720842
TPI1	-1.14650436157664
FRG1JP	-1.14672229796987
SERAC1	-1.1475741540239
PSMA6	-1.14792145247014
APP	-1.14796213624083
FRMD6	-1.14797988157284
NPEPPS	-1.14813643384043
FAM168B	-1.14816410132196
CDKN1A	-1.14862575634148
LUC7L2	-1.14876348033297
RCBTB1	-1.14891219564969
ZIC4	-1.14971111699228
ZNF277	-1.15038704288856
UBE2Q2	-1.15043386525276
JAK1	-1.15212501753432
ATP5F1B	-1.15299272480331
ARLN	-1.15318382468772
DHX33	-1.15321735944795
ESCO2	-1.15342605950747
MEP1B	-1.15361107809793
UBE2G2	-1.15405333546412
LSM3	-1.15526234940084
E2F8	-1.15544893557422
PDE5A	-1.15562678889248
SLC2A14	-1.15566557156642
ADGRG5	-1.1558883886445
CHSY1	-1.15601695235858
RORA	-1.1561609840001
GDI2	-1.15631942591056
BAMBI	-1.15662096763738
HSPA14	-1.15694622957354
SLCO1B1	-1.15718562871816
MBTPS2	-1.15852003234525
PCDHA6	-1.15879440252168
ZNF92	-1.15940022833659
IRGQ	-1.15945111873576
PDCL2	-1.15999361227624
TEX13C	-1.160352471649
NEDD4L	-1.16037895800647
PCDHAC2	-1.16077093788984
ANLN	-1.16117462526639
BHMT2	-1.16246458401654
LAMB1	-1.16278272825804
EXOC6	-1.16283096595717
SEC22A	-1.16291794285382
RAN	-1.16322094590239
TPT1	-1.16361411650799
ADCY8	-1.16536603337797
CCDC186	-1.16552076409673
DCTN6	-1.1656781294867
MRPS34	-1.16568311799129
KREMEN1	-1.16580982120607
BIVM	-1.16676745937203
RFK	-1.16684016228429
ATXN3	-1.16719390400059
CDCA4	-1.16753784272487
COX7A1	-1.16761466258907
PLCB1	-1.16875528593618
PLSCR4	-1.17006722522087
STIMATE-MUSTN1	-1.17086736450533
ABHD12B	-1.17101198145443
SLC25A4	-1.17161464852676
GPR12	-1.17224082746114
FRG1EP	-1.17231022919946
ZNF792	-1.17240207962787
PRKAG2	-1.17249147838517
MRPL43	-1.17281735506117
HUS1	-1.17350589119275
TMED2	-1.17379722990627
YIPF6	-1.1738937040121
USP46	-1.17420377455758
NCBP2	-1.17427008630282
WNT3	-1.17439782178029
PPP2R2C	-1.1751784263743
PPIA	-1.17524798684538
EYA3	-1.17577766015346
FOXB1	-1.17615562980216
CRLF1	-1.17648392486934
UBE2L3	-1.17681927609491
CCT5	-1.1768263026259
PPP1R14C	-1.17700430836042
MCC	-1.17703204500544
VAMP4	-1.17729535415547
MRPS28	-1.17816733643982
SESN1	-1.17818429524146
ZBTB6	-1.17831469041145
ACTR10	-1.17831769740189
ICOSLG	-1.17904015655315
NAB1	-1.17910396434973
SNX5	-1.17942233011011
UBXN2A	-1.18083228814475
ZNF486	-1.18085728748668
ZNF585B	-1.18106804686132
SLC30A9	-1.1821027306921
HIPK3	-1.18223157997636
TTC39B	-1.1831259312569
ZMIZ1	-1.18458729465061
CPNE3	-1.18472599178866
TPPP	-1.18501347692717
NDUFB3	-1.18512128590712
ARL6IP6	-1.1857084766942
FAM110A	-1.18628844328272
PITX2	-1.18641765852353
NUDT5	-1.18658568443092
NIPA2	-1.18684412539955
BSND	-1.18752969019045
FSTL5	-1.1879287841659
RSBN1L	-1.1880235019156
ITPR2	-1.18802768507957
NDUFA4L2	-1.18820242017709
AMIGO2	-1.18861769878186
HIPK2	-1.18914556343213
ANO5	-1.19009262029654
VCX3B	-1.19057954098334
MUC3A	-1.19235409199309
TRAPPC6B	-1.19290795808447
CCNJ	-1.19297929964961
TRIM7	-1.19308610508351
ZNF585A	-1.1940226311508
TXNL1	-1.19470790288459
PHC3	-1.19509908127027
QARS1	-1.19530788744511
SLC25A5	-1.19563032434732
CMSS1	-1.19575952981708
NHSL1	-1.1960528659692
ZNF827	-1.19608290502445
PDE4DIPP4	-1.19649115054949
ACO2	-1.19681268374004
FGD4	-1.19704610659379
DHFR	-1.19721933891284
GSTCD	-1.19730929343904
TRIM2	-1.19732361046269
BARD1	-1.19739941773579
IMMP2L	-1.19746070335304
MRPL35	-1.197756642103
ABRAXAS2	-1.19778806749178
EVA1C	-1.19854523026762
DPY19L3	-1.1990289823089
IMPA2	-1.19919239019792
PTPRG	-1.19923230070305
DYNC1LI2	-1.19974409656992
UQCRH	-1.19996747630201
FOXK1	-1.20016245831747
APPL1	-1.2006188369975
FBP1	-1.20070069445095
CMTM6	-1.20091524119201
ZBTB33	-1.20166986539343
ZNF468	-1.20168659129954
STK17B	-1.20273135578178
CDK17	-1.20435857067881
TFAM	-1.20463628369936
PRKG1	-1.20465293856881
RPL35A	-1.20518009043691
RIMBP3C	-1.20557987982108
RPL23AP77	-1.20565154869918
GOLGA6B	-1.20571753639518
COX7B	-1.20631610709057
RBM17	-1.20661435824636
MIS18BP1	-1.20701178480152
H2AC25	-1.20710984209235
MRPS30	-1.20953745836518
MORC4	-1.20956844584004
RUBCN	-1.21000520381211
MIA	-1.21014667261553
XRCC2	-1.21059302455514
HMGN5	-1.2106603593901
CINP	-1.21095417576719
NUP37	-1.21121789486915
SEPTIN14P19	-1.21156324543812
UBE2O	-1.21161848321369
MARCHF3	-1.21229828751917
VDAC1	-1.21243620848119
CCDC167	-1.21248916848669
SIX1	-1.21259390883599
NODAL	-1.2128996622115
CBR3	-1.21304263361067
CRIPTO3	-1.21349084777778
MRPS35	-1.21441608898226
COMMD2	-1.21499022525025
NPIPB8	-1.21499031707022
ARHGAP10	-1.21539315623532
XRCC5	-1.21551200656925
LIN54	-1.21557028421474
UBE2D3	-1.21621122442056
ZNF593	-1.21626800901732
ARK2N	-1.21655471984396
CDHR3	-1.21669196773825
GSKIP	-1.21954487407924
MXD3	-1.22001876290686
DPP8	-1.22318070582585
CFAP97	-1.22348847952721
NLRP11	-1.22400731831577
HAO2	-1.22460839020007
HIVEP2	-1.22485751988951
IL1A	-1.22512450582028
SETD2	-1.22553855075562
CMKLR2	-1.22564053922252
C18orf54	-1.22567192321985
HECTD3	-1.22573699706028
ZNF273	-1.22592464100619
TRIM23	-1.22735218904139
UGT2B4	-1.22772809461977
DDX41	-1.22829676410614
AMN	-1.22868139914759
FAM171B	-1.22874522311835
RPS6KA2	-1.22896446019875
CARHSP1	-1.2295686756382
PCDHA8	-1.229893221545
AIRIM	-1.23007887876053
SEPHS1	-1.23053606069426
SKP1	-1.23070832281545
HNRNPKP1	-1.23148389186685
TMPRSS4	-1.23161006214782
QSOX1	-1.23208170675246
ZNF501	-1.23314398086518
EIF2S1	-1.23354908643904
SLCO1A2	-1.23388111463902
GLUD1	-1.23400491041369
DEPDC1	-1.23402250409543
TMEM167B	-1.23493935991926
SC5D	-1.23499136673585
CCNA2	-1.23503069840118
ARHGAP17	-1.2353856072004
ZNF841	-1.23548349323558
MTRF1L	-1.23598453594354
RNF44	-1.23618345701703
ELOA	-1.23655494811257
TRIP13	-1.23658994841771
ARL13B	-1.23672298807061
NFIX	-1.23689286667297
FAM53B	-1.23765878350233
LBH	-1.23779705793218
PPP2R1A	-1.23967031038933
NCKAP1	-1.24005778533035
SGK3	-1.24016958663907
LOXL3	-1.24040713474484
CYB5R4	-1.24120294757315
EPB41L4A	-1.24190714398876
SCN1A	-1.24330381892778
EIF4E	-1.24343445201139
AP1G1	-1.2444922688938
COX7A2	-1.24513554811698
MCM6	-1.24580531958112
SNRPG	-1.24601514075608
POLR2D	-1.24669105785366
HPCAL1	-1.24823417278568
ZNF611	-1.24865264487009
ETS2	-1.249830645271
PPARGC1B	-1.2502148622106
SMAD3	-1.2509693850554
MAPK1IP1L	-1.25280396361093
UQCRB	-1.25335759598067
LGI3	-1.25462548467207
TOP3BP1	-1.25462876219952
ZXDB	-1.25498809968059
CLINT1	-1.2555196346018
STAG1	-1.25580444170077
TMEM30A	-1.25600624677733
PDE4DIP	-1.25640727005871
IAH1	-1.25689434499505
PPP1R14A	-1.25830444895636
MAP3K20	-1.25838177108321
MTSS1	-1.25894975709071
BPNT2	-1.26053805453869
A2ML1	-1.26179283360734
RAD18	-1.26184178978941
POLR1F	-1.26250374313784
USP48	-1.26338136225802
IREB2	-1.26382482425614
GPI	-1.26464534628777
DSEL	-1.26487423863354
SPTY2D1	-1.2654051003393
PPP2R5C	-1.26650447887373
CUL5	-1.26724593728529
RPL27	-1.26794796202092
USF3	-1.26879319324223
PURA	-1.26886209838727
VDAC2	-1.26948439999576
DCUN1D5	-1.26962218534238
GPBP1L1	-1.2697937199375
EIF2AK2	-1.27028789783386
PCNP	-1.27115783512066
IMPDH1P10	-1.27158386433361
SLC25A16	-1.27175980037014
MOB3B	-1.27227956974167
GABRG3	-1.27339766590232
RPL27A	-1.27349997195314
RASEF	-1.27508907666662
TTC9	-1.27559117639619
ATP8B1	-1.27581034460344
PHF20L1	-1.27607561615083
RAB31	-1.2762200047207
NEDD9	-1.27642150054511
SLMAP	-1.27817510801512
TMEM150C	-1.27825531070152
NEDD1	-1.27886071413693
C7orf78	-1.27923538684873
DENR	-1.28018519321487
RNF24	-1.28067476608598
KLRK1	-1.28078223390752
RAD54L2	-1.28091203640857
GPRC5B	-1.28105764099697
PBX3	-1.28117323971885
ZNF675	-1.28153794537554
UBALD2	-1.28189258601458
TERF1	-1.28268673303354
USP33	-1.28299218378413
LPAR1	-1.2835405929063
PIF1	-1.28372373556029
GABRB3	-1.28401492002266
WIPI1	-1.28420464141257
C19orf67	-1.28456843700653
MFSD14A	-1.28500130008447
NARF	-1.28673137855607
CDK6	-1.28732152294257
HMGB1P6	-1.28757083793079
STEAP4	-1.28867557557745
TIMM21	-1.28947177431489
RERE	-1.28973725365799
ZNF587	-1.289746641385
CHST9	-1.29041949474839
PAFAH1B2	-1.29095339815144
C2CD2L	-1.29100234553672
DIS3	-1.29107086202297
RPL21	-1.29115798918647
TNFRSF11B	-1.29168663246501
TSNAX	-1.29181860621234
PEDS1	-1.29217191894547
POLR2K	-1.29531936222738
TAS2R19	-1.29576455081871
CRISP2	-1.29585896947162
WDR36	-1.29626394933252
GRAMD4	-1.29840039115712
RPL41	-1.29850343621254
LDLRAP1	-1.29913722893816
DNAJA3	-1.2991725675367
ATP5PB	-1.30021873340498
DPPA5	-1.3009591840956
GASK1B	-1.30219557241093
NUP88	-1.302268191926
DLL3	-1.3022899022971
MICU2	-1.30254401291947
CKAP2L	-1.30282559518996
UGT1A10	-1.30291992096139
TRIB2	-1.30355337340584
SLK	-1.30381518862005
TUBE1	-1.30408402507215
BIRC6	-1.30415422532788
GTF2F2	-1.30428901502546
SNAP23	-1.30444905272294
MGST3	-1.30472356850383
SGCZ	-1.30495885434298
PRDM5	-1.30533092457241
CHST11	-1.30554597462686
FNBP1	-1.30631287872277
MAP3K1	-1.30663164989441
ZDHHC22	-1.3071815905689
MRPL13	-1.30721756875032
VPS26B	-1.30836894830325
STK17A	-1.30974435454711
CTSK	-1.30995410004076
SESTD1	-1.31020425110062
RPS15A	-1.31032714148508
TOP2B	-1.31051823324804
DEK	-1.31196626863899
ATE1	-1.31241576900233
ZNF875	-1.31262693039307
PGAM1	-1.3128586044216
NXPH4	-1.31327309164158
NUF2	-1.31416371019569
RAB6A	-1.31460363228881
CALR3	-1.31493994786998
NSL1	-1.31563750079888
SLIRP	-1.31598452222144
TIMP2	-1.31631590317614
ARHGAP31	-1.31687782923792
PRDX3	-1.31864322039475
DTX2	-1.31898885942175
POU2F1	-1.31945061647982
XPO4	-1.31969880465429
PLPPR1	-1.32010906233367
TMEM266	-1.32131024437312
UTP14C	-1.32173784221514
TNRC6A	-1.32182510209993
PRKAR2A	-1.32209129411483
PRKDC	-1.32257629179286
SFRP2	-1.32357593675004
MBOAT1	-1.3247427000951
IPO8	-1.32474544536327
GATA5	-1.32553193330236
MAP3K7	-1.32775464312587
GOLGA6D	-1.32800248449664
ADGRB3	-1.32801331832725
FLVCR1	-1.32828640503865
ATP11C	-1.32861682831531
DNAJC9	-1.32977143416704
ZFAND6	-1.33016279097609
GTF2H3	-1.33075507487302
PLEKHA1	-1.33097403764958
COX8A	-1.33099297306754
DIRAS2	-1.33161126759351
GPAM	-1.33203814272752
USP8	-1.33234493841549
ZFHX3	-1.33285896922738
ANP32B	-1.33321690645001
TOMM22	-1.33327488507451
GALNT3	-1.33421859830571
FBXO33	-1.33461064985852
TMSB4X	-1.33522090966836
CDC45	-1.33529095835533
DCAF4	-1.33625952885711
BECN1	-1.33713988688189
EFNB2	-1.33733683771879
BMPER	-1.3376071729429
CFAP95	-1.33788443716955
BOD1L2	-1.33811582468059
TBC1D28	-1.33822845422915
ROCK2	-1.3384282890294
MSH2	-1.33857571545627
ZNF121	-1.33891436662156
RAC1	-1.34065127446138
UGT8	-1.34202188370165
RCAN3	-1.34264289675609
LRPPRC	-1.34365273361049
TUBB2B	-1.34511964175329
AMDHD1	-1.34630792385026
SLC2A13	-1.34660368509157
LARP4	-1.34709869083682
PPP2R2B	-1.34743462181819
DDI2	-1.3474369845822
NUDCD1	-1.34750530667359
ANO6	-1.34763018202604
VSIG10	-1.34786834443225
GSTM4	-1.34786892892826
LDLR	-1.34804479387897
L1TD1	-1.34818566016765
RAB21	-1.34836353815768
QNG1	-1.34855874606169
TBC1D8	-1.34914156278597
PPP2R5A	-1.34918919192554
CAB39	-1.34944696726397
NQO2	-1.34990216865649
HDAC9	-1.34993085366363
HIC2	-1.35042349217962
FER	-1.35051129937636
TRAPPC13	-1.35161534242156
CAPZA2	-1.35168752178083
FRAT1	-1.35173414591043
TSHZ1	-1.35254044477569
ZZEF1	-1.35296376692681
ARFIP1	-1.353033393618
UBXN2B	-1.35504757981074
PCDHGA11	-1.35540342776117
MPG	-1.35569034503483
MRPS10	-1.35611035975161
UBA6	-1.35737814294916
MCTP2	-1.35742417399206
SRP54	-1.35808398695825
DUSP5	-1.35842448974341
SLC39A10	-1.35882943317014
DUSP9	-1.35892669741967
A4GALT	-1.35917387535594
ATP2C2	-1.36001615130673
SRGAP2B	-1.36027746665876
DOP1A	-1.3620725962663
ELAVL4	-1.36216193768846
SNRPB2	-1.36231127119204
RELN	-1.36288045905041
PDPN	-1.36503243254933
LGALS14	-1.36519063031702
NPM2	-1.36557675323277
CPEB3	-1.36595872248697
LRRC45	-1.36626455294977
ANKRD13C	-1.36629416789518
HTR2C	-1.36669433046003
ST6GAL2	-1.37003901707915
FAM157B	-1.37051964905023
GABRR1	-1.37056009654692
FAM98A	-1.37066170454427
MAGEA4	-1.37086673893763
ESR1	-1.37136601963462
UNC13B	-1.37180731276236
WHAMMP2	-1.37182077187725
H1-1	-1.37221536081537
PCSK5	-1.37278039069457
IDH3A	-1.37314830297187
NKX6-2	-1.37339814750428
CHCHD7	-1.3738358951582
SDCCAG8	-1.37425757027963
PANK3	-1.37445678956948
WDR47	-1.37493144805222
NOTCH2NLA	-1.3754723150963
LINC01145	-1.37634045345428
AKTIP	-1.37723742617175
ZNF793	-1.37962823807343
USP16	-1.38011999286317
MOB1B	-1.38092566147849
DCUN1D2	-1.38228993832514
HR	-1.3825933249548
PJA1	-1.38296139490503
CCDC88C	-1.38297051448868
ANP32E	-1.38378571259123
TMF1	-1.38388305524145
SLC22A23	-1.38604990378654
PRMT3	-1.38656695787376
MRPL42	-1.38717961813269
PPP3CA	-1.38726709862973
XRN1	-1.38876200159054
LRRC34	-1.38882875861788
RUVBL1	-1.38905266433545
MARCHF5	-1.38925188052045
GOLIM4	-1.38959666923996
ADGRG6	-1.39017081891119
VAMP7	-1.39108825090967
MYLIP	-1.39252400978846
NLRP3P1	-1.39296826034344
OSBPL3	-1.39337722785264
NOTUM	-1.39431891887855
DGKE	-1.39485290274214
MBNL1	-1.3954389729972
CYYR1	-1.39582288533217
ZNF540	-1.39682938608453
EIF3E	-1.39684886273394
TENM1	-1.39788508252139
KIF11	-1.39794129064943
IRAK2	-1.39800033906691
HEY2	-1.39848798424109
RPS6KA6	-1.39906451274484
BRI3BP	-1.39913766427864
RNASEH1	-1.40031772930204
FAM89A	-1.40049927465566
DOP1B	-1.40322568865426
TNFAIP8	-1.40454760589558
NUDT11	-1.40458075457538
RNF114	-1.4059228794009
MYO1H	-1.40671226899645
SLC16A12	-1.40732182777883
LYSMD3	-1.40805443938674
FUT10	-1.40950148875509
HOXB1	-1.40979169538744
NCOA3	-1.4105032597127
COL6A1	-1.41198393019243
PARM1	-1.41249013005832
RORB	-1.41430019761559
TIMM13	-1.4149464609664
MCTP1	-1.41521845579656
SEC61G	-1.41581271548146
PANK2	-1.41611649255882
HMGB1	-1.41644431098175
EPB41L5	-1.41651276570794
RAD50	-1.41664567408238
ATXN7L1	-1.41670706637609
ZNF835	-1.41729996570886
TBC1D4	-1.41774013900017
MESP1	-1.41799196957689
ITGB5	-1.41824511000209
UFM1	-1.41931487359364
KIFC3	-1.41933882807659
COX6C	-1.41959379202843
IFT56	-1.41995251447527
RNF168	-1.42022788159371
MYNN	-1.42111914516451
KIAA1143	-1.4228339101842
KPNA2	-1.42437513845842
TMEM254	-1.42474229329756
CYTH3	-1.42489403894851
HMGN1P37	-1.42502810832872
C16orf87	-1.42560493467552
RHEB	-1.42570620669065
CHMP1B	-1.42715755939401
TRIAP1	-1.42801857545414
VCPIP1	-1.42805671137057
RB1CC1	-1.42825756699238
MRPL30	-1.42906489109309
SLC28A3	-1.42910170190753
SLC9A3	-1.42948644027527
WDFY3	-1.42953377502012
ALDH1L2	-1.4303064395148
ZC3HAV1	-1.43048520271522
RPS12	-1.43106443259811
WARS2	-1.43116105488672
GRHL2	-1.43131587813328
UPF1	-1.43255651288481
SPOCK2	-1.4347125327713
MT2A	-1.43489823531671
DHX40P1	-1.4350347498771
PDE4DIPP3	-1.43509769818286
MFAP3L	-1.435553344572
UBXN4	-1.43586013203656
KIF20B	-1.43637041216208
MYORG	-1.43711913766981
SKIC3	-1.43821371793886
MTUS1	-1.4382961232172
APOOL	-1.43837634450735
TICRR	-1.43873018871783
ZYG11A	-1.43889328207116
EIF5A	-1.4410240461272
GDF3	-1.44151127687904
RPS13	-1.44201024820719
LMX1B	-1.44272103837108
CRIP1	-1.44447922075531
RPP25	-1.44449949967007
NPNT	-1.44624050999908
OSGEP	-1.44654117566853
MT1A	-1.44739209963759
FAM3A	-1.44786348483277
CILK1	-1.44856611049747
WDR72	-1.44862783443827
ARHGAP11A	-1.44999285938056
HYCC2	-1.4503494233752
TMEM123	-1.45059205498179
SLC7A2	-1.45112293615294
AGAP3	-1.45186909144924
SLC30A7	-1.45267143132939
ATRNL1	-1.45399633344061
SUDS3	-1.45435065327893
GALE	-1.45448094016342
LSMEM2	-1.45465253111221
ANKRD28	-1.45484701925975
FBXO45	-1.45728335868459
CRIPTO	-1.45767260793981
NCOA4	-1.45811799362015
WDR44	-1.45820573981244
SKA1	-1.45869015576854
ERP27	-1.45975566576645
SCOC	-1.4599960385419
CHEK2	-1.46000255761161
DBX2	-1.46006755744724
MAT2B	-1.4602419755965
LTN1	-1.46042634141591
MYCBP	-1.46151996616797
P4HA1	-1.4622134295395
KAZALD1	-1.46297249770992
FOXJ1	-1.46360618534362
SRSF4	-1.46413383101136
POGLUT3	-1.46416693917806
CHM	-1.46620544766447
ATL3	-1.46631902046253
NNT	-1.46732166765142
CFLAR	-1.46733571730217
VCF2	-1.46875799040156
AHNAK2	-1.47269910277217
SLU7	-1.47392457166548
ETS1	-1.47459657684326
ACOT13	-1.47510334931304
USP53	-1.47523215209065
IL15RA	-1.47556090151595
SLC19A2	-1.47589230648994
SULT1A4	-1.47650224617012
COL21A1	-1.47713862679668
MDK	-1.4774521470693
LRRK2	-1.4787236273827
EIF3F	-1.47882857421546
SUB1	-1.47908368458267
EXO1	-1.47913830788919
RRAGA	-1.47924213203313
ZMAT3	-1.4818130557153
ARL1	-1.48189519513672
CDK5	-1.4823194189359
SLC52A3	-1.48367984006485
SNX25	-1.48375484122341
FRG1DP	-1.48375556146301
MAPK1	-1.48388718121354
GMNN	-1.48421770649164
ANKRD13A	-1.48495246282604
PRKG2	-1.48596254767694
RDH11	-1.48740025748333
KCNJ1	-1.48863794445228
LRRTM3	-1.48941004200529
THY1	-1.49023246058326
GPM6B	-1.49054232993807
COMMD7	-1.49076489508175
CHIC2	-1.49344645824631
PNMA8B	-1.49381345380962
SCARF2	-1.4946903123836
PCBP1	-1.49492014447924
CALM1	-1.49495753969356
COL20A1	-1.4950253791899
PERP	-1.49509760793636
PTPRR	-1.49511899863805
TNFSF4	-1.49706093671325
CCDC150	-1.4977912558664
SPESP1	-1.49817543316939
NPM1	-1.49855648275749
LMAN2	-1.49969201272541
SRGAP2C	-1.50045955741923
TCF7	-1.50053441476951
USP12	-1.50072331814429
SEC23A	-1.50105386584431
LDLRAD4	-1.50149072434361
DNAH11	-1.50214206557199
PGK1	-1.50266509738389
FHIP2B	-1.50294129245963
SYT1	-1.50483600311701
PI4KAP2	-1.50904154712575
ZNF488	-1.50952601141503
PIWIL2	-1.50989280423432
ARMT1	-1.51058403453308
HSBP1	-1.5111269109995
RDH10	-1.5117943406454
GOLGA6C	-1.5120654196693
TRABD2A	-1.51268089277726
PLS1	-1.51274302320272
NDUFS5	-1.51287357086159
CMPK1	-1.51330465112345
PPP2R1B	-1.51410151384796
LACTB	-1.5151026354046
GTF2IP1	-1.51526411448006
TAMM41	-1.51541149190064
KDM4C	-1.51611500724048
GABRA5	-1.51668654781288
RNF138	-1.51681074882995
ENPP2	-1.51705804047345
WDR43	-1.51778492540785
IFITM1	-1.51788750157576
EEA1	-1.51893417096235
BBX	-1.52086755657502
JMJD1C	-1.52164514178562
BCLAF1	-1.5223240224543
DDT	-1.52323828163872
LIN28B	-1.52663644643607
THRAP3	-1.52765759928288
CRYGB	-1.52812986856377
LGI2	-1.52819335787363
VWA8	-1.52986262588677
ERVV-1	-1.53114051207999
LIMS1	-1.53189155321512
INPP5K	-1.53332500406872
HSF5	-1.53458210992806
USP43	-1.53481860853611
NF2	-1.53658034999187
ERGIC2	-1.53710561510692
CDS1	-1.53732746266959
F11R	-1.53763739519544
ZNF681	-1.53778967242497
MSMO1	-1.53923465172511
SRP9	-1.54010105753233
TGFBR2	-1.54027933502964
SPTLC1	-1.54119038888675
SORL1	-1.54164740709593
SAMD8	-1.54179634304686
PCDHA7	-1.5427076554309
WRNIP1	-1.54303190264821
ZNF302	-1.54390528629817
PIP4K2A	-1.54412399277441
RTF1	-1.54458981536077
MXI1	-1.54459456623192
ATP6V1H	-1.54465603916413
UBA52	-1.54570972365328
C19orf85	-1.54630366574586
SUSD1	-1.5469523146569
PRSS12	-1.54722872057325
NDUFA4	-1.54733376313435
HLA-H	-1.54923870785656
SERINC5	-1.55012871342728
ADD2	-1.55039656885056
CDC42SE1	-1.55129745537872
SPTAN1	-1.55171199503829
GDNF	-1.55235227924238
PTH2R	-1.55259986052722
PCDHA5	-1.55292799415281
RPL10L	-1.55305274224622
SRI	-1.55366944618143
NEK2P4	-1.55622972000114
DSCC1	-1.55632177275344
CHAF1A	-1.55735575993994
COPS2	-1.55818517928654
TMEM237	-1.5585430533551
CCT8P1	-1.55900491056458
WDR82	-1.55901617762724
NCAPD3	-1.55951992240024
SORCS2	-1.56055414497132
BAHCC1	-1.5609639482292
PLEKHH1	-1.561200829331
IDE	-1.56141031866602
TECPR2	-1.56284751395605
RPS29	-1.56319688661074
SDE2	-1.56350533378027
GMCL1	-1.56467343004718
AKT1	-1.56554077946146
RPP14	-1.56621266782104
CYCS	-1.56621756921472
ST8SIA6	-1.56909180220558
SOS1	-1.56966429218672
NSMAF	-1.57086400191369
CDK7	-1.57295455674681
NOM1	-1.57324327692004
AXIN2	-1.57354039460047
FRG1GP	-1.57365066825195
DUT	-1.57464790650237
KDM7A	-1.57488546832074
RP2	-1.57529255086311
DR1	-1.57558947681527
EVA1B	-1.57594749103669
SLC24A2	-1.57779402857195
MID1	-1.57793241494489
SCRN1	-1.57820841756782
SPTSSA	-1.58062294156554
ZNF665	-1.58086657216262
PEDS1-UBE2V1	-1.58148296145316
NUP58	-1.58150631874537
MMP25	-1.5832789642272
USO1	-1.58428929488729
USP28	-1.5850787245869
E2F1	-1.58516423923837
HSDL2	-1.58609591362432
ZNF85	-1.58699422452993
HELZ	-1.58699819017597
MRPL18	-1.588081599105
PDGFC	-1.58859866197345
MT1JP	-1.58911332739324
RAB5A	-1.58923651382556
CAAP1	-1.59378336036689
TMEM170A	-1.59398539034315
GNG11	-1.59432485277742
ACOT8	-1.59445031237624
MICB	-1.59490453294952
OSBPL10	-1.59548824324103
VSTM2B	-1.59896572005996
CXorf38	-1.59979933278081
PRELID3B	-1.60096783838322
PI4KAP1	-1.60107183111369
GALNT17	-1.60147309378217
ASXL2	-1.60336085317457
MT1H	-1.60393328443872
MASTL	-1.60460917493693
ADAMTS16	-1.6049030622804
SFT2D1	-1.60739927864262
GAB1	-1.60915045769326
MTMR9	-1.61026232319514
FOXN3	-1.61087794311891
XKR9	-1.61141362367682
TRIB1	-1.61165966765389
SORT1	-1.61176697588508
PIWIL3	-1.61184607923817
IFITM3	-1.61265684982332
GCLC	-1.61345315310006
ADD1	-1.6142842559752
RYR2	-1.61596867972719
ARHGEF18	-1.61669331621241
UBE2N	-1.61699283960698
ZNF600	-1.61932843156781
INAFM2	-1.61939400032633
ZSCAN1	-1.62039231779118
FOXO4	-1.62082650994281
EIF2B5	-1.6212394054311
ZIC3	-1.62128767811657
WNT5B	-1.62161713659276
ARSL	-1.62366933144334
RIF1	-1.62447062223027
PXK	-1.62452942447608
PPP1R14B	-1.62601782842402
INPP5F	-1.62609694353371
METTL18	-1.62661856272506
FRG1CP	-1.62766384077325
FOXO3	-1.62781144408429
MT1M	-1.62839720345652
SELENOW	-1.63133786253998
RALA	-1.63406669220949
TSC22D2	-1.63459802470362
RPS21	-1.63556996181474
F12	-1.63609454396179
NSG1	-1.63656918879053
FBLN5	-1.63717593725373
PPP4R4	-1.64075111705928
SIX4	-1.64191259260708
ZNF516	-1.64251018411323
SLC25A14	-1.64375136291819
TES	-1.64409006335453
AMFR	-1.64515776461849
ZNF701	-1.6455742864705
CD2AP	-1.64901769598728
PAICSP7	-1.65072844567784
FYTTD1	-1.65120876578376
H2BC21	-1.6514358354192
MGLL	-1.65240174229063
TBC1D1	-1.65294487039237
ALDH3A2	-1.65344022219175
SUCLG1	-1.65580556805331
AP1S3	-1.65668683852961
NMD3	-1.65673646033331
EPB41L3	-1.6573431189955
LNPK	-1.65802856147545
MEF2A	-1.65836117990264
TTC27	-1.65941745990687
PRIMPOL	-1.65970470510934
CDKN3	-1.65999976076239
RMND5B	-1.66024551064799
MLXIP	-1.66075691490353
SLC35A5	-1.66148023126838
MAD2L2	-1.6642516627406
HMGB3	-1.6643118748729
ADCY5	-1.66611727467504
CSRNP3	-1.66638707711805
CDCA7	-1.66640544204644
EIF2AK4	-1.66677310313427
GTF2H4	-1.66707148455021
DPY19L2P1	-1.66721120952237
HTT	-1.66727508268471
PHKA1	-1.66764409520413
AHCYL1	-1.66796129908156
ARFGEF3	-1.6681407816519
RPL23AP87	-1.66886661029313
AMOTL1	-1.66903116304801
PRAC1	-1.66939054034024
KIF5C	-1.67030334992763
AGAP1	-1.67266075589396
LRRC3B	-1.67479852989885
ATP13A3	-1.6752352584193
UBE2T	-1.67605345896604
FUNDC2	-1.67625126701942
FAM120A	-1.67844637941871
BPNT1	-1.6789750376689
IRGM	-1.68141507632609
SCGB2B2	-1.68143237943092
PGGT1B	-1.68201183495807
RADIL	-1.68388124709985
AFAP1	-1.68411855977346
MAPK9	-1.68514855227545
HLA-K	-1.6854193956458
UBE2W	-1.68570656137312
SULT1C4	-1.68622138974786
KLHL7	-1.68653658249435
ZNF791	-1.68920061716848
CR1L	-1.69020006419845
RTL8B	-1.6917164127142
NDUFB5	-1.69193290961265
LINC00869	-1.69427445119433
UBN2	-1.69478020978498
OR1G1	-1.69527221383675
FA2H	-1.69561616271319
MAP1LC3B	-1.7000139047938
SPEGNB	-1.70251870541333
PAPSS2	-1.70331687294708
COL4A2	-1.70454097578301
CDC40	-1.70458955113537
HCN2	-1.70573513572214
PPTC7	-1.70605063054929
MT1E	-1.70712042948399
BAIAP3	-1.7074237564544
RNF145	-1.70780978951535
ZNF880	-1.7082200321103
SDHA	-1.71008796765812
KNL1	-1.7101053252796
GDE1	-1.7117120162143
PKIA	-1.7130116765383
CECR2	-1.71326271816022
ZNF28	-1.71443866766426
PPHLN1	-1.71494402325308
RLIM	-1.71852030846283
SPINK5	-1.71900351210489
ERBB3	-1.71957885931046
MBP	-1.72203593032499
CTCFL	-1.72211515742363
ARHGEF12	-1.72569481556846
AP4E1	-1.72646502073243
PHF10	-1.72889363114397
MOB1A	-1.72975640090789
BNIP1	-1.73174575319413
SKOR2	-1.73454253979199
DOK6	-1.73454929850597
FCHO2	-1.73551828493278
SPSB4	-1.73560960857123
RNF38	-1.73564939577677
CNTFR	-1.73971410220607
C17orf58	-1.74070328127343
TOMM70	-1.74296918752003
MAPRE3	-1.74866134893896
IGF2	-1.74909077354497
FAM169A	-1.7496460811863
U2AF1	-1.75000104700187
ZNF257	-1.75136865105467
UBE3C	-1.75232735449004
NBL1	-1.75272646564278
PLAAT3	-1.75743494264501
IRX4	-1.7623677813378
H2BC15	-1.76336976508531
RAI1	-1.76437638043545
ZNF91	-1.76505689834392
TUBB6	-1.76643188804372
BCL11B	-1.76762792544085
SNRPC	-1.76854569862139
ARRB1	-1.76982304527313
FBLN1	-1.7704349758779
CCNA1	-1.77297301943094
HMGN4	-1.77301608610848
RPS3	-1.77329689469425
LPIN1	-1.7765187356535
GOLGA7	-1.77806307241457
SLC6A6	-1.77896846203727
ARID5A	-1.77900913073468
TLE2	-1.7791714637794
MRPS16	-1.7821365048937
ARHGEF34P	-1.78233934245476
LRP4	-1.78404102146092
TC2N	-1.7847614109172
SYNE2	-1.78484204194713
TEX56P	-1.78500917145472
MTMR6	-1.78880385196701
COMMD10	-1.790891650458
SLCO4C1	-1.79093641970902
G3BP2	-1.79119110235721
MIR3171HG	-1.79184789384582
AGBL4	-1.79233631793589
USP32	-1.79493099516828
MCL1	-1.79583165165764
SDCBP	-1.79629453601854
ZNF208	-1.7976390352152
TIMM17A	-1.79872514855604
NIN	-1.80030612659207
C8orf33	-1.80425377556081
SP8	-1.80445896509559
LPAR6	-1.80492331314309
CRNKL1	-1.8062048568226
SPATA20	-1.81007995185455
BICD2	-1.81140200341734
NUDT8	-1.81376925356999
B4GALT6	-1.8182703855619
DBNDD2	-1.81868932013466
PCNA	-1.8191824937451
LMO4	-1.82251224592975
BMP1	-1.82256504572189
PRR11	-1.82316920764957
PMEPA1	-1.82447870273217
RFC2	-1.83020149456559
PSD3	-1.83095503209686
NIPA1	-1.8325434894743
ZNF493	-1.83363893348452
TLL2	-1.83520980682433
RRAGD	-1.84070516751577
CS	-1.84107734181132
CXCL12	-1.841721775604
PCDHA13	-1.84308437852589
FZD3	-1.84318297946032
SEMA3C	-1.84415090000231
CABP1	-1.84444304734935
PRKAR2B	-1.84729406986699
PTCH1	-1.84787418077939
ATXN1	-1.84880857107857
B3GNT5	-1.85333437868654
SPTLC2	-1.8554308544806
URB1	-1.85717718011639
PCDHB18P	-1.85721170160638
SAPCD2	-1.85778265542075
SNCAIP	-1.85805704983161
PROS1	-1.85972103337769
SLC17A6	-1.86302331946792
NANOGP1	-1.86386856190417
UBL3	-1.86408147900268
GSE1	-1.86511648811486
GLDC	-1.86593405009813
RALBP1	-1.86700241283249
TENT4B	-1.86929886646141
PITPNB	-1.86995163553036
AKAP7	-1.87007908363673
CCP110	-1.87055798076895
LIAT1	-1.8709393530819
TCP1	-1.87112274120281
ARPP19	-1.8752575264639
RHBDF1	-1.87594093338627
PLOD2	-1.87729564366595
NR3C1	-1.87897571243233
SPIN1	-1.88059871564079
OSBPL8	-1.88191155561017
MPC1	-1.88294531462767
NETO1	-1.88339252141289
ONECUT1	-1.88517330154287
UBE2G1	-1.88624603013811
PITPNM2	-1.88877164892033
CENPU	-1.89195634061606
USP7	-1.89314424368639
KRAS	-1.89359987655983
UQCRFS1	-1.89391896708267
ATP11B	-1.89486734914741
ASRGL1	-1.89757326391928
PTPRU	-1.89759242877003
ZNF101	-1.8998422189108
CRYGEP	-1.90008948524815
JPT1	-1.90146102871951
NEFL	-1.90332430983679
SDHD	-1.9049718712433
PPP1R11	-1.90603378734008
PPM1K	-1.90671098632922
RAG1	-1.91134772660761
PRDM14	-1.91385431288976
SOX14	-1.91471470146596
TFAP2C	-1.91636010663551
MLLT11	-1.91735882963285
WDR87BP	-1.91885555831372
PRRX2	-1.92053971166646
FLRT1	-1.92145387517345
PLEKHB2	-1.92363038253274
PCDHA2	-1.92476899599095
PRDM9	-1.92692533672821
STOX2	-1.92995140319493
TSPAN18	-1.93107450452226
VIT	-1.93188138718936
PINK1	-1.9323956426506
SAV1	-1.93273630851883
AR	-1.9341091113061
PLEKHA8	-1.93487717944497
GUCY2C	-1.93589526505186
FMO5	-1.93836967469153
RGS17	-1.93963661421011
CCL28	-1.94097363126142
DCP2	-1.94157389582421
PATJ	-1.94287589103002
EXPH5	-1.94386272180238
CTNNAL1	-1.94516277134516
ST13P2	-1.94771601192854
ECT2	-1.94795763883248
VTA1	-1.95048056857705
PDCD2	-1.95106592326997
LHX4	-1.95127382946472
TLE1	-1.95289972134132
RALYL	-1.95334757167684
OVOL1	-1.95477129104144
KATNA1	-1.95589910915718
SHC3	-1.95792849105571
DNAJA2	-1.96074085191294
TPD52	-1.96126671424504
CRYBG3	-1.96273213876761
MB21D2	-1.96354833315584
ATP1B1	-1.96386909484944
LRSAM1	-1.96429604513992
CCDC50	-1.96531649246643
ZNF395	-1.96647419331084
CCDC169	-1.96910984978957
PDLIM1	-1.96985428877867
BHLHE23	-1.97012077009246
PAK2	-1.97057181022297
UNC5B	-1.9710371605552
UBA1	-1.97192784811725
CDRT15P3	-1.9759262957411
GPAT2P1	-1.97635155447992
DLAT	-1.97986384589068
NAP1L6P	-1.9828910865241
SMARCD2	-1.98298262908344
DPPA3	-1.98703234706201
ITGA9	-1.99530317020279
EXOC2	-2.00344816406176
RUNX1T1	-2.00909827264149
IPO7	-2.01007046923791
DOCK4	-2.01938210135712
CCND2	-2.0221607188373
MAP4K3	-2.02241128964118
L2HGDH	-2.02350688709089
BIRC5	-2.02829212690613
RGS10	-2.03166172246537
LAPTM4B	-2.03204023465035
DST	-2.03233951011428
LDHA	-2.03238426557558
SVOPL	-2.03451032858339
PTPN9	-2.03641414276915
SEC14L1	-2.03687846770689
ACP3	-2.03711391657241
BOD1L1	-2.03757208535012
GNAQ	-2.03916186250465
TRPS1	-2.04084246072651
MTMR10	-2.04128833919486
ELAVL2	-2.04142082833919
MAEL	-2.04299955375771
ZNF808	-2.04391998395783
ANKH	-2.04397186326726
GOLGA4	-2.04830237538854
MICE	-2.05311240986701
RPL39L	-2.05454401222474
SPIRE1	-2.05482535018782
CERCAM	-2.06143437642808
SOX4	-2.0615577043208
NLRP12	-2.06389088327566
BMS1P10	-2.06665918527925
AUH	-2.06693414416299
CLN8	-2.0673257177055
PCDHA4	-2.06850502492031
REEP5	-2.06970715662727
AGO1	-2.07297868924145
VPS37B	-2.07310078782079
GDF7	-2.07482947438739
ZBTB44	-2.0767133109848
TMEM184B	-2.08575333789079
EGFLAM	-2.0884519119923
RPS27A	-2.08848275703636
ZNF254	-2.09067805383612
H2AJ	-2.09341609242659
INA	-2.09411770855301
PRKCI	-2.09507842123231
MT1L	-2.09645481003293
RAB3IP	-2.09761767784796
CCND1	-2.09864365022982
CERT1	-2.09925993881611
RIPK4	-2.10632893949225
ITGB1	-2.10714879904335
PGPEP1	-2.10735305031735
NDUFV1	-2.11047315925708
GPR37	-2.11064939264698
PPM1A	-2.11314841329806
BCL2L13	-2.11435110677405
ZNF100	-2.11629762904681
SRPK1	-2.1170577699085
LNX1	-2.11737385219681
TSTD1	-2.11847080778351
NUDT4	-2.11936519634502
ARHGEF5	-2.11972160721802
SCN9A	-2.1199996714387
RICTOR	-2.12208554216254
NT5C2	-2.12250515897763
GNB4	-2.12386684302177
SEC22B	-2.12495097959497
YEATS4	-2.12592257220697
PDHB	-2.12670951400351
FOXH1	-2.13179606381852
CA8	-2.1338796092591
AFG3L2	-2.13472042210122
POLD2	-2.13801028954622
GRID2	-2.13902284516135
NFATC1	-2.14130553080992
TRIML2	-2.14315731948184
C2CD5	-2.14844658975394
KCNAB1	-2.14916636086194
PAK1	-2.15561530853454
FOXD3	-2.15659619260879
TMEM191B	-2.16045588272224
PRKCA	-2.16057051463762
ARHGAP42	-2.16113748990929
CISD1	-2.16200132742937
PRDX6	-2.16706878983326
SFMBT2	-2.17045550973926
GALNT10	-2.17128749338915
PCDHB5	-2.17169016056189
DPM1	-2.17214725591532
JARID2	-2.17734004910412
NDUFA5	-2.18156835227695
BMP7	-2.18494541214869
SCG3	-2.18572743896479
HOOK3	-2.18813573872692
SEPTIN5	-2.18877161538224
TET1	-2.18996522127316
AFAP1L1	-2.19058857139726
ITGB1P1	-2.19270078236506
KCNJ5-AS1	-2.19606452476293
FGF19	-2.20163146069833
RESF1	-2.20660488649993
TOMM7	-2.21124083375885
RAP1GAP2	-2.21137616821812
RFX1	-2.21153081519638
ZNF626	-2.21493686623351
FAM120A2P	-2.21553349323835
SPRED2	-2.21696735838051
KIAA1217	-2.21785542137803
SMAD7	-2.22055190451852
VPS28	-2.22397103212131
CRYGFP	-2.23058399380264
ZBTB3	-2.23163389709666
CKB	-2.23323945898143
BMPR2	-2.24621140499085
MPPE1	-2.24955278818618
ABLIM1	-2.25544048623614
MXRA5	-2.25707052577091
BMPR1A	-2.25889377930428
MKRN1	-2.25967044588039
REEP4	-2.26364474591728
METTL27	-2.26448169342148
PKIB	-2.26984601030371
RGS14	-2.27018232967946
TMOD3	-2.27759325478857
ARL5B	-2.27796630463641
ARHGEF10	-2.28045852994862
FAM124A	-2.28113485714918
PYGL	-2.28191958487103
GPC6	-2.28402697293019
DND1	-2.28652571679832
IQGAP2	-2.29152802582016
MAGEB2	-2.30184944567253
MYL12B	-2.30187119966334
AKIRIN1	-2.3021788579675
GLS	-2.30296050413481
UBASH3B	-2.30578753473531
FAT3	-2.30655090538597
UTRN	-2.30762810962754
MAPKAP1	-2.30782288410961
ICAM3	-2.30813326379598
ZNF137P	-2.31170862232516
CATSPERZ	-2.31634744206925
MAFA	-2.32115329176594
MDN1	-2.32189474593816
HSP90AB2P	-2.32395556488152
TNS3	-2.33395240325113
NAMPTP1	-2.33654642865312
ACOX1	-2.3380291623565
PCDHGB4	-2.33835831481584
MECOM	-2.3392141711322
SORBS1	-2.34221258752501
MNAT1	-2.34370514186748
TWIST2	-2.34602781427583
EEIG2	-2.34856793612147
OR3A2	-2.3504456176018
MYSM1	-2.35549421349523
KPNA1	-2.35597613622179
LRRK1	-2.36046369075836
ITM2A	-2.36202551423677
PHLPP2	-2.36383795123361
MT1F	-2.36967427554346
FAM20C	-2.37174478376416
MAD2L1	-2.38321117761175
FAM83F	-2.38342437290905
SMC2	-2.39288891026086
SEPTIN11	-2.4004369614483
DPPA4	-2.4015437528475
LRRC47	-2.4066871348554
LPAR3	-2.4219352284954
TRIM25	-2.42236847237202
VSNL1	-2.42949766797889
CIBAR1	-2.43132138582693
ALDH1A3	-2.43182987492827
AQR	-2.43383057458301
ZNF682	-2.43724427230194
PMAIP1	-2.43769505773429
EPB41L2	-2.44549029246449
RASL11B	-2.44632269487574
IL34	-2.44680793182703
SPTBN1	-2.45097366221978
UCKL1	-2.45225739262384
MT1G	-2.45555311156916
GCNT2	-2.45663600559199
IL17RD	-2.45917615293856
RIGI	-2.45968054973992
DSP	-2.45969249555085
TRDMT1	-2.46163276047557
SFT2D2	-2.46416196744495
ELK3	-2.46537113516822
MYC	-2.4678209418857
HLA-F	-2.47063771164692
VAMP8	-2.47549304352451
CCDC8	-2.47804703198603
AGL	-2.4913577526459
ITGB4	-2.49199674865131
CDK14	-2.49395007985239
AP2A2	-2.49519111158323
SEPTIN6	-2.49769040447876
RNH1	-2.50305013916146
DTD1	-2.50766800562187
COL11A2	-2.51336246144147
TAOK3	-2.51767379124448
ATP11A	-2.51790144743281
ECPAS	-2.51822418655057
C4orf51	-2.52188237520436
TLE7	-2.52232984278824
MLEC	-2.5342480948335
ETV5	-2.54046685860797
SRGAP2D	-2.56904661949531
UGCG	-2.57162521854219
GTF2IP4	-2.57301956434718
TBX1	-2.57920890628946
MDM2	-2.59062979903136
ZNF844	-2.59114022064783
RBMS3	-2.59313656171546
SERPINB5	-2.59334237722555
GPR160	-2.59601756637976
SLC16A10	-2.59852720347746
RND3	-2.60355661622935
ZNF528	-2.60866038391789
PRAC2	-2.61228400056304
SCARA3	-2.61584606327979
RNF187	-2.61778820924067
POLR3G	-2.6181537483222
SPRY1	-2.62527485697521
TBCA	-2.62942472790162
PGM1	-2.62952867764857
RBP1	-2.63505436907321
GCC2	-2.63859216724139
F2RL1	-2.65148841943935
ENSA	-2.65300847765881
NEK3	-2.66460829217248
NETO2	-2.66511093843126
BAZ1A	-2.66751017574377
THBS2	-2.66882587243466
CGNL1	-2.67280594045109
ZNF770	-2.67620895703126
SOCS2	-2.67859510761886
OAT	-2.68379146886296
LURAP1L	-2.69178021965104
CPO	-2.69341968374083
VENTX	-2.69531580488948
MAML2	-2.71390335694427
TSPAN13	-2.71557964332842
ARFGEF1	-2.71720752744932
ERCC5	-2.72667381163565
TDRD1	-2.72724202469562
IPMK	-2.73234165220313
ZNF525	-2.74201486152871
CHMP4C	-2.74880862920214
ZNF850	-2.74904589075903
RRM2B	-2.74978194207396
SGK1	-2.75550356343952
MYO5A	-2.761806291251
SNX9	-2.77448468672678
SKIL	-2.78578343063078
IQSEC2	-2.78734741296432
TNRC18	-2.79004172505681
PAX7	-2.79073226858993
KRT18	-2.79854577657642
SETD4	-2.79857853896293
F11	-2.8082840254338
SCD5	-2.81289667699474
RB1	-2.81778157823181
FSCN1	-2.82788384830738
SLCO5A1	-2.84053954366099
FGF4	-2.84192522354052
TRIM27	-2.85835022539878
RBPJ	-2.85984110782948
FERMT1	-2.87272371432241
ATP2A3	-2.89442845370017
KITLG	-2.89754042431284
TMEM200B	-2.90713463465687
CPT1A	-2.91167048557108
IKBKGP1	-2.912530382076
DNAJB6	-2.91272586267756
ZNF560	-2.94333919008334
RTP1	-2.94603182704751
CD9	-2.95673645342518
AGMO	-2.96408486712852
CALB1	-2.97075873900726
DEPTOR	-2.97238918743052
SMIM41	-2.97309784906832
ZNF878	-2.99074296371007
AK3	-2.99132185153296
HELLS	-2.99477899077261
TBCD	-3.01221922361898
MRS2	-3.02237081905194
ZNF578	-3.02336514420752
ZSCAN2	-3.03706512786854
DPPA2	-3.04940844599149
NBPF26	-3.0536567293578
TRHDE	-3.05915577713828
PHLDB2	-3.06603068502986
PGM2L1	-3.07137700529315
ITPA	-3.07250060555255
KRT8	-3.09177994750424
PDK3	-3.09542557898959
ZNF677	-3.0973432664551
NOTCH2NLR	-3.10253737986634
RNF125	-3.11238693490211
EDIL3	-3.12031937233357
ZXDA	-3.12108679015449
ETV4	-3.149485959303
VASH2	-3.17127441487424
CBR1	-3.17954143740939
FRMPD4	-3.17976668332913
KAT7	-3.1899871509021
FAM210B	-3.20905044982614
ZNF90	-3.2094533573699
AK4	-3.21377991594004
NKX1-2	-3.21993616199078
LTBP1	-3.22530180262121
HLA-G	-3.22624940155486
CEBPZOS	-3.22913779776646
HBE1	-3.23309844568945
MT1X	-3.23643177647927
FOXP4	-3.24731808774133
LTV1	-3.25695078646406
RBM47	-3.25706840596622
ZNF398	-3.26423904675725
MTND4P12	-3.29142193024267
PIM2	-3.29195487002797
OC90	-3.29581625622847
HHLA1	-3.29614850165035
NANOG	-3.30922113619331
HIP1R	-3.34603846269589
SPART	-3.35224282821544
GDA	-3.35960876713252
AJAP1	-3.37061025349606
CHST8	-3.37302017763521
UTF1	-3.3977536445371
GLB1L3	-3.41853882239651
AFF1	-3.42243531201483
NR5A2	-3.43614717525659
FBN2	-3.44201936695485
LRFN5	-3.44945103585475
RING1	-3.49019485972023
SATB2	-3.49644635248051
SPRY4	-3.50056860920301
ZNF728	-3.5186417590553
PLP1	-3.60461312757549
SEMA6A	-3.62257720316759
CAPG	-3.64468853161569
MRPL23	-3.6554577726013
SCGB3A2	-3.70861772381569
TUBBP5	-3.71465151091455
SPRY2	-3.75493986210593
GNA14	-3.76292518662722
PAX5	-3.8090247420607
MEST	-3.82253506276264
HLA-A	-3.84701386129859
ROR2	-3.86531531516018
FN1	-3.87645453228123
INSM1	-4.07286966350017
P2RY1	-4.13743245255578
TMT1A	-4.41262345301268
DDR1	-4.83471926773636
